{"type":"FeatureCollection","features":[{"type":"Feature","properties":{"id":"8666ec00d3","n":"SEC Data Center","o":"Southern Edge Connect Data Centers","city":"Anniston","st":"AL","mkt":"Anniston","s":"Active","raw":"Active","p":"city"},"geometry":{"type":"Point","coordinates":[-85.82832,33.66248]}},{"type":"Feature","properties":{"id":"8dd6d47d0a","n":"AUBix Data Center","o":"AUBix LLC","city":"Auburn","st":"AL","mkt":"Auburn","s":"Active","raw":"Active","p":"city"},"geometry":{"type":"Point","coordinates":[-85.48078,32.60986]}},{"type":"Feature","properties":{"id":"c18bf475c8","n":"Core Scientific Auburn","o":"Core Scientific","city":"Auburn","st":"AL","mkt":"Auburn","s":"Active","raw":"Active","p":"city"},"geometry":{"type":"Point","coordinates":[-85.48078,32.60986]}},{"type":"Feature","properties":{"id":"5653c3b12f","n":"DC BLOX Birmingham","o":"DC BLOX Inc.","city":"Birmingham","st":"AL","mkt":"Birmingham","s":"Active","raw":"Active","p":"census"},"geometry":{"type":"Point","coordinates":[-86.82229,33.50145]}},{"type":"Feature","properties":{"id":"cdf4f3416f","n":"Lumen Birmingham 1","o":"Lumen","city":"Birmingham","st":"AL","mkt":"Birmingham","s":"Active","raw":"Active","p":"census"},"geometry":{"type":"Point","coordinates":[-86.80971,33.51966]}},{"type":"Feature","properties":{"id":"1b4739e062","n":"Lumen Birmingham 2","o":"Lumen","city":"Birmingham","st":"AL","mkt":"Birmingham","s":"Active","raw":"Active","p":"city"},"geometry":{"type":"Point","coordinates":[-86.80243,33.52068]}},{"type":"Feature","properties":{"id":"acbcd1c0a7","n":"Nebius Birmingham BHM01","o":"Nebius","city":"Birmingham","st":"AL","mkt":"Birmingham","s":"Active","raw":"Active","p":"census"},"geometry":{"type":"Point","coordinates":[-86.8852,33.42911]}},{"type":"Feature","properties":{"id":"e39d355a83","n":"Patmos Fairfield","o":"Patmos Hosting, Inc.","city":"Fairfield","st":"AL","mkt":"Birmingham","s":"Active","raw":"Active","p":"city","np":1},"geometry":{"type":"Point","coordinates":[-86.91503,33.49168]}},{"type":"Feature","properties":{"id":"60867e195a","n":"QTS Bessemer Campus (DC1-DC18)","o":"QTS Data Centers","city":"Bessemer","st":"AL","mkt":"Birmingham","s":"Expanding","raw":"Active/Expanding","p":"city"},"geometry":{"type":"Point","coordinates":[-86.95444,33.40178]}},{"type":"Feature","properties":{"id":"3c2a0aee51","n":"Southern Telecom Birmingham","o":"Southern Telecom","city":"Birmingham","st":"AL","mkt":"Birmingham","s":"Active","raw":"Active","p":"census"},"geometry":{"type":"Point","coordinates":[-86.81187,33.51791]}},{"type":"Feature","properties":{"id":"8a9103e1b0","n":"USDC Columbiana","o":"US Data Centers, Inc.","city":"Columbiana","st":"AL","mkt":"Birmingham","s":"Active","raw":"Active","p":"census"},"geometry":{"type":"Point","coordinates":[-86.61848,33.18279]}},{"type":"Feature","properties":{"id":"5dcdd9ac3d","n":"Google Jackson County Data Center Campus","o":"Google","city":"Bridgeport","st":"AL","mkt":"Bridgeport","s":"Expanding","raw":"Active/Expanding","p":"city"},"geometry":{"type":"Point","coordinates":[-85.71719,34.94752]}},{"type":"Feature","properties":{"id":"c26b9612c4","n":"DC BLOX Huntsville","o":"DC BLOX Inc.","city":"Huntsville","st":"AL","mkt":"Huntsville","s":"Active","raw":"Active","p":"census"},"geometry":{"type":"Point","coordinates":[-86.69214,34.70946]}},{"type":"Feature","properties":{"id":"fda618c8e5","n":"Meta Huntsville Campus (Buildings 1-5)","o":"Meta","city":"Huntsville","st":"AL","mkt":"Huntsville","s":"Expanding","raw":"Active/Expanding","p":"census"},"geometry":{"type":"Point","coordinates":[-86.63384,34.84096]}},{"type":"Feature","properties":{"id":"c3f44b51fb","n":"Scipio Technologies Huntsville","o":"Scipio Technologies","city":"Huntsville","st":"AL","mkt":"Huntsville","s":"Active","raw":"Active","p":"census"},"geometry":{"type":"Point","coordinates":[-86.59193,34.69992]}},{"type":"Feature","properties":{"id":"206eeee89f","n":"Simple Helix Data Center","o":"Simple Helix","city":"Huntsville","st":"AL","mkt":"Huntsville","s":"Active","raw":"Active","p":"census"},"geometry":{"type":"Point","coordinates":[-86.69177,34.74482]}},{"type":"Feature","properties":{"id":"1aba2a80a8","n":"Assurance Technology, LLP","o":"Assurance Technology, LLP","city":"Mobile","st":"AL","mkt":"Mobile","s":"Active","raw":"Active","p":"census"},"geometry":{"type":"Point","coordinates":[-88.11808,30.67554]}},{"type":"Feature","properties":{"id":"2a699de58e","n":"Calvert Infrastructure Hub","o":"Beacon AI Centers","city":"Mt Vernon","st":"AL","mkt":"Mobile","s":"Planned","raw":"Proposed/Active","p":"city"},"geometry":{"type":"Point","coordinates":[-88.01333,31.08518]}},{"type":"Feature","properties":{"id":"3e1d0da1bc","n":"Edged Prichard","o":"Edged Energy","city":"Prichard","st":"AL","mkt":"Mobile","s":"Active","raw":"Active","p":"census"},"geometry":{"type":"Point","coordinates":[-88.06572,30.7349]}},{"type":"Feature","properties":{"id":"a4c053eaf5","n":"Lumen Mobile 1","o":"Lumen","city":"Mobile","st":"AL","mkt":"Mobile","s":"Active","raw":"Active","p":"census"},"geometry":{"type":"Point","coordinates":[-88.04836,30.69084]}},{"type":"Feature","properties":{"id":"565e10d229","n":"Uniti Fiber Alabama Data Center","o":"Uniti Fiber","city":"Mobile","st":"AL","mkt":"Mobile","s":"Active","raw":"Active","p":"osm"},"geometry":{"type":"Point","coordinates":[-88.18013,30.70251]}},{"type":"Feature","properties":{"id":"59eca8856d","n":"Meta Montgomery Data Center","o":"Meta","city":"Montgomery","st":"AL","mkt":"Montgomery","s":"Expanding","raw":"Active/Under construction","p":"city","np":1},"geometry":{"type":"Point","coordinates":[-86.30908,32.37771]}},{"type":"Feature","properties":{"id":"5ec9276314","n":"Sparrow Technology Solutions","o":"Sparrow Technology Solutions, LLC","city":"Montgomery","st":"AL","mkt":"Montgomery","s":"Active","raw":"Active","p":"census"},"geometry":{"type":"Point","coordinates":[-86.26028,32.33777]}},{"type":"Feature","properties":{"id":"0d83d69ae1","n":"Alasconnect Anchorage Data Center","o":"Alasconnect","city":"Anchorage","st":"AK","mkt":"Anchorage","s":"Active","raw":"Active","p":"census"},"geometry":{"type":"Point","coordinates":[-149.91283,61.18937]}},{"type":"Feature","properties":{"id":"523a6c262c","n":"GCI Anchorage","o":"GCI Communication","city":"Anchorage","st":"AK","mkt":"Anchorage","s":"Active","raw":"Active","p":"census"},"geometry":{"type":"Point","coordinates":[-149.892,61.15882]}},{"type":"Feature","properties":{"id":"0538fd12ce","n":"Talkeetna Alaska Teleport","o":"Microcom Communications","city":"Talkeetna","st":"AK","mkt":"Anchorage","s":"Active","raw":"Active","p":"city"},"geometry":{"type":"Point","coordinates":[-150.11257,62.32348]}},{"type":"Feature","properties":{"id":"077d11bdd3","n":"Alasconnect Fairbanks Data Center","o":"Alasconnect","city":"Fairbanks","st":"AK","mkt":"Fairbanks","s":"Active","raw":"Active","p":"census"},"geometry":{"type":"Point","coordinates":[-147.71896,64.85142]}},{"type":"Feature","properties":{"id":"5d08f48c34","n":"Greensparc Petersburg","o":"Greensparc","city":"Petersburg","st":"AK","mkt":"Petersburg","s":"Active","raw":"Active","p":"city"},"geometry":{"type":"Point","coordinates":[-132.95723,56.81338]}},{"type":"Feature","properties":{"id":"3c81d7a49f","n":"Prudhoe Bay Data Center","o":"Far North Digital, LLC","city":"Prudhoe Bay","st":"AK","mkt":"Prudhoe Bay","s":"Active","raw":"Active","p":"city","np":1},"geometry":{"type":"Point","coordinates":[-148.39784,70.24501]}},{"type":"Feature","properties":{"id":"48569bc246","n":"STAK Energy North Slope","o":"STAK Energy","city":"Deadhorse","st":"AK","mkt":"Prudhoe Bay","s":"Planned","raw":"Proposed","p":"city"},"geometry":{"type":"Point","coordinates":[-148.46182,70.19995]}},{"type":"Feature","properties":{"id":"9380840847","n":"Greensparc Wrangell","o":"Greensparc","city":"Wrangell","st":"AK","mkt":"Wrangell","s":"Active","raw":"Active","p":"census"},"geometry":{"type":"Point","coordinates":[-132.3742,56.4651]}},{"type":"Feature","properties":{"id":"735dc400af","n":"365 Main Phoenix (PX1) / Zayo Phoenix DC","o":"365 Main / Zayo","city":"Phoenix","st":"AZ","mkt":"Phoenix","s":"Active","raw":"Active","p":"census"},"geometry":{"type":"Point","coordinates":[-112.07385,33.48409]}},{"type":"Feature","properties":{"id":"6e9a04756a","n":"5C Data Centers PHX01","o":"5C Data Centers","city":"Phoenix","st":"AZ","mkt":"Phoenix","s":"Active","raw":"Active","p":"city","np":1},"geometry":{"type":"Point","coordinates":[-112.07414,33.44844]}},{"type":"Feature","properties":{"id":"de2a3c11c9","n":"AWS Elliot Road Campus (Buildings 1-2)","o":"Amazon Web Services","city":"Mesa","st":"AZ","mkt":"Phoenix","s":"Building","raw":"Under construction","p":"city","np":1},"geometry":{"type":"Point","coordinates":[-111.83146,33.4151]}},{"type":"Feature","properties":{"id":"ce3c087d6a","n":"AWS Laveen Data Center","o":"Amazon Web Services","city":"Laveen / Phoenix","st":"AZ","mkt":"Phoenix","s":"Planned","raw":"Proposed","p":"city","np":1},"geometry":{"type":"Point","coordinates":[-112.15339,33.36188]}},{"type":"Feature","properties":{"id":"49c7b1046a","n":"AWS Pecos Road Campus / PHX065 (Buildings 1-2)","o":"Amazon Web Services","city":"Mesa","st":"AZ","mkt":"Phoenix","s":"Building","raw":"Under construction","p":"city","np":1},"geometry":{"type":"Point","coordinates":[-111.83146,33.4151]}},{"type":"Feature","properties":{"id":"3cb63f0dc6","n":"Aligned Data Centers Phoenix Campus (PHX01-03, 05, 06, Bldg C1)","o":"Aligned Data Centers","city":"Phoenix","st":"AZ","mkt":"Phoenix","s":"Expanding","raw":"Active/Expanding","p":"city","np":1},"geometry":{"type":"Point","coordinates":[-112.07414,33.44844]}},{"type":"Feature","properties":{"id":"ba4e8cf083","n":"American Express Information Processing Center","o":"American Express","city":"Phoenix","st":"AZ","mkt":"Phoenix","s":"Expanding","raw":"Active/Expanding","p":"census"},"geometry":{"type":"Point","coordinates":[-112.13114,33.66561]}},{"type":"Feature","properties":{"id":"d902b2d930","n":"Apple Mesa Global Data Command Center","o":"Apple","city":"Mesa","st":"AZ","mkt":"Phoenix","s":"Active","raw":"Active","p":"city","np":1},"geometry":{"type":"Point","coordinates":[-111.83146,33.4151]}},{"type":"Feature","properties":{"id":"c6b18e3055","n":"Centersquare PHX1","o":"Centersquare","city":"Phoenix","st":"AZ","mkt":"Phoenix","s":"Active","raw":"Active","p":"city","np":1},"geometry":{"type":"Point","coordinates":[-112.07414,33.44844]}},{"type":"Feature","properties":{"id":"fc1918bd25","n":"Centersquare PHX3","o":"Centersquare","city":"Phoenix","st":"AZ","mkt":"Phoenix","s":"Active","raw":"Active","p":"city","np":1},"geometry":{"type":"Point","coordinates":[-112.07414,33.44844]}},{"type":"Feature","properties":{"id":"d4942bbc3b","n":"CenturyLink/Lumen Phoenix DC #3","o":"Lumen (CenturyLink)","city":"Phoenix","st":"AZ","mkt":"Phoenix","s":"Active","raw":"Active","p":"census"},"geometry":{"type":"Point","coordinates":[-112.0477,33.44117]}},{"type":"Feature","properties":{"id":"4a4d01e2ec","n":"Charles Schwab Phoenix Data Center","o":"Charles Schwab","city":"Phoenix","st":"AZ","mkt":"Phoenix","s":"Active","raw":"Active","p":"city","np":1},"geometry":{"type":"Point","coordinates":[-112.07414,33.44844]}},{"type":"Feature","properties":{"id":"ad19face11","n":"Compass Datacenters Goodyear Campus","o":"Compass Datacenters","city":"Goodyear","st":"AZ","mkt":"Phoenix","s":"Expanding","raw":"Active/Expanding","p":"city","np":1},"geometry":{"type":"Point","coordinates":[-112.38535,33.46723]}},{"type":"Feature","properties":{"id":"3d2df59810","n":"CyrusOne Chandler Campus","o":"CyrusOne","city":"Chandler","st":"AZ","mkt":"Phoenix","s":"Active","raw":"Active","p":"osm"},"geometry":{"type":"Point","coordinates":[-111.882,33.26639]}},{"type":"Feature","properties":{"id":"a66b3351cd","n":"CyrusOne Mesa Data Center Campus","o":"CyrusOne","city":"Mesa","st":"AZ","mkt":"Phoenix","s":"Planned","raw":"Proposed","p":"city","np":1},"geometry":{"type":"Point","coordinates":[-111.83146,33.4151]}},{"type":"Feature","properties":{"id":"700c9b838f","n":"DataBank Phoenix Facility","o":"DataBank","city":"Phoenix","st":"AZ","mkt":"Phoenix","s":"Active","raw":"Active","p":"city","np":1},"geometry":{"type":"Point","coordinates":[-112.07414,33.44844]}},{"type":"Feature","properties":{"id":"1db66d198a","n":"Digital Realty Chandler (PHX15)","o":"Digital Realty","city":"Chandler","st":"AZ","mkt":"Phoenix","s":"Active","raw":"Active","p":"census"},"geometry":{"type":"Point","coordinates":[-111.88908,33.27456]}},{"type":"Feature","properties":{"id":"334a1a63d5","n":"Digital Realty PHX10","o":"Digital Realty","city":"Phoenix","st":"AZ","mkt":"Phoenix","s":"Active","raw":"Active","p":"city","np":1},"geometry":{"type":"Point","coordinates":[-112.07414,33.44844]}},{"type":"Feature","properties":{"id":"7caed3da0e","n":"EdgeConneX PHX01","o":"EdgeConneX","city":"Phoenix","st":"AZ","mkt":"Phoenix","s":"Active","raw":"Active","p":"city","np":1},"geometry":{"type":"Point","coordinates":[-112.07414,33.44844]}},{"type":"Feature","properties":{"id":"689b0cf736","n":"EdgeConneX PHX11","o":"EdgeConneX","city":"Phoenix metro","st":"AZ","mkt":"Phoenix","s":"Planned","raw":"Proposed","p":"market","np":1},"geometry":{"type":"Point","coordinates":[-112.07414,33.44844]}},{"type":"Feature","properties":{"id":"3cdc05f55e","n":"EdgeCore Mesa (PH03)","o":"EdgeCore","city":"Mesa","st":"AZ","mkt":"Phoenix","s":"Expanding","raw":"Active/Under construction","p":"city","np":1},"geometry":{"type":"Point","coordinates":[-111.83146,33.4151]}},{"type":"Feature","properties":{"id":"2c0064a880","n":"Edged Energy Mesa","o":"Edged Energy","city":"Mesa","st":"AZ","mkt":"Phoenix","s":"Active","raw":"Active","p":"city"},"geometry":{"type":"Point","coordinates":[-111.83146,33.4151]}},{"type":"Feature","properties":{"id":"ae456ef20c","n":"Flexential Deer Valley","o":"Flexential","city":"Phoenix","st":"AZ","mkt":"Phoenix","s":"Active","raw":"Active","p":"census"},"geometry":{"type":"Point","coordinates":[-112.0993,33.68391]}},{"type":"Feature","properties":{"id":"3604ef0b6d","n":"Fortescue Buckeye Data Center","o":"Fortescue","city":"Buckeye","st":"AZ","mkt":"Phoenix","s":"Planned","raw":"Proposed","p":"city","np":1},"geometry":{"type":"Point","coordinates":[-112.58378,33.37032]}},{"type":"Feature","properties":{"id":"58721f7912","n":"GoDaddy Phoenix Data Center","o":"GoDaddy","city":"Phoenix","st":"AZ","mkt":"Phoenix","s":"Active","raw":"Active","p":"city","np":1},"geometry":{"type":"Point","coordinates":[-112.07414,33.44844]}},{"type":"Feature","properties":{"id":"239c814857","n":"Google Mesa Data Center (Redhawk)","o":"Google","city":"Mesa","st":"AZ","mkt":"Phoenix","s":"Expanding","raw":"Active/Expanding","p":"census"},"geometry":{"type":"Point","coordinates":[-111.67058,33.35044]}},{"type":"Feature","properties":{"id":"ee41d661c6","n":"H5 Data Centers Phoenix","o":"H5 Data Centers","city":"Phoenix","st":"AZ","mkt":"Phoenix","s":"Active","raw":"Active","p":"city","np":1},"geometry":{"type":"Point","coordinates":[-112.07414,33.44844]}},{"type":"Feature","properties":{"id":"fb3fe3cc33","n":"Hassayampa Ranch Data Center","o":"Arizona Land Consulting","city":"Phoenix area","st":"AZ","mkt":"Phoenix","s":"Planned","raw":"Proposed","p":"city","np":1},"geometry":{"type":"Point","coordinates":[-112.07414,33.44844]}},{"type":"Feature","properties":{"id":"0dccd55d72","n":"Huntley Page Data Center","o":"Huntley LLC","city":"Phoenix area","st":"AZ","mkt":"Phoenix","s":"Planned","raw":"Proposed","p":"city","np":1},"geometry":{"type":"Point","coordinates":[-112.07414,33.44844]}},{"type":"Feature","properties":{"id":"367f973301","n":"INAP Phoenix (PHX004)","o":"INAP","city":"Chandler","st":"AZ","mkt":"Phoenix","s":"Active","raw":"Active","p":"census"},"geometry":{"type":"Point","coordinates":[-111.88908,33.27456]}},{"type":"Feature","properties":{"id":"30172f220c","n":"Iron Mountain Phoenix (AZP-2)","o":"Iron Mountain","city":"Phoenix","st":"AZ","mkt":"Phoenix","s":"Active","raw":"Active","p":"city","np":1},"geometry":{"type":"Point","coordinates":[-112.07414,33.44844]}},{"type":"Feature","properties":{"id":"b4529fc7f4","n":"Meta Mesa Data Center","o":"Meta","city":"Mesa","st":"AZ","mkt":"Phoenix","s":"Expanding","raw":"Active/Expanding","p":"city"},"geometry":{"type":"Point","coordinates":[-111.83146,33.4151]}},{"type":"Feature","properties":{"id":"4658ac0d09","n":"Microsoft PHX-72","o":"Microsoft","city":"Phoenix area","st":"AZ","mkt":"Phoenix","s":"Building","raw":"Under construction (2026)","p":"city","np":1},"geometry":{"type":"Point","coordinates":[-112.07414,33.44844]}},{"type":"Feature","properties":{"id":"0cea49b163","n":"Microsoft PHX-82","o":"Microsoft","city":"Phoenix area","st":"AZ","mkt":"Phoenix","s":"Building","raw":"Under construction (2026)","p":"city","np":1},"geometry":{"type":"Point","coordinates":[-112.07414,33.44844]}},{"type":"Feature","properties":{"id":"e606bb44ad","n":"Microsoft West US 3 (El Mirage & Goodyear Campus)","o":"Microsoft","city":"El Mirage / Goodyear","st":"AZ","mkt":"Phoenix","s":"Expanding","raw":"Active/Expanding","p":"city","np":1},"geometry":{"type":"Point","coordinates":[-112.32449,33.61303]}},{"type":"Feature","properties":{"id":"c414de488e","n":"NFINIT Phoenix Van Buren (VBDC) / SunGard Phoenix","o":"NFINIT / SunGard","city":"Phoenix","st":"AZ","mkt":"Phoenix","s":"Active","raw":"Active","p":"census"},"geometry":{"type":"Point","coordinates":[-112.07224,33.45146]}},{"type":"Feature","properties":{"id":"bbc9b8dbca","n":"NTT Mesa (Elliot Road Campus)","o":"NTT Global Data Centers","city":"Mesa","st":"AZ","mkt":"Phoenix","s":"Active","raw":"Active","p":"city","np":1},"geometry":{"type":"Point","coordinates":[-111.83146,33.4151]}},{"type":"Feature","properties":{"id":"910bb84216","n":"NTT Mesa (Pecos & Crismon Campus)","o":"NTT Global Data Centers","city":"Mesa","st":"AZ","mkt":"Phoenix","s":"Expanding","raw":"Active/Expanding","p":"city","np":1},"geometry":{"type":"Point","coordinates":[-111.83146,33.4151]}},{"type":"Feature","properties":{"id":"42b6ea8419","n":"Novva Data Centers Mesa Campus","o":"Novva","city":"Mesa","st":"AZ","mkt":"Phoenix","s":"Expanding","raw":"Active/Expanding","p":"census"},"geometry":{"type":"Point","coordinates":[-111.63558,33.33567]}},{"type":"Feature","properties":{"id":"21b94f858b","n":"PhoenixNAP / Colo@ / Liquid Web Arizona DC","o":"PhoenixNAP / Colo@ / Liquid Web","city":"Phoenix","st":"AZ","mkt":"Phoenix","s":"Active","raw":"Active","p":"census"},"geometry":{"type":"Point","coordinates":[-112.0075,33.41668]}},{"type":"Feature","properties":{"id":"8c54cdb0f3","n":"Prime Data Centers Phoenix Campus","o":"Prime Data Centers","city":"Avondale","st":"AZ","mkt":"Phoenix","s":"Expanding","raw":"Active/Expanding","p":"city","np":1},"geometry":{"type":"Point","coordinates":[-112.3496,33.4356]}},{"type":"Feature","properties":{"id":"5a5ba2b8da","n":"QTS Phoenix 3 Campus","o":"QTS Data Centers","city":"Glendale","st":"AZ","mkt":"Phoenix","s":"Expanding","raw":"Active/Expanding","p":"city","np":1},"geometry":{"type":"Point","coordinates":[-112.18599,33.53869]}},{"type":"Feature","properties":{"id":"6f9056e304","n":"QTS Phoenix II Campus","o":"QTS Data Centers","city":"Phoenix","st":"AZ","mkt":"Phoenix","s":"Expanding","raw":"Active/Expanding","p":"city"},"geometry":{"type":"Point","coordinates":[-112.07414,33.44844]}},{"type":"Feature","properties":{"id":"9f4f87799d","n":"Red Rock Telecommunications Phoenix DC","o":"Red Rock Telecommunications Inc","city":"Phoenix","st":"AZ","mkt":"Phoenix","s":"Active","raw":"Active","p":"census"},"geometry":{"type":"Point","coordinates":[-112.00028,33.397]}},{"type":"Feature","properties":{"id":"c72739f4ed","n":"Stream Data Centers Phoenix Campus (I-VII)","o":"Stream Data Centers","city":"Goodyear","st":"AZ","mkt":"Phoenix","s":"Expanding","raw":"Active/Expanding","p":"census"},"geometry":{"type":"Point","coordinates":[-112.35784,33.41951]}},{"type":"Feature","properties":{"id":"35e91691b3","n":"Tract Buckeye Data Center Park","o":"Tract","city":"Buckeye","st":"AZ","mkt":"Phoenix","s":"Building","raw":"Under development","p":"city","np":1},"geometry":{"type":"Point","coordinates":[-112.58378,33.37032]}},{"type":"Feature","properties":{"id":"200b9b0c30","n":"Vantage Data Centers Phoenix Campus (AZ1)","o":"Vantage Data Centers","city":"Goodyear","st":"AZ","mkt":"Phoenix","s":"Expanding","raw":"Active/Expanding","p":"city","np":1},"geometry":{"type":"Point","coordinates":[-112.38535,33.46723]}},{"type":"Feature","properties":{"id":"c486f53370","n":"Verizon Business Advanced DC Phoenix","o":"Verizon","city":"Phoenix","st":"AZ","mkt":"Phoenix","s":"Active","raw":"Active","p":"city","np":1},"geometry":{"type":"Point","coordinates":[-112.07414,33.44844]}},{"type":"Feature","properties":{"id":"652f56c648","n":"Vermaland La Osa Data Center Park","o":"Vermaland","city":"Eloy","st":"AZ","mkt":"Phoenix","s":"Building","raw":"Proposed/Under development","p":"city","np":1},"geometry":{"type":"Point","coordinates":[-111.55349,32.75517]}},{"type":"Feature","properties":{"id":"f7a6d20715","n":"Ark Data Centers Tucson","o":"Ark Data Centers","city":"Tucson","st":"AZ","mkt":"Tucson","s":"Active","raw":"Active","p":"census"},"geometry":{"type":"Point","coordinates":[-110.9539,32.17185]}},{"type":"Feature","properties":{"id":"d6393bdd4d","n":"Davis-Monthan AFB Data Center","o":"U.S. Government","city":"Tucson","st":"AZ","mkt":"Tucson","s":"Planned","raw":"Proposed","p":"city","np":1},"geometry":{"type":"Point","coordinates":[-110.97485,32.22288]}},{"type":"Feature","properties":{"id":"952c989e30","n":"DirecTV Benson","o":"DirecTV","city":"Benson","st":"AZ","mkt":"Tucson","s":"Active","raw":"Active","p":"city"},"geometry":{"type":"Point","coordinates":[-110.29433,31.96799]}},{"type":"Feature","properties":{"id":"b2a1617a37","n":"DirecTV Tucson","o":"DirecTV","city":"Tucson","st":"AZ","mkt":"Tucson","s":"Active","raw":"Active","p":"census"},"geometry":{"type":"Point","coordinates":[-110.79035,32.09497]}},{"type":"Feature","properties":{"id":"e64cc74a02","n":"FirstDigital Tucson","o":"FirstDigital","city":"Tucson","st":"AZ","mkt":"Tucson","s":"Active","raw":"Active","p":"census"},"geometry":{"type":"Point","coordinates":[-110.95441,32.1775]}},{"type":"Feature","properties":{"id":"b886ca9c47","n":"Login DC2","o":"Login, LLC","city":"Tucson","st":"AZ","mkt":"Tucson","s":"Active","raw":"Active","p":"census"},"geometry":{"type":"Point","coordinates":[-110.96887,32.24499]}},{"type":"Feature","properties":{"id":"30b9c54101","n":"Lumen Tucson 1","o":"Lumen","city":"Tucson","st":"AZ","mkt":"Tucson","s":"Active","raw":"Active","p":"census"},"geometry":{"type":"Point","coordinates":[-110.96869,32.2243]}},{"type":"Feature","properties":{"id":"93713de388","n":"Project Blue","o":"Beale Infrastructure","city":"Tucson","st":"AZ","mkt":"Tucson","s":"Planned","raw":"Proposed","p":"city"},"geometry":{"type":"Point","coordinates":[-110.97485,32.22288]}},{"type":"Feature","properties":{"id":"7f91f9f530","n":"Simply Bits Vault","o":"Simply Bits LLLC","city":"Tucson","st":"AZ","mkt":"Tucson","s":"Active","raw":"Active","p":"census"},"geometry":{"type":"Point","coordinates":[-110.82405,32.30218]}},{"type":"Feature","properties":{"id":"7b420cd013","n":"TECfusions Tucson","o":"TECfusions","city":"Tucson","st":"AZ","mkt":"Tucson","s":"Active","raw":"Active","p":"census"},"geometry":{"type":"Point","coordinates":[-110.91284,32.17247]}},{"type":"Feature","properties":{"id":"c550ec39fb","n":"Winsor Colocation","o":"Winsor Consulting Group","city":"Tucson","st":"AZ","mkt":"Tucson","s":"Active","raw":"Active","p":"census"},"geometry":{"type":"Point","coordinates":[-110.91117,32.22163]}},{"type":"Feature","properties":{"id":"559b482705","n":"Serverfarm Clarksville Data Center","o":"Serverfarm","city":"Johnson (Clarksville area)","st":"AR","mkt":"Clarksville","s":"Expanding","raw":"Active/Expanding","p":"city"},"geometry":{"type":"Point","coordinates":[-94.16548,36.13286]}},{"type":"Feature","properties":{"id":"e451433f26","n":"Z Squared El Dorado","o":"Z Squared Inc.","city":"El Dorado","st":"AR","mkt":"El Dorado","s":"Building","raw":"Under development","p":"census"},"geometry":{"type":"Point","coordinates":[-92.61376,33.20562]}},{"type":"Feature","properties":{"id":"5df1849b3d","n":"Ritter Communications Data Technology Center","o":"Ritter Communications","city":"Jonesboro","st":"AR","mkt":"Jonesboro","s":"Active","raw":"Active","p":"city","np":1},"geometry":{"type":"Point","coordinates":[-90.70453,35.83481]}},{"type":"Feature","properties":{"id":"68d729679d","n":"AVAIO Digital Leo","o":"AVAIO Digital","city":"Wrightsville","st":"AR","mkt":"Little Rock","s":"Expanding","raw":"Active/Under development","p":"city"},"geometry":{"type":"Point","coordinates":[-92.21681,34.60232]}},{"type":"Feature","properties":{"id":"e3013611be","n":"ForgeLight Ventures","o":"ForgeLight Ventures, LLC","city":"Conway","st":"AR","mkt":"Little Rock","s":"Expanding","raw":"Active/Proposed","p":"city"},"geometry":{"type":"Point","coordinates":[-92.43984,35.08919]}},{"type":"Feature","properties":{"id":"8337edb05e","n":"Google Little Rock (Port)","o":"Google","city":"Little Rock","st":"AR","mkt":"Little Rock","s":"Expanding","raw":"Active/Expanding","p":"city"},"geometry":{"type":"Point","coordinates":[-92.28963,34.74651]}},{"type":"Feature","properties":{"id":"bc73b6b14f","n":"Mainstream Technologies","o":"Mainstream Technologies, Inc.","city":"Little Rock","st":"AR","mkt":"Little Rock","s":"Active","raw":"Active","p":"census"},"geometry":{"type":"Point","coordinates":[-92.27415,34.74452]}},{"type":"Feature","properties":{"id":"492ea3d04e","n":"Sollensys Little Rock","o":"Sollensys","city":"Little Rock","st":"AR","mkt":"Little Rock","s":"Active","raw":"Active","p":"census"},"geometry":{"type":"Point","coordinates":[-92.41601,34.75195]}},{"type":"Feature","properties":{"id":"21621b2fc0","n":"TierPoint Little Rock","o":"TierPoint","city":"Little Rock","st":"AR","mkt":"Little Rock","s":"Active","raw":"Active","p":"census"},"geometry":{"type":"Point","coordinates":[-92.44352,34.75654]}},{"type":"Feature","properties":{"id":"3bf04ac7d4","n":"Uniti Little Rock","o":"Uniti Wholesale","city":"Little Rock","st":"AR","mkt":"Little Rock","s":"Active","raw":"Active","p":"census"},"geometry":{"type":"Point","coordinates":[-92.39688,34.79111]}},{"type":"Feature","properties":{"id":"c2d2349b9b","n":"Brightspeed Russellville","o":"Brightspeed","city":"Russellville","st":"AR","mkt":"Russellville","s":"Active","raw":"Active","p":"census"},"geometry":{"type":"Point","coordinates":[-93.13671,35.27778]}},{"type":"Feature","properties":{"id":"d18e2a2ed6","n":"Google West Memphis (Project Pyramid)","o":"Google","city":"West Memphis","st":"AR","mkt":"West Memphis","s":"Building","raw":"Under construction","p":"city"},"geometry":{"type":"Point","coordinates":[-90.18454,35.14648]}},{"type":"Feature","properties":{"id":"cc6cb195f2","n":"Golden Valley Technology Hub","o":"Beacon AI Centers","city":"Taft","st":"CA","mkt":"Bakersfield","s":"Expanding","raw":"Active/Proposed","p":"city"},"geometry":{"type":"Point","coordinates":[-119.45651,35.14247]}},{"type":"Feature","properties":{"id":"e2518f2977","n":"Lumen Bakersfield 1","o":"Lumen","city":"Bakersfield","st":"CA","mkt":"Bakersfield","s":"Active","raw":"Active","p":"census"},"geometry":{"type":"Point","coordinates":[-119.01168,35.37737]}},{"type":"Feature","properties":{"id":"1bd7c6f64c","n":"Lumen Bakersfield 2","o":"Lumen","city":"Bakersfield","st":"CA","mkt":"Bakersfield","s":"Active","raw":"Active","p":"census"},"geometry":{"type":"Point","coordinates":[-119.01796,35.37339]}},{"type":"Feature","properties":{"id":"328db63056","n":"NYGC Bakersfield","o":"NewYork GreenCloud","city":"Bakersfield","st":"CA","mkt":"Bakersfield","s":"Active","raw":"Active","p":"city"},"geometry":{"type":"Point","coordinates":[-119.01946,35.37387]}},{"type":"Feature","properties":{"id":"5caea47ca1","n":"CalEthos Site 1 Campus","o":"CalEthos, Inc.","city":"Calipatria","st":"CA","mkt":"El Centro","s":"Expanding","raw":"Active/Under development","p":"census"},"geometry":{"type":"Point","coordinates":[-115.51905,33.17669]}},{"type":"Feature","properties":{"id":"0b8302ddbc","n":"CalEthos Site 2 Campus","o":"CalEthos, Inc.","city":"Calipatria","st":"CA","mkt":"El Centro","s":"Expanding","raw":"Active/Under development","p":"city"},"geometry":{"type":"Point","coordinates":[-115.51403,33.12558]}},{"type":"Feature","properties":{"id":"d2104c0fbb","n":"37887 Shinn Street","o":"Valley Oak Partners","city":"Fremont","st":"CA","mkt":"Fremont","s":"Active","raw":"Active","p":"census"},"geometry":{"type":"Point","coordinates":[-121.98367,37.56707]}},{"type":"Feature","properties":{"id":"d72ca49878","n":"Apple Newark Data Center","o":"Apple","city":"Newark","st":"CA","mkt":"Fremont","s":"Active","raw":"Active","p":"census"},"geometry":{"type":"Point","coordinates":[-122.00028,37.50947]}},{"type":"Feature","properties":{"id":"0f20b3cd8d","n":"Hurricane Electric Fremont 1","o":"Hurricane Electric","city":"Fremont","st":"CA","mkt":"Fremont","s":"Active","raw":"Active","p":"census"},"geometry":{"type":"Point","coordinates":[-121.93078,37.49032]}},{"type":"Feature","properties":{"id":"cbc0c61d44","n":"Hurricane Electric Fremont 2","o":"Hurricane Electric","city":"Fremont","st":"CA","mkt":"Fremont","s":"Active","raw":"Active","p":"census"},"geometry":{"type":"Point","coordinates":[-121.91929,37.47179]}},{"type":"Feature","properties":{"id":"cd85ca252b","n":"Prime Hayward SJC01","o":"Prime Data Centers","city":"Hayward","st":"CA","mkt":"Fremont","s":"Active","raw":"Active","p":"osm"},"geometry":{"type":"Point","coordinates":[-122.1134,37.62601]}},{"type":"Feature","properties":{"id":"752ce9dde4","n":"T5 Data Centers - T5@Silicon Valley","o":"T5 Data Centers","city":"Newark","st":"CA","mkt":"Fremont","s":"Active","raw":"Active","p":"census"},"geometry":{"type":"Point","coordinates":[-122.00028,37.50947]}},{"type":"Feature","properties":{"id":"b63199f507","n":"Lumen Fresno 1","o":"Lumen","city":"Fresno","st":"CA","mkt":"Fresno","s":"Active","raw":"Active","p":"census"},"geometry":{"type":"Point","coordinates":[-119.81457,36.74753]}},{"type":"Feature","properties":{"id":"62e8338211","n":"Lumen Fresno 2","o":"Lumen","city":"Fresno","st":"CA","mkt":"Fresno","s":"Active","raw":"Active","p":"census"},"geometry":{"type":"Point","coordinates":[-119.7958,36.84762]}},{"type":"Feature","properties":{"id":"f3a87debcd","n":"Unwired FAT1","o":"unWired Broadband","city":"Fresno","st":"CA","mkt":"Fresno","s":"Active","raw":"Active","p":"census"},"geometry":{"type":"Point","coordinates":[-119.79931,36.84607]}},{"type":"Feature","properties":{"id":"0e44f7b95a","n":"Aecero CBX","o":"Aecero","city":"Anaheim","st":"CA","mkt":"Irvine","s":"Active","raw":"Active","p":"census"},"geometry":{"type":"Point","coordinates":[-117.97047,33.84693]}},{"type":"Feature","properties":{"id":"44950b4af7","n":"Alchemy Irvine Data Center","o":"Dynascale, Inc.","city":"Irvine","st":"CA","mkt":"Irvine","s":"Active","raw":"Active","p":"census"},"geometry":{"type":"Point","coordinates":[-117.84118,33.68137]}},{"type":"Feature","properties":{"id":"ffb40e26e1","n":"Cogent Data Center - Anaheim","o":"Cogent Communications","city":"Anaheim","st":"CA","mkt":"Irvine","s":"Active","raw":"Active","p":"census"},"geometry":{"type":"Point","coordinates":[-117.9187,33.83195]}},{"type":"Feature","properties":{"id":"4df7ead57d","n":"Csquare Los Angeles LAX3-A","o":"Csquare","city":"Irvine","st":"CA","mkt":"Irvine","s":"Active","raw":"Active","p":"census"},"geometry":{"type":"Point","coordinates":[-117.8505,33.6866]}},{"type":"Feature","properties":{"id":"fcbe10caf8","n":"Data Canopy - Irvine","o":"Data Canopy","city":"Irvine","st":"CA","mkt":"Irvine","s":"Active","raw":"Active","p":"census"},"geometry":{"type":"Point","coordinates":[-117.83634,33.69541]}},{"type":"Feature","properties":{"id":"c1eced7ded","n":"DataBank SNA1 - Irvine","o":"DataBank","city":"Irvine","st":"CA","mkt":"Irvine","s":"Active","raw":"Active","p":"census"},"geometry":{"type":"Point","coordinates":[-117.84036,33.69137]}},{"type":"Feature","properties":{"id":"3ab301bb7f","n":"DataBank SNA2 - Irvine","o":"DataBank","city":"Irvine","st":"CA","mkt":"Irvine","s":"Active","raw":"Active","p":"census"},"geometry":{"type":"Point","coordinates":[-117.84289,33.68882]}},{"type":"Feature","properties":{"id":"dd41d07918","n":"Eagle Mountain Data Inc","o":"Eagle Mountain Data Inc","city":"Anaheim","st":"CA","mkt":"Irvine","s":"Active","raw":"Active","p":"census"},"geometry":{"type":"Point","coordinates":[-117.79573,33.86019]}},{"type":"Feature","properties":{"id":"8df0d13225","n":"IC2NET Tustin","o":"IC2NET, Inc.","city":"Tustin","st":"CA","mkt":"Irvine","s":"Active","raw":"Active","p":"osm"},"geometry":{"type":"Point","coordinates":[-117.80831,33.71767]}},{"type":"Feature","properties":{"id":"e73ca13156","n":"Lumen Anaheim 1","o":"Lumen","city":"Anaheim","st":"CA","mkt":"Irvine","s":"Active","raw":"Active","p":"census"},"geometry":{"type":"Point","coordinates":[-117.97039,33.84693]}},{"type":"Feature","properties":{"id":"b708b5c1ca","n":"Millennium Systems Inc","o":"Millennium Systems","city":"Irvine","st":"CA","mkt":"Irvine","s":"Active","raw":"Active","p":"census"},"geometry":{"type":"Point","coordinates":[-117.7337,33.63196]}},{"type":"Feature","properties":{"id":"76e4320aff","n":"SMS Datacenter","o":"SMS Datacenter","city":"Irvine","st":"CA","mkt":"Irvine","s":"Active","raw":"Active","p":"census"},"geometry":{"type":"Point","coordinates":[-117.84407,33.68278]}},{"type":"Feature","properties":{"id":"a1f9e77fb8","n":"Saragon Anaheim","o":"Saragon","city":"Anaheim","st":"CA","mkt":"Irvine","s":"Active","raw":"Active","p":"census"},"geometry":{"type":"Point","coordinates":[-117.94518,33.83513]}},{"type":"Feature","properties":{"id":"a9c2cc8dc5","n":"TPx Santa Ana Data Center","o":"TPx Communications","city":"Santa Ana","st":"CA","mkt":"Irvine","s":"Active","raw":"Active","p":"osm"},"geometry":{"type":"Point","coordinates":[-117.8441,33.70751]}},{"type":"Feature","properties":{"id":"683359d9d2","n":"365 Data Centers - Los Angeles 1","o":"365 Data Centers","city":"Los Angeles","st":"CA","mkt":"Los Angeles","s":"Active","raw":"Active","p":"census"},"geometry":{"type":"Point","coordinates":[-118.25669,34.04728]}},{"type":"Feature","properties":{"id":"179ac8aff9","n":"365 Data Centers - Los Angeles 2","o":"365 Data Centers","city":"Los Angeles","st":"CA","mkt":"Los Angeles","s":"Active","raw":"Active","p":"census"},"geometry":{"type":"Point","coordinates":[-118.25572,34.04815]}},{"type":"Feature","properties":{"id":"250064f9db","n":"365 Data Centers - Los Angeles 3","o":"365 Data Centers","city":"Los Angeles","st":"CA","mkt":"Los Angeles","s":"Active","raw":"Active","p":"census"},"geometry":{"type":"Point","coordinates":[-118.23699,34.05814]}},{"type":"Feature","properties":{"id":"98f5621d56","n":"4400 Pacific Blvd","o":"Digital Realty","city":"Vernon","st":"CA","mkt":"Los Angeles","s":"Active","raw":"Active","p":"city"},"geometry":{"type":"Point","coordinates":[-118.22525,34.00713]}},{"type":"Feature","properties":{"id":"5e52ad13df","n":"611 Wilshire","o":"Xyvest Holdings","city":"Los Angeles","st":"CA","mkt":"Los Angeles","s":"Active","raw":"Active","p":"census"},"geometry":{"type":"Point","coordinates":[-118.25609,34.04811]}},{"type":"Feature","properties":{"id":"dc8d235bb0","n":"818 Plaza","o":"Downtown Properties Holdings","city":"Los Angeles","st":"CA","mkt":"Los Angeles","s":"Active","raw":"Active","p":"census"},"geometry":{"type":"Point","coordinates":[-118.2594,34.04902]}},{"type":"Feature","properties":{"id":"09eb74ee70","n":"Alchemy Downtown Data Center","o":"Dynascale","city":"Los Angeles","st":"CA","mkt":"Los Angeles","s":"Active","raw":"Active","p":"census"},"geometry":{"type":"Point","coordinates":[-118.2658,34.05141]}},{"type":"Feature","properties":{"id":"2786bf3f08","n":"Alchemy LAX Data Center","o":"Dynascale","city":"Los Angeles","st":"CA","mkt":"Los Angeles","s":"Active","raw":"Active","p":"census"},"geometry":{"type":"Point","coordinates":[-118.39304,33.94566]}},{"type":"Feature","properties":{"id":"774ff02ed5","n":"Aon Center","o":"Shorenstein","city":"Los Angeles","st":"CA","mkt":"Los Angeles","s":"Active","raw":"Active","p":"census"},"geometry":{"type":"Point","coordinates":[-118.25713,34.04878]}},{"type":"Feature","properties":{"id":"4be865438e","n":"Aptum Los Angeles","o":"Aptum","city":"Los Angeles","st":"CA","mkt":"Los Angeles","s":"Active","raw":"Active","p":"census"},"geometry":{"type":"Point","coordinates":[-118.24017,34.0482]}},{"type":"Feature","properties":{"id":"c727381c82","n":"China Telecom One Wilshire","o":"China Telecom Americas","city":"Los Angeles","st":"CA","mkt":"Los Angeles","s":"Active","raw":"Active","p":"census"},"geometry":{"type":"Point","coordinates":[-118.25572,34.04815]}},{"type":"Feature","properties":{"id":"b72061291d","n":"Coachella Valley Technology Campus","o":"DMK Project Solutions Services","city":"Coachella","st":"CA","mkt":"Los Angeles","s":"Active","raw":"Active","p":"census"},"geometry":{"type":"Point","coordinates":[-116.12933,33.67122]}},{"type":"Feature","properties":{"id":"babd91f974","n":"Cogent Data Center - La Mirada","o":"Cogent Communications","city":"La Mirada","st":"CA","mkt":"Los Angeles","s":"Active","raw":"Active","p":"census"},"geometry":{"type":"Point","coordinates":[-118.02879,33.87968]}},{"type":"Feature","properties":{"id":"227a22433f","n":"Cogent Data Center - Los Angeles","o":"Cogent Communications","city":"Los Angeles","st":"CA","mkt":"Los Angeles","s":"Active","raw":"Active","p":"city"},"geometry":{"type":"Point","coordinates":[-118.24277,34.05369]}},{"type":"Feature","properties":{"id":"f26a970f31","n":"Cogent Data Center - Pasadena","o":"Cogent Communications","city":"Pasadena","st":"CA","mkt":"Los Angeles","s":"Active","raw":"Active","p":"census"},"geometry":{"type":"Point","coordinates":[-118.08811,34.1669]}},{"type":"Feature","properties":{"id":"5a7eb65a20","n":"ColoCrossing LA1","o":"ColoCrossing","city":"Los Angeles","st":"CA","mkt":"Los Angeles","s":"Active","raw":"Active","p":"census"},"geometry":{"type":"Point","coordinates":[-118.2658,34.05141]}},{"type":"Feature","properties":{"id":"74502d8d58","n":"Colocation America LADC1","o":"Colocation America","city":"Los Angeles","st":"CA","mkt":"Los Angeles","s":"Active","raw":"Active","p":"census"},"geometry":{"type":"Point","coordinates":[-118.25572,34.04815]}},{"type":"Feature","properties":{"id":"c7bc3d23e2","n":"Colocation America LADC2","o":"Colocation America","city":"Los Angeles","st":"CA","mkt":"Los Angeles","s":"Active","raw":"Active","p":"census"},"geometry":{"type":"Point","coordinates":[-118.25713,34.04878]}},{"type":"Feature","properties":{"id":"2c5fbe5503","n":"Colocation America LADC3","o":"Colocation America","city":"Los Angeles","st":"CA","mkt":"Los Angeles","s":"Active","raw":"Active","p":"census"},"geometry":{"type":"Point","coordinates":[-118.25669,34.04728]}},{"type":"Feature","properties":{"id":"b88ce2b4a8","n":"Colocation America LADC4","o":"Colocation America","city":"Los Angeles","st":"CA","mkt":"Los Angeles","s":"Active","raw":"Active","p":"city"},"geometry":{"type":"Point","coordinates":[-118.24277,34.05369]}},{"type":"Feature","properties":{"id":"b428ab39a9","n":"Colocation America LADC5","o":"Colocation America","city":"Los Angeles","st":"CA","mkt":"Los Angeles","s":"Active","raw":"Active","p":"census"},"geometry":{"type":"Point","coordinates":[-118.2561,34.04774]}},{"type":"Feature","properties":{"id":"1d9dace14d","n":"Converge Technology Solutions Agoura Hills","o":"Converge Technology Solutions","city":"Agoura Hills","st":"CA","mkt":"Los Angeles","s":"Active","raw":"Active","p":"census"},"geometry":{"type":"Point","coordinates":[-118.77816,34.14518]}},{"type":"Feature","properties":{"id":"45d1e09641","n":"CoreSite Los Angeles LA2","o":"CoreSite","city":"Los Angeles","st":"CA","mkt":"Los Angeles","s":"Active","raw":"Active","p":"census"},"geometry":{"type":"Point","coordinates":[-118.23699,34.05814]}},{"type":"Feature","properties":{"id":"509ff9215d","n":"CoreSite Los Angeles LA3","o":"CoreSite","city":"Los Angeles","st":"CA","mkt":"Los Angeles","s":"Active","raw":"Active","p":"census"},"geometry":{"type":"Point","coordinates":[-118.23513,34.05883]}},{"type":"Feature","properties":{"id":"89d5ab1c50","n":"CoreSite One Wilshire LA1","o":"CoreSite","city":"Los Angeles","st":"CA","mkt":"Los Angeles","s":"Active","raw":"Active","p":"census"},"geometry":{"type":"Point","coordinates":[-118.25572,34.04815]}},{"type":"Feature","properties":{"id":"a574c51394","n":"Crown Castle Los Angeles LA1","o":"Crown Castle","city":"Los Angeles","st":"CA","mkt":"Los Angeles","s":"Active","raw":"Active","p":"census"},"geometry":{"type":"Point","coordinates":[-118.25572,34.04815]}},{"type":"Feature","properties":{"id":"0ae8bead2e","n":"Crown Castle Los Angeles LA2","o":"Crown Castle","city":"Los Angeles","st":"CA","mkt":"Los Angeles","s":"Active","raw":"Active","p":"census"},"geometry":{"type":"Point","coordinates":[-118.25669,34.04742]}},{"type":"Feature","properties":{"id":"6d31da6693","n":"Crown Castle Los Angeles LA3","o":"Crown Castle","city":"Los Angeles","st":"CA","mkt":"Los Angeles","s":"Active","raw":"Active","p":"city"},"geometry":{"type":"Point","coordinates":[-118.24277,34.05369]}},{"type":"Feature","properties":{"id":"7d87bae55f","n":"Csquare Los Angeles LAX2","o":"Csquare","city":"Burbank","st":"CA","mkt":"Los Angeles","s":"Active","raw":"Active","p":"census"},"geometry":{"type":"Point","coordinates":[-118.34353,34.19932]}},{"type":"Feature","properties":{"id":"1d24f3ce3a","n":"Csquare Los Angeles LAX5-A","o":"Csquare","city":"Irvine","st":"CA","mkt":"Los Angeles","s":"Active","raw":"Active","p":"census"},"geometry":{"type":"Point","coordinates":[-117.83808,33.68434]}},{"type":"Feature","properties":{"id":"80bfb61fcd","n":"DPDC Los Angeles","o":"DP Data Centers","city":"Los Angeles","st":"CA","mkt":"Los Angeles","s":"Active","raw":"Active","p":"census"},"geometry":{"type":"Point","coordinates":[-118.2594,34.04902]}},{"type":"Feature","properties":{"id":"aa36909c5a","n":"DataBank - 707 Wilshire Blvd","o":"DataBank","city":"Los Angeles","st":"CA","mkt":"Los Angeles","s":"Active","raw":"Active","p":"census"},"geometry":{"type":"Point","coordinates":[-118.25713,34.04878]}},{"type":"Feature","properties":{"id":"b440515f71","n":"DataBank LAX1 - One Wilshire","o":"DataBank","city":"Los Angeles","st":"CA","mkt":"Los Angeles","s":"Active","raw":"Active","p":"census"},"geometry":{"type":"Point","coordinates":[-118.25572,34.04815]}},{"type":"Feature","properties":{"id":"7b7965d0ab","n":"DataBank LAX2 - Vernon","o":"DataBank","city":"Vernon","st":"CA","mkt":"Los Angeles","s":"Active","raw":"Active","p":"census"},"geometry":{"type":"Point","coordinates":[-118.21865,34.00543]}},{"type":"Feature","properties":{"id":"10f9c60236","n":"DigiCo Los Angeles LAX1","o":"DigiCo Infrastructure REIT","city":"Monterey Park","st":"CA","mkt":"Los Angeles","s":"Active","raw":"Active","p":"census"},"geometry":{"type":"Point","coordinates":[-118.11507,34.03948]}},{"type":"Feature","properties":{"id":"fe9b75c72e","n":"DigiCo Los Angeles LAX2","o":"DigiCo Infrastructure REIT","city":"Monterey Park","st":"CA","mkt":"Los Angeles","s":"Active","raw":"Active","p":"census"},"geometry":{"type":"Point","coordinates":[-118.11418,34.03957]}},{"type":"Feature","properties":{"id":"6c5bf572da","n":"Digital Realty LAX10","o":"Digital Realty","city":"Los Angeles","st":"CA","mkt":"Los Angeles","s":"Active","raw":"Active","p":"census"},"geometry":{"type":"Point","coordinates":[-118.25669,34.04728]}},{"type":"Feature","properties":{"id":"5b6e915582","n":"Digital Realty LAX12","o":"Digital Realty","city":"El Segundo","st":"CA","mkt":"Los Angeles","s":"Active","raw":"Active","p":"census"},"geometry":{"type":"Point","coordinates":[-118.38483,33.9163]}},{"type":"Feature","properties":{"id":"e8e13ba577","n":"DirecTV Los Angeles","o":"DirecTV","city":"Los Angeles","st":"CA","mkt":"Los Angeles","s":"Active","raw":"Active","p":"census"},"geometry":{"type":"Point","coordinates":[-118.42536,33.98534]}},{"type":"Feature","properties":{"id":"262ac3e24c","n":"Edge Centres EC101 Los Angeles","o":"Edge Centres","city":"Los Angeles","st":"CA","mkt":"Los Angeles","s":"Active","raw":"Active","p":"census"},"geometry":{"type":"Point","coordinates":[-118.25713,34.04878]}},{"type":"Feature","properties":{"id":"83508f05de","n":"Equinix LA1","o":"Equinix","city":"Los Angeles","st":"CA","mkt":"Los Angeles","s":"Active","raw":"Active","p":"census"},"geometry":{"type":"Point","coordinates":[-118.25669,34.04728]}},{"type":"Feature","properties":{"id":"c5ea0d285b","n":"Equinix LA3","o":"Equinix","city":"El Segundo","st":"CA","mkt":"Los Angeles","s":"Active","raw":"Active","p":"census"},"geometry":{"type":"Point","coordinates":[-118.39416,33.92686]}},{"type":"Feature","properties":{"id":"4b4fedd181","n":"Equinix LA7","o":"Equinix","city":"Torrance","st":"CA","mkt":"Los Angeles","s":"Active","raw":"Active","p":"census"},"geometry":{"type":"Point","coordinates":[-118.30331,33.85003]}},{"type":"Feature","properties":{"id":"8b5269e93d","n":"Evocative LAX14","o":"Evocative Data Centers","city":"Redondo Beach","st":"CA","mkt":"Los Angeles","s":"Active","raw":"Active","p":"census"},"geometry":{"type":"Point","coordinates":[-118.37007,33.88955]}},{"type":"Feature","properties":{"id":"e3b1755f05","n":"Evocative LAX2","o":"Evocative Data Centers","city":"Los Angeles","st":"CA","mkt":"Los Angeles","s":"Active","raw":"Active","p":"census"},"geometry":{"type":"Point","coordinates":[-118.25669,34.04728]}},{"type":"Feature","properties":{"id":"232c97b480","n":"Fireline Broadband Data Center","o":"Fireline Broadband","city":"Los Angeles","st":"CA","mkt":"Los Angeles","s":"Active","raw":"Active","p":"census"},"geometry":{"type":"Point","coordinates":[-118.3579,34.06246]}},{"type":"Feature","properties":{"id":"99a98637a1","n":"Hivelocity - Los Angeles 1","o":"Hivelocity","city":"Los Angeles","st":"CA","mkt":"Los Angeles","s":"Active","raw":"Active","p":"census"},"geometry":{"type":"Point","coordinates":[-118.25572,34.04815]}},{"type":"Feature","properties":{"id":"2fb567a90b","n":"Hivelocity - Los Angeles 2","o":"Hivelocity","city":"Los Angeles","st":"CA","mkt":"Los Angeles","s":"Active","raw":"Active","p":"census"},"geometry":{"type":"Point","coordinates":[-118.25669,34.04728]}},{"type":"Feature","properties":{"id":"417010d14c","n":"Hostrunway Los Angeles","o":"Hostrunway","city":"Los Angeles","st":"CA","mkt":"Los Angeles","s":"Active","raw":"Active","p":"census"},"geometry":{"type":"Point","coordinates":[-118.23699,34.05814]}},{"type":"Feature","properties":{"id":"7fb7140e3b","n":"IHNetworks Datacenter SFV1","o":"IHNetworks","city":"Chatsworth","st":"CA","mkt":"Los Angeles","s":"Active","raw":"Active","p":"census"},"geometry":{"type":"Point","coordinates":[-118.57626,34.23189]}},{"type":"Feature","properties":{"id":"f29ce81527","n":"Lumen Los Angeles","o":"Lumen","city":"Los Angeles","st":"CA","mkt":"Los Angeles","s":"Active","raw":"Active","p":"census"},"geometry":{"type":"Point","coordinates":[-118.2594,34.04902]}},{"type":"Feature","properties":{"id":"d59bf313f4","n":"Lumen Los Angeles 4","o":"Lumen","city":"Los Angeles","st":"CA","mkt":"Los Angeles","s":"Active","raw":"Active","p":"census"},"geometry":{"type":"Point","coordinates":[-118.25607,34.04796]}},{"type":"Feature","properties":{"id":"369dbe575c","n":"NocRoom Los Angeles Colocation","o":"NocRoom Miami Colocation VPS","city":"Los Angeles","st":"CA","mkt":"Los Angeles","s":"Active","raw":"Active","p":"city"},"geometry":{"type":"Point","coordinates":[-118.24277,34.05369]}},{"type":"Feature","properties":{"id":"75251f9c3d","n":"One Data Center America","o":"One Data Center America","city":"Ontario","st":"CA","mkt":"Los Angeles","s":"Active","raw":"Active","p":"census"},"geometry":{"type":"Point","coordinates":[-117.56843,34.06648]}},{"type":"Feature","properties":{"id":"2bd20a091b","n":"One Data Center Ontario","o":"One Data Center America","city":"Ontario","st":"CA","mkt":"Los Angeles","s":"Active","raw":"Active","p":"census"},"geometry":{"type":"Point","coordinates":[-117.55835,34.06054]}},{"type":"Feature","properties":{"id":"7f33ed5a76","n":"One Wilshire","o":"GI Property Management","city":"Los Angeles","st":"CA","mkt":"Los Angeles","s":"Active","raw":"Active","p":"census"},"geometry":{"type":"Point","coordinates":[-118.25572,34.04815]}},{"type":"Feature","properties":{"id":"b994f4fe6c","n":"Prime Los Angeles LAX01-01","o":"Prime Data Centers","city":"Vernon","st":"CA","mkt":"Los Angeles","s":"Active","raw":"Active","p":"census"},"geometry":{"type":"Point","coordinates":[-118.23028,34.0014]}},{"type":"Feature","properties":{"id":"b53fbd2808","n":"Psychz Los Angeles","o":"Psychz Networks","city":"Los Angeles","st":"CA","mkt":"Los Angeles","s":"Active","raw":"Active","p":"census"},"geometry":{"type":"Point","coordinates":[-118.25716,34.04865]}},{"type":"Feature","properties":{"id":"17711ec1f9","n":"QuadraNet Los Angeles","o":"QuadraNet.com","city":"Los Angeles","st":"CA","mkt":"Los Angeles","s":"Active","raw":"Active","p":"city"},"geometry":{"type":"Point","coordinates":[-118.24277,34.05369]}},{"type":"Feature","properties":{"id":"980a6987cd","n":"Quinby Building","o":"Quinby Building","city":"Los Angeles","st":"CA","mkt":"Los Angeles","s":"Active","raw":"Active","p":"census"},"geometry":{"type":"Point","coordinates":[-118.2561,34.04774]}},{"type":"Feature","properties":{"id":"7248433623","n":"Saragon Burbank","o":"Saragon","city":"Burbank","st":"CA","mkt":"Los Angeles","s":"Active","raw":"Active","p":"census"},"geometry":{"type":"Point","coordinates":[-118.31204,34.17765]}},{"type":"Feature","properties":{"id":"c3956309f1","n":"Serverfarm Los Angeles LAX1","o":"Serverfarm","city":"El Segundo","st":"CA","mkt":"Los Angeles","s":"Active","raw":"Active","p":"census"},"geometry":{"type":"Point","coordinates":[-118.38736,33.92164]}},{"type":"Feature","properties":{"id":"d0a4e347fc","n":"Spectrum Networks El Segundo","o":"Spectrum","city":"El Segundo","st":"CA","mkt":"Los Angeles","s":"Active","raw":"Active","p":"census"},"geometry":{"type":"Point","coordinates":[-118.38157,33.90759]}},{"type":"Feature","properties":{"id":"818f7727a6","n":"Subrigo - 624 South Grand","o":"Subrigo","city":"Los Angeles","st":"CA","mkt":"Los Angeles","s":"Active","raw":"Active","p":"census"},"geometry":{"type":"Point","coordinates":[-118.25572,34.04815]}},{"type":"Feature","properties":{"id":"76f774cc94","n":"Subrigo - 650 South Grand","o":"Subrigo","city":"Los Angeles","st":"CA","mkt":"Los Angeles","s":"Active","raw":"Active","p":"census"},"geometry":{"type":"Point","coordinates":[-118.2561,34.04774]}},{"type":"Feature","properties":{"id":"c4458dae4a","n":"TELEHOUSE Los Angeles Center","o":"Telehouse America","city":"Los Angeles","st":"CA","mkt":"Los Angeles","s":"Active","raw":"Active","p":"census"},"geometry":{"type":"Point","coordinates":[-118.25633,34.04812]}},{"type":"Feature","properties":{"id":"a5da22ee7f","n":"Telecom Center LA","o":"Morlin Asset Management","city":"Los Angeles","st":"CA","mkt":"Los Angeles","s":"Active","raw":"Active","p":"city"},"geometry":{"type":"Point","coordinates":[-118.24277,34.05369]}},{"type":"Feature","properties":{"id":"9e3f6b47ce","n":"UnitedLayer Los Angeles","o":"UnitedLayer","city":"Los Angeles","st":"CA","mkt":"Los Angeles","s":"Active","raw":"Active","p":"census"},"geometry":{"type":"Point","coordinates":[-118.25572,34.04815]}},{"type":"Feature","properties":{"id":"8f9318acdc","n":"Uniti Los Angeles","o":"Uniti Wholesale","city":"Los Angeles","st":"CA","mkt":"Los Angeles","s":"Active","raw":"Active","p":"city"},"geometry":{"type":"Point","coordinates":[-118.24277,34.05369]}},{"type":"Feature","properties":{"id":"976001701e","n":"Verizon Los Angeles","o":"Verizon Communications","city":"Los Angeles","st":"CA","mkt":"Los Angeles","s":"Active","raw":"Active","p":"census"},"geometry":{"type":"Point","coordinates":[-118.2594,34.04902]}},{"type":"Feature","properties":{"id":"bb4c4545b3","n":"WebNX Los Angeles","o":"WebNX Internet Services","city":"Los Angeles","st":"CA","mkt":"Los Angeles","s":"Active","raw":"Active","p":"city"},"geometry":{"type":"Point","coordinates":[-118.24277,34.05369]}},{"type":"Feature","properties":{"id":"664fbfee58","n":"West 7 Center","o":"Rising Realty Partners","city":"Los Angeles","st":"CA","mkt":"Los Angeles","s":"Active","raw":"Active","p":"census"},"geometry":{"type":"Point","coordinates":[-118.2658,34.05141]}},{"type":"Feature","properties":{"id":"0715f52a92","n":"Xfernet Los Angeles","o":"Xfernet","city":"Los Angeles (Koreatown)","st":"CA","mkt":"Los Angeles","s":"Active","raw":"Active","p":"census"},"geometry":{"type":"Point","coordinates":[-118.29302,34.06172]}},{"type":"Feature","properties":{"id":"b6641463a7","n":"Csquare Redwood RWC1","o":"Csquare","city":"Redwood City","st":"CA","mkt":"Palo Alto","s":"Active","raw":"Active","p":"census"},"geometry":{"type":"Point","coordinates":[-122.2008,37.48048]}},{"type":"Feature","properties":{"id":"41ba3f1cb5","n":"Equinix SV8","o":"Equinix","city":"Palo Alto","st":"CA","mkt":"Palo Alto","s":"Active","raw":"Active","p":"census"},"geometry":{"type":"Point","coordinates":[-122.161,37.44559]}},{"type":"Feature","properties":{"id":"20fe158599","n":"Sierra Morena Tower, LLC","o":"Sierra Morena Tower, LLC","city":"Redwood City","st":"CA","mkt":"Palo Alto","s":"Active","raw":"Active","p":"census"},"geometry":{"type":"Point","coordinates":[-122.30801,37.41314]}},{"type":"Feature","properties":{"id":"5aedd53fdf","n":"Acorn Technology Services Data Center","o":"Acorn Technology Services","city":"Riverside","st":"CA","mkt":"Riverside","s":"Active","raw":"Active","p":"census"},"geometry":{"type":"Point","coordinates":[-117.34836,33.99384]}},{"type":"Feature","properties":{"id":"57b6a4fa23","n":"Cogent Data Center - Palm Springs","o":"Cogent Communications","city":"Palm Springs","st":"CA","mkt":"Riverside","s":"Active","raw":"Active","p":"census"},"geometry":{"type":"Point","coordinates":[-116.5456,33.86232]}},{"type":"Feature","properties":{"id":"d4c96a91a3","n":"Lumen Riverside 1","o":"Lumen","city":"Riverside","st":"CA","mkt":"Riverside","s":"Active","raw":"Active","p":"census"},"geometry":{"type":"Point","coordinates":[-117.34526,33.99753]}},{"type":"Feature","properties":{"id":"66ddf62ddc","n":"365 Data Centers - Rancho Cordova","o":"365 Data Centers","city":"Rancho Cordova","st":"CA","mkt":"Sacramento","s":"Active","raw":"Active","p":"census"},"geometry":{"type":"Point","coordinates":[-121.27277,38.59545]}},{"type":"Feature","properties":{"id":"ec67b9d7c8","n":"Cogent Data Center - Oroville","o":"Cogent Communications, Inc.","city":"Oroville","st":"CA","mkt":"Sacramento","s":"Active","raw":"Active","p":"census"},"geometry":{"type":"Point","coordinates":[-121.55,39.51486]}},{"type":"Feature","properties":{"id":"54ac46cc45","n":"Conscious Data Centers","o":"Conscious Capital Data Center","city":"Rancho Cordova","st":"CA","mkt":"Sacramento","s":"Active","raw":"Active","p":"census"},"geometry":{"type":"Point","coordinates":[-121.28282,38.5876]}},{"type":"Feature","properties":{"id":"121cc406cb","n":"DataNOC Data Center","o":"DataNOC.com","city":"Sacramento","st":"CA","mkt":"Sacramento","s":"Active","raw":"Active","p":"census"},"geometry":{"type":"Point","coordinates":[-121.3085,38.57674]}},{"type":"Feature","properties":{"id":"397b2354bd","n":"Datacate Rancho Cordova","o":"Datacate Inc.","city":"Rancho Cordova","st":"CA","mkt":"Sacramento","s":"Active","raw":"Active","p":"census"},"geometry":{"type":"Point","coordinates":[-121.26846,38.59391]}},{"type":"Feature","properties":{"id":"9585b83259","n":"EdgeConneX Sacramento (EDCSAC01)","o":"EdgeConneX","city":"Rancho Cordova","st":"CA","mkt":"Sacramento","s":"Active","raw":"Active","p":"census"},"geometry":{"type":"Point","coordinates":[-121.27711,38.59281]}},{"type":"Feature","properties":{"id":"60c6b0b050","n":"Fidium Citrus Heights","o":"Fidium","city":"Citrus Heights","st":"CA","mkt":"Sacramento","s":"Active","raw":"Active","p":"census"},"geometry":{"type":"Point","coordinates":[-121.29032,38.70508]}},{"type":"Feature","properties":{"id":"a8d3cdbe18","n":"Fidium McClellan","o":"Fidium","city":"McClellan","st":"CA","mkt":"Sacramento","s":"Active","raw":"Active","p":"city"},"geometry":{"type":"Point","coordinates":[-123.42003,40.48709]}},{"type":"Feature","properties":{"id":"56acc41896","n":"GDC Sacramento CA1","o":"NTT DATA, Inc.","city":"Sacramento","st":"CA","mkt":"Sacramento","s":"Active","raw":"Active","p":"census"},"geometry":{"type":"Point","coordinates":[-121.48777,38.65098]}},{"type":"Feature","properties":{"id":"d29769b59e","n":"GDC Sacramento CA2","o":"NTT DATA, Inc.","city":"Sacramento","st":"CA","mkt":"Sacramento","s":"Active","raw":"Active","p":"census"},"geometry":{"type":"Point","coordinates":[-121.49081,38.65096]}},{"type":"Feature","properties":{"id":"74c135fc24","n":"GDC Sacramento CA3","o":"NTT DATA, Inc.","city":"Sacramento","st":"CA","mkt":"Sacramento","s":"Active","raw":"Active","p":"census"},"geometry":{"type":"Point","coordinates":[-121.49687,38.64355]}},{"type":"Feature","properties":{"id":"ed7e667abc","n":"Lumen Sacramento 1","o":"Lumen","city":"Broderick","st":"CA","mkt":"Sacramento","s":"Active","raw":"Active","p":"census"},"geometry":{"type":"Point","coordinates":[-121.52824,38.58702]}},{"type":"Feature","properties":{"id":"56b2d59719","n":"Lumen Sacramento 2","o":"Lumen","city":"Sacramento","st":"CA","mkt":"Sacramento","s":"Active","raw":"Active","p":"census"},"geometry":{"type":"Point","coordinates":[-121.48846,38.59167]}},{"type":"Feature","properties":{"id":"793657f35f","n":"Prime Sacramento SMF01-01","o":"Prime Data Centers","city":"McClellan Park","st":"CA","mkt":"Sacramento","s":"Active","raw":"Active","p":"market"},"geometry":{"type":"Point","coordinates":[-121.49389,38.58106]}},{"type":"Feature","properties":{"id":"4070fd43cb","n":"Prime Sacramento SMF01-02","o":"Prime Data Centers","city":"McClellan Park","st":"CA","mkt":"Sacramento","s":"Active","raw":"Active","p":"market"},"geometry":{"type":"Point","coordinates":[-121.49389,38.58106]}},{"type":"Feature","properties":{"id":"f6ae565ade","n":"QTS Sacramento","o":"QTS Data Centers","city":"Sacramento","st":"CA","mkt":"Sacramento","s":"Active","raw":"Active","p":"census"},"geometry":{"type":"Point","coordinates":[-121.48468,38.64721]}},{"type":"Feature","properties":{"id":"954f9f96bb","n":"Quest McClellan BRC","o":"Quest Technology Management","city":"McClellan Park","st":"CA","mkt":"Sacramento","s":"Active","raw":"Active","p":"census"},"geometry":{"type":"Point","coordinates":[-121.40588,38.6464]}},{"type":"Feature","properties":{"id":"ef03a6dd70","n":"Quest Roseville HABC","o":"Quest Technology Management","city":"Roseville","st":"CA","mkt":"Sacramento","s":"Active","raw":"Active","p":"census"},"geometry":{"type":"Point","coordinates":[-121.31384,38.78823]}},{"type":"Feature","properties":{"id":"0227682cba","n":"TPx Sacramento Data Center","o":"TPx Communications","city":"Sacramento","st":"CA","mkt":"Sacramento","s":"Active","raw":"Active","p":"census"},"geometry":{"type":"Point","coordinates":[-121.48676,38.57735]}},{"type":"Feature","properties":{"id":"2fcdc666b4","n":"The 20 Broderick","o":"The 20 MSP","city":"Broderick","st":"CA","mkt":"Sacramento","s":"Active","raw":"Active","p":"census"},"geometry":{"type":"Point","coordinates":[-121.52824,38.58702]}},{"type":"Feature","properties":{"id":"f2c99ef470","n":"CARI.net Campus","o":"CARI.net","city":"Kearney Mesa (San Diego)","st":"CA","mkt":"San Diego","s":"Active","raw":"Active","p":"census"},"geometry":{"type":"Point","coordinates":[-117.13646,32.82991]}},{"type":"Feature","properties":{"id":"9709a761d4","n":"Cogent Data Center - San Diego 1","o":"Cogent Communications","city":"San Diego","st":"CA","mkt":"San Diego","s":"Active","raw":"Active","p":"census"},"geometry":{"type":"Point","coordinates":[-117.15992,32.71775]}},{"type":"Feature","properties":{"id":"50d0a10bb3","n":"Cogent Data Center - San Diego 2","o":"Cogent Communications","city":"San Diego","st":"CA","mkt":"San Diego","s":"Active","raw":"Active","p":"census"},"geometry":{"type":"Point","coordinates":[-117.20856,32.88108]}},{"type":"Feature","properties":{"id":"879f277824","n":"Cogent Data Center - San Diego 3","o":"Cogent Communications","city":"San Diego","st":"CA","mkt":"San Diego","s":"Active","raw":"Active","p":"census"},"geometry":{"type":"Point","coordinates":[-117.15178,32.70843]}},{"type":"Feature","properties":{"id":"50014900f8","n":"DataBank SAN1 - San Diego World Trade","o":"DataBank","city":"San Diego","st":"CA","mkt":"San Diego","s":"Active","raw":"Active","p":"census"},"geometry":{"type":"Point","coordinates":[-117.07253,32.98793]}},{"type":"Feature","properties":{"id":"c6189bf967","n":"EdgeConneX San Diego (EDCSDG01)","o":"EdgeConneX","city":"San Diego","st":"CA","mkt":"San Diego","s":"Active","raw":"Active","p":"census"},"geometry":{"type":"Point","coordinates":[-117.16947,32.84091]}},{"type":"Feature","properties":{"id":"080ff307a0","n":"I2B Networks San Diego","o":"I2B Networks, Inc.","city":"San Diego","st":"CA","mkt":"San Diego","s":"Active","raw":"Active","p":"census"},"geometry":{"type":"Point","coordinates":[-117.13789,32.8301]}},{"type":"Feature","properties":{"id":"211573650f","n":"LightEdge - San Diego I","o":"LightEdge","city":"San Diego","st":"CA","mkt":"San Diego","s":"Active","raw":"Active","p":"census"},"geometry":{"type":"Point","coordinates":[-117.13085,32.82915]}},{"type":"Feature","properties":{"id":"3e431d8509","n":"LightEdge - San Diego II","o":"LightEdge","city":"San Diego","st":"CA","mkt":"San Diego","s":"Active","raw":"Active","p":"census"},"geometry":{"type":"Point","coordinates":[-117.20272,32.89698]}},{"type":"Feature","properties":{"id":"712f94819c","n":"Lumen San Diego 1","o":"Lumen","city":"San Diego","st":"CA","mkt":"San Diego","s":"Active","raw":"Active","p":"census"},"geometry":{"type":"Point","coordinates":[-117.13647,32.80971]}},{"type":"Feature","properties":{"id":"252737ff2f","n":"Lumen San Diego 2","o":"Lumen","city":"San Diego","st":"CA","mkt":"San Diego","s":"Active","raw":"Active","p":"census"},"geometry":{"type":"Point","coordinates":[-117.13633,32.82993]}},{"type":"Feature","properties":{"id":"40f93274f4","n":"MDC San Diego SDG1","o":"MDC Data Centers","city":"San Diego","st":"CA","mkt":"San Diego","s":"Active","raw":"Active","p":"census"},"geometry":{"type":"Point","coordinates":[-117.08525,32.59374]}},{"type":"Feature","properties":{"id":"8ffa20203e","n":"MDC San Diego SDG2","o":"MDC Data Centers","city":"San Diego","st":"CA","mkt":"San Diego","s":"Active","raw":"Active","p":"census"},"geometry":{"type":"Point","coordinates":[-117.12554,32.74853]}},{"type":"Feature","properties":{"id":"2fd83666ec","n":"ScaleMatrix San Diego","o":"ScaleMatrix","city":"San Diego","st":"CA","mkt":"San Diego","s":"Active","raw":"Active","p":"census"},"geometry":{"type":"Point","coordinates":[-117.13362,32.8389]}},{"type":"Feature","properties":{"id":"756f5e9c78","n":"SimpleNet Colo","o":"SimpleNet, Inc.","city":"San Diego","st":"CA","mkt":"San Diego","s":"Active","raw":"Active","p":"census"},"geometry":{"type":"Point","coordinates":[-117.16264,32.71565]}},{"type":"Feature","properties":{"id":"bcdc274a93","n":"360 Spear Street (Harvest Properties)","o":"Harvest Properties","city":"San Francisco","st":"CA","mkt":"San Francisco","s":"Active","raw":"Active","p":"census"},"geometry":{"type":"Point","coordinates":[-122.39009,37.78928]}},{"type":"Feature","properties":{"id":"d1abbd3177","n":"Colocation America SFDC1","o":"Colocation America","city":"San Francisco","st":"CA","mkt":"San Francisco","s":"Active","raw":"Active","p":"census"},"geometry":{"type":"Point","coordinates":[-122.39772,37.72295]}},{"type":"Feature","properties":{"id":"312c5aca76","n":"Data Canopy - San Francisco","o":"Data Canopy","city":"San Francisco","st":"CA","mkt":"San Francisco","s":"Active","raw":"Active","p":"census"},"geometry":{"type":"Point","coordinates":[-122.39386,37.77965]}},{"type":"Feature","properties":{"id":"ffe74e7eb2","n":"Digital Realty SFO10","o":"Digital Realty","city":"San Francisco","st":"CA","mkt":"San Francisco","s":"Active","raw":"Active","p":"census"},"geometry":{"type":"Point","coordinates":[-122.39772,37.72295]}},{"type":"Feature","properties":{"id":"06537deae3","n":"Digital Realty SFO12","o":"Digital Realty","city":"San Francisco","st":"CA","mkt":"San Francisco","s":"Active","raw":"Active","p":"census"},"geometry":{"type":"Point","coordinates":[-122.39082,37.78862]}},{"type":"Feature","properties":{"id":"af93a852e5","n":"Fastmetrics 360 Spear Street","o":"Fastmetrics LLC","city":"San Francisco","st":"CA","mkt":"San Francisco","s":"Active","raw":"Active","p":"census"},"geometry":{"type":"Point","coordinates":[-122.39009,37.78928]}},{"type":"Feature","properties":{"id":"a0d6579449","n":"Fastmetrics 365 Main Street","o":"Fastmetrics LLC","city":"San Francisco","st":"CA","mkt":"San Francisco","s":"Active","raw":"Active","p":"census"},"geometry":{"type":"Point","coordinates":[-122.39082,37.78862]}},{"type":"Feature","properties":{"id":"200d8d9875","n":"Fortress Data Centers","o":"Fortress Data Centers","city":"San Francisco","st":"CA","mkt":"San Francisco","s":"Active","raw":"Active","p":"census"},"geometry":{"type":"Point","coordinates":[-122.39141,37.78245]}},{"type":"Feature","properties":{"id":"82736e4c70","n":"Global Stack Daly","o":"Global Stack USA","city":"Daly City","st":"CA","mkt":"San Francisco","s":"Expanding","raw":"Active/Proposed","p":"census"},"geometry":{"type":"Point","coordinates":[-122.41918,37.70804]}},{"type":"Feature","properties":{"id":"ec9f8c9ba7","n":"Guadalupe Quarry Redevelopment Project","o":"Orchard Partners","city":"Brisbane","st":"CA","mkt":"San Francisco","s":"Planned","raw":"Proposed","p":"census"},"geometry":{"type":"Point","coordinates":[-122.41894,37.68714]}},{"type":"Feature","properties":{"id":"a767da61a2","n":"Lumen San Francisco 1","o":"Lumen","city":"San Francisco","st":"CA","mkt":"San Francisco","s":"Active","raw":"Active","p":"census"},"geometry":{"type":"Point","coordinates":[-122.39295,37.77603]}},{"type":"Feature","properties":{"id":"ab28fad695","n":"Lumen San Francisco 3","o":"Lumen","city":"San Francisco","st":"CA","mkt":"San Francisco","s":"Active","raw":"Active","p":"census"},"geometry":{"type":"Point","coordinates":[-122.39772,37.72295]}},{"type":"Feature","properties":{"id":"2a5ab6b553","n":"Novva San Francisco","o":"Novva","city":"San Francisco","st":"CA","mkt":"San Francisco","s":"Active","raw":"Active","p":"census"},"geometry":{"type":"Point","coordinates":[-122.3984,37.72311]}},{"type":"Feature","properties":{"id":"aae5021e5c","n":"UnitedLayer San Francisco","o":"UnitedLayer, Inc.","city":"San Francisco","st":"CA","mkt":"San Francisco","s":"Active","raw":"Active","p":"census"},"geometry":{"type":"Point","coordinates":[-122.39772,37.72295]}},{"type":"Feature","properties":{"id":"9d8cb3a30b","n":"150 South First St","o":"Hines","city":"San Jose","st":"CA","mkt":"San Jose","s":"Active","raw":"Active","p":"census"},"geometry":{"type":"Point","coordinates":[-121.88858,37.33362]}},{"type":"Feature","properties":{"id":"52f21cc3dd","n":"2334 Lundy Place","o":"Overton Moore Properties","city":"San Jose","st":"CA","mkt":"San Jose","s":"Active","raw":"Active","p":"census"},"geometry":{"type":"Point","coordinates":[-121.88982,37.40491]}},{"type":"Feature","properties":{"id":"4869a3bd90","n":"AVAIO Pittsburg","o":"AVAIO Digital","city":"Pittsburg","st":"CA","mkt":"San Jose","s":"Active","raw":"Active","p":"census"},"geometry":{"type":"Point","coordinates":[-121.91093,38.01352]}},{"type":"Feature","properties":{"id":"c436f3f22f","n":"Amazon AWS SFO - 8050 Camino Arroyo","o":"Amazon Web Services","city":"Gilroy","st":"CA","mkt":"San Jose","s":"Active","raw":"Active","p":"census"},"geometry":{"type":"Point","coordinates":[-121.56026,37.01914]}},{"type":"Feature","properties":{"id":"ae4cc3b070","n":"Arena Investors AI R&D","o":"Arena Investors, LP","city":"San Jose","st":"CA","mkt":"San Jose","s":"Active","raw":"Active","p":"census"},"geometry":{"type":"Point","coordinates":[-121.89792,37.34009]}},{"type":"Feature","properties":{"id":"21068a7385","n":"China Mobile San Jose","o":"China Mobile International","city":"San Jose","st":"CA","mkt":"San Jose","s":"Active","raw":"Active","p":"census"},"geometry":{"type":"Point","coordinates":[-121.78219,37.23725]}},{"type":"Feature","properties":{"id":"e8413abdfd","n":"Cogent Data Center - San Jose","o":"Cogent Communications, Inc.","city":"San Jose","st":"CA","mkt":"San Jose","s":"Active","raw":"Active","p":"census"},"geometry":{"type":"Point","coordinates":[-121.92251,37.34786]}},{"type":"Feature","properties":{"id":"5403e89ba6","n":"ColoCrossing SJ1","o":"ColoCrossing","city":"San Jose","st":"CA","mkt":"San Jose","s":"Active","raw":"Active","p":"census"},"geometry":{"type":"Point","coordinates":[-121.89143,37.33451]}},{"type":"Feature","properties":{"id":"6ff1d05424","n":"CoreSite San Jose SV1","o":"CoreSite","city":"San Jose","st":"CA","mkt":"San Jose","s":"Active","raw":"Active","p":"census"},"geometry":{"type":"Point","coordinates":[-121.89143,37.33451]}},{"type":"Feature","properties":{"id":"694930d80a","n":"CoreSite Santa Clara SV2","o":"CoreSite","city":"Milpitas","st":"CA","mkt":"San Jose","s":"Active","raw":"Active","p":"census"},"geometry":{"type":"Point","coordinates":[-121.91778,37.40562]}},{"type":"Feature","properties":{"id":"d8b907b89c","n":"ECL Mountain View MV1","o":"EdgeCloudLink (ECL)","city":"Mountain View","st":"CA","mkt":"San Jose","s":"Active","raw":"Active","p":"census"},"geometry":{"type":"Point","coordinates":[-122.04738,37.39573]}},{"type":"Feature","properties":{"id":"4d9a851912","n":"Element Critical Silicon Valley","o":"Element Critical","city":"Sunnyvale","st":"CA","mkt":"San Jose","s":"Active","raw":"Active","p":"city"},"geometry":{"type":"Point","coordinates":[-122.03635,37.36883]}},{"type":"Feature","properties":{"id":"6ab299b6e7","n":"Equinix Great Oaks Campus","o":"Equinix","city":"San Jose","st":"CA","mkt":"San Jose","s":"Active","raw":"Active","p":"census"},"geometry":{"type":"Point","coordinates":[-121.77665,37.23951]}},{"type":"Feature","properties":{"id":"9889f3c732","n":"Equinix Great Oaks South Campus","o":"Equinix","city":"San Jose","st":"CA","mkt":"San Jose","s":"Active","raw":"Active","p":"census"},"geometry":{"type":"Point","coordinates":[-121.78027,37.23267]}},{"type":"Feature","properties":{"id":"e03ea30a9f","n":"Equinix SV1","o":"Equinix","city":"San Jose","st":"CA","mkt":"San Jose","s":"Active","raw":"Active","p":"census"},"geometry":{"type":"Point","coordinates":[-121.77665,37.23951]}},{"type":"Feature","properties":{"id":"c92a0b859e","n":"Equinix SV10","o":"Equinix","city":"San Jose","st":"CA","mkt":"San Jose","s":"Active","raw":"Active","p":"census"},"geometry":{"type":"Point","coordinates":[-121.7768,37.2396]}},{"type":"Feature","properties":{"id":"628cceade7","n":"Equinix SV11","o":"Equinix","city":"San Jose","st":"CA","mkt":"San Jose","s":"Active","raw":"Active","p":"census"},"geometry":{"type":"Point","coordinates":[-121.77687,37.23965]}},{"type":"Feature","properties":{"id":"41d9f98fea","n":"Equinix SV12x","o":"Equinix","city":"San Jose","st":"CA","mkt":"San Jose","s":"Active","raw":"Active","p":"census"},"geometry":{"type":"Point","coordinates":[-121.78027,37.23267]}},{"type":"Feature","properties":{"id":"daa0ee3164","n":"Equinix SV18","o":"Equinix","city":"San Jose","st":"CA","mkt":"San Jose","s":"Active","raw":"Active","p":"census"},"geometry":{"type":"Point","coordinates":[-121.78027,37.23267]}},{"type":"Feature","properties":{"id":"5a351451f5","n":"Equinix SV19","o":"Equinix","city":"San Jose","st":"CA","mkt":"San Jose","s":"Active","raw":"Active","p":"census"},"geometry":{"type":"Point","coordinates":[-121.78027,37.23267]}},{"type":"Feature","properties":{"id":"2b4cb65bf9","n":"Equinix SV3","o":"Equinix","city":"San Jose","st":"CA","mkt":"San Jose","s":"Active","raw":"Active","p":"census"},"geometry":{"type":"Point","coordinates":[-121.88738,37.38881]}},{"type":"Feature","properties":{"id":"75503ed149","n":"Equinix SV5","o":"Equinix","city":"San Jose","st":"CA","mkt":"San Jose","s":"Active","raw":"Active","p":"census"},"geometry":{"type":"Point","coordinates":[-121.77673,37.23956]}},{"type":"Feature","properties":{"id":"959da96fe2","n":"Evocative OAK1","o":"Evocative Data Centers","city":"Emeryville","st":"CA","mkt":"San Jose","s":"Active","raw":"Active","p":"census"},"geometry":{"type":"Point","coordinates":[-122.2916,37.84683]}},{"type":"Feature","properties":{"id":"209ed9d973","n":"Evocative SJC7","o":"Evocative Data Centers","city":"San Jose","st":"CA","mkt":"San Jose","s":"Active","raw":"Active","p":"census"},"geometry":{"type":"Point","coordinates":[-121.91075,37.3383]}},{"type":"Feature","properties":{"id":"76461d6fff","n":"Goodman Innovation Centre San Jose DC1","o":"Goodman","city":"San Jose","st":"CA","mkt":"San Jose","s":"Active","raw":"Active","p":"census"},"geometry":{"type":"Point","coordinates":[-121.93494,37.38251]}},{"type":"Feature","properties":{"id":"cb7695b99a","n":"Goodman Innovation Centre San Jose DC2","o":"Goodman","city":"San Jose","st":"CA","mkt":"San Jose","s":"Active","raw":"Active","p":"census"},"geometry":{"type":"Point","coordinates":[-121.93614,37.38171]}},{"type":"Feature","properties":{"id":"2f26dfa1de","n":"Got.Net Salinas","o":"Got.Net","city":"Salinas","st":"CA","mkt":"San Jose","s":"Active","raw":"Active","p":"census"},"geometry":{"type":"Point","coordinates":[-121.62605,36.65318]}},{"type":"Feature","properties":{"id":"39ec694c9c","n":"LightEdge San Jose","o":"LightEdge","city":"San Jose","st":"CA","mkt":"San Jose","s":"Active","raw":"Active","p":"census"},"geometry":{"type":"Point","coordinates":[-121.7768,37.2396]}},{"type":"Feature","properties":{"id":"bbb3cb4c11","n":"Lumen San Jose 1","o":"Lumen","city":"San Jose","st":"CA","mkt":"San Jose","s":"Active","raw":"Active","p":"census"},"geometry":{"type":"Point","coordinates":[-121.91856,37.36722]}},{"type":"Feature","properties":{"id":"0b22c789b6","n":"Lumen Sunnyvale 1","o":"Lumen","city":"Sunnyvale","st":"CA","mkt":"San Jose","s":"Active","raw":"Active","p":"osm"},"geometry":{"type":"Point","coordinates":[-121.9878,37.37341]}},{"type":"Feature","properties":{"id":"17777905d4","n":"Menlo Digital MD-SV1","o":"Menlo Digital","city":"Sunnyvale","st":"CA","mkt":"San Jose","s":"Active","raw":"Active","p":"census"},"geometry":{"type":"Point","coordinates":[-122.03254,37.40088]}},{"type":"Feature","properties":{"id":"4252a8eb9f","n":"Microsoft Alviso-Milpitas - Building 1","o":"Microsoft","city":"San Jose","st":"CA","mkt":"San Jose","s":"Active","raw":"Active","p":"city"},"geometry":{"type":"Point","coordinates":[-121.89059,37.33617]}},{"type":"Feature","properties":{"id":"40d0d4bfd5","n":"Microsoft Alviso-Milpitas - Building 2","o":"Microsoft","city":"San Jose","st":"CA","mkt":"San Jose","s":"Active","raw":"Active","p":"city"},"geometry":{"type":"Point","coordinates":[-121.89059,37.33617]}},{"type":"Feature","properties":{"id":"581e59f09e","n":"Microsoft Alviso-Milpitas Campus","o":"Microsoft","city":"San Jose","st":"CA","mkt":"San Jose","s":"Active","raw":"Active","p":"city"},"geometry":{"type":"Point","coordinates":[-121.89059,37.33617]}},{"type":"Feature","properties":{"id":"8fe8442f9c","n":"Microsoft Orchard Pkwy Campus","o":"Microsoft","city":"San Jose","st":"CA","mkt":"San Jose","s":"Active","raw":"Active","p":"city"},"geometry":{"type":"Point","coordinates":[-121.89059,37.33617]}},{"type":"Feature","properties":{"id":"6b0bc3d2d9","n":"Microsoft SJC04","o":"Microsoft","city":"San Jose","st":"CA","mkt":"San Jose","s":"Active","raw":"Active","p":"city"},"geometry":{"type":"Point","coordinates":[-121.89059,37.33617]}},{"type":"Feature","properties":{"id":"f2be408a2a","n":"Microsoft SJC06","o":"Microsoft","city":"San Jose","st":"CA","mkt":"San Jose","s":"Active","raw":"Active","p":"city"},"geometry":{"type":"Point","coordinates":[-121.89059,37.33617]}},{"type":"Feature","properties":{"id":"5553468c4b","n":"NVIDIA San Jose Data Center","o":"NVIDIA","city":"San Jose","st":"CA","mkt":"San Jose","s":"Active","raw":"Active","p":"census"},"geometry":{"type":"Point","coordinates":[-121.94651,37.41896]}},{"type":"Feature","properties":{"id":"f34aba53bf","n":"NaviSite San Jose","o":"NaviSite, Inc.","city":"San Jose","st":"CA","mkt":"San Jose","s":"Active","raw":"Active","p":"census"},"geometry":{"type":"Point","coordinates":[-121.9267,37.39157]}},{"type":"Feature","properties":{"id":"f8b6b0bed4","n":"Plug and Play Tech Center","o":"Plug and Play Tech Center","city":"Sunnyvale","st":"CA","mkt":"San Jose","s":"Active","raw":"Active","p":"census"},"geometry":{"type":"Point","coordinates":[-122.01383,37.38368]}},{"type":"Feature","properties":{"id":"53d1bbc98b","n":"Prime San Jose SJC06","o":"Prime Data Centers","city":"San Jose","st":"CA","mkt":"San Jose","s":"Active","raw":"Active","p":"census"},"geometry":{"type":"Point","coordinates":[-121.78296,37.2349]}},{"type":"Feature","properties":{"id":"5c767105b8","n":"Prologis San Jose Campus","o":"Prologis","city":"San Jose","st":"CA","mkt":"San Jose","s":"Active","raw":"Active","p":"city"},"geometry":{"type":"Point","coordinates":[-121.89059,37.33617]}},{"type":"Feature","properties":{"id":"0de9f18418","n":"Prologis San Jose DC1","o":"Prologis","city":"San Jose","st":"CA","mkt":"San Jose","s":"Active","raw":"Active","p":"city"},"geometry":{"type":"Point","coordinates":[-121.89059,37.33617]}},{"type":"Feature","properties":{"id":"50a449162b","n":"Prologis San Jose DC2","o":"Prologis","city":"San Jose","st":"CA","mkt":"San Jose","s":"Active","raw":"Active","p":"city"},"geometry":{"type":"Point","coordinates":[-121.89059,37.33617]}},{"type":"Feature","properties":{"id":"569ca20aa3","n":"Prologis San Jose DC3","o":"Prologis","city":"San Jose","st":"CA","mkt":"San Jose","s":"Active","raw":"Active","p":"city"},"geometry":{"type":"Point","coordinates":[-121.89059,37.33617]}},{"type":"Feature","properties":{"id":"69ed7f7871","n":"Prologis San Jose DC4","o":"Prologis","city":"San Jose","st":"CA","mkt":"San Jose","s":"Active","raw":"Active","p":"city"},"geometry":{"type":"Point","coordinates":[-121.89059,37.33617]}},{"type":"Feature","properties":{"id":"4ff29ffe0e","n":"Prologis South San Jose","o":"Prologis","city":"San Jose","st":"CA","mkt":"San Jose","s":"Active","raw":"Active","p":"census"},"geometry":{"type":"Point","coordinates":[-121.788,37.25732]}},{"type":"Feature","properties":{"id":"4eaad7efa8","n":"QTS Santa Clara I & II","o":"QTS Data Centers","city":"Santa Clara","st":"CA","mkt":"San Jose","s":"Active","raw":"Active","p":"city"},"geometry":{"type":"Point","coordinates":[-121.95517,37.35411]}},{"type":"Feature","properties":{"id":"c6c078332b","n":"Rackspace San Jose","o":"Rackspace Hosting","city":"San Jose","st":"CA","mkt":"San Jose","s":"Active","raw":"Active","p":"census"},"geometry":{"type":"Point","coordinates":[-121.88858,37.33362]}},{"type":"Feature","properties":{"id":"c918f4f9e9","n":"STACK Infrastructure SVY01 Campus","o":"STACK Infrastructure","city":"San Jose","st":"CA","mkt":"San Jose","s":"Active","raw":"Active","p":"census"},"geometry":{"type":"Point","coordinates":[-121.89558,37.40096]}},{"type":"Feature","properties":{"id":"8cd8bab120","n":"STACK Infrastructure SVY01A","o":"STACK Infrastructure","city":"San Jose","st":"CA","mkt":"San Jose","s":"Active","raw":"Active","p":"census"},"geometry":{"type":"Point","coordinates":[-121.89295,37.40109]}},{"type":"Feature","properties":{"id":"43cf36d943","n":"STACK Infrastructure SVY01B","o":"STACK Infrastructure","city":"San Jose","st":"CA","mkt":"San Jose","s":"Active","raw":"Active","p":"census"},"geometry":{"type":"Point","coordinates":[-121.89295,37.40109]}},{"type":"Feature","properties":{"id":"6a7fdeaba2","n":"STACK Infrastructure SVY01C","o":"STACK Infrastructure","city":"San Jose","st":"CA","mkt":"San Jose","s":"Active","raw":"Active","p":"census"},"geometry":{"type":"Point","coordinates":[-121.89558,37.40096]}},{"type":"Feature","properties":{"id":"eb83f16f41","n":"STACK Infrastructure SVY01D","o":"STACK Infrastructure","city":"San Jose","st":"CA","mkt":"San Jose","s":"Active","raw":"Active","p":"census"},"geometry":{"type":"Point","coordinates":[-121.89702,37.4024]}},{"type":"Feature","properties":{"id":"73af00b59f","n":"SVCOLO Sunnyvale","o":"Silicon Valley Colocation, Inc.","city":"Sunnyvale","st":"CA","mkt":"San Jose","s":"Active","raw":"Active","p":"census"},"geometry":{"type":"Point","coordinates":[-122.01402,37.40018]}},{"type":"Feature","properties":{"id":"97ad0ff53e","n":"Synoptek San Jose Data Center","o":"Synoptek","city":"San Jose","st":"CA","mkt":"San Jose","s":"Active","raw":"Active","p":"census"},"geometry":{"type":"Point","coordinates":[-121.77665,37.23951]}},{"type":"Feature","properties":{"id":"11a3f6b6cc","n":"Terra Data Center","o":"Terra Ventures","city":"San Jose","st":"CA","mkt":"San Jose","s":"Active","raw":"Active","p":"city"},"geometry":{"type":"Point","coordinates":[-121.89059,37.33617]}},{"type":"Feature","properties":{"id":"390d2579c2","n":"Amazon AWS SFO - 2305 Mission A","o":"Amazon Web Services","city":"Santa Clara","st":"CA","mkt":"Santa Clara","s":"Active","raw":"Active","p":"census"},"geometry":{"type":"Point","coordinates":[-121.96517,37.38878]}},{"type":"Feature","properties":{"id":"1826b18735","n":"Amazon AWS SFO - 2305 Mission B","o":"Amazon Web Services","city":"Santa Clara","st":"CA","mkt":"Santa Clara","s":"Active","raw":"Active","p":"census"},"geometry":{"type":"Point","coordinates":[-121.96517,37.38878]}},{"type":"Feature","properties":{"id":"158ffde8fe","n":"Amazon AWS SFO - 960 Central","o":"Amazon Web Services","city":"Santa Clara","st":"CA","mkt":"Santa Clara","s":"Active","raw":"Active","p":"census"},"geometry":{"type":"Point","coordinates":[-121.95083,37.3742]}},{"type":"Feature","properties":{"id":"56dc8dfbc9","n":"Amazon AWS SFO - Mission College Campus","o":"Amazon Web Services","city":"Santa Clara","st":"CA","mkt":"Santa Clara","s":"Active","raw":"Active","p":"census"},"geometry":{"type":"Point","coordinates":[-121.96517,37.38878]}},{"type":"Feature","properties":{"id":"514db035b2","n":"China Telecom Santa Clara","o":"China Telecom Americas","city":"Santa Clara","st":"CA","mkt":"Santa Clara","s":"Active","raw":"Active","p":"census"},"geometry":{"type":"Point","coordinates":[-121.97691,37.3923]}},{"type":"Feature","properties":{"id":"75d16cc543","n":"CloudHQ SJC1","o":"CloudHQ","city":"Santa Clara","st":"CA","mkt":"Santa Clara","s":"Active","raw":"Active","p":"census"},"geometry":{"type":"Point","coordinates":[-121.94275,37.36012]}},{"type":"Feature","properties":{"id":"b3e5cf6204","n":"Cologix SV1","o":"Cologix","city":"Santa Clara","st":"CA","mkt":"Santa Clara","s":"Active","raw":"Active","p":"census"},"geometry":{"type":"Point","coordinates":[-121.9609,37.36618]}},{"type":"Feature","properties":{"id":"68239459bf","n":"Colovore SJC01","o":"Colovore","city":"Santa Clara","st":"CA","mkt":"Santa Clara","s":"Active","raw":"Active","p":"census"},"geometry":{"type":"Point","coordinates":[-121.95329,37.37629]}},{"type":"Feature","properties":{"id":"0af7313f3a","n":"Colovore SJC02","o":"Colovore","city":"Santa Clara","st":"CA","mkt":"Santa Clara","s":"Active","raw":"Active","p":"census"},"geometry":{"type":"Point","coordinates":[-121.95256,37.37728]}},{"type":"Feature","properties":{"id":"b00b25ef14","n":"Connect Santa Clara","o":"Connect Data Centers (Oppidan)","city":"Santa Clara","st":"CA","mkt":"Santa Clara","s":"Active","raw":"Active","p":"census"},"geometry":{"type":"Point","coordinates":[-121.94739,37.37479]}},{"type":"Feature","properties":{"id":"e74e031917","n":"CoreSite Santa Clara (Bowers)","o":"CoreSite","city":"Santa Clara","st":"CA","mkt":"Santa Clara","s":"Active","raw":"Active","p":"city"},"geometry":{"type":"Point","coordinates":[-121.95517,37.35411]}},{"type":"Feature","properties":{"id":"143ad1c5d7","n":"CoreSite Santa Clara SV3","o":"CoreSite","city":"Santa Clara","st":"CA","mkt":"Santa Clara","s":"Active","raw":"Active","p":"census"},"geometry":{"type":"Point","coordinates":[-121.97349,37.37752]}},{"type":"Feature","properties":{"id":"03707d1f9e","n":"CoreSite Santa Clara SV4","o":"CoreSite","city":"Santa Clara","st":"CA","mkt":"Santa Clara","s":"Active","raw":"Active","p":"census"},"geometry":{"type":"Point","coordinates":[-121.97024,37.37634]}},{"type":"Feature","properties":{"id":"deaadc28d8","n":"CoreSite Santa Clara SV5","o":"CoreSite","city":"Santa Clara","st":"CA","mkt":"Santa Clara","s":"Active","raw":"Active","p":"census"},"geometry":{"type":"Point","coordinates":[-121.97024,37.37593]}},{"type":"Feature","properties":{"id":"a29efc054f","n":"CoreSite Santa Clara SV6","o":"CoreSite","city":"Santa Clara","st":"CA","mkt":"Santa Clara","s":"Active","raw":"Active","p":"city"},"geometry":{"type":"Point","coordinates":[-121.95517,37.35411]}},{"type":"Feature","properties":{"id":"6b83455400","n":"CoreSite Santa Clara SV7","o":"CoreSite","city":"Santa Clara","st":"CA","mkt":"Santa Clara","s":"Active","raw":"Active","p":"census"},"geometry":{"type":"Point","coordinates":[-121.97365,37.37548]}},{"type":"Feature","properties":{"id":"b1cf137cc0","n":"CoreSite Santa Clara SV8","o":"CoreSite","city":"Santa Clara","st":"CA","mkt":"Santa Clara","s":"Active","raw":"Active","p":"census"},"geometry":{"type":"Point","coordinates":[-121.97095,37.37706]}},{"type":"Feature","properties":{"id":"bfbd7e5ee6","n":"CoreSite Silicon Valley SV9","o":"CoreSite","city":"Santa Clara","st":"CA","mkt":"Santa Clara","s":"Active","raw":"Active","p":"census"},"geometry":{"type":"Point","coordinates":[-121.9701,37.37527]}},{"type":"Feature","properties":{"id":"a770aafdb1","n":"Csquare Silicon Valley SFO1-A","o":"Csquare","city":"Santa Clara","st":"CA","mkt":"Santa Clara","s":"Active","raw":"Active","p":"census"},"geometry":{"type":"Point","coordinates":[-121.96874,37.36949]}},{"type":"Feature","properties":{"id":"c05e6a9cbe","n":"Csquare Silicon Valley SFO1-B","o":"Csquare","city":"Santa Clara","st":"CA","mkt":"Santa Clara","s":"Active","raw":"Active","p":"census"},"geometry":{"type":"Point","coordinates":[-121.96874,37.36949]}},{"type":"Feature","properties":{"id":"0b36dae33b","n":"Csquare Silicon Valley SFO2 Campus","o":"Csquare","city":"Santa Clara","st":"CA","mkt":"Santa Clara","s":"Active","raw":"Active","p":"census"},"geometry":{"type":"Point","coordinates":[-121.97956,37.39697]}},{"type":"Feature","properties":{"id":"42e8ddee36","n":"Csquare Silicon Valley SFO2-A","o":"Csquare","city":"Santa Clara","st":"CA","mkt":"Santa Clara","s":"Active","raw":"Active","p":"census"},"geometry":{"type":"Point","coordinates":[-121.97957,37.39803]}},{"type":"Feature","properties":{"id":"b40bf24c86","n":"Csquare Silicon Valley SFO2-B","o":"Csquare","city":"Santa Clara","st":"CA","mkt":"Santa Clara","s":"Active","raw":"Active","p":"census"},"geometry":{"type":"Point","coordinates":[-121.97956,37.39697]}},{"type":"Feature","properties":{"id":"d7448ea697","n":"Csquare Silicon Valley SFO3-A","o":"Csquare","city":"Sunnyvale","st":"CA","mkt":"Santa Clara","s":"Active","raw":"Active","p":"osm"},"geometry":{"type":"Point","coordinates":[-121.98613,37.37206]}},{"type":"Feature","properties":{"id":"603ef71d02","n":"Csquare Silicon Valley SFO4-A","o":"Csquare","city":"Santa Clara","st":"CA","mkt":"Santa Clara","s":"Active","raw":"Active","p":"census"},"geometry":{"type":"Point","coordinates":[-121.95595,37.37619]}},{"type":"Feature","properties":{"id":"bc3dfe0b65","n":"Csquare Silicon Valley SFO4-B","o":"Csquare","city":"Santa Clara","st":"CA","mkt":"Santa Clara","s":"Active","raw":"Active","p":"census"},"geometry":{"type":"Point","coordinates":[-121.95629,37.37619]}},{"type":"Feature","properties":{"id":"55de557944","n":"CyrusOne SCV1","o":"CyrusOne","city":"Santa Clara","st":"CA","mkt":"Santa Clara","s":"Active","raw":"Active","p":"census"},"geometry":{"type":"Point","coordinates":[-121.94161,37.3666]}},{"type":"Feature","properties":{"id":"04024629d6","n":"DataBank SFO1 - Silicon Valley","o":"DataBank","city":"Santa Clara","st":"CA","mkt":"Santa Clara","s":"Active","raw":"Active","p":"osm"},"geometry":{"type":"Point","coordinates":[-121.96583,37.40733]}},{"type":"Feature","properties":{"id":"30496acb3b","n":"Datacate Santa Clara","o":"Datacate Inc.","city":"Santa Clara","st":"CA","mkt":"Santa Clara","s":"Active","raw":"Active","p":"census"},"geometry":{"type":"Point","coordinates":[-121.96273,37.38856]}},{"type":"Feature","properties":{"id":"75e392dfcf","n":"Digital Core REIT SJC18","o":"Digital Core REIT","city":"Santa Clara","st":"CA","mkt":"Santa Clara","s":"Active","raw":"Active","p":"census"},"geometry":{"type":"Point","coordinates":[-121.96874,37.36949]}},{"type":"Feature","properties":{"id":"032ec62568","n":"Digital Core REIT SJC19","o":"Digital Core REIT","city":"Santa Clara","st":"CA","mkt":"Santa Clara","s":"Active","raw":"Active","p":"census"},"geometry":{"type":"Point","coordinates":[-121.96874,37.36949]}},{"type":"Feature","properties":{"id":"83b6c52ead","n":"Digital Realty 1350 Duane & 3080 Raymond","o":"Digital Realty","city":"Santa Clara","st":"CA","mkt":"Santa Clara","s":"Active","raw":"Active","p":"census"},"geometry":{"type":"Point","coordinates":[-121.95478,37.37904]}},{"type":"Feature","properties":{"id":"29a040400e","n":"Digital Realty SC1","o":"Digital Realty","city":"Santa Clara","st":"CA","mkt":"Santa Clara","s":"Active","raw":"Active","p":"census"},"geometry":{"type":"Point","coordinates":[-121.94158,37.36266]}},{"type":"Feature","properties":{"id":"6fe1b37e02","n":"Digital Realty SJC10","o":"Digital Realty","city":"Santa Clara","st":"CA","mkt":"Santa Clara","s":"Active","raw":"Active","p":"census"},"geometry":{"type":"Point","coordinates":[-121.95329,37.37617]}},{"type":"Feature","properties":{"id":"a19954fdbd","n":"Digital Realty SJC11","o":"Digital Realty","city":"Santa Clara","st":"CA","mkt":"Santa Clara","s":"Active","raw":"Active","p":"census"},"geometry":{"type":"Point","coordinates":[-121.94914,37.37663]}},{"type":"Feature","properties":{"id":"56143a50eb","n":"Digital Realty SJC14","o":"Digital Realty","city":"Santa Clara","st":"CA","mkt":"Santa Clara","s":"Active","raw":"Active","p":"census"},"geometry":{"type":"Point","coordinates":[-121.95595,37.37619]}},{"type":"Feature","properties":{"id":"aebe881990","n":"Digital Realty SJC15","o":"Digital Realty","city":"Santa Clara","st":"CA","mkt":"Santa Clara","s":"Active","raw":"Active","p":"census"},"geometry":{"type":"Point","coordinates":[-121.9528,37.37466]}},{"type":"Feature","properties":{"id":"7bdf7aeb5e","n":"Digital Realty SJC16","o":"Digital Realty","city":"Santa Clara","st":"CA","mkt":"Santa Clara","s":"Active","raw":"Active","p":"census"},"geometry":{"type":"Point","coordinates":[-121.95594,37.37465]}},{"type":"Feature","properties":{"id":"f3446704da","n":"Digital Realty SJC17","o":"Digital Realty","city":"Santa Clara","st":"CA","mkt":"Santa Clara","s":"Active","raw":"Active","p":"city"},"geometry":{"type":"Point","coordinates":[-121.95517,37.35411]}},{"type":"Feature","properties":{"id":"c59cff2b2c","n":"Digital Realty SJC29","o":"Digital Realty","city":"Santa Clara","st":"CA","mkt":"Santa Clara","s":"Active","raw":"Active","p":"census"},"geometry":{"type":"Point","coordinates":[-121.9576,37.37463]}},{"type":"Feature","properties":{"id":"23f3f61aa7","n":"Digital Realty SJC30","o":"Digital Realty","city":"Santa Clara","st":"CA","mkt":"Santa Clara","s":"Active","raw":"Active","p":"census"},"geometry":{"type":"Point","coordinates":[-121.9585,37.37765]}},{"type":"Feature","properties":{"id":"19377b6fcd","n":"Digital Realty SJC31","o":"Digital Realty","city":"Santa Clara","st":"CA","mkt":"Santa Clara","s":"Active","raw":"Active","p":"osm"},"geometry":{"type":"Point","coordinates":[-121.94826,37.37235]}},{"type":"Feature","properties":{"id":"04baff2bfe","n":"Digital Realty SJC34","o":"Digital Realty","city":"Santa Clara","st":"CA","mkt":"Santa Clara","s":"Active","raw":"Active","p":"census"},"geometry":{"type":"Point","coordinates":[-121.97205,37.37273]}},{"type":"Feature","properties":{"id":"4865c3b678","n":"Digital Realty SJC35","o":"Digital Realty","city":"Santa Clara","st":"CA","mkt":"Santa Clara","s":"Active","raw":"Active","p":"census"},"geometry":{"type":"Point","coordinates":[-121.95853,37.37895]}},{"type":"Feature","properties":{"id":"ebc27a3443","n":"Digital Realty SJC36","o":"Digital Realty","city":"Santa Clara","st":"CA","mkt":"Santa Clara","s":"Active","raw":"Active","p":"city"},"geometry":{"type":"Point","coordinates":[-121.95517,37.35411]}},{"type":"Feature","properties":{"id":"61b0fea44e","n":"Digital Realty SJC37","o":"Digital Realty","city":"Santa Clara","st":"CA","mkt":"Santa Clara","s":"Active","raw":"Active","p":"census"},"geometry":{"type":"Point","coordinates":[-121.94749,37.3701]}},{"type":"Feature","properties":{"id":"c4795ba7d7","n":"ECL Santa Clara CSC-1","o":"EdgeCloudLink (ECL)","city":"Santa Clara","st":"CA","mkt":"Santa Clara","s":"Active","raw":"Active","p":"city"},"geometry":{"type":"Point","coordinates":[-121.95517,37.35411]}},{"type":"Feature","properties":{"id":"d1787f4cd9","n":"EdgeConneX Santa Clara (EDCSVC01)","o":"EdgeConneX","city":"Santa Clara","st":"CA","mkt":"Santa Clara","s":"Active","raw":"Active","p":"census"},"geometry":{"type":"Point","coordinates":[-121.95817,37.36537]}},{"type":"Feature","properties":{"id":"b30b60cfb6","n":"EdgeConneX Santa Clara (EDCSVC02)","o":"EdgeConneX","city":"Santa Clara","st":"CA","mkt":"Santa Clara","s":"Active","raw":"Active","p":"census"},"geometry":{"type":"Point","coordinates":[-121.95496,37.36316]}},{"type":"Feature","properties":{"id":"351853830b","n":"EdgeCore Silicon Valley Campus","o":"EdgeCore","city":"Santa Clara","st":"CA","mkt":"Santa Clara","s":"Active","raw":"Active","p":"census"},"geometry":{"type":"Point","coordinates":[-121.96251,37.38332]}},{"type":"Feature","properties":{"id":"3767e28825","n":"EdgeCore Silicon Valley SV01","o":"EdgeCore","city":"Santa Clara","st":"CA","mkt":"Santa Clara","s":"Active","raw":"Active","p":"city"},"geometry":{"type":"Point","coordinates":[-121.95517,37.35411]}},{"type":"Feature","properties":{"id":"74722ae5b3","n":"EdgeCore Silicon Valley SV02","o":"EdgeCore","city":"Santa Clara","st":"CA","mkt":"Santa Clara","s":"Active","raw":"Active","p":"census"},"geometry":{"type":"Point","coordinates":[-121.96251,37.38332]}},{"type":"Feature","properties":{"id":"04564ffdcf","n":"Equinix Corvin Drive Campus","o":"Equinix","city":"Santa Clara","st":"CA","mkt":"Santa Clara","s":"Active","raw":"Active","p":"census"},"geometry":{"type":"Point","coordinates":[-121.98793,37.37583]}},{"type":"Feature","properties":{"id":"1e4170ab22","n":"Equinix SV14","o":"Equinix","city":"Santa Clara","st":"CA","mkt":"Santa Clara","s":"Active","raw":"Active","p":"census"},"geometry":{"type":"Point","coordinates":[-121.98792,37.37514]}},{"type":"Feature","properties":{"id":"dea3dc77cc","n":"Equinix SV15","o":"Equinix","city":"Santa Clara","st":"CA","mkt":"Santa Clara","s":"Active","raw":"Active","p":"census"},"geometry":{"type":"Point","coordinates":[-121.98792,37.37532]}},{"type":"Feature","properties":{"id":"3dd4c4362b","n":"Equinix SV16","o":"Equinix","city":"Santa Clara","st":"CA","mkt":"Santa Clara","s":"Active","raw":"Active","p":"census"},"geometry":{"type":"Point","coordinates":[-121.98793,37.37583]}},{"type":"Feature","properties":{"id":"913b8d9907","n":"Equinix SV2","o":"Equinix","city":"Santa Clara","st":"CA","mkt":"Santa Clara","s":"Active","raw":"Active","p":"census"},"geometry":{"type":"Point","coordinates":[-121.95478,37.37904]}},{"type":"Feature","properties":{"id":"53e5d6c8a3","n":"Equinix SV4","o":"Equinix","city":"Sunnyvale","st":"CA","mkt":"Santa Clara","s":"Active","raw":"Active","p":"census"},"geometry":{"type":"Point","coordinates":[-122.01503,37.41349]}},{"type":"Feature","properties":{"id":"689bc9ea5a","n":"Evocative SJC11","o":"Evocative Data Centers","city":"Santa Clara","st":"CA","mkt":"Santa Clara","s":"Active","raw":"Active","p":"census"},"geometry":{"type":"Point","coordinates":[-121.96273,37.38856]}},{"type":"Feature","properties":{"id":"ff4dd52ad8","n":"Evocative SJC14","o":"Evocative Data Centers","city":"Santa Clara","st":"CA","mkt":"Santa Clara","s":"Active","raw":"Active","p":"census"},"geometry":{"type":"Point","coordinates":[-121.95594,37.37465]}},{"type":"Feature","properties":{"id":"ee0d774904","n":"Evocative SJC3","o":"Evocative Data Centers","city":"Santa Clara","st":"CA","mkt":"Santa Clara","s":"Active","raw":"Active","p":"census"},"geometry":{"type":"Point","coordinates":[-121.95258,37.37756]}},{"type":"Feature","properties":{"id":"484eb5e081","n":"GDC Silicon Valley SV1","o":"NTT DATA, Inc.","city":"Santa Clara","st":"CA","mkt":"Santa Clara","s":"Active","raw":"Active","p":"census"},"geometry":{"type":"Point","coordinates":[-121.95251,37.3697]}},{"type":"Feature","properties":{"id":"7ecce006fd","n":"IBM SJC01","o":"IBM","city":"Santa Clara","st":"CA","mkt":"Santa Clara","s":"Active","raw":"Active","p":"census"},"geometry":{"type":"Point","coordinates":[-121.9585,37.37765]}},{"type":"Feature","properties":{"id":"6009bdef9e","n":"Intel Santa Clara (D2P3)","o":"Intel Corporation","city":"Santa Clara","st":"CA","mkt":"Santa Clara","s":"Active","raw":"Active","p":"census"},"geometry":{"type":"Point","coordinates":[-121.96494,37.38866]}},{"type":"Feature","properties":{"id":"69fbceb213","n":"Lumen Santa Clara 1","o":"Lumen","city":"Santa Clara","st":"CA","mkt":"Santa Clara","s":"Active","raw":"Active","p":"census"},"geometry":{"type":"Point","coordinates":[-121.95241,37.37702]}},{"type":"Feature","properties":{"id":"3085db08af","n":"OpenColo SC1","o":"OpenColo","city":"Santa Clara","st":"CA","mkt":"Santa Clara","s":"Active","raw":"Active","p":"census"},"geometry":{"type":"Point","coordinates":[-121.95658,37.37888]}},{"type":"Feature","properties":{"id":"6bf7686207","n":"Prime Santa Clara Campus","o":"Prime Data Centers","city":"Santa Clara","st":"CA","mkt":"Santa Clara","s":"Active","raw":"Active","p":"census"},"geometry":{"type":"Point","coordinates":[-121.95309,37.37466]}},{"type":"Feature","properties":{"id":"6bf96557e5","n":"Prime Santa Clara SJC02","o":"Prime Data Centers","city":"Santa Clara","st":"CA","mkt":"Santa Clara","s":"Active","raw":"Active","p":"census"},"geometry":{"type":"Point","coordinates":[-121.95193,37.37468]}},{"type":"Feature","properties":{"id":"672242cc1c","n":"Prime Santa Clara SJC03","o":"Prime Data Centers","city":"Santa Clara","st":"CA","mkt":"Santa Clara","s":"Active","raw":"Active","p":"census"},"geometry":{"type":"Point","coordinates":[-121.96334,37.36793]}},{"type":"Feature","properties":{"id":"f9cc305c0e","n":"Prime Santa Clara SJC04","o":"Prime Data Centers","city":"Santa Clara","st":"CA","mkt":"Santa Clara","s":"Active","raw":"Active","p":"census"},"geometry":{"type":"Point","coordinates":[-121.95309,37.37466]}},{"type":"Feature","properties":{"id":"f76dc220ff","n":"STACK Infrastructure SVY02A","o":"STACK Infrastructure","city":"Santa Clara","st":"CA","mkt":"Santa Clara","s":"Active","raw":"Active","p":"census"},"geometry":{"type":"Point","coordinates":[-121.94998,37.36257]}},{"type":"Feature","properties":{"id":"44ffedd866","n":"StratCap Santa Clara","o":"StratCap Data Centers","city":"Santa Clara","st":"CA","mkt":"Santa Clara","s":"Active","raw":"Active","p":"census"},"geometry":{"type":"Point","coordinates":[-121.95012,37.37879]}},{"type":"Feature","properties":{"id":"bcf1134e76","n":"Tata Communications Santa Clara","o":"Tata Communications","city":"Santa Clara","st":"CA","mkt":"Santa Clara","s":"Active","raw":"Active","p":"census"},"geometry":{"type":"Point","coordinates":[-121.95329,37.37617]}},{"type":"Feature","properties":{"id":"f2d23fcf8c","n":"Vantage CA1 - Building 2","o":"Vantage Data Centers","city":"Santa Clara","st":"CA","mkt":"Santa Clara","s":"Active","raw":"Active","p":"census"},"geometry":{"type":"Point","coordinates":[-121.97241,37.37071]}},{"type":"Feature","properties":{"id":"1b47d7ca57","n":"Vantage CA1 - Building 3","o":"Vantage Data Centers","city":"Santa Clara","st":"CA","mkt":"Santa Clara","s":"Active","raw":"Active","p":"census"},"geometry":{"type":"Point","coordinates":[-121.97205,37.37329]}},{"type":"Feature","properties":{"id":"f625c1cdf3","n":"Vantage CA1 - Building 4","o":"Vantage Data Centers","city":"Santa Clara","st":"CA","mkt":"Santa Clara","s":"Active","raw":"Active","p":"census"},"geometry":{"type":"Point","coordinates":[-121.97455,37.37196]}},{"type":"Feature","properties":{"id":"fc1809543a","n":"Vantage CA1 - Building 5","o":"Vantage Data Centers","city":"Santa Clara","st":"CA","mkt":"Santa Clara","s":"Active","raw":"Active","p":"census"},"geometry":{"type":"Point","coordinates":[-121.97205,37.37329]}},{"type":"Feature","properties":{"id":"6ba78b5157","n":"Vantage CA1 - Building 6","o":"Vantage Data Centers","city":"Santa Clara","st":"CA","mkt":"Santa Clara","s":"Active","raw":"Active","p":"census"},"geometry":{"type":"Point","coordinates":[-121.97193,37.3739]}},{"type":"Feature","properties":{"id":"3bd7b2bc5f","n":"Vantage CA1 - Santa Clara I Campus","o":"Vantage Data Centers","city":"Santa Clara","st":"CA","mkt":"Santa Clara","s":"Active","raw":"Active","p":"census"},"geometry":{"type":"Point","coordinates":[-121.97193,37.3739]}},{"type":"Feature","properties":{"id":"9b889e9766","n":"Vantage CA2 - Building 1","o":"Vantage Data Centers","city":"Santa Clara","st":"CA","mkt":"Santa Clara","s":"Active","raw":"Active","p":"census"},"geometry":{"type":"Point","coordinates":[-121.94765,37.3632]}},{"type":"Feature","properties":{"id":"13a79b48b8","n":"Vantage CA2 - Building 2","o":"Vantage Data Centers","city":"Santa Clara","st":"CA","mkt":"Santa Clara","s":"Active","raw":"Active","p":"census"},"geometry":{"type":"Point","coordinates":[-121.9465,37.3633]}},{"type":"Feature","properties":{"id":"d9b503d6dd","n":"Vantage CA2 - Building 3","o":"Vantage Data Centers","city":"Santa Clara","st":"CA","mkt":"Santa Clara","s":"Active","raw":"Active","p":"census"},"geometry":{"type":"Point","coordinates":[-121.94737,37.36322]}},{"type":"Feature","properties":{"id":"5544d8d090","n":"Vantage CA2 - Santa Clara II Campus","o":"Vantage Data Centers","city":"Santa Clara","st":"CA","mkt":"Santa Clara","s":"Active","raw":"Active","p":"census"},"geometry":{"type":"Point","coordinates":[-121.94623,37.36332]}},{"type":"Feature","properties":{"id":"cc0b105b14","n":"Vantage CA3 - Santa Clara III","o":"Vantage Data Centers","city":"Santa Clara","st":"CA","mkt":"Santa Clara","s":"Active","raw":"Active","p":"census"},"geometry":{"type":"Point","coordinates":[-121.97405,37.37129]}},{"type":"Feature","properties":{"id":"afdd873c09","n":"Hivelocity - Colorado Springs 1","o":"Hivelocity","city":"Colorado Springs","st":"CO","mkt":"Colorado Springs","s":"Active","raw":"Active","p":"census"},"geometry":{"type":"Point","coordinates":[-104.82366,38.83233]}},{"type":"Feature","properties":{"id":"08cc29041b","n":"Lumen Colorado Springs 2","o":"Lumen","city":"Colorado Springs","st":"CO","mkt":"Colorado Springs","s":"Active","raw":"Active","p":"census"},"geometry":{"type":"Point","coordinates":[-104.82366,38.83233]}},{"type":"Feature","properties":{"id":"b3675e59aa","n":"Novva Colorado Springs","o":"Novva","city":"Colorado Springs","st":"CO","mkt":"Colorado Springs","s":"Active","raw":"Active","p":"census"},"geometry":{"type":"Point","coordinates":[-104.81663,39.01306]}},{"type":"Feature","properties":{"id":"cc861a122f","n":"Plaza of the Rockies West Tower","o":"Norwood Development Group","city":"Colorado Springs","st":"CO","mkt":"Colorado Springs","s":"Active","raw":"Active","p":"census"},"geometry":{"type":"Point","coordinates":[-104.82366,38.83233]}},{"type":"Feature","properties":{"id":"26fbe563ac","n":"Raeden Colorado Springs","o":"Raeden","city":"Colorado Springs","st":"CO","mkt":"Colorado Springs","s":"Active","raw":"Active","p":"city"},"geometry":{"type":"Point","coordinates":[-104.82535,38.83396]}},{"type":"Feature","properties":{"id":"b31c651159","n":"Springs Hosting Data Center","o":"Springs Hosting","city":"Colorado Springs","st":"CO","mkt":"Colorado Springs","s":"Active","raw":"Active","p":"census"},"geometry":{"type":"Point","coordinates":[-104.76999,38.81459]}},{"type":"Feature","properties":{"id":"c797c27c5b","n":"T5@Colorado Springs","o":"T5 Data Centers","city":"Colorado Springs","st":"CO","mkt":"Colorado Springs","s":"Active","raw":"Active","p":"census"},"geometry":{"type":"Point","coordinates":[-104.79448,38.79659]}},{"type":"Feature","properties":{"id":"19f1036f91","n":"Uniti Colorado Springs","o":"Uniti Wholesale","city":"Colorado Springs","st":"CO","mkt":"Colorado Springs","s":"Active","raw":"Active","p":"census"},"geometry":{"type":"Point","coordinates":[-104.79278,38.99693]}},{"type":"Feature","properties":{"id":"6007140552","n":"1500 Champa (RadiusDC)","o":"RadiusDC","city":"Denver","st":"CO","mkt":"Denver","s":"Active","raw":"Active","p":"census"},"geometry":{"type":"Point","coordinates":[-104.99505,39.74559]}},{"type":"Feature","properties":{"id":"86a1f79e28","n":"365 Data Centers - Aurora","o":"365 Data Centers","city":"Aurora","st":"CO","mkt":"Denver","s":"Active","raw":"Active","p":"census"},"geometry":{"type":"Point","coordinates":[-104.76096,39.76201]}},{"type":"Feature","properties":{"id":"95ce28213a","n":"910Telecom","o":"DGEB Management, LLC","city":"Denver","st":"CO","mkt":"Denver","s":"Active","raw":"Active","p":"census"},"geometry":{"type":"Point","coordinates":[-104.99534,39.74565]}},{"type":"Feature","properties":{"id":"7b9edbe1f1","n":"American Tower EDC Boulder","o":"American Tower Corporation","city":"Broomfield","st":"CO","mkt":"Denver","s":"Active","raw":"Active","p":"census"},"geometry":{"type":"Point","coordinates":[-105.12804,39.93044]}},{"type":"Feature","properties":{"id":"29b030411e","n":"American Tower EDC Denver","o":"American Tower Corporation","city":"Denver","st":"CO","mkt":"Denver","s":"Active","raw":"Active","p":"census"},"geometry":{"type":"Point","coordinates":[-104.98765,39.78815]}},{"type":"Feature","properties":{"id":"8c985ed0ec","n":"Centennial Data Center","o":"Aphorio Carter","city":"Centennial","st":"CO","mkt":"Denver","s":"Active","raw":"Active","p":"census"},"geometry":{"type":"Point","coordinates":[-104.87629,39.58774]}},{"type":"Feature","properties":{"id":"a776592847","n":"Cogent Data Center - Denver","o":"Cogent Communications, Inc.","city":"Denver","st":"CO","mkt":"Denver","s":"Active","raw":"Active","p":"census"},"geometry":{"type":"Point","coordinates":[-104.89652,39.63087]}},{"type":"Feature","properties":{"id":"40c0675ab2","n":"Colorado Colo","o":"Colorado Colo","city":"Lakewood","st":"CO","mkt":"Denver","s":"Active","raw":"Active","p":"census"},"geometry":{"type":"Point","coordinates":[-105.12186,39.72909]}},{"type":"Feature","properties":{"id":"a104a292db","n":"Comcast Centennial","o":"Comcast","city":"Centennial","st":"CO","mkt":"Denver","s":"Active","raw":"Active","p":"census"},"geometry":{"type":"Point","coordinates":[-104.83138,39.58874]}},{"type":"Feature","properties":{"id":"c78f05e60f","n":"CoreSite Denver DE1","o":"CoreSite","city":"Denver","st":"CO","mkt":"Denver","s":"Active","raw":"Active","p":"census"},"geometry":{"type":"Point","coordinates":[-104.99534,39.74565]}},{"type":"Feature","properties":{"id":"8c40650e4c","n":"CoreSite Denver DE2","o":"CoreSite","city":"Denver","st":"CO","mkt":"Denver","s":"Active","raw":"Active","p":"census"},"geometry":{"type":"Point","coordinates":[-104.97941,39.74491]}},{"type":"Feature","properties":{"id":"69f576704a","n":"CoreSite Denver DE3","o":"CoreSite","city":"Denver","st":"CO","mkt":"Denver","s":"Active","raw":"Active","p":"census"},"geometry":{"type":"Point","coordinates":[-104.96342,39.78525]}},{"type":"Feature","properties":{"id":"abcfe043c3","n":"Csquare Denver DEN1-A","o":"Csquare","city":"Highland Ranch","st":"CO","mkt":"Denver","s":"Active","raw":"Active","p":"census"},"geometry":{"type":"Point","coordinates":[-105.03267,39.5492]}},{"type":"Feature","properties":{"id":"e473e44675","n":"Csquare Denver DEN1-B","o":"Csquare","city":"Highland Ranch","st":"CO","mkt":"Denver","s":"Active","raw":"Active","p":"census"},"geometry":{"type":"Point","coordinates":[-105.03501,39.55016]}},{"type":"Feature","properties":{"id":"3afbf61437","n":"Csquare Denver DEN2-A","o":"Csquare","city":"Englewood","st":"CO","mkt":"Denver","s":"Active","raw":"Active","p":"census"},"geometry":{"type":"Point","coordinates":[-104.83255,39.5616]}},{"type":"Feature","properties":{"id":"16f5b2328a","n":"Data Canopy - Denver","o":"Data Canopy","city":"Denver","st":"CO","mkt":"Denver","s":"Active","raw":"Active","p":"census"},"geometry":{"type":"Point","coordinates":[-104.9874,39.70021]}},{"type":"Feature","properties":{"id":"e4d1309588","n":"DataBank Centennial Campus","o":"DataBank","city":"Centennial","st":"CO","mkt":"Denver","s":"Active","raw":"Active","p":"census"},"geometry":{"type":"Point","coordinates":[-104.84802,39.59182]}},{"type":"Feature","properties":{"id":"b52f3caf47","n":"DataBank DEN1 - Englewood","o":"DataBank","city":"Englewood","st":"CO","mkt":"Denver","s":"Active","raw":"Active","p":"census"},"geometry":{"type":"Point","coordinates":[-104.86565,39.56095]}},{"type":"Feature","properties":{"id":"4d228d9296","n":"DataBank DEN2 - Centennial","o":"DataBank","city":"Centennial","st":"CO","mkt":"Denver","s":"Active","raw":"Active","p":"census"},"geometry":{"type":"Point","coordinates":[-104.84802,39.59182]}},{"type":"Feature","properties":{"id":"50a79b651d","n":"DataBank DEN3 - Downtown Denver","o":"DataBank","city":"Denver","st":"CO","mkt":"Denver","s":"Active","raw":"Active","p":"census"},"geometry":{"type":"Point","coordinates":[-104.99505,39.74559]}},{"type":"Feature","properties":{"id":"36b667b656","n":"DataBank DEN4 - Westminster","o":"DataBank","city":"Westminster","st":"CO","mkt":"Denver","s":"Active","raw":"Active","p":"census"},"geometry":{"type":"Point","coordinates":[-105.07952,39.88351]}},{"type":"Feature","properties":{"id":"e07168bc43","n":"DataBank DEN5 - Centennial II","o":"DataBank","city":"Centennial","st":"CO","mkt":"Denver","s":"Active","raw":"Active","p":"census"},"geometry":{"type":"Point","coordinates":[-104.84594,39.59051]}},{"type":"Feature","properties":{"id":"407a1e2f9b","n":"Denver Gas & Electric Building","o":"CoreSite","city":"Denver","st":"CO","mkt":"Denver","s":"Active","raw":"Active","p":"census"},"geometry":{"type":"Point","coordinates":[-104.99534,39.74565]}},{"type":"Feature","properties":{"id":"0f2deb6ebf","n":"DirecTV Castle Rock","o":"DirecTV","city":"Castle Rock","st":"CO","mkt":"Denver","s":"Active","raw":"Active","p":"census"},"geometry":{"type":"Point","coordinates":[-104.78855,39.27654]}},{"type":"Feature","properties":{"id":"9d804f18a4","n":"DirecTV Englewood","o":"DirecTV","city":"Englewood","st":"CO","mkt":"Denver","s":"Active","raw":"Active","p":"census"},"geometry":{"type":"Point","coordinates":[-104.86248,39.55972]}},{"type":"Feature","properties":{"id":"e35d23bebb","n":"Earthnet Data Center","o":"Earthnet","city":"Boulder","st":"CO","mkt":"Denver","s":"Active","raw":"Active","p":"census"},"geometry":{"type":"Point","coordinates":[-105.24228,40.0194]}},{"type":"Feature","properties":{"id":"fff5446387","n":"EdgeConneX Denver (EDCDEN01)","o":"EdgeConneX","city":"Englewood","st":"CO","mkt":"Denver","s":"Active","raw":"Active","p":"census"},"geometry":{"type":"Point","coordinates":[-104.82677,39.56075]}},{"type":"Feature","properties":{"id":"58e6db2389","n":"EdgeConneX Denver (EDCDEN02)","o":"EdgeConneX","city":"Englewood","st":"CO","mkt":"Denver","s":"Active","raw":"Active","p":"census"},"geometry":{"type":"Point","coordinates":[-104.82678,39.56198]}},{"type":"Feature","properties":{"id":"e1f9a39b32","n":"Equinix DE1","o":"Equinix","city":"Englewood","st":"CO","mkt":"Denver","s":"Active","raw":"Active","p":"census"},"geometry":{"type":"Point","coordinates":[-104.87629,39.58774]}},{"type":"Feature","properties":{"id":"8f41073ec0","n":"Equinix DE2","o":"Equinix","city":"Englewood","st":"CO","mkt":"Denver","s":"Active","raw":"Active","p":"census"},"geometry":{"type":"Point","coordinates":[-104.85866,39.56103]}},{"type":"Feature","properties":{"id":"ad6ee9b76f","n":"Expedient Centennial","o":"Expedient Data Centers","city":"Centennial","st":"CO","mkt":"Denver","s":"Active","raw":"Active","p":"census"},"geometry":{"type":"Point","coordinates":[-104.84041,39.58279]}},{"type":"Feature","properties":{"id":"7326771822","n":"Flexential Denver - Aurora","o":"Flexential","city":"Aurora","st":"CO","mkt":"Denver","s":"Active","raw":"Active","p":"census"},"geometry":{"type":"Point","coordinates":[-104.84989,39.66163]}},{"type":"Feature","properties":{"id":"274f46502e","n":"Flexential Denver - Centennial","o":"Flexential","city":"Centennial","st":"CO","mkt":"Denver","s":"Active","raw":"Active","p":"census"},"geometry":{"type":"Point","coordinates":[-104.84372,39.595]}},{"type":"Feature","properties":{"id":"0f3e399fb4","n":"Flexential Denver - Englewood","o":"Flexential","city":"Englewood","st":"CO","mkt":"Denver","s":"Active","raw":"Active","p":"census"},"geometry":{"type":"Point","coordinates":[-104.83937,39.55913]}},{"type":"Feature","properties":{"id":"97ea8847f2","n":"Flexential Denver - Parker","o":"Flexential","city":"Parker","st":"CO","mkt":"Denver","s":"Active","raw":"Active","p":"city"},"geometry":{"type":"Point","coordinates":[-104.76126,39.51845]}},{"type":"Feature","properties":{"id":"f8110333c8","n":"H5 Data Centers Denver","o":"H5 Data Centers","city":"Greenwood Village","st":"CO","mkt":"Denver","s":"Active","raw":"Active","p":"census"},"geometry":{"type":"Point","coordinates":[-104.89218,39.6182]}},{"type":"Feature","properties":{"id":"91e785e98a","n":"Icelab Networks","o":"Icelab Networks","city":"Littleton","st":"CO","mkt":"Denver","s":"Active","raw":"Active","p":"city"},"geometry":{"type":"Point","coordinates":[-105.01665,39.61332]}},{"type":"Feature","properties":{"id":"934e534a97","n":"Iron Mountain DEN-1","o":"Iron Mountain Data Centers","city":"Denver","st":"CO","mkt":"Denver","s":"Active","raw":"Active","p":"census"},"geometry":{"type":"Point","coordinates":[-104.96958,39.7774]}},{"type":"Feature","properties":{"id":"67e70be37f","n":"Lumen Aurora","o":"Lumen","city":"Aurora","st":"CO","mkt":"Denver","s":"Active","raw":"Active","p":"census"},"geometry":{"type":"Point","coordinates":[-104.71388,39.72561]}},{"type":"Feature","properties":{"id":"ccd1e999b3","n":"Lumen Denver 1","o":"Lumen","city":"Denver","st":"CO","mkt":"Denver","s":"Active","raw":"Active","p":"census"},"geometry":{"type":"Point","coordinates":[-104.97981,39.74553]}},{"type":"Feature","properties":{"id":"18c248ebae","n":"Lumen Denver 2","o":"Lumen","city":"Aurora","st":"CO","mkt":"Denver","s":"Active","raw":"Active","p":"census"},"geometry":{"type":"Point","coordinates":[-104.82337,39.68205]}},{"type":"Feature","properties":{"id":"779f70750e","n":"Lumen Denver 3","o":"Lumen","city":"Denver","st":"CO","mkt":"Denver","s":"Active","raw":"Active","p":"census"},"geometry":{"type":"Point","coordinates":[-104.99534,39.74565]}},{"type":"Feature","properties":{"id":"41a02f488e","n":"Massive Networks - Boulder","o":"Massive Networks","city":"Boulder","st":"CO","mkt":"Denver","s":"Active","raw":"Active","p":"census"},"geometry":{"type":"Point","coordinates":[-105.27717,40.01763]}},{"type":"Feature","properties":{"id":"fcd7a5221b","n":"Massive Networks - Denver","o":"Massive Networks","city":"Denver","st":"CO","mkt":"Denver","s":"Active","raw":"Active","p":"census"},"geometry":{"type":"Point","coordinates":[-104.99534,39.74565]}},{"type":"Feature","properties":{"id":"74fbf4b6b9","n":"Massive Networks - Louisville","o":"Massive Networks","city":"Louisville","st":"CO","mkt":"Denver","s":"Active","raw":"Active","p":"census"},"geometry":{"type":"Point","coordinates":[-105.12496,39.9661]}},{"type":"Feature","properties":{"id":"dc85c4a7ce","n":"QTS Aurora-Denver Campus","o":"QTS Data Centers","city":"Aurora","st":"CO","mkt":"Denver","s":"Active","raw":"Active","p":"census"},"geometry":{"type":"Point","coordinates":[-104.71434,39.73608]}},{"type":"Feature","properties":{"id":"8e43d6b1e4","n":"Thornton Colorado Data Center","o":"Morgan Reed Group","city":"Thornton","st":"CO","mkt":"Denver","s":"Active","raw":"Active","p":"census"},"geometry":{"type":"Point","coordinates":[-104.98523,39.9161]}},{"type":"Feature","properties":{"id":"f0ceb998db","n":"US Signal Denver CO01","o":"US Signal Company, LLC","city":"Englewood","st":"CO","mkt":"Denver","s":"Active","raw":"Active","p":"census"},"geometry":{"type":"Point","coordinates":[-104.83269,39.55872]}},{"type":"Feature","properties":{"id":"1afefab57a","n":"Vastnet - Denver","o":"Vastnet","city":"Denver","st":"CO","mkt":"Denver","s":"Active","raw":"Active","p":"census"},"geometry":{"type":"Point","coordinates":[-104.97685,39.829]}},{"type":"Feature","properties":{"id":"83b0c150f5","n":"Verizon Denver","o":"Verizon Communications Inc.","city":"Englewood","st":"CO","mkt":"Denver","s":"Active","raw":"Active","p":"census"},"geometry":{"type":"Point","coordinates":[-104.86108,39.56487]}},{"type":"Feature","properties":{"id":"cfc4ca698d","n":"Visa Denver","o":"Visa Inc.","city":"Highlands Ranch","st":"CO","mkt":"Denver","s":"Active","raw":"Active","p":"census"},"geometry":{"type":"Point","coordinates":[-104.99642,39.55461]}},{"type":"Feature","properties":{"id":"d7fbdcb3cf","n":"FRII Data Center","o":"FRII","city":"Fort Collins","st":"CO","mkt":"Fort Collins","s":"Active","raw":"Active","p":"census"},"geometry":{"type":"Point","coordinates":[-105.04142,40.54176]}},{"type":"Feature","properties":{"id":"29ca85e013","n":"Global AI Windsor Data Center","o":"Global AI","city":"Windsor","st":"CO","mkt":"Fort Collins","s":"Planned","raw":"Planned","p":"city"},"geometry":{"type":"Point","coordinates":[-104.90136,40.47748]}},{"type":"Feature","properties":{"id":"f62e934694","n":"CorKat Data","o":"CorKat Data","city":"Loveland","st":"CO","mkt":"Loveland","s":"Active","raw":"Active","p":"census"},"geometry":{"type":"Point","coordinates":[-105.07669,40.39602]}},{"type":"Feature","properties":{"id":"c61fe6f940","n":"BluSky Walsenburg Data Center","o":"BluSky AI","city":"Walsenburg","st":"CO","mkt":"Walsenburg","s":"Planned","raw":"Planned","p":"city"},"geometry":{"type":"Point","coordinates":[-104.781,37.62352]}},{"type":"Feature","properties":{"id":"581a47c6db","n":"CAPS Shelton Data Center","o":"CAPS (Computer Alternative Processing Sites)","city":"Shelton","st":"CT","mkt":"Fairfield County","s":"Active","raw":"Active","p":"census"},"geometry":{"type":"Point","coordinates":[-73.12328,41.27869]}},{"type":"Feature","properties":{"id":"f2d116c42b","n":"Gotspace Groton North Campus","o":"Gotspace Data Partners","city":"Groton","st":"CT","mkt":"Groton","s":"Expanding","raw":"Active/Expanding","p":"city"},"geometry":{"type":"Point","coordinates":[-72.03888,41.34655]}},{"type":"Feature","properties":{"id":"d2f44e9172","n":"Gotspace Groton South Campus","o":"Gotspace Data Partners","city":"Groton","st":"CT","mkt":"Groton","s":"Expanding","raw":"Active/Expanding","p":"city"},"geometry":{"type":"Point","coordinates":[-72.03888,41.34655]}},{"type":"Feature","properties":{"id":"0b042c845e","n":"132 Griffin Road North","o":"Atlas Capital Group","city":"Bloomfield","st":"CT","mkt":"Hartford","s":"Active","raw":"Active","p":"city"},"geometry":{"type":"Point","coordinates":[-72.73703,41.8313]}},{"type":"Feature","properties":{"id":"e0196e9b37","n":"Colocation America HartfordDC1","o":"Colocation America","city":"Waterbury","st":"CT","mkt":"Hartford","s":"Active","raw":"Active","p":"census"},"geometry":{"type":"Point","coordinates":[-73.04104,41.55439]}},{"type":"Feature","properties":{"id":"4285ebe6bc","n":"Crown Castle Hartford","o":"Crown Castle","city":"Hartford","st":"CT","mkt":"Hartford","s":"Active","raw":"Active","p":"census"},"geometry":{"type":"Point","coordinates":[-72.67299,41.76818]}},{"type":"Feature","properties":{"id":"24518fbca2","n":"Lumen Hartford 1","o":"Lumen","city":"Hartford","st":"CT","mkt":"Hartford","s":"Active","raw":"Active","p":"census"},"geometry":{"type":"Point","coordinates":[-72.66457,41.7453]}},{"type":"Feature","properties":{"id":"1357d5bd1d","n":"NWI Networks Data Center","o":"New Wave Industries, Inc.","city":"Newington","st":"CT","mkt":"Hartford","s":"Active","raw":"Active","p":"census"},"geometry":{"type":"Point","coordinates":[-72.73171,41.71996]}},{"type":"Feature","properties":{"id":"14fbedb596","n":"The Computer Company Inc.","o":"The Computer Company Inc.","city":"Cromwell","st":"CT","mkt":"Hartford","s":"Active","raw":"Active","p":"osm"},"geometry":{"type":"Point","coordinates":[-72.67779,41.63179]}},{"type":"Feature","properties":{"id":"023b84e213","n":"CVM","o":"CVM","city":"Branford","st":"CT","mkt":"New Haven","s":"Active","raw":"Active","p":"census"},"geometry":{"type":"Point","coordinates":[-72.75184,41.30783]}},{"type":"Feature","properties":{"id":"dfa13819b3","n":"ChimeNet Data Center","o":"ChimeNet, Inc.","city":"Wallingford","st":"CT","mkt":"New Haven","s":"Active","raw":"Active","p":"census"},"geometry":{"type":"Point","coordinates":[-72.8017,41.48581]}},{"type":"Feature","properties":{"id":"54dee212ac","n":"Cloudsmart","o":"Cloudsmart","city":"Branford","st":"CT","mkt":"New Haven","s":"Active","raw":"Active","p":"census"},"geometry":{"type":"Point","coordinates":[-72.76039,41.29754]}},{"type":"Feature","properties":{"id":"931fd62552","n":"Lumen New Haven","o":"Lumen","city":"New Haven","st":"CT","mkt":"New Haven","s":"Active","raw":"Active","p":"census"},"geometry":{"type":"Point","coordinates":[-72.92589,41.29979]}},{"type":"Feature","properties":{"id":"f49b43be37","n":"CyrusOne NYM5 - Norwalk","o":"CyrusOne Data Centers","city":"Norwalk","st":"CT","mkt":"Norwalk","s":"Active","raw":"Active","p":"census"},"geometry":{"type":"Point","coordinates":[-73.39708,41.11125]}},{"type":"Feature","properties":{"id":"58f81b30b8","n":"Gotspace Bozrah Campus","o":"Gotspace Data Partners","city":"Bozrah","st":"CT","mkt":"Norwich","s":"Expanding","raw":"Active/Expanding","p":"city"},"geometry":{"type":"Point","coordinates":[-72.16794,41.55236]}},{"type":"Feature","properties":{"id":"0115c942c6","n":"Gotspace Griswold 1 Campus","o":"Gotspace Data Partners","city":"Griswold","st":"CT","mkt":"Norwich","s":"Expanding","raw":"Active/Expanding","p":"census"},"geometry":{"type":"Point","coordinates":[-71.97612,41.58652]}},{"type":"Feature","properties":{"id":"f3e818476d","n":"Gotspace Griswold 2 Campus","o":"Gotspace Data Partners","city":"Griswold","st":"CT","mkt":"Norwich","s":"Expanding","raw":"Active/Expanding","p":"city"},"geometry":{"type":"Point","coordinates":[-71.94074,41.58447]}},{"type":"Feature","properties":{"id":"6769881ade","n":"Gotspace Norwich Campus","o":"Gotspace Data Partners","city":"Norwich","st":"CT","mkt":"Norwich","s":"Expanding","raw":"Active/Expanding","p":"census"},"geometry":{"type":"Point","coordinates":[-72.10318,41.58385]}},{"type":"Feature","properties":{"id":"b37a8895db","n":"SteelVault OX-1","o":"SteelVault Data Centers","city":"Oxford","st":"CT","mkt":"Oxford","s":"Active","raw":"Active","p":"census"},"geometry":{"type":"Point","coordinates":[-73.15403,41.46691]}},{"type":"Feature","properties":{"id":"8e83f9adc1","n":"Crown Castle Stamford 1","o":"Crown Castle","city":"Stamford","st":"CT","mkt":"Stamford","s":"Active","raw":"Active","p":"census"},"geometry":{"type":"Point","coordinates":[-73.54329,41.05807]}},{"type":"Feature","properties":{"id":"dad18f7ebc","n":"Crown Castle Stamford 2","o":"Crown Castle","city":"Stamford","st":"CT","mkt":"Stamford","s":"Active","raw":"Active","p":"osm"},"geometry":{"type":"Point","coordinates":[-73.53733,41.05458]}},{"type":"Feature","properties":{"id":"9dea612562","n":"CyrusOne NYM10 - Stamford","o":"CyrusOne Data Centers","city":"Stamford","st":"CT","mkt":"Stamford","s":"Active","raw":"Active","p":"census"},"geometry":{"type":"Point","coordinates":[-73.51926,41.08281]}},{"type":"Feature","properties":{"id":"935d90df98","n":"Lumen Stamford","o":"Lumen","city":"Stamford","st":"CT","mkt":"Stamford","s":"Active","raw":"Active","p":"census"},"geometry":{"type":"Point","coordinates":[-73.53033,41.04894]}},{"type":"Feature","properties":{"id":"1692409c36","n":"Omega Systems Stamford","o":"Omega Systems","city":"Stamford","st":"CT","mkt":"Stamford","s":"Active","raw":"Active","p":"census"},"geometry":{"type":"Point","coordinates":[-73.51763,41.09147]}},{"type":"Feature","properties":{"id":"1adcbca11e","n":"Corserva Connecticut (fmr PCNet)","o":"Corserva","city":"Trumbull","st":"CT","mkt":"Trumbull","s":"Active","raw":"Active","p":"census"},"geometry":{"type":"Point","coordinates":[-73.22871,41.29637]}},{"type":"Feature","properties":{"id":"f5a8a09cc5","n":"Trumbull Data Center (Aphorio Carter)","o":"Aphorio Carter","city":"Trumbull","st":"CT","mkt":"Trumbull","s":"Active","raw":"Active","p":"census"},"geometry":{"type":"Point","coordinates":[-73.14631,41.24087]}},{"type":"Feature","properties":{"id":"70050f1626","n":"Gotspace Wallingford 1 Campus","o":"Gotspace Data Partners","city":"Wallingford","st":"CT","mkt":"Wallingford","s":"Expanding","raw":"Active/Expanding","p":"census"},"geometry":{"type":"Point","coordinates":[-72.77107,41.48481]}},{"type":"Feature","properties":{"id":"f26b669ce8","n":"Gotspace Wallingford 2 Campus","o":"Gotspace Data Partners","city":"Wallingford","st":"CT","mkt":"Wallingford","s":"Expanding","raw":"Active/Expanding","p":"city"},"geometry":{"type":"Point","coordinates":[-72.82394,41.45642]}},{"type":"Feature","properties":{"id":"343c06e4a7","n":"Data Canopy - Newark","o":"Data Canopy","city":"Newark","st":"DE","mkt":"Newark DE","s":"Active","raw":"Active","p":"census"},"geometry":{"type":"Point","coordinates":[-75.76034,39.612]}},{"type":"Feature","properties":{"id":"f744ceea48","n":"Lumen Newark 1","o":"Lumen","city":"Newark","st":"DE","mkt":"Newark DE","s":"Active","raw":"Active","p":"census"},"geometry":{"type":"Point","coordinates":[-75.78013,39.66008]}},{"type":"Feature","properties":{"id":"44b6e8e700","n":"Verdantas Newark","o":"Verdantas","city":"Newark","st":"DE","mkt":"Newark DE","s":"Active","raw":"Active","p":"city"},"geometry":{"type":"Point","coordinates":[-75.75157,39.68284]}},{"type":"Feature","properties":{"id":"85e269833a","n":"DaSTOR New Castle","o":"DaSTOR, LLC","city":"New Castle","st":"DE","mkt":"Wilmington","s":"Active","raw":"Active","p":"census"},"geometry":{"type":"Point","coordinates":[-75.57412,39.68965]}},{"type":"Feature","properties":{"id":"c22686c6e2","n":"DaSTOR Wilmington CCC","o":"DaSTOR, LLC","city":"Wilmington","st":"DE","mkt":"Wilmington","s":"Active","raw":"Active","p":"census"},"geometry":{"type":"Point","coordinates":[-75.54665,39.74741]}},{"type":"Feature","properties":{"id":"daaa6a8162","n":"Lumen Wilmington 1","o":"Lumen","city":"Wilmington","st":"DE","mkt":"Wilmington","s":"Active","raw":"Active","p":"census"},"geometry":{"type":"Point","coordinates":[-75.53926,39.74839]}},{"type":"Feature","properties":{"id":"d73aef1bb6","n":"Project Washington North Campus","o":"Starwood Digital Ventures","city":"New Castle","st":"DE","mkt":"Wilmington","s":"Expanding","raw":"Active/Expanding","p":"city"},"geometry":{"type":"Point","coordinates":[-75.56631,39.66206]}},{"type":"Feature","properties":{"id":"b19e77a24b","n":"Project Washington South Campus","o":"Starwood Digital Ventures","city":"New Castle","st":"DE","mkt":"Wilmington","s":"Expanding","raw":"Active/Expanding","p":"city"},"geometry":{"type":"Point","coordinates":[-75.56631,39.66206]}},{"type":"Feature","properties":{"id":"22c09fd30f","n":"Trijit Data Center","o":"Trijit Corporation","city":"Wilmington","st":"DE","mkt":"Wilmington","s":"Active","raw":"Active","p":"census"},"geometry":{"type":"Point","coordinates":[-75.48651,39.78748]}},{"type":"Feature","properties":{"id":"74acb1dafa","n":"365 Data Centers - Boca Raton","o":"365 Data Centers","city":"Boca Raton","st":"FL","mkt":"Boca Raton","s":"Active","raw":"Active","p":"census"},"geometry":{"type":"Point","coordinates":[-80.08529,26.38144]}},{"type":"Feature","properties":{"id":"744edbd88e","n":"3EX Hosting Data Center - Boca Raton","o":"3EX Hosting","city":"Boca Raton","st":"FL","mkt":"Boca Raton","s":"Active","raw":"Active","p":"census"},"geometry":{"type":"Point","coordinates":[-80.09695,26.40443]}},{"type":"Feature","properties":{"id":"ef09bb8bab","n":"Cogent Data Center - Boca Raton","o":"Cogent Communications","city":"Boca Raton","st":"FL","mkt":"Boca Raton","s":"Active","raw":"Active","p":"census"},"geometry":{"type":"Point","coordinates":[-80.10918,26.39131]}},{"type":"Feature","properties":{"id":"dd7aa84555","n":"Equinix MI3","o":"Equinix","city":"Boca Raton","st":"FL","mkt":"Boca Raton","s":"Active","raw":"Active","p":"census"},"geometry":{"type":"Point","coordinates":[-80.10865,26.3902]}},{"type":"Feature","properties":{"id":"757de11278","n":"Volico Fort Lauderdale","o":"Volico","city":"Pompano","st":"FL","mkt":"Boca Raton","s":"Active","raw":"Active","p":"city"},"geometry":{"type":"Point","coordinates":[-80.12477,26.23786]}},{"type":"Feature","properties":{"id":"13cf3fd7a7","n":"Lumen Daytona Beach 1","o":"Lumen","city":"Daytona Beach","st":"FL","mkt":"Daytona Beach","s":"Active","raw":"Active","p":"census"},"geometry":{"type":"Point","coordinates":[-81.0242,29.21054]}},{"type":"Feature","properties":{"id":"9b901bd0e0","n":"Tel-Networks Data Center","o":"Tel-NetworksUSA, LLC","city":"DeBary","st":"FL","mkt":"Deltona","s":"Active","raw":"Active","p":"census"},"geometry":{"type":"Point","coordinates":[-81.32206,28.84549]}},{"type":"Feature","properties":{"id":"d7cb4bc86e","n":"365 Data Centers - Fort Lauderdale","o":"365 Data Centers","city":"Fort Lauderdale","st":"FL","mkt":"Fort Lauderdale","s":"Active","raw":"Active","p":"census"},"geometry":{"type":"Point","coordinates":[-80.19034,26.18621]}},{"type":"Feature","properties":{"id":"237a80a44e","n":"Flexential Fort Lauderdale","o":"Flexential","city":"Fort Lauderdale","st":"FL","mkt":"Fort Lauderdale","s":"Active","raw":"Active","p":"census"},"geometry":{"type":"Point","coordinates":[-80.19185,26.18978]}},{"type":"Feature","properties":{"id":"02b058d634","n":"Lumen Fort Lauderdale 1","o":"Lumen","city":"Fort Lauderdale","st":"FL","mkt":"Fort Lauderdale","s":"Active","raw":"Active","p":"census"},"geometry":{"type":"Point","coordinates":[-80.14584,26.12403]}},{"type":"Feature","properties":{"id":"72f7510902","n":"Lumen Fort Myers 1","o":"Lumen","city":"Fort Myers","st":"FL","mkt":"Fort Myers","s":"Active","raw":"Active","p":"census"},"geometry":{"type":"Point","coordinates":[-81.85419,26.64912]}},{"type":"Feature","properties":{"id":"90fb3196c6","n":"Lumen Fort Myers 2","o":"Lumen","city":"Fort Myers","st":"FL","mkt":"Fort Myers","s":"Active","raw":"Active","p":"census"},"geometry":{"type":"Point","coordinates":[-81.85443,26.64883]}},{"type":"Feature","properties":{"id":"ca4135281f","n":"Gainesville Data Center","o":"(multiple carriers, Centre Pointe Complex)","city":"Gainesville","st":"FL","mkt":"Gainesville","s":"Active","raw":"Active","p":"city"},"geometry":{"type":"Point","coordinates":[-82.32498,29.65197]}},{"type":"Feature","properties":{"id":"ff119cede9","n":"American Tower EDC Jacksonville","o":"American Tower Corporation","city":"Jacksonville Beach","st":"FL","mkt":"Jacksonville","s":"Active","raw":"Active","p":"census"},"geometry":{"type":"Point","coordinates":[-81.39545,30.30487]}},{"type":"Feature","properties":{"id":"92661c562f","n":"CSX Data Center","o":"ColoCSX","city":"Jacksonville","st":"FL","mkt":"Jacksonville","s":"Active","raw":"Active","p":"census"},"geometry":{"type":"Point","coordinates":[-81.60316,30.26221]}},{"type":"Feature","properties":{"id":"49f9b7a591","n":"Cologix JAX1","o":"Cologix","city":"Jacksonville","st":"FL","mkt":"Jacksonville","s":"Active","raw":"Active","p":"census"},"geometry":{"type":"Point","coordinates":[-81.66259,30.33128]}},{"type":"Feature","properties":{"id":"bce22fa18f","n":"Cologix JAX2","o":"Cologix","city":"Jacksonville","st":"FL","mkt":"Jacksonville","s":"Active","raw":"Active","p":"census"},"geometry":{"type":"Point","coordinates":[-81.614,30.27422]}},{"type":"Feature","properties":{"id":"82dc84c418","n":"DC BLOX Palm Coast","o":"DC BLOX Inc.","city":"Palm Coast","st":"FL","mkt":"Jacksonville","s":"Active","raw":"Active","p":"city"},"geometry":{"type":"Point","coordinates":[-81.22077,29.55414]}},{"type":"Feature","properties":{"id":"5a15ee0186","n":"EdgeConneX Jacksonville (EDCJAX01)","o":"EdgeConneX","city":"Jacksonville","st":"FL","mkt":"Jacksonville","s":"Active","raw":"Active","p":"census"},"geometry":{"type":"Point","coordinates":[-81.60276,30.25443]}},{"type":"Feature","properties":{"id":"a751e6dc57","n":"Flexential Jacksonville Data Center","o":"Flexential","city":"Jacksonville","st":"FL","mkt":"Jacksonville","s":"Active","raw":"Active","p":"census"},"geometry":{"type":"Point","coordinates":[-81.58377,30.24713]}},{"type":"Feature","properties":{"id":"0d758f3d48","n":"Lumen Jacksonville 1","o":"Lumen","city":"Jacksonville","st":"FL","mkt":"Jacksonville","s":"Active","raw":"Active","p":"census"},"geometry":{"type":"Point","coordinates":[-81.62295,30.27251]}},{"type":"Feature","properties":{"id":"a52cad275d","n":"Lumen Jacksonville 2","o":"Lumen","city":"Jacksonville","st":"FL","mkt":"Jacksonville","s":"Active","raw":"Active","p":"census"},"geometry":{"type":"Point","coordinates":[-81.66503,30.32934]}},{"type":"Feature","properties":{"id":"04dc4432e2","n":"SBA Edge Jacksonville","o":"SBA Edge","city":"Jacksonville","st":"FL","mkt":"Jacksonville","s":"Active","raw":"Active","p":"census"},"geometry":{"type":"Point","coordinates":[-81.66836,30.3271]}},{"type":"Feature","properties":{"id":"36acfbd7a7","n":"SBA Edge JaxNAP","o":"SBA Edge","city":"Jacksonville","st":"FL","mkt":"Jacksonville","s":"Active","raw":"Active","p":"census"},"geometry":{"type":"Point","coordinates":[-81.66259,30.33128]}},{"type":"Feature","properties":{"id":"86647caf50","n":"ScaleMatrix Jacksonville","o":"ScaleMatrix","city":"Jacksonville","st":"FL","mkt":"Jacksonville","s":"Active","raw":"Active","p":"census"},"geometry":{"type":"Point","coordinates":[-81.58511,30.22068]}},{"type":"Feature","properties":{"id":"edc5c7862a","n":"T-Mobile Jacksonville","o":"T-Mobile US, Inc.","city":"Jacksonville","st":"FL","mkt":"Jacksonville","s":"Active","raw":"Active","p":"census"},"geometry":{"type":"Point","coordinates":[-81.58357,30.24753]}},{"type":"Feature","properties":{"id":"5817eb14c5","n":"TierPoint Jacksonville","o":"TierPoint","city":"Jacksonville","st":"FL","mkt":"Jacksonville","s":"Active","raw":"Active","p":"census"},"geometry":{"type":"Point","coordinates":[-81.58511,30.22068]}},{"type":"Feature","properties":{"id":"d59faee517","n":"Uniti Jacksonville","o":"Uniti Wholesale","city":"Jacksonville","st":"FL","mkt":"Jacksonville","s":"Active","raw":"Active","p":"census"},"geometry":{"type":"Point","coordinates":[-81.66259,30.33128]}},{"type":"Feature","properties":{"id":"a1b8d61b51","n":"ColoBarn Melbourne Data Center","o":"ColoBarn","city":"Malabar","st":"FL","mkt":"Melbourne FL","s":"Active","raw":"Active","p":"census"},"geometry":{"type":"Point","coordinates":[-80.55781,27.98322]}},{"type":"Feature","properties":{"id":"942f2d33ad","n":"Lumen Melbourne 1","o":"Lumen","city":"Melbourne","st":"FL","mkt":"Melbourne FL","s":"Active","raw":"Active","p":"city"},"geometry":{"type":"Point","coordinates":[-80.60779,28.0785]}},{"type":"Feature","properties":{"id":"dba30d57ee","n":"SD Data Center","o":"Satcom Direct","city":"Melbourne","st":"FL","mkt":"Melbourne FL","s":"Active","raw":"Active","p":"census"},"geometry":{"type":"Point","coordinates":[-80.69526,28.26025]}},{"type":"Feature","properties":{"id":"64e9405fe0","n":"200 Southeast First Street","o":"Stonerock Capital Partners","city":"Miami","st":"FL","mkt":"Miami","s":"Active","raw":"Active","p":"census"},"geometry":{"type":"Point","coordinates":[-80.19012,25.77335]}},{"type":"Feature","properties":{"id":"403d5aed94","n":"2300 NW 89th Pl","o":"(operator not public)","city":"Miami","st":"FL","mkt":"Miami","s":"Active","raw":"Active","p":"census"},"geometry":{"type":"Point","coordinates":[-80.34266,25.79563]}},{"type":"Feature","properties":{"id":"d0822b3fc6","n":"Aptum Miami","o":"Aptum","city":"Miami","st":"FL","mkt":"Miami","s":"Active","raw":"Active","p":"census"},"geometry":{"type":"Point","coordinates":[-80.34266,25.79563]}},{"type":"Feature","properties":{"id":"df83f2fee6","n":"CSN-1 Bonita Springs","o":"Telconet","city":"Bonita Springs","st":"FL","mkt":"Miami","s":"Active","raw":"Active","p":"city","np":1},"geometry":{"type":"Point","coordinates":[-81.7787,26.33981]}},{"type":"Feature","properties":{"id":"a7d2c25cc4","n":"Carrierhouse Data Center","o":"Carrierhouse Data Center","city":"Miami","st":"FL","mkt":"Miami","s":"Active","raw":"Active","p":"census"},"geometry":{"type":"Point","coordinates":[-80.21815,25.92441]}},{"type":"Feature","properties":{"id":"ed1fccecf2","n":"Cogent Data Center - Doral","o":"Cogent Communications","city":"Doral","st":"FL","mkt":"Miami","s":"Active","raw":"Active","p":"census"},"geometry":{"type":"Point","coordinates":[-80.32926,25.80831]}},{"type":"Feature","properties":{"id":"e307a3f82b","n":"Cogent Data Center - Hollywood","o":"Cogent Communications","city":"Pembroke Park","st":"FL","mkt":"Miami","s":"Active","raw":"Active","p":"census"},"geometry":{"type":"Point","coordinates":[-80.17959,25.99548]}},{"type":"Feature","properties":{"id":"1284fea3e1","n":"Cogent Data Center - Miami","o":"Cogent Communications","city":"Miami","st":"FL","mkt":"Miami","s":"Active","raw":"Active","p":"census"},"geometry":{"type":"Point","coordinates":[-80.19012,25.77335]}},{"type":"Feature","properties":{"id":"28ef514f85","n":"Colocation America MiamiDC1","o":"Colocation America","city":"Miami","st":"FL","mkt":"Miami","s":"Active","raw":"Active","p":"census"},"geometry":{"type":"Point","coordinates":[-80.19309,25.77603]}},{"type":"Feature","properties":{"id":"807dbe733b","n":"CoreSite Miami MI1","o":"CoreSite","city":"Miami","st":"FL","mkt":"Miami","s":"Active","raw":"Active","p":"census"},"geometry":{"type":"Point","coordinates":[-80.22987,25.79739]}},{"type":"Feature","properties":{"id":"8590130272","n":"CoreSite Miami MI2","o":"CoreSite","city":"Doral","st":"FL","mkt":"Miami","s":"Active","raw":"Active","p":"census"},"geometry":{"type":"Point","coordinates":[-80.33247,25.79323]}},{"type":"Feature","properties":{"id":"9be3ae51a9","n":"DataBank MIA1 - Downtown Miami","o":"DataBank","city":"Miami","st":"FL","mkt":"Miami","s":"Active","raw":"Active","p":"census"},"geometry":{"type":"Point","coordinates":[-80.19309,25.77603]}},{"type":"Feature","properties":{"id":"9437d00476","n":"Digital Realty MIA10","o":"Digital Realty","city":"Miami","st":"FL","mkt":"Miami","s":"Active","raw":"Active","p":"census"},"geometry":{"type":"Point","coordinates":[-80.19309,25.77603]}},{"type":"Feature","properties":{"id":"366c5d70d3","n":"EdgeConneX Miami (EDCMIA01)","o":"EdgeConneX","city":"Miami","st":"FL","mkt":"Miami","s":"Active","raw":"Active","p":"census"},"geometry":{"type":"Point","coordinates":[-80.3807,25.79359]}},{"type":"Feature","properties":{"id":"10158631bc","n":"EdgeConneX Miami (EDCMIA02)","o":"EdgeConneX","city":"Miami Gardens","st":"FL","mkt":"Miami","s":"Active","raw":"Active","p":"census"},"geometry":{"type":"Point","coordinates":[-80.19122,25.94502]}},{"type":"Feature","properties":{"id":"fc308bc156","n":"Equinix MI1 (NAP of the Americas)","o":"Equinix","city":"Miami","st":"FL","mkt":"Miami","s":"Active","raw":"Active","p":"census"},"geometry":{"type":"Point","coordinates":[-80.19306,25.78275]}},{"type":"Feature","properties":{"id":"5e54406827","n":"Equinix MI2","o":"Equinix","city":"Miami","st":"FL","mkt":"Miami","s":"Active","raw":"Active","p":"census"},"geometry":{"type":"Point","coordinates":[-80.19309,25.77603]}},{"type":"Feature","properties":{"id":"6bbfa5b7a5","n":"Equinix MI6","o":"Equinix","city":"Doral","st":"FL","mkt":"Miami","s":"Active","raw":"Active","p":"census"},"geometry":{"type":"Point","coordinates":[-80.35557,25.78744]}},{"type":"Feature","properties":{"id":"2e5dca7f59","n":"Hivelocity - Miami 1","o":"Hivelocity","city":"Miami","st":"FL","mkt":"Miami","s":"Active","raw":"Active","p":"census"},"geometry":{"type":"Point","coordinates":[-80.19306,25.78275]}},{"type":"Feature","properties":{"id":"074981f984","n":"Hivelocity - Miami 2","o":"Hivelocity","city":"Miami","st":"FL","mkt":"Miami","s":"Active","raw":"Active","p":"census"},"geometry":{"type":"Point","coordinates":[-80.19309,25.77603]}},{"type":"Feature","properties":{"id":"b5d5dfa252","n":"IPXON Miami","o":"IPXON Networks","city":"Miami","st":"FL","mkt":"Miami","s":"Active","raw":"Active","p":"census"},"geometry":{"type":"Point","coordinates":[-80.19306,25.78275]}},{"type":"Feature","properties":{"id":"1098153093","n":"Iron Mountain Data Centers MIA-1","o":"Iron Mountain Data Centers","city":"Miami","st":"FL","mkt":"Miami","s":"Active","raw":"Active","p":"census"},"geometry":{"type":"Point","coordinates":[-80.24756,25.88416]}},{"type":"Feature","properties":{"id":"6d6a10b248","n":"Lumen Miami 1","o":"Lumen","city":"Miami","st":"FL","mkt":"Miami","s":"Active","raw":"Active","p":"census"},"geometry":{"type":"Point","coordinates":[-80.19455,25.779]}},{"type":"Feature","properties":{"id":"f9306eb0e4","n":"Lumen Miami 3","o":"Lumen","city":"Miami","st":"FL","mkt":"Miami","s":"Active","raw":"Active","p":"census"},"geometry":{"type":"Point","coordinates":[-80.19012,25.77335]}},{"type":"Feature","properties":{"id":"b594fe8e34","n":"Lumen Miami 4","o":"Lumen","city":"Miami","st":"FL","mkt":"Miami","s":"Active","raw":"Active","p":"census"},"geometry":{"type":"Point","coordinates":[-80.19306,25.78275]}},{"type":"Feature","properties":{"id":"524ebde684","n":"Lumen Miami 5","o":"Lumen","city":"Miami","st":"FL","mkt":"Miami","s":"Active","raw":"Active","p":"census"},"geometry":{"type":"Point","coordinates":[-80.21343,25.79787]}},{"type":"Feature","properties":{"id":"e55b818f96","n":"Metrobloks Miami MB01","o":"Metrobloks","city":"Miami","st":"FL","mkt":"Miami","s":"Active","raw":"Active","p":"census"},"geometry":{"type":"Point","coordinates":[-80.4172,25.76892]}},{"type":"Feature","properties":{"id":"e834a1bc09","n":"Navegalo Miami Data Center","o":"Navegalo","city":"Miami","st":"FL","mkt":"Miami","s":"Active","raw":"Active","p":"census"},"geometry":{"type":"Point","coordinates":[-80.19309,25.77603]}},{"type":"Feature","properties":{"id":"590b71730e","n":"Net Data","o":"Nettalk.Com Inc.","city":"Miami","st":"FL","mkt":"Miami","s":"Active","raw":"Active","p":"census"},"geometry":{"type":"Point","coordinates":[-80.21782,25.92469]}},{"type":"Feature","properties":{"id":"af2fb41048","n":"NetcroHosting","o":"NetcroHosting","city":"Miami","st":"FL","mkt":"Miami","s":"Active","raw":"Active","p":"census"},"geometry":{"type":"Point","coordinates":[-80.19309,25.77603]}},{"type":"Feature","properties":{"id":"b30e254ea6","n":"Nettogo Data Center","o":"Nettogo","city":"Miami","st":"FL","mkt":"Miami","s":"Active","raw":"Active","p":"census"},"geometry":{"type":"Point","coordinates":[-80.38474,25.65733]}},{"type":"Feature","properties":{"id":"cf88a2e67c","n":"NocRoom Miami Colocation and VPS","o":"NocRoom Miami Colocation VPS","city":"Miami","st":"FL","mkt":"Miami","s":"Active","raw":"Active","p":"census"},"geometry":{"type":"Point","coordinates":[-80.19309,25.77603]}},{"type":"Feature","properties":{"id":"14b596cf4c","n":"QTS Miami 1 DC1","o":"QTS Data Centers","city":"Miami","st":"FL","mkt":"Miami","s":"Active","raw":"Active","p":"census"},"geometry":{"type":"Point","coordinates":[-80.3781,25.79228]}},{"type":"Feature","properties":{"id":"d49cb9712b","n":"RadiusDC Miami I","o":"RadiusDC","city":"Miami","st":"FL","mkt":"Miami","s":"Active","raw":"Active","p":"census"},"geometry":{"type":"Point","coordinates":[-80.37882,25.79678]}},{"type":"Feature","properties":{"id":"f672766f08","n":"Raeden Miami","o":"Raeden","city":"Miami","st":"FL","mkt":"Miami","s":"Active","raw":"Active","p":"census"},"geometry":{"type":"Point","coordinates":[-80.18783,25.77533]}},{"type":"Feature","properties":{"id":"65811cd6b5","n":"South Reach Networks","o":"South Reach Networks","city":"Miami","st":"FL","mkt":"Miami","s":"Active","raw":"Active","p":"census"},"geometry":{"type":"Point","coordinates":[-80.19309,25.77603]}},{"type":"Feature","properties":{"id":"f391c2371a","n":"Stealth-ISS Dedicated Server Store","o":"Stealth - ISS Inc.","city":"Miami","st":"FL","mkt":"Miami","s":"Active","raw":"Active","p":"census"},"geometry":{"type":"Point","coordinates":[-80.22806,25.79744]}},{"type":"Feature","properties":{"id":"5ac0652ffb","n":"Verizon Miami","o":"Verizon Communications Inc.","city":"Miami","st":"FL","mkt":"Miami","s":"Active","raw":"Active","p":"census"},"geometry":{"type":"Point","coordinates":[-80.22509,25.92516]}},{"type":"Feature","properties":{"id":"084772ecf1","n":"Volico Miami 1","o":"Volico Data Center","city":"Miami","st":"FL","mkt":"Miami","s":"Active","raw":"Active","p":"census"},"geometry":{"type":"Point","coordinates":[-80.18783,25.77533]}},{"type":"Feature","properties":{"id":"b51d3420d5","n":"Volico Miami 2","o":"Volico Data Center","city":"Miami","st":"FL","mkt":"Miami","s":"Active","raw":"Active","p":"census"},"geometry":{"type":"Point","coordinates":[-80.19309,25.77603]}},{"type":"Feature","properties":{"id":"a321496932","n":"iM Critical Miami Data Center","o":"iM Critical","city":"Miami","st":"FL","mkt":"Miami","s":"Active","raw":"Active","p":"census"},"geometry":{"type":"Point","coordinates":[-80.19531,25.84861]}},{"type":"Feature","properties":{"id":"d36e81b3c0","n":"SkyLink - Naples","o":"SkyLink Data Centers","city":"Naples","st":"FL","mkt":"Naples FL","s":"Active","raw":"Active","p":"census"},"geometry":{"type":"Point","coordinates":[-81.79996,26.16743]}},{"type":"Feature","properties":{"id":"835bc6cd43","n":"Cielo Digital Haines City","o":"Cielo Digital Infrastructure","city":"Haines City","st":"FL","mkt":"Orlando","s":"Active","raw":"Active","p":"city"},"geometry":{"type":"Point","coordinates":[-81.62874,28.10673]}},{"type":"Feature","properties":{"id":"002d555d0e","n":"Cogent Data Center - Orlando","o":"Cogent Communications","city":"Orlando","st":"FL","mkt":"Orlando","s":"Active","raw":"Active","p":"census"},"geometry":{"type":"Point","coordinates":[-81.12198,28.42462]}},{"type":"Feature","properties":{"id":"5792733eb9","n":"Colo Solutions Orlando","o":"Colo Solutions","city":"Orlando","st":"FL","mkt":"Orlando","s":"Active","raw":"Active","p":"census"},"geometry":{"type":"Point","coordinates":[-81.37981,28.53418]}},{"type":"Feature","properties":{"id":"f8e6cad469","n":"CoreSite Orlando OR1","o":"CoreSite","city":"Orlando","st":"FL","mkt":"Orlando","s":"Active","raw":"Active","p":"census"},"geometry":{"type":"Point","coordinates":[-81.42267,28.42662]}},{"type":"Feature","properties":{"id":"ff937e3231","n":"Corserva Orlando","o":"Corserva","city":"Orlando","st":"FL","mkt":"Orlando","s":"Active","raw":"Active","p":"census"},"geometry":{"type":"Point","coordinates":[-81.41461,28.4467]}},{"type":"Feature","properties":{"id":"3fca91915d","n":"HostDime Orlando","o":"HostDime Global Corp","city":"Orlando","st":"FL","mkt":"Orlando","s":"Active","raw":"Active","p":"census"},"geometry":{"type":"Point","coordinates":[-81.3923,28.61841]}},{"type":"Feature","properties":{"id":"c8b776860d","n":"HostDime Orlando 2","o":"HostDime Global Corp","city":"Eatonville","st":"FL","mkt":"Orlando","s":"Active","raw":"Active","p":"city"},"geometry":{"type":"Point","coordinates":[-81.38289,28.61826]}},{"type":"Feature","properties":{"id":"f12b86cc20","n":"Lumen Orlando","o":"Lumen","city":"Orlando","st":"FL","mkt":"Orlando","s":"Active","raw":"Active","p":"census"},"geometry":{"type":"Point","coordinates":[-81.38863,28.61551]}},{"type":"Feature","properties":{"id":"90dbd97e38","n":"Lumen Orlando 2","o":"Lumen","city":"Orlando","st":"FL","mkt":"Orlando","s":"Active","raw":"Active","p":"census"},"geometry":{"type":"Point","coordinates":[-81.38485,28.52742]}},{"type":"Feature","properties":{"id":"c1e25f64a4","n":"Lumen Orlando 3","o":"Lumen","city":"Oak Ridge","st":"FL","mkt":"Orlando","s":"Active","raw":"Active","p":"census"},"geometry":{"type":"Point","coordinates":[-81.41894,28.46404]}},{"type":"Feature","properties":{"id":"3e9c8971f7","n":"Signal Hill Telecom Center","o":"SH OTC, LLC","city":"Orlando","st":"FL","mkt":"Orlando","s":"Active","raw":"Active","p":"census"},"geometry":{"type":"Point","coordinates":[-81.3923,28.61841]}},{"type":"Feature","properties":{"id":"71dac50b66","n":"Smart City Metro","o":"Smart City Holdings, LLC","city":"Orlando","st":"FL","mkt":"Orlando","s":"Active","raw":"Active","p":"census"},"geometry":{"type":"Point","coordinates":[-81.39862,28.63835]}},{"type":"Feature","properties":{"id":"b231ef3e85","n":"Data Shelter DS1","o":"Data Shelter, LLC","city":"Fort Pierce","st":"FL","mkt":"Port Saint Lucie","s":"Active","raw":"Active","p":"census"},"geometry":{"type":"Point","coordinates":[-80.40753,27.42375]}},{"type":"Feature","properties":{"id":"394a679638","n":"Sentinel Grove Technology Park","o":"(operator not disclosed)","city":"Fort Pierce","st":"FL","mkt":"Port Saint Lucie","s":"Planned","raw":"Proposed","p":"city"},"geometry":{"type":"Point","coordinates":[-80.32561,27.44671]}},{"type":"Feature","properties":{"id":"289b665283","n":"Sollensys Palm Bay","o":"Sollensys","city":"Palm Bay","st":"FL","mkt":"Port Saint Lucie","s":"Active","raw":"Active","p":"census"},"geometry":{"type":"Point","coordinates":[-80.6304,27.98392]}},{"type":"Feature","properties":{"id":"53af9bbafa","n":"American Tower EDC Tampa Bay","o":"American Tower Corporation","city":"Seminole","st":"FL","mkt":"St Petersburg","s":"Planned","raw":"Planned","p":"census"},"geometry":{"type":"Point","coordinates":[-82.74317,27.86978]}},{"type":"Feature","properties":{"id":"1ecb6b15ea","n":"Communication Square Data Center","o":"Communication Square","city":"Stuart","st":"FL","mkt":"Stuart","s":"Active","raw":"Active","p":"census"},"geometry":{"type":"Point","coordinates":[-80.25346,27.11836]}},{"type":"Feature","properties":{"id":"e677036c8b","n":"Lumen Tallahassee","o":"Lumen","city":"Tallahassee","st":"FL","mkt":"Tallahassee","s":"Active","raw":"Active","p":"census"},"geometry":{"type":"Point","coordinates":[-84.32835,30.43672]}},{"type":"Feature","properties":{"id":"8bf9906795","n":"NWRDC Data Center","o":"NWRDC (Florida State University)","city":"Tallahassee","st":"FL","mkt":"Tallahassee","s":"Active","raw":"Active","p":"census"},"geometry":{"type":"Point","coordinates":[-84.32379,30.42338]}},{"type":"Feature","properties":{"id":"ef14d187b9","n":"Pavlov Media Tallahassee","o":"Pavlov Media","city":"Tallahassee","st":"FL","mkt":"Tallahassee","s":"Active","raw":"Active","p":"census"},"geometry":{"type":"Point","coordinates":[-84.28333,30.44685]}},{"type":"Feature","properties":{"id":"dcd53e8417","n":"655 North Franklin","o":"The Wilson Company","city":"Tampa","st":"FL","mkt":"Tampa","s":"Active","raw":"Active","p":"census"},"geometry":{"type":"Point","coordinates":[-82.45871,27.94959]}},{"type":"Feature","properties":{"id":"6e59bc6bad","n":"AceHost Tampa Data Center","o":"AceHost","city":"Tampa","st":"FL","mkt":"Tampa","s":"Active","raw":"Active","p":"census"},"geometry":{"type":"Point","coordinates":[-82.45729,27.94883]}},{"type":"Feature","properties":{"id":"c5c05cd098","n":"Carrier Core Data Center","o":"Carrier Core LLC","city":"Tampa","st":"FL","mkt":"Tampa","s":"Active","raw":"Active","p":"census"},"geometry":{"type":"Point","coordinates":[-82.45871,27.94959]}},{"type":"Feature","properties":{"id":"510867d6b4","n":"Cogent Data Center - Tampa","o":"Cogent Communications","city":"Tampa","st":"FL","mkt":"Tampa","s":"Active","raw":"Active","p":"census"},"geometry":{"type":"Point","coordinates":[-82.45885,27.94744]}},{"type":"Feature","properties":{"id":"8e14279ee3","n":"Cologix LAK1","o":"Cologix","city":"Lakeland","st":"FL","mkt":"Tampa","s":"Active","raw":"Active","p":"census"},"geometry":{"type":"Point","coordinates":[-81.97469,28.07895]}},{"type":"Feature","properties":{"id":"1e1b582b25","n":"Csquare - Tampa TPA1-A","o":"Csquare","city":"Tampa","st":"FL","mkt":"Tampa","s":"Active","raw":"Active","p":"census"},"geometry":{"type":"Point","coordinates":[-82.35135,27.94469]}},{"type":"Feature","properties":{"id":"7f1d68bc4c","n":"Data Canopy - Tampa","o":"Data Canopy","city":"Tampa","st":"FL","mkt":"Tampa","s":"Active","raw":"Active","p":"census"},"geometry":{"type":"Point","coordinates":[-82.45729,27.94883]}},{"type":"Feature","properties":{"id":"30e8a438b8","n":"Data Canopy - Tampa Franklin","o":"Data Canopy","city":"Tampa","st":"FL","mkt":"Tampa","s":"Active","raw":"Active","p":"census"},"geometry":{"type":"Point","coordinates":[-82.45871,27.94959]}},{"type":"Feature","properties":{"id":"7317fee7a2","n":"Datatech Hosting Tampa","o":"Data-Tech","city":"Tampa","st":"FL","mkt":"Tampa","s":"Active","raw":"Active","p":"census"},"geometry":{"type":"Point","coordinates":[-82.5295,28.0186]}},{"type":"Feature","properties":{"id":"94c380f72d","n":"E Solutions Data Center","o":"WOW Business / E Solutions","city":"Tampa","st":"FL","mkt":"Tampa","s":"Active","raw":"Active","p":"census"},"geometry":{"type":"Point","coordinates":[-82.45885,27.94744]}},{"type":"Feature","properties":{"id":"dd31dc039b","n":"Flexential Tampa - North Data Center","o":"Flexential","city":"Tampa","st":"FL","mkt":"Tampa","s":"Active","raw":"Active","p":"census"},"geometry":{"type":"Point","coordinates":[-82.3686,28.07201]}},{"type":"Feature","properties":{"id":"2fe56d3508","n":"Flexential Tampa - West Data Center","o":"Flexential","city":"Tampa","st":"FL","mkt":"Tampa","s":"Active","raw":"Active","p":"census"},"geometry":{"type":"Point","coordinates":[-82.5408,28.0354]}},{"type":"Feature","properties":{"id":"b2a5726830","n":"Fort Meade DC Campus (Stonebridge)","o":"Stonebridge","city":"Fort Meade","st":"FL","mkt":"Tampa","s":"Expanding","raw":"Active/Expanding","p":"city"},"geometry":{"type":"Point","coordinates":[-81.80175,27.75225]}},{"type":"Feature","properties":{"id":"e04487d67c","n":"H5 Data Centers Tampa","o":"H5 Data Centers","city":"Tampa","st":"FL","mkt":"Tampa","s":"Active","raw":"Active","p":"census"},"geometry":{"type":"Point","coordinates":[-82.45871,27.94959]}},{"type":"Feature","properties":{"id":"6d18a0a84b","n":"Hivelocity - Tampa 1","o":"Hivelocity","city":"Tampa","st":"FL","mkt":"Tampa","s":"Active","raw":"Active","p":"census"},"geometry":{"type":"Point","coordinates":[-82.5241,28.02023]}},{"type":"Feature","properties":{"id":"91a81d5632","n":"Hivelocity - Tampa 2","o":"Hivelocity","city":"Tampa","st":"FL","mkt":"Tampa","s":"Active","raw":"Active","p":"census"},"geometry":{"type":"Point","coordinates":[-82.35906,28.0012]}},{"type":"Feature","properties":{"id":"edeb77efdc","n":"Lumen Tampa 1","o":"Lumen","city":"Tampa","st":"FL","mkt":"Tampa","s":"Active","raw":"Active","p":"census"},"geometry":{"type":"Point","coordinates":[-82.52339,28.01811]}},{"type":"Feature","properties":{"id":"bda78bc9cd","n":"Lumen Tampa 2","o":"Lumen","city":"East Lake-Orient Park","st":"FL","mkt":"Tampa","s":"Active","raw":"Active","p":"city"},"geometry":{"type":"Point","coordinates":[-82.37686,27.98105]}},{"type":"Feature","properties":{"id":"36a6de6b1b","n":"Lumen Tampa 3","o":"Lumen","city":"Tampa","st":"FL","mkt":"Tampa","s":"Active","raw":"Active","p":"census"},"geometry":{"type":"Point","coordinates":[-82.4311,27.95979]}},{"type":"Feature","properties":{"id":"5dbfc19cfd","n":"Lumen Tampa 4","o":"Lumen","city":"Tampa","st":"FL","mkt":"Tampa","s":"Active","raw":"Active","p":"census"},"geometry":{"type":"Point","coordinates":[-82.45885,27.94744]}},{"type":"Feature","properties":{"id":"55088c529f","n":"OneColo Tampa","o":"OneColo","city":"Tampa","st":"FL","mkt":"Tampa","s":"Active","raw":"Active","p":"census"},"geometry":{"type":"Point","coordinates":[-82.45885,27.94744]}},{"type":"Feature","properties":{"id":"b1b60c35f8","n":"Park Tower","o":"Sterling American Property Inc","city":"Tampa","st":"FL","mkt":"Tampa","s":"Active","raw":"Active","p":"census"},"geometry":{"type":"Point","coordinates":[-82.45885,27.94744]}},{"type":"Feature","properties":{"id":"963826e162","n":"Verizon Tampa","o":"Verizon Communications Inc.","city":"Tampa","st":"FL","mkt":"Tampa","s":"Active","raw":"Active","p":"city"},"geometry":{"type":"Point","coordinates":[-82.45831,27.94499]}},{"type":"Feature","properties":{"id":"b61bfed25d","n":"Cloud South","o":"Cloud South","city":"West Palm Beach","st":"FL","mkt":"West Palm Beach","s":"Active","raw":"Active","p":"census"},"geometry":{"type":"Point","coordinates":[-80.05492,26.68383]}},{"type":"Feature","properties":{"id":"53cc02a309","n":"Lumen West Palm Beach 1","o":"Lumen","city":"West Palm Beach","st":"FL","mkt":"West Palm Beach","s":"Active","raw":"Active","p":"census"},"geometry":{"type":"Point","coordinates":[-80.05473,26.68383]}},{"type":"Feature","properties":{"id":"eb9450033a","n":"Project Tango","o":"PBA Holdings","city":"Loxahatchee","st":"FL","mkt":"West Palm Beach","s":"Planned","raw":"Proposed","p":"census"},"geometry":{"type":"Point","coordinates":[-80.36775,26.68546]}},{"type":"Feature","properties":{"id":"2b1533381e","n":"Thrive US - Winter Haven","o":"Thrive","city":"Winter Haven","st":"FL","mkt":"Winter Haven","s":"Active","raw":"Active","p":"census"},"geometry":{"type":"Point","coordinates":[-81.72894,28.0239]}},{"type":"Feature","properties":{"id":"dac4e75171","n":"101 Aquila Way (ATL11)","o":"Digital Realty","city":"Austell","st":"GA","mkt":"Atlanta","s":"Active","raw":"Active","p":"osm"},"geometry":{"type":"Point","coordinates":[-84.57974,33.74656]}},{"type":"Feature","properties":{"id":"f46b1905d0","n":"365 Data Centers - Smyrna","o":"365 Data Centers","city":"Smyrna","st":"GA","mkt":"Atlanta","s":"Active","raw":"Active","p":"osm"},"geometry":{"type":"Point","coordinates":[-84.52244,33.84117]}},{"type":"Feature","properties":{"id":"d5147c69fb","n":"375 Riverside Parkway","o":"Mapletree Industrial Trust","city":"Lithia Springs","st":"GA","mkt":"Atlanta","s":"Active","raw":"Active","p":"census"},"geometry":{"type":"Point","coordinates":[-84.58282,33.74362]}},{"type":"Feature","properties":{"id":"076b680a10","n":"40 Perimeter Center E","o":"Lincoln Property Company","city":"Atlanta","st":"GA","mkt":"Atlanta","s":"Active","raw":"Active","p":"census"},"geometry":{"type":"Point","coordinates":[-84.33357,33.92616]}},{"type":"Feature","properties":{"id":"0bf7f56844","n":"470 Exchange","o":"Facility Gateway Corporation","city":"Atlanta","st":"GA","mkt":"Atlanta","s":"Active","raw":"Active","p":"city","np":1},"geometry":{"type":"Point","coordinates":[-84.38982,33.75447]}},{"type":"Feature","properties":{"id":"49aa18439c","n":"4905 North Point Pkwy","o":"Lincoln Property Company","city":"Alpharetta","st":"GA","mkt":"Atlanta","s":"Active","raw":"Active","p":"census"},"geometry":{"type":"Point","coordinates":[-84.27177,34.05514]}},{"type":"Feature","properties":{"id":"d0f80d1def","n":"55 Marietta Street (RadiusDC)","o":"RadiusDC","city":"Atlanta","st":"GA","mkt":"Atlanta","s":"Active","raw":"Active","p":"census"},"geometry":{"type":"Point","coordinates":[-84.39109,33.75547]}},{"type":"Feature","properties":{"id":"3ba35f4572","n":"760 Doug Davis Drive","o":"Menlo Digital","city":"Atlanta","st":"GA","mkt":"Atlanta","s":"Active","raw":"Active","p":"census"},"geometry":{"type":"Point","coordinates":[-84.41335,33.65695]}},{"type":"Feature","properties":{"id":"6489bd72bd","n":"Amazon AWS - 2250 Rock House Rd","o":"Amazon Web Services","city":"Lithia Springs","st":"GA","mkt":"Atlanta","s":"Active","raw":"Active","p":"city"},"geometry":{"type":"Point","coordinates":[-84.66049,33.794]}},{"type":"Feature","properties":{"id":"1de8009112","n":"Amazon AWS - 7800 W Strickland St","o":"Amazon Web Services","city":"Douglasville","st":"GA","mkt":"Atlanta","s":"Active","raw":"Active","p":"city"},"geometry":{"type":"Point","coordinates":[-84.74771,33.7515]}},{"type":"Feature","properties":{"id":"29ce06a7bc","n":"Amazon AWS - Echo Rd","o":"Amazon Web Services","city":"Lithia Springs","st":"GA","mkt":"Atlanta","s":"Active","raw":"Active","p":"census"},"geometry":{"type":"Point","coordinates":[-84.60016,33.7417]}},{"type":"Feature","properties":{"id":"df7b7fb1f4","n":"Amazon AWS - Legacy 75 Trade Center","o":"Amazon Web Services","city":"Barnesville","st":"GA","mkt":"Atlanta","s":"Active","raw":"Active","p":"city","np":1},"geometry":{"type":"Point","coordinates":[-84.15575,33.05457]}},{"type":"Feature","properties":{"id":"a3e0fd06b8","n":"Ardent Atlanta ATL1","o":"Ardent Data Centers","city":"Maysville","st":"GA","mkt":"Atlanta","s":"Active","raw":"Active","p":"city","np":1},"geometry":{"type":"Point","coordinates":[-83.56155,34.25288]}},{"type":"Feature","properties":{"id":"ac98b2dca3","n":"Atlanta Data Center (Tulix)","o":"Tulix Systems, Inc.","city":"Atlanta","st":"GA","mkt":"Atlanta","s":"Active","raw":"Active","p":"census"},"geometry":{"type":"Point","coordinates":[-84.39109,33.75547]}},{"type":"Feature","properties":{"id":"71c0503223","n":"Avemore Data Park","o":"Atlas Development LLC","city":"Villa Rica","st":"GA","mkt":"Atlanta","s":"Active","raw":"Active","p":"city","np":1},"geometry":{"type":"Point","coordinates":[-84.91911,33.73205]}},{"type":"Feature","properties":{"id":"20d8404902","n":"Bolingbroke Technology Campus","o":"Bolingbroke Technology Center, LLC","city":"Macon","st":"GA","mkt":"Atlanta","s":"Active","raw":"Active","p":"city","np":1},"geometry":{"type":"Point","coordinates":[-83.6324,32.84069]}},{"type":"Feature","properties":{"id":"0de74530b6","n":"Cartersville (DataBank Campus)","o":"DataBank","city":"Cartersville","st":"GA","mkt":"Atlanta","s":"Active","raw":"Active","p":"census"},"geometry":{"type":"Point","coordinates":[-84.79593,34.23317]}},{"type":"Feature","properties":{"id":"0307bc9ef7","n":"CleanSpark College Park","o":"CleanSpark","city":"College Park","st":"GA","mkt":"Atlanta","s":"Active","raw":"Active","p":"census"},"geometry":{"type":"Point","coordinates":[-84.46667,33.61622]}},{"type":"Feature","properties":{"id":"2ee6f81043","n":"CleanSpark Norcross","o":"CleanSpark","city":"Norcross","st":"GA","mkt":"Atlanta","s":"Active","raw":"Active","p":"census"},"geometry":{"type":"Point","coordinates":[-84.18348,33.92772]}},{"type":"Feature","properties":{"id":"8f084d0919","n":"CloudFirst Atlanta Data Center 1","o":"CloudFirst","city":"Atlanta","st":"GA","mkt":"Atlanta","s":"Active","raw":"Active","p":"census"},"geometry":{"type":"Point","coordinates":[-84.39109,33.75547]}},{"type":"Feature","properties":{"id":"9e7a449599","n":"CloudFirst Atlanta Data Center 2","o":"CloudFirst","city":"Atlanta","st":"GA","mkt":"Atlanta","s":"Active","raw":"Active","p":"census"},"geometry":{"type":"Point","coordinates":[-84.38956,33.75471]}},{"type":"Feature","properties":{"id":"95bc52605d","n":"Cogent Data Center - Atlanta 1","o":"Cogent Communications","city":"Atlanta","st":"GA","mkt":"Atlanta","s":"Active","raw":"Active","p":"census"},"geometry":{"type":"Point","coordinates":[-84.39109,33.75547]}},{"type":"Feature","properties":{"id":"c0c465cc8c","n":"ColoCrossing GA1","o":"ColoCrossing","city":"Atlanta","st":"GA","mkt":"Atlanta","s":"Active","raw":"Active","p":"census"},"geometry":{"type":"Point","coordinates":[-84.38956,33.75471]}},{"type":"Feature","properties":{"id":"f588f46876","n":"Coloblox Marietta Data Center","o":"Coloblox","city":"Atlanta","st":"GA","mkt":"Atlanta","s":"Active","raw":"Active","p":"census"},"geometry":{"type":"Point","coordinates":[-84.47503,33.884]}},{"type":"Feature","properties":{"id":"bc12d04d66","n":"CoreSite Atlanta AT1","o":"CoreSite","city":"Atlanta","st":"GA","mkt":"Atlanta","s":"Active","raw":"Active","p":"census"},"geometry":{"type":"Point","coordinates":[-84.39109,33.75547]}},{"type":"Feature","properties":{"id":"4751ed0ec2","n":"CoreSite Atlanta AT2","o":"CoreSite","city":"Marietta","st":"GA","mkt":"Atlanta","s":"Active","raw":"Active","p":"census"},"geometry":{"type":"Point","coordinates":[-84.48238,33.92403]}},{"type":"Feature","properties":{"id":"9e8dcf4cd5","n":"Csquare - Atlanta ATL1-A","o":"Csquare","city":"Lithia Springs","st":"GA","mkt":"Atlanta","s":"Active","raw":"Active","p":"census"},"geometry":{"type":"Point","coordinates":[-84.58282,33.74362]}},{"type":"Feature","properties":{"id":"a0079c21f0","n":"Csquare - Atlanta ATL1-D","o":"Csquare","city":"Lithia Springs","st":"GA","mkt":"Atlanta","s":"Active","raw":"Active","p":"census"},"geometry":{"type":"Point","coordinates":[-84.58282,33.74362]}},{"type":"Feature","properties":{"id":"a9f7ad4f45","n":"Cyber Wurx LLC","o":"Cyber Wurx LLC","city":"Atlanta","st":"GA","mkt":"Atlanta","s":"Active","raw":"Active","p":"census"},"geometry":{"type":"Point","coordinates":[-84.39109,33.75547]}},{"type":"Feature","properties":{"id":"591c1e1ecd","n":"DC BLOX Atlanta East","o":"DC BLOX Inc.","city":"Conyers","st":"GA","mkt":"Atlanta","s":"Active","raw":"Active","p":"census"},"geometry":{"type":"Point","coordinates":[-84.04601,33.68859]}},{"type":"Feature","properties":{"id":"a94c2b7f12","n":"DC BLOX Atlanta West","o":"DC BLOX Inc.","city":"Lithia Springs","st":"GA","mkt":"Atlanta","s":"Active","raw":"Active","p":"city"},"geometry":{"type":"Point","coordinates":[-84.66049,33.794]}},{"type":"Feature","properties":{"id":"f2ddf0e929","n":"Data Canopy - Atlanta","o":"Data Canopy","city":"Lithia Springs","st":"GA","mkt":"Atlanta","s":"Active","raw":"Active","p":"census"},"geometry":{"type":"Point","coordinates":[-84.59743,33.74134]}},{"type":"Feature","properties":{"id":"607dd0437c","n":"DataBank ATL1 - Midtown Atlanta","o":"DataBank","city":"Atlanta","st":"GA","mkt":"Atlanta","s":"Active","raw":"Active","p":"census"},"geometry":{"type":"Point","coordinates":[-84.38739,33.77527]}},{"type":"Feature","properties":{"id":"e5563317a0","n":"DataBank ATL2 - Atlanta West End","o":"DataBank","city":"Atlanta","st":"GA","mkt":"Atlanta","s":"Active","raw":"Active","p":"census"},"geometry":{"type":"Point","coordinates":[-84.4237,33.73347]}},{"type":"Feature","properties":{"id":"d2cc7d25c1","n":"DataBank ATL3 - Atlanta West End","o":"DataBank","city":"Atlanta","st":"GA","mkt":"Atlanta","s":"Active","raw":"Active","p":"census"},"geometry":{"type":"Point","coordinates":[-84.42459,33.73402]}},{"type":"Feature","properties":{"id":"8c8e132005","n":"DataBank ATL4 - South Fulton","o":"DataBank","city":"South Fulton","st":"GA","mkt":"Atlanta","s":"Active","raw":"Active","p":"census"},"geometry":{"type":"Point","coordinates":[-84.54071,33.75717]}},{"type":"Feature","properties":{"id":"50f34a43dd","n":"DataBank Lithia Springs Campus","o":"DataBank","city":"Lithia Springs","st":"GA","mkt":"Atlanta","s":"Active","raw":"Active","p":"city"},"geometry":{"type":"Point","coordinates":[-84.66049,33.794]}},{"type":"Feature","properties":{"id":"b3eec26c06","n":"Digital Realty 10 Forsyth Street NW","o":"Digital Realty","city":"Atlanta","st":"GA","mkt":"Atlanta","s":"Active","raw":"Active","p":"census"},"geometry":{"type":"Point","coordinates":[-84.39176,33.75499]}},{"type":"Feature","properties":{"id":"ce39ea253c","n":"Digital Realty ATL13","o":"Digital Realty","city":"Atlanta","st":"GA","mkt":"Atlanta","s":"Active","raw":"Active","p":"census"},"geometry":{"type":"Point","coordinates":[-84.3912,33.7554]}},{"type":"Feature","properties":{"id":"241eb6ef07","n":"Digital Realty ATL14","o":"Digital Realty","city":"Atlanta","st":"GA","mkt":"Atlanta","s":"Active","raw":"Active","p":"census"},"geometry":{"type":"Point","coordinates":[-84.39062,33.76164]}},{"type":"Feature","properties":{"id":"da3ceb096d","n":"Douglas Waldrop","o":"Trammell Crow Company","city":"Winston","st":"GA","mkt":"Atlanta","s":"Active","raw":"Active","p":"city","np":1},"geometry":{"type":"Point","coordinates":[-84.82494,33.72511]}},{"type":"Feature","properties":{"id":"0bf0120291","n":"EdgeConneX Atlanta ATL01","o":"EdgeConneX","city":"Atlanta","st":"GA","mkt":"Atlanta","s":"Active","raw":"Active","p":"census"},"geometry":{"type":"Point","coordinates":[-84.42035,33.7291]}},{"type":"Feature","properties":{"id":"1d0562435e","n":"EdgeConneX Atlanta ATL02","o":"EdgeConneX","city":"Atlanta","st":"GA","mkt":"Atlanta","s":"Active","raw":"Active","p":"census"},"geometry":{"type":"Point","coordinates":[-84.42328,33.73089]}},{"type":"Feature","properties":{"id":"4599f8ab78","n":"Edged Atlanta ATL1","o":"Edged Energy","city":"Atlanta","st":"GA","mkt":"Atlanta","s":"Active","raw":"Active","p":"city"},"geometry":{"type":"Point","coordinates":[-84.38982,33.75447]}},{"type":"Feature","properties":{"id":"ac277a0211","n":"Edged Atlanta ATL2","o":"Edged Energy","city":"Atlanta","st":"GA","mkt":"Atlanta","s":"Active","raw":"Active","p":"census"},"geometry":{"type":"Point","coordinates":[-84.44355,33.77007]}},{"type":"Feature","properties":{"id":"cf0a112423","n":"Edged Atlanta ATL3","o":"Edged Energy","city":"Atlanta","st":"GA","mkt":"Atlanta","s":"Active","raw":"Active","p":"census"},"geometry":{"type":"Point","coordinates":[-84.44356,33.76983]}},{"type":"Feature","properties":{"id":"bc3ad9bbb3","n":"Equinix AT1","o":"Equinix","city":"Atlanta","st":"GA","mkt":"Atlanta","s":"Active","raw":"Active","p":"census"},"geometry":{"type":"Point","coordinates":[-84.38767,33.75848]}},{"type":"Feature","properties":{"id":"b80033186f","n":"Equinix AT4","o":"Equinix","city":"Atlanta","st":"GA","mkt":"Atlanta","s":"Active","raw":"Active","p":"census"},"geometry":{"type":"Point","coordinates":[-84.44982,33.89801]}},{"type":"Feature","properties":{"id":"bd9e85849a","n":"Evocative ATL1","o":"Evocative Data Centers","city":"Atlanta","st":"GA","mkt":"Atlanta","s":"Active","raw":"Active","p":"census"},"geometry":{"type":"Point","coordinates":[-84.39062,33.76164]}},{"type":"Feature","properties":{"id":"8efa17e810","n":"Fiserv DC - Johns Creek","o":"Fiserv","city":"Johns Creek","st":"GA","mkt":"Atlanta","s":"Active","raw":"Active","p":"census"},"geometry":{"type":"Point","coordinates":[-84.16055,34.0555]}},{"type":"Feature","properties":{"id":"05631a3e62","n":"Flexential Atlanta - Alpharetta Data Center","o":"Flexential","city":"Alpharetta","st":"GA","mkt":"Atlanta","s":"Active","raw":"Active","p":"census"},"geometry":{"type":"Point","coordinates":[-84.2537,34.08674]}},{"type":"Feature","properties":{"id":"6621e95fe0","n":"Flexential Atlanta - Douglasville 1 Data Center","o":"Flexential","city":"Douglasville","st":"GA","mkt":"Atlanta","s":"Active","raw":"Active","p":"census"},"geometry":{"type":"Point","coordinates":[-84.61789,33.72872]}},{"type":"Feature","properties":{"id":"ef306b44e5","n":"Flexential Atlanta - Douglasville 2 Data Center","o":"Flexential","city":"Douglasville","st":"GA","mkt":"Atlanta","s":"Active","raw":"Active","p":"census"},"geometry":{"type":"Point","coordinates":[-84.6162,33.73169]}},{"type":"Feature","properties":{"id":"be5617d923","n":"Flexential Atlanta - Norcross 2 Data Center","o":"Flexential","city":"Norcross","st":"GA","mkt":"Atlanta","s":"Active","raw":"Active","p":"census"},"geometry":{"type":"Point","coordinates":[-84.1996,33.95475]}},{"type":"Feature","properties":{"id":"54bc414d22","n":"Flexential Atlanta - Norcross Data Center","o":"Flexential","city":"Norcross","st":"GA","mkt":"Atlanta","s":"Active","raw":"Active","p":"census"},"geometry":{"type":"Point","coordinates":[-84.19904,33.95524]}},{"type":"Feature","properties":{"id":"cd09559adc","n":"Fort Gillem Campus (ATL15, ATL16)","o":"Digital Realty","city":"Forest Park","st":"GA","mkt":"Atlanta","s":"Active","raw":"Active","p":"city","np":1},"geometry":{"type":"Point","coordinates":[-84.36909,33.62205]}},{"type":"Feature","properties":{"id":"f40f3b0c07","n":"Google Douglas County Campus","o":"Google","city":"Lithia Springs","st":"GA","mkt":"Atlanta","s":"Active","raw":"Active","p":"census"},"geometry":{"type":"Point","coordinates":[-84.5812,33.7498]}},{"type":"Feature","properties":{"id":"233465d866","n":"Gregory Road Data Center","o":"(operator not disclosed)","city":"Covington","st":"GA","mkt":"Atlanta","s":"Active","raw":"Active","p":"city","np":1},"geometry":{"type":"Point","coordinates":[-83.85987,33.5966]}},{"type":"Feature","properties":{"id":"3cce618bc5","n":"GrindCap Marietta Campus","o":"Grind Capital Group","city":"Marietta","st":"GA","mkt":"Atlanta","s":"Active","raw":"Active","p":"city"},"geometry":{"type":"Point","coordinates":[-84.54961,33.95285]}},{"type":"Feature","properties":{"id":"ffdbc50afe","n":"H5 Data Centers Atlanta","o":"H5 Data Centers","city":"Atlanta","st":"GA","mkt":"Atlanta","s":"Active","raw":"Active","p":"census"},"geometry":{"type":"Point","coordinates":[-84.38404,33.7646]}},{"type":"Feature","properties":{"id":"f8ae9dcdb2","n":"Henderson Farms Campus","o":"Southeast Property Holdings LLC","city":"Hampton","st":"GA","mkt":"Atlanta","s":"Active","raw":"Active","p":"city","np":1},"geometry":{"type":"Point","coordinates":[-84.28298,33.38706]}},{"type":"Feature","properties":{"id":"dfa5835fa4","n":"Hivelocity - Atlanta 2","o":"Hivelocity","city":"Atlanta","st":"GA","mkt":"Atlanta","s":"Active","raw":"Active","p":"census"},"geometry":{"type":"Point","coordinates":[-84.39062,33.76164]}},{"type":"Feature","properties":{"id":"59cbe2b45d","n":"Intero Systems Data Center","o":"Intero Systems","city":"College Park","st":"GA","mkt":"Atlanta","s":"Active","raw":"Active","p":"city"},"geometry":{"type":"Point","coordinates":[-84.44937,33.65344]}},{"type":"Feature","properties":{"id":"6842cc8915","n":"JMF IXP Farm Columbus","o":"JMF Solutions Inc","city":"Columbus GA","st":"GA","mkt":"Atlanta","s":"Active","raw":"Active","p":"osm"},"geometry":{"type":"Point","coordinates":[-84.88359,32.49824]}},{"type":"Feature","properties":{"id":"2fa41f79ee","n":"LN Compute Gay","o":"LN Compute","city":"Gay","st":"GA","mkt":"Atlanta","s":"Active","raw":"Active","p":"city"},"geometry":{"type":"Point","coordinates":[-84.57436,33.09391]}},{"type":"Feature","properties":{"id":"0de785d134","n":"Lumen Atlanta","o":"Lumen","city":"Atlanta","st":"GA","mkt":"Atlanta","s":"Active","raw":"Active","p":"census"},"geometry":{"type":"Point","coordinates":[-84.38404,33.7646]}},{"type":"Feature","properties":{"id":"f9c2865761","n":"Lumen Atlanta 2","o":"Lumen","city":"Atlanta","st":"GA","mkt":"Atlanta","s":"Active","raw":"Active","p":"census"},"geometry":{"type":"Point","coordinates":[-84.38767,33.75848]}},{"type":"Feature","properties":{"id":"e1e3384262","n":"Lumen Atlanta 5","o":"Lumen","city":"Atlanta","st":"GA","mkt":"Atlanta","s":"Active","raw":"Active","p":"census"},"geometry":{"type":"Point","coordinates":[-84.41965,33.72868]}},{"type":"Feature","properties":{"id":"a706e14a53","n":"Lumen College Park","o":"Lumen","city":"College Park","st":"GA","mkt":"Atlanta","s":"Active","raw":"Active","p":"census"},"geometry":{"type":"Point","coordinates":[-84.45797,33.63663]}},{"type":"Feature","properties":{"id":"84e8c11fba","n":"Lumen Doraville 1","o":"Lumen","city":"Atlanta","st":"GA","mkt":"Atlanta","s":"Active","raw":"Active","p":"city"},"geometry":{"type":"Point","coordinates":[-84.38982,33.75447]}},{"type":"Feature","properties":{"id":"dc264b7581","n":"Lunavi Atlanta","o":"Lunavi","city":"Atlanta","st":"GA","mkt":"Atlanta","s":"Active","raw":"Active","p":"census"},"geometry":{"type":"Point","coordinates":[-84.38767,33.75848]}},{"type":"Feature","properties":{"id":"468da4beb8","n":"Meta Stanton Springs 1 Campus","o":"Meta","city":"Social Circle","st":"GA","mkt":"Atlanta","s":"Active","raw":"Active","p":"city"},"geometry":{"type":"Point","coordinates":[-83.71864,33.65639]}},{"type":"Feature","properties":{"id":"f4e84cf68c","n":"Meta Stanton Springs 2 Campus","o":"Meta","city":"Social Circle","st":"GA","mkt":"Atlanta","s":"Active","raw":"Active","p":"city"},"geometry":{"type":"Point","coordinates":[-83.71864,33.65639]}},{"type":"Feature","properties":{"id":"c6236f6b8c","n":"Microsoft Douglasville Campus","o":"Microsoft","city":"Lithia Springs","st":"GA","mkt":"Atlanta","s":"Active","raw":"Active","p":"census"},"geometry":{"type":"Point","coordinates":[-84.61772,33.72618]}},{"type":"Feature","properties":{"id":"8f2d68250f","n":"Microsoft East Point Campus","o":"Microsoft","city":"East Point/Atlanta","st":"GA","mkt":"Atlanta","s":"Active","raw":"Active","p":"census"},"geometry":{"type":"Point","coordinates":[-84.51384,33.6419]}},{"type":"Feature","properties":{"id":"cec3dbf8ed","n":"Microsoft Palmetto","o":"Microsoft","city":"Palmetto","st":"GA","mkt":"Atlanta","s":"Active","raw":"Active","p":"city"},"geometry":{"type":"Point","coordinates":[-84.66965,33.51789]}},{"type":"Feature","properties":{"id":"4bcee686a4","n":"Microsoft Project Rita Campus","o":"Microsoft","city":"Tyrone","st":"GA","mkt":"Atlanta","s":"Active","raw":"Active","p":"census"},"geometry":{"type":"Point","coordinates":[-84.57646,33.51558]}},{"type":"Feature","properties":{"id":"22a1ad65e8","n":"Microsoft Union City Campus","o":"Microsoft","city":"Union City","st":"GA","mkt":"Atlanta","s":"Active","raw":"Active","p":"census"},"geometry":{"type":"Point","coordinates":[-84.56167,33.62418]}},{"type":"Feature","properties":{"id":"6162f64ed8","n":"One Park Tower","o":"Lalani Ventures","city":"Atlanta","st":"GA","mkt":"Atlanta","s":"Active","raw":"Active","p":"census"},"geometry":{"type":"Point","coordinates":[-84.38956,33.75471]}},{"type":"Feature","properties":{"id":"496bee3ab1","n":"Peachtree Data Center","o":"Mapletree Industrial Trust","city":"Atlanta","st":"GA","mkt":"Atlanta","s":"Active","raw":"Active","p":"census"},"geometry":{"type":"Point","coordinates":[-84.38767,33.75848]}},{"type":"Feature","properties":{"id":"2ff511bf59","n":"Project Bunkhouse","o":"(operator not disclosed)","city":"Taylorsville","st":"GA","mkt":"Atlanta","s":"Active","raw":"Active","p":"city","np":1},"geometry":{"type":"Point","coordinates":[-84.98786,34.08629]}},{"type":"Feature","properties":{"id":"093d447df9","n":"Project Gracie","o":"Atlas Development LLC","city":"Rome","st":"GA","mkt":"Atlanta","s":"Active","raw":"Active","p":"city","np":1},"geometry":{"type":"Point","coordinates":[-85.16467,34.25704]}},{"type":"Feature","properties":{"id":"448d5bbffa","n":"Project Sassy","o":"Atlas Development LLC","city":"Rome","st":"GA","mkt":"Atlanta","s":"Active","raw":"Active","p":"city","np":1},"geometry":{"type":"Point","coordinates":[-85.16467,34.25704]}},{"type":"Feature","properties":{"id":"56c9ca4825","n":"Project Springbank Campus","o":"Atlas Development LLC","city":"Adairsville","st":"GA","mkt":"Atlanta","s":"Active","raw":"Active","p":"city","np":1},"geometry":{"type":"Point","coordinates":[-84.93491,34.36833]}},{"type":"Feature","properties":{"id":"a640ab21d2","n":"Prologis Project Sail","o":"Prologis","city":"Sargent","st":"GA","mkt":"Atlanta","s":"Active","raw":"Active","p":"city","np":1},"geometry":{"type":"Point","coordinates":[-84.86938,33.43234]}},{"type":"Feature","properties":{"id":"eca78df4f0","n":"PwC Lithia Springs","o":"PwC","city":"Lithia Springs","st":"GA","mkt":"Atlanta","s":"Active","raw":"Active","p":"census"},"geometry":{"type":"Point","coordinates":[-84.59743,33.74134]}},{"type":"Feature","properties":{"id":"930795744c","n":"QTS Atlanta 1 DC2","o":"QTS Data Centers","city":"Atlanta","st":"GA","mkt":"Atlanta","s":"Active","raw":"Active","p":"census"},"geometry":{"type":"Point","coordinates":[-84.42257,33.77566]}},{"type":"Feature","properties":{"id":"226986f40e","n":"QTS Atlanta-Fayetteville Campus","o":"QTS Data Centers","city":"Fayetteville","st":"GA","mkt":"Atlanta","s":"Active","raw":"Active","p":"census"},"geometry":{"type":"Point","coordinates":[-84.52545,33.44534]}},{"type":"Feature","properties":{"id":"133ef8060b","n":"QTS Atlanta-Fayetteville DC16","o":"QTS Data Centers","city":"Fayetteville","st":"GA","mkt":"Atlanta","s":"Active","raw":"Active","p":"city"},"geometry":{"type":"Point","coordinates":[-84.45493,33.44873]}},{"type":"Feature","properties":{"id":"9781ee7005","n":"QTS Atlanta-Metro DC 1","o":"QTS Data Centers","city":"Atlanta","st":"GA","mkt":"Atlanta","s":"Active","raw":"Active","p":"census"},"geometry":{"type":"Point","coordinates":[-84.42262,33.77566]}},{"type":"Feature","properties":{"id":"a26067f6d9","n":"QTS Suwanee 1 DC1","o":"QTS Data Centers","city":"Suwanee","st":"GA","mkt":"Atlanta","s":"Active","raw":"Active","p":"census"},"geometry":{"type":"Point","coordinates":[-84.06652,34.03151]}},{"type":"Feature","properties":{"id":"12ca43f9bb","n":"QTS Suwanee 1 DC2","o":"QTS Data Centers","city":"Suwanee","st":"GA","mkt":"Atlanta","s":"Active","raw":"Active","p":"census"},"geometry":{"type":"Point","coordinates":[-84.06736,34.02912]}},{"type":"Feature","properties":{"id":"6dc3078cb0","n":"STACK Infrastructure ATL01 Campus","o":"STACK Infrastructure","city":"Alpharetta","st":"GA","mkt":"Atlanta","s":"Active","raw":"Active","p":"census"},"geometry":{"type":"Point","coordinates":[-84.26606,34.0748]}},{"type":"Feature","properties":{"id":"dad021e781","n":"STACK Infrastructure ATL02 Campus","o":"STACK Infrastructure","city":"Lithia Springs","st":"GA","mkt":"Atlanta","s":"Active","raw":"Active","p":"census"},"geometry":{"type":"Point","coordinates":[-84.59728,33.76356]}},{"type":"Feature","properties":{"id":"0645139970","n":"Saragon Atlanta","o":"Saragon","city":"Atlanta","st":"GA","mkt":"Atlanta","s":"Active","raw":"Active","p":"census"},"geometry":{"type":"Point","coordinates":[-84.41338,33.72219]}},{"type":"Feature","properties":{"id":"0f8ec5ca00","n":"Serverfarm Atlanta Data Center ATL1","o":"Serverfarm","city":"Suwanee","st":"GA","mkt":"Atlanta","s":"Active","raw":"Active","p":"census"},"geometry":{"type":"Point","coordinates":[-84.06758,34.02952]}},{"type":"Feature","properties":{"id":"08443f92a3","n":"Serverfarm Atlanta Data Center ATL2","o":"Serverfarm","city":"Covington","st":"GA","mkt":"Atlanta","s":"Active","raw":"Active","p":"city"},"geometry":{"type":"Point","coordinates":[-83.85987,33.5966]}},{"type":"Feature","properties":{"id":"a2e21935fb","n":"Southern Telecom Atlanta","o":"Southern Telecom","city":"Atlanta","st":"GA","mkt":"Atlanta","s":"Active","raw":"Active","p":"census"},"geometry":{"type":"Point","coordinates":[-84.38764,33.76055]}},{"type":"Feature","properties":{"id":"fc66e476cf","n":"Spalding Investments LLC","o":"(operator not disclosed)","city":"Griffin","st":"GA","mkt":"Atlanta","s":"Active","raw":"Active","p":"city","np":1},"geometry":{"type":"Point","coordinates":[-84.26409,33.24678]}},{"type":"Feature","properties":{"id":"54bf3a67ca","n":"Switch Atlanta The KEEP Campus","o":"Switch","city":"Lithia Springs","st":"GA","mkt":"Atlanta","s":"Active","raw":"Active","p":"osm"},"geometry":{"type":"Point","coordinates":[-84.58727,33.75503]}},{"type":"Feature","properties":{"id":"46791cc842","n":"Switch KEEP 2.0 Campus","o":"Switch","city":"Cartersville","st":"GA","mkt":"Atlanta","s":"Active","raw":"Active","p":"census"},"geometry":{"type":"Point","coordinates":[-84.79107,34.1018]}},{"type":"Feature","properties":{"id":"552dc35de5","n":"T5@Atlanta Campus","o":"T5 Data Centers","city":"Lithia Springs","st":"GA","mkt":"Atlanta","s":"Active","raw":"Active","p":"census"},"geometry":{"type":"Point","coordinates":[-84.60634,33.76494]}},{"type":"Feature","properties":{"id":"b171240048","n":"T5@Atlanta IV","o":"T5 Data Centers","city":"Fairburn","st":"GA","mkt":"Atlanta","s":"Active","raw":"Active","p":"city"},"geometry":{"type":"Point","coordinates":[-84.58104,33.56706]}},{"type":"Feature","properties":{"id":"aa77f2f30f","n":"TA Realty - 4350 E Tanners Church","o":"TA Realty","city":"Ellenwood","st":"GA","mkt":"Atlanta","s":"Active","raw":"Active","p":"census"},"geometry":{"type":"Point","coordinates":[-84.30944,33.63748]}},{"type":"Feature","properties":{"id":"0a6c8b7fba","n":"TA Realty ATL03","o":"TA Realty","city":"Union City","st":"GA","mkt":"Atlanta","s":"Active","raw":"Active","p":"city","np":1},"geometry":{"type":"Point","coordinates":[-84.54243,33.58706]}},{"type":"Feature","properties":{"id":"c8ebdcca94","n":"The Crossings Campus","o":"Link Logistics","city":"Union City","st":"GA","mkt":"Atlanta","s":"Active","raw":"Active","p":"city"},"geometry":{"type":"Point","coordinates":[-84.54243,33.58706]}},{"type":"Feature","properties":{"id":"b2613c00f0","n":"The Edge GA10","o":"The Edge","city":"Marietta","st":"GA","mkt":"Atlanta","s":"Active","raw":"Active","p":"census"},"geometry":{"type":"Point","coordinates":[-84.48223,33.92592]}},{"type":"Feature","properties":{"id":"7131888d6f","n":"Uniti Atlanta","o":"Uniti Wholesale","city":"Atlanta","st":"GA","mkt":"Atlanta","s":"Active","raw":"Active","p":"census"},"geometry":{"type":"Point","coordinates":[-84.32742,33.8353]}},{"type":"Feature","properties":{"id":"d17e2c87d7","n":"Vantage College Park Campus","o":"Vantage Data Centers","city":"College Park","st":"GA","mkt":"Atlanta","s":"Active","raw":"Active","p":"census"},"geometry":{"type":"Point","coordinates":[-84.5318,33.60614]}},{"type":"Feature","properties":{"id":"c0ceca9981","n":"Vantage Westlake Campus","o":"Vantage Data Centers","city":"South Fulton","st":"GA","mkt":"Atlanta","s":"Active","raw":"Active","p":"census"},"geometry":{"type":"Point","coordinates":[-84.58236,33.70148]}},{"type":"Feature","properties":{"id":"c7278e22a6","n":"Verizon Atlanta","o":"Verizon Communications Inc.","city":"Smyrna","st":"GA","mkt":"Atlanta","s":"Active","raw":"Active","p":"census"},"geometry":{"type":"Point","coordinates":[-84.5038,33.82812]}},{"type":"Feature","properties":{"id":"6efde90002","n":"Volico Atlanta","o":"Volico Data Center","city":"Atlanta","st":"GA","mkt":"Atlanta","s":"Active","raw":"Active","p":"census"},"geometry":{"type":"Point","coordinates":[-84.39109,33.75547]}},{"type":"Feature","properties":{"id":"a492a043a8","n":"Wallace Jackson Data Center Campus","o":"(operator not disclosed)","city":"Griffin","st":"GA","mkt":"Atlanta","s":"Active","raw":"Active","p":"city","np":1},"geometry":{"type":"Point","coordinates":[-84.26409,33.24678]}},{"type":"Feature","properties":{"id":"b420d9cbf6","n":"WorldPark","o":"WorldPark","city":"Alpharetta","st":"GA","mkt":"Atlanta","s":"Active","raw":"Active","p":"census"},"geometry":{"type":"Point","coordinates":[-84.21863,34.11295]}},{"type":"Feature","properties":{"id":"5252a86482","n":"Google White Oak Technology Park (Appling Campus)","o":"Google","city":"Appling","st":"GA","mkt":"Augusta","s":"Expanding","raw":"Active/Expanding","p":"city"},"geometry":{"type":"Point","coordinates":[-82.31596,33.54597]}},{"type":"Feature","properties":{"id":"b13970af70","n":"QTS Augusta Campus","o":"QTS Data Centers","city":"Augusta","st":"GA","mkt":"Augusta","s":"Building","raw":"Under construction","p":"city"},"geometry":{"type":"Point","coordinates":[-81.97484,33.47097]}},{"type":"Feature","properties":{"id":"83fce03d37","n":"Verizon Business - Standard DC Augusta","o":"Verizon","city":"Augusta","st":"GA","mkt":"Augusta","s":"Active","raw":"Active","p":"city","np":1},"geometry":{"type":"Point","coordinates":[-81.97484,33.47097]}},{"type":"Feature","properties":{"id":"743b6c1462","n":"Google LaGrange (Form8tion PRL1)","o":"Google / Form8tion","city":"LaGrange","st":"GA","mkt":"Columbus GA","s":"Expanding","raw":"Active/Expanding","p":"city","np":1},"geometry":{"type":"Point","coordinates":[-85.03133,33.03929]}},{"type":"Feature","properties":{"id":"9c8ebe6f38","n":"CleanSpark Dalton 1","o":"CleanSpark","city":"Dalton","st":"GA","mkt":"Dalton","s":"Active","raw":"Active","p":"city"},"geometry":{"type":"Point","coordinates":[-84.97025,34.76919]}},{"type":"Feature","properties":{"id":"dd4aa95312","n":"CleanSpark Dalton 2","o":"CleanSpark","city":"Dalton","st":"GA","mkt":"Dalton","s":"Active","raw":"Active","p":"census"},"geometry":{"type":"Point","coordinates":[-84.96271,34.73645]}},{"type":"Feature","properties":{"id":"3ca137119c","n":"Core Scientific Dalton","o":"Core Scientific","city":"Dalton","st":"GA","mkt":"Dalton","s":"Active","raw":"Active","p":"city","np":1},"geometry":{"type":"Point","coordinates":[-84.97025,34.76919]}},{"type":"Feature","properties":{"id":"f004a458f9","n":"Equinix Hampton Campus","o":"Equinix","city":"Hampton","st":"GA","mkt":"Hampton","s":"Expanding","raw":"Active/Expanding","p":"census"},"geometry":{"type":"Point","coordinates":[-84.3086,33.36883]}},{"type":"Feature","properties":{"id":"2eaf78b0a1","n":"Hampton Technology Park","o":"(operator not disclosed)","city":"Hampton","st":"GA","mkt":"Hampton","s":"Planned","raw":"Proposed","p":"city"},"geometry":{"type":"Point","coordinates":[-84.28298,33.38706]}},{"type":"Feature","properties":{"id":"8e01ae754a","n":"Stillwater Hampton Campus","o":"Stillwater Development","city":"Hampton","st":"GA","mkt":"Hampton","s":"Expanding","raw":"Active/Expanding","p":"census"},"geometry":{"type":"Point","coordinates":[-84.35936,33.43293]}},{"type":"Feature","properties":{"id":"27fba2a935","n":"DRFortress - Honolulu","o":"DR Fortress, LLC","city":"Honolulu","st":"HI","mkt":"Honolulu","s":"Active","raw":"Active","p":"osm"},"geometry":{"type":"Point","coordinates":[-157.91718,21.33442]}},{"type":"Feature","properties":{"id":"f5dace5d63","n":"Hawaiian Telcom - Endeavor Data Center","o":"Hawaiian Telcom","city":"Honolulu","st":"HI","mkt":"Honolulu","s":"Active","raw":"Active","p":"census"},"geometry":{"type":"Point","coordinates":[-157.88681,21.33224]}},{"type":"Feature","properties":{"id":"99f5e24700","n":"Lumen Honolulu","o":"Lumen","city":"Honolulu","st":"HI","mkt":"Honolulu","s":"Active","raw":"Active","p":"osm"},"geometry":{"type":"Point","coordinates":[-157.91581,21.33565]}},{"type":"Feature","properties":{"id":"4a91f159a1","n":"MTP Data Center","o":"Servpac Inc.","city":"Mililani","st":"HI","mkt":"Honolulu","s":"Active","raw":"Active","p":"census"},"geometry":{"type":"Point","coordinates":[-158.02025,21.47994]}},{"type":"Feature","properties":{"id":"02a603ba40","n":"Servpac Puahale","o":"Servpac Inc.","city":"Honolulu","st":"HI","mkt":"Honolulu","s":"Active","raw":"Active","p":"census"},"geometry":{"type":"Point","coordinates":[-157.87817,21.33206]}},{"type":"Feature","properties":{"id":"6e35bc9e0b","n":"University of Hawaii ITS Data Center","o":"University of Hawaii IT Center","city":"Honolulu","st":"HI","mkt":"Honolulu","s":"Active","raw":"Active","p":"census"},"geometry":{"type":"Point","coordinates":[-157.81681,21.29868]}},{"type":"Feature","properties":{"id":"c4923a0c6b","n":"AlohaNAP (HAII1)","o":"1547 Critical Systems Realty","city":"Kapolei","st":"HI","mkt":"Kapolei","s":"Active","raw":"Active","p":"city"},"geometry":{"type":"Point","coordinates":[-158.07785,21.33401]}},{"type":"Feature","properties":{"id":"b0a1595fbe","n":"Hawaiian Telcom - Kawaihae Data Center","o":"Hawaiian Telcom","city":"Waimea (Kawaihae)","st":"HI","mkt":"Waimea","s":"Active","raw":"Active","p":"city","np":1},"geometry":{"type":"Point","coordinates":[-155.66859,20.0217]}},{"type":"Feature","properties":{"id":"496158d66b","n":"Ark Data Centers Boise 1","o":"Ark Data Centers","city":"Boise","st":"ID","mkt":"Boise","s":"Active","raw":"Active","p":"city","np":1},"geometry":{"type":"Point","coordinates":[-116.20089,43.61662]}},{"type":"Feature","properties":{"id":"027bb99c98","n":"Benaroya - Boise Data Center","o":"Benaroya","city":"Boise","st":"ID","mkt":"Boise","s":"Active","raw":"Active","p":"census"},"geometry":{"type":"Point","coordinates":[-116.30136,43.60579]}},{"type":"Feature","properties":{"id":"5feb3824ce","n":"Centeris - Boise Data Center","o":"Centeris","city":"Boise","st":"ID","mkt":"Boise","s":"Active","raw":"Active","p":"census"},"geometry":{"type":"Point","coordinates":[-116.30136,43.60579]}},{"type":"Feature","properties":{"id":"582941ee02","n":"Fiberpipe / ValorC3 Boise (Tonaquint)","o":"Fiberpipe / ValorC3","city":"Boise","st":"ID","mkt":"Boise","s":"Active","raw":"Active","p":"census"},"geometry":{"type":"Point","coordinates":[-116.30988,43.60991]}},{"type":"Feature","properties":{"id":"019fd2bf6a","n":"Involta - Boise Data Center","o":"Involta","city":"Boise","st":"ID","mkt":"Boise","s":"Active","raw":"Active","p":"census"},"geometry":{"type":"Point","coordinates":[-116.29923,43.59132]}},{"type":"Feature","properties":{"id":"1b927f49d3","n":"Meta Kuna Data Center Campus","o":"Meta","city":"Kuna","st":"ID","mkt":"Boise","s":"Expanding","raw":"Active/Expanding","p":"census"},"geometry":{"type":"Point","coordinates":[-116.26748,43.45911]}},{"type":"Feature","properties":{"id":"b0e4532e36","n":"SolutionPro Boise","o":"SolutionPro","city":"Boise","st":"ID","mkt":"Boise","s":"Active","raw":"Active","p":"city","np":1},"geometry":{"type":"Point","coordinates":[-116.20089,43.61662]}},{"type":"Feature","properties":{"id":"6bdc988126","n":"Syringa Networks Boise","o":"Syringa Networks","city":"Boise","st":"ID","mkt":"Boise","s":"Active","raw":"Active","p":"city","np":1},"geometry":{"type":"Point","coordinates":[-116.20089,43.61662]}},{"type":"Feature","properties":{"id":"efa0c565ca","n":"tw telecom / Lumen Boise Data Center #1","o":"Lumen (fmr tw telecom)","city":"Boise","st":"ID","mkt":"Boise","s":"Active","raw":"Active","p":"census"},"geometry":{"type":"Point","coordinates":[-116.20871,43.56915]}},{"type":"Feature","properties":{"id":"279c2b2f80","n":"tw telecom / Lumen Boise Data Center #2","o":"Lumen (fmr tw telecom)","city":"Boise","st":"ID","mkt":"Boise","s":"Active","raw":"Active","p":"census"},"geometry":{"type":"Point","coordinates":[-116.20168,43.61578]}},{"type":"Feature","properties":{"id":"0beaf125f1","n":"IonSwitch CDA01","o":"IonSwitch","city":"Coeur d'Alene","st":"ID","mkt":"Coeur d'Alene","s":"Active","raw":"Active","p":"city","np":1},"geometry":{"type":"Point","coordinates":[-116.78115,47.6743]}},{"type":"Feature","properties":{"id":"ec69ff9e30","n":"OneEighty Networks Coeur d'Alene","o":"OneEighty Networks","city":"Coeur d'Alene","st":"ID","mkt":"Coeur d'Alene","s":"Active","raw":"Active","p":"city","np":1},"geometry":{"type":"Point","coordinates":[-116.78115,47.6743]}},{"type":"Feature","properties":{"id":"70dd8d3337","n":"Deep Atomic Idaho Falls","o":"Deep Atomic AG","city":"Idaho Falls","st":"ID","mkt":"Idaho Falls","s":"Planned","raw":"Proposed","p":"city","np":1},"geometry":{"type":"Point","coordinates":[-112.03628,43.48879]}},{"type":"Feature","properties":{"id":"a691f7906d","n":"T-REX Orofino","o":"T-REX Acquisition Corp.","city":"Orofino","st":"ID","mkt":"Orofino","s":"Active","raw":"Active","p":"city","np":1},"geometry":{"type":"Point","coordinates":[-116.25578,46.48114]}},{"type":"Feature","properties":{"id":"c6fec2da0f","n":"ADTAQ Idaho Datacenter","o":"ADTAQ","city":"Weiser","st":"ID","mkt":"Weiser","s":"Active","raw":"Active","p":"city","np":1},"geometry":{"type":"Point","coordinates":[-116.97024,44.24547]}},{"type":"Feature","properties":{"id":"af647b90d7","n":"Colovore ORD01","o":"Colovore","city":"Aurora","st":"IL","mkt":"Aurora","s":"Planned","raw":"Planned","p":"city","np":1},"geometry":{"type":"Point","coordinates":[-88.31475,41.75717]}},{"type":"Feature","properties":{"id":"e430777a84","n":"CyrusOne Aurora III Campus (Bilter Rd)","o":"CyrusOne Data Centers","city":"Aurora","st":"IL","mkt":"Aurora","s":"Expanding","raw":"Active/Expanding","p":"census"},"geometry":{"type":"Point","coordinates":[-88.24905,41.80359]}},{"type":"Feature","properties":{"id":"98a36c0c13","n":"CyrusOne Diehl Rd Campus (CHI1-CHI3)","o":"CyrusOne Data Centers","city":"Aurora","st":"IL","mkt":"Aurora","s":"Active","raw":"Active","p":"census"},"geometry":{"type":"Point","coordinates":[-88.24905,41.79771]}},{"type":"Feature","properties":{"id":"472d6b609f","n":"CyrusOne Yorkville Campus","o":"CyrusOne Data Centers","city":"Yorkville","st":"IL","mkt":"Aurora","s":"Planned","raw":"Planned/Expanding","p":"city"},"geometry":{"type":"Point","coordinates":[-88.44729,41.64114]}},{"type":"Feature","properties":{"id":"ae8ad6ed08","n":"Edged Energy Aurora Campus","o":"Edged Energy","city":"Aurora","st":"IL","mkt":"Aurora","s":"Expanding","raw":"Active/Expanding","p":"census"},"geometry":{"type":"Point","coordinates":[-88.24905,41.80359]}},{"type":"Feature","properties":{"id":"d816e252cc","n":"Microsoft Plano (IL)","o":"Microsoft","city":"Plano","st":"IL","mkt":"Aurora","s":"Expanding","raw":"Active/Expanding","p":"census"},"geometry":{"type":"Point","coordinates":[-88.48874,41.69001]}},{"type":"Feature","properties":{"id":"68582995b4","n":"Plano Skies Campus","o":"Savion Renewable Energy","city":"Plano","st":"IL","mkt":"Aurora","s":"Planned","raw":"Planned","p":"city"},"geometry":{"type":"Point","coordinates":[-88.53668,41.66288]}},{"type":"Feature","properties":{"id":"1dc0dbad11","n":"Project Cardinal","o":"Pioneer Development","city":"Yorkville","st":"IL","mkt":"Aurora","s":"Planned","raw":"Planned","p":"census"},"geometry":{"type":"Point","coordinates":[-88.44213,41.77187]}},{"type":"Feature","properties":{"id":"2b5318abad","n":"Prologis Project Steel","o":"Prologis","city":"Yorkville","st":"IL","mkt":"Aurora","s":"Planned","raw":"Planned","p":"city"},"geometry":{"type":"Point","coordinates":[-88.44729,41.64114]}},{"type":"Feature","properties":{"id":"0fd11ded1a","n":"US Signal Aurora IL02","o":"US Signal Company","city":"Aurora","st":"IL","mkt":"Aurora","s":"Active","raw":"Active","p":"census"},"geometry":{"type":"Point","coordinates":[-88.21727,41.77303]}},{"type":"Feature","properties":{"id":"fe43a91aeb","n":"WhiteRose South Elgin","o":"White Rose Partners","city":"South Elgin","st":"IL","mkt":"Aurora","s":"Active","raw":"Active","p":"city"},"geometry":{"type":"Point","coordinates":[-88.2923,41.99419]}},{"type":"Feature","properties":{"id":"d84f40e2ff","n":"Pearl Technology Bloomington Data Center","o":"Pearl Technology","city":"Bloomington","st":"IL","mkt":"Bloomington","s":"Active","raw":"Active","p":"census"},"geometry":{"type":"Point","coordinates":[-88.99081,40.47959]}},{"type":"Feature","properties":{"id":"b6fa2ea431","n":"STL Data Center","o":"STL","city":"Bloomington","st":"IL","mkt":"Bloomington","s":"Active","raw":"Active","p":"city"},"geometry":{"type":"Point","coordinates":[-88.99391,40.47978]}},{"type":"Feature","properties":{"id":"fcc12329bf","n":"WHP Braidwood Campus","o":"Western Hospitality Partners","city":"Braidwood","st":"IL","mkt":"Braidwood (Chicago exurb)","s":"Expanding","raw":"Active/Expanding","p":"city"},"geometry":{"type":"Point","coordinates":[-88.21228,41.26503]}},{"type":"Feature","properties":{"id":"16d4337d8f","n":"ColocationPLUS Champaign","o":"ColocationPLUS","city":"Champaign","st":"IL","mkt":"Champaign","s":"Active","raw":"Active","p":"census"},"geometry":{"type":"Point","coordinates":[-88.24238,40.11204]}},{"type":"Feature","properties":{"id":"a3cca9efcb","n":"Fidium Mattoon","o":"Fidium","city":"Mattoon","st":"IL","mkt":"Champaign","s":"Active","raw":"Active","p":"census"},"geometry":{"type":"Point","coordinates":[-88.37255,39.48147]}},{"type":"Feature","properties":{"id":"78908b7c87","n":"216 West Jackson Boulevard","o":"Baum Realty Group","city":"Chicago","st":"IL","mkt":"Chicago","s":"Active","raw":"Active","p":"census"},"geometry":{"type":"Point","coordinates":[-87.63439,41.87817]}},{"type":"Feature","properties":{"id":"0f817dcf52","n":"360TCS Data Center","o":"360 Technology Center Solutions","city":"Lombard","st":"IL","mkt":"Chicago","s":"Active","raw":"Active","p":"census"},"geometry":{"type":"Point","coordinates":[-88.00718,41.84579]}},{"type":"Feature","properties":{"id":"61be68b08d","n":"365 Data Centers - Chicago 1","o":"365 Data Centers","city":"Chicago","st":"IL","mkt":"Chicago","s":"Active","raw":"Active","p":"census"},"geometry":{"type":"Point","coordinates":[-87.63168,41.87653]}},{"type":"Feature","properties":{"id":"e61ed1f7c7","n":"365 Data Centers - Chicago 2","o":"365 Data Centers","city":"Chicago","st":"IL","mkt":"Chicago","s":"Active","raw":"Active","p":"census"},"geometry":{"type":"Point","coordinates":[-87.61892,41.85306]}},{"type":"Feature","properties":{"id":"8761c78975","n":"711 Ogden Avenue","o":"CloudCenters","city":"Lisle","st":"IL","mkt":"Chicago","s":"Active","raw":"Active","p":"city"},"geometry":{"type":"Point","coordinates":[-88.07477,41.80116]}},{"type":"Feature","properties":{"id":"d0410f710a","n":"725 S. Wells","o":"1547 Critical Systems Realty","city":"Chicago","st":"IL","mkt":"Chicago","s":"Active","raw":"Active","p":"census"},"geometry":{"type":"Point","coordinates":[-87.63352,41.87304]}},{"type":"Feature","properties":{"id":"505dd50509","n":"8080 S DuSable Lake Shore Drive","o":"Related Digital","city":"Chicago","st":"IL","mkt":"Chicago","s":"Active","raw":"Active","p":"city"},"geometry":{"type":"Point","coordinates":[-87.62442,41.87556]}},{"type":"Feature","properties":{"id":"a9b05d8dff","n":"Aligned Northlake Campus (ORD-01/02)","o":"Aligned Data Centers","city":"Northlake","st":"IL","mkt":"Chicago","s":"Active","raw":"Active","p":"census"},"geometry":{"type":"Point","coordinates":[-87.91929,41.91397]}},{"type":"Feature","properties":{"id":"7c78ef548b","n":"Aligned ORD-03/04","o":"Aligned Data Centers","city":"Elk Grove Village","st":"IL","mkt":"Chicago","s":"Active","raw":"Active","p":"city"},"geometry":{"type":"Point","coordinates":[-88.00377,42.00356]}},{"type":"Feature","properties":{"id":"ae7182da21","n":"Apotech Data Center","o":"Apotech","city":"Mount Prospect","st":"IL","mkt":"Chicago","s":"Active","raw":"Active","p":"census"},"geometry":{"type":"Point","coordinates":[-87.91642,42.07863]}},{"type":"Feature","properties":{"id":"f8c4b47297","n":"Axon Datacenter","o":"Axon Datacenters","city":"Rosemont","st":"IL","mkt":"Chicago","s":"Active","raw":"Active","p":"census"},"geometry":{"type":"Point","coordinates":[-87.89175,42.0075]}},{"type":"Feature","properties":{"id":"6c248b5c4c","n":"CBTS Lombard Data Center I","o":"CBTS","city":"Lombard","st":"IL","mkt":"Chicago","s":"Active","raw":"Active","p":"census"},"geometry":{"type":"Point","coordinates":[-88.02887,41.84931]}},{"type":"Feature","properties":{"id":"8408e8aa44","n":"CBTS Lombard Data Center II","o":"CBTS","city":"Lombard","st":"IL","mkt":"Chicago","s":"Active","raw":"Active","p":"city"},"geometry":{"type":"Point","coordinates":[-88.02015,41.88647]}},{"type":"Feature","properties":{"id":"01b9dcb450","n":"Chicago Board of Trade Building","o":"Apollo Global Management","city":"Chicago","st":"IL","mkt":"Chicago","s":"Active","raw":"Active","p":"census"},"geometry":{"type":"Point","coordinates":[-87.63266,41.87807]}},{"type":"Feature","properties":{"id":"718c544906","n":"Chicago Exchange","o":"Menlo Digital","city":"Chicago","st":"IL","mkt":"Chicago","s":"Active","raw":"Active","p":"census"},"geometry":{"type":"Point","coordinates":[-87.64242,41.87193]}},{"type":"Feature","properties":{"id":"c9706754b5","n":"Chilled AI 300 W Adams","o":"Chilled AI","city":"Chicago","st":"IL","mkt":"Chicago","s":"Active","raw":"Active","p":"census"},"geometry":{"type":"Point","coordinates":[-87.63531,41.87943]}},{"type":"Feature","properties":{"id":"28e79a48dc","n":"CloudHQ ORD Campus","o":"CloudHQ","city":"Mount Prospect","st":"IL","mkt":"Chicago","s":"Active","raw":"Active","p":"census"},"geometry":{"type":"Point","coordinates":[-87.95645,42.03423]}},{"type":"Feature","properties":{"id":"50fb408758","n":"Cogent Data Center - Chicago 1","o":"Cogent Communications","city":"Chicago","st":"IL","mkt":"Chicago","s":"Active","raw":"Active","p":"census"},"geometry":{"type":"Point","coordinates":[-87.63168,41.87653]}},{"type":"Feature","properties":{"id":"bf4a629742","n":"Cogent Data Center - Chicago 2","o":"Cogent Communications","city":"Chicago","st":"IL","mkt":"Chicago","s":"Active","raw":"Active","p":"census"},"geometry":{"type":"Point","coordinates":[-87.63439,41.87817]}},{"type":"Feature","properties":{"id":"11bc03d786","n":"ColoCrossing CH1","o":"ColoCrossing","city":"Elk Grove Village","st":"IL","mkt":"Chicago","s":"Active","raw":"Active","p":"census"},"geometry":{"type":"Point","coordinates":[-87.95946,41.99559]}},{"type":"Feature","properties":{"id":"bb3ab65c69","n":"Colocation America CHIDC1","o":"Colocation America","city":"Chicago","st":"IL","mkt":"Chicago","s":"Active","raw":"Active","p":"census"},"geometry":{"type":"Point","coordinates":[-87.61892,41.85306]}},{"type":"Feature","properties":{"id":"57420c5a39","n":"Colocation America CHIDC4","o":"Colocation America","city":"Oak Brook","st":"IL","mkt":"Chicago","s":"Active","raw":"Active","p":"census"},"geometry":{"type":"Point","coordinates":[-87.92209,41.85392]}},{"type":"Feature","properties":{"id":"59ab96db27","n":"Connect Chicago","o":"Connect Data Centers by Oppidan","city":"Carol Stream","st":"IL","mkt":"Chicago","s":"Active","raw":"Active","p":"census"},"geometry":{"type":"Point","coordinates":[-88.11392,41.90958]}},{"type":"Feature","properties":{"id":"cc7fdc1e4e","n":"CoreSite Chicago (CH1)","o":"CoreSite","city":"Chicago","st":"IL","mkt":"Chicago","s":"Active","raw":"Active","p":"census"},"geometry":{"type":"Point","coordinates":[-87.63168,41.87653]}},{"type":"Feature","properties":{"id":"bff9714f99","n":"CoreSite Chicago (CH2)","o":"CoreSite","city":"Chicago","st":"IL","mkt":"Chicago","s":"Active","raw":"Active","p":"census"},"geometry":{"type":"Point","coordinates":[-87.64065,41.86332]}},{"type":"Feature","properties":{"id":"dd9059caa9","n":"Csquare - Chicago ORD1 Suites","o":"Csquare","city":"Chicago","st":"IL","mkt":"Chicago","s":"Active","raw":"Active","p":"census"},"geometry":{"type":"Point","coordinates":[-87.61892,41.85306]}},{"type":"Feature","properties":{"id":"f3a3634e01","n":"Csquare - Chicago ORD2-A","o":"Csquare","city":"Elk Grove Village","st":"IL","mkt":"Chicago","s":"Active","raw":"Active","p":"osm"},"geometry":{"type":"Point","coordinates":[-87.95823,41.99232]}},{"type":"Feature","properties":{"id":"dc0a899d01","n":"Csquare - Chicago ORD4-A","o":"Csquare","city":"Lisle","st":"IL","mkt":"Chicago","s":"Active","raw":"Active","p":"census"},"geometry":{"type":"Point","coordinates":[-88.09637,41.80346]}},{"type":"Feature","properties":{"id":"aa940642a4","n":"CyrusOne CHI5 - Lombard","o":"CyrusOne Data Centers","city":"Lombard","st":"IL","mkt":"Chicago","s":"Active","raw":"Active","p":"census"},"geometry":{"type":"Point","coordinates":[-88.02887,41.84931]}},{"type":"Feature","properties":{"id":"0a52580ff2","n":"CyrusOne CHI6 - Wood Dale","o":"CyrusOne Data Centers","city":"Wood Dale","st":"IL","mkt":"Chicago","s":"Active","raw":"Active","p":"city"},"geometry":{"type":"Point","coordinates":[-87.97896,41.96336]}},{"type":"Feature","properties":{"id":"567a89fa4e","n":"DLS Internet 216 Jackson","o":"DLS Internet Services","city":"Chicago","st":"IL","mkt":"Chicago","s":"Active","raw":"Active","p":"census"},"geometry":{"type":"Point","coordinates":[-87.63439,41.87817]}},{"type":"Feature","properties":{"id":"bbc7fd41e5","n":"DLS Internet LITH","o":"DLS Internet Services","city":"Lake in the Hills","st":"IL","mkt":"Chicago","s":"Active","raw":"Active","p":"census"},"geometry":{"type":"Point","coordinates":[-88.30883,42.19023]}},{"type":"Feature","properties":{"id":"b7eae9c032","n":"Data Canopy - Boeing","o":"Data Canopy","city":"Chicago","st":"IL","mkt":"Chicago","s":"Active","raw":"Active","p":"city"},"geometry":{"type":"Point","coordinates":[-87.62442,41.87556]}},{"type":"Feature","properties":{"id":"83e7796924","n":"DataBank ORD2 - Chicago","o":"DataBank","city":"Chicago","st":"IL","mkt":"Chicago","s":"Active","raw":"Active","p":"census"},"geometry":{"type":"Point","coordinates":[-87.63938,41.87065]}},{"type":"Feature","properties":{"id":"f2ac140084","n":"DataBank ORD3 - Mount Prospect","o":"DataBank","city":"Mount Prospect","st":"IL","mkt":"Chicago","s":"Active","raw":"Active","p":"census"},"geometry":{"type":"Point","coordinates":[-87.92376,42.07711]}},{"type":"Feature","properties":{"id":"d218769ead","n":"DataBank ORD4 - Chicago Tri-State","o":"DataBank","city":"Oak Brook","st":"IL","mkt":"Chicago","s":"Active","raw":"Active","p":"census"},"geometry":{"type":"Point","coordinates":[-87.92209,41.85392]}},{"type":"Feature","properties":{"id":"9368aac385","n":"Digital Fortress Chicago","o":"Digital Fortress","city":"Lombard","st":"IL","mkt":"Chicago","s":"Active","raw":"Active","p":"census"},"geometry":{"type":"Point","coordinates":[-88.00718,41.84579]}},{"type":"Feature","properties":{"id":"83746e5988","n":"Digital Realty 1400 E Devon Ave (CH3)","o":"Digital Realty","city":"Elk Grove Village","st":"IL","mkt":"Chicago","s":"Active","raw":"Active","p":"census"},"geometry":{"type":"Point","coordinates":[-87.96554,41.99313]}},{"type":"Feature","properties":{"id":"c7c60da50f","n":"Digital Realty 2200 Busse Rd (CH1)","o":"Digital Realty","city":"Elk Grove Village","st":"IL","mkt":"Chicago","s":"Active","raw":"Active","p":"census"},"geometry":{"type":"Point","coordinates":[-87.95946,41.99559]}},{"type":"Feature","properties":{"id":"e99acdb74c","n":"Digital Realty 2299 Busse Rd (CH2)","o":"Digital Realty","city":"Elk Grove Village","st":"IL","mkt":"Chicago","s":"Active","raw":"Active","p":"census"},"geometry":{"type":"Point","coordinates":[-87.95927,41.99409]}},{"type":"Feature","properties":{"id":"d0bdaee77d","n":"Digital Realty 2425-2553 Edgington St (ORD22)","o":"Digital Realty","city":"Franklin Park","st":"IL","mkt":"Chicago","s":"Active","raw":"Active","p":"census"},"geometry":{"type":"Point","coordinates":[-87.86253,41.92527]}},{"type":"Feature","properties":{"id":"3cd4a76dd6","n":"Digital Realty 350 E Cermak Rd (ORD10)","o":"Digital Realty","city":"Chicago","st":"IL","mkt":"Chicago","s":"Active","raw":"Active","p":"census"},"geometry":{"type":"Point","coordinates":[-87.61892,41.85306]}},{"type":"Feature","properties":{"id":"eda7c12f9b","n":"Digital Realty 505 N Railroad Ave (ORD23)","o":"Digital Realty","city":"Northlake","st":"IL","mkt":"Chicago","s":"Active","raw":"Active","p":"census"},"geometry":{"type":"Point","coordinates":[-87.91296,41.91973]}},{"type":"Feature","properties":{"id":"32b008f5d3","n":"Digital Realty 600 S Federal St (ORD11)","o":"Digital Realty","city":"Chicago","st":"IL","mkt":"Chicago","s":"Active","raw":"Active","p":"census"},"geometry":{"type":"Point","coordinates":[-87.62974,41.87448]}},{"type":"Feature","properties":{"id":"bfdbd82724","n":"Digital Realty 9333 Grand Ave (ORD12)","o":"Digital Realty","city":"Franklin Park","st":"IL","mkt":"Chicago","s":"Active","raw":"Active","p":"census"},"geometry":{"type":"Point","coordinates":[-87.85809,41.9291]}},{"type":"Feature","properties":{"id":"a990734ceb","n":"Digital Realty 9355 Grand Ave (ORD13)","o":"Digital Realty","city":"Franklin Park","st":"IL","mkt":"Chicago","s":"Active","raw":"Active","p":"census"},"geometry":{"type":"Point","coordinates":[-87.85877,41.92911]}},{"type":"Feature","properties":{"id":"5567609de1","n":"Digital Realty 9377 Grand Ave (ORD14)","o":"Digital Realty","city":"Franklin Park","st":"IL","mkt":"Chicago","s":"Active","raw":"Active","p":"census"},"geometry":{"type":"Point","coordinates":[-87.85946,41.92914]}},{"type":"Feature","properties":{"id":"ec89fe2b72","n":"Digital Realty 9401 W Grand Ave (ORD15)","o":"Digital Realty","city":"Franklin Park","st":"IL","mkt":"Chicago","s":"Active","raw":"Active","p":"census"},"geometry":{"type":"Point","coordinates":[-87.86164,41.92937]}},{"type":"Feature","properties":{"id":"1c5499f8ba","n":"EdgeConneX Chicago Campus","o":"EdgeConneX","city":"Elk Grove Village","st":"IL","mkt":"Chicago","s":"Active","raw":"Active","p":"census"},"geometry":{"type":"Point","coordinates":[-87.94943,42.00122]}},{"type":"Feature","properties":{"id":"76bcfb8528","n":"Element Critical Chicago One","o":"Element Critical","city":"Wood Dale","st":"IL","mkt":"Chicago","s":"Active","raw":"Active","p":"census"},"geometry":{"type":"Point","coordinates":[-87.96534,41.97644]}},{"type":"Feature","properties":{"id":"f7905ad9ac","n":"Element Critical Chicago Two","o":"Element Critical","city":"Wood Dale","st":"IL","mkt":"Chicago","s":"Active","raw":"Active","p":"census"},"geometry":{"type":"Point","coordinates":[-87.96787,41.97328]}},{"type":"Feature","properties":{"id":"b600072be8","n":"Equinix CH1/CH2","o":"Equinix","city":"Chicago","st":"IL","mkt":"Chicago","s":"Active","raw":"Active","p":"census"},"geometry":{"type":"Point","coordinates":[-87.61892,41.85306]}},{"type":"Feature","properties":{"id":"e1473dc0d9","n":"Equinix CH4","o":"Equinix","city":"Chicago","st":"IL","mkt":"Chicago","s":"Active","raw":"Active","p":"census"},"geometry":{"type":"Point","coordinates":[-87.61892,41.85306]}},{"type":"Feature","properties":{"id":"b7b5516e85","n":"Equinix CH7","o":"Equinix","city":"Westmont","st":"IL","mkt":"Chicago","s":"Active","raw":"Active","p":"census"},"geometry":{"type":"Point","coordinates":[-87.97301,41.81297]}},{"type":"Feature","properties":{"id":"99cd919b35","n":"Equinix Elk Grove Campus (CH3/CH5)","o":"Equinix","city":"Elk Grove Village","st":"IL","mkt":"Chicago","s":"Active","raw":"Active","p":"census"},"geometry":{"type":"Point","coordinates":[-87.9553,42.00206]}},{"type":"Feature","properties":{"id":"c1d01fa795","n":"FDCservers.net","o":"FDCservers.net LLC","city":"Chicago","st":"IL","mkt":"Chicago","s":"Active","raw":"Active","p":"census"},"geometry":{"type":"Point","coordinates":[-87.63266,41.87807]}},{"type":"Feature","properties":{"id":"4fbcefebf3","n":"FirstComm Data Center","o":"First Communications","city":"Chicago","st":"IL","mkt":"Chicago","s":"Active","raw":"Active","p":"census"},"geometry":{"type":"Point","coordinates":[-87.64242,41.87193]}},{"type":"Feature","properties":{"id":"2c2d9356c4","n":"Fiserv DC - Chicago","o":"Fiserv","city":"Chicago","st":"IL","mkt":"Chicago","s":"Active","raw":"Active","p":"census"},"geometry":{"type":"Point","coordinates":[-87.63632,41.88785]}},{"type":"Feature","properties":{"id":"e315c6e5d9","n":"GigeNET Chicago","o":"GigeNET","city":"Arlington Heights","st":"IL","mkt":"Chicago","s":"Active","raw":"Active","p":"census"},"geometry":{"type":"Point","coordinates":[-87.97566,42.04135]}},{"type":"Feature","properties":{"id":"115d75d08d","n":"H5 Data Centers Chicago","o":"H5 Data Centers","city":"Chicago","st":"IL","mkt":"Chicago","s":"Active","raw":"Active","p":"census"},"geometry":{"type":"Point","coordinates":[-87.67497,41.864]}},{"type":"Feature","properties":{"id":"6dff0d01f7","n":"Hivelocity - Chicago 1","o":"Hivelocity","city":"Chicago","st":"IL","mkt":"Chicago","s":"Active","raw":"Active","p":"census"},"geometry":{"type":"Point","coordinates":[-87.61892,41.85306]}},{"type":"Feature","properties":{"id":"559842aa90","n":"Hivelocity - Chicago 2","o":"Hivelocity","city":"Chicago","st":"IL","mkt":"Chicago","s":"Active","raw":"Active","p":"census"},"geometry":{"type":"Point","coordinates":[-87.63352,41.87304]}},{"type":"Feature","properties":{"id":"970b772835","n":"Hivelocity - Chicago 3","o":"Hivelocity","city":"Chicago","st":"IL","mkt":"Chicago","s":"Active","raw":"Active","p":"census"},"geometry":{"type":"Point","coordinates":[-87.61892,41.85306]}},{"type":"Feature","properties":{"id":"a403a7eda5","n":"Hostrunway Lombard","o":"Hostrunway","city":"Lombard","st":"IL","mkt":"Chicago","s":"Active","raw":"Active","p":"census"},"geometry":{"type":"Point","coordinates":[-88.02887,41.84931]}},{"type":"Feature","properties":{"id":"d605984627","n":"HydraVault Data Center","o":"HydraVault","city":"Chicago","st":"IL","mkt":"Chicago","s":"Active","raw":"Active","p":"census"},"geometry":{"type":"Point","coordinates":[-87.62543,41.84656]}},{"type":"Feature","properties":{"id":"f585f26c43","n":"Iron Mountain Data Centers CHI-1","o":"Iron Mountain Data Centers","city":"Des Plaines","st":"IL","mkt":"Chicago","s":"Active","raw":"Active","p":"census"},"geometry":{"type":"Point","coordinates":[-87.88235,42.0098]}},{"type":"Feature","properties":{"id":"4d0f39bdc8","n":"KARIS Naperville","o":"KARIS Critical","city":"Naperville","st":"IL","mkt":"Chicago","s":"Active","raw":"Active","p":"census"},"geometry":{"type":"Point","coordinates":[-88.15112,41.81227]}},{"type":"Feature","properties":{"id":"e1c3609a3f","n":"Legacy - Chicago Byte Exchange","o":"Legacy Investing","city":"Chicago","st":"IL","mkt":"Chicago","s":"Active","raw":"Active","p":"census"},"geometry":{"type":"Point","coordinates":[-87.63185,41.87682]}},{"type":"Feature","properties":{"id":"363e0f6274","n":"LexisNexis Oak Brook","o":"LexisNexis","city":"Oak Brook","st":"IL","mkt":"Chicago","s":"Active","raw":"Active","p":"census"},"geometry":{"type":"Point","coordinates":[-87.92209,41.85392]}},{"type":"Feature","properties":{"id":"7dd2798a7f","n":"Lumen 350 E Cermak","o":"Lumen","city":"Chicago","st":"IL","mkt":"Chicago","s":"Active","raw":"Active","p":"census"},"geometry":{"type":"Point","coordinates":[-87.61892,41.85306]}},{"type":"Feature","properties":{"id":"4b9671ac56","n":"Lumen Arlington Heights 1","o":"Lumen","city":"Arlington Heights","st":"IL","mkt":"Chicago","s":"Active","raw":"Active","p":"census"},"geometry":{"type":"Point","coordinates":[-87.95387,42.03314]}},{"type":"Feature","properties":{"id":"d315adab6a","n":"Lumen Broadview 1","o":"Lumen","city":"Broadview","st":"IL","mkt":"Chicago","s":"Active","raw":"Active","p":"census"},"geometry":{"type":"Point","coordinates":[-87.85768,41.85421]}},{"type":"Feature","properties":{"id":"27d51f2719","n":"Lumen Chicago (111 N Canal)","o":"Lumen","city":"Chicago","st":"IL","mkt":"Chicago","s":"Active","raw":"Active","p":"census"},"geometry":{"type":"Point","coordinates":[-87.63972,41.88439]}},{"type":"Feature","properties":{"id":"5058165f1f","n":"Lumen Chicago 2","o":"Lumen","city":"Chicago","st":"IL","mkt":"Chicago","s":"Active","raw":"Active","p":"census"},"geometry":{"type":"Point","coordinates":[-87.64337,41.8979]}},{"type":"Feature","properties":{"id":"267a10b8a1","n":"Lumen Chicago 3","o":"Lumen","city":"Chicago","st":"IL","mkt":"Chicago","s":"Active","raw":"Active","p":"census"},"geometry":{"type":"Point","coordinates":[-87.63253,41.8858]}},{"type":"Feature","properties":{"id":"6ec1581df1","n":"Lumen Chicago 4","o":"Lumen","city":"Chicago","st":"IL","mkt":"Chicago","s":"Active","raw":"Active","p":"census"},"geometry":{"type":"Point","coordinates":[-87.64308,41.89653]}},{"type":"Feature","properties":{"id":"36bcecd8f3","n":"Lumen Chicago 5","o":"Lumen","city":"Chicago","st":"IL","mkt":"Chicago","s":"Active","raw":"Active","p":"census"},"geometry":{"type":"Point","coordinates":[-87.62974,41.87448]}},{"type":"Feature","properties":{"id":"514e1db12b","n":"Lumen South Holland 1","o":"Lumen","city":"South Holland","st":"IL","mkt":"Chicago","s":"Active","raw":"Active","p":"census"},"geometry":{"type":"Point","coordinates":[-87.61134,41.59368]}},{"type":"Feature","properties":{"id":"2e8dba182f","n":"Metro Edge IMD1","o":"Metro Edge","city":"Chicago","st":"IL","mkt":"Chicago","s":"Active","raw":"Active","p":"census"},"geometry":{"type":"Point","coordinates":[-87.67497,41.864]}},{"type":"Feature","properties":{"id":"67170142b4","n":"Microsoft Elk Grove Technology Park Campus","o":"Microsoft","city":"Elk Grove Village","st":"IL","mkt":"Chicago","s":"Active","raw":"Active","p":"census"},"geometry":{"type":"Point","coordinates":[-87.97382,42.02222]}},{"type":"Feature","properties":{"id":"8fa1d97623","n":"Microsoft Northlake","o":"Microsoft","city":"Northlake","st":"IL","mkt":"Chicago","s":"Active","raw":"Active","p":"census"},"geometry":{"type":"Point","coordinates":[-87.91925,41.92133]}},{"type":"Feature","properties":{"id":"7d5a5b5f5e","n":"Midway Technology Center","o":"1547 Critical Systems Realty","city":"Chicago","st":"IL","mkt":"Chicago","s":"Active","raw":"Active","p":"census"},"geometry":{"type":"Point","coordinates":[-87.62417,41.79472]}},{"type":"Feature","properties":{"id":"3b729c1f3e","n":"NTT/GDC Itasca Arlington Heights Rd (CH4/CH5)","o":"NTT DATA","city":"Itasca","st":"IL","mkt":"Chicago","s":"Active","raw":"Active","p":"census"},"geometry":{"type":"Point","coordinates":[-88.00358,41.98556]}},{"type":"Feature","properties":{"id":"db0848e6b6","n":"NTT/GDC Itasca Pierce Rd Campus (CH1-CH3)","o":"NTT DATA","city":"Itasca","st":"IL","mkt":"Chicago","s":"Active","raw":"Active","p":"census"},"geometry":{"type":"Point","coordinates":[-88.01121,41.98769]}},{"type":"Feature","properties":{"id":"ddf503c6a2","n":"NYI - Chicago","o":"New York Internet (NYI)","city":"Oak Brook","st":"IL","mkt":"Chicago","s":"Active","raw":"Active","p":"census"},"geometry":{"type":"Point","coordinates":[-87.93994,41.84374]}},{"type":"Feature","properties":{"id":"e7c682e7b5","n":"NaviSite Chicago","o":"NaviSite","city":"Chicago","st":"IL","mkt":"Chicago","s":"Active","raw":"Active","p":"census"},"geometry":{"type":"Point","coordinates":[-87.63352,41.87304]}},{"type":"Feature","properties":{"id":"a5cbcca6a3","n":"NetSource Naperville 1","o":"NetSource Communications","city":"Naperville","st":"IL","mkt":"Chicago","s":"Active","raw":"Active","p":"census"},"geometry":{"type":"Point","coordinates":[-88.1936,41.81119]}},{"type":"Feature","properties":{"id":"fd807b9e17","n":"NetSource Naperville 2","o":"NetSource Communications","city":"Naperville","st":"IL","mkt":"Chicago","s":"Active","raw":"Active","p":"census"},"geometry":{"type":"Point","coordinates":[-88.14894,41.80177]}},{"type":"Feature","properties":{"id":"b9d0d9493c","n":"Netrality - 717 South Wells","o":"Netrality","city":"Chicago","st":"IL","mkt":"Chicago","s":"Active","raw":"Active","p":"census"},"geometry":{"type":"Point","coordinates":[-87.63352,41.87313]}},{"type":"Feature","properties":{"id":"bbb7b3a232","n":"Prime Chicago Campus","o":"Prime Data Centers","city":"Elk Grove Village","st":"IL","mkt":"Chicago","s":"Active","raw":"Active","p":"census"},"geometry":{"type":"Point","coordinates":[-87.96164,42.02484]}},{"type":"Feature","properties":{"id":"bac8b1778b","n":"Prime Chicago ORD01 Campus","o":"Prime Data Centers","city":"Elk Grove Village","st":"IL","mkt":"Chicago","s":"Active","raw":"Active","p":"city"},"geometry":{"type":"Point","coordinates":[-88.00377,42.00356]}},{"type":"Feature","properties":{"id":"a5317ffa83","n":"QTS Chicago 1 DC1","o":"QTS Data Centers","city":"Chicago","st":"IL","mkt":"Chicago","s":"Active","raw":"Active","p":"census"},"geometry":{"type":"Point","coordinates":[-87.66591,41.84219]}},{"type":"Feature","properties":{"id":"6742c2f9a9","n":"Rackspace Chicago","o":"Rackspace Hosting","city":"Elk Grove Village","st":"IL","mkt":"Chicago","s":"Active","raw":"Active","p":"census"},"geometry":{"type":"Point","coordinates":[-87.95946,41.99559]}},{"type":"Feature","properties":{"id":"d6334157bc","n":"SBA Edge Chicago","o":"SBA Edge","city":"West Chicago","st":"IL","mkt":"Chicago","s":"Active","raw":"Active","p":"census"},"geometry":{"type":"Point","coordinates":[-88.25275,41.87811]}},{"type":"Feature","properties":{"id":"2401eb2813","n":"STACK Infrastructure CHI01 Campus","o":"STACK Infrastructure","city":"Elk Grove Village","st":"IL","mkt":"Chicago","s":"Active","raw":"Active","p":"city"},"geometry":{"type":"Point","coordinates":[-88.00377,42.00356]}},{"type":"Feature","properties":{"id":"a798e6d8ef","n":"STACK Infrastructure CHI02","o":"STACK Infrastructure","city":"Elk Grove Village","st":"IL","mkt":"Chicago","s":"Active","raw":"Active","p":"census"},"geometry":{"type":"Point","coordinates":[-87.96067,42.0133]}},{"type":"Feature","properties":{"id":"151ea09198","n":"Saragon Chicago","o":"Saragon","city":"Chicago","st":"IL","mkt":"Chicago","s":"Active","raw":"Active","p":"census"},"geometry":{"type":"Point","coordinates":[-87.72833,41.81936]}},{"type":"Feature","properties":{"id":"0ee95c16d6","n":"Serverfarm Chicago Data Center CH1","o":"Serverfarm","city":"Chicago","st":"IL","mkt":"Chicago","s":"Active","raw":"Active","p":"census"},"geometry":{"type":"Point","coordinates":[-87.63938,41.87065]}},{"type":"Feature","properties":{"id":"9a80e33400","n":"Sinch Data Center","o":"Sinch","city":"Chicago","st":"IL","mkt":"Chicago","s":"Active","raw":"Active","p":"census"},"geometry":{"type":"Point","coordinates":[-87.63352,41.87313]}},{"type":"Feature","properties":{"id":"05c125418e","n":"Skybox Chicago I","o":"Skybox Datacenters","city":"Elk Grove Village","st":"IL","mkt":"Chicago","s":"Active","raw":"Active","p":"census"},"geometry":{"type":"Point","coordinates":[-87.97536,41.99299]}},{"type":"Feature","properties":{"id":"243b3621e5","n":"Stream DC Chicago I","o":"Stream Data Centers","city":"Elk Grove Village","st":"IL","mkt":"Chicago","s":"Active","raw":"Active","p":"census"},"geometry":{"type":"Point","coordinates":[-87.9518,42.00223]}},{"type":"Feature","properties":{"id":"a8259cbb2c","n":"Stream DC Chicago II","o":"Stream Data Centers","city":"Elk Grove Village","st":"IL","mkt":"Chicago","s":"Active","raw":"Active","p":"census"},"geometry":{"type":"Point","coordinates":[-87.95934,41.99918]}},{"type":"Feature","properties":{"id":"05a5201ca9","n":"Stream DC Chicago III","o":"Stream Data Centers","city":"Elk Grove Village","st":"IL","mkt":"Chicago","s":"Active","raw":"Active","p":"census"},"geometry":{"type":"Point","coordinates":[-87.95336,42.01055]}},{"type":"Feature","properties":{"id":"136e03977e","n":"Summit Chicago","o":"Summit (fmr Deft)","city":"Chicago","st":"IL","mkt":"Chicago","s":"Active","raw":"Active","p":"census"},"geometry":{"type":"Point","coordinates":[-87.61892,41.85306]}},{"type":"Feature","properties":{"id":"963a48d728","n":"Summit Elk Grove Village","o":"Summit (fmr Deft)","city":"Elk Grove Village","st":"IL","mkt":"Chicago","s":"Active","raw":"Active","p":"census"},"geometry":{"type":"Point","coordinates":[-87.95946,41.99559]}},{"type":"Feature","properties":{"id":"1bdddb0de6","n":"Synoptek - Chicago Data Center","o":"Synoptek","city":"Chicago","st":"IL","mkt":"Chicago","s":"Active","raw":"Active","p":"census"},"geometry":{"type":"Point","coordinates":[-87.61892,41.85306]}},{"type":"Feature","properties":{"id":"0ad0b7184b","n":"T5 Data Centers - T5@Chicago I","o":"T5 Data Centers","city":"Elk Grove Village","st":"IL","mkt":"Chicago","s":"Active","raw":"Active","p":"census"},"geometry":{"type":"Point","coordinates":[-87.97395,42.02411]}},{"type":"Feature","properties":{"id":"b01808936b","n":"T5 Data Centers - T5@Chicago III","o":"T5 Data Centers","city":"Northlake","st":"IL","mkt":"Chicago","s":"Active","raw":"Active","p":"census"},"geometry":{"type":"Point","coordinates":[-87.91632,41.93125]}},{"type":"Feature","properties":{"id":"c8d5b7b0c2","n":"T5 Data Centers - T5@Chicago V","o":"T5 Data Centers","city":"Elk Grove Village","st":"IL","mkt":"Chicago","s":"Active","raw":"Active","p":"census"},"geometry":{"type":"Point","coordinates":[-87.97288,41.99999]}},{"type":"Feature","properties":{"id":"42588719ee","n":"TierPoint Chicago - Polk","o":"TierPoint","city":"Chicago","st":"IL","mkt":"Chicago","s":"Active","raw":"Active","p":"census"},"geometry":{"type":"Point","coordinates":[-87.64242,41.87193]}},{"type":"Feature","properties":{"id":"9039f321f3","n":"TierPoint Chicago - West","o":"TierPoint","city":"Franklin Park","st":"IL","mkt":"Chicago","s":"Active","raw":"Active","p":"census"},"geometry":{"type":"Point","coordinates":[-87.85809,41.9291]}},{"type":"Feature","properties":{"id":"1d8c5f6dbe","n":"US Signal Chicago IL01","o":"US Signal Company","city":"Oak Brook","st":"IL","mkt":"Chicago","s":"Active","raw":"Active","p":"census"},"geometry":{"type":"Point","coordinates":[-87.93904,41.84713]}},{"type":"Feature","properties":{"id":"6cff9587c2","n":"Volico Chicago","o":"Volico Data Center","city":"Chicago","st":"IL","mkt":"Chicago","s":"Active","raw":"Active","p":"census"},"geometry":{"type":"Point","coordinates":[-87.61892,41.85306]}},{"type":"Feature","properties":{"id":"abf6e61f04","n":"XNet Critical Computing Facility","o":"XNet Information Systems","city":"Lisle","st":"IL","mkt":"Chicago","s":"Active","raw":"Active","p":"census"},"geometry":{"type":"Point","coordinates":[-88.1122,41.7964]}},{"type":"Feature","properties":{"id":"4366b55ca2","n":"KARIS DeKalb Campus","o":"KARIS Critical","city":"DeKalb","st":"IL","mkt":"DeKalb (Chicago exurb)","s":"Planned","raw":"Planned","p":"city"},"geometry":{"type":"Point","coordinates":[-88.75019,41.92986]}},{"type":"Feature","properties":{"id":"7f7c1191c7","n":"Meta DeKalb Campus","o":"Meta","city":"DeKalb","st":"IL","mkt":"DeKalb (Chicago exurb)","s":"Expanding","raw":"Active/Expanding","p":"city"},"geometry":{"type":"Point","coordinates":[-88.75019,41.92986]}},{"type":"Feature","properties":{"id":"4fb75da306","n":"Cloverleaf Infrastructure Troy Campus","o":"Cloverleaf Infrastructure","city":"Troy","st":"IL","mkt":"Edwardsville","s":"Expanding","raw":"Active/Expanding","p":"city"},"geometry":{"type":"Point","coordinates":[-89.88315,38.72921]}},{"type":"Feature","properties":{"id":"f694c1be36","n":"T5 Data Centers - T5@Grayslake Campus","o":"T5 Data Centers","city":"Grayslake","st":"IL","mkt":"Grayslake (Chicago exurb)","s":"Planned","raw":"Planned","p":"city"},"geometry":{"type":"Point","coordinates":[-88.04122,42.34335]}},{"type":"Feature","properties":{"id":"a613e3f581","n":"Compass Datacenters Hoffman Estates","o":"Compass Datacenters","city":"Hoffman Estates","st":"IL","mkt":"Hoffman Estates (Chicago exurb)","s":"Expanding","raw":"Active/Expanding","p":"census"},"geometry":{"type":"Point","coordinates":[-88.22352,42.07998]}},{"type":"Feature","properties":{"id":"522f3cf35c","n":"KARIS Hoffman Estates","o":"KARIS Critical","city":"Hoffman Estates","st":"IL","mkt":"Hoffman Estates (Chicago exurb)","s":"Planned","raw":"Planned","p":"city"},"geometry":{"type":"Point","coordinates":[-88.07928,42.04273]}},{"type":"Feature","properties":{"id":"2b306e3f68","n":"Microsoft Hoffman Estates Campus","o":"Microsoft","city":"Hoffman Estates","st":"IL","mkt":"Hoffman Estates (Chicago exurb)","s":"Expanding","raw":"Active/Expanding","p":"city"},"geometry":{"type":"Point","coordinates":[-88.07928,42.04273]}},{"type":"Feature","properties":{"id":"94e5434b9e","n":"Joliet Technology Center","o":"Hillwood Development Company","city":"Joliet","st":"IL","mkt":"Joliet (Chicago exurb)","s":"Expanding","raw":"Active/Expanding","p":"census"},"geometry":{"type":"Point","coordinates":[-88.06004,41.4592]}},{"type":"Feature","properties":{"id":"27d8b98b9a","n":"Morris Technology Park","o":"Tract","city":"Morris","st":"IL","mkt":"Morris (Chicago exurb)","s":"Planned","raw":"Planned","p":"city"},"geometry":{"type":"Point","coordinates":[-88.42152,41.35741]}},{"type":"Feature","properties":{"id":"8ea688e7c8","n":"Pearl Technology Peoria Data Center","o":"Pearl Technology","city":"Peoria","st":"IL","mkt":"Peoria","s":"Active","raw":"Active","p":"census"},"geometry":{"type":"Point","coordinates":[-89.5844,40.69663]}},{"type":"Feature","properties":{"id":"0d9a53051a","n":"Peoria data center (unnamed 2nd listing)","o":"(operator not confirmed)","city":"Peoria","st":"IL","mkt":"Peoria","s":"Active","raw":"Active","p":"city","np":1},"geometry":{"type":"Point","coordinates":[-89.5891,40.69386]}},{"type":"Feature","properties":{"id":"5ee852f829","n":"ColocationPLUS Rantoul 1 (\"The Fortress\")","o":"ColocationPLUS","city":"Rantoul","st":"IL","mkt":"Rantoul","s":"Active","raw":"Active","p":"census"},"geometry":{"type":"Point","coordinates":[-88.16083,40.30139]}},{"type":"Feature","properties":{"id":"f3a643b699","n":"DataPoint Data Center","o":"DataPoint, Inc.","city":"Rockford","st":"IL","mkt":"Rockford","s":"Active","raw":"Active","p":"census"},"geometry":{"type":"Point","coordinates":[-89.02107,42.22573]}},{"type":"Feature","properties":{"id":"4ef13a3b2c","n":"CyrusOne Waverly Campus","o":"CyrusOne Data Centers","city":"Talkington Township (Waverly)","st":"IL","mkt":"Springfield","s":"Expanding","raw":"Active/Expanding","p":"census"},"geometry":{"type":"Point","coordinates":[-89.87894,39.54444]}},{"type":"Feature","properties":{"id":"1bbd97795c","n":"Meridian Technology Park","o":"Eagle Rock Partners","city":"Taylorville (Bear Creek Twp)","st":"IL","mkt":"Taylorville","s":"Planned","raw":"Proposed","p":"city","np":1},"geometry":{"type":"Point","coordinates":[-89.29415,39.54875]}},{"type":"Feature","properties":{"id":"7aa6b5777a","n":"Chirisa Volo Technology Park","o":"Chirisa","city":"Volo","st":"IL","mkt":"Volo (Chicago exurb)","s":"Expanding","raw":"Active/Expanding","p":"census"},"geometry":{"type":"Point","coordinates":[-88.14512,42.32273]}},{"type":"Feature","properties":{"id":"e6fe81716b","n":"Qlevr Charlestown","o":"Qlevr Data Centers","city":"Charlestown","st":"IN","mkt":"Charlestown","s":"Active","raw":"Active","p":"city"},"geometry":{"type":"Point","coordinates":[-85.66203,38.44286]}},{"type":"Feature","properties":{"id":"61a3275fb6","n":"CoreWeave Hammond","o":"CoreWeave","city":"Hammond","st":"IN","mkt":"Chicago","s":"Active","raw":"Active","p":"city"},"geometry":{"type":"Point","coordinates":[-87.52201,41.6174]}},{"type":"Feature","properties":{"id":"e6fc1a910c","n":"DartPoints Columbus, IN - CLU01","o":"DartPoints","city":"Columbus","st":"IN","mkt":"Columbus IN","s":"Active","raw":"Active","p":"census"},"geometry":{"type":"Point","coordinates":[-85.89564,39.18317]}},{"type":"Feature","properties":{"id":"38658b5ca3","n":"Uniti Evansville","o":"Uniti Wholesale","city":"Evansville","st":"IN","mkt":"Evansville","s":"Active","raw":"Active","p":"city"},"geometry":{"type":"Point","coordinates":[-87.57156,37.97049]}},{"type":"Feature","properties":{"id":"72d50dde5f","n":"Watch Communications Data Center","o":"Watch Communications","city":"Evansville","st":"IN","mkt":"Evansville","s":"Active","raw":"Active","p":"census"},"geometry":{"type":"Point","coordinates":[-87.52163,38.02119]}},{"type":"Feature","properties":{"id":"90e5271c85","n":"Google Fort Wayne Campus","o":"Google","city":"Fort Wayne","st":"IN","mkt":"Fort Wayne","s":"Expanding","raw":"Active/Expanding","p":"census"},"geometry":{"type":"Point","coordinates":[-85.05777,41.03117]}},{"type":"Feature","properties":{"id":"54a2c9afec","n":"Indiana Data Center, LLC","o":"Indiana Data Center, LLC","city":"Fort Wayne","st":"IN","mkt":"Fort Wayne","s":"Active","raw":"Active","p":"census"},"geometry":{"type":"Point","coordinates":[-85.15138,41.11794]}},{"type":"Feature","properties":{"id":"e70f1a44b7","n":"Lifeline Data Centers Fort Wayne","o":"Lifeline Data Centers","city":"Fort Wayne","st":"IN","mkt":"Fort Wayne","s":"Active","raw":"Active","p":"census"},"geometry":{"type":"Point","coordinates":[-85.11209,41.01492]}},{"type":"Feature","properties":{"id":"6de6d5d91c","n":"SafeHouse Datacenter","o":"SafeHouse Datacenter","city":"Fort Wayne","st":"IN","mkt":"Fort Wayne","s":"Active","raw":"Active","p":"census"},"geometry":{"type":"Point","coordinates":[-85.14581,41.17279]}},{"type":"Feature","properties":{"id":"2bd4228acb","n":"Amazon AWS ORD - Hobart","o":"Amazon Web Services","city":"Hobart","st":"IN","mkt":"Gary","s":"Active","raw":"Active","p":"census"},"geometry":{"type":"Point","coordinates":[-87.29721,41.50717]}},{"type":"Feature","properties":{"id":"4314c4d37e","n":"Hobart Devco LLC Campus","o":"Hobart Devco LLC","city":"Hobart","st":"IN","mkt":"Gary","s":"Expanding","raw":"Active/Expanding","p":"census"},"geometry":{"type":"Point","coordinates":[-87.28653,41.50722]}},{"type":"Feature","properties":{"id":"dcd7309b1d","n":"Digital Crossroad DX-1","o":"Digital Crossroad","city":"Hammond","st":"IN","mkt":"Hammond","s":"Active","raw":"Active","p":"city"},"geometry":{"type":"Point","coordinates":[-87.52201,41.6174]}},{"type":"Feature","properties":{"id":"14e6d26dbe","n":"701 West Henry Street","o":"Netrality","city":"Indianapolis","st":"IN","mkt":"Indianapolis","s":"Active","raw":"Active","p":"census"},"geometry":{"type":"Point","coordinates":[-86.17092,39.75984]}},{"type":"Feature","properties":{"id":"ea51abe182","n":"American Tower EDC Indianapolis","o":"American Tower Corporation","city":"Indianapolis","st":"IN","mkt":"Indianapolis","s":"Active","raw":"Active","p":"census"},"geometry":{"type":"Point","coordinates":[-86.20773,39.89545]}},{"type":"Feature","properties":{"id":"89b4d0a593","n":"Cogent Data Center - Indianapolis","o":"Cogent Communications","city":"Indianapolis","st":"IN","mkt":"Indianapolis","s":"Active","raw":"Active","p":"census"},"geometry":{"type":"Point","coordinates":[-86.144,39.7659]}},{"type":"Feature","properties":{"id":"07cf101bad","n":"DC BLOX Indianapolis","o":"DC BLOX Inc.","city":"Indianapolis","st":"IN","mkt":"Indianapolis","s":"Active","raw":"Active","p":"city"},"geometry":{"type":"Point","coordinates":[-86.15835,39.76833]}},{"type":"Feature","properties":{"id":"e4df22c0a3","n":"DataBank IND1 - Downtown Indianapolis","o":"DataBank","city":"Indianapolis","st":"IN","mkt":"Indianapolis","s":"Active","raw":"Active","p":"census"},"geometry":{"type":"Point","coordinates":[-86.17123,39.75983]}},{"type":"Feature","properties":{"id":"69e5e98caa","n":"DataBank IND2 - Downtown Indianapolis","o":"DataBank","city":"Indianapolis","st":"IN","mkt":"Indianapolis","s":"Active","raw":"Active","p":"census"},"geometry":{"type":"Point","coordinates":[-86.17039,39.75996]}},{"type":"Feature","properties":{"id":"b442853c01","n":"Decatur Technology Park","o":"Sabey Data Center Properties","city":"Camby","st":"IN","mkt":"Indianapolis","s":"Active","raw":"Active","p":"city"},"geometry":{"type":"Point","coordinates":[-86.31202,39.66147]}},{"type":"Feature","properties":{"id":"9e6e1d6f28","n":"Expedient Indianapolis","o":"Expedient Data Centers","city":"Indianapolis","st":"IN","mkt":"Indianapolis","s":"Active","raw":"Active","p":"census"},"geometry":{"type":"Point","coordinates":[-86.14768,39.96116]}},{"type":"Feature","properties":{"id":"1e666e4d9f","n":"Google Monroe Township","o":"Google","city":"Monroe Township","st":"IN","mkt":"Indianapolis","s":"Active","raw":"Active","p":"market"},"geometry":{"type":"Point","coordinates":[-86.15835,39.76833]}},{"type":"Feature","properties":{"id":"83f3731b4b","n":"Google Project Flo","o":"Google","city":"Indianapolis","st":"IN","mkt":"Indianapolis","s":"Active","raw":"Active","p":"city"},"geometry":{"type":"Point","coordinates":[-86.15835,39.76833]}},{"type":"Feature","properties":{"id":"f148e660d7","n":"Hancock County MegaSite","o":"Surge Development","city":"McCordsville","st":"IN","mkt":"Indianapolis","s":"Active","raw":"Active","p":"census"},"geometry":{"type":"Point","coordinates":[-85.86757,39.85667]}},{"type":"Feature","properties":{"id":"fe594e27f7","n":"LGI Broad Ripple","o":"LifeGrid Internet","city":"Indianapolis","st":"IN","mkt":"Indianapolis","s":"Active","raw":"Active","p":"census"},"geometry":{"type":"Point","coordinates":[-86.12926,39.8687]}},{"type":"Feature","properties":{"id":"a42f872e0a","n":"Lifeline Data Centers Eastgate","o":"Lifeline Data Centers","city":"Indianapolis","st":"IN","mkt":"Indianapolis","s":"Active","raw":"Active","p":"census"},"geometry":{"type":"Point","coordinates":[-86.04531,39.77754]}},{"type":"Feature","properties":{"id":"fa971236f5","n":"Logix I Campus","o":"Logistix Property Group","city":"Center Township","st":"IN","mkt":"Indianapolis","s":"Active","raw":"Active","p":"census"},"geometry":{"type":"Point","coordinates":[-86.56221,40.29374]}},{"type":"Feature","properties":{"id":"4e7a732fe7","n":"Lumen Indianapolis 1","o":"Lumen","city":"Indianapolis","st":"IN","mkt":"Indianapolis","s":"Active","raw":"Active","p":"census"},"geometry":{"type":"Point","coordinates":[-86.14949,39.74154]}},{"type":"Feature","properties":{"id":"e9b16c07e3","n":"Lumen Indianapolis 2","o":"Lumen","city":"Indianapolis","st":"IN","mkt":"Indianapolis","s":"Active","raw":"Active","p":"census"},"geometry":{"type":"Point","coordinates":[-86.23847,39.91141]}},{"type":"Feature","properties":{"id":"e792de3dd5","n":"Meta Lebanon Campus","o":"Meta","city":"Lebanon","st":"IN","mkt":"Indianapolis","s":"Active","raw":"Active","p":"city"},"geometry":{"type":"Point","coordinates":[-86.46917,40.04837]}},{"type":"Feature","properties":{"id":"dc736e7988","n":"Metrobloks Indianapolis IND A1","o":"Metrobloks","city":"Indianapolis","st":"IN","mkt":"Indianapolis","s":"Active","raw":"Active","p":"census"},"geometry":{"type":"Point","coordinates":[-86.1024,39.80353]}},{"type":"Feature","properties":{"id":"d772a53763","n":"Netrality - Indy Telcom Center","o":"Netrality","city":"Indianapolis","st":"IN","mkt":"Indianapolis","s":"Active","raw":"Active","p":"census"},"geometry":{"type":"Point","coordinates":[-86.17126,39.75983]}},{"type":"Feature","properties":{"id":"5c64856f80","n":"Netrality - Indy Telcom Suite 101","o":"Netrality","city":"Indianapolis","st":"IN","mkt":"Indianapolis","s":"Active","raw":"Active","p":"census"},"geometry":{"type":"Point","coordinates":[-86.17092,39.75984]}},{"type":"Feature","properties":{"id":"940a3e9fcc","n":"OTAVA Indianapolis","o":"OTAVA","city":"Indianapolis","st":"IN","mkt":"Indianapolis","s":"Active","raw":"Active","p":"census"},"geometry":{"type":"Point","coordinates":[-86.16755,39.75913]}},{"type":"Feature","properties":{"id":"65228b2ca5","n":"Oliver Street, LLC","o":"Oliver Street, LLC / Paragon Realty","city":"Indianapolis","st":"IN","mkt":"Indianapolis","s":"Active","raw":"Active","p":"census"},"geometry":{"type":"Point","coordinates":[-86.17302,39.75858]}},{"type":"Feature","properties":{"id":"ce808f05e0","n":"Prologis Shelbyville","o":"Prologis","city":"Shelbyville","st":"IN","mkt":"Indianapolis","s":"Active","raw":"Active","p":"city"},"geometry":{"type":"Point","coordinates":[-85.77692,39.52144]}},{"type":"Feature","properties":{"id":"c05c01a77c","n":"RadiusDC Plainfield Campus","o":"RadiusDC","city":"Plainfield","st":"IN","mkt":"Indianapolis","s":"Active","raw":"Active","p":"city"},"geometry":{"type":"Point","coordinates":[-86.39948,39.70387]}},{"type":"Feature","properties":{"id":"3be3918dcd","n":"Raeden Indianapolis","o":"Raeden","city":"Indianapolis","st":"IN","mkt":"Indianapolis","s":"Active","raw":"Active","p":"census"},"geometry":{"type":"Point","coordinates":[-86.17302,39.75858]}},{"type":"Feature","properties":{"id":"66450db564","n":"US Signal Indianapolis IN02","o":"US Signal Company","city":"Indianapolis","st":"IN","mkt":"Indianapolis","s":"Active","raw":"Active","p":"census"},"geometry":{"type":"Point","coordinates":[-86.23736,39.8697]}},{"type":"Feature","properties":{"id":"19befd09b8","n":"Uniti Indianapolis","o":"Uniti Wholesale","city":"Indianapolis","st":"IN","mkt":"Indianapolis","s":"Active","raw":"Active","p":"census"},"geometry":{"type":"Point","coordinates":[-86.17092,39.75984]}},{"type":"Feature","properties":{"id":"dc739c9e05","n":"Uniti Lafayette","o":"Uniti Wholesale","city":"Lafayette","st":"IN","mkt":"Indianapolis","s":"Active","raw":"Active","p":"census"},"geometry":{"type":"Point","coordinates":[-86.86485,40.39421]}},{"type":"Feature","properties":{"id":"4dcfab1d21","n":"Vantage - Pittsboro Campus","o":"Vantage Data Centers","city":"Pittsboro","st":"IN","mkt":"Indianapolis","s":"Active","raw":"Active","p":"city"},"geometry":{"type":"Point","coordinates":[-86.46694,39.86393]}},{"type":"Feature","properties":{"id":"924d60c6a6","n":"Wintek Data Center","o":"Wintek Business Solutions","city":"Lafayette","st":"IN","mkt":"Indianapolis","s":"Active","raw":"Active","p":"census"},"geometry":{"type":"Point","coordinates":[-86.82902,40.36133]}},{"type":"Feature","properties":{"id":"db94bdbb9d","n":"Meta Jeffersonville Campus","o":"Meta","city":"Jeffersonville","st":"IN","mkt":"Jeffersonville","s":"Expanding","raw":"Active/Expanding","p":"city","np":1},"geometry":{"type":"Point","coordinates":[-85.73716,38.27702]}},{"type":"Feature","properties":{"id":"18a2952373","n":"Google Michigan City","o":"Google","city":"Michigan City","st":"IN","mkt":"La Porte","s":"Active","raw":"Active","p":"census"},"geometry":{"type":"Point","coordinates":[-86.84073,41.71709]}},{"type":"Feature","properties":{"id":"7883f59ff7","n":"Microsoft La Porte Campus","o":"Microsoft","city":"La Porte","st":"IN","mkt":"La Porte","s":"Expanding","raw":"Active/Expanding","p":"census"},"geometry":{"type":"Point","coordinates":[-86.69651,41.58401]}},{"type":"Feature","properties":{"id":"bb67ede4cf","n":"Microsoft La Porte North Campus","o":"Microsoft","city":"La Porte","st":"IN","mkt":"La Porte","s":"Expanding","raw":"Active/Expanding","p":"census"},"geometry":{"type":"Point","coordinates":[-86.72417,41.60556]}},{"type":"Feature","properties":{"id":"e19f9e9c78","n":"ORI.NET Noblesville","o":"On-Ramp Indiana, Inc.","city":"Noblesville","st":"IN","mkt":"Noblesville","s":"Active","raw":"Active","p":"census"},"geometry":{"type":"Point","coordinates":[-86.01401,40.04555]}},{"type":"Feature","properties":{"id":"24b17a7e8d","n":"Amazon AWS ORD - 63050 Prairie","o":"Amazon Web Services","city":"Portage","st":"IN","mkt":"Portage","s":"Active","raw":"Active","p":"city","np":1},"geometry":{"type":"Point","coordinates":[-87.17615,41.57587]}},{"type":"Feature","properties":{"id":"da816b5980","n":"CyrusOne South Bend - Crescent (Blackthorn)","o":"CyrusOne Data Centers","city":"South Bend","st":"IN","mkt":"South Bend","s":"Active","raw":"Active","p":"census"},"geometry":{"type":"Point","coordinates":[-86.33051,41.72876]}},{"type":"Feature","properties":{"id":"5df3a393b1","n":"CyrusOne South Bend - Monroe","o":"CyrusOne Data Centers","city":"South Bend","st":"IN","mkt":"South Bend","s":"Active","raw":"Active","p":"census"},"geometry":{"type":"Point","coordinates":[-86.24685,41.67095]}},{"type":"Feature","properties":{"id":"f57ed2df44","n":"Global Access Point - South Bend","o":"Global Access Point","city":"South Bend","st":"IN","mkt":"South Bend","s":"Active","raw":"Active","p":"census"},"geometry":{"type":"Point","coordinates":[-86.34264,41.73239]}},{"type":"Feature","properties":{"id":"22e2714f33","n":"Global Access Point - Union Station","o":"Global Access Point","city":"South Bend","st":"IN","mkt":"South Bend","s":"Active","raw":"Active","p":"census"},"geometry":{"type":"Point","coordinates":[-86.25613,41.66948]}},{"type":"Feature","properties":{"id":"96eb4f26d9","n":"Host Color South Bend","o":"Host Color","city":"South Bend","st":"IN","mkt":"South Bend","s":"Active","raw":"Active","p":"city","np":1},"geometry":{"type":"Point","coordinates":[-86.25001,41.68338]}},{"type":"Feature","properties":{"id":"2ec352f4f5","n":"Potentia Sullivan County Data Center","o":"Potentia Inc.","city":"Sullivan County","st":"IN","mkt":"Sullivan","s":"Planned","raw":"Proposed","p":"market","np":1},"geometry":{"type":"Point","coordinates":[-87.40778,39.09526]}},{"type":"Feature","properties":{"id":"be94ce9fc0","n":"Carroll, IA data center (unnamed listing)","o":"(operator not confirmed)","city":"Carroll","st":"IA","mkt":"Carroll","s":"Active","raw":"Active","p":"city","np":1},"geometry":{"type":"Point","coordinates":[-94.86661,42.06511]}},{"type":"Feature","properties":{"id":"bf83309034","n":"Connect Cedar Valley (Cologix DSM2)","o":"Cologix","city":"Cedar Falls","st":"IA","mkt":"Cedar Falls","s":"Active","raw":"Active","p":"census"},"geometry":{"type":"Point","coordinates":[-92.45832,42.47328]}},{"type":"Feature","properties":{"id":"5459653fc3","n":"Ark Data Centers Marion","o":"Ark Data Centers","city":"Marion","st":"IA","mkt":"Cedar Rapids","s":"Active","raw":"Active","p":"census"},"geometry":{"type":"Point","coordinates":[-91.55187,42.05375]}},{"type":"Feature","properties":{"id":"bebbb04af0","n":"Enseva Hiawatha Datacenter","o":"Enseva","city":"Hiawatha","st":"IA","mkt":"Cedar Rapids","s":"Active","raw":"Active","p":"census"},"geometry":{"type":"Point","coordinates":[-91.67967,42.05676]}},{"type":"Feature","properties":{"id":"96a7401ac7","n":"Google Cedar Rapids","o":"Google","city":"Cedar Rapids","st":"IA","mkt":"Cedar Rapids","s":"Active","raw":"Active","p":"census"},"geometry":{"type":"Point","coordinates":[-91.71525,41.90574]}},{"type":"Feature","properties":{"id":"b80c594b02","n":"QTS Cedar Rapids Campus","o":"QTS Data Centers","city":"Cedar Rapids","st":"IA","mkt":"Cedar Rapids","s":"Expanding","raw":"Active/Expanding","p":"city"},"geometry":{"type":"Point","coordinates":[-91.67041,41.97589]}},{"type":"Feature","properties":{"id":"ecdf7798cc","n":"QTS Clinton Campus","o":"QTS Data Centers","city":"Clinton","st":"IA","mkt":"Clinton","s":"Expanding","raw":"Active/Expanding","p":"city"},"geometry":{"type":"Point","coordinates":[-90.18775,41.85028]}},{"type":"Feature","properties":{"id":"aa9e1b3c6f","n":"Google Council Bluffs Campus","o":"Google","city":"Council Bluffs","st":"IA","mkt":"Council Bluffs","s":"Expanding","raw":"Active/Expanding","p":"city"},"geometry":{"type":"Point","coordinates":[-95.85195,41.25884]}},{"type":"Feature","properties":{"id":"d8c2735369","n":"Bluebird Quad Cities Data Center","o":"Bluebird Network","city":"Bettendorf","st":"IA","mkt":"Davenport","s":"Active","raw":"Active","p":"census"},"geometry":{"type":"Point","coordinates":[-90.48351,41.55002]}},{"type":"Feature","properties":{"id":"a9c0cca250","n":"Meta Davenport","o":"Meta","city":"Davenport","st":"IA","mkt":"Davenport","s":"Planned","raw":"Planned","p":"city"},"geometry":{"type":"Point","coordinates":[-90.57564,41.52247]}},{"type":"Feature","properties":{"id":"85b090e21a","n":"SFN IA-Davenport","o":"South Front Networks","city":"Davenport","st":"IA","mkt":"Davenport","s":"Active","raw":"Active","p":"census"},"geometry":{"type":"Point","coordinates":[-90.62083,41.54823]}},{"type":"Feature","properties":{"id":"703556ed5f","n":"Apple Waukee Campus","o":"Apple","city":"Waukee","st":"IA","mkt":"Des Moines","s":"Active","raw":"Active","p":"city"},"geometry":{"type":"Point","coordinates":[-93.88451,41.61185]}},{"type":"Feature","properties":{"id":"36fcb95ba2","n":"Aureon Downtown","o":"Aureon Networks","city":"Des Moines","st":"IA","mkt":"Des Moines","s":"Active","raw":"Active","p":"census"},"geometry":{"type":"Point","coordinates":[-93.6306,41.58756]}},{"type":"Feature","properties":{"id":"ab4265bd58","n":"Aureon West Des Moines","o":"Aureon Networks","city":"West Des Moines","st":"IA","mkt":"Des Moines","s":"Active","raw":"Active","p":"city"},"geometry":{"type":"Point","coordinates":[-93.75941,41.56445]}},{"type":"Feature","properties":{"id":"ff371c8732","n":"COPT Van Meter Campus","o":"COPT Defense Properties","city":"Van Meter","st":"IA","mkt":"Des Moines","s":"Active","raw":"Active","p":"city","np":1},"geometry":{"type":"Point","coordinates":[-93.95484,41.53322]}},{"type":"Feature","properties":{"id":"9a86fe8087","n":"Cologix DSM1","o":"Cologix","city":"Des Moines","st":"IA","mkt":"Des Moines","s":"Active","raw":"Active","p":"census"},"geometry":{"type":"Point","coordinates":[-93.6254,41.58568]}},{"type":"Feature","properties":{"id":"5a73ab66d4","n":"Edged Des Moines","o":"Edged Energy","city":"Ankeny","st":"IA","mkt":"Des Moines","s":"Active","raw":"Active","p":"city"},"geometry":{"type":"Point","coordinates":[-93.60509,41.73208]}},{"type":"Feature","properties":{"id":"4b6f0e04e5","n":"Fidium Des Moines","o":"Fidium","city":"Des Moines","st":"IA","mkt":"Des Moines","s":"Active","raw":"Active","p":"census"},"geometry":{"type":"Point","coordinates":[-93.62291,41.58722]}},{"type":"Feature","properties":{"id":"818e5ff9aa","n":"Global Reach Ames","o":"Global Reach Internet Productions","city":"Ames","st":"IA","mkt":"Des Moines","s":"Active","raw":"Active","p":"census"},"geometry":{"type":"Point","coordinates":[-93.63386,42.00112]}},{"type":"Feature","properties":{"id":"1cdc26e112","n":"IP Pathways Urbandale","o":"IP Pathways","city":"Urbandale","st":"IA","mkt":"Des Moines","s":"Active","raw":"Active","p":"census"},"geometry":{"type":"Point","coordinates":[-93.76716,41.62753]}},{"type":"Feature","properties":{"id":"33a0c64567","n":"InfoBunker","o":"InfoBunker","city":"Des Moines","st":"IA","mkt":"Des Moines","s":"Active","raw":"Active","p":"census"},"geometry":{"type":"Point","coordinates":[-93.65939,41.58623]}},{"type":"Feature","properties":{"id":"3c99f9a2a4","n":"LightEdge Altoona Campus","o":"LightEdge","city":"Altoona","st":"IA","mkt":"Des Moines","s":"Active","raw":"Active","p":"city"},"geometry":{"type":"Point","coordinates":[-93.4696,41.64373]}},{"type":"Feature","properties":{"id":"9a512492d4","n":"Lumen Des Moines","o":"Lumen","city":"Pleasant Hill","st":"IA","mkt":"Des Moines","s":"Active","raw":"Active","p":"census"},"geometry":{"type":"Point","coordinates":[-93.52549,41.5576]}},{"type":"Feature","properties":{"id":"9dd784aa3e","n":"Meta Altoona Campus","o":"Meta","city":"Altoona","st":"IA","mkt":"Des Moines","s":"Active","raw":"Active","p":"census"},"geometry":{"type":"Point","coordinates":[-93.51229,41.66336]}},{"type":"Feature","properties":{"id":"a519e1424b","n":"Microsoft Project Alluvion","o":"Microsoft","city":"West Des Moines","st":"IA","mkt":"Des Moines","s":"Active","raw":"Active","p":"census"},"geometry":{"type":"Point","coordinates":[-93.71016,41.51497]}},{"type":"Feature","properties":{"id":"2f776fc732","n":"Microsoft Project Ginger East","o":"Microsoft","city":"West Des Moines","st":"IA","mkt":"Des Moines","s":"Active","raw":"Active","p":"census"},"geometry":{"type":"Point","coordinates":[-93.72467,41.51637]}},{"type":"Feature","properties":{"id":"3a275abdb1","n":"Microsoft Project Ginger West","o":"Microsoft","city":"West Des Moines","st":"IA","mkt":"Des Moines","s":"Active","raw":"Active","p":"city"},"geometry":{"type":"Point","coordinates":[-93.75941,41.56445]}},{"type":"Feature","properties":{"id":"bca3be840f","n":"Microsoft Project Mountain","o":"Microsoft","city":"West Des Moines","st":"IA","mkt":"Des Moines","s":"Active","raw":"Active","p":"census"},"geometry":{"type":"Point","coordinates":[-93.82699,41.53849]}},{"type":"Feature","properties":{"id":"9584d6d0f9","n":"Microsoft Project Osmium","o":"Microsoft","city":"Cumming","st":"IA","mkt":"Des Moines","s":"Active","raw":"Active","p":"city"},"geometry":{"type":"Point","coordinates":[-93.76244,41.48332]}},{"type":"Feature","properties":{"id":"84ece20e77","n":"Tract Des Moines","o":"Tract","city":"Altoona","st":"IA","mkt":"Des Moines","s":"Active","raw":"Active","p":"census"},"geometry":{"type":"Point","coordinates":[-93.52234,41.67311]}},{"type":"Feature","properties":{"id":"0e1fb3fb9c","n":"US Signal Des Moines IA01","o":"US Signal Company","city":"Des Moines","st":"IA","mkt":"Des Moines","s":"Active","raw":"Active","p":"census"},"geometry":{"type":"Point","coordinates":[-93.85294,41.62185]}},{"type":"Feature","properties":{"id":"4e414b26e5","n":"Uniti Des Moines","o":"Uniti Wholesale","city":"Des Moines","st":"IA","mkt":"Des Moines","s":"Active","raw":"Active","p":"census"},"geometry":{"type":"Point","coordinates":[-93.70004,41.55178]}},{"type":"Feature","properties":{"id":"d82e262706","n":"KARIS Dubuque","o":"KARIS Critical","city":"Dubuque","st":"IA","mkt":"Dubuque","s":"Planned","raw":"Planned","p":"city"},"geometry":{"type":"Point","coordinates":[-90.6648,42.50062]}},{"type":"Feature","properties":{"id":"a07002d74a","n":"Applied Digital Adair","o":"Applied Digital Corporation","city":"Adair","st":"IA","mkt":"Greenfield","s":"Planned","raw":"Planned","p":"census"},"geometry":{"type":"Point","coordinates":[-94.60511,41.47187]}},{"type":"Feature","properties":{"id":"62371555e9","n":"Great Lakes Colocation Data Center","o":"Great Lakes Colocation","city":"Lake Park","st":"IA","mkt":"Lake Park","s":"Active","raw":"Active","p":"census"},"geometry":{"type":"Point","coordinates":[-95.29796,43.4304]}},{"type":"Feature","properties":{"id":"3017544916","n":"Maquoketa Data Center","o":"(operator not disclosed)","city":"Maquoketa","st":"IA","mkt":"Maquoketa","s":"Planned","raw":"Planned","p":"city"},"geometry":{"type":"Point","coordinates":[-90.66547,42.06909]}},{"type":"Feature","properties":{"id":"976a8ff22c","n":"ITS Data Center","o":"Infrastructure Technology Solutions","city":"Monticello","st":"IA","mkt":"Monticello","s":"Active","raw":"Active","p":"census"},"geometry":{"type":"Point","coordinates":[-91.16073,42.25497]}},{"type":"Feature","properties":{"id":"938c5bb766","n":"US Secure Hosting Center (USSHC)","o":"US Secure Hosting Center","city":"Monticello","st":"IA","mkt":"Monticello","s":"Active","raw":"Active","p":"city"},"geometry":{"type":"Point","coordinates":[-91.18694,42.23828]}},{"type":"Feature","properties":{"id":"f84bbb5a97","n":"Wolcott Data Center Campus","o":"Blue Ladder Development","city":"Wolcott","st":"IA","mkt":"Monticello","s":"Expanding","raw":"Active/Expanding","p":"census"},"geometry":{"type":"Point","coordinates":[-87.0797,40.7653]}},{"type":"Feature","properties":{"id":"bb680052c1","n":"Sioux City data center (unnamed listing)","o":"(operator not confirmed)","city":"Sioux City","st":"IA","mkt":"Sioux City","s":"Active","raw":"Active","p":"city","np":1},"geometry":{"type":"Point","coordinates":[-96.40588,42.49668]}},{"type":"Feature","properties":{"id":"e54b791e91","n":"Wahawk Power Data Center","o":"Wahawk Power","city":"Waterloo","st":"IA","mkt":"Waterloo","s":"Planned","raw":"Proposed","p":"city","np":1},"geometry":{"type":"Point","coordinates":[-92.33287,42.49827]}},{"type":"Feature","properties":{"id":"66b829c399","n":"Vine Energy Iola Data Center","o":"Vine Energy LLC","city":"Iola","st":"KS","mkt":"Iola","s":"Expanding","raw":"Active/Expanding","p":"city"},"geometry":{"type":"Point","coordinates":[-95.39998,37.92448]}},{"type":"Feature","properties":{"id":"78921724b6","n":"3601 N 12th St","o":"PowerTransitions","city":"Kansas City","st":"KS","mkt":"Kansas City KS","s":"Active","raw":"Active","p":"census"},"geometry":{"type":"Point","coordinates":[-94.64139,39.14874]}},{"type":"Feature","properties":{"id":"d912fcd0d1","n":"Alcove Osawatomie Data Center","o":"Alcove Development","city":"Osawatomie","st":"KS","mkt":"Kansas City KS","s":"Active","raw":"Active","p":"census"},"geometry":{"type":"Point","coordinates":[-94.93669,38.52]}},{"type":"Feature","properties":{"id":"ed7941e478","n":"C1 Kansas Data Center","o":"One C1","city":"Olathe","st":"KS","mkt":"Kansas City KS","s":"Active","raw":"Active","p":"census"},"geometry":{"type":"Point","coordinates":[-94.79321,38.93629]}},{"type":"Feature","properties":{"id":"5a5232124e","n":"DAMAC Heartland Data Center","o":"DAMAC Digital","city":"Edgerton","st":"KS","mkt":"Kansas City KS","s":"Active","raw":"Active","p":"osm"},"geometry":{"type":"Point","coordinates":[-94.95364,38.77374]}},{"type":"Feature","properties":{"id":"947975f73f","n":"DataBank MCI1 - South Lake","o":"DataBank","city":"Kansas City","st":"KS","mkt":"Kansas City KS","s":"Active","raw":"Active","p":"census"},"geometry":{"type":"Point","coordinates":[-94.76693,38.92728]}},{"type":"Feature","properties":{"id":"640e71cce9","n":"DataBank MCI2 - Pine Ridge","o":"DataBank","city":"Kansas City","st":"KS","mkt":"Kansas City KS","s":"Active","raw":"Active","p":"census"},"geometry":{"type":"Point","coordinates":[-94.70864,38.97574]}},{"type":"Feature","properties":{"id":"f03e69174c","n":"DigiCo Kansas City KCM1","o":"DigiCo Infrastructure REIT","city":"Olathe","st":"KS","mkt":"Kansas City KS","s":"Active","raw":"Active","p":"census"},"geometry":{"type":"Point","coordinates":[-94.86835,38.9393]}},{"type":"Feature","properties":{"id":"d5106365bf","n":"Digital Realty Astra North Campus","o":"Digital Realty","city":"DeSoto","st":"KS","mkt":"Kansas City KS","s":"Active","raw":"Active","p":"market"},"geometry":{"type":"Point","coordinates":[-94.6265,39.11346]}},{"type":"Feature","properties":{"id":"8d4000b16d","n":"Flint Hills Digital Campus","o":"(operator not disclosed)","city":"Emporia","st":"KS","mkt":"Kansas City KS","s":"Active","raw":"Active","p":"city"},"geometry":{"type":"Point","coordinates":[-96.18162,38.40401]}},{"type":"Feature","properties":{"id":"2b3253dd08","n":"Netrality - KC2 7801 Nieman","o":"Netrality","city":"Shawnee","st":"KS","mkt":"Kansas City KS","s":"Active","raw":"Active","p":"census"},"geometry":{"type":"Point","coordinates":[-94.71431,38.98739]}},{"type":"Feature","properties":{"id":"7eb3d1d7a2","n":"Project Brewer","o":"Beale Infrastructure","city":"Gardner Township","st":"KS","mkt":"Kansas City KS","s":"Active","raw":"Active","p":"market"},"geometry":{"type":"Point","coordinates":[-94.6265,39.11346]}},{"type":"Feature","properties":{"id":"e3074ac2dc","n":"QTS New Century","o":"QTS Data Centers","city":"New Century","st":"KS","mkt":"Kansas City KS","s":"Active","raw":"Active","p":"market"},"geometry":{"type":"Point","coordinates":[-94.6265,39.11346]}},{"type":"Feature","properties":{"id":"e7f59ddbc4","n":"QTS Overland Park 1 DC1","o":"QTS Data Centers","city":"Overland Park","st":"KS","mkt":"Kansas City KS","s":"Active","raw":"Active","p":"census"},"geometry":{"type":"Point","coordinates":[-94.67356,38.89664]}},{"type":"Feature","properties":{"id":"9d7e60be85","n":"Red Wolf DCD Properties","o":"(operator not disclosed)","city":"Kansas City","st":"KS","mkt":"Kansas City KS","s":"Active","raw":"Active","p":"city"},"geometry":{"type":"Point","coordinates":[-94.6265,39.11346]}},{"type":"Feature","properties":{"id":"dc91041e44","n":"Spark AI Foundry Olathe","o":"Spark AI Foundry","city":"Olathe","st":"KS","mkt":"Kansas City KS","s":"Active","raw":"Active","p":"city","np":1},"geometry":{"type":"Point","coordinates":[-94.81887,38.88389]}},{"type":"Feature","properties":{"id":"f8655a92f3","n":"KU Innovation Park Micro Data Center","o":"(operator not disclosed)","city":"Lawrence","st":"KS","mkt":"Lawrence","s":"Active","raw":"Active","p":"city"},"geometry":{"type":"Point","coordinates":[-95.23594,38.97191]}},{"type":"Feature","properties":{"id":"d173c222ee","n":"FullControl Network Data Center","o":"FullControl Network, Inc.","city":"Lenexa","st":"KS","mkt":"Lenexa","s":"Active","raw":"Active","p":"census"},"geometry":{"type":"Point","coordinates":[-94.75112,38.92743]}},{"type":"Feature","properties":{"id":"fdcdf5c085","n":"LightEdge - Lenexa","o":"LightEdge","city":"Lenexa","st":"KS","mkt":"Lenexa","s":"Active","raw":"Active","p":"census"},"geometry":{"type":"Point","coordinates":[-94.78919,38.95171]}},{"type":"Feature","properties":{"id":"80d2fc5b89","n":"TierPoint Kansas City - Lenexa","o":"TierPoint","city":"Lenexa","st":"KS","mkt":"Lenexa","s":"Active","raw":"Active","p":"census"},"geometry":{"type":"Point","coordinates":[-94.75779,38.93999]}},{"type":"Feature","properties":{"id":"d1be98cb31","n":"HyperDataGrid Parsons","o":"HyperDataGrid","city":"Parsons","st":"KS","mkt":"Parsons","s":"Planned","raw":"Proposed","p":"city"},"geometry":{"type":"Point","coordinates":[-95.25963,37.34078]}},{"type":"Feature","properties":{"id":"c9d10c7b72","n":"ISG Technology - Topeka Data Center","o":"ISG Technology","city":"Topeka","st":"KS","mkt":"Topeka","s":"Active","raw":"Active","p":"census"},"geometry":{"type":"Point","coordinates":[-95.66636,39.05299]}},{"type":"Feature","properties":{"id":"d107cc896c","n":"Verizon Business - Standard Data Center Topeka","o":"Verizon","city":"Topeka","st":"KS","mkt":"Topeka","s":"Active","raw":"Active","p":"city","np":1},"geometry":{"type":"Point","coordinates":[-95.67756,39.04901]}},{"type":"Feature","properties":{"id":"26fdddfcfa","n":"Cormor Data Shelter","o":"Data Shelter, LLC","city":"Wellington","st":"KS","mkt":"Wichita","s":"Active","raw":"Active","p":"city","np":1},"geometry":{"type":"Point","coordinates":[-97.39994,37.26751]}},{"type":"Feature","properties":{"id":"b0cf9fde0f","n":"UV&S Data Center","o":"UV&S","city":"Wichita","st":"KS","mkt":"Wichita","s":"Active","raw":"Active","p":"census"},"geometry":{"type":"Point","coordinates":[-97.34208,37.68876]}},{"type":"Feature","properties":{"id":"416838fc0d","n":"Ashland Technology Complex and Data Center (ATCDC)","o":"ATCDC","city":"Russell","st":"KY","mkt":"Ashland","s":"Active","raw":"Active","p":"city"},"geometry":{"type":"Point","coordinates":[-82.69766,38.5173]}},{"type":"Feature","properties":{"id":"dd6c9ccf62","n":"Muskie Data Campus","o":"TeraWulf","city":"Ashland","st":"KY","mkt":"Ashland","s":"Active","raw":"Active","p":"city"},"geometry":{"type":"Point","coordinates":[-82.63794,38.47841]}},{"type":"Feature","properties":{"id":"4fafaae568","n":"Rubix Russell Campus","o":"Rubix","city":"Ashland","st":"KY","mkt":"Ashland","s":"Active","raw":"Active","p":"census"},"geometry":{"type":"Point","coordinates":[-82.66671,38.48867]}},{"type":"Feature","properties":{"id":"aff108f34e","n":"Lost River Data Center","o":"BGMU Fiber","city":"Bowling Green","st":"KY","mkt":"Bowling Green","s":"Active","raw":"Active","p":"census"},"geometry":{"type":"Point","coordinates":[-86.46834,36.96173]}},{"type":"Feature","properties":{"id":"832d7b5fa8","n":"TenKey Data Center Campus","o":"TenKey LandCo, LLC","city":"Franklin","st":"KY","mkt":"Bowling Green","s":"Expanding","raw":"Active/Expanding","p":"census"},"geometry":{"type":"Point","coordinates":[-86.56738,36.66484]}},{"type":"Feature","properties":{"id":"f7fd7aa5cd","n":"Core Scientific Calvert City","o":"Core Scientific","city":"Calvert City","st":"KY","mkt":"Calvert City","s":"Active","raw":"Active","p":"census"},"geometry":{"type":"Point","coordinates":[-88.4178,37.0449]}},{"type":"Feature","properties":{"id":"6dd9ce2c31","n":"Riot Platforms Calvert City","o":"Riot Platforms, Inc.","city":"Calvert City","st":"KY","mkt":"Calvert City","s":"Active","raw":"Active","p":"census"},"geometry":{"type":"Point","coordinates":[-88.35312,37.05253]}},{"type":"Feature","properties":{"id":"813ec83624","n":"Cave Point Commerce Center","o":"Kentucky Industrial Alliance LLC (Cave City DataCo I LLC)","city":"Cave City","st":"KY","mkt":"Cave City","s":"Planned","raw":"Proposed","p":"census"},"geometry":{"type":"Point","coordinates":[-85.97476,37.13463]}},{"type":"Feature","properties":{"id":"5ecbfa763b","n":"CBTS Florence Data Center","o":"CBTS","city":"Florence","st":"KY","mkt":"Florence KY","s":"Active","raw":"Active","p":"city","np":1},"geometry":{"type":"Point","coordinates":[-84.62661,38.99895]}},{"type":"Feature","properties":{"id":"6e67f646dd","n":"CyrusOne CIN6 - Florence","o":"CyrusOne Data Centers","city":"Florence","st":"KY","mkt":"Florence KY","s":"Active","raw":"Active","p":"census"},"geometry":{"type":"Point","coordinates":[-84.61527,38.97952]}},{"type":"Feature","properties":{"id":"37100a1a6f","n":"Project Bluegrass Campus","o":"Panattoni","city":"Burgin","st":"KY","mkt":"Harrodsburg","s":"Planned","raw":"Planned","p":"census"},"geometry":{"type":"Point","coordinates":[-84.7706,37.77479]}},{"type":"Feature","properties":{"id":"82cbd55c78","n":"EnergyNet Data Center","o":"EnergyNet","city":"Hopkinsville","st":"KY","mkt":"Hopkinsville","s":"Active","raw":"Active","p":"census"},"geometry":{"type":"Point","coordinates":[-87.46586,36.84722]}},{"type":"Feature","properties":{"id":"f97db0405a","n":"East Kentucky Network Data Center","o":"East Kentucky Network","city":"Ivel","st":"KY","mkt":"Ivel","s":"Active","raw":"Active","p":"osm"},"geometry":{"type":"Point","coordinates":[-82.68096,37.59791]}},{"type":"Feature","properties":{"id":"c3e6913283","n":"BluegrassNet Downtown Lexington","o":"BluegrassNet","city":"Lexington","st":"KY","mkt":"Lexington","s":"Active","raw":"Active","p":"census"},"geometry":{"type":"Point","coordinates":[-84.50086,38.05409]}},{"type":"Feature","properties":{"id":"89d4aa5f35","n":"DartPoints Lexington","o":"DartPoints","city":"Lexington","st":"KY","mkt":"Lexington","s":"Active","raw":"Active","p":"census"},"geometry":{"type":"Point","coordinates":[-84.48812,38.07363]}},{"type":"Feature","properties":{"id":"7ea7a703b2","n":"Gearheart Communications","o":"Gearheart Communications","city":"Lexington","st":"KY","mkt":"Lexington","s":"Active","raw":"Active","p":"census"},"geometry":{"type":"Point","coordinates":[-84.46745,38.04203]}},{"type":"Feature","properties":{"id":"f593847069","n":"KUSI Data Center","o":"Kentucky Underground Storage","city":"Wilmore","st":"KY","mkt":"Lexington","s":"Active","raw":"Active","p":"census"},"geometry":{"type":"Point","coordinates":[-84.70324,37.82764]}},{"type":"Feature","properties":{"id":"ddd60b563d","n":"Uniti Lexington","o":"Uniti Wholesale","city":"Lexington","st":"KY","mkt":"Lexington","s":"Active","raw":"Active","p":"census"},"geometry":{"type":"Point","coordinates":[-84.4945,38.04556]}},{"type":"Feature","properties":{"id":"eeb3bd2cac","n":"332 West Broadway","o":"(operator not disclosed)","city":"Louisville","st":"KY","mkt":"Louisville","s":"Active","raw":"Active","p":"census"},"geometry":{"type":"Point","coordinates":[-85.75729,38.24594]}},{"type":"Feature","properties":{"id":"141f0d4cca","n":"BluegrassNet Downtown Louisville","o":"BluegrassNet","city":"Louisville","st":"KY","mkt":"Louisville","s":"Active","raw":"Active","p":"census"},"geometry":{"type":"Point","coordinates":[-85.75879,38.2442]}},{"type":"Feature","properties":{"id":"39174db1c2","n":"BluegrassNet East Breckinridge","o":"BluegrassNet","city":"Louisville","st":"KY","mkt":"Louisville","s":"Active","raw":"Active","p":"census"},"geometry":{"type":"Point","coordinates":[-85.75012,38.24098]}},{"type":"Feature","properties":{"id":"4ca4b4d438","n":"Carrollton Industrial Campus","o":"PowerHouse Data Centers","city":"Carrollton","st":"KY","mkt":"Louisville","s":"Active","raw":"Active","p":"city"},"geometry":{"type":"Point","coordinates":[-85.1794,38.6809]}},{"type":"Feature","properties":{"id":"cb8def18ba","n":"Cogent Data Center - Louisville","o":"Cogent Communications","city":"Louisville","st":"KY","mkt":"Louisville","s":"Active","raw":"Active","p":"census"},"geometry":{"type":"Point","coordinates":[-85.75729,38.24594]}},{"type":"Feature","properties":{"id":"e70aeef739","n":"Data Canopy - Louisville","o":"Data Canopy","city":"Louisville","st":"KY","mkt":"Louisville","s":"Active","raw":"Active","p":"census"},"geometry":{"type":"Point","coordinates":[-85.77355,38.23732]}},{"type":"Feature","properties":{"id":"3d0448fe40","n":"Flexential Louisville - Downtown Data Center","o":"Flexential","city":"Louisville","st":"KY","mkt":"Louisville","s":"Active","raw":"Active","p":"census"},"geometry":{"type":"Point","coordinates":[-85.73318,38.24272]}},{"type":"Feature","properties":{"id":"b9d5f0503e","n":"Flexential Louisville - East Data Center","o":"Flexential","city":"Louisville","st":"KY","mkt":"Louisville","s":"Active","raw":"Active","p":"census"},"geometry":{"type":"Point","coordinates":[-85.50718,38.27567]}},{"type":"Feature","properties":{"id":"5b574ffd9e","n":"IgLou Data Center","o":"IgLou Internet Services","city":"Louisville","st":"KY","mkt":"Louisville","s":"Active","raw":"Active","p":"census"},"geometry":{"type":"Point","coordinates":[-85.70034,38.17731]}},{"type":"Feature","properties":{"id":"514516a56f","n":"Justified Data Campus","o":"TeraWulf","city":"Hawesville","st":"KY","mkt":"Louisville","s":"Active","raw":"Active","p":"city"},"geometry":{"type":"Point","coordinates":[-86.75499,37.90006]}},{"type":"Feature","properties":{"id":"b0e5eef756","n":"Louisville Enterprise Data Center","o":"Aphorio Carter","city":"Louisville","st":"KY","mkt":"Louisville","s":"Active","raw":"Active","p":"census"},"geometry":{"type":"Point","coordinates":[-85.52337,38.21123]}},{"type":"Feature","properties":{"id":"b2ebdee047","n":"Lumen Louisville 1","o":"Lumen","city":"Louisville","st":"KY","mkt":"Louisville","s":"Active","raw":"Active","p":"census"},"geometry":{"type":"Point","coordinates":[-85.76567,38.24341]}},{"type":"Feature","properties":{"id":"71519e262b","n":"Lumen Louisville 2","o":"Lumen","city":"Louisville","st":"KY","mkt":"Louisville","s":"Active","raw":"Active","p":"census"},"geometry":{"type":"Point","coordinates":[-85.76346,38.24556]}},{"type":"Feature","properties":{"id":"f9a3b65f08","n":"Lumen Louisville 3","o":"Lumen","city":"Louisville","st":"KY","mkt":"Louisville","s":"Active","raw":"Active","p":"census"},"geometry":{"type":"Point","coordinates":[-85.75729,38.24594]}},{"type":"Feature","properties":{"id":"ee330afaaf","n":"PowerHouse Louisville Campus","o":"PowerHouse Data Centers","city":"Louisville","st":"KY","mkt":"Louisville","s":"Active","raw":"Active","p":"city"},"geometry":{"type":"Point","coordinates":[-85.75941,38.25424]}},{"type":"Feature","properties":{"id":"a45caf4aa3","n":"Project Lincoln OC Data Center","o":"Western Hospitality Partners","city":"La Grange","st":"KY","mkt":"Louisville","s":"Active","raw":"Active","p":"city"},"geometry":{"type":"Point","coordinates":[-85.37882,38.40755]}},{"type":"Feature","properties":{"id":"d909ae8c78","n":"Silica Broadband","o":"Davey Holdings LLC","city":"Prospect","st":"KY","mkt":"Louisville","s":"Active","raw":"Active","p":"census"},"geometry":{"type":"Point","coordinates":[-85.59326,38.36971]}},{"type":"Feature","properties":{"id":"57d9385615","n":"Simpsonville Enterprise Data Center","o":"Aphorio Carter","city":"Simpsonville","st":"KY","mkt":"Louisville","s":"Active","raw":"Active","p":"census"},"geometry":{"type":"Point","coordinates":[-85.33673,38.21814]}},{"type":"Feature","properties":{"id":"942393cf97","n":"Uniti Louisville","o":"Uniti Wholesale","city":"Louisville","st":"KY","mkt":"Louisville","s":"Active","raw":"Active","p":"census"},"geometry":{"type":"Point","coordinates":[-85.73808,38.2422]}},{"type":"Feature","properties":{"id":"93fb04860f","n":"Mason County Campus","o":"(Fortune 50 tech company, undisclosed)","city":"Maysville","st":"KY","mkt":"Maysville","s":"Planned","raw":"Planned","p":"census"},"geometry":{"type":"Point","coordinates":[-83.85932,38.67196]}},{"type":"Feature","properties":{"id":"6cd359ba16","n":"Quad State Internet PAH1","o":"Quad State Internet LLC","city":"Paducah","st":"KY","mkt":"Paducah","s":"Active","raw":"Active","p":"census"},"geometry":{"type":"Point","coordinates":[-88.63411,37.09413]}},{"type":"Feature","properties":{"id":"9fee466e8f","n":"Riot Platforms Paducah","o":"Riot Platforms, Inc.","city":"Paducah","st":"KY","mkt":"Paducah","s":"Active","raw":"Active","p":"city"},"geometry":{"type":"Point","coordinates":[-88.60005,37.08339]}},{"type":"Feature","properties":{"id":"29dbbbc125","n":"CoLouisiana DC1","o":"CoLouisiana, LLC","city":"Alexandria","st":"LA","mkt":"Alexandria LA","s":"Active","raw":"Active","p":"census"},"geometry":{"type":"Point","coordinates":[-92.4699,31.26921]}},{"type":"Feature","properties":{"id":"876b026900","n":"DartPoints Baton Rouge 2","o":"DartPoints","city":"Baton Rouge","st":"LA","mkt":"Baton Rouge","s":"Active","raw":"Active","p":"census"},"geometry":{"type":"Point","coordinates":[-91.11644,30.45169]}},{"type":"Feature","properties":{"id":"0e6ed0148d","n":"Lockstep Technology Group Data Center (fmr NASPLEX)","o":"Lockstep Technology Group","city":"Baton Rouge","st":"LA","mkt":"Baton Rouge","s":"Active","raw":"Active","p":"census"},"geometry":{"type":"Point","coordinates":[-91.09287,30.38839]}},{"type":"Feature","properties":{"id":"5a4569c070","n":"Lumen Baton Rouge 2","o":"Lumen","city":"Baton Rouge","st":"LA","mkt":"Baton Rouge","s":"Active","raw":"Active","p":"city","np":1},"geometry":{"type":"Point","coordinates":[-91.18697,30.44942]}},{"type":"Feature","properties":{"id":"98a4407fb4","n":"REV Business Baton Rouge 1","o":"DartPoints","city":"Baton Rouge","st":"LA","mkt":"Baton Rouge","s":"Inactive","raw":"Inactive","p":"census"},"geometry":{"type":"Point","coordinates":[-91.11658,30.45169]}},{"type":"Feature","properties":{"id":"2c89f483dd","n":"Scroggin Networks Monroe","o":"Bayou Internet","city":"Monroe","st":"LA","mkt":"Monroe","s":"Active","raw":"Active","p":"census"},"geometry":{"type":"Point","coordinates":[-92.11427,32.51484]}},{"type":"Feature","properties":{"id":"324ea8d641","n":"Cogent Data Center - New Orleans","o":"Cogent Communications","city":"New Orleans","st":"LA","mkt":"New Orleans","s":"Active","raw":"Active","p":"census"},"geometry":{"type":"Point","coordinates":[-90.07004,29.9493]}},{"type":"Feature","properties":{"id":"5a43465fd3","n":"EdgeConneX Slidell - EDCSLI01","o":"EdgeConneX","city":"Slidell","st":"LA","mkt":"New Orleans","s":"Active","raw":"Active","p":"census"},"geometry":{"type":"Point","coordinates":[-89.74019,30.28574]}},{"type":"Feature","properties":{"id":"e107723a80","n":"FOGO Solutions - New Orleans","o":"FOGO Solutions","city":"New Orleans","st":"LA","mkt":"New Orleans","s":"Active","raw":"Active","p":"census"},"geometry":{"type":"Point","coordinates":[-90.07271,29.95267]}},{"type":"Feature","properties":{"id":"8f27c3f38c","n":"Lumen Metairie 1","o":"Lumen","city":"Metairie","st":"LA","mkt":"New Orleans","s":"Active","raw":"Active","p":"census"},"geometry":{"type":"Point","coordinates":[-90.15761,29.97252]}},{"type":"Feature","properties":{"id":"590b124f3f","n":"Lumen New Orleans 1","o":"Lumen","city":"New Orleans","st":"LA","mkt":"New Orleans","s":"Active","raw":"Active","p":"census"},"geometry":{"type":"Point","coordinates":[-90.07641,29.94914]}},{"type":"Feature","properties":{"id":"99d554ec67","n":"Lumen New Orleans 2","o":"Lumen","city":"New Orleans","st":"LA","mkt":"New Orleans","s":"Active","raw":"Active","p":"census"},"geometry":{"type":"Point","coordinates":[-90.07634,29.95083]}},{"type":"Feature","properties":{"id":"496482814f","n":"Amazon AWS - Resilient Tech Park Campus","o":"Amazon Web Services","city":"Shreveport","st":"LA","mkt":"Shreveport","s":"Expanding","raw":"Active/Expanding","p":"city"},"geometry":{"type":"Point","coordinates":[-93.74778,32.51354]}},{"type":"Feature","properties":{"id":"fe168a630f","n":"DartPoints Shreveport, LA - SHV01","o":"DartPoints","city":"Shreveport","st":"LA","mkt":"Shreveport","s":"Active","raw":"Active","p":"census"},"geometry":{"type":"Point","coordinates":[-93.74981,32.51124]}},{"type":"Feature","properties":{"id":"0eee0a60f2","n":"Meta Hyperion Campus","o":"Meta","city":"Rayville","st":"LA","mkt":"Shreveport","s":"Expanding","raw":"Active/Expanding","p":"city"},"geometry":{"type":"Point","coordinates":[-91.75683,32.47469]}},{"type":"Feature","properties":{"id":"13b6b6c015","n":"FirstLight Bangor","o":"FirstLight Fiber","city":"Bangor","st":"ME","mkt":"Bangor","s":"Active","raw":"Active","p":"census"},"geometry":{"type":"Point","coordinates":[-68.77194,44.79714]}},{"type":"Feature","properties":{"id":"5cc619ab06","n":"EnablesIT Data Center","o":"EnablesIT","city":"Brunswick","st":"ME","mkt":"Brunswick","s":"Active","raw":"Active","p":"census"},"geometry":{"type":"Point","coordinates":[-69.99689,43.90737]}},{"type":"Feature","properties":{"id":"c784be7376","n":"FirstLight Brunswick","o":"FirstLight Fiber","city":"Brunswick","st":"ME","mkt":"Brunswick","s":"Active","raw":"Active","p":"osm"},"geometry":{"type":"Point","coordinates":[-69.92296,43.89518]}},{"type":"Feature","properties":{"id":"569eb864fe","n":"Maine Yankee Nuclear Plant DC Project","o":"(operator not disclosed)","city":"Wiscasset","st":"ME","mkt":"Brunswick","s":"Planned","raw":"Proposed","p":"city"},"geometry":{"type":"Point","coordinates":[-69.6651,44.00263]}},{"type":"Feature","properties":{"id":"f73079023d","n":"LiquidCool Loring","o":"LiquidCool Solutions","city":"Limestone","st":"ME","mkt":"Caribou","s":"Active","raw":"Active","p":"city"},"geometry":{"type":"Point","coordinates":[-67.82564,46.91119]}},{"type":"Feature","properties":{"id":"6cc6534c50","n":"Sentinel Maine","o":"Sentinel Data Centers","city":"Farmington","st":"ME","mkt":"Farmington","s":"Active","raw":"Active","p":"city"},"geometry":{"type":"Point","coordinates":[-70.15145,44.67063]}},{"type":"Feature","properties":{"id":"0a47d5196c","n":"Bates Mill AI Data Center","o":"(operator not disclosed)","city":"Lewiston","st":"ME","mkt":"Lewiston","s":"Planned","raw":"Proposed","p":"city"},"geometry":{"type":"Point","coordinates":[-70.21771,44.09907]}},{"type":"Feature","properties":{"id":"385d85d005","n":"Convalt Energy Northern Maine (East Millinocket)","o":"Convalt Energy","city":"East Millinocket","st":"ME","mkt":"Millinocket","s":"Active","raw":"Active","p":"census"},"geometry":{"type":"Point","coordinates":[-68.57487,45.62531]}},{"type":"Feature","properties":{"id":"e5f5654374","n":"Nautilus East Millinocket","o":"Nautilus Data Technologies","city":"East Millinocket","st":"ME","mkt":"Millinocket","s":"Active","raw":"Active","p":"census"},"geometry":{"type":"Point","coordinates":[-68.57393,45.62535]}},{"type":"Feature","properties":{"id":"79dfa6d998","n":"Pioneer Broadband Datacenter","o":"Pioneer Broadband","city":"Northern Maine","st":"ME","mkt":"Northern Maine","s":"Active","raw":"Active","p":"city","np":1},"geometry":{"type":"Point","coordinates":[-68.8592,44.79257]}},{"type":"Feature","properties":{"id":"ba16ffc4be","n":"FirstLight Portland ME","o":"FirstLight Fiber","city":"Portland","st":"ME","mkt":"Portland ME","s":"Active","raw":"Active","p":"city","np":1},"geometry":{"type":"Point","coordinates":[-70.25866,43.65736]}},{"type":"Feature","properties":{"id":"0fa45e161c","n":"1500 Woodlawn Drive","o":"(operator not disclosed)","city":"Baltimore","st":"MD","mkt":"Baltimore","s":"Active","raw":"Active","p":"census"},"geometry":{"type":"Point","coordinates":[-76.73423,39.30628]}},{"type":"Feature","properties":{"id":"7e363c9773","n":"7665 Sandy Farm Road","o":"GI Partners","city":"Severn","st":"MD","mkt":"Baltimore","s":"Active","raw":"Active","p":"census"},"geometry":{"type":"Point","coordinates":[-76.68466,39.14859]}},{"type":"Feature","properties":{"id":"357226ef8f","n":"9800 South Eternal Rings Drive","o":"GI Partners","city":"Laurel","st":"MD","mkt":"Baltimore","s":"Active","raw":"Active","p":"census"},"geometry":{"type":"Point","coordinates":[-76.84676,39.13254]}},{"type":"Feature","properties":{"id":"daceea4195","n":"AiNET CyberNAP","o":"AiNET","city":"Glen Burnie","st":"MD","mkt":"Baltimore","s":"Active","raw":"Active","p":"census"},"geometry":{"type":"Point","coordinates":[-76.60306,39.14055]}},{"type":"Feature","properties":{"id":"b2932eaacc","n":"AiNET One Market Center","o":"AiNET","city":"Baltimore","st":"MD","mkt":"Baltimore","s":"Active","raw":"Active","p":"census"},"geometry":{"type":"Point","coordinates":[-76.61974,39.29165]}},{"type":"Feature","properties":{"id":"a47f48a6bf","n":"Amazon AWS - 11550 Cronridge Drive","o":"Amazon Web Services","city":"Owings Mills","st":"MD","mkt":"Baltimore","s":"Active","raw":"Active","p":"census"},"geometry":{"type":"Point","coordinates":[-76.77251,39.44232]}},{"type":"Feature","properties":{"id":"32d8514002","n":"Candler Building","o":"(operator not disclosed)","city":"Baltimore","st":"MD","mkt":"Baltimore","s":"Active","raw":"Active","p":"census"},"geometry":{"type":"Point","coordinates":[-76.60685,39.28775]}},{"type":"Feature","properties":{"id":"557aba99d5","n":"Comcast Nottingham","o":"Comcast","city":"Nottingham","st":"MD","mkt":"Baltimore","s":"Active","raw":"Active","p":"census"},"geometry":{"type":"Point","coordinates":[-76.4681,39.36868]}},{"type":"Feature","properties":{"id":"6c8b0080d7","n":"Crown Castle Baltimore","o":"Crown Castle","city":"Baltimore","st":"MD","mkt":"Baltimore","s":"Active","raw":"Active","p":"census"},"geometry":{"type":"Point","coordinates":[-76.60685,39.28775]}},{"type":"Feature","properties":{"id":"5b4483ab72","n":"DataBank - 111 Market Pl","o":"DataBank","city":"Baltimore","st":"MD","mkt":"Baltimore","s":"Active","raw":"Active","p":"census"},"geometry":{"type":"Point","coordinates":[-76.60685,39.28775]}},{"type":"Feature","properties":{"id":"4f27b55a4c","n":"DataBank BWI1 - Downtown Baltimore","o":"DataBank","city":"Baltimore","st":"MD","mkt":"Baltimore","s":"Active","raw":"Active","p":"census"},"geometry":{"type":"Point","coordinates":[-76.61974,39.29165]}},{"type":"Feature","properties":{"id":"fb4d82af73","n":"Expedient Owings Mills","o":"Expedient Data Centers","city":"Baltimore","st":"MD","mkt":"Baltimore","s":"Active","raw":"Active","p":"census"},"geometry":{"type":"Point","coordinates":[-76.81106,39.42848]}},{"type":"Feature","properties":{"id":"d0bab7122d","n":"Expedient Tide Point","o":"Expedient Data Centers","city":"Baltimore","st":"MD","mkt":"Baltimore","s":"Active","raw":"Active","p":"census"},"geometry":{"type":"Point","coordinates":[-76.59056,39.27476]}},{"type":"Feature","properties":{"id":"f5da2e9215","n":"InfraDMS BAL01","o":"InfraDMS","city":"Baltimore","st":"MD","mkt":"Baltimore","s":"Active","raw":"Active","p":"census"},"geometry":{"type":"Point","coordinates":[-76.61097,39.28965]}},{"type":"Feature","properties":{"id":"6786e226a1","n":"Lumen Baltimore","o":"Lumen","city":"Baltimore","st":"MD","mkt":"Baltimore","s":"Active","raw":"Active","p":"census"},"geometry":{"type":"Point","coordinates":[-76.61974,39.29165]}},{"type":"Feature","properties":{"id":"0083f9057d","n":"Saragon Elkridge","o":"Saragon","city":"Elkridge","st":"MD","mkt":"Baltimore","s":"Active","raw":"Active","p":"census"},"geometry":{"type":"Point","coordinates":[-76.71139,39.20402]}},{"type":"Feature","properties":{"id":"3bfc7be4ce","n":"TierPoint Baltimore - BAL","o":"TierPoint","city":"Baltimore","st":"MD","mkt":"Baltimore","s":"Active","raw":"Active","p":"census"},"geometry":{"type":"Point","coordinates":[-76.62564,39.27578]}},{"type":"Feature","properties":{"id":"fedd0563fa","n":"TierPoint Baltimore - BWI","o":"TierPoint","city":"Linthicum Heights","st":"MD","mkt":"Baltimore","s":"Active","raw":"Active","p":"osm"},"geometry":{"type":"Point","coordinates":[-76.68286,39.21345]}},{"type":"Feature","properties":{"id":"506c3cd4c5","n":"Coloco Data Center","o":"Coloco","city":"Beltsville","st":"MD","mkt":"Beltsville","s":"Active","raw":"Active","p":"osm"},"geometry":{"type":"Point","coordinates":[-76.92588,39.05285]}},{"type":"Feature","properties":{"id":"b850c2b421","n":"Verizon Beltsville","o":"Verizon","city":"Beltsville","st":"MD","mkt":"Beltsville","s":"Active","raw":"Active","p":"census"},"geometry":{"type":"Point","coordinates":[-76.89167,39.06236]}},{"type":"Feature","properties":{"id":"8c309ca386","n":"Aligned Maryland Hyperscale Campus (IAD-04 to IAD-07)","o":"Aligned Data Centers","city":"Frederick","st":"MD","mkt":"Frederick","s":"Expanding","raw":"Active/Expanding","p":"census"},"geometry":{"type":"Point","coordinates":[-77.49391,39.34771]}},{"type":"Feature","properties":{"id":"3ce0807b4a","n":"Amazon AWS BWI Campus","o":"Amazon Web Services","city":"Frederick","st":"MD","mkt":"Frederick","s":"Expanding","raw":"Active/Expanding","p":"census"},"geometry":{"type":"Point","coordinates":[-77.48839,39.32117]}},{"type":"Feature","properties":{"id":"8729b75867","n":"Atmosphere Dickerson Campus","o":"Atmosphere Data Centers","city":"Dickerson","st":"MD","mkt":"Frederick","s":"Expanding","raw":"Active/Expanding","p":"census"},"geometry":{"type":"Point","coordinates":[-77.44486,39.20423]}},{"type":"Feature","properties":{"id":"313e157cd6","n":"Frederick Data Center I","o":"Swift Systems, Inc.","city":"Frederick","st":"MD","mkt":"Frederick","s":"Active","raw":"Active","p":"census"},"geometry":{"type":"Point","coordinates":[-77.40933,39.37737]}},{"type":"Feature","properties":{"id":"995405fa72","n":"Frederick Data Center II","o":"Swift Systems, Inc.","city":"Frederick","st":"MD","mkt":"Frederick","s":"Active","raw":"Active","p":"census"},"geometry":{"type":"Point","coordinates":[-77.40678,39.36788]}},{"type":"Feature","properties":{"id":"fe14852290","n":"Rowan Bauxite II Campus","o":"Rowan Digital Infrastructure","city":"Frederick","st":"MD","mkt":"Frederick","s":"Expanding","raw":"Active/Expanding","p":"census"},"geometry":{"type":"Point","coordinates":[-77.48839,39.32117]}},{"type":"Feature","properties":{"id":"53f9e5a7f7","n":"Rowan Bauxite III Campus","o":"Rowan Digital Infrastructure","city":"Frederick","st":"MD","mkt":"Frederick","s":"Expanding","raw":"Active/Expanding","p":"census"},"geometry":{"type":"Point","coordinates":[-77.48839,39.32117]}},{"type":"Feature","properties":{"id":"371b9d707c","n":"Xecunet Data Center","o":"Xecunet, LLC","city":"Frederick","st":"MD","mkt":"Frederick","s":"Active","raw":"Active","p":"city"},"geometry":{"type":"Point","coordinates":[-77.41276,39.41578]}},{"type":"Feature","properties":{"id":"270b13f9f1","n":"Recovery Point Germantown Data Center","o":"Recovery Point Systems","city":"Germantown","st":"MD","mkt":"Germantown","s":"Active","raw":"Active","p":"census"},"geometry":{"type":"Point","coordinates":[-77.26542,39.19224]}},{"type":"Feature","properties":{"id":"938acef926","n":"AiNET Laurel SCIF","o":"AiNET","city":"Laurel","st":"MD","mkt":"Laurel","s":"Active","raw":"Active","p":"census"},"geometry":{"type":"Point","coordinates":[-76.84789,39.10155]}},{"type":"Feature","properties":{"id":"6829edcc32","n":"TPC Laurel","o":"TPC Data Centers","city":"Laurel","st":"MD","mkt":"Laurel","s":"Active","raw":"Active","p":"city"},"geometry":{"type":"Point","coordinates":[-76.84851,39.09843]}},{"type":"Feature","properties":{"id":"098cb72147","n":"Amazon AWS - Calvert County Campus","o":"Amazon Web Services","city":"Lusby","st":"MD","mkt":"Prince Frederick","s":"Inactive","raw":"Cancelled","p":"census"},"geometry":{"type":"Point","coordinates":[-76.44624,38.43473]}},{"type":"Feature","properties":{"id":"2bf956e80e","n":"Atlantech Rockville Datacenter","o":"Atlantech Online, Inc.","city":"Rockville","st":"MD","mkt":"Rockville","s":"Active","raw":"Active","p":"osm"},"geometry":{"type":"Point","coordinates":[-77.16002,39.06422]}},{"type":"Feature","properties":{"id":"79ddde34fd","n":"Atlantech Silver Spring Datacenter","o":"Atlantech Online, Inc.","city":"Silver Spring","st":"MD","mkt":"Silver Spring","s":"Active","raw":"Active","p":"census"},"geometry":{"type":"Point","coordinates":[-77.02715,38.99451]}},{"type":"Feature","properties":{"id":"ed7950abde","n":"Silver Spring/DC Metro (Databridge)","o":"Databridge Sites","city":"Silver Spring","st":"MD","mkt":"Silver Spring","s":"Active","raw":"Active","p":"census"},"geometry":{"type":"Point","coordinates":[-76.96568,39.05899]}},{"type":"Feature","properties":{"id":"3b018426a1","n":"Acton Boxborough data center (unnamed listing)","o":"(operator not confirmed)","city":"Acton/Boxborough","st":"MA","mkt":"Acton Boxborough","s":"Active","raw":"Active","p":"city","np":1},"geometry":{"type":"Point","coordinates":[-71.43284,42.48509]}},{"type":"Feature","properties":{"id":"cd756d0f34","n":"128 First Avenue (BOS14)","o":"Digital Realty","city":"Needham","st":"MA","mkt":"Boston","s":"Active","raw":"Active","p":"census"},"geometry":{"type":"Point","coordinates":[-71.22184,42.30177]}},{"type":"Feature","properties":{"id":"76da6584b0","n":"55 Middlesex Turnpike","o":"Camber Development","city":"Bedford","st":"MA","mkt":"Boston","s":"Active","raw":"Active","p":"census"},"geometry":{"type":"Point","coordinates":[-71.28121,42.49836]}},{"type":"Feature","properties":{"id":"5ea01a2f29","n":"Cogent Data Center - Waltham","o":"Cogent Communications","city":"Waltham","st":"MA","mkt":"Boston","s":"Active","raw":"Active","p":"census"},"geometry":{"type":"Point","coordinates":[-71.25597,42.39452]}},{"type":"Feature","properties":{"id":"4d25d5a546","n":"CoreSite Boston (BO1)","o":"CoreSite","city":"Boston","st":"MA","mkt":"Boston","s":"Active","raw":"Active","p":"census"},"geometry":{"type":"Point","coordinates":[-71.08077,42.37712]}},{"type":"Feature","properties":{"id":"3df32897f5","n":"Crown Castle Boston","o":"Crown Castle","city":"Boston","st":"MA","mkt":"Boston","s":"Active","raw":"Active","p":"census"},"geometry":{"type":"Point","coordinates":[-71.07976,42.3816]}},{"type":"Feature","properties":{"id":"b546f7b853","n":"Csquare - Boston BOS1-A","o":"Csquare","city":"Waltham","st":"MA","mkt":"Boston","s":"Active","raw":"Active","p":"census"},"geometry":{"type":"Point","coordinates":[-71.26661,42.39695]}},{"type":"Feature","properties":{"id":"563cab5be5","n":"Csquare - Boston BOS1-B","o":"Csquare","city":"Waltham","st":"MA","mkt":"Boston","s":"Active","raw":"Active","p":"census"},"geometry":{"type":"Point","coordinates":[-71.26456,42.39249]}},{"type":"Feature","properties":{"id":"80a5a60645","n":"Csquare - Boston BOS4-A","o":"Csquare","city":"Watertown","st":"MA","mkt":"Boston","s":"Active","raw":"Active","p":"census"},"geometry":{"type":"Point","coordinates":[-71.16101,42.36328]}},{"type":"Feature","properties":{"id":"37abf55357","n":"DataBank BOS1 - Downtown Boston","o":"DataBank","city":"Boston","st":"MA","mkt":"Boston","s":"Active","raw":"Active","p":"census"},"geometry":{"type":"Point","coordinates":[-71.06048,42.35542]}},{"type":"Feature","properties":{"id":"995b4c34d7","n":"EdgeConneX Boston - EDCBOS01","o":"EdgeConneX","city":"Billerica","st":"MA","mkt":"Boston","s":"Active","raw":"Active","p":"census"},"geometry":{"type":"Point","coordinates":[-71.25101,42.52993]}},{"type":"Feature","properties":{"id":"121ef21a1f","n":"Equinix BO1","o":"Equinix","city":"Waltham","st":"MA","mkt":"Boston","s":"Active","raw":"Active","p":"census"},"geometry":{"type":"Point","coordinates":[-71.26906,42.39635]}},{"type":"Feature","properties":{"id":"fc71244031","n":"Equinix BO2","o":"Equinix","city":"Billerica","st":"MA","mkt":"Boston","s":"Active","raw":"Active","p":"census"},"geometry":{"type":"Point","coordinates":[-71.21744,42.55291]}},{"type":"Feature","properties":{"id":"b857798914","n":"Evocative BOS1","o":"Evocative Data Centers","city":"Somerville","st":"MA","mkt":"Boston","s":"Active","raw":"Active","p":"census"},"geometry":{"type":"Point","coordinates":[-71.08088,42.37862]}},{"type":"Feature","properties":{"id":"620330c594","n":"Expedient Data Centers - Boston","o":"Expedient Data Centers","city":"Medford","st":"MA","mkt":"Boston","s":"Active","raw":"Active","p":"census"},"geometry":{"type":"Point","coordinates":[-71.08636,42.40884]}},{"type":"Feature","properties":{"id":"fb50a57693","n":"FirstLight Rockland","o":"FirstLight Fiber","city":"Rockland","st":"MA","mkt":"Boston","s":"Active","raw":"Active","p":"census"},"geometry":{"type":"Point","coordinates":[-70.89786,42.16456]}},{"type":"Feature","properties":{"id":"0c3e4488cd","n":"FirstLight Somerville","o":"FirstLight Fiber","city":"Somerville","st":"MA","mkt":"Boston","s":"Active","raw":"Active","p":"census"},"geometry":{"type":"Point","coordinates":[-71.08077,42.37712]}},{"type":"Feature","properties":{"id":"18533b450c","n":"Iron Mountain Data Centers BOS-1","o":"Iron Mountain Data Centers","city":"Northborough","st":"MA","mkt":"Boston","s":"Active","raw":"Active","p":"census"},"geometry":{"type":"Point","coordinates":[-71.63706,42.34088]}},{"type":"Feature","properties":{"id":"ba2a8cd7d6","n":"Lumen Cambridge 2","o":"Lumen","city":"Cambridge","st":"MA","mkt":"Boston","s":"Active","raw":"Active","p":"census"},"geometry":{"type":"Point","coordinates":[-71.07975,42.36197]}},{"type":"Feature","properties":{"id":"166a6041aa","n":"Markley Lowell","o":"Markley Group LLC","city":"Lowell","st":"MA","mkt":"Boston","s":"Active","raw":"Active","p":"city"},"geometry":{"type":"Point","coordinates":[-71.30853,42.64144]}},{"type":"Feature","properties":{"id":"b1fbc15b55","n":"One Summer St.","o":"Markley Group LLC","city":"Boston","st":"MA","mkt":"Boston","s":"Active","raw":"Active","p":"census"},"geometry":{"type":"Point","coordinates":[-71.06048,42.35542]}},{"type":"Feature","properties":{"id":"e35404198d","n":"Prov.net Boston North","o":"Alpha3 Cloud","city":"Chelmsford","st":"MA","mkt":"Boston","s":"Active","raw":"Active","p":"census"},"geometry":{"type":"Point","coordinates":[-71.33184,42.59776]}},{"type":"Feature","properties":{"id":"2a7c5121fe","n":"SNS Norwood","o":"Secured Network Services Inc.","city":"Norwood","st":"MA","mkt":"Boston","s":"Active","raw":"Active","p":"census"},"geometry":{"type":"Point","coordinates":[-71.19912,42.16357]}},{"type":"Feature","properties":{"id":"a0cdcd7e0e","n":"TierPoint Boston-Andover","o":"TierPoint","city":"Andover","st":"MA","mkt":"Boston","s":"Active","raw":"Active","p":"osm"},"geometry":{"type":"Point","coordinates":[-71.20861,42.6857]}},{"type":"Feature","properties":{"id":"abcc9b8fb0","n":"TierPoint Boston-Charlestown","o":"TierPoint","city":"Charlestown","st":"MA","mkt":"Boston","s":"Active","raw":"Active","p":"census"},"geometry":{"type":"Point","coordinates":[-71.07343,42.38323]}},{"type":"Feature","properties":{"id":"caa1f9f7b4","n":"Verizon Boston","o":"Verizon","city":"Boston","st":"MA","mkt":"Boston","s":"Active","raw":"Active","p":"census"},"geometry":{"type":"Point","coordinates":[-71.04282,42.34559]}},{"type":"Feature","properties":{"id":"ace485fa4a","n":"Verizon Boston #2","o":"Verizon","city":"Cambridge","st":"MA","mkt":"Boston","s":"Active","raw":"Active","p":"census"},"geometry":{"type":"Point","coordinates":[-71.08748,42.3698]}},{"type":"Feature","properties":{"id":"1ac51a33ee","n":"Congruity360 Data Center","o":"Congruity360","city":"Fall River","st":"MA","mkt":"Fall River","s":"Active","raw":"Active","p":"census"},"geometry":{"type":"Point","coordinates":[-71.14687,41.70043]}},{"type":"Feature","properties":{"id":"f98ccf8efa","n":"MegaNet Massachusetts Datacenter","o":"MegaNet Communications","city":"Fall River","st":"MA","mkt":"Fall River","s":"Active","raw":"Active","p":"city"},"geometry":{"type":"Point","coordinates":[-71.15464,41.70106]}},{"type":"Feature","properties":{"id":"97c34e3bb0","n":"Fitchburg Fiber 166 Boulder Data Center","o":"Fitchburg Fiber","city":"Fitchburg","st":"MA","mkt":"Fitchburg","s":"Active","raw":"Active","p":"census"},"geometry":{"type":"Point","coordinates":[-71.80113,42.58251]}},{"type":"Feature","properties":{"id":"62a7e87cbf","n":"Massachusetts Green HPC Center","o":"MGHPCC","city":"Holyoke","st":"MA","mkt":"Holyoke","s":"Active","raw":"Active","p":"census"},"geometry":{"type":"Point","coordinates":[-72.60663,42.20313]}},{"type":"Feature","properties":{"id":"c3acff8878","n":"TierPoint Marlborough","o":"TierPoint","city":"Marlborough","st":"MA","mkt":"Marlborough","s":"Active","raw":"Active","p":"census"},"geometry":{"type":"Point","coordinates":[-71.58139,42.31391]}},{"type":"Feature","properties":{"id":"49ae499843","n":"Cogent Data Center - Springfield","o":"Cogent Communications","city":"Springfield","st":"MA","mkt":"Springfield MA","s":"Active","raw":"Active","p":"census"},"geometry":{"type":"Point","coordinates":[-72.58385,42.1124]}},{"type":"Feature","properties":{"id":"f7c8eb2b63","n":"Crown Castle Springfield (MA1)","o":"Crown Castle","city":"Springfield","st":"MA","mkt":"Springfield MA","s":"Active","raw":"Active","p":"census"},"geometry":{"type":"Point","coordinates":[-72.57945,42.11143]}},{"type":"Feature","properties":{"id":"25fa183373","n":"Lumen Springfield 1","o":"Lumen","city":"Springfield","st":"MA","mkt":"Springfield MA","s":"Active","raw":"Active","p":"census"},"geometry":{"type":"Point","coordinates":[-72.57945,42.11143]}},{"type":"Feature","properties":{"id":"173ace1d2c","n":"Cogent Data Center - Worcester","o":"Cogent Communications","city":"Worcester","st":"MA","mkt":"Worcester","s":"Active","raw":"Active","p":"census"},"geometry":{"type":"Point","coordinates":[-71.80852,42.25453]}},{"type":"Feature","properties":{"id":"d07a152a1a","n":"Crown Castle Worcester (MA3)","o":"Crown Castle","city":"Worcester","st":"MA","mkt":"Worcester","s":"Active","raw":"Active","p":"census"},"geometry":{"type":"Point","coordinates":[-71.80262,42.26259]}},{"type":"Feature","properties":{"id":"1b623c39d8","n":"Lumen Worcester 1","o":"Lumen","city":"Worcester","st":"MA","mkt":"Worcester","s":"Active","raw":"Active","p":"census"},"geometry":{"type":"Point","coordinates":[-71.80262,42.26259]}},{"type":"Feature","properties":{"id":"fc88fc9c91","n":"1010 Technology Center","o":"1010 Technology Center, Inc.","city":"Alpena","st":"MI","mkt":"Alpena","s":"Active","raw":"Active","p":"city"},"geometry":{"type":"Point","coordinates":[-83.43275,45.06168]}},{"type":"Feature","properties":{"id":"dbf42f8fa4","n":"Form8tion Augusta Township","o":"Form8tion Data Centers","city":"Augusta Township","st":"MI","mkt":"Ann Arbor","s":"Planned","raw":"Proposed","p":"census"},"geometry":{"type":"Point","coordinates":[-83.6177,42.08432]}},{"type":"Feature","properties":{"id":"7f702b6f35","n":"OTAVA Ann Arbor","o":"OTAVA","city":"Ann Arbor","st":"MI","mkt":"Ann Arbor","s":"Active","raw":"Active","p":"census"},"geometry":{"type":"Point","coordinates":[-83.74036,42.21223]}},{"type":"Feature","properties":{"id":"61570b2605","n":"OTAVA Ann Arbor 2","o":"OTAVA","city":"Ann Arbor","st":"MI","mkt":"Ann Arbor","s":"Active","raw":"Active","p":"census"},"geometry":{"type":"Point","coordinates":[-83.74524,42.21234]}},{"type":"Feature","properties":{"id":"0cae1b064c","n":"Related Digital / Stargate Saline Township","o":"Related Digital / OpenAI / Oracle","city":"Saline Township","st":"MI","mkt":"Ann Arbor","s":"Building","raw":"Under construction","p":"city"},"geometry":{"type":"Point","coordinates":[-83.83857,42.12452]}},{"type":"Feature","properties":{"id":"55509211bc","n":"Synergy Broadband State Street","o":"Synergy Broadband","city":"Ann Arbor","st":"MI","mkt":"Ann Arbor","s":"Active","raw":"Active","p":"census"},"geometry":{"type":"Point","coordinates":[-83.73911,42.24196]}},{"type":"Feature","properties":{"id":"51d32b37bc","n":"Velocity Data Center","o":"Velocity Data Centers","city":"Ann Arbor","st":"MI","mkt":"Ann Arbor","s":"Active","raw":"Active","p":"census"},"geometry":{"type":"Point","coordinates":[-83.85166,42.29025]}},{"type":"Feature","properties":{"id":"0448818083","n":"Clear Rate Battle Creek POP","o":"Clear Rate Communications","city":"Battle Creek","st":"MI","mkt":"Battle Creek","s":"Active","raw":"Active","p":"census"},"geometry":{"type":"Point","coordinates":[-85.1817,42.31835]}},{"type":"Feature","properties":{"id":"28e77eee56","n":"Metronet / CTS Colocation Galesburg","o":"Metronet","city":"Galesburg","st":"MI","mkt":"Battle Creek","s":"Active","raw":"Active","p":"city","np":1},"geometry":{"type":"Point","coordinates":[-85.41806,42.28865]}},{"type":"Feature","properties":{"id":"e927943d23","n":"MEC Data Center","o":"Midwest Energy & Communications","city":"Cassopolis","st":"MI","mkt":"Cassopolis","s":"Active","raw":"Active","p":"city"},"geometry":{"type":"Point","coordinates":[-86.01001,41.91171]}},{"type":"Feature","properties":{"id":"fd798104e6","n":"123Net Southfield DC1","o":"123Net","city":"Southfield","st":"MI","mkt":"Detroit","s":"Active","raw":"Active","p":"census"},"geometry":{"type":"Point","coordinates":[-83.2387,42.47095]}},{"type":"Feature","properties":{"id":"ac0d63f9c9","n":"123Net Southfield NW DC2","o":"123Net","city":"Southfield","st":"MI","mkt":"Detroit","s":"Active","raw":"Active","p":"census"},"geometry":{"type":"Point","coordinates":[-83.23467,42.46718]}},{"type":"Feature","properties":{"id":"6f6f53154a","n":"123Net Southfield W DC3","o":"123Net","city":"Southfield","st":"MI","mkt":"Detroit","s":"Active","raw":"Active","p":"census"},"geometry":{"type":"Point","coordinates":[-83.23439,42.46699]}},{"type":"Feature","properties":{"id":"a8e4cec3f5","n":"30625 Wixom Road","o":"Sansone Group","city":"Wixom","st":"MI","mkt":"Detroit","s":"Active","raw":"Active","p":"census"},"geometry":{"type":"Point","coordinates":[-83.53749,42.51843]}},{"type":"Feature","properties":{"id":"9e496d764a","n":"365 Data Centers - Detroit","o":"365 Data Centers","city":"Southfield","st":"MI","mkt":"Detroit","s":"Active","raw":"Active","p":"census"},"geometry":{"type":"Point","coordinates":[-83.26052,42.46916]}},{"type":"Feature","properties":{"id":"1514cec782","n":"Awecomm Troy Data Center","o":"Awecomm Technologies","city":"Troy","st":"MI","mkt":"Detroit","s":"Active","raw":"Active","p":"census"},"geometry":{"type":"Point","coordinates":[-83.15087,42.55626]}},{"type":"Feature","properties":{"id":"08841e181e","n":"Clear Rate Troy Datacenter","o":"Clear Rate Communications","city":"Troy","st":"MI","mkt":"Detroit","s":"Active","raw":"Active","p":"census"},"geometry":{"type":"Point","coordinates":[-83.17593,42.56175]}},{"type":"Feature","properties":{"id":"f4cb7c73b9","n":"Cogent Data Center - Detroit","o":"Cogent Communications","city":"Detroit","st":"MI","mkt":"Detroit","s":"Active","raw":"Active","p":"census"},"geometry":{"type":"Point","coordinates":[-83.05638,42.33045]}},{"type":"Feature","properties":{"id":"e8d9edf43b","n":"Cogent Data Center - Troy","o":"Cogent Communications","city":"Troy","st":"MI","mkt":"Detroit","s":"Active","raw":"Active","p":"census"},"geometry":{"type":"Point","coordinates":[-83.19336,42.56093]}},{"type":"Feature","properties":{"id":"a547f98a51","n":"EdgeConneX Detroit (EDCDET01)","o":"EdgeConneX","city":"Southfield","st":"MI","mkt":"Detroit","s":"Active","raw":"Active","p":"census"},"geometry":{"type":"Point","coordinates":[-83.25945,42.44621]}},{"type":"Feature","properties":{"id":"c0fd15adfb","n":"Google Van Buren Data Center Campus (Bldgs 1-3)","o":"Google","city":"Van Buren Township","st":"MI","mkt":"Detroit","s":"Expanding","raw":"Active/Expanding","p":"city"},"geometry":{"type":"Point","coordinates":[-83.48415,42.2208]}},{"type":"Feature","properties":{"id":"0be2177a93","n":"IronGate The Bunker","o":"IronGate Data Centers","city":"Warren","st":"MI","mkt":"Detroit","s":"Active","raw":"Active","p":"census"},"geometry":{"type":"Point","coordinates":[-83.02816,42.50012]}},{"type":"Feature","properties":{"id":"acf51b0714","n":"Liberty Center One Royal Oak","o":"Liberty Center One","city":"Royal Oak","st":"MI","mkt":"Detroit","s":"Active","raw":"Active","p":"census"},"geometry":{"type":"Point","coordinates":[-83.17706,42.53295]}},{"type":"Feature","properties":{"id":"0e964804b9","n":"Liquid Web Dearborn","o":"Liquid Web","city":"Dearborn","st":"MI","mkt":"Detroit","s":"Active","raw":"Active","p":"census"},"geometry":{"type":"Point","coordinates":[-83.23384,42.28552]}},{"type":"Feature","properties":{"id":"237836bede","n":"Liquid Web Southfield","o":"Liquid Web","city":"Southfield","st":"MI","mkt":"Detroit","s":"Active","raw":"Active","p":"census"},"geometry":{"type":"Point","coordinates":[-83.25629,42.44695]}},{"type":"Feature","properties":{"id":"82df81b028","n":"Lumen Detroit (fmr Level 3)","o":"Lumen","city":"Southfield","st":"MI","mkt":"Detroit","s":"Active","raw":"Active","p":"census"},"geometry":{"type":"Point","coordinates":[-83.23778,42.47292]}},{"type":"Feature","properties":{"id":"e1050663ca","n":"Lumen Detroit 3","o":"Lumen","city":"Detroit","st":"MI","mkt":"Detroit","s":"Active","raw":"Active","p":"census"},"geometry":{"type":"Point","coordinates":[-83.06966,42.32551]}},{"type":"Feature","properties":{"id":"d248a677e4","n":"ManagedWay Data Center #1","o":"ManagedWay","city":"Troy","st":"MI","mkt":"Detroit","s":"Active","raw":"Active","p":"census"},"geometry":{"type":"Point","coordinates":[-83.09926,42.53729]}},{"type":"Feature","properties":{"id":"7dac0689f4","n":"ManagedWay Data Center #2","o":"ManagedWay","city":"Troy","st":"MI","mkt":"Detroit","s":"Active","raw":"Active","p":"census"},"geometry":{"type":"Point","coordinates":[-83.09923,42.54005]}},{"type":"Feature","properties":{"id":"12be876860","n":"OTAVA Metro Detroit","o":"OTAVA","city":"Westland","st":"MI","mkt":"Detroit","s":"Active","raw":"Active","p":"census"},"geometry":{"type":"Point","coordinates":[-83.41869,42.33106]}},{"type":"Feature","properties":{"id":"3fbffb1adc","n":"Oakland University Data Center","o":"Fairmount Properties","city":"Rochester","st":"MI","mkt":"Detroit","s":"Active","raw":"Active","p":"city"},"geometry":{"type":"Point","coordinates":[-83.13382,42.68059]}},{"type":"Feature","properties":{"id":"6ea4cad3dd","n":"Panattoni “Project Cannoli”","o":"Panattoni Development","city":"Van Buren Township","st":"MI","mkt":"Detroit","s":"Planned","raw":"Proposed","p":"city","np":1},"geometry":{"type":"Point","coordinates":[-83.48415,42.2208]}},{"type":"Feature","properties":{"id":"c8b9cafb8b","n":"RT Software Systems","o":"RT Software Hosting","city":"Berkley","st":"MI","mkt":"Detroit","s":"Active","raw":"Active","p":"census"},"geometry":{"type":"Point","coordinates":[-83.19854,42.50288]}},{"type":"Feature","properties":{"id":"80c693615c","n":"Raeden Detroit 1","o":"Raeden","city":"Detroit","st":"MI","mkt":"Detroit","s":"Active","raw":"Active","p":"census"},"geometry":{"type":"Point","coordinates":[-83.05397,42.32899]}},{"type":"Feature","properties":{"id":"e94b7478a5","n":"Raeden Detroit 2","o":"Raeden","city":"Detroit","st":"MI","mkt":"Detroit","s":"Active","raw":"Active","p":"census"},"geometry":{"type":"Point","coordinates":[-83.04753,42.3327]}},{"type":"Feature","properties":{"id":"46ac4bbacd","n":"Raeden Detroit 3","o":"Raeden","city":"Gibraltar","st":"MI","mkt":"Detroit","s":"Active","raw":"Active","p":"census"},"geometry":{"type":"Point","coordinates":[-83.1968,42.10628]}},{"type":"Feature","properties":{"id":"ae9a904f26","n":"Shoemaker Data Center","o":"(operator not public)","city":"Detroit","st":"MI","mkt":"Detroit","s":"Active","raw":"Active","p":"census"},"geometry":{"type":"Point","coordinates":[-82.98919,42.3895]}},{"type":"Feature","properties":{"id":"36d5c10ee1","n":"Solstice Data Allen Park","o":"Solstice Data","city":"Allen Park","st":"MI","mkt":"Detroit","s":"Active","raw":"Active","p":"city"},"geometry":{"type":"Point","coordinates":[-83.21077,42.25951]}},{"type":"Feature","properties":{"id":"f4d6667f67","n":"US Signal Detroit MI03","o":"US Signal","city":"Belleville","st":"MI","mkt":"Detroit","s":"Active","raw":"Active","p":"census"},"geometry":{"type":"Point","coordinates":[-83.44506,42.23562]}},{"type":"Feature","properties":{"id":"a4a250fe52","n":"US Signal Detroit MI04","o":"US Signal","city":"Southfield","st":"MI","mkt":"Detroit","s":"Active","raw":"Active","p":"census"},"geometry":{"type":"Point","coordinates":[-83.25631,42.44736]}},{"type":"Feature","properties":{"id":"476a4fc240","n":"US Signal Detroit MI05","o":"US Signal","city":"Auburn Hills","st":"MI","mkt":"Detroit","s":"Active","raw":"Active","p":"census"},"geometry":{"type":"Point","coordinates":[-83.21496,42.65288]}},{"type":"Feature","properties":{"id":"1959c428b7","n":"Uniti Farmington Hills","o":"Uniti Wholesale","city":"Farmington Hills","st":"MI","mkt":"Detroit","s":"Active","raw":"Active","p":"census"},"geometry":{"type":"Point","coordinates":[-83.42025,42.46244]}},{"type":"Feature","properties":{"id":"58e7b035d2","n":"Verizon Detroit #2","o":"Verizon","city":"Southfield","st":"MI","mkt":"Detroit","s":"Active","raw":"Active","p":"census"},"geometry":{"type":"Point","coordinates":[-83.25568,42.44781]}},{"type":"Feature","properties":{"id":"f7baa0bdbb","n":"Online Tech Michigan Data Center","o":"Online Tech (OTAVA)","city":"Flint Township","st":"MI","mkt":"Flint","s":"Active","raw":"Active","p":"census"},"geometry":{"type":"Point","coordinates":[-83.77937,42.96923]}},{"type":"Feature","properties":{"id":"f879ad3947","n":"GramTel Grand Rapids Data Center","o":"GramTel","city":"Grand Rapids","st":"MI","mkt":"Grand Rapids","s":"Active","raw":"Active","p":"census"},"geometry":{"type":"Point","coordinates":[-85.6768,42.97057]}},{"type":"Feature","properties":{"id":"7f25031b0f","n":"Iserv (382 Communications)","o":"The Iserv Company","city":"Grand Rapids","st":"MI","mkt":"Grand Rapids","s":"Active","raw":"Active","p":"census"},"geometry":{"type":"Point","coordinates":[-85.54908,42.88361]}},{"type":"Feature","properties":{"id":"145ca3b801","n":"Switch Grand Rapids (The Pyramid Campus)","o":"Switch","city":"Caledonia","st":"MI","mkt":"Grand Rapids","s":"Active","raw":"Active","p":"census"},"geometry":{"type":"Point","coordinates":[-85.56538,42.85253]}},{"type":"Feature","properties":{"id":"f421b4d780","n":"US Signal Grand Rapids MI01","o":"US Signal","city":"Grand Rapids (Kentwood)","st":"MI","mkt":"Grand Rapids","s":"Active","raw":"Active","p":"census"},"geometry":{"type":"Point","coordinates":[-85.5637,42.8769]}},{"type":"Feature","properties":{"id":"04a8a36937","n":"US Signal Grand Rapids MI02 / 123.Net DC4 / 76th Business Complex","o":"US Signal / 123.Net / 76th Business Complex LLC","city":"Byron Center","st":"MI","mkt":"Grand Rapids","s":"Active","raw":"Active","p":"census"},"geometry":{"type":"Point","coordinates":[-85.67269,42.8262]}},{"type":"Feature","properties":{"id":"47a5298b32","n":"Verizon Business – Standard DC Grand Rapids","o":"Verizon","city":"Grand Rapids","st":"MI","mkt":"Grand Rapids","s":"Active","raw":"Active","p":"city","np":1},"geometry":{"type":"Point","coordinates":[-85.66786,42.96324]}},{"type":"Feature","properties":{"id":"b1c3e66ecc","n":"Aunalytics Kalamazoo Data Center","o":"Aunalytics","city":"Kalamazoo","st":"MI","mkt":"Kalamazoo","s":"Active","raw":"Active","p":"census"},"geometry":{"type":"Point","coordinates":[-85.67732,42.24051]}},{"type":"Feature","properties":{"id":"3a5b3cca66","n":"Hyperscale Data Michigan (Dowagiac)","o":"Hyperscale Data, Inc.","city":"Dowagiac","st":"MI","mkt":"Kalamazoo","s":"Expanding","raw":"Active/Expanding","p":"census"},"geometry":{"type":"Point","coordinates":[-86.1008,41.99101]}},{"type":"Feature","properties":{"id":"4a81ea4c1e","n":"Pavilion Township Data Center","o":"(operator not disclosed)","city":"Pavilion Township","st":"MI","mkt":"Kalamazoo","s":"Planned","raw":"Proposed","p":"census"},"geometry":{"type":"Point","coordinates":[-85.51183,42.24488]}},{"type":"Feature","properties":{"id":"25eefab404","n":"ACD.net Lansing Data Center","o":"ACD.net","city":"Lansing","st":"MI","mkt":"Lansing","s":"Active","raw":"Active","p":"census"},"geometry":{"type":"Point","coordinates":[-84.55748,42.75452]}},{"type":"Feature","properties":{"id":"0077802599","n":"Deep Green Lansing (DG06)","o":"Deep Green","city":"Lansing","st":"MI","mkt":"Lansing","s":"Inactive","raw":"Cancelled (Apr 2026)","p":"census"},"geometry":{"type":"Point","coordinates":[-84.54476,42.73144]}},{"type":"Feature","properties":{"id":"f206cc3a89","n":"Liquid Web Lansing Data Center #1","o":"Liquid Web","city":"Lansing","st":"MI","mkt":"Lansing","s":"Active","raw":"Active","p":"census"},"geometry":{"type":"Point","coordinates":[-84.64243,42.6906]}},{"type":"Feature","properties":{"id":"4d08b17bfc","n":"Liquid Web Lansing Data Center #2","o":"Liquid Web","city":"Lansing","st":"MI","mkt":"Lansing","s":"Active","raw":"Active","p":"census"},"geometry":{"type":"Point","coordinates":[-84.64245,42.68868]}},{"type":"Feature","properties":{"id":"b412e7e95e","n":"Liquid Web Lansing Data Center #3","o":"Liquid Web","city":"Lansing","st":"MI","mkt":"Lansing","s":"Active","raw":"Active","p":"census"},"geometry":{"type":"Point","coordinates":[-84.66731,42.70507]}},{"type":"Feature","properties":{"id":"8627468fc5","n":"Cloverleaf Infrastructure Monroe","o":"Cloverleaf Infrastructure","city":"Monroe","st":"MI","mkt":"Monroe","s":"Planned","raw":"Proposed","p":"census"},"geometry":{"type":"Point","coordinates":[-83.35686,41.92735]}},{"type":"Feature","properties":{"id":"3010cac9d4","n":"Telesystem DC-2","o":"Buckeye Telesystem, Inc.","city":"Monroe","st":"MI","mkt":"Monroe","s":"Active","raw":"Active","p":"census"},"geometry":{"type":"Point","coordinates":[-83.40494,41.93639]}},{"type":"Feature","properties":{"id":"c7f1322504","n":"CMS Internet Mount Pleasant Data Center","o":"CMS Internet, LLC","city":"Mount Pleasant","st":"MI","mkt":"Mount Pleasant","s":"Active","raw":"Active","p":"census"},"geometry":{"type":"Point","coordinates":[-84.77658,43.60416]}},{"type":"Feature","properties":{"id":"15559484e6","n":"Verrus Project Flex Campus (DC2, DC3, DC4)","o":"Verrus","city":"New Hudson (Lyon Township)","st":"MI","mkt":"New Hudson","s":"Planned","raw":"Proposed","p":"census"},"geometry":{"type":"Point","coordinates":[-83.61548,42.50753]}},{"type":"Feature","properties":{"id":"776a05ba45","n":"Vaultas Alexandria Data Center","o":"Vaultas","city":"Alexandria","st":"MN","mkt":"Alexandria MN","s":"Active","raw":"Active","p":"city","np":1},"geometry":{"type":"Point","coordinates":[-95.3745,45.88351]}},{"type":"Feature","properties":{"id":"ece62271a4","n":"PBC Bemidji Data Center","o":"Paul Bunyan Communications","city":"Bemidji","st":"MN","mkt":"Bemidji","s":"Active","raw":"Active","p":"census"},"geometry":{"type":"Point","coordinates":[-94.90768,47.50515]}},{"type":"Feature","properties":{"id":"9d37611c3d","n":"AAIM Data Centers Blue Earth","o":"AAIM Data Centers","city":"Blue Earth","st":"MN","mkt":"Blue Earth","s":"Planned","raw":"Proposed","p":"city"},"geometry":{"type":"Point","coordinates":[-94.10218,43.63746]}},{"type":"Feature","properties":{"id":"01a184a12c","n":"Braham, MN data center (unnamed listing)","o":"(operator not confirmed)","city":"Braham","st":"MN","mkt":"Braham","s":"Active","raw":"Active","p":"city","np":1},"geometry":{"type":"Point","coordinates":[-93.17064,45.72474]}},{"type":"Feature","properties":{"id":"3d75384d2f","n":"Cambridge, MN data center (unnamed listing)","o":"(operator not confirmed)","city":"Cambridge","st":"MN","mkt":"Cambridge MN","s":"Active","raw":"Active","p":"city","np":1},"geometry":{"type":"Point","coordinates":[-93.22439,45.57274]}},{"type":"Feature","properties":{"id":"626e5f58de","n":"Cannon Falls, MN data center (unnamed listing)","o":"(operator not confirmed)","city":"Cannon Falls","st":"MN","mkt":"Cannon Falls","s":"Active","raw":"Active","p":"city","np":1},"geometry":{"type":"Point","coordinates":[-92.90622,44.50684]}},{"type":"Feature","properties":{"id":"c97f8313eb","n":"Ark Data Centers Duluth 1","o":"Ark Data Centers (fmr Involta)","city":"Duluth","st":"MN","mkt":"Duluth","s":"Active","raw":"Active","p":"city"},"geometry":{"type":"Point","coordinates":[-92.10527,46.78383]}},{"type":"Feature","properties":{"id":"07aa4c6c6d","n":"Ark Data Centers Duluth 2","o":"Ark Data Centers (fmr Involta)","city":"Duluth","st":"MN","mkt":"Duluth","s":"Active","raw":"Active","p":"census"},"geometry":{"type":"Point","coordinates":[-92.0954,46.79546]}},{"type":"Feature","properties":{"id":"6581bbf70a","n":"Google Hermantown Campus","o":"Google","city":"Hermantown","st":"MN","mkt":"Duluth","s":"Expanding","raw":"Active/Expanding","p":"city","np":1},"geometry":{"type":"Point","coordinates":[-92.23825,46.80689]}},{"type":"Feature","properties":{"id":"1d2d98cfe0","n":"Fidium Mankato Data Center","o":"Fidium (fmr Consolidated Communications)","city":"Mankato","st":"MN","mkt":"Mankato","s":"Active","raw":"Active","p":"census"},"geometry":{"type":"Point","coordinates":[-94.00299,44.16476]}},{"type":"Feature","properties":{"id":"3681537f38","n":"250 Marquette Avenue","o":"KBS Capital Markets Group","city":"Minneapolis","st":"MN","mkt":"Minneapolis","s":"Active","raw":"Active","p":"census"},"geometry":{"type":"Point","coordinates":[-93.26733,44.98071]}},{"type":"Feature","properties":{"id":"96e6106cee","n":"511 Building","o":"(operator not disclosed)","city":"Minneapolis","st":"MN","mkt":"Minneapolis","s":"Active","raw":"Active","p":"census"},"geometry":{"type":"Point","coordinates":[-93.25559,44.97238]}},{"type":"Feature","properties":{"id":"86073e1937","n":"800 First Street North","o":"Legacy Investing","city":"Minneapolis","st":"MN","mkt":"Minneapolis","s":"Active","raw":"Active","p":"census"},"geometry":{"type":"Point","coordinates":[-93.27483,44.98954]}},{"type":"Feature","properties":{"id":"5c95b5d61c","n":"ABcom","o":"ABcom","city":"New Brighton","st":"MN","mkt":"Minneapolis","s":"Active","raw":"Active","p":"osm"},"geometry":{"type":"Point","coordinates":[-93.19735,45.04638]}},{"type":"Feature","properties":{"id":"65e5e4a29e","n":"Amazon AWS - Sherco Power Plant","o":"Amazon Web Services","city":"Becker","st":"MN","mkt":"Minneapolis","s":"Active","raw":"Active","p":"city"},"geometry":{"type":"Point","coordinates":[-93.87689,45.39318]}},{"type":"Feature","properties":{"id":"b460e3bc0f","n":"Archer Minneapolis Campus","o":"Archer Datacenters","city":"Faribault","st":"MN","mkt":"Minneapolis","s":"Active","raw":"Active","p":"census"},"geometry":{"type":"Point","coordinates":[-93.2872,44.36553]}},{"type":"Feature","properties":{"id":"3cf3e246c6","n":"Aureon Minneapolis","o":"Aureon Networks","city":"Minneapolis","st":"MN","mkt":"Minneapolis","s":"Active","raw":"Active","p":"census"},"geometry":{"type":"Point","coordinates":[-93.25559,44.97238]}},{"type":"Feature","properties":{"id":"3366dd4400","n":"CENTRA Minneapolis (MSP1)","o":"CENTRA","city":"Eagan","st":"MN","mkt":"Minneapolis","s":"Active","raw":"Active","p":"city"},"geometry":{"type":"Point","coordinates":[-93.16592,44.81817]}},{"type":"Feature","properties":{"id":"872a436ca1","n":"CloudHQ MSP1","o":"CloudHQ","city":"Chaska","st":"MN","mkt":"Minneapolis","s":"Active","raw":"Active","p":"census"},"geometry":{"type":"Point","coordinates":[-93.63274,44.81245]}},{"type":"Feature","properties":{"id":"4a79a14100","n":"Cogent Data Center - Minneapolis","o":"Cogent Communications","city":"Minneapolis","st":"MN","mkt":"Minneapolis","s":"Active","raw":"Active","p":"census"},"geometry":{"type":"Point","coordinates":[-93.27054,44.97214]}},{"type":"Feature","properties":{"id":"4b94fb03be","n":"Cogent Data Center - St. Paul","o":"Cogent Communications","city":"St Paul","st":"MN","mkt":"Minneapolis","s":"Active","raw":"Active","p":"city"},"geometry":{"type":"Point","coordinates":[-93.0931,44.94975]}},{"type":"Feature","properties":{"id":"107f0d7870","n":"Cologix MIN1-MIN5","o":"Cologix","city":"Minneapolis","st":"MN","mkt":"Minneapolis","s":"Active","raw":"Active","p":"census"},"geometry":{"type":"Point","coordinates":[-93.25559,44.97238]}},{"type":"Feature","properties":{"id":"80c47ceb90","n":"Connect Apple Valley","o":"Connect Data Centers by Oppidan","city":"Apple Valley","st":"MN","mkt":"Minneapolis","s":"Active","raw":"Active","p":"city"},"geometry":{"type":"Point","coordinates":[-93.21772,44.73191]}},{"type":"Feature","properties":{"id":"ff0a8b2571","n":"Connect Eagan","o":"Connect Data Centers by Oppidan","city":"Eagan","st":"MN","mkt":"Minneapolis","s":"Active","raw":"Active","p":"census"},"geometry":{"type":"Point","coordinates":[-93.11091,44.82791]}},{"type":"Feature","properties":{"id":"325d1ad3f9","n":"Csquare - Minneapolis MSP1 Campus","o":"Csquare","city":"Shakopee","st":"MN","mkt":"Minneapolis","s":"Active","raw":"Active","p":"census"},"geometry":{"type":"Point","coordinates":[-93.46418,44.78073]}},{"type":"Feature","properties":{"id":"d9650faf43","n":"DataBank - 10300 6th Ave","o":"DataBank","city":"Plymouth","st":"MN","mkt":"Minneapolis","s":"Active","raw":"Active","p":"census"},"geometry":{"type":"Point","coordinates":[-93.41083,44.98578]}},{"type":"Feature","properties":{"id":"3a841b7bf8","n":"DataBank MSP1 - West Twin Cities","o":"DataBank","city":"Edina","st":"MN","mkt":"Minneapolis","s":"Active","raw":"Active","p":"census"},"geometry":{"type":"Point","coordinates":[-93.32902,44.86336]}},{"type":"Feature","properties":{"id":"4313681da3","n":"DataBank MSP2 - East Twin Cities","o":"DataBank","city":"Eagan","st":"MN","mkt":"Minneapolis","s":"Active","raw":"Active","p":"census"},"geometry":{"type":"Point","coordinates":[-93.14533,44.83752]}},{"type":"Feature","properties":{"id":"29d303be1b","n":"DataBank MSP3 - Brooklyn Park","o":"DataBank","city":"Brooklyn Park","st":"MN","mkt":"Minneapolis","s":"Active","raw":"Active","p":"osm"},"geometry":{"type":"Point","coordinates":[-93.38712,45.14373]}},{"type":"Feature","properties":{"id":"52e87140e7","n":"DataBank MSP4 - Downtown","o":"DataBank","city":"Minneapolis","st":"MN","mkt":"Minneapolis","s":"Active","raw":"Active","p":"census"},"geometry":{"type":"Point","coordinates":[-93.25559,44.97238]}},{"type":"Feature","properties":{"id":"c4857e165b","n":"EdgeConneX Minneapolis - EDCMSP01","o":"EdgeConneX","city":"Eden Prairie","st":"MN","mkt":"Minneapolis","s":"Active","raw":"Active","p":"census"},"geometry":{"type":"Point","coordinates":[-93.40503,44.87892]}},{"type":"Feature","properties":{"id":"21d27383f8","n":"Farmington Technology Park","o":"Tract","city":"Farmington","st":"MN","mkt":"Minneapolis","s":"Active","raw":"Active","p":"census"},"geometry":{"type":"Point","coordinates":[-93.12132,44.63056]}},{"type":"Feature","properties":{"id":"1d884de4c6","n":"Fidium Edina","o":"Fidium","city":"Edina","st":"MN","mkt":"Minneapolis","s":"Active","raw":"Active","p":"census"},"geometry":{"type":"Point","coordinates":[-93.32902,44.86336]}},{"type":"Feature","properties":{"id":"6ef26ec8da","n":"Flexential Minneapolis - Chaska Data Center","o":"Flexential","city":"Chaska","st":"MN","mkt":"Minneapolis","s":"Active","raw":"Active","p":"census"},"geometry":{"type":"Point","coordinates":[-93.59941,44.84951]}},{"type":"Feature","properties":{"id":"f2267ec4f1","n":"IronGate Downtown Minneapolis","o":"IronGate Data Centers","city":"Minneapolis","st":"MN","mkt":"Minneapolis","s":"Active","raw":"Active","p":"census"},"geometry":{"type":"Point","coordinates":[-93.26807,44.98475]}},{"type":"Feature","properties":{"id":"16fc76bc12","n":"IronGate Twin Cities East","o":"IronGate Data Centers","city":"Woodbury","st":"MN","mkt":"Minneapolis","s":"Active","raw":"Active","p":"census"},"geometry":{"type":"Point","coordinates":[-92.95362,44.94722]}},{"type":"Feature","properties":{"id":"8c1b7ce6c3","n":"IronGate Twin Cities West","o":"IronGate Data Centers","city":"St. Paul","st":"MN","mkt":"Minneapolis","s":"Active","raw":"Active","p":"city"},"geometry":{"type":"Point","coordinates":[-93.0931,44.94975]}},{"type":"Feature","properties":{"id":"f0e792321f","n":"LightEdge - Minneapolis I","o":"LightEdge","city":"Chaska","st":"MN","mkt":"Minneapolis","s":"Active","raw":"Active","p":"census"},"geometry":{"type":"Point","coordinates":[-93.63476,44.80614]}},{"type":"Feature","properties":{"id":"f89f390a92","n":"Lumen Minneapolis 1","o":"Lumen","city":"Minneapolis","st":"MN","mkt":"Minneapolis","s":"Active","raw":"Active","p":"census"},"geometry":{"type":"Point","coordinates":[-93.27079,44.97367]}},{"type":"Feature","properties":{"id":"d0c59b7c38","n":"Lumen Minneapolis 2","o":"Lumen","city":"Minneapolis","st":"MN","mkt":"Minneapolis","s":"Active","raw":"Active","p":"census"},"geometry":{"type":"Point","coordinates":[-93.25559,44.97238]}},{"type":"Feature","properties":{"id":"4f795ee88a","n":"Lumen Minneapolis 3","o":"Lumen","city":"Minneapolis","st":"MN","mkt":"Minneapolis","s":"Active","raw":"Active","p":"census"},"geometry":{"type":"Point","coordinates":[-93.27605,44.98862]}},{"type":"Feature","properties":{"id":"0176ba3cd7","n":"Lumen Minnetonka 1","o":"Lumen","city":"Minnetonka","st":"MN","mkt":"Minneapolis","s":"Active","raw":"Active","p":"census"},"geometry":{"type":"Point","coordinates":[-93.42068,44.90481]}},{"type":"Feature","properties":{"id":"2638a6c875","n":"Lumen Minnetonka 2","o":"Lumen","city":"Minnetonka","st":"MN","mkt":"Minneapolis","s":"Active","raw":"Active","p":"census"},"geometry":{"type":"Point","coordinates":[-93.42083,44.9051]}},{"type":"Feature","properties":{"id":"879a442297","n":"Meta Rosemount Campus","o":"Meta","city":"Rosemount","st":"MN","mkt":"Minneapolis","s":"Active","raw":"Active","p":"census"},"geometry":{"type":"Point","coordinates":[-93.05985,44.73908]}},{"type":"Feature","properties":{"id":"9c0aeaa1de","n":"Monticello Tech Park","o":"(operator not disclosed)","city":"Monticello","st":"MN","mkt":"Minneapolis","s":"Active","raw":"Active","p":"census"},"geometry":{"type":"Point","coordinates":[-93.81476,45.27393]}},{"type":"Feature","properties":{"id":"9b13d27310","n":"Scannell Technology Park","o":"Scannell Properties","city":"Monticello","st":"MN","mkt":"Minneapolis","s":"Active","raw":"Active","p":"city"},"geometry":{"type":"Point","coordinates":[-93.794,45.30539]}},{"type":"Feature","properties":{"id":"ba539bbcde","n":"T5 Data Centers - T5@Minneapolis","o":"T5 Data Centers","city":"Minneapolis","st":"MN","mkt":"Minneapolis","s":"Active","raw":"Active","p":"census"},"geometry":{"type":"Point","coordinates":[-93.27054,44.97214]}},{"type":"Feature","properties":{"id":"3ade24dffa","n":"Trustwave NOC","o":"Trustwave Holdings","city":"Eden Prairie","st":"MN","mkt":"Minneapolis","s":"Active","raw":"Active","p":"census"},"geometry":{"type":"Point","coordinates":[-93.46807,44.86517]}},{"type":"Feature","properties":{"id":"f55c2e60c8","n":"US Internet Minnetonka","o":"US Internet","city":"Minnetonka","st":"MN","mkt":"Minneapolis","s":"Active","raw":"Active","p":"census"},"geometry":{"type":"Point","coordinates":[-93.43676,44.97135]}},{"type":"Feature","properties":{"id":"fb161aafc6","n":"US Internet Robbinsdale","o":"US Internet","city":"Robbinsdale","st":"MN","mkt":"Minneapolis","s":"Active","raw":"Active","p":"census"},"geometry":{"type":"Point","coordinates":[-93.33167,45.02467]}},{"type":"Feature","properties":{"id":"503c7f451e","n":"US Signal Minneapolis MN01","o":"US Signal Company","city":"Eden Prairie","st":"MN","mkt":"Minneapolis","s":"Active","raw":"Active","p":"census"},"geometry":{"type":"Point","coordinates":[-93.40717,44.87671]}},{"type":"Feature","properties":{"id":"a1ae6aa634","n":"Unisys Eagan DC","o":"Swervo Development Corp.","city":"Eagan","st":"MN","mkt":"Minneapolis","s":"Active","raw":"Active","p":"census"},"geometry":{"type":"Point","coordinates":[-93.16733,44.84114]}},{"type":"Feature","properties":{"id":"03cb1f59af","n":"Uniti Minneapolis","o":"Uniti Wholesale","city":"Minneapolis","st":"MN","mkt":"Minneapolis","s":"Active","raw":"Active","p":"census"},"geometry":{"type":"Point","coordinates":[-93.26704,44.97855]}},{"type":"Feature","properties":{"id":"5204f1e9c4","n":"Google Pine Island (Project Skyway)","o":"Google","city":"Pine Island","st":"MN","mkt":"Rochester","s":"Planned","raw":"Planned","p":"census"},"geometry":{"type":"Point","coordinates":[-92.65062,44.22434]}},{"type":"Feature","properties":{"id":"9099cefe7e","n":"H5 Data Centers Minneapolis (Saint Paul)","o":"H5 Data Centers","city":"Saint Paul","st":"MN","mkt":"Saint Paul","s":"Active","raw":"Active","p":"census"},"geometry":{"type":"Point","coordinates":[-93.14719,44.97058]}},{"type":"Feature","properties":{"id":"84a07de5ae","n":"QLevr Inver Grove Heights","o":"QLevr Data Centers","city":"Inver Grove Heights","st":"MN","mkt":"Saint Paul","s":"Active","raw":"Active","p":"census"},"geometry":{"type":"Point","coordinates":[-93.03987,44.86268]}},{"type":"Feature","properties":{"id":"b8bd58cd29","n":"Vaultas St. Cloud Data Center","o":"Vaultas","city":"St. Cloud","st":"MN","mkt":"St. Cloud","s":"Active","raw":"Active","p":"census"},"geometry":{"type":"Point","coordinates":[-94.20234,45.54051]}},{"type":"Feature","properties":{"id":"4ce7ce46a3","n":"DirecTV Oakdale","o":"DirecTV","city":"Oakdale","st":"MN","mkt":"St. Paul","s":"Active","raw":"Active","p":"census"},"geometry":{"type":"Point","coordinates":[-92.97571,44.99434]}},{"type":"Feature","properties":{"id":"1e67799ce2","n":"Columbus, MS data center (unnamed listing)","o":"(operator not confirmed)","city":"Columbus","st":"MS","mkt":"Columbus","s":"Active","raw":"Active","p":"city","np":1},"geometry":{"type":"Point","coordinates":[-88.42726,33.49567]}},{"type":"Feature","properties":{"id":"4a4e4917a4","n":"MegaGate Broadband Hattiesburg (C Spire)","o":"MegaGate Broadband / C Spire","city":"Hattiesburg","st":"MS","mkt":"Hattiesburg","s":"Active","raw":"Active","p":"census"},"geometry":{"type":"Point","coordinates":[-89.38975,31.32016]}},{"type":"Feature","properties":{"id":"0c9d45dba1","n":"AWS Madison County Mega Site Campus","o":"Amazon Web Services","city":"Madison County","st":"MS","mkt":"Jackson MS","s":"Expanding","raw":"Active/Expanding","p":"market"},"geometry":{"type":"Point","coordinates":[-90.18304,32.29987]}},{"type":"Feature","properties":{"id":"8691b7b9d9","n":"C Spire Ridgeland","o":"C Spire","city":"Ridgeland","st":"MS","mkt":"Jackson MS","s":"Active","raw":"Active","p":"census"},"geometry":{"type":"Point","coordinates":[-90.14772,32.4406]}},{"type":"Feature","properties":{"id":"8d48faf516","n":"NETDOOR Data Center","o":"NETDOOR","city":"Jackson","st":"MS","mkt":"Jackson MS","s":"Active","raw":"Active","p":"census"},"geometry":{"type":"Point","coordinates":[-90.17852,32.3089]}},{"type":"Feature","properties":{"id":"b04415bfda","n":"USNX Data Center","o":"U.S.NEXT (USNX)","city":"Jackson","st":"MS","mkt":"Jackson MS","s":"Active","raw":"Active","p":"city"},"geometry":{"type":"Point","coordinates":[-90.18304,32.29987]}},{"type":"Feature","properties":{"id":"bdf815a5a3","n":"Verizon Business - Standard DC Jackson","o":"Verizon","city":"Jackson","st":"MS","mkt":"Jackson MS","s":"Active","raw":"Active","p":"city","np":1},"geometry":{"type":"Point","coordinates":[-90.18304,32.29987]}},{"type":"Feature","properties":{"id":"709a6ebe22","n":"Compass Meridian Campus","o":"Compass Datacenters","city":"Meridian","st":"MS","mkt":"Meridian","s":"Expanding","raw":"Active/Expanding","p":"census"},"geometry":{"type":"Point","coordinates":[-88.62846,32.39401]}},{"type":"Feature","properties":{"id":"905d28c26f","n":"xAI MACROHARDRR Southaven Data Center","o":"xAI","city":"Southaven","st":"MS","mkt":"Southaven","s":"Expanding","raw":"Active/Expanding","p":"city","np":1},"geometry":{"type":"Point","coordinates":[-90.00349,34.98738]}},{"type":"Feature","properties":{"id":"1d75e5cfea","n":"C Spire Starkville","o":"C Spire","city":"Starkville","st":"MS","mkt":"Starkville","s":"Active","raw":"Active","p":"city"},"geometry":{"type":"Point","coordinates":[-88.81521,33.46387]}},{"type":"Feature","properties":{"id":"ab4f9cffd7","n":"ISG Technology - Columbia Data Center","o":"ISG Technology","city":"Columbia","st":"MO","mkt":"Columbia","s":"Active","raw":"Active","p":"city","np":1},"geometry":{"type":"Point","coordinates":[-92.33374,38.95188]}},{"type":"Feature","properties":{"id":"657b3b4637","n":"Lumen Columbia 1","o":"Lumen (fmr Level 3)","city":"Columbia","st":"MO","mkt":"Columbia","s":"Active","raw":"Active","p":"census"},"geometry":{"type":"Point","coordinates":[-92.29555,38.91513]}},{"type":"Feature","properties":{"id":"2fbdce2c89","n":"Orion Data Centers - Mid Missouri","o":"Orion Data Centers","city":"Columbia","st":"MO","mkt":"Columbia","s":"Active","raw":"Active","p":"city","np":1},"geometry":{"type":"Point","coordinates":[-92.33374,38.95188]}},{"type":"Feature","properties":{"id":"a9a2995173","n":"Brightspeed Jefferson City","o":"Brightspeed","city":"Jefferson City","st":"MO","mkt":"Jefferson City","s":"Inactive","raw":"Active (for sale)","p":"census"},"geometry":{"type":"Point","coordinates":[-92.17183,38.57539]}},{"type":"Feature","properties":{"id":"eb343bf3fd","n":"Wildwood Ranch Data Center","o":"(operator not disclosed)","city":"Joplin","st":"MO","mkt":"Joplin","s":"Planned","raw":"Planned","p":"census"},"geometry":{"type":"Point","coordinates":[-94.5839,37.07084]}},{"type":"Feature","properties":{"id":"ca402713d2","n":"304 West 10th Street","o":"Revitalization Unlimited","city":"Kansas City","st":"MO","mkt":"Kansas City MO","s":"Active","raw":"Active","p":"census"},"geometry":{"type":"Point","coordinates":[-94.58753,39.10242]}},{"type":"Feature","properties":{"id":"bfb650da6b","n":"Atmosphere Kansas City Campus","o":"Atmosphere Data Centers","city":"St Joseph","st":"MO","mkt":"Kansas City MO","s":"Active","raw":"Active","p":"city"},"geometry":{"type":"Point","coordinates":[-94.84663,39.76861]}},{"type":"Feature","properties":{"id":"d3b6317589","n":"Edged Kansas City","o":"Edged Energy","city":"Kansas City","st":"MO","mkt":"Kansas City MO","s":"Active","raw":"Active","p":"census"},"geometry":{"type":"Point","coordinates":[-94.46187,39.15699]}},{"type":"Feature","properties":{"id":"21f411e46f","n":"Google Project Kestrel Campus","o":"Google","city":"Kansas City","st":"MO","mkt":"Kansas City MO","s":"Active","raw":"Active","p":"city"},"geometry":{"type":"Point","coordinates":[-94.57814,39.1001]}},{"type":"Feature","properties":{"id":"f3652baa7f","n":"Google Project Mica Campus","o":"Google","city":"Kansas City","st":"MO","mkt":"Kansas City MO","s":"Active","raw":"Active","p":"city"},"geometry":{"type":"Point","coordinates":[-94.57814,39.1001]}},{"type":"Feature","properties":{"id":"411d1dac7c","n":"Google Project Shale Campus","o":"Google","city":"Kansas City","st":"MO","mkt":"Kansas City MO","s":"Active","raw":"Active","p":"city"},"geometry":{"type":"Point","coordinates":[-94.57814,39.1001]}},{"type":"Feature","properties":{"id":"0ca02ac0d5","n":"IP Pathways Kansas City","o":"IP Pathways","city":"Kansas City","st":"MO","mkt":"Kansas City MO","s":"Active","raw":"Active","p":"census"},"geometry":{"type":"Point","coordinates":[-94.57934,39.10103]}},{"type":"Feature","properties":{"id":"e1e101396c","n":"Iron Mountain Data Centers KCM-1","o":"Iron Mountain Data Centers","city":"Kansas City","st":"MO","mkt":"Kansas City MO","s":"Active","raw":"Active","p":"census"},"geometry":{"type":"Point","coordinates":[-94.50457,39.01083]}},{"type":"Feature","properties":{"id":"fcfb373841","n":"Lambda Kansas City","o":"Lambda","city":"Kansas City","st":"MO","mkt":"Kansas City MO","s":"Active","raw":"Active","p":"census"},"geometry":{"type":"Point","coordinates":[-94.676,39.29606]}},{"type":"Feature","properties":{"id":"71f3bc48b1","n":"LightEdge - Kansas City","o":"LightEdge","city":"Kansas City","st":"MO","mkt":"Kansas City MO","s":"Active","raw":"Active","p":"census"},"geometry":{"type":"Point","coordinates":[-94.47297,39.15847]}},{"type":"Feature","properties":{"id":"e93ea62e2d","n":"Lumen Kansas City 1","o":"Lumen","city":"Kansas City","st":"MO","mkt":"Kansas City MO","s":"Active","raw":"Active","p":"census"},"geometry":{"type":"Point","coordinates":[-94.58209,39.101]}},{"type":"Feature","properties":{"id":"dd8d7e3ba1","n":"Lumen Kansas City 2","o":"Lumen","city":"Kansas City","st":"MO","mkt":"Kansas City MO","s":"Active","raw":"Active","p":"census"},"geometry":{"type":"Point","coordinates":[-94.5831,39.10067]}},{"type":"Feature","properties":{"id":"1667482727","n":"Lumen Kansas City 3","o":"Lumen","city":"Kansas City","st":"MO","mkt":"Kansas City MO","s":"Active","raw":"Active","p":"census"},"geometry":{"type":"Point","coordinates":[-94.5688,39.09004]}},{"type":"Feature","properties":{"id":"98ff5cccec","n":"Meta Kansas City Campus","o":"Meta","city":"Kansas City","st":"MO","mkt":"Kansas City MO","s":"Active","raw":"Active","p":"city"},"geometry":{"type":"Point","coordinates":[-94.57814,39.1001]}},{"type":"Feature","properties":{"id":"101823ad92","n":"Metrobloks Liberty","o":"Metrobloks","city":"Liberty","st":"MO","mkt":"Kansas City MO","s":"Active","raw":"Active","p":"census"},"geometry":{"type":"Point","coordinates":[-94.45674,39.20885]}},{"type":"Feature","properties":{"id":"473b156743","n":"NOCIX 1530 Swift","o":"NOCIX","city":"Kansas City","st":"MO","mkt":"Kansas City MO","s":"Active","raw":"Active","p":"census"},"geometry":{"type":"Point","coordinates":[-94.57742,39.13658]}},{"type":"Feature","properties":{"id":"407cb52915","n":"NOCIX Clay","o":"NOCIX","city":"Kansas City","st":"MO","mkt":"Kansas City MO","s":"Active","raw":"Active","p":"census"},"geometry":{"type":"Point","coordinates":[-94.57883,39.13777]}},{"type":"Feature","properties":{"id":"c31a9bb53c","n":"Nebius Independence Campus","o":"Nebius","city":"Independence","st":"MO","mkt":"Kansas City MO","s":"Active","raw":"Active","p":"city"},"geometry":{"type":"Point","coordinates":[-94.41379,39.09248]}},{"type":"Feature","properties":{"id":"80c4718a0d","n":"Nebius Kansas City","o":"Nebius","city":"Kansas City","st":"MO","mkt":"Kansas City MO","s":"Active","raw":"Active","p":"census"},"geometry":{"type":"Point","coordinates":[-94.57987,39.09501]}},{"type":"Feature","properties":{"id":"e0cc059339","n":"Netrality - 1102 Grand","o":"Netrality","city":"Kansas City","st":"MO","mkt":"Kansas City MO","s":"Active","raw":"Active","p":"census"},"geometry":{"type":"Point","coordinates":[-94.58094,39.10095]}},{"type":"Feature","properties":{"id":"47cb2c6071","n":"Oak Tower","o":"(operator not disclosed)","city":"Kansas City","st":"MO","mkt":"Kansas City MO","s":"Active","raw":"Active","p":"census"},"geometry":{"type":"Point","coordinates":[-94.57934,39.10103]}},{"type":"Feature","properties":{"id":"20f1cc8e87","n":"Patmos AI Data Center","o":"Patmos Hosting, Inc.","city":"Kansas City","st":"MO","mkt":"Kansas City MO","s":"Active","raw":"Active","p":"census"},"geometry":{"type":"Point","coordinates":[-94.57987,39.09501]}},{"type":"Feature","properties":{"id":"3e6db7134b","n":"Patmos Independence","o":"Patmos Hosting, Inc.","city":"Independence","st":"MO","mkt":"Kansas City MO","s":"Active","raw":"Active","p":"osm"},"geometry":{"type":"Point","coordinates":[-94.32551,39.07303]}},{"type":"Feature","properties":{"id":"b7d93299ca","n":"Patmos Kansas City","o":"Patmos Hosting, Inc.","city":"Kansas City","st":"MO","mkt":"Kansas City MO","s":"Active","raw":"Active","p":"census"},"geometry":{"type":"Point","coordinates":[-94.56748,39.09771]}},{"type":"Feature","properties":{"id":"1642a87b54","n":"Rackspace Kansas City","o":"Rackspace Hosting","city":"Kansas City","st":"MO","mkt":"Kansas City MO","s":"Active","raw":"Active","p":"census"},"geometry":{"type":"Point","coordinates":[-94.67484,39.28983]}},{"type":"Feature","properties":{"id":"ee5f9f28c9","n":"Saragon Kansas City","o":"Saragon","city":"Kansas City","st":"MO","mkt":"Kansas City MO","s":"Active","raw":"Active","p":"census"},"geometry":{"type":"Point","coordinates":[-94.57675,39.11283]}},{"type":"Feature","properties":{"id":"cccab6ed19","n":"SubTropolis Technology Center","o":"Hunt Midwest","city":"Kansas City","st":"MO","mkt":"Kansas City MO","s":"Active","raw":"Active","p":"city"},"geometry":{"type":"Point","coordinates":[-94.57814,39.1001]}},{"type":"Feature","properties":{"id":"91e01a2d15","n":"TierPoint Kansas City","o":"TierPoint","city":"Kansas City","st":"MO","mkt":"Kansas City MO","s":"Active","raw":"Active","p":"census"},"geometry":{"type":"Point","coordinates":[-94.68647,39.29175]}},{"type":"Feature","properties":{"id":"d08b28c7b0","n":"Uniti Kansas City","o":"Uniti Wholesale","city":"Kansas City","st":"MO","mkt":"Kansas City MO","s":"Active","raw":"Active","p":"census"},"geometry":{"type":"Point","coordinates":[-94.56982,39.0994]}},{"type":"Feature","properties":{"id":"cbb3206425","n":"Brightspeed Rolla","o":"Brightspeed","city":"Rolla","st":"MO","mkt":"Rolla","s":"Inactive","raw":"Active (for sale)","p":"census"},"geometry":{"type":"Point","coordinates":[-91.77045,37.95158]}},{"type":"Feature","properties":{"id":"68a7dd0258","n":"Bluebird Underground","o":"Bluebird Network","city":"Springfield","st":"MO","mkt":"Springfield MO","s":"Active","raw":"Active","p":"census"},"geometry":{"type":"Point","coordinates":[-93.21567,37.23038]}},{"type":"Feature","properties":{"id":"554725f0fa","n":"Amazon AWS - Project Green Campus","o":"Amazon Web Services","city":"New Florence","st":"MO","mkt":"St. Louis","s":"Active","raw":"Active","p":"city"},"geometry":{"type":"Point","coordinates":[-91.44822,38.91032]}},{"type":"Feature","properties":{"id":"9b9df1cd58","n":"Cogent Data Center - St. Louis","o":"Cogent Communications","city":"St. Louis","st":"MO","mkt":"St. Louis","s":"Active","raw":"Active","p":"census"},"geometry":{"type":"Point","coordinates":[-90.21196,38.62089]}},{"type":"Feature","properties":{"id":"d61be048e2","n":"Contegix St Louis","o":"Contegix","city":"St. Louis","st":"MO","mkt":"St. Louis","s":"Active","raw":"Active","p":"census"},"geometry":{"type":"Point","coordinates":[-90.19749,38.62904]}},{"type":"Feature","properties":{"id":"fcdf95d327","n":"Crusoe Warrenton Campus","o":"Crusoe","city":"Warrenton","st":"MO","mkt":"St. Louis","s":"Active","raw":"Active","p":"city"},"geometry":{"type":"Point","coordinates":[-91.15027,38.81075]}},{"type":"Feature","properties":{"id":"38ae9b1be5","n":"Cybercon Data Center","o":"Cybercon.com","city":"St. Louis","st":"MO","mkt":"St. Louis","s":"Active","raw":"Active","p":"census"},"geometry":{"type":"Point","coordinates":[-90.19749,38.62904]}},{"type":"Feature","properties":{"id":"de36828045","n":"Datotel Data Center","o":"Datotel, LLC","city":"St. Louis","st":"MO","mkt":"St. Louis","s":"Active","raw":"Active","p":"census"},"geometry":{"type":"Point","coordinates":[-90.19635,38.63253]}},{"type":"Feature","properties":{"id":"2030b28257","n":"Festus Data Center","o":"CRG","city":"Festus","st":"MO","mkt":"St. Louis","s":"Active","raw":"Active","p":"city"},"geometry":{"type":"Point","coordinates":[-90.39595,38.22071]}},{"type":"Feature","properties":{"id":"3805894a93","n":"Gateway Digital Campus","o":"Provident Data Centers","city":"Villa Ridge","st":"MO","mkt":"St. Louis","s":"Active","raw":"Active","p":"city"},"geometry":{"type":"Point","coordinates":[-90.8868,38.47255]}},{"type":"Feature","properties":{"id":"a12d337d16","n":"Google Project Spade Campus","o":"Google","city":"New Florence","st":"MO","mkt":"St. Louis","s":"Active","raw":"Active","p":"city"},"geometry":{"type":"Point","coordinates":[-91.44822,38.91032]}},{"type":"Feature","properties":{"id":"1b2ac67568","n":"H5 Data Centers St. Louis","o":"H5 Data Centers","city":"St. Louis","st":"MO","mkt":"St. Louis","s":"Active","raw":"Active","p":"census"},"geometry":{"type":"Point","coordinates":[-90.19635,38.63253]}},{"type":"Feature","properties":{"id":"3385c32889","n":"Harry S Truman Blvd & Highway 370","o":"(operator not disclosed)","city":"Saint Charles","st":"MO","mkt":"St. Louis","s":"Active","raw":"Active","p":"city"},"geometry":{"type":"Point","coordinates":[-90.48168,38.78386]}},{"type":"Feature","properties":{"id":"70f53994fb","n":"Hostirian St. Louis","o":"Hostirian","city":"St. Louis","st":"MO","mkt":"St. Louis","s":"Active","raw":"Active","p":"census"},"geometry":{"type":"Point","coordinates":[-90.43326,38.69439]}},{"type":"Feature","properties":{"id":"b7f35ff85f","n":"LightEdge - Saint Louis","o":"LightEdge","city":"St. Louis","st":"MO","mkt":"St. Louis","s":"Active","raw":"Active","p":"osm"},"geometry":{"type":"Point","coordinates":[-90.19722,38.62912]}},{"type":"Feature","properties":{"id":"d7731505f1","n":"Lumen St. Louis 1","o":"Lumen","city":"St. Louis","st":"MO","mkt":"St. Louis","s":"Active","raw":"Active","p":"census"},"geometry":{"type":"Point","coordinates":[-90.19442,38.63]}},{"type":"Feature","properties":{"id":"5e3a418189","n":"Lumen St. Louis 2","o":"Lumen","city":"St. Louis","st":"MO","mkt":"St. Louis","s":"Active","raw":"Active","p":"osm"},"geometry":{"type":"Point","coordinates":[-90.19522,38.62548]}},{"type":"Feature","properties":{"id":"c7935b6ba6","n":"Netrality - 210 N Tucker St","o":"Netrality","city":"St. Louis","st":"MO","mkt":"St. Louis","s":"Active","raw":"Active","p":"census"},"geometry":{"type":"Point","coordinates":[-90.19749,38.62904]}},{"type":"Feature","properties":{"id":"8deb05f357","n":"Netrality - 900 Walnut St","o":"Netrality","city":"St. Louis","st":"MO","mkt":"St. Louis","s":"Active","raw":"Active","p":"osm"},"geometry":{"type":"Point","coordinates":[-90.19522,38.62548]}},{"type":"Feature","properties":{"id":"6c07f0e620","n":"The Globe Building","o":"(operator not disclosed)","city":"St. Louis","st":"MO","mkt":"St. Louis","s":"Active","raw":"Active","p":"census"},"geometry":{"type":"Point","coordinates":[-90.19635,38.63253]}},{"type":"Feature","properties":{"id":"dca8ad84c6","n":"TierPoint St Louis-Locust","o":"TierPoint","city":"St. Louis","st":"MO","mkt":"St. Louis","s":"Active","raw":"Active","p":"census"},"geometry":{"type":"Point","coordinates":[-90.21221,38.63374]}},{"type":"Feature","properties":{"id":"95c2ac15f2","n":"TierPoint St. Louis-Millpark","o":"TierPoint","city":"Maryland Heights","st":"MO","mkt":"St. Louis","s":"Active","raw":"Active","p":"census"},"geometry":{"type":"Point","coordinates":[-90.40999,38.69891]}},{"type":"Feature","properties":{"id":"a231d5256d","n":"TierPoint St. Louis-Olive","o":"TierPoint","city":"St. Louis","st":"MO","mkt":"St. Louis","s":"Active","raw":"Active","p":"census"},"geometry":{"type":"Point","coordinates":[-90.19581,38.62944]}},{"type":"Feature","properties":{"id":"1af9383852","n":"TierPoint St. Louis-Walnut","o":"TierPoint","city":"St. Louis","st":"MO","mkt":"St. Louis","s":"Active","raw":"Active","p":"osm"},"geometry":{"type":"Point","coordinates":[-90.19522,38.62548]}},{"type":"Feature","properties":{"id":"28e409d874","n":"Verizon St. Louis #2","o":"Verizon","city":"Maryland Heights","st":"MO","mkt":"St. Louis","s":"Active","raw":"Active","p":"census"},"geometry":{"type":"Point","coordinates":[-90.42172,38.69405]}},{"type":"Feature","properties":{"id":"37c57a083f","n":"Big Sky Campus","o":"Quantica Infrastructure","city":"Billings","st":"MT","mkt":"Billings","s":"Expanding","raw":"Active/Expanding","p":"city","np":1},"geometry":{"type":"Point","coordinates":[-108.49607,45.7875]}},{"type":"Feature","properties":{"id":"3b14ba9a6b","n":"Cogent Data Center - Billings","o":"Cogent Communications","city":"Billings","st":"MT","mkt":"Billings","s":"Active","raw":"Active","p":"census"},"geometry":{"type":"Point","coordinates":[-108.59246,45.74073]}},{"type":"Feature","properties":{"id":"7998255348","n":"Parsec Data Center","o":"Parsec Data Management","city":"Billings","st":"MT","mkt":"Billings","s":"Active","raw":"Active","p":"census"},"geometry":{"type":"Point","coordinates":[-108.60425,45.74402]}},{"type":"Feature","properties":{"id":"19b37e953e","n":"Vision Net Billings","o":"Vision Net","city":"Billings","st":"MT","mkt":"Billings","s":"Active","raw":"Active","p":"census"},"geometry":{"type":"Point","coordinates":[-108.54217,45.76974]}},{"type":"Feature","properties":{"id":"7beb469d1a","n":"Vision Net Billings Fiber Hotel","o":"Vision Net","city":"Billings","st":"MT","mkt":"Billings","s":"Active","raw":"Active","p":"census"},"geometry":{"type":"Point","coordinates":[-108.51179,45.78078]}},{"type":"Feature","properties":{"id":"c90ae02490","n":"Montana Opticom Bozeman","o":"Montana Opticom","city":"Bozeman","st":"MT","mkt":"Bozeman","s":"Active","raw":"Active","p":"census"},"geometry":{"type":"Point","coordinates":[-111.19046,45.67407]}},{"type":"Feature","properties":{"id":"b90aae7749","n":"Atlas Power Butte","o":"Atlas Power","city":"Butte","st":"MT","mkt":"Butte","s":"Active","raw":"Active","p":"census"},"geometry":{"type":"Point","coordinates":[-112.51821,45.93093]}},{"type":"Feature","properties":{"id":"e0e7ee521d","n":"SDC Butte","o":"Sabey Data Center Properties","city":"Butte","st":"MT","mkt":"Butte","s":"Planned","raw":"Planned","p":"city","np":1},"geometry":{"type":"Point","coordinates":[-112.53651,46.01315]}},{"type":"Feature","properties":{"id":"d16c34cb79","n":"TAC Great Falls Campus","o":"TAC Data Centers (The Ardent Companies)","city":"Great Falls","st":"MT","mkt":"Great Falls","s":"Expanding","raw":"Active/Expanding","p":"city"},"geometry":{"type":"Point","coordinates":[-111.29189,47.50489]}},{"type":"Feature","properties":{"id":"87f257a4a8","n":"Vision Net Helena","o":"Vision Net","city":"Helena","st":"MT","mkt":"Helena","s":"Active","raw":"Active","p":"census"},"geometry":{"type":"Point","coordinates":[-112.02285,46.59737]}},{"type":"Feature","properties":{"id":"aac0e46668","n":"Vision Net Missoula","o":"Vision Net","city":"Missoula","st":"MT","mkt":"Missoula","s":"Active","raw":"Active","p":"census"},"geometry":{"type":"Point","coordinates":[-113.99379,46.87211]}},{"type":"Feature","properties":{"id":"764272de1c","n":"Hamilton Data Center","o":"Hamilton Telecommunications","city":"Aurora","st":"NE","mkt":"Grand Island","s":"Active","raw":"Active","p":"census"},"geometry":{"type":"Point","coordinates":[-98.00286,40.86653]}},{"type":"Feature","properties":{"id":"2c157a62fe","n":"MARA Kearney","o":"MARA Holdings Inc.","city":"Kearney","st":"NE","mkt":"Grand Island","s":"Active","raw":"Active","p":"city"},"geometry":{"type":"Point","coordinates":[-99.08186,40.69948]}},{"type":"Feature","properties":{"id":"3f06c2a172","n":"Sequitor Edge Kearney","o":"Sequitor Edge","city":"Kearney","st":"NE","mkt":"Grand Island","s":"Active","raw":"Active","p":"city"},"geometry":{"type":"Point","coordinates":[-99.08186,40.69948]}},{"type":"Feature","properties":{"id":"b3428bad21","n":"AAIM Nebraska 1","o":"AAIM Data Centers","city":"Aurora","st":"NE","mkt":"Lincoln","s":"Active","raw":"Active","p":"city"},"geometry":{"type":"Point","coordinates":[-98.00451,40.86689]}},{"type":"Feature","properties":{"id":"581097ff87","n":"AAIM Nebraska 2","o":"AAIM Data Centers","city":"Hayland","st":"NE","mkt":"Lincoln","s":"Active","raw":"Active","p":"city"},"geometry":{"type":"Point","coordinates":[-98.58729,40.66474]}},{"type":"Feature","properties":{"id":"fe8a22f0f2","n":"Binary.net The Vault","o":"Binary Net","city":"Lincoln","st":"NE","mkt":"Lincoln","s":"Active","raw":"Active","p":"census"},"geometry":{"type":"Point","coordinates":[-96.70253,40.81319]}},{"type":"Feature","properties":{"id":"e674268d26","n":"Lincoln Data Center","o":"Lincoln Data Centers","city":"Lincoln","st":"NE","mkt":"Lincoln","s":"Active","raw":"Active","p":"census"},"geometry":{"type":"Point","coordinates":[-96.70253,40.81238]}},{"type":"Feature","properties":{"id":"5fae040b93","n":"Olive Creek Data Center","o":"Monolith Inc.","city":"Hallam","st":"NE","mkt":"Lincoln","s":"Active","raw":"Active","p":"city"},"geometry":{"type":"Point","coordinates":[-96.78725,40.53778]}},{"type":"Feature","properties":{"id":"00ef7221f0","n":"Uniti Lincoln","o":"Uniti Wholesale","city":"Lincoln","st":"NE","mkt":"Lincoln","s":"Active","raw":"Active","p":"census"},"geometry":{"type":"Point","coordinates":[-96.70055,40.81145]}},{"type":"Feature","properties":{"id":"ba9d88c6e7","n":"1623 Farnam","o":"(operator not disclosed)","city":"Omaha","st":"NE","mkt":"Omaha","s":"Active","raw":"Active","p":"census"},"geometry":{"type":"Point","coordinates":[-95.93753,41.25755]}},{"type":"Feature","properties":{"id":"e966724efe","n":"Cogent Data Center - Omaha","o":"Cogent Communications","city":"Omaha","st":"NE","mkt":"Omaha","s":"Active","raw":"Active","p":"census"},"geometry":{"type":"Point","coordinates":[-95.92539,41.25212]}},{"type":"Feature","properties":{"id":"012e4193e3","n":"FNTS Data Center","o":"First National Technology Solutions","city":"Omaha","st":"NE","mkt":"Omaha","s":"Active","raw":"Active","p":"census"},"geometry":{"type":"Point","coordinates":[-95.93708,41.26073]}},{"type":"Feature","properties":{"id":"3f33006637","n":"Google Omaha Campus","o":"Google","city":"Omaha","st":"NE","mkt":"Omaha","s":"Expanding","raw":"Active/Expanding","p":"census"},"geometry":{"type":"Point","coordinates":[-96.08847,41.33573]}},{"type":"Feature","properties":{"id":"ba14d9c512","n":"H5 Data Centers Omaha","o":"H5 Data Centers","city":"La Vista","st":"NE","mkt":"Omaha","s":"Active","raw":"Active","p":"census"},"geometry":{"type":"Point","coordinates":[-96.08271,41.1806]}},{"type":"Feature","properties":{"id":"d801b30bb1","n":"IP Pathways Omaha","o":"IP Pathways","city":"Omaha","st":"NE","mkt":"Omaha","s":"Active","raw":"Active","p":"census"},"geometry":{"type":"Point","coordinates":[-96.09406,41.19772]}},{"type":"Feature","properties":{"id":"a1e417e5fd","n":"LightEdge - Omaha","o":"LightEdge","city":"Papillion","st":"NE","mkt":"Omaha","s":"Active","raw":"Active","p":"census"},"geometry":{"type":"Point","coordinates":[-96.02601,41.15951]}},{"type":"Feature","properties":{"id":"320f57ae25","n":"LoCoColo","o":"Power Protection Products Inc.","city":"Omaha","st":"NE","mkt":"Omaha","s":"Active","raw":"Active","p":"census"},"geometry":{"type":"Point","coordinates":[-96.02863,41.24866]}},{"type":"Feature","properties":{"id":"b2752bdd5d","n":"Lumen Bellevue","o":"Lumen","city":"Bellevue","st":"NE","mkt":"Omaha","s":"Active","raw":"Active","p":"census"},"geometry":{"type":"Point","coordinates":[-95.936,41.18377]}},{"type":"Feature","properties":{"id":"9886286f64","n":"Lumen Omaha 1","o":"Lumen","city":"Omaha","st":"NE","mkt":"Omaha","s":"Active","raw":"Active","p":"census"},"geometry":{"type":"Point","coordinates":[-96.01683,41.24369]}},{"type":"Feature","properties":{"id":"fba32709fa","n":"Scott Technology Center","o":"Scott Data Center","city":"Omaha","st":"NE","mkt":"Omaha","s":"Active","raw":"Active","p":"census"},"geometry":{"type":"Point","coordinates":[-96.01683,41.24369]}},{"type":"Feature","properties":{"id":"e4294913f8","n":"TierPoint Omaha-Bellevue","o":"TierPoint","city":"Bellevue","st":"NE","mkt":"Omaha","s":"Active","raw":"Active","p":"census"},"geometry":{"type":"Point","coordinates":[-95.92641,41.17683]}},{"type":"Feature","properties":{"id":"10e1adb829","n":"TierPoint Omaha-Midlands","o":"TierPoint","city":"Papillion","st":"NE","mkt":"Omaha","s":"Active","raw":"Active","p":"census"},"geometry":{"type":"Point","coordinates":[-96.04286,41.13754]}},{"type":"Feature","properties":{"id":"40f582cf35","n":"Uniti Omaha","o":"Uniti Wholesale","city":"Omaha","st":"NE","mkt":"Omaha","s":"Active","raw":"Active","p":"census"},"geometry":{"type":"Point","coordinates":[-95.9387,41.25528]}},{"type":"Feature","properties":{"id":"7af941a3e1","n":"Connect Data Centers Papillion","o":"Connect Data Centers by Oppidan","city":"Papillion","st":"NE","mkt":"Papillion","s":"Active","raw":"Active","p":"city"},"geometry":{"type":"Point","coordinates":[-96.04224,41.15444]}},{"type":"Feature","properties":{"id":"22b5964466","n":"Google Papillion Campus","o":"Google","city":"Papillion","st":"NE","mkt":"Papillion","s":"Expanding","raw":"Active/Expanding","p":"city"},"geometry":{"type":"Point","coordinates":[-96.04224,41.15444]}},{"type":"Feature","properties":{"id":"b9d2b6260b","n":"Meta Sarpy Campus","o":"Meta","city":"Papillion","st":"NE","mkt":"Papillion","s":"Expanding","raw":"Active/Expanding","p":"city"},"geometry":{"type":"Point","coordinates":[-96.04224,41.15444]}},{"type":"Feature","properties":{"id":"e69457645e","n":"BluSky Wells Data Center","o":"BluSky","city":"Wells","st":"NV","mkt":"Elko","s":"Active","raw":"Active","p":"city"},"geometry":{"type":"Point","coordinates":[-114.96314,41.11073]}},{"type":"Feature","properties":{"id":"1cde61b8d5","n":"ColoVegas","o":"NocRoom Miami Colocation VPS","city":"Henderson","st":"NV","mkt":"Las Vegas","s":"Active","raw":"Active","p":"census"},"geometry":{"type":"Point","coordinates":[-115.08886,36.02761]}},{"type":"Feature","properties":{"id":"1aa8b6be64","n":"ColoXchange Las Vegas","o":"ColoXchange","city":"Las Vegas","st":"NV","mkt":"Las Vegas","s":"Active","raw":"Active","p":"census"},"geometry":{"type":"Point","coordinates":[-115.10256,36.2317]}},{"type":"Feature","properties":{"id":"a6edc96a43","n":"Csquare - Las Vegas LAS12","o":"Csquare","city":"Las Vegas","st":"NV","mkt":"Las Vegas","s":"Active","raw":"Active","p":"census"},"geometry":{"type":"Point","coordinates":[-115.21643,36.05547]}},{"type":"Feature","properties":{"id":"96b2bc0a9c","n":"DataBank LAS1","o":"DataBank","city":"Las Vegas","st":"NV","mkt":"Las Vegas","s":"Active","raw":"Active","p":"census"},"geometry":{"type":"Point","coordinates":[-115.14557,36.05905]}},{"type":"Feature","properties":{"id":"53b671607e","n":"EdgeConneX Las Vegas - EDCLAS01","o":"EdgeConneX","city":"Las Vegas","st":"NV","mkt":"Las Vegas","s":"Active","raw":"Active","p":"census"},"geometry":{"type":"Point","coordinates":[-115.13074,36.06629]}},{"type":"Feature","properties":{"id":"7fc0f4914b","n":"Fiberhub LAS1","o":"Fiberhub","city":"Las Vegas","st":"NV","mkt":"Las Vegas","s":"Active","raw":"Active","p":"census"},"geometry":{"type":"Point","coordinates":[-115.13941,36.06556]}},{"type":"Feature","properties":{"id":"058f1c0895","n":"Flexential Las Vegas - Downtown Data Center","o":"Flexential","city":"Las Vegas","st":"NV","mkt":"Las Vegas","s":"Active","raw":"Active","p":"census"},"geometry":{"type":"Point","coordinates":[-115.14362,36.16896]}},{"type":"Feature","properties":{"id":"a1c289d202","n":"Flexential Las Vegas - North Data Center","o":"Flexential","city":"North Las Vegas","st":"NV","mkt":"Las Vegas","s":"Active","raw":"Active","p":"census"},"geometry":{"type":"Point","coordinates":[-115.10139,36.24704]}},{"type":"Feature","properties":{"id":"bacafad0a4","n":"Google Henderson Campus","o":"Google","city":"Henderson","st":"NV","mkt":"Las Vegas","s":"Active","raw":"Active","p":"census"},"geometry":{"type":"Point","coordinates":[-115.00987,36.05541]}},{"type":"Feature","properties":{"id":"8298df9db5","n":"Jet.AI Moapa","o":"Jet.AI","city":"Moapa","st":"NV","mkt":"Las Vegas","s":"Active","raw":"Active","p":"city"},"geometry":{"type":"Point","coordinates":[-114.58498,36.66736]}},{"type":"Feature","properties":{"id":"33ab41849c","n":"Lumen Las Vegas 1","o":"Lumen","city":"Las Vegas","st":"NV","mkt":"Las Vegas","s":"Active","raw":"Active","p":"census"},"geometry":{"type":"Point","coordinates":[-115.11681,36.23725]}},{"type":"Feature","properties":{"id":"6dbd86d268","n":"Lumen Las Vegas 2","o":"Lumen","city":"Las Vegas","st":"NV","mkt":"Las Vegas","s":"Active","raw":"Active","p":"census"},"geometry":{"type":"Point","coordinates":[-115.07683,36.14427]}},{"type":"Feature","properties":{"id":"92c10348f7","n":"Lumen Las Vegas 3","o":"Lumen","city":"Las Vegas","st":"NV","mkt":"Las Vegas","s":"Active","raw":"Active","p":"census"},"geometry":{"type":"Point","coordinates":[-115.08825,36.0767]}},{"type":"Feature","properties":{"id":"2eafed1603","n":"NocRoom Las Vegas Colocation","o":"NocRoom Miami Colocation VPS","city":"Las Vegas","st":"NV","mkt":"Las Vegas","s":"Active","raw":"Active","p":"census"},"geometry":{"type":"Point","coordinates":[-115.20788,36.06153]}},{"type":"Feature","properties":{"id":"2670c9b3a0","n":"Novva Las Vegas","o":"Novva","city":"Las Vegas","st":"NV","mkt":"Las Vegas","s":"Active","raw":"Active","p":"city"},"geometry":{"type":"Point","coordinates":[-115.14841,36.16743]}},{"type":"Feature","properties":{"id":"f3454801ab","n":"Novva North Las Vegas","o":"Novva","city":"North Las Vegas","st":"NV","mkt":"Las Vegas","s":"Active","raw":"Active","p":"city"},"geometry":{"type":"Point","coordinates":[-115.12147,36.20052]}},{"type":"Feature","properties":{"id":"ac58a36604","n":"Switch Apex Industrial Park","o":"Switch","city":"Las Vegas","st":"NV","mkt":"Las Vegas","s":"Active","raw":"Active","p":"city"},"geometry":{"type":"Point","coordinates":[-115.14841,36.16743]}},{"type":"Feature","properties":{"id":"a6ce3d3341","n":"Switch Armory Campus","o":"Switch","city":"Enterprise","st":"NV","mkt":"Las Vegas","s":"Active","raw":"Active","p":"census"},"geometry":{"type":"Point","coordinates":[-115.20777,36.01924]}},{"type":"Feature","properties":{"id":"43789dc98f","n":"Switch Las Vegas AI Factory","o":"Switch","city":"Enterprise","st":"NV","mkt":"Las Vegas","s":"Active","raw":"Active","p":"city"},"geometry":{"type":"Point","coordinates":[-115.19016,36.04057]}},{"type":"Feature","properties":{"id":"e4d6f69d03","n":"Switch The Core Campus","o":"Switch","city":"Las Vegas","st":"NV","mkt":"Las Vegas","s":"Active","raw":"Active","p":"city"},"geometry":{"type":"Point","coordinates":[-115.14841,36.16743]}},{"type":"Feature","properties":{"id":"b139c8b022","n":"TPx Las Vegas Data Center","o":"TPx Communications","city":"Las Vegas","st":"NV","mkt":"Las Vegas","s":"Active","raw":"Active","p":"census"},"geometry":{"type":"Point","coordinates":[-115.13945,36.06845]}},{"type":"Feature","properties":{"id":"29f70259f7","n":"Townsite Solar 2 LLC","o":"Skylar Capital Management","city":"Boulder City","st":"NV","mkt":"Las Vegas","s":"Active","raw":"Active","p":"city"},"geometry":{"type":"Point","coordinates":[-114.83376,35.97876]}},{"type":"Feature","properties":{"id":"c94467c432","n":"UnitedLayer Las Vegas","o":"UnitedLayer, Inc.","city":"Las Vegas","st":"NV","mkt":"Las Vegas","s":"Active","raw":"Active","p":"census"},"geometry":{"type":"Point","coordinates":[-115.20788,36.06153]}},{"type":"Feature","properties":{"id":"4565112c40","n":"isp.net Data Center","o":"isp.net","city":"Las Vegas","st":"NV","mkt":"Las Vegas","s":"Active","raw":"Active","p":"census"},"geometry":{"type":"Point","coordinates":[-115.11905,36.16003]}},{"type":"Feature","properties":{"id":"84f7c7dbc1","n":"Apple Sparks Campus","o":"Apple","city":"Sparks","st":"NV","mkt":"Reno","s":"Active","raw":"Active","p":"city"},"geometry":{"type":"Point","coordinates":[-119.75525,39.53477]}},{"type":"Feature","properties":{"id":"90da9862e3","n":"CC Communications Data Center","o":"CC Communications","city":"Fallon","st":"NV","mkt":"Reno","s":"Active","raw":"Active","p":"census"},"geometry":{"type":"Point","coordinates":[-118.77766,39.47497]}},{"type":"Feature","properties":{"id":"1205af0545","n":"CENTRA Reno (RNO1)","o":"CENTRA","city":"Reno","st":"NV","mkt":"Reno","s":"Active","raw":"Active","p":"census"},"geometry":{"type":"Point","coordinates":[-119.81175,39.52325]}},{"type":"Feature","properties":{"id":"86d06e33a9","n":"CENTRA Reno (RNO2)","o":"CENTRA","city":"Reno","st":"NV","mkt":"Reno","s":"Active","raw":"Active","p":"census"},"geometry":{"type":"Point","coordinates":[-119.82612,39.52554]}},{"type":"Feature","properties":{"id":"eeb3d0c62d","n":"Colovore RN01","o":"Colovore","city":"Sparks","st":"NV","mkt":"Reno","s":"Active","raw":"Active","p":"city"},"geometry":{"type":"Point","coordinates":[-119.75525,39.53477]}},{"type":"Feature","properties":{"id":"622f6f07ae","n":"Connect Reno","o":"Connect Data Centers by Oppidan","city":"Reno","st":"NV","mkt":"Reno","s":"Active","raw":"Active","p":"city"},"geometry":{"type":"Point","coordinates":[-119.81266,39.52618]}},{"type":"Feature","properties":{"id":"a6b2e275d7","n":"EdgeCore Reno Campus","o":"EdgeCore","city":"McCarran","st":"NV","mkt":"Reno","s":"Active","raw":"Active","p":"market"},"geometry":{"type":"Point","coordinates":[-119.81266,39.52618]}},{"type":"Feature","properties":{"id":"98614c06d4","n":"Fleet Storey County Campus","o":"Fleet Data Centers","city":"Sparks","st":"NV","mkt":"Reno","s":"Active","raw":"Active","p":"city","np":1},"geometry":{"type":"Point","coordinates":[-119.75525,39.53477]}},{"type":"Feature","properties":{"id":"98cea6821f","n":"Google Storey County Data Center","o":"Google","city":"Sparks","st":"NV","mkt":"Reno","s":"Active","raw":"Active","p":"city"},"geometry":{"type":"Point","coordinates":[-119.75525,39.53477]}},{"type":"Feature","properties":{"id":"37e9e88552","n":"Lumen Reno 1","o":"Lumen","city":"Reno","st":"NV","mkt":"Reno","s":"Active","raw":"Active","p":"census"},"geometry":{"type":"Point","coordinates":[-119.82725,39.52449]}},{"type":"Feature","properties":{"id":"850224bfa9","n":"Microsoft Fernley","o":"Microsoft","city":"Fernley","st":"NV","mkt":"Reno","s":"Active","raw":"Active","p":"city"},"geometry":{"type":"Point","coordinates":[-119.25065,39.60788]}},{"type":"Feature","properties":{"id":"b01f9a5ac1","n":"Microsoft Silver Springs","o":"Microsoft","city":"Silver Springs","st":"NV","mkt":"Reno","s":"Active","raw":"Active","p":"census"},"geometry":{"type":"Point","coordinates":[-119.22706,39.41548]}},{"type":"Feature","properties":{"id":"ffc01b7e54","n":"Novva Tahoe Reno","o":"Novva","city":"McCarran","st":"NV","mkt":"Reno","s":"Active","raw":"Active","p":"market"},"geometry":{"type":"Point","coordinates":[-119.81266,39.52618]}},{"type":"Feature","properties":{"id":"582fc25175","n":"Peru Shelf Technology Park","o":"Tract","city":"Sparks","st":"NV","mkt":"Reno","s":"Active","raw":"Active","p":"city"},"geometry":{"type":"Point","coordinates":[-119.75525,39.53477]}},{"type":"Feature","properties":{"id":"b88a59b53f","n":"PowerHouse Reno Campus","o":"PowerHouse Data Centers","city":"Sparks","st":"NV","mkt":"Reno","s":"Active","raw":"Active","p":"city"},"geometry":{"type":"Point","coordinates":[-119.75525,39.53477]}},{"type":"Feature","properties":{"id":"fe72ff569e","n":"Roller Network Colocation Data Center","o":"Roller Network LLC","city":"Reno","st":"NV","mkt":"Reno","s":"Active","raw":"Active","p":"census"},"geometry":{"type":"Point","coordinates":[-119.77096,39.46916]}},{"type":"Feature","properties":{"id":"8dbfa37e21","n":"South Valley Technology Park","o":"Tract","city":"Sparks","st":"NV","mkt":"Reno","s":"Active","raw":"Active","p":"city"},"geometry":{"type":"Point","coordinates":[-119.75525,39.53477]}},{"type":"Feature","properties":{"id":"ead2479b19","n":"Switch Tahoe Reno / The Citadel Campus","o":"Switch","city":"McCarran","st":"NV","mkt":"Reno","s":"Active","raw":"Active","p":"market"},"geometry":{"type":"Point","coordinates":[-119.81266,39.52618]}},{"type":"Feature","properties":{"id":"b396849060","n":"Tract Silver Springs","o":"Tract","city":"Silver Springs","st":"NV","mkt":"Reno","s":"Active","raw":"Active","p":"city"},"geometry":{"type":"Point","coordinates":[-119.22399,39.41568]}},{"type":"Feature","properties":{"id":"a47991feed","n":"Vantage NV1 Campus","o":"Vantage Data Centers","city":"Sparks","st":"NV","mkt":"Reno","s":"Active","raw":"Active","p":"city"},"geometry":{"type":"Point","coordinates":[-119.75525,39.53477]}},{"type":"Feature","properties":{"id":"11b9d0fd5f","n":"Xogenous Data Center","o":"Xogenous","city":"Carson City","st":"NV","mkt":"Reno","s":"Active","raw":"Active","p":"census"},"geometry":{"type":"Point","coordinates":[-119.75492,39.14986]}},{"type":"Feature","properties":{"id":"565fe49b8d","n":"Monarch Data Center Campus","o":"Copia Power","city":"Yerington","st":"NV","mkt":"Yerington","s":"Expanding","raw":"Active/Expanding","p":"census"},"geometry":{"type":"Point","coordinates":[-119.16051,39.09891]}},{"type":"Feature","properties":{"id":"997333393e","n":"FirstLight Keene","o":"FirstLight Fiber","city":"Keene","st":"NH","mkt":"Keene","s":"Active","raw":"Active","p":"census"},"geometry":{"type":"Point","coordinates":[-72.26746,42.92488]}},{"type":"Feature","properties":{"id":"ff6738c203","n":"Fidium Laconia (fmr Consolidated)","o":"Fidium","city":"Laconia","st":"NH","mkt":"Laconia","s":"Active","raw":"Active","p":"census"},"geometry":{"type":"Point","coordinates":[-71.47282,43.53175]}},{"type":"Feature","properties":{"id":"2f3e3c39a7","n":"FirstLight Lebanon","o":"FirstLight Fiber","city":"Lebanon","st":"NH","mkt":"Lebanon NH","s":"Active","raw":"Active","p":"census"},"geometry":{"type":"Point","coordinates":[-72.25915,43.679]}},{"type":"Feature","properties":{"id":"1ef2f38c8f","n":"Littleton, NH data center (unnamed listing)","o":"(operator not confirmed)","city":"Littleton","st":"NH","mkt":"Littleton","s":"Active","raw":"Active","p":"city","np":1},"geometry":{"type":"Point","coordinates":[-71.77107,44.30639]}},{"type":"Feature","properties":{"id":"5ad4900d55","n":"Consolidated Manchester","o":"Consolidated Communications","city":"Manchester","st":"NH","mkt":"Manchester NH","s":"Active","raw":"Active","p":"census"},"geometry":{"type":"Point","coordinates":[-71.46312,42.98912]}},{"type":"Feature","properties":{"id":"d29fef44cf","n":"FirstLight Bedford","o":"FirstLight Fiber","city":"Bedford","st":"NH","mkt":"Manchester NH","s":"Active","raw":"Active","p":"census"},"geometry":{"type":"Point","coordinates":[-71.46098,42.9251]}},{"type":"Feature","properties":{"id":"7f9f95c503","n":"FirstLight Manchester NH","o":"FirstLight Fiber","city":"Manchester","st":"NH","mkt":"Manchester NH","s":"Active","raw":"Active","p":"census"},"geometry":{"type":"Point","coordinates":[-71.46866,42.97244]}},{"type":"Feature","properties":{"id":"88aff44471","n":"Peregrine Networks Data Center","o":"Peregrine Networks","city":"Manchester","st":"NH","mkt":"Manchester NH","s":"Active","raw":"Active","p":"census"},"geometry":{"type":"Point","coordinates":[-71.46189,42.99355]}},{"type":"Feature","properties":{"id":"2d7c070940","n":"FirstLight Portsmouth","o":"FirstLight Fiber","city":"Portsmouth","st":"NH","mkt":"Portsmouth NH","s":"Active","raw":"Active","p":"census"},"geometry":{"type":"Point","coordinates":[-70.80041,43.0715]}},{"type":"Feature","properties":{"id":"d6fa6837ed","n":"Dynamic Internet Salem NH","o":"Dynamic Internet","city":"Salem","st":"NH","mkt":"Salem","s":"Active","raw":"Active","p":"census"},"geometry":{"type":"Point","coordinates":[-71.24207,42.76499]}},{"type":"Feature","properties":{"id":"2d5afe4423","n":"Continent 8 Atlantic City DC3","o":"Continent 8 Technologies","city":"Atlantic City","st":"NJ","mkt":"Atlantic City","s":"Active","raw":"Active","p":"city"},"geometry":{"type":"Point","coordinates":[-74.42294,39.36429]}},{"type":"Feature","properties":{"id":"caa473b2d7","n":"Bridgewater, NJ data center (unnamed listing)","o":"(operator not confirmed)","city":"Bridgewater","st":"NJ","mkt":"Bridgewater","s":"Active","raw":"Active","p":"city","np":1},"geometry":{"type":"Point","coordinates":[-74.60495,40.59312]}},{"type":"Feature","properties":{"id":"0445b528ca","n":"Carteret, NJ data center (unnamed listing)","o":"(operator not confirmed)","city":"Carteret","st":"NJ","mkt":"Carteret","s":"Active","raw":"Active","p":"city","np":1},"geometry":{"type":"Point","coordinates":[-74.2282,40.57733]}},{"type":"Feature","properties":{"id":"272da05912","n":"Edison, NJ data center (unnamed listing)","o":"(operator not confirmed)","city":"Edison","st":"NJ","mkt":"Edison","s":"Active","raw":"Active","p":"city","np":1},"geometry":{"type":"Point","coordinates":[-74.39839,40.50054]}},{"type":"Feature","properties":{"id":"ed520036fd","n":"Hackensack HQ (Garden State Backup)","o":"Garden State Backup","city":"Hackensack","st":"NJ","mkt":"Hackensack","s":"Active","raw":"Active","p":"census"},"geometry":{"type":"Point","coordinates":[-74.04166,40.90815]}},{"type":"Feature","properties":{"id":"cc7fa86267","n":"100 Delawanna Ave (EWR20)","o":"Digital Realty","city":"Clifton","st":"NJ","mkt":"Hudson County","s":"Active","raw":"Active","p":"census"},"geometry":{"type":"Point","coordinates":[-74.12667,40.82953]}},{"type":"Feature","properties":{"id":"205c3c7dcf","n":"11:11 Systems Carlstadt","o":"11:11 Systems","city":"Carlstadt","st":"NJ","mkt":"Hudson County","s":"Active","raw":"Active","p":"census"},"geometry":{"type":"Point","coordinates":[-74.04506,40.82843]}},{"type":"Feature","properties":{"id":"75b9547f70","n":"2 Peekay Drive (EWR21)","o":"Digital Realty","city":"Clifton","st":"NJ","mkt":"Hudson County","s":"Active","raw":"Active","p":"census"},"geometry":{"type":"Point","coordinates":[-74.12389,40.8325]}},{"type":"Feature","properties":{"id":"a7b6db585d","n":"365 Data Centers - Carlstadt","o":"365 Data Centers","city":"Carlstadt","st":"NJ","mkt":"Hudson County","s":"Active","raw":"Active","p":"census"},"geometry":{"type":"Point","coordinates":[-74.05115,40.82807]}},{"type":"Feature","properties":{"id":"385d9abe15","n":"365 Data Centers - Weehawken","o":"365 Data Centers","city":"Weehawken","st":"NJ","mkt":"Hudson County","s":"Active","raw":"Active","p":"osm"},"geometry":{"type":"Point","coordinates":[-74.02603,40.76152]}},{"type":"Feature","properties":{"id":"ac3a5ad0f8","n":"Colocation America NJDC1","o":"Colocation America","city":"Clifton","st":"NJ","mkt":"Hudson County","s":"Active","raw":"Active","p":"census"},"geometry":{"type":"Point","coordinates":[-74.12667,40.82953]}},{"type":"Feature","properties":{"id":"ede8843e26","n":"Csquare - New York EWR1","o":"Csquare","city":"Jersey City","st":"NJ","mkt":"Hudson County","s":"Active","raw":"Active","p":"census"},"geometry":{"type":"Point","coordinates":[-74.03391,40.71882]}},{"type":"Feature","properties":{"id":"add4660ca0","n":"Csquare - New York EWR2 Campus","o":"Csquare","city":"Weehawken","st":"NJ","mkt":"Hudson County","s":"Active","raw":"Active","p":"city"},"geometry":{"type":"Point","coordinates":[-74.02042,40.76955]}},{"type":"Feature","properties":{"id":"670942d829","n":"DataVerge NJ","o":"DataVerge","city":"Jersey City","st":"NJ","mkt":"Hudson County","s":"Active","raw":"Active","p":"osm"},"geometry":{"type":"Point","coordinates":[-74.03317,40.72631]}},{"type":"Feature","properties":{"id":"21569020e3","n":"Equinix NY7","o":"Equinix","city":"North Bergen","st":"NJ","mkt":"Hudson County","s":"Active","raw":"Active","p":"city"},"geometry":{"type":"Point","coordinates":[-74.01208,40.80427]}},{"type":"Feature","properties":{"id":"943538fb41","n":"Lumen Jersey City","o":"Lumen","city":"Jersey City","st":"NJ","mkt":"Hudson County","s":"Active","raw":"Active","p":"city"},"geometry":{"type":"Point","coordinates":[-74.04745,40.72157]}},{"type":"Feature","properties":{"id":"794d33a889","n":"Lumen Weehawken 1","o":"Lumen","city":"Weehawken","st":"NJ","mkt":"Hudson County","s":"Active","raw":"Active","p":"osm"},"geometry":{"type":"Point","coordinates":[-74.02603,40.76152]}},{"type":"Feature","properties":{"id":"c05c5fde3e","n":"Newport Financial Center","o":"LeFrak Organization Inc.","city":"Jersey City","st":"NJ","mkt":"Hudson County","s":"Active","raw":"Active","p":"osm"},"geometry":{"type":"Point","coordinates":[-74.03317,40.72631]}},{"type":"Feature","properties":{"id":"9e903b588b","n":"One Evertrust Plaza","o":"(operator not disclosed)","city":"Jersey City","st":"NJ","mkt":"Hudson County","s":"Active","raw":"Active","p":"city"},"geometry":{"type":"Point","coordinates":[-74.04745,40.72157]}},{"type":"Feature","properties":{"id":"66716a88cd","n":"QTS Jersey City 1 DC1","o":"QTS Data Centers","city":"Jersey City","st":"NJ","mkt":"Hudson County","s":"Active","raw":"Active","p":"census"},"geometry":{"type":"Point","coordinates":[-74.04282,40.7194]}},{"type":"Feature","properties":{"id":"0d131c8365","n":"Logan, NJ data center (unnamed listing)","o":"(operator not confirmed)","city":"Logan","st":"NJ","mkt":"Logan","s":"Active","raw":"Active","p":"city","np":1},"geometry":{"type":"Point","coordinates":[-75.34883,39.79478]}},{"type":"Feature","properties":{"id":"7197834544","n":"Cologix NNJ1","o":"Cologix","city":"Parsippany","st":"NJ","mkt":"Morris County","s":"Active","raw":"Active","p":"city"},"geometry":{"type":"Point","coordinates":[-74.42599,40.85788]}},{"type":"Feature","properties":{"id":"cb6609d14f","n":"Cologix NNJ2","o":"Cologix","city":"Cedar Knolls","st":"NJ","mkt":"Morris County","s":"Active","raw":"Active","p":"census"},"geometry":{"type":"Point","coordinates":[-74.44575,40.83163]}},{"type":"Feature","properties":{"id":"5661963f47","n":"Cologix NNJ3","o":"Cologix","city":"Parsippany","st":"NJ","mkt":"Morris County","s":"Active","raw":"Active","p":"census"},"geometry":{"type":"Point","coordinates":[-74.41822,40.85785]}},{"type":"Feature","properties":{"id":"564d2638bc","n":"Cologix NNJ4","o":"Cologix","city":"Cedar Knolls","st":"NJ","mkt":"Morris County","s":"Active","raw":"Active","p":"census"},"geometry":{"type":"Point","coordinates":[-74.44615,40.83184]}},{"type":"Feature","properties":{"id":"0e7c0672fa","n":"New Brunswick, NJ data center (unnamed listing)","o":"(operator not confirmed)","city":"New Brunswick","st":"NJ","mkt":"New Brunswick","s":"Active","raw":"Active","p":"city","np":1},"geometry":{"type":"Point","coordinates":[-74.44364,40.49361]}},{"type":"Feature","properties":{"id":"612ff47508","n":"Rackspace New York 1 (Somerset)","o":"Rackspace Hosting","city":"Somerset","st":"NJ","mkt":"New Brunswick","s":"Active","raw":"Active","p":"census"},"geometry":{"type":"Point","coordinates":[-74.53813,40.54084]}},{"type":"Feature","properties":{"id":"e22430157a","n":"Crown Castle/Lightower Newark","o":"Crown Castle (fmr Lightower)","city":"Newark","st":"NJ","mkt":"Newark","s":"Active","raw":"Active","p":"census"},"geometry":{"type":"Point","coordinates":[-74.17336,40.73683]}},{"type":"Feature","properties":{"id":"7385cd28a0","n":"Equinix Newark","o":"Equinix","city":"Newark","st":"NJ","mkt":"Newark","s":"Active","raw":"Active","p":"census"},"geometry":{"type":"Point","coordinates":[-74.17336,40.73683]}},{"type":"Feature","properties":{"id":"13406accd5","n":"Fibertech Networks Newark","o":"Fibertech Networks","city":"Newark","st":"NJ","mkt":"Newark","s":"Active","raw":"Active","p":"census"},"geometry":{"type":"Point","coordinates":[-74.17336,40.73683]}},{"type":"Feature","properties":{"id":"e772be7719","n":"Green House Data Newark","o":"Green House Data","city":"Newark","st":"NJ","mkt":"Newark","s":"Active","raw":"Active","p":"city","np":1},"geometry":{"type":"Point","coordinates":[-74.17237,40.73566]}},{"type":"Feature","properties":{"id":"92c0787327","n":"Lumen Newark (fmr Level 3)","o":"Lumen","city":"Newark","st":"NJ","mkt":"Newark","s":"Active","raw":"Active","p":"census"},"geometry":{"type":"Point","coordinates":[-74.17336,40.73683]}},{"type":"Feature","properties":{"id":"3cd14127ca","n":"Zayo/XO Communications Newark #1","o":"Zayo (fmr XO Communications)","city":"Newark","st":"NJ","mkt":"Newark","s":"Active","raw":"Active","p":"census"},"geometry":{"type":"Point","coordinates":[-74.17336,40.73683]}},{"type":"Feature","properties":{"id":"6f7844efb1","n":"Zayo/XO Communications Newark #2","o":"Zayo (fmr XO Communications)","city":"Newark","st":"NJ","mkt":"Newark","s":"Active","raw":"Active","p":"census"},"geometry":{"type":"Point","coordinates":[-74.17336,40.73683]}},{"type":"Feature","properties":{"id":"868d57455f","n":"zColo (Zayo Group) Newark","o":"Zayo Group","city":"Newark","st":"NJ","mkt":"Newark","s":"Active","raw":"Active","p":"census"},"geometry":{"type":"Point","coordinates":[-74.17336,40.73683]}},{"type":"Feature","properties":{"id":"846168884a","n":"Newton, NJ data center (unnamed listing)","o":"(operator not confirmed)","city":"Newton","st":"NJ","mkt":"Newton","s":"Active","raw":"Active","p":"city","np":1},"geometry":{"type":"Point","coordinates":[-74.75314,41.05831]}},{"type":"Feature","properties":{"id":"71f314c4ec","n":"Pennsauken, NJ data center (unnamed listing)","o":"(operator not confirmed)","city":"Pennsauken","st":"NJ","mkt":"Pennsauken","s":"Active","raw":"Active","p":"city","np":1},"geometry":{"type":"Point","coordinates":[-75.05795,39.95622]}},{"type":"Feature","properties":{"id":"a938d90f96","n":"Open Data Centers Piscataway","o":"Open Data Centers","city":"Piscataway","st":"NJ","mkt":"Piscataway","s":"Active","raw":"Active","p":"census"},"geometry":{"type":"Point","coordinates":[-74.45491,40.54982]}},{"type":"Feature","properties":{"id":"2d3ef15c79","n":"QTS Piscataway 1 DC1 Campus","o":"QTS Data Centers","city":"Piscataway","st":"NJ","mkt":"Piscataway","s":"Expanding","raw":"Active/Expanding","p":"census"},"geometry":{"type":"Point","coordinates":[-74.48884,40.55687]}},{"type":"Feature","properties":{"id":"cb78202555","n":"Continuity Centers Princeton","o":"American Business Continuity Centers","city":"Princeton","st":"NJ","mkt":"Princeton","s":"Active","raw":"Active","p":"census"},"geometry":{"type":"Point","coordinates":[-74.59374,40.35158]}},{"type":"Feature","properties":{"id":"659bf5f99e","n":"Princeton Nurseries Data Center","o":"(operator not disclosed)","city":"Princeton","st":"NJ","mkt":"Princeton","s":"Active","raw":"Active","p":"city"},"geometry":{"type":"Point","coordinates":[-74.65974,40.3497]}},{"type":"Feature","properties":{"id":"daba4dbf53","n":"QTS East Windsor 1 DC1","o":"QTS Data Centers","city":"East Windsor","st":"NJ","mkt":"Princeton","s":"Active","raw":"Active","p":"census"},"geometry":{"type":"Point","coordinates":[-74.55777,40.28254]}},{"type":"Feature","properties":{"id":"22589558cd","n":"AT&T Secaucus Data Center","o":"AT&T","city":"Secaucus","st":"NJ","mkt":"Secaucus","s":"Active","raw":"Active","p":"census"},"geometry":{"type":"Point","coordinates":[-74.06791,40.78603]}},{"type":"Feature","properties":{"id":"a27a619a3b","n":"CoreSite Secaucus - NY2","o":"CoreSite","city":"Secaucus","st":"NJ","mkt":"Secaucus","s":"Active","raw":"Active","p":"census"},"geometry":{"type":"Point","coordinates":[-74.06412,40.78512]}},{"type":"Feature","properties":{"id":"fcfc9be995","n":"Equinix NY2 (Secaucus)","o":"Equinix","city":"Secaucus","st":"NJ","mkt":"Secaucus","s":"Active","raw":"Active","p":"census"},"geometry":{"type":"Point","coordinates":[-74.07545,40.77519]}},{"type":"Feature","properties":{"id":"51372265f5","n":"Equinix NY4 (Secaucus)","o":"Equinix","city":"Secaucus","st":"NJ","mkt":"Secaucus","s":"Active","raw":"Active","p":"census"},"geometry":{"type":"Point","coordinates":[-74.06936,40.77857]}},{"type":"Feature","properties":{"id":"e265849bfc","n":"Equinix NY5 (Secaucus)","o":"Equinix","city":"Secaucus","st":"NJ","mkt":"Secaucus","s":"Active","raw":"Active","p":"census"},"geometry":{"type":"Point","coordinates":[-74.07063,40.77908]}},{"type":"Feature","properties":{"id":"37921ca417","n":"INAP Secaucus (NYJ001)","o":"INAP","city":"Secaucus","st":"NJ","mkt":"Secaucus","s":"Active","raw":"Active","p":"census"},"geometry":{"type":"Point","coordinates":[-74.06936,40.77857]}},{"type":"Feature","properties":{"id":"a51ff5ef26","n":"XO Communications Secaucus","o":"XO Communications","city":"Secaucus","st":"NJ","mkt":"Secaucus","s":"Active","raw":"Active","p":"city"},"geometry":{"type":"Point","coordinates":[-74.05667,40.78993]}},{"type":"Feature","properties":{"id":"8d93cc1944","n":"Lumen Monmouth Junction 1","o":"Lumen (fmr Level 3)","city":"Monmouth Junction","st":"NJ","mkt":"South Brunswick","s":"Active","raw":"Active","p":"city"},"geometry":{"type":"Point","coordinates":[-74.54654,40.379]}},{"type":"Feature","properties":{"id":"0ec33c7e4d","n":"Vineland, NJ data center (unnamed listing)","o":"(operator not confirmed)","city":"Vineland","st":"NJ","mkt":"Vineland","s":"Active","raw":"Active","p":"city","np":1},"geometry":{"type":"Point","coordinates":[-75.02543,39.48628]}},{"type":"Feature","properties":{"id":"b595f2f467","n":"NJFX Wall Township","o":"NJFX","city":"Wall Township","st":"NJ","mkt":"Wall Township","s":"Active","raw":"Active","p":"census"},"geometry":{"type":"Point","coordinates":[-74.05242,40.16002]}},{"type":"Feature","properties":{"id":"4a3b3ea633","n":"Connect Albuquerque","o":"Connect Data Centers by Oppidan","city":"Albuquerque","st":"NM","mkt":"Albuquerque","s":"Active","raw":"Active","p":"city"},"geometry":{"type":"Point","coordinates":[-106.65099,35.0841]}},{"type":"Feature","properties":{"id":"6f5901749e","n":"Csquare - Albuquerque ABQ1","o":"Csquare","city":"Albuquerque","st":"NM","mkt":"Albuquerque","s":"Active","raw":"Active","p":"census"},"geometry":{"type":"Point","coordinates":[-106.65129,35.08659]}},{"type":"Feature","properties":{"id":"76a14bd4d1","n":"Green Data Socorro","o":"Green Data Centers","city":"Socorro","st":"NM","mkt":"Albuquerque","s":"Active","raw":"Active","p":"city"},"geometry":{"type":"Point","coordinates":[-106.89308,34.05729]}},{"type":"Feature","properties":{"id":"1a62d896de","n":"H5 Data Centers Albuquerque","o":"H5 Data Centers","city":"Albuquerque","st":"NM","mkt":"Albuquerque","s":"Active","raw":"Active","p":"census"},"geometry":{"type":"Point","coordinates":[-106.65223,35.0884]}},{"type":"Feature","properties":{"id":"12e31b4c36","n":"Meta Los Lunas Campus","o":"Meta","city":"Los Lunas","st":"NM","mkt":"Albuquerque","s":"Expanding","raw":"Active/Expanding","p":"osm"},"geometry":{"type":"Point","coordinates":[-106.78383,34.83016]}},{"type":"Feature","properties":{"id":"587f047bc9","n":"Oso Grande Technologies","o":"Oso Grande Technologies","city":"Albuquerque","st":"NM","mkt":"Albuquerque","s":"Active","raw":"Active","p":"census"},"geometry":{"type":"Point","coordinates":[-106.65265,35.09262]}},{"type":"Feature","properties":{"id":"19ac42be0a","n":"SWCP Data Center","o":"Southwest Cyberport (SWCP)","city":"Albuquerque","st":"NM","mkt":"Albuquerque","s":"Active","raw":"Active","p":"census"},"geometry":{"type":"Point","coordinates":[-106.58933,35.10196]}},{"type":"Feature","properties":{"id":"a441042690","n":"Segra Albuquerque","o":"Segra","city":"Albuquerque","st":"NM","mkt":"Albuquerque","s":"Active","raw":"Active","p":"census"},"geometry":{"type":"Point","coordinates":[-106.6027,35.14463]}},{"type":"Feature","properties":{"id":"09d934476a","n":"bigbyte.cc","o":"bigbyte.cc Corp.","city":"Albuquerque","st":"NM","mkt":"Albuquerque","s":"Active","raw":"Active","p":"census"},"geometry":{"type":"Point","coordinates":[-106.653,35.08481]}},{"type":"Feature","properties":{"id":"735c13b18d","n":"Plateau Data Center","o":"Plateau","city":"Clovis","st":"NM","mkt":"Clovis","s":"Active","raw":"Active","p":"city"},"geometry":{"type":"Point","coordinates":[-103.20507,34.40547]}},{"type":"Feature","properties":{"id":"71f84b45e5","n":"Lumen Santa Teresa 1","o":"Lumen (fmr Level 3)","city":"Santa Teresa","st":"NM","mkt":"Santa Teresa","s":"Active","raw":"Active","p":"census"},"geometry":{"type":"Point","coordinates":[-106.69848,31.8672]}},{"type":"Feature","properties":{"id":"2c53e7a582","n":"Stack Infrastructure Project Jupiter","o":"STACK Infrastructure","city":"Santa Teresa","st":"NM","mkt":"Santa Teresa","s":"Planned","raw":"Planned","p":"city","np":1},"geometry":{"type":"Point","coordinates":[-106.68658,31.87003]}},{"type":"Feature","properties":{"id":"83ccab60cd","n":"The Brownrice Datacenter","o":"Brownrice Internet, Inc.","city":"Taos","st":"NM","mkt":"Taos","s":"Active","raw":"Active","p":"city","np":1},"geometry":{"type":"Point","coordinates":[-105.57328,36.40724]}},{"type":"Feature","properties":{"id":"2c90cf0f24","n":"Crown Castle: 80 State St","o":"Crown Castle","city":"Albany","st":"NY","mkt":"Albany","s":"Active","raw":"Active","p":"census"},"geometry":{"type":"Point","coordinates":[-73.75262,42.64957]}},{"type":"Feature","properties":{"id":"46f05ec191","n":"Firstlight Albany","o":"FirstLight Fiber","city":"Albany","st":"NY","mkt":"Albany","s":"Active","raw":"Active","p":"census"},"geometry":{"type":"Point","coordinates":[-73.75158,42.6493]}},{"type":"Feature","properties":{"id":"8df364364f","n":"INOC 4 Tower Place","o":"INOC Data Centers","city":"Albany","st":"NY","mkt":"Albany","s":"Active","raw":"Active","p":"census"},"geometry":{"type":"Point","coordinates":[-73.8407,42.68586]}},{"type":"Feature","properties":{"id":"63edfd175c","n":"INOC 80 State Street","o":"INOC Data Centers","city":"Albany","st":"NY","mkt":"Albany","s":"Active","raw":"Active","p":"census"},"geometry":{"type":"Point","coordinates":[-73.75262,42.64957]}},{"type":"Feature","properties":{"id":"243426d73d","n":"Lumen Albany 1 (316 North Pearl)","o":"Lumen","city":"Albany","st":"NY","mkt":"Albany","s":"Active","raw":"Active","p":"census"},"geometry":{"type":"Point","coordinates":[-73.74709,42.66082]}},{"type":"Feature","properties":{"id":"9b2dd870ad","n":"Lumen Albany 2","o":"Lumen","city":"Albany","st":"NY","mkt":"Albany","s":"Active","raw":"Active","p":"city","np":1},"geometry":{"type":"Point","coordinates":[-73.75497,42.65117]}},{"type":"Feature","properties":{"id":"1ec0e34d13","n":"Lumen Albany 3 (11 N Pearl)","o":"Lumen","city":"Albany","st":"NY","mkt":"Albany","s":"Active","raw":"Active","p":"census"},"geometry":{"type":"Point","coordinates":[-73.75244,42.65014]}},{"type":"Feature","properties":{"id":"72b73b513f","n":"Lumen Albany 4","o":"Lumen","city":"Albany","st":"NY","mkt":"Albany","s":"Active","raw":"Active","p":"city","np":1},"geometry":{"type":"Point","coordinates":[-73.75497,42.65117]}},{"type":"Feature","properties":{"id":"62325cea32","n":"MetLife Troy Data Center","o":"MetLife Services and Solutions, LLC","city":"Troy","st":"NY","mkt":"Albany","s":"Active","raw":"Active","p":"city"},"geometry":{"type":"Point","coordinates":[-73.69179,42.72841]}},{"type":"Feature","properties":{"id":"01b95414b9","n":"Tier.Net Latham","o":"Tier.Net Technologies","city":"Latham","st":"NY","mkt":"Albany","s":"Active","raw":"Active","p":"city","np":1},"geometry":{"type":"Point","coordinates":[-73.76156,42.74441]}},{"type":"Feature","properties":{"id":"605d847c0c","n":"TurnKey Internet Albany","o":"TurnKey Internet","city":"Albany","st":"NY","mkt":"Albany","s":"Active","raw":"Active","p":"city","np":1},"geometry":{"type":"Point","coordinates":[-73.75497,42.65117]}},{"type":"Feature","properties":{"id":"21d931210b","n":"Global AI Endicott","o":"Global AI","city":"Endicott","st":"NY","mkt":"Binghamton","s":"Active","raw":"Active","p":"census"},"geometry":{"type":"Point","coordinates":[-76.0478,42.1049]}},{"type":"Feature","properties":{"id":"1eb9ec19c1","n":"Tier.Net Binghamton Data Center","o":"TierNet","city":"Binghamton","st":"NY","mkt":"Binghamton","s":"Active","raw":"Active","p":"census"},"geometry":{"type":"Point","coordinates":[-75.90893,42.10103]}},{"type":"Feature","properties":{"id":"4e2acfe765","n":"Advance2000 Williamsville Data Center","o":"Advance2000","city":"Williamsville","st":"NY","mkt":"Buffalo","s":"Active","raw":"Active","p":"census"},"geometry":{"type":"Point","coordinates":[-78.73856,42.94995]}},{"type":"Feature","properties":{"id":"d264d6f875","n":"Blockfusion Niagara Falls","o":"Blockfusion","city":"Niagara Falls","st":"NY","mkt":"Buffalo","s":"Active","raw":"Active","p":"census"},"geometry":{"type":"Point","coordinates":[-79.00147,43.08211]}},{"type":"Feature","properties":{"id":"237817ec7a","n":"Centrilogic Buffalo","o":"Centrilogic","city":"Buffalo","st":"NY","mkt":"Buffalo","s":"Active","raw":"Active","p":"census"},"geometry":{"type":"Point","coordinates":[-78.87493,42.88425]}},{"type":"Feature","properties":{"id":"9dfe8586fc","n":"Cogent Data Center - Buffalo","o":"Cogent Communications, Inc.","city":"Buffalo","st":"NY","mkt":"Buffalo","s":"Active","raw":"Active","p":"census"},"geometry":{"type":"Point","coordinates":[-78.84725,42.88153]}},{"type":"Feature","properties":{"id":"3ac0673a04","n":"ColoCrossing BUF1","o":"ColoCrossing","city":"Buffalo","st":"NY","mkt":"Buffalo","s":"Active","raw":"Active","p":"census"},"geometry":{"type":"Point","coordinates":[-78.87577,42.89354]}},{"type":"Feature","properties":{"id":"a68c6986c7","n":"Core42 Lake Mariner Data Center","o":"Core42 (G42)","city":"Barker","st":"NY","mkt":"Buffalo","s":"Active","raw":"Active","p":"census"},"geometry":{"type":"Point","coordinates":[-78.60291,43.34894]}},{"type":"Feature","properties":{"id":"6fd1783b67","n":"DigiPowerX Buffalo","o":"DigiPower X Inc.","city":"Buffalo","st":"NY","mkt":"Buffalo","s":"Active","raw":"Active","p":"osm"},"geometry":{"type":"Point","coordinates":[-78.82058,42.91815]}},{"type":"Feature","properties":{"id":"679f436730","n":"DigiPowerX North Tonawanda","o":"DigiPower X Inc.","city":"North Tonawanda","st":"NY","mkt":"Buffalo","s":"Active","raw":"Active","p":"census"},"geometry":{"type":"Point","coordinates":[-78.85156,43.048]}},{"type":"Feature","properties":{"id":"eb430cce1f","n":"Elm Data Center","o":"Elm Datacenter","city":"Buffalo","st":"NY","mkt":"Buffalo","s":"Active","raw":"Active","p":"census"},"geometry":{"type":"Point","coordinates":[-78.86842,42.88783]}},{"type":"Feature","properties":{"id":"e292695787","n":"H5 Data Centers Buffalo I","o":"H5 Data Centers","city":"Lockport","st":"NY","mkt":"Buffalo","s":"Active","raw":"Active","p":"census"},"geometry":{"type":"Point","coordinates":[-78.74993,43.16752]}},{"type":"Feature","properties":{"id":"596c8af8e5","n":"H5 Data Centers Buffalo II","o":"H5 Data Centers","city":"Lockport","st":"NY","mkt":"Buffalo","s":"Active","raw":"Active","p":"census"},"geometry":{"type":"Point","coordinates":[-78.74865,43.17]}},{"type":"Feature","properties":{"id":"446a7a3d20","n":"H5 Data Centers Buffalo III","o":"H5 Data Centers","city":"Buffalo","st":"NY","mkt":"Buffalo","s":"Active","raw":"Active","p":"census"},"geometry":{"type":"Point","coordinates":[-78.87493,42.88425]}},{"type":"Feature","properties":{"id":"9dea593b1a","n":"I-Evolve Data Center","o":"I-Evolve Technology Services","city":"Buffalo","st":"NY","mkt":"Buffalo","s":"Active","raw":"Active","p":"census"},"geometry":{"type":"Point","coordinates":[-78.78296,43.01841]}},{"type":"Feature","properties":{"id":"81705b97ee","n":"Lake Mariner Data Campus","o":"TeraWulf","city":"Barker","st":"NY","mkt":"Buffalo","s":"Active","raw":"Active","p":"census"},"geometry":{"type":"Point","coordinates":[-78.60291,43.34894]}},{"type":"Feature","properties":{"id":"922a7f720c","n":"Lumen Amherst","o":"Lumen","city":"Amherst","st":"NY","mkt":"Buffalo","s":"Active","raw":"Active","p":"census"},"geometry":{"type":"Point","coordinates":[-78.81408,43.00013]}},{"type":"Feature","properties":{"id":"d981053e98","n":"Lumen Buffalo 1","o":"Lumen","city":"Buffalo","st":"NY","mkt":"Buffalo","s":"Active","raw":"Active","p":"census"},"geometry":{"type":"Point","coordinates":[-78.86859,42.87582]}},{"type":"Feature","properties":{"id":"c60651ac45","n":"Lumen Buffalo 2","o":"Lumen","city":"Buffalo","st":"NY","mkt":"Buffalo","s":"Active","raw":"Active","p":"census"},"geometry":{"type":"Point","coordinates":[-78.87577,42.89354]}},{"type":"Feature","properties":{"id":"4fba087110","n":"Nexeon BUF1","o":"Nexeon","city":"Buffalo","st":"NY","mkt":"Buffalo","s":"Active","raw":"Active","p":"census"},"geometry":{"type":"Point","coordinates":[-78.87577,42.89354]}},{"type":"Feature","properties":{"id":"92c6459282","n":"Niagara Digital Campus","o":"Urbacon Data Centre Solutions","city":"Niagara Falls","st":"NY","mkt":"Buffalo","s":"Active","raw":"Active","p":"city"},"geometry":{"type":"Point","coordinates":[-79.06147,43.08436]}},{"type":"Feature","properties":{"id":"26b75dc572","n":"PCI Buffalo","o":"Personal Computers, Inc.","city":"Buffalo","st":"NY","mkt":"Buffalo","s":"Active","raw":"Active","p":"census"},"geometry":{"type":"Point","coordinates":[-78.87508,42.88039]}},{"type":"Feature","properties":{"id":"0578c8c395","n":"RITC Data Center","o":"Riverview Innovation & Technology Campus","city":"Tonawanda","st":"NY","mkt":"Buffalo","s":"Active","raw":"Active","p":"census"},"geometry":{"type":"Point","coordinates":[-78.93316,42.97761]}},{"type":"Feature","properties":{"id":"b3da168c3d","n":"Shatter I.T. Buffalo","o":"Shatter I.T.","city":"Buffalo","st":"NY","mkt":"Buffalo","s":"Active","raw":"Active","p":"census"},"geometry":{"type":"Point","coordinates":[-78.87493,42.88425]}},{"type":"Feature","properties":{"id":"0bacecc900","n":"Stream DC Genesee County","o":"Stream Data Centers","city":"Alabama","st":"NY","mkt":"Buffalo","s":"Active","raw":"Active","p":"city","np":1},"geometry":{"type":"Point","coordinates":[-78.39086,43.09645]}},{"type":"Feature","properties":{"id":"72178c0b47","n":"Stream DC New York","o":"Stream Data Centers","city":"Alabama","st":"NY","mkt":"Buffalo","s":"Active","raw":"Active","p":"census"},"geometry":{"type":"Point","coordinates":[-78.40387,43.08249]}},{"type":"Feature","properties":{"id":"bdb8b88173","n":"The Four Winds of Lake Erie, LLC","o":"(operator not disclosed)","city":"Westfield","st":"NY","mkt":"Buffalo","s":"Active","raw":"Active","p":"census"},"geometry":{"type":"Point","coordinates":[-79.51819,42.37459]}},{"type":"Feature","properties":{"id":"158e246792","n":"Victory Technology Center","o":"Victory Technology Center","city":"Buffalo","st":"NY","mkt":"Buffalo","s":"Active","raw":"Active","p":"census"},"geometry":{"type":"Point","coordinates":[-78.82092,42.82679]}},{"type":"Feature","properties":{"id":"baefea16f8","n":"NYGC Chateaugay","o":"New York Green Cloud","city":"Chateaugay","st":"NY","mkt":"Chateaugay","s":"Building","raw":"Under Construction","p":"census"},"geometry":{"type":"Point","coordinates":[-74.06603,44.89156]}},{"type":"Feature","properties":{"id":"676281a599","n":"Turin Hoefler Avenue","o":"Turin Management","city":"Ilion","st":"NY","mkt":"Herkimer","s":"Planned","raw":"Planned","p":"census"},"geometry":{"type":"Point","coordinates":[-75.03339,43.01194]}},{"type":"Feature","properties":{"id":"b8dc7b26ec","n":"365 Data Centers - Commack","o":"365 Data Centers","city":"Commack","st":"NY","mkt":"Long Island","s":"Active","raw":"Active","p":"city"},"geometry":{"type":"Point","coordinates":[-73.29289,40.84288]}},{"type":"Feature","properties":{"id":"7bdead004a","n":"Continuity Centers Woodbury","o":"American Business Continuity Centers, LLC","city":"Woodbury","st":"NY","mkt":"Long Island","s":"Active","raw":"Active","p":"osm"},"geometry":{"type":"Point","coordinates":[-73.47992,40.80253]}},{"type":"Feature","properties":{"id":"7448339cf5","n":"Crown Castle Farmingdale","o":"Crown Castle","city":"Farmingdale","st":"NY","mkt":"Long Island","s":"Active","raw":"Active","p":"census"},"geometry":{"type":"Point","coordinates":[-73.42817,40.72591]}},{"type":"Feature","properties":{"id":"c7b5e54088","n":"GET Long Island","o":"Global Enterprise Technologies, Inc.","city":"Hicksville","st":"NY","mkt":"Long Island","s":"Active","raw":"Active","p":"city"},"geometry":{"type":"Point","coordinates":[-73.52382,40.76819]}},{"type":"Feature","properties":{"id":"c4000c42f5","n":"Gotham Bus Datacenter","o":"The Gotham Bus Company Inc.","city":"Mt. Sinai","st":"NY","mkt":"Long Island","s":"Active","raw":"Active","p":"census"},"geometry":{"type":"Point","coordinates":[-73.02071,40.93524]}},{"type":"Feature","properties":{"id":"b70c0d4e75","n":"Long Island Interconnect","o":"Long Island Interconnect","city":"Westbury","st":"NY","mkt":"Long Island","s":"Active","raw":"Active","p":"census"},"geometry":{"type":"Point","coordinates":[-73.55757,40.75512]}},{"type":"Feature","properties":{"id":"19c95d0539","n":"Lumen Garden City 1","o":"Lumen","city":"Garden City","st":"NY","mkt":"Long Island","s":"Active","raw":"Active","p":"census"},"geometry":{"type":"Point","coordinates":[-73.62043,40.7275]}},{"type":"Feature","properties":{"id":"cb8391da75","n":"PointVoIP NY3","o":"PointVoIP, LLC","city":"Ronkonkoma","st":"NY","mkt":"Long Island","s":"Active","raw":"Active","p":"census"},"geometry":{"type":"Point","coordinates":[-73.12701,40.78725]}},{"type":"Feature","properties":{"id":"914ffbb808","n":"Stafford Associates Data Center","o":"Stafford Associates","city":"Setauket","st":"NY","mkt":"Long Island","s":"Active","raw":"Active","p":"census"},"geometry":{"type":"Point","coordinates":[-73.11434,40.92907]}},{"type":"Feature","properties":{"id":"a706db434b","n":"Vastnet - Melville","o":"Vastnet","city":"Melville","st":"NY","mkt":"Long Island","s":"Active","raw":"Active","p":"census"},"geometry":{"type":"Point","coordinates":[-73.41029,40.80598]}},{"type":"Feature","properties":{"id":"569566771c","n":"365 Data Centers - New York 1","o":"365 Data Centers","city":"New York","st":"NY","mkt":"New York","s":"Active","raw":"Active","p":"census"},"geometry":{"type":"Point","coordinates":[-74.01248,40.70691]}},{"type":"Feature","properties":{"id":"1826fccada","n":"365 Data Centers - New York 2","o":"365 Data Centers","city":"New York","st":"NY","mkt":"New York","s":"Active","raw":"Active","p":"census"},"geometry":{"type":"Point","coordinates":[-74.00748,40.72682]}},{"type":"Feature","properties":{"id":"d340f34c33","n":"365 Data Centers - New York 3","o":"365 Data Centers","city":"New York","st":"NY","mkt":"New York","s":"Active","raw":"Active","p":"census"},"geometry":{"type":"Point","coordinates":[-74.00599,40.72494]}},{"type":"Feature","properties":{"id":"a7535e6c70","n":"365 Data Centers - New York 4","o":"365 Data Centers","city":"New York","st":"NY","mkt":"New York","s":"Active","raw":"Active","p":"census"},"geometry":{"type":"Point","coordinates":[-74.00511,40.71989]}},{"type":"Feature","properties":{"id":"32bb9639ae","n":"AT&T New York","o":"AT&T","city":"New York","st":"NY","mkt":"New York","s":"Active","raw":"Active","p":"census"},"geometry":{"type":"Point","coordinates":[-73.99007,40.76716]}},{"type":"Feature","properties":{"id":"eb365603ff","n":"Arbinet 75 Broad St","o":"Arbinet (Zenfi Networks)","city":"New York","st":"NY","mkt":"New York","s":"Active","raw":"Active","p":"census"},"geometry":{"type":"Point","coordinates":[-74.01149,40.70443]}},{"type":"Feature","properties":{"id":"c0f0f86435","n":"Blue Hill Plaza","o":"(operator not disclosed)","city":"Pearl River","st":"NY","mkt":"New York","s":"Active","raw":"Active","p":"census"},"geometry":{"type":"Point","coordinates":[-74.00694,41.04994]}},{"type":"Feature","properties":{"id":"405e49e4ef","n":"CherryRoad NYC3","o":"CherryRoad Technologies","city":"New York","st":"NY","mkt":"New York","s":"Active","raw":"Active","p":"census"},"geometry":{"type":"Point","coordinates":[-74.00069,40.71086]}},{"type":"Feature","properties":{"id":"9b0696ef41","n":"Cogent Data Center - New York","o":"Cogent Communications, Inc.","city":"New York","st":"NY","mkt":"New York","s":"Active","raw":"Active","p":"census"},"geometry":{"type":"Point","coordinates":[-74.01404,40.70505]}},{"type":"Feature","properties":{"id":"faf44f59c9","n":"Colocation America NYDC1","o":"Colocation America","city":"New York","st":"NY","mkt":"New York","s":"Active","raw":"Active","p":"census"},"geometry":{"type":"Point","coordinates":[-74.00882,40.7182]}},{"type":"Feature","properties":{"id":"b7d426c568","n":"Colocation America NYDC2","o":"Colocation America","city":"New York","st":"NY","mkt":"New York","s":"Active","raw":"Active","p":"census"},"geometry":{"type":"Point","coordinates":[-74.00177,40.74091]}},{"type":"Feature","properties":{"id":"f60b15ba97","n":"Colocation America NYDC3","o":"Colocation America","city":"Hawthorne","st":"NY","mkt":"New York","s":"Active","raw":"Active","p":"census"},"geometry":{"type":"Point","coordinates":[-73.81383,41.09095]}},{"type":"Feature","properties":{"id":"19057c846b","n":"CoreSite New York (NY1)","o":"CoreSite","city":"New York","st":"NY","mkt":"New York","s":"Active","raw":"Active","p":"census"},"geometry":{"type":"Point","coordinates":[-74.00511,40.71989]}},{"type":"Feature","properties":{"id":"1981f6fc90","n":"Crown Castle New York (NY1)","o":"Crown Castle","city":"New York","st":"NY","mkt":"New York","s":"Active","raw":"Active","p":"census"},"geometry":{"type":"Point","coordinates":[-74.00177,40.74091]}},{"type":"Feature","properties":{"id":"da64917432","n":"Crown Castle New York - 60 Hudson St","o":"Crown Castle","city":"New York","st":"NY","mkt":"New York","s":"Active","raw":"Active","p":"census"},"geometry":{"type":"Point","coordinates":[-74.00882,40.7182]}},{"type":"Feature","properties":{"id":"e05ba33602","n":"DataBank LGA1 - Downtown New York City","o":"DataBank","city":"New York","st":"NY","mkt":"New York","s":"Active","raw":"Active","p":"census"},"geometry":{"type":"Point","coordinates":[-74.00882,40.7182]}},{"type":"Feature","properties":{"id":"bf10617bb1","n":"DataBank LGA2 - Downtown New York City","o":"DataBank","city":"New York","st":"NY","mkt":"New York","s":"Active","raw":"Active","p":"census"},"geometry":{"type":"Point","coordinates":[-74.00177,40.74091]}},{"type":"Feature","properties":{"id":"e35a8ca577","n":"DataBank LGA3 - Orangeburg","o":"DataBank","city":"Orangeburg","st":"NY","mkt":"New York","s":"Active","raw":"Active","p":"census"},"geometry":{"type":"Point","coordinates":[-73.98785,41.03733]}},{"type":"Feature","properties":{"id":"35eb1c6fc6","n":"DataBank LGA4 - Orangeburg","o":"DataBank","city":"Orangeburg","st":"NY","mkt":"New York","s":"Active","raw":"Active","p":"census"},"geometry":{"type":"Point","coordinates":[-73.98785,41.03733]}},{"type":"Feature","properties":{"id":"881adbd1c4","n":"Dataverge NY","o":"Dataverge","city":"Brooklyn","st":"NY","mkt":"New York","s":"Active","raw":"Active","p":"census"},"geometry":{"type":"Point","coordinates":[-74.00463,40.65763]}},{"type":"Feature","properties":{"id":"1fcc54e20a","n":"Delimiter Commack Data Center","o":"Delimiter","city":"Commack","st":"NY","mkt":"New York","s":"Active","raw":"Active","p":"osm"},"geometry":{"type":"Point","coordinates":[-73.29293,40.82421]}},{"type":"Feature","properties":{"id":"6f135a5022","n":"Digital Realty 111 Eighth Avenue (JFK10)","o":"Digital Realty","city":"New York","st":"NY","mkt":"New York","s":"Active","raw":"Active","p":"census"},"geometry":{"type":"Point","coordinates":[-74.00177,40.74091]}},{"type":"Feature","properties":{"id":"d119d79329","n":"Digital Realty 32 Avenue of the Americas (JFK13)","o":"Digital Realty","city":"New York","st":"NY","mkt":"New York","s":"Active","raw":"Active","p":"census"},"geometry":{"type":"Point","coordinates":[-74.00511,40.71989]}},{"type":"Feature","properties":{"id":"6116f47253","n":"Digital Realty 60 Hudson Street (JFK12)","o":"Digital Realty","city":"New York","st":"NY","mkt":"New York","s":"Active","raw":"Active","p":"census"},"geometry":{"type":"Point","coordinates":[-74.00882,40.7182]}},{"type":"Feature","properties":{"id":"ce20119f47","n":"EXA DC New York","o":"EXA Infrastructure","city":"New York","st":"NY","mkt":"New York","s":"Active","raw":"Active","p":"census"},"geometry":{"type":"Point","coordinates":[-74.00882,40.7182]}},{"type":"Feature","properties":{"id":"ca06fe9c10","n":"Epsilon Global Hubs - New York","o":"Epsilon","city":"New York","st":"NY","mkt":"New York","s":"Active","raw":"Active","p":"census"},"geometry":{"type":"Point","coordinates":[-74.00882,40.7182]}},{"type":"Feature","properties":{"id":"be1bdc2ff6","n":"Equinix NY9","o":"Equinix","city":"New York","st":"NY","mkt":"New York","s":"Active","raw":"Active","p":"census"},"geometry":{"type":"Point","coordinates":[-74.00177,40.74091]}},{"type":"Feature","properties":{"id":"a663ae60f5","n":"Evocative JFK2","o":"Evocative","city":"Chappaqua","st":"NY","mkt":"New York","s":"Active","raw":"Active","p":"census"},"geometry":{"type":"Point","coordinates":[-73.74864,41.17849]}},{"type":"Feature","properties":{"id":"783f85d91a","n":"Fishkill 1 Data Center","o":"Treetop Companies","city":"East Fishkill","st":"NY","mkt":"New York","s":"Active","raw":"Active","p":"city"},"geometry":{"type":"Point","coordinates":[-73.79562,41.55333]}},{"type":"Feature","properties":{"id":"9cea9d5a87","n":"Frontline Data Services Orangeburg","o":"Frontline Data Services","city":"Orangeburg","st":"NY","mkt":"New York","s":"Active","raw":"Active","p":"census"},"geometry":{"type":"Point","coordinates":[-73.95501,41.04339]}},{"type":"Feature","properties":{"id":"3455872d6d","n":"H5 Data Centers New York","o":"H5 Data Centers","city":"New York","st":"NY","mkt":"New York","s":"Active","raw":"Active","p":"census"},"geometry":{"type":"Point","coordinates":[-74.00748,40.72682]}},{"type":"Feature","properties":{"id":"dd8c3ba049","n":"Hivelocity - New York 1","o":"Hivelocity","city":"Staten Island","st":"NY","mkt":"New York","s":"Active","raw":"Active","p":"census"},"geometry":{"type":"Point","coordinates":[-74.17113,40.6062]}},{"type":"Feature","properties":{"id":"90e68da6a5","n":"Hivelocity - New York 2","o":"Hivelocity","city":"Orangeburg","st":"NY","mkt":"New York","s":"Active","raw":"Active","p":"census"},"geometry":{"type":"Point","coordinates":[-73.9771,41.03355]}},{"type":"Feature","properties":{"id":"05c90e3141","n":"Hudson InterXchange","o":"Hudson InterXchange","city":"New York","st":"NY","mkt":"New York","s":"Active","raw":"Active","p":"census"},"geometry":{"type":"Point","coordinates":[-74.00882,40.7182]}},{"type":"Feature","properties":{"id":"0dab0b7140","n":"JPMorgan Chase Data Center - Orangeburg","o":"JPMorgan Chase","city":"Orangeburg","st":"NY","mkt":"New York","s":"Active","raw":"Active","p":"city"},"geometry":{"type":"Point","coordinates":[-73.94967,41.04658]}},{"type":"Feature","properties":{"id":"269fef7563","n":"Lumen New York 1","o":"Lumen","city":"New York","st":"NY","mkt":"New York","s":"Active","raw":"Active","p":"census"},"geometry":{"type":"Point","coordinates":[-74.00177,40.74091]}},{"type":"Feature","properties":{"id":"b444560108","n":"Lumen New York 2","o":"Lumen","city":"New York","st":"NY","mkt":"New York","s":"Active","raw":"Active","p":"census"},"geometry":{"type":"Point","coordinates":[-74.00566,40.75086]}},{"type":"Feature","properties":{"id":"5b944d10f6","n":"Lumen New York 3","o":"Lumen","city":"New York","st":"NY","mkt":"New York","s":"Active","raw":"Active","p":"census"},"geometry":{"type":"Point","coordinates":[-74.00559,40.72637]}},{"type":"Feature","properties":{"id":"7db0c64846","n":"Lunavi Orangeburg","o":"Lunavi","city":"Orangeburg","st":"NY","mkt":"New York","s":"Active","raw":"Active","p":"census"},"geometry":{"type":"Point","coordinates":[-73.9771,41.03355]}},{"type":"Feature","properties":{"id":"97990c6fd9","n":"Metanet Chelsea","o":"Metanet","city":"New York","st":"NY","mkt":"New York","s":"Active","raw":"Active","p":"census"},"geometry":{"type":"Point","coordinates":[-74.00734,40.74345]}},{"type":"Feature","properties":{"id":"2e22021c50","n":"Metanet New York","o":"Metanet","city":"New York","st":"NY","mkt":"New York","s":"Active","raw":"Active","p":"census"},"geometry":{"type":"Point","coordinates":[-74.00177,40.74091]}},{"type":"Feature","properties":{"id":"988657a90f","n":"Metanet Staten Island","o":"Metanet","city":"Staten Island","st":"NY","mkt":"New York","s":"Active","raw":"Active","p":"census"},"geometry":{"type":"Point","coordinates":[-74.17113,40.6062]}},{"type":"Feature","properties":{"id":"3e20e865d0","n":"NYI - NY1","o":"New York Internet (NYI)","city":"New York","st":"NY","mkt":"New York","s":"Active","raw":"Active","p":"osm"},"geometry":{"type":"Point","coordinates":[-74.00717,40.70834]}},{"type":"Feature","properties":{"id":"54736f6106","n":"NYI - NY2","o":"New York Internet (NYI)","city":"New York","st":"NY","mkt":"New York","s":"Active","raw":"Active","p":"census"},"geometry":{"type":"Point","coordinates":[-74.00882,40.7182]}},{"type":"Feature","properties":{"id":"12f9042c5f","n":"NaviSite New York","o":"NaviSite, Inc.","city":"New York","st":"NY","mkt":"New York","s":"Active","raw":"Active","p":"census"},"geometry":{"type":"Point","coordinates":[-74.00715,40.72884]}},{"type":"Feature","properties":{"id":"0827a08f9a","n":"New York Connect Data Center","o":"New York Connect","city":"New York","st":"NY","mkt":"New York","s":"Active","raw":"Active","p":"census"},"geometry":{"type":"Point","coordinates":[-74.00177,40.74091]}},{"type":"Feature","properties":{"id":"2f71c0209a","n":"NewBridge Brooklyn","o":"NewBridge","city":"Brooklyn","st":"NY","mkt":"New York","s":"Active","raw":"Active","p":"census"},"geometry":{"type":"Point","coordinates":[-73.97728,40.63175]}},{"type":"Feature","properties":{"id":"2e31c5e02a","n":"Opti9 NY1","o":"Opti9","city":"Garden City","st":"NY","mkt":"New York","s":"Active","raw":"Active","p":"census"},"geometry":{"type":"Point","coordinates":[-73.63257,40.72178]}},{"type":"Feature","properties":{"id":"642cf39162","n":"QTD Systems","o":"QTD Systems","city":"New York","st":"NY","mkt":"New York","s":"Active","raw":"Active","p":"census"},"geometry":{"type":"Point","coordinates":[-74.00882,40.7182]}},{"type":"Feature","properties":{"id":"74b7a0a112","n":"SDC Manhattan","o":"Sabey Data Center Properties LLC","city":"New York","st":"NY","mkt":"New York","s":"Active","raw":"Active","p":"census"},"geometry":{"type":"Point","coordinates":[-74.00069,40.71086]}},{"type":"Feature","properties":{"id":"4eae9367d0","n":"Sentinel NY-1","o":"Sentinel Data Centers","city":"Orangeburg","st":"NY","mkt":"New York","s":"Active","raw":"Active","p":"census"},"geometry":{"type":"Point","coordinates":[-73.98683,41.03665]}},{"type":"Feature","properties":{"id":"1d35b5aa42","n":"Speedcast NY","o":"Speedcast","city":"Hauppauge","st":"NY","mkt":"New York","s":"Active","raw":"Active","p":"census"},"geometry":{"type":"Point","coordinates":[-73.23763,40.81589]}},{"type":"Feature","properties":{"id":"4980f1c8f6","n":"TELEHOUSE Briad Financial Center","o":"KDDI (Telehouse)","city":"New York","st":"NY","mkt":"New York","s":"Active","raw":"Active","p":"census"},"geometry":{"type":"Point","coordinates":[-74.01297,40.70332]}},{"type":"Feature","properties":{"id":"7787fddb80","n":"TELEHOUSE New York Chelsea","o":"KDDI (Telehouse)","city":"New York","st":"NY","mkt":"New York","s":"Active","raw":"Active","p":"census"},"geometry":{"type":"Point","coordinates":[-74.00734,40.74345]}},{"type":"Feature","properties":{"id":"ae387c1b18","n":"TELEHOUSE New York Teleport","o":"KDDI (Telehouse)","city":"Staten Island","st":"NY","mkt":"New York","s":"Active","raw":"Active","p":"census"},"geometry":{"type":"Point","coordinates":[-74.17113,40.6062]}},{"type":"Feature","properties":{"id":"9b85e4bc2d","n":"Tata Communications New York","o":"Tata Communications","city":"New York","st":"NY","mkt":"New York","s":"Active","raw":"Active","p":"census"},"geometry":{"type":"Point","coordinates":[-74.00511,40.71989]}},{"type":"Feature","properties":{"id":"3a81e5cf2c","n":"TeliaSonera NYKE","o":"Telia Company","city":"New York","st":"NY","mkt":"New York","s":"Active","raw":"Active","p":"census"},"geometry":{"type":"Point","coordinates":[-74.00177,40.74091]}},{"type":"Feature","properties":{"id":"9001856082","n":"Uniti New York 2","o":"Uniti Group","city":"New York","st":"NY","mkt":"New York","s":"Active","raw":"Active","p":"census"},"geometry":{"type":"Point","coordinates":[-74.00566,40.75086]}},{"type":"Feature","properties":{"id":"26c688b692","n":"NYGC Rouses Point","o":"New York GreenCloud","city":"Rouses Point","st":"NY","mkt":"Plattsburgh","s":"Active","raw":"Active","p":"census"},"geometry":{"type":"Point","coordinates":[-73.36661,44.98905]}},{"type":"Feature","properties":{"id":"882b0cb059","n":"Westelcom Plattsburgh Data Center","o":"Westelcom","city":"Plattsburgh","st":"NY","mkt":"Plattsburgh","s":"Active","raw":"Active","p":"census"},"geometry":{"type":"Point","coordinates":[-73.45339,44.6965]}},{"type":"Feature","properties":{"id":"6b47a238dd","n":"colo@OldMain","o":"Clarkson University","city":"Potsdam","st":"NY","mkt":"Potsdam","s":"Active","raw":"Active","p":"census"},"geometry":{"type":"Point","coordinates":[-74.98246,44.6686]}},{"type":"Feature","properties":{"id":"80120a86f6","n":"Albion Data Center","o":"(operator not disclosed)","city":"Albion","st":"NY","mkt":"Rochester","s":"Active","raw":"Active","p":"census"},"geometry":{"type":"Point","coordinates":[-78.18774,43.24116]}},{"type":"Feature","properties":{"id":"6c488ae36a","n":"CentriLogic Rochester","o":"Centrilogic","city":"Rochester","st":"NY","mkt":"Rochester","s":"Active","raw":"Active","p":"census"},"geometry":{"type":"Point","coordinates":[-77.67145,43.1664]}},{"type":"Feature","properties":{"id":"ea3e913b42","n":"Lumen Rochester 1","o":"Lumen","city":"Rochester","st":"NY","mkt":"Rochester","s":"Active","raw":"Active","p":"census"},"geometry":{"type":"Point","coordinates":[-77.61252,43.15566]}},{"type":"Feature","properties":{"id":"b1547870c2","n":"Lumen Rochester 3","o":"Lumen","city":"Gates","st":"NY","mkt":"Rochester","s":"Active","raw":"Active","p":"census"},"geometry":{"type":"Point","coordinates":[-77.73038,43.15099]}},{"type":"Feature","properties":{"id":"6d4989fab1","n":"RochesterColo Data Center","o":"Rochester Colo, LLC","city":"Pittsford","st":"NY","mkt":"Rochester","s":"Active","raw":"Active","p":"census"},"geometry":{"type":"Point","coordinates":[-77.4688,43.04818]}},{"type":"Feature","properties":{"id":"905f1bff31","n":"Vulcan Infrastructure Dresden","o":"Vulcan Infrastructure and Power Inc.","city":"Dresden","st":"NY","mkt":"Rochester","s":"Active","raw":"Active","p":"city"},"geometry":{"type":"Point","coordinates":[-73.41067,43.67256]}},{"type":"Feature","properties":{"id":"1a31b8bff1","n":"FLTG Park","o":"FirstLight Fiber","city":"Romulus","st":"NY","mkt":"Romulus","s":"Active","raw":"Active","p":"census"},"geometry":{"type":"Point","coordinates":[-76.87853,42.79039]}},{"type":"Feature","properties":{"id":"ba8878ce0d","n":"Cogent Data Center - Syracuse","o":"Cogent Communications, Inc.","city":"Syracuse","st":"NY","mkt":"Syracuse","s":"Active","raw":"Active","p":"census"},"geometry":{"type":"Point","coordinates":[-76.10262,43.07763]}},{"type":"Feature","properties":{"id":"0fb50c6fdb","n":"Lumen East Syracuse 1","o":"Lumen","city":"East Syracuse","st":"NY","mkt":"Syracuse","s":"Active","raw":"Active","p":"census"},"geometry":{"type":"Point","coordinates":[-76.07345,43.09177]}},{"type":"Feature","properties":{"id":"6feabad8d6","n":"Lumen Syracuse 1","o":"Lumen","city":"Syracuse","st":"NY","mkt":"Syracuse","s":"Active","raw":"Active","p":"census"},"geometry":{"type":"Point","coordinates":[-76.15361,43.05085]}},{"type":"Feature","properties":{"id":"e9c88b7a37","n":"NaviSite Syracuse","o":"NaviSite, Inc.","city":"Syracuse","st":"NY","mkt":"Syracuse","s":"Active","raw":"Active","p":"census"},"geometry":{"type":"Point","coordinates":[-76.17195,43.09383]}},{"type":"Feature","properties":{"id":"e609d34e95","n":"Northland Syracuse Datacenter","o":"Northland Communications","city":"Syracuse","st":"NY","mkt":"Syracuse","s":"Active","raw":"Active","p":"census"},"geometry":{"type":"Point","coordinates":[-76.15226,43.04426]}},{"type":"Feature","properties":{"id":"e306afca98","n":"Westelcom Syracuse Data Center","o":"Westelcom","city":"Syracuse","st":"NY","mkt":"Syracuse","s":"Active","raw":"Active","p":"census"},"geometry":{"type":"Point","coordinates":[-76.15069,43.05044]}},{"type":"Feature","properties":{"id":"7d464447e9","n":"Northland Utica Datacenter","o":"Northland Communications","city":"Utica","st":"NY","mkt":"Utica","s":"Active","raw":"Active","p":"census"},"geometry":{"type":"Point","coordinates":[-75.235,43.09962]}},{"type":"Feature","properties":{"id":"adcd23541c","n":"CyrusOne NYM7 - Wappingers Falls","o":"CyrusOne Data Centers","city":"Wappingers Falls","st":"NY","mkt":"Wappingers Falls","s":"Active","raw":"Active","p":"census"},"geometry":{"type":"Point","coordinates":[-73.88416,41.59691]}},{"type":"Feature","properties":{"id":"6ffabe2367","n":"Westelcom Watertown Data Center","o":"Westelcom","city":"Watertown","st":"NY","mkt":"Watertown","s":"Active","raw":"Active","p":"census"},"geometry":{"type":"Point","coordinates":[-75.91334,43.97516]}},{"type":"Feature","properties":{"id":"d347662d1f","n":"Cohere Westchester","o":"Cohere Communications","city":"Tarrytown","st":"NY","mkt":"Westchester County","s":"Active","raw":"Active","p":"census"},"geometry":{"type":"Point","coordinates":[-73.84415,41.0802]}},{"type":"Feature","properties":{"id":"48f3aadefe","n":"Continuity Centers Hawthorne","o":"American Business Continuity Centers, LLC","city":"Hawthorne","st":"NY","mkt":"Westchester County","s":"Active","raw":"Active","p":"census"},"geometry":{"type":"Point","coordinates":[-73.81383,41.09095]}},{"type":"Feature","properties":{"id":"be426c90a1","n":"Crown Castle New York (NY2)","o":"Crown Castle","city":"White Plains","st":"NY","mkt":"Westchester County","s":"Active","raw":"Active","p":"census"},"geometry":{"type":"Point","coordinates":[-73.76668,41.03451]}},{"type":"Feature","properties":{"id":"a98e6b6736","n":"Equinix NY13","o":"Equinix","city":"Elmsford","st":"NY","mkt":"Westchester County","s":"Active","raw":"Active","p":"census"},"geometry":{"type":"Point","coordinates":[-73.81931,41.07165]}},{"type":"Feature","properties":{"id":"80155a2dd5","n":"TierPoint Hawthorne - New York","o":"TierPoint","city":"Hawthorne","st":"NY","mkt":"Westchester County","s":"Active","raw":"Active","p":"census"},"geometry":{"type":"Point","coordinates":[-73.81383,41.09095]}},{"type":"Feature","properties":{"id":"63fa6c9688","n":"TierPoint Hawthorne 2 - New York","o":"TierPoint","city":"Hawthorne","st":"NY","mkt":"Westchester County","s":"Active","raw":"Active","p":"census"},"geometry":{"type":"Point","coordinates":[-73.81386,41.09092]}},{"type":"Feature","properties":{"id":"186b0478b3","n":"SS&C GlobeOp Data Center","o":"SS&C GlobeOp","city":"Yorktown Heights","st":"NY","mkt":"Yorktown Heights","s":"Active","raw":"Active","p":"census"},"geometry":{"type":"Point","coordinates":[-73.77756,41.26398]}},{"type":"Feature","properties":{"id":"e6b9a2fc15","n":"Automated Results Data Center","o":"Automated Results","city":"Rosman","st":"NC","mkt":"Asheville","s":"Active","raw":"Active","p":"city"},"geometry":{"type":"Point","coordinates":[-82.82202,35.14369]}},{"type":"Feature","properties":{"id":"29d096f9df","n":"PARI Data Center","o":"Pisgah Astronomical Research Institute","city":"Rosman","st":"NC","mkt":"Brevard","s":"Active","raw":"Active","p":"city"},"geometry":{"type":"Point","coordinates":[-82.82202,35.14369]}},{"type":"Feature","properties":{"id":"06bf600277","n":"NC Data Center Park","o":"Five 9s Digital, LLC","city":"Claremont","st":"NC","mkt":"Catawba","s":"Active","raw":"Active","p":"census"},"geometry":{"type":"Point","coordinates":[-81.15713,35.7014]}},{"type":"Feature","properties":{"id":"61d3fcba37","n":"113 North Myers Street (CLT10)","o":"Digital Realty","city":"Charlotte","st":"NC","mkt":"Charlotte","s":"Active","raw":"Active","p":"census"},"geometry":{"type":"Point","coordinates":[-80.83595,35.2214]}},{"type":"Feature","properties":{"id":"cc9a46507a","n":"125 North Myers Street (CTL11)","o":"Digital Realty","city":"Charlotte","st":"NC","mkt":"Charlotte","s":"Active","raw":"Active","p":"census"},"geometry":{"type":"Point","coordinates":[-80.83582,35.22149]}},{"type":"Feature","properties":{"id":"21aa266f3e","n":"12899 Moores Chapel Rd","o":"Digital Realty","city":"Charlotte","st":"NC","mkt":"Charlotte","s":"Active","raw":"Active","p":"census"},"geometry":{"type":"Point","coordinates":[-81.00146,35.2519]}},{"type":"Feature","properties":{"id":"7dfc1e2be9","n":"5CDC Charlotte - CLT01","o":"5C Group Inc.","city":"Charlotte","st":"NC","mkt":"Charlotte","s":"Active","raw":"Active","p":"city","np":1},"geometry":{"type":"Point","coordinates":[-80.84308,35.22721]}},{"type":"Feature","properties":{"id":"27d5db0bb2","n":"725 East Trade Street","o":"Digital Realty","city":"Charlotte","st":"NC","mkt":"Charlotte","s":"Active","raw":"Active","p":"census"},"geometry":{"type":"Point","coordinates":[-80.83637,35.22157]}},{"type":"Feature","properties":{"id":"0f988fd976","n":"731 East Trade Street (CTL12)","o":"Digital Realty","city":"Charlotte","st":"NC","mkt":"Charlotte","s":"Active","raw":"Active","p":"census"},"geometry":{"type":"Point","coordinates":[-80.83634,35.22155]}},{"type":"Feature","properties":{"id":"011d5bf0de","n":"CENTRA Charlotte (CLT1)","o":"CENTRA","city":"Charlotte","st":"NC","mkt":"Charlotte","s":"Active","raw":"Active","p":"census"},"geometry":{"type":"Point","coordinates":[-80.83697,35.22209]}},{"type":"Feature","properties":{"id":"efa029cd60","n":"CentriLogic Lenoir","o":"CentriLogic","city":"Lenoir","st":"NC","mkt":"Charlotte","s":"Active","raw":"Active","p":"census"},"geometry":{"type":"Point","coordinates":[-81.54235,35.92269]}},{"type":"Feature","properties":{"id":"1b3aa70e29","n":"Charlotte Colocation Center","o":"Charlotte Colocation Center, LLC","city":"Charlotte","st":"NC","mkt":"Charlotte","s":"Active","raw":"Active","p":"census"},"geometry":{"type":"Point","coordinates":[-80.84287,35.15189]}},{"type":"Feature","properties":{"id":"afa6969faa","n":"Charlotte Data Center","o":"Five 9s Digital, LLC","city":"Charlotte","st":"NC","mkt":"Charlotte","s":"Active","raw":"Active","p":"census"},"geometry":{"type":"Point","coordinates":[-80.92637,35.17971]}},{"type":"Feature","properties":{"id":"8e6af0df74","n":"Charlotte Gateway Data Center","o":"Five 9s Digital, LLC","city":"Charlotte","st":"NC","mkt":"Charlotte","s":"Active","raw":"Active","p":"census"},"geometry":{"type":"Point","coordinates":[-80.83577,35.22137]}},{"type":"Feature","properties":{"id":"7ed689243a","n":"CloudOgre Data Center","o":"CloudOgre","city":"Mill Spring","st":"NC","mkt":"Charlotte","s":"Active","raw":"Active","p":"census"},"geometry":{"type":"Point","coordinates":[-82.15973,35.30104]}},{"type":"Feature","properties":{"id":"3175c1aa81","n":"Cogent Data Center - Charlotte","o":"Cogent Communications, Inc.","city":"Charlotte","st":"NC","mkt":"Charlotte","s":"Active","raw":"Active","p":"census"},"geometry":{"type":"Point","coordinates":[-80.83697,35.22209]}},{"type":"Feature","properties":{"id":"3ce13412f4","n":"Cogent Data Center - Charlotte 2","o":"Cogent Communications, Inc.","city":"Charlotte","st":"NC","mkt":"Charlotte","s":"Active","raw":"Active","p":"census"},"geometry":{"type":"Point","coordinates":[-80.85788,35.22098]}},{"type":"Feature","properties":{"id":"f7c6360dd8","n":"Compass Statesville Campus","o":"Compass Datacenters","city":"Statesville","st":"NC","mkt":"Charlotte","s":"Active","raw":"Active","p":"city"},"geometry":{"type":"Point","coordinates":[-80.88736,35.78277]}},{"type":"Feature","properties":{"id":"31262ee2f2","n":"Data Journey Catawba County","o":"Data Journey","city":"Claremont","st":"NC","mkt":"Charlotte","s":"Active","raw":"Active","p":"census"},"geometry":{"type":"Point","coordinates":[-81.15712,35.70204]}},{"type":"Feature","properties":{"id":"50805b7888","n":"Flexential Charlotte - North Data Center","o":"Flexential","city":"Charlotte","st":"NC","mkt":"Charlotte","s":"Active","raw":"Active","p":"census"},"geometry":{"type":"Point","coordinates":[-80.76355,35.33359]}},{"type":"Feature","properties":{"id":"f2c258aa8c","n":"Flexential Charlotte - South Data Center","o":"Flexential","city":"Charlotte","st":"NC","mkt":"Charlotte","s":"Active","raw":"Active","p":"census"},"geometry":{"type":"Point","coordinates":[-80.93659,35.13468]}},{"type":"Feature","properties":{"id":"d10a59e38e","n":"H5 Data Centers Charlotte","o":"H5 Data Centers","city":"Charlotte","st":"NC","mkt":"Charlotte","s":"Active","raw":"Active","p":"census"},"geometry":{"type":"Point","coordinates":[-80.76355,35.33359]}},{"type":"Feature","properties":{"id":"3240fa188e","n":"Lumen Charlotte 1","o":"Lumen","city":"Charlotte","st":"NC","mkt":"Charlotte","s":"Active","raw":"Active","p":"census"},"geometry":{"type":"Point","coordinates":[-80.92734,35.17842]}},{"type":"Feature","properties":{"id":"a9412cb9b9","n":"Lumen Charlotte 2","o":"Lumen","city":"Charlotte","st":"NC","mkt":"Charlotte","s":"Active","raw":"Active","p":"census"},"geometry":{"type":"Point","coordinates":[-80.83586,35.22131]}},{"type":"Feature","properties":{"id":"84cabe00d2","n":"Lumen Charlotte 3","o":"Lumen","city":"Charlotte","st":"NC","mkt":"Charlotte","s":"Active","raw":"Active","p":"census"},"geometry":{"type":"Point","coordinates":[-80.83389,35.23543]}},{"type":"Feature","properties":{"id":"d69a4aa449","n":"Lumen Charlotte 4","o":"Lumen","city":"Charlotte","st":"NC","mkt":"Charlotte","s":"Active","raw":"Active","p":"census"},"geometry":{"type":"Point","coordinates":[-80.92035,35.22191]}},{"type":"Feature","properties":{"id":"ab02c9f0b3","n":"Meta Forest City Campus","o":"Meta","city":"Forest City","st":"NC","mkt":"Charlotte","s":"Active","raw":"Active","p":"city"},"geometry":{"type":"Point","coordinates":[-81.86492,35.33373]}},{"type":"Feature","properties":{"id":"6f717fa44b","n":"PowerHouse Charlotte","o":"PowerHouse Data Centers","city":"Charlotte","st":"NC","mkt":"Charlotte","s":"Active","raw":"Active","p":"city"},"geometry":{"type":"Point","coordinates":[-80.84308,35.22721]}},{"type":"Feature","properties":{"id":"e2c8a5d2fd","n":"ScaleMatrix Charlotte","o":"ScaleMatrix","city":"Charlotte","st":"NC","mkt":"Charlotte","s":"Active","raw":"Active","p":"census"},"geometry":{"type":"Point","coordinates":[-80.92747,35.17432]}},{"type":"Feature","properties":{"id":"f2c6a90cab","n":"Segra Charlotte 1","o":"Segra","city":"Charlotte","st":"NC","mkt":"Charlotte","s":"Active","raw":"Active","p":"census"},"geometry":{"type":"Point","coordinates":[-80.93784,35.19335]}},{"type":"Feature","properties":{"id":"ffd2dcba05","n":"Segra Charlotte 2","o":"Segra","city":"Charlotte","st":"NC","mkt":"Charlotte","s":"Active","raw":"Active","p":"census"},"geometry":{"type":"Point","coordinates":[-80.93798,35.19334]}},{"type":"Feature","properties":{"id":"8155f7ef78","n":"Segra Kannapolis","o":"Segra","city":"Kannapolis","st":"NC","mkt":"Charlotte","s":"Active","raw":"Active","p":"city"},"geometry":{"type":"Point","coordinates":[-80.624,35.49796]}},{"type":"Feature","properties":{"id":"340a4370ec","n":"T5@Charlotte","o":"T5 Data Centers","city":"Kings Mountain","st":"NC","mkt":"Charlotte","s":"Active","raw":"Active","p":"census"},"geometry":{"type":"Point","coordinates":[-81.39764,35.24791]}},{"type":"Feature","properties":{"id":"5b2ac3a45a","n":"TierPoint Charlotte 2 - North Myers","o":"TierPoint","city":"Charlotte","st":"NC","mkt":"Charlotte","s":"Active","raw":"Active","p":"census"},"geometry":{"type":"Point","coordinates":[-80.83582,35.22149]}},{"type":"Feature","properties":{"id":"f057d473b0","n":"TierPoint Charlotte 3","o":"TierPoint","city":"Charlotte","st":"NC","mkt":"Charlotte","s":"Active","raw":"Active","p":"census"},"geometry":{"type":"Point","coordinates":[-80.83595,35.2214]}},{"type":"Feature","properties":{"id":"72d12278db","n":"TierPoint Charlotte 4 - Center Park","o":"TierPoint","city":"Charlotte","st":"NC","mkt":"Charlotte","s":"Active","raw":"Active","p":"census"},"geometry":{"type":"Point","coordinates":[-80.92747,35.17432]}},{"type":"Feature","properties":{"id":"667b46d62c","n":"Uniti Charlotte","o":"Uniti Wholesale","city":"Charlotte","st":"NC","mkt":"Charlotte","s":"Active","raw":"Active","p":"census"},"geometry":{"type":"Point","coordinates":[-80.83735,35.2187]}},{"type":"Feature","properties":{"id":"bdd66dc912","n":"CyrusOne DUR1 - Durham","o":"CyrusOne Data Centers","city":"Durham","st":"NC","mkt":"Durham","s":"Active","raw":"Active","p":"census"},"geometry":{"type":"Point","coordinates":[-78.88385,35.93062]}},{"type":"Feature","properties":{"id":"4dd812899c","n":"Kyndryl Research Triangle Park","o":"Kyndryl","city":"Durham","st":"NC","mkt":"Durham","s":"Active","raw":"Active","p":"census"},"geometry":{"type":"Point","coordinates":[-78.85678,35.90324]}},{"type":"Feature","properties":{"id":"2c2594b4d4","n":"MCNC Research Triangle Park","o":"MCNC","city":"Research Triangle Park","st":"NC","mkt":"Durham","s":"Active","raw":"Active","p":"census"},"geometry":{"type":"Point","coordinates":[-78.85726,35.90342]}},{"type":"Feature","properties":{"id":"68e607bff7","n":"MCNC Rosman","o":"MCNC","city":"Rosman","st":"NC","mkt":"Durham","s":"Active","raw":"Active","p":"city"},"geometry":{"type":"Point","coordinates":[-82.82202,35.14369]}},{"type":"Feature","properties":{"id":"a64928d284","n":"TierPoint Raleigh - RTP","o":"TierPoint","city":"Durham","st":"NC","mkt":"Durham","s":"Active","raw":"Active","p":"city"},"geometry":{"type":"Point","coordinates":[-78.90181,35.99665]}},{"type":"Feature","properties":{"id":"f31e219ca8","n":"AIT.com Data Center","o":"Advanced Internet Technologies, Inc.","city":"Fayetteville","st":"NC","mkt":"Fayetteville","s":"Active","raw":"Active","p":"census"},"geometry":{"type":"Point","coordinates":[-78.88261,35.05539]}},{"type":"Feature","properties":{"id":"737b1ab1ff","n":"Tarheel Cloud Data Center","o":"Tarheel Media","city":"Princeton","st":"NC","mkt":"Goldsboro","s":"Active","raw":"Active","p":"census"},"geometry":{"type":"Point","coordinates":[-78.15967,35.46552]}},{"type":"Feature","properties":{"id":"beb2eafb25","n":"DC BLOX High Point","o":"DC BLOX Inc.","city":"Greensboro","st":"NC","mkt":"Greensboro","s":"Active","raw":"Active","p":"city"},"geometry":{"type":"Point","coordinates":[-79.79198,36.07264]}},{"type":"Feature","properties":{"id":"42f57efa68","n":"Drox Group Rural Hall Campus","o":"The Drox Group","city":"Rural Hall","st":"NC","mkt":"Greensboro","s":"Active","raw":"Active","p":"census"},"geometry":{"type":"Point","coordinates":[-80.2992,36.24272]}},{"type":"Feature","properties":{"id":"e9b254c0b9","n":"Dynamic Quest Data Center","o":"Dynamic Quest","city":"Greensboro","st":"NC","mkt":"Greensboro","s":"Active","raw":"Active","p":"census"},"geometry":{"type":"Point","coordinates":[-79.87912,36.04978]}},{"type":"Feature","properties":{"id":"8fc302698b","n":"Enovum Data Centers - NC01","o":"Enovum Data Centers Corp","city":"Madison","st":"NC","mkt":"Greensboro","s":"Active","raw":"Active","p":"census"},"geometry":{"type":"Point","coordinates":[-79.98714,36.40111]}},{"type":"Feature","properties":{"id":"50d2945aab","n":"GTT Greensboro Data Center","o":"GTT Communications","city":"Greensboro","st":"NC","mkt":"Greensboro","s":"Active","raw":"Active","p":"census"},"geometry":{"type":"Point","coordinates":[-79.78681,36.07852]}},{"type":"Feature","properties":{"id":"b1d03f797c","n":"ImpactData Greensboro Dream Center","o":"ImpactData","city":"Greensboro","st":"NC","mkt":"Greensboro","s":"Active","raw":"Active","p":"city"},"geometry":{"type":"Point","coordinates":[-79.79198,36.07264]}},{"type":"Feature","properties":{"id":"75ee330d9f","n":"Lumen Greensboro 1","o":"Lumen","city":"Greensboro","st":"NC","mkt":"Greensboro","s":"Active","raw":"Active","p":"census"},"geometry":{"type":"Point","coordinates":[-79.79392,36.02924]}},{"type":"Feature","properties":{"id":"b8b5aa737a","n":"Lumen Greensboro 2","o":"Lumen","city":"Greensboro","st":"NC","mkt":"Greensboro","s":"Active","raw":"Active","p":"census"},"geometry":{"type":"Point","coordinates":[-79.94528,36.07064]}},{"type":"Feature","properties":{"id":"bba67d40e0","n":"Project Delta","o":"Engineered Land Solutions","city":"Walnut Cove","st":"NC","mkt":"Greensboro","s":"Planned","raw":"Planned","p":"city"},"geometry":{"type":"Point","coordinates":[-80.14171,36.29541]}},{"type":"Feature","properties":{"id":"427e775c77","n":"Natelli Henderson Data Center","o":"Natelli Holdings","city":"Henderson","st":"NC","mkt":"Henderson","s":"Planned","raw":"Planned","p":"census"},"geometry":{"type":"Point","coordinates":[-78.46666,36.30534]}},{"type":"Feature","properties":{"id":"b672730e08","n":"DigiPowerX Hildebran","o":"DigiPower X Inc.","city":"Hildebran","st":"NC","mkt":"Hickory","s":"Active","raw":"Active","p":"city"},"geometry":{"type":"Point","coordinates":[-81.42203,35.71402]}},{"type":"Feature","properties":{"id":"0c8bd3c2fb","n":"Google Lenoir Data Center","o":"Google","city":"Lenoir","st":"NC","mkt":"Hickory","s":"Active","raw":"Active","p":"census"},"geometry":{"type":"Point","coordinates":[-81.54689,35.90016]}},{"type":"Feature","properties":{"id":"64efd886ca","n":"Microsoft Lyle Creek Campus","o":"Microsoft","city":"Conover","st":"NC","mkt":"Hickory","s":"Expanding","raw":"Active/Expanding","p":"census"},"geometry":{"type":"Point","coordinates":[-81.20579,35.72729]}},{"type":"Feature","properties":{"id":"1b5f86bfab","n":"Apple Maiden Campus","o":"Apple","city":"Maiden","st":"NC","mkt":"Maiden","s":"Active","raw":"Active","p":"census"},"geometry":{"type":"Point","coordinates":[-81.25669,35.58861]}},{"type":"Feature","properties":{"id":"ac548d8202","n":"Microsoft Boyd Farms Campus","o":"Microsoft","city":"Maiden","st":"NC","mkt":"Maiden","s":"Expanding","raw":"Active/Expanding","p":"census"},"geometry":{"type":"Point","coordinates":[-81.19486,35.56973]}},{"type":"Feature","properties":{"id":"6efe36035f","n":"Core Scientific Marble","o":"Core Scientific","city":"Marble","st":"NC","mkt":"Marble","s":"Active","raw":"Active","p":"census"},"geometry":{"type":"Point","coordinates":[-83.91409,35.18499]}},{"type":"Feature","properties":{"id":"ae36ddfcad","n":"AceHost Raleigh-Durham Data Center","o":"AceHost","city":"Durham","st":"NC","mkt":"Raleigh","s":"Active","raw":"Active","p":"census"},"geometry":{"type":"Point","coordinates":[-78.84926,35.89723]}},{"type":"Feature","properties":{"id":"225c6ab91e","n":"American Tower AEDC Raleigh","o":"American Tower Corporation","city":"Raleigh","st":"NC","mkt":"Raleigh","s":"Active","raw":"Active","p":"census"},"geometry":{"type":"Point","coordinates":[-78.72531,35.78919]}},{"type":"Feature","properties":{"id":"93c1992c01","n":"Celito Data Center","o":"Celito Communications, Inc.","city":"Raleigh","st":"NC","mkt":"Raleigh","s":"Active","raw":"Active","p":"census"},"geometry":{"type":"Point","coordinates":[-78.73074,35.79888]}},{"type":"Feature","properties":{"id":"2acd9e5325","n":"Cisco RTP Data Center","o":"Cisco Systems","city":"Morrisville","st":"NC","mkt":"Raleigh","s":"Active","raw":"Active","p":"census"},"geometry":{"type":"Point","coordinates":[-78.87262,35.85558]}},{"type":"Feature","properties":{"id":"4b7eb76859","n":"Cogent Data Center - Raleigh","o":"Cogent Communications, Inc.","city":"Raleigh","st":"NC","mkt":"Raleigh","s":"Active","raw":"Active","p":"census"},"geometry":{"type":"Point","coordinates":[-78.64814,35.77862]}},{"type":"Feature","properties":{"id":"1bbc8f1813","n":"Flexential Raleigh Data Center","o":"Flexential","city":"Morrisville","st":"NC","mkt":"Raleigh","s":"Active","raw":"Active","p":"census"},"geometry":{"type":"Point","coordinates":[-78.82875,35.84901]}},{"type":"Feature","properties":{"id":"4445736960","n":"LightEdge - Raleigh","o":"LightEdge","city":"Raleigh","st":"NC","mkt":"Raleigh","s":"Active","raw":"Active","p":"census"},"geometry":{"type":"Point","coordinates":[-78.77754,35.90893]}},{"type":"Feature","properties":{"id":"eed21fdfc5","n":"Lumen Raleigh 2","o":"Lumen","city":"Raleigh","st":"NC","mkt":"Raleigh","s":"Active","raw":"Active","p":"census"},"geometry":{"type":"Point","coordinates":[-78.62461,35.80629]}},{"type":"Feature","properties":{"id":"00644ac50f","n":"Lumen Raleigh 3","o":"Lumen","city":"Raleigh","st":"NC","mkt":"Raleigh","s":"Active","raw":"Active","p":"census"},"geometry":{"type":"Point","coordinates":[-78.60951,35.82611]}},{"type":"Feature","properties":{"id":"0f50eb3e86","n":"Lumen Raleigh 4","o":"Lumen","city":"Raleigh","st":"NC","mkt":"Raleigh","s":"Active","raw":"Active","p":"census"},"geometry":{"type":"Point","coordinates":[-78.59579,35.85441]}},{"type":"Feature","properties":{"id":"14f09fe3ca","n":"NetActuate Cary Data Center","o":"NetActuate","city":"Cary","st":"NC","mkt":"Raleigh","s":"Active","raw":"Active","p":"census"},"geometry":{"type":"Point","coordinates":[-78.81106,35.73292]}},{"type":"Feature","properties":{"id":"318635156a","n":"New Hill Digital Campus","o":"Natelli Holdings","city":"New Hill","st":"NC","mkt":"Raleigh","s":"Expanding","raw":"Active/Expanding","p":"city"},"geometry":{"type":"Point","coordinates":[-78.93557,35.68099]}},{"type":"Feature","properties":{"id":"cdb73adf06","n":"Segra Raleigh","o":"Segra","city":"Raleigh","st":"NC","mkt":"Raleigh","s":"Active","raw":"Active","p":"census"},"geometry":{"type":"Point","coordinates":[-78.6624,35.72368]}},{"type":"Feature","properties":{"id":"31aa063418","n":"TierPoint Raleigh - RAL","o":"TierPoint","city":"Raleigh","st":"NC","mkt":"Raleigh","s":"Active","raw":"Active","p":"census"},"geometry":{"type":"Point","coordinates":[-78.59579,35.85441]}},{"type":"Feature","properties":{"id":"334333451c","n":"Amazon AWS - Richmond County","o":"Amazon AWS","city":"Hamlet","st":"NC","mkt":"Rockingham","s":"Building","raw":"Under Construction","p":"city"},"geometry":{"type":"Point","coordinates":[-79.69721,34.88637]}},{"type":"Feature","properties":{"id":"ed7dcb4c0d","n":"Kingsboro NetZero Campus","o":"Energy Storage Solutions LLC","city":"Rocky Mount","st":"NC","mkt":"Rocky Mount","s":"Active","raw":"Active","p":"city"},"geometry":{"type":"Point","coordinates":[-77.79569,35.94238]}},{"type":"Feature","properties":{"id":"baf42309bb","n":"Tarboro NetZero Campus","o":"Energy Storage Solutions LLC","city":"Tarboro","st":"NC","mkt":"Rocky Mount","s":"Active","raw":"Active","p":"city"},"geometry":{"type":"Point","coordinates":[-77.5358,35.89682]}},{"type":"Feature","properties":{"id":"b63bf823b5","n":"Microsoft - Person County Mega Park","o":"Microsoft","city":"Roxboro","st":"NC","mkt":"Roxboro","s":"Expanding","raw":"Active/Expanding","p":"city"},"geometry":{"type":"Point","coordinates":[-78.98279,36.39375]}},{"type":"Feature","properties":{"id":"8c43942a1a","n":"BalsamWest Data Center","o":"BalsamWest Fibernet LLC","city":"Sylva","st":"NC","mkt":"Sylva","s":"Active","raw":"Active","p":"census"},"geometry":{"type":"Point","coordinates":[-83.20854,35.3508]}},{"type":"Feature","properties":{"id":"63650cb7ec","n":"Segra Winston-Salem","o":"Segra (DataChambers)","city":"Winston-Salem","st":"NC","mkt":"Winston Salem","s":"Active","raw":"Active","p":"census"},"geometry":{"type":"Point","coordinates":[-80.22559,36.0562]}},{"type":"Feature","properties":{"id":"9a65ff21d9","n":"SolidSpace","o":"SolidSpace","city":"Winston-Salem","st":"NC","mkt":"Winston Salem","s":"Active","raw":"Active","p":"census"},"geometry":{"type":"Point","coordinates":[-80.28322,36.18185]}},{"type":"Feature","properties":{"id":"6abeda8dfb","n":"Aurum Capital Ventures - Bismarck","o":"Aurum Capital Ventures","city":"Bismarck","st":"ND","mkt":"Bismarck","s":"Active","raw":"Active","p":"census"},"geometry":{"type":"Point","coordinates":[-100.73391,46.80002]}},{"type":"Feature","properties":{"id":"b9392c7d9c","n":"DCN Bismarck","o":"Dakota Carrier Network","city":"Bismarck","st":"ND","mkt":"Bismarck","s":"Active","raw":"Active","p":"census"},"geometry":{"type":"Point","coordinates":[-100.7804,46.85098]}},{"type":"Feature","properties":{"id":"349076d228","n":"Applied Digital Ellendale Campus","o":"Applied Digital Corporation","city":"Ellendale","st":"ND","mkt":"Ellendale","s":"Expanding","raw":"Active/Expanding","p":"census"},"geometry":{"type":"Point","coordinates":[-98.5685,46.02147]}},{"type":"Feature","properties":{"id":"eb8e641cb6","n":"702 Data Center","o":"702 Communications","city":"Fargo","st":"ND","mkt":"Fargo","s":"Active","raw":"Active","p":"city","np":1},"geometry":{"type":"Point","coordinates":[-96.78982,46.87723]}},{"type":"Feature","properties":{"id":"f745f7f105","n":"Applied Digital Polaris Forge 2","o":"Applied Digital Corporation","city":"Harwood","st":"ND","mkt":"Fargo","s":"Building","raw":"Planned/Under Construction","p":"city","np":1},"geometry":{"type":"Point","coordinates":[-96.88064,46.97941]}},{"type":"Feature","properties":{"id":"4d91024386","n":"DCN Fargo","o":"Dakota Carrier Network","city":"Fargo","st":"ND","mkt":"Fargo","s":"Active","raw":"Active","p":"census"},"geometry":{"type":"Point","coordinates":[-96.8425,46.81419]}},{"type":"Feature","properties":{"id":"a13c6a8531","n":"Fidium Fargo","o":"Fidium","city":"Fargo","st":"ND","mkt":"Fargo","s":"Active","raw":"Active","p":"census"},"geometry":{"type":"Point","coordinates":[-96.8513,46.83025]}},{"type":"Feature","properties":{"id":"a63e0efd90","n":"Midco Fargo","o":"Midco","city":"Fargo","st":"ND","mkt":"Fargo","s":"Active","raw":"Active","p":"city"},"geometry":{"type":"Point","coordinates":[-96.78982,46.87723]}},{"type":"Feature","properties":{"id":"054dca4183","n":"Core Scientific Grand Forks","o":"Core Scientific","city":"Grand Forks","st":"ND","mkt":"Grand Forks","s":"Active","raw":"Active","p":"census"},"geometry":{"type":"Point","coordinates":[-97.11069,47.9111]}},{"type":"Feature","properties":{"id":"cddb5b8669","n":"Midco Grand Forks","o":"Midco","city":"Grand Forks","st":"ND","mkt":"Grand Forks","s":"Active","raw":"Active","p":"census"},"geometry":{"type":"Point","coordinates":[-97.07497,47.88939]}},{"type":"Feature","properties":{"id":"5f4e4f5f5f","n":"Applied Digital JMS","o":"Applied Digital Corporation","city":"Jamestown","st":"ND","mkt":"Jamestown","s":"Active","raw":"Active","p":"census"},"geometry":{"type":"Point","coordinates":[-98.67909,47.02959]}},{"type":"Feature","properties":{"id":"3015e9fc61","n":"Bitzero Nekoma","o":"Bitzero Blockchain Inc.","city":"Nekoma","st":"ND","mkt":"Langdon","s":"Active","raw":"Active","p":"city"},"geometry":{"type":"Point","coordinates":[-98.37039,48.57722]}},{"type":"Feature","properties":{"id":"24d4ae0866","n":"Project Trinity","o":"Teton Digital","city":"Dry Fork Township","st":"ND","mkt":"Tioga","s":"Building","raw":"Under Construction","p":"census"},"geometry":{"type":"Point","coordinates":[-102.9149,48.2841]}},{"type":"Feature","properties":{"id":"613d5faa39","n":"Atlas Power Williston","o":"Atlas Power","city":"Williston","st":"ND","mkt":"Williston","s":"Active","raw":"Active","p":"census"},"geometry":{"type":"Point","coordinates":[-103.77671,48.15254]}},{"type":"Feature","properties":{"id":"36238bd201","n":"Project Fighting Pike Campus","o":"Critical Data House, LLC","city":"Williston","st":"ND","mkt":"Williston","s":"Expanding","raw":"Active/Expanding","p":"city"},"geometry":{"type":"Point","coordinates":[-103.62181,48.14655]}},{"type":"Feature","properties":{"id":"83e10591a5","n":"Ark Data Centers Akron Campus","o":"Ark Data Centers","city":"Akron","st":"OH","mkt":"Akron","s":"Active","raw":"Active","p":"census"},"geometry":{"type":"Point","coordinates":[-81.52215,41.05657]}},{"type":"Feature","properties":{"id":"ca3c22222e","n":"Bitdeer Shalersville Campus","o":"Bitdeer Technologies Group","city":"Mantua","st":"OH","mkt":"Akron","s":"Expanding","raw":"Active/Expanding","p":"city"},"geometry":{"type":"Point","coordinates":[-81.22399,41.28394]}},{"type":"Feature","properties":{"id":"3a36211e91","n":"Cogent Data Center - Akron","o":"Cogent Communications, Inc.","city":"Akron","st":"OH","mkt":"Akron","s":"Active","raw":"Active","p":"census"},"geometry":{"type":"Point","coordinates":[-81.51334,41.08724]}},{"type":"Feature","properties":{"id":"b5648fe699","n":"FairlawnGig Service Center","o":"FairlawnGig","city":"Fairlawn","st":"OH","mkt":"Akron","s":"Active","raw":"Active","p":"city"},"geometry":{"type":"Point","coordinates":[-81.62621,41.13266]}},{"type":"Feature","properties":{"id":"32920c25a2","n":"LightSpeed Data Center","o":"LightSpeed Hosting","city":"Medina","st":"OH","mkt":"Akron","s":"Active","raw":"Active","p":"census"},"geometry":{"type":"Point","coordinates":[-81.70158,41.13607]}},{"type":"Feature","properties":{"id":"8af3c18f64","n":"Lumen Akron 2","o":"Lumen","city":"Akron","st":"OH","mkt":"Akron","s":"Active","raw":"Active","p":"census"},"geometry":{"type":"Point","coordinates":[-81.49072,41.06961]}},{"type":"Feature","properties":{"id":"ac03b2c619","n":"Untangled Technology Data Center","o":"Untangled Technology","city":"Akron","st":"OH","mkt":"Akron","s":"Active","raw":"Active","p":"census"},"geometry":{"type":"Point","coordinates":[-81.65001,41.16744]}},{"type":"Feature","properties":{"id":"25c717d231","n":"CBTS Mason Data Center","o":"CBTS","city":"Mason","st":"OH","mkt":"Akron Canton","s":"Active","raw":"Active","p":"city"},"geometry":{"type":"Point","coordinates":[-84.30994,39.36006]}},{"type":"Feature","properties":{"id":"1d0f9d9e79","n":"TKG Data Center","o":"The Karcher Group","city":"North Canton","st":"OH","mkt":"Akron Canton","s":"Active","raw":"Active","p":"census"},"geometry":{"type":"Point","coordinates":[-81.4307,40.90705]}},{"type":"Feature","properties":{"id":"f1ec6273db","n":"Ark Data Centers Canton","o":"Ark Data Centers","city":"Canton","st":"OH","mkt":"Canton","s":"Active","raw":"Active","p":"census"},"geometry":{"type":"Point","coordinates":[-81.43187,40.83313]}},{"type":"Feature","properties":{"id":"ce15d192de","n":"Bitdeer Massillon","o":"Bitdeer Technologies Group","city":"Massillon","st":"OH","mkt":"Canton","s":"Active","raw":"Active","p":"census"},"geometry":{"type":"Point","coordinates":[-81.53684,40.7717]}},{"type":"Feature","properties":{"id":"032ca91e50","n":"DAMAC Canton Campus","o":"DAMAC Digital","city":"East Canton","st":"OH","mkt":"Canton","s":"Planned","raw":"Planned","p":"census"},"geometry":{"type":"Point","coordinates":[-81.31628,40.77599]}},{"type":"Feature","properties":{"id":"3164ac07bb","n":"LSTI 401 Market","o":"LightSpeed Technologies","city":"Canton","st":"OH","mkt":"Canton","s":"Active","raw":"Active","p":"census"},"geometry":{"type":"Point","coordinates":[-81.37404,40.80062]}},{"type":"Feature","properties":{"id":"96fe3d4708","n":"Amazon AWS Butler County Campus","o":"Amazon AWS","city":"Trenton","st":"OH","mkt":"Cincinnati","s":"Active","raw":"Active","p":"census"},"geometry":{"type":"Point","coordinates":[-84.47616,39.43266]}},{"type":"Feature","properties":{"id":"bfc0b84661","n":"Asic Hive Data Center Lockland","o":"Veripic","city":"Lockland","st":"OH","mkt":"Cincinnati","s":"Active","raw":"Active","p":"city","np":1},"geometry":{"type":"Point","coordinates":[-84.45772,39.22922]}},{"type":"Feature","properties":{"id":"c83b7744dc","n":"Buck Canyon Data Center","o":"(operator not disclosed)","city":"Sprigg Township","st":"OH","mkt":"Cincinnati","s":"Active","raw":"Active","p":"city"},"geometry":{"type":"Point","coordinates":[-83.65892,38.69388]}},{"type":"Feature","properties":{"id":"95bfbee098","n":"CBTS Cincinnati Data Center","o":"CBTS","city":"Cincinnati","st":"OH","mkt":"Cincinnati","s":"Active","raw":"Active","p":"city"},"geometry":{"type":"Point","coordinates":[-84.51274,39.10128]}},{"type":"Feature","properties":{"id":"6e9bef553f","n":"CBTS Gold Coast Data Center","o":"CBTS","city":"Blue Ash","st":"OH","mkt":"Cincinnati","s":"Active","raw":"Active","p":"city"},"geometry":{"type":"Point","coordinates":[-84.37828,39.23201]}},{"type":"Feature","properties":{"id":"b33211cd1e","n":"CBTS Hamilton Data Center","o":"CBTS","city":"Hamilton","st":"OH","mkt":"Cincinnati","s":"Active","raw":"Active","p":"city"},"geometry":{"type":"Point","coordinates":[-84.56134,39.39951]}},{"type":"Feature","properties":{"id":"e5e16f7c5b","n":"CenterGrid - Hamilton","o":"CenterGrid","city":"Hamilton","st":"OH","mkt":"Cincinnati","s":"Active","raw":"Active","p":"census"},"geometry":{"type":"Point","coordinates":[-84.56602,39.38708]}},{"type":"Feature","properties":{"id":"625a3451c7","n":"CyrusOne CIN2 - Cincinnati","o":"CyrusOne Data Centers","city":"Cincinnati","st":"OH","mkt":"Cincinnati","s":"Active","raw":"Active","p":"census"},"geometry":{"type":"Point","coordinates":[-84.51732,39.10308]}},{"type":"Feature","properties":{"id":"62d7685787","n":"CyrusOne CIN3 - Mason","o":"CyrusOne Data Centers","city":"Cincinnati","st":"OH","mkt":"Cincinnati","s":"Active","raw":"Active","p":"census"},"geometry":{"type":"Point","coordinates":[-84.31243,39.30325]}},{"type":"Feature","properties":{"id":"d655a49e9e","n":"CyrusOne CIN4 - Hamilton","o":"CyrusOne Data Centers","city":"Hamilton","st":"OH","mkt":"Cincinnati","s":"Active","raw":"Active","p":"census"},"geometry":{"type":"Point","coordinates":[-84.56587,39.38707]}},{"type":"Feature","properties":{"id":"3b5d59c9c4","n":"CyrusOne CIN97 - Cincinnati","o":"CyrusOne Data Centers","city":"Blue Ash","st":"OH","mkt":"Cincinnati","s":"Active","raw":"Active","p":"census"},"geometry":{"type":"Point","coordinates":[-84.38065,39.24458]}},{"type":"Feature","properties":{"id":"e58297de39","n":"DartPoints Cincinnati, OH - CVG01","o":"DartPoints","city":"Cincinnati","st":"OH","mkt":"Cincinnati","s":"Active","raw":"Active","p":"census"},"geometry":{"type":"Point","coordinates":[-84.51728,39.09801]}},{"type":"Feature","properties":{"id":"7e6601be17","n":"DataBank - 334 Gest St","o":"DataBank","city":"Cincinnati","st":"OH","mkt":"Cincinnati","s":"Active","raw":"Active","p":"census"},"geometry":{"type":"Point","coordinates":[-84.52616,39.09794]}},{"type":"Feature","properties":{"id":"b6fc1bb926","n":"Encore Technologies BLU1","o":"Encore Technologies","city":"Blue Ash","st":"OH","mkt":"Cincinnati","s":"Active","raw":"Active","p":"census"},"geometry":{"type":"Point","coordinates":[-84.36726,39.27692]}},{"type":"Feature","properties":{"id":"b5c5551589","n":"Encore Technologies NOR1","o":"Encore Technologies","city":"Cincinnati","st":"OH","mkt":"Cincinnati","s":"Active","raw":"Active","p":"city"},"geometry":{"type":"Point","coordinates":[-84.51274,39.10128]}},{"type":"Feature","properties":{"id":"abe484b5d2","n":"Flexential Cincinnati Data Center","o":"Flexential","city":"Hamilton","st":"OH","mkt":"Cincinnati","s":"Active","raw":"Active","p":"census"},"geometry":{"type":"Point","coordinates":[-84.44967,39.31635]}},{"type":"Feature","properties":{"id":"3afa81adc5","n":"H5 Data Centers Cincinnati","o":"H5 Data Centers","city":"Cincinnati","st":"OH","mkt":"Cincinnati","s":"Active","raw":"Active","p":"census"},"geometry":{"type":"Point","coordinates":[-84.52614,39.09813]}},{"type":"Feature","properties":{"id":"d015b7010c","n":"H5 Data Centers Cincinnati II","o":"H5 Data Centers","city":"Cincinnati","st":"OH","mkt":"Cincinnati","s":"Active","raw":"Active","p":"census"},"geometry":{"type":"Point","coordinates":[-84.53643,39.10603]}},{"type":"Feature","properties":{"id":"df01cfd99c","n":"I74 Wired Data Center","o":"I74 Wired","city":"Cincinnati","st":"OH","mkt":"Cincinnati","s":"Active","raw":"Active","p":"census"},"geometry":{"type":"Point","coordinates":[-84.56953,39.15534]}},{"type":"Feature","properties":{"id":"a733bcde62","n":"LightHouse CLT01","o":"LightHouse Data Centers","city":"Hamilton","st":"OH","mkt":"Cincinnati","s":"Active","raw":"Active","p":"city"},"geometry":{"type":"Point","coordinates":[-84.56134,39.39951]}},{"type":"Feature","properties":{"id":"191dafa5af","n":"Lumen Cincinnati 1","o":"Lumen","city":"Cincinnati","st":"OH","mkt":"Cincinnati","s":"Active","raw":"Active","p":"census"},"geometry":{"type":"Point","coordinates":[-84.50321,39.10189]}},{"type":"Feature","properties":{"id":"a80ae81983","n":"Lumen Cincinnati 3","o":"Lumen","city":"Cincinnati","st":"OH","mkt":"Cincinnati","s":"Active","raw":"Active","p":"census"},"geometry":{"type":"Point","coordinates":[-84.54271,39.10452]}},{"type":"Feature","properties":{"id":"521422a9e9","n":"Lumen Cincinnati 4","o":"Lumen","city":"West Chester","st":"OH","mkt":"Cincinnati","s":"Active","raw":"Active","p":"census"},"geometry":{"type":"Point","coordinates":[-84.43703,39.32213]}},{"type":"Feature","properties":{"id":"7613f478cc","n":"Prologis Project Mila Campus","o":"Prologis","city":"Trenton","st":"OH","mkt":"Cincinnati","s":"Expanding","raw":"Active/Expanding","p":"census"},"geometry":{"type":"Point","coordinates":[-84.4506,39.46215]}},{"type":"Feature","properties":{"id":"dc32ee7306","n":"Aligned NEO-01","o":"Aligned Data Centers","city":"Sandusky","st":"OH","mkt":"Cleveland","s":"Active","raw":"Active","p":"census"},"geometry":{"type":"Point","coordinates":[-82.71632,41.43043]}},{"type":"Feature","properties":{"id":"87efc1f574","n":"Ark Data Centers Independence","o":"Ark Data Centers","city":"Independence","st":"OH","mkt":"Cleveland","s":"Active","raw":"Active","p":"census"},"geometry":{"type":"Point","coordinates":[-81.62942,41.36192]}},{"type":"Feature","properties":{"id":"fc7235d659","n":"Bay Pointe Data Center","o":"Bay Pointe","city":"Richfield","st":"OH","mkt":"Cleveland","s":"Active","raw":"Active","p":"census"},"geometry":{"type":"Point","coordinates":[-81.63814,41.20797]}},{"type":"Feature","properties":{"id":"80a1a07e2c","n":"BlueBridge Networks","o":"BlueBridge Networks LLC","city":"Cleveland","st":"OH","mkt":"Cleveland","s":"Active","raw":"Active","p":"census"},"geometry":{"type":"Point","coordinates":[-81.6837,41.50075]}},{"type":"Feature","properties":{"id":"c005e2f53d","n":"BlueBridge Networks Mayfield Heights","o":"BlueBridge Networks LLC","city":"Mayfield Heights","st":"OH","mkt":"Cleveland","s":"Active","raw":"Active","p":"census"},"geometry":{"type":"Point","coordinates":[-81.47089,41.50153]}},{"type":"Feature","properties":{"id":"7decebe5f3","n":"Brightspeed Lorain","o":"Brightspeed","city":"Lorain","st":"OH","mkt":"Cleveland","s":"Active","raw":"Active","p":"census"},"geometry":{"type":"Point","coordinates":[-82.17381,41.46271]}},{"type":"Feature","properties":{"id":"e5a2f1e21e","n":"CDP Amherst Data Center","o":"Cervenka Development Partners","city":"Amherst","st":"OH","mkt":"Cleveland","s":"Active","raw":"Active","p":"city"},"geometry":{"type":"Point","coordinates":[-82.22238,41.39782]}},{"type":"Feature","properties":{"id":"429f391cb7","n":"Cogent Data Center - Cleveland","o":"Cogent Communications, Inc.","city":"Cleveland","st":"OH","mkt":"Cleveland","s":"Active","raw":"Active","p":"census"},"geometry":{"type":"Point","coordinates":[-81.68052,41.50116]}},{"type":"Feature","properties":{"id":"5bb854757a","n":"Cogent Data Center - Cleveland 2","o":"Cogent Communications, Inc.","city":"Cleveland","st":"OH","mkt":"Cleveland","s":"Active","raw":"Active","p":"census"},"geometry":{"type":"Point","coordinates":[-81.67456,41.48533]}},{"type":"Feature","properties":{"id":"72c3290542","n":"DataBank CLE1 - Downtown Cleveland","o":"DataBank","city":"Cleveland","st":"OH","mkt":"Cleveland","s":"Active","raw":"Active","p":"census"},"geometry":{"type":"Point","coordinates":[-81.6837,41.50075]}},{"type":"Feature","properties":{"id":"4ba5be246b","n":"Everstream Parma Data Center","o":"Everstream","city":"Parma","st":"OH","mkt":"Cleveland","s":"Active","raw":"Active","p":"census"},"geometry":{"type":"Point","coordinates":[-81.77928,41.40845]}},{"type":"Feature","properties":{"id":"96dd9d8ff0","n":"Expedient Garfield Heights 1","o":"Expedient Data Centers","city":"Cleveland","st":"OH","mkt":"Cleveland","s":"Active","raw":"Active","p":"city"},"geometry":{"type":"Point","coordinates":[-81.69368,41.49966]}},{"type":"Feature","properties":{"id":"9de6e8a600","n":"Expedient Garfield Heights 2","o":"Expedient Data Centers","city":"Cleveland","st":"OH","mkt":"Cleveland","s":"Active","raw":"Active","p":"city"},"geometry":{"type":"Point","coordinates":[-81.69368,41.49966]}},{"type":"Feature","properties":{"id":"501964fccc","n":"Fusion Connect - Cleveland","o":"Fusion Connect","city":"Cleveland","st":"OH","mkt":"Cleveland","s":"Active","raw":"Active","p":"census"},"geometry":{"type":"Point","coordinates":[-81.68052,41.50116]}},{"type":"Feature","properties":{"id":"8398324f16","n":"H5 Data Centers Cleveland","o":"H5 Data Centers","city":"Cleveland","st":"OH","mkt":"Cleveland","s":"Active","raw":"Active","p":"census"},"geometry":{"type":"Point","coordinates":[-81.68535,41.50522]}},{"type":"Feature","properties":{"id":"6e2ca6e0c3","n":"Lumen Cleveland 1","o":"Lumen","city":"Cleveland","st":"OH","mkt":"Cleveland","s":"Active","raw":"Active","p":"census"},"geometry":{"type":"Point","coordinates":[-81.65824,41.50531]}},{"type":"Feature","properties":{"id":"88e761b732","n":"Lumen Cleveland 2","o":"Lumen","city":"Cleveland","st":"OH","mkt":"Cleveland","s":"Active","raw":"Active","p":"census"},"geometry":{"type":"Point","coordinates":[-81.68363,41.50053]}},{"type":"Feature","properties":{"id":"774c0ffe5d","n":"Lumen Cleveland 3","o":"Lumen","city":"Cleveland","st":"OH","mkt":"Cleveland","s":"Active","raw":"Active","p":"census"},"geometry":{"type":"Point","coordinates":[-81.68052,41.50116]}},{"type":"Feature","properties":{"id":"0a77092dc8","n":"Mangobay Cleveland","o":"Mango Bay Internet","city":"Brooklyn Heights","st":"OH","mkt":"Cleveland","s":"Active","raw":"Active","p":"census"},"geometry":{"type":"Point","coordinates":[-81.65765,41.41407]}},{"type":"Feature","properties":{"id":"30103adcb5","n":"NCS Richmond Heights","o":"NCS Datacom","city":"Richmond Heights","st":"OH","mkt":"Cleveland","s":"Active","raw":"Active","p":"census"},"geometry":{"type":"Point","coordinates":[-81.48869,41.56859]}},{"type":"Feature","properties":{"id":"e83549449e","n":"Public Square Tech Center","o":"Morgan Reed Group","city":"Cleveland","st":"OH","mkt":"Cleveland","s":"Active","raw":"Active","p":"census"},"geometry":{"type":"Point","coordinates":[-81.69174,41.49946]}},{"type":"Feature","properties":{"id":"c867488368","n":"Uniti Cleveland","o":"Uniti Wholesale","city":"Cleveland","st":"OH","mkt":"Cleveland","s":"Active","raw":"Active","p":"census"},"geometry":{"type":"Point","coordinates":[-81.69658,41.49793]}},{"type":"Feature","properties":{"id":"a55fbd4287","n":"3000-3007 Etna Pkwy","o":"Microsoft","city":"Pataskala","st":"OH","mkt":"Columbus","s":"Active","raw":"Active","p":"city"},"geometry":{"type":"Point","coordinates":[-82.67424,39.99557]}},{"type":"Feature","properties":{"id":"19942220e6","n":"3439-3445 Clover Valley Road","o":"Meta","city":"Johnstown","st":"OH","mkt":"Columbus","s":"Active","raw":"Active","p":"census"},"geometry":{"type":"Point","coordinates":[-82.7234,40.1066]}},{"type":"Feature","properties":{"id":"f48ce6ae15","n":"4500 Beech Rd NW","o":"KARIS Critical","city":"Johnstown","st":"OH","mkt":"Columbus","s":"Active","raw":"Active","p":"census"},"geometry":{"type":"Point","coordinates":[-82.75198,40.12255]}},{"type":"Feature","properties":{"id":"20f5f0397c","n":"535 Cole Road","o":"KARIS Critical","city":"Galloway","st":"OH","mkt":"Columbus","s":"Active","raw":"Active","p":"census"},"geometry":{"type":"Point","coordinates":[-83.17867,39.96162]}},{"type":"Feature","properties":{"id":"09d3787a5d","n":"Aligned - 6770 Mink St","o":"Aligned Data Centers","city":"Pataskala","st":"OH","mkt":"Columbus","s":"Active","raw":"Active","p":"census"},"geometry":{"type":"Point","coordinates":[-82.72938,39.99309]}},{"type":"Feature","properties":{"id":"07ed460b02","n":"Aligned Conesville Campus","o":"Aligned Data Centers","city":"Conesville","st":"OH","mkt":"Columbus","s":"Active","raw":"Active","p":"city"},"geometry":{"type":"Point","coordinates":[-81.89097,40.18396]}},{"type":"Feature","properties":{"id":"5ed486b3c6","n":"Amazon AWS - 11793 Vans Valley","o":"Amazon AWS","city":"Galena","st":"OH","mkt":"Columbus","s":"Active","raw":"Active","p":"census"},"geometry":{"type":"Point","coordinates":[-82.84889,40.21797]}},{"type":"Feature","properties":{"id":"eb673ce5e6","n":"Amazon AWS CMH - Beech North Campus","o":"Amazon AWS","city":"Johnstown","st":"OH","mkt":"Columbus","s":"Active","raw":"Active","p":"census"},"geometry":{"type":"Point","coordinates":[-82.7536,40.10043]}},{"type":"Feature","properties":{"id":"e61de87c79","n":"Amazon AWS CMH - Beech South Campus","o":"Amazon AWS","city":"Johnstown","st":"OH","mkt":"Columbus","s":"Active","raw":"Active","p":"census"},"geometry":{"type":"Point","coordinates":[-82.7539,40.09623]}},{"type":"Feature","properties":{"id":"7f88f1dfee","n":"Amazon AWS CMH - Cosgray Campus","o":"Amazon AWS","city":"Hilliard","st":"OH","mkt":"Columbus","s":"Active","raw":"Active","p":"census"},"geometry":{"type":"Point","coordinates":[-83.18095,40.05002]}},{"type":"Feature","properties":{"id":"2e3f671b55","n":"Amazon AWS CMH - Crosby Campus","o":"Amazon AWS","city":"Dublin","st":"OH","mkt":"Columbus","s":"Active","raw":"Active","p":"city"},"geometry":{"type":"Point","coordinates":[-83.11356,40.0996]}},{"type":"Feature","properties":{"id":"6ea48d1e03","n":"Amazon AWS CMH - Hayden Campus","o":"Amazon AWS","city":"Hilliard","st":"OH","mkt":"Columbus","s":"Active","raw":"Active","p":"census"},"geometry":{"type":"Point","coordinates":[-83.13533,40.0625]}},{"type":"Feature","properties":{"id":"c98dadc8a9","n":"Amazon AWS CMH - Industrial Parkway Campus","o":"Amazon AWS","city":"Plain City","st":"OH","mkt":"Columbus","s":"Active","raw":"Active","p":"census"},"geometry":{"type":"Point","coordinates":[-83.20991,40.13738]}},{"type":"Feature","properties":{"id":"903976fb93","n":"Amazon AWS CMH - Newton Campus","o":"Amazon AWS","city":"Johnstown","st":"OH","mkt":"Columbus","s":"Active","raw":"Active","p":"city"},"geometry":{"type":"Point","coordinates":[-82.68517,40.15367]}},{"type":"Feature","properties":{"id":"cac312154f","n":"Amazon AWS CMH - Project Cosmo Campus","o":"Amazon AWS","city":"Marysville","st":"OH","mkt":"Columbus","s":"Active","raw":"Active","p":"census"},"geometry":{"type":"Point","coordinates":[-83.33721,40.22277]}},{"type":"Feature","properties":{"id":"7017f828be","n":"Amazon AWS CMH - Scioto Campus","o":"Amazon AWS","city":"Hilliard","st":"OH","mkt":"Columbus","s":"Active","raw":"Active","p":"census"},"geometry":{"type":"Point","coordinates":[-83.12042,40.01143]}},{"type":"Feature","properties":{"id":"a113428f46","n":"Amazon AWS CMH - Warner Campus","o":"Amazon AWS","city":"Plain City","st":"OH","mkt":"Columbus","s":"Active","raw":"Active","p":"census"},"geometry":{"type":"Point","coordinates":[-83.20045,40.12157]}},{"type":"Feature","properties":{"id":"71338c83a6","n":"BrescoBroadband Columbus 1","o":"Bresco Broadband, LLC","city":"Columbus","st":"OH","mkt":"Columbus","s":"Active","raw":"Active","p":"census"},"geometry":{"type":"Point","coordinates":[-82.99618,39.96279]}},{"type":"Feature","properties":{"id":"e319d61a66","n":"BrescoBroadband Columbus 2","o":"Bresco Broadband, LLC","city":"Columbus","st":"OH","mkt":"Columbus","s":"Active","raw":"Active","p":"census"},"geometry":{"type":"Point","coordinates":[-82.98851,39.96007]}},{"type":"Feature","properties":{"id":"9c61ccb7b9","n":"CENTRA Columbus (CMH1)","o":"CENTRA","city":"Columbus","st":"OH","mkt":"Columbus","s":"Active","raw":"Active","p":"census"},"geometry":{"type":"Point","coordinates":[-82.99618,39.96279]}},{"type":"Feature","properties":{"id":"158272aede","n":"CeraNet DC1","o":"CeraNet, Inc.","city":"Columbus","st":"OH","mkt":"Columbus","s":"Active","raw":"Active","p":"census"},"geometry":{"type":"Point","coordinates":[-82.85549,39.99594]}},{"type":"Feature","properties":{"id":"2e39373b29","n":"CeraNet DC3","o":"CeraNet, Inc.","city":"Westerville","st":"OH","mkt":"Columbus","s":"Active","raw":"Active","p":"census"},"geometry":{"type":"Point","coordinates":[-82.89988,40.08356]}},{"type":"Feature","properties":{"id":"77dece8111","n":"Citynet Columbus","o":"Citynet, LLC","city":"Columbus","st":"OH","mkt":"Columbus","s":"Active","raw":"Active","p":"census"},"geometry":{"type":"Point","coordinates":[-82.99463,39.96833]}},{"type":"Feature","properties":{"id":"29d75ae929","n":"Cogent Data Center - Columbus","o":"Cogent Communications, Inc.","city":"Columbus","st":"OH","mkt":"Columbus","s":"Active","raw":"Active","p":"census"},"geometry":{"type":"Point","coordinates":[-82.99578,39.96793]}},{"type":"Feature","properties":{"id":"6911aeba29","n":"Cogent Data Center - Columbus 2","o":"Cogent Communications, Inc.","city":"Columbus","st":"OH","mkt":"Columbus","s":"Active","raw":"Active","p":"census"},"geometry":{"type":"Point","coordinates":[-82.99871,39.9742]}},{"type":"Feature","properties":{"id":"f3c60d40d0","n":"Cologix COL5","o":"Cologix","city":"Lewis Center","st":"OH","mkt":"Columbus","s":"Active","raw":"Active","p":"city"},"geometry":{"type":"Point","coordinates":[-83.01018,40.1984]}},{"type":"Feature","properties":{"id":"6267024457","n":"Cologix Johnstown Campus","o":"Cologix","city":"Johnstown","st":"OH","mkt":"Columbus","s":"Active","raw":"Active","p":"census"},"geometry":{"type":"Point","coordinates":[-82.71547,40.13718]}},{"type":"Feature","properties":{"id":"0f254d0c64","n":"Cologix Scherers Rd Campus","o":"Cologix","city":"Columbus","st":"OH","mkt":"Columbus","s":"Active","raw":"Active","p":"census"},"geometry":{"type":"Point","coordinates":[-83.00222,40.1165]}},{"type":"Feature","properties":{"id":"e110c6d847","n":"Compass New Albany","o":"Compass Datacenters","city":"New Albany","st":"OH","mkt":"Columbus","s":"Active","raw":"Active","p":"census"},"geometry":{"type":"Point","coordinates":[-82.8086,40.10464]}},{"type":"Feature","properties":{"id":"86e912a1a6","n":"Compugen New Albany Data Center","o":"Compugen Inc.","city":"New Albany","st":"OH","mkt":"Columbus","s":"Active","raw":"Active","p":"city"},"geometry":{"type":"Point","coordinates":[-82.80879,40.08117]}},{"type":"Feature","properties":{"id":"5682c2aa62","n":"Crown Castle Columbus (OH1)","o":"Crown Castle","city":"Columbus","st":"OH","mkt":"Columbus","s":"Active","raw":"Active","p":"census"},"geometry":{"type":"Point","coordinates":[-82.99724,39.95907]}},{"type":"Feature","properties":{"id":"73c7a03fd3","n":"Csquare - Columbus CMH1-A","o":"Csquare","city":"North Lewis Center","st":"OH","mkt":"Columbus","s":"Active","raw":"Active","p":"census"},"geometry":{"type":"Point","coordinates":[-83.00984,40.16759]}},{"type":"Feature","properties":{"id":"876030bccc","n":"DartPoints Dublin, OH - CMH01","o":"DartPoints","city":"Dublin","st":"OH","mkt":"Columbus","s":"Active","raw":"Active","p":"census"},"geometry":{"type":"Point","coordinates":[-83.1298,40.09344]}},{"type":"Feature","properties":{"id":"246c2263f5","n":"DataBank - 251 Neilston St","o":"DataBank","city":"Columbus","st":"OH","mkt":"Columbus","s":"Active","raw":"Active","p":"census"},"geometry":{"type":"Point","coordinates":[-82.99463,39.96833]}},{"type":"Feature","properties":{"id":"8cf67bbc8b","n":"EdgeConneX Ashville","o":"EdgeConneX","city":"Ashville","st":"OH","mkt":"Columbus","s":"Active","raw":"Active","p":"city"},"geometry":{"type":"Point","coordinates":[-82.95296,39.71562]}},{"type":"Feature","properties":{"id":"34100aa0c1","n":"EdgeConneX New Albany - Phase I","o":"EdgeConneX","city":"Johnstown","st":"OH","mkt":"Columbus","s":"Active","raw":"Active","p":"city"},"geometry":{"type":"Point","coordinates":[-82.68517,40.15367]}},{"type":"Feature","properties":{"id":"51af10528c","n":"EdgeConneX New Albany - Phase II","o":"EdgeConneX","city":"Johnstown","st":"OH","mkt":"Columbus","s":"Active","raw":"Active","p":"city"},"geometry":{"type":"Point","coordinates":[-82.68517,40.15367]}},{"type":"Feature","properties":{"id":"528f51ab05","n":"Edged Columbus","o":"Edged Energy","city":"New Albany","st":"OH","mkt":"Columbus","s":"Active","raw":"Active","p":"census"},"geometry":{"type":"Point","coordinates":[-82.81108,40.10513]}},{"type":"Feature","properties":{"id":"2d043d7261","n":"Expedient Dublin","o":"Expedient Data Centers","city":"Dublin","st":"OH","mkt":"Columbus","s":"Active","raw":"Active","p":"census"},"geometry":{"type":"Point","coordinates":[-83.14437,40.09168]}},{"type":"Feature","properties":{"id":"4ec3d30897","n":"Expedient Lewis Center","o":"Expedient Data Centers","city":"Lewis Center","st":"OH","mkt":"Columbus","s":"Active","raw":"Active","p":"census"},"geometry":{"type":"Point","coordinates":[-83.01432,40.15695]}},{"type":"Feature","properties":{"id":"53e3b755e3","n":"Expedient Upper Arlington","o":"Expedient Data Centers","city":"Columbus","st":"OH","mkt":"Columbus","s":"Active","raw":"Active","p":"census"},"geometry":{"type":"Point","coordinates":[-83.07921,40.05719]}},{"type":"Feature","properties":{"id":"a7a667aaad","n":"Google Johnstown","o":"Google","city":"Johnstown","st":"OH","mkt":"Columbus","s":"Active","raw":"Active","p":"city"},"geometry":{"type":"Point","coordinates":[-82.68517,40.15367]}},{"type":"Feature","properties":{"id":"9f628b75b0","n":"Google Lancaster Campus","o":"Google","city":"Lancaster","st":"OH","mkt":"Columbus","s":"Active","raw":"Active","p":"city"},"geometry":{"type":"Point","coordinates":[-82.59933,39.71368]}},{"type":"Feature","properties":{"id":"7737899b23","n":"Google Lockbourne Data Center","o":"Google","city":"Lockbourne","st":"OH","mkt":"Columbus","s":"Active","raw":"Active","p":"census"},"geometry":{"type":"Point","coordinates":[-83.00398,39.86112]}},{"type":"Feature","properties":{"id":"5999ec3859","n":"Google New Albany Campus","o":"Google","city":"New Albany","st":"OH","mkt":"Columbus","s":"Active","raw":"Active","p":"city"},"geometry":{"type":"Point","coordinates":[-82.80879,40.08117]}},{"type":"Feature","properties":{"id":"4d8c5a2725","n":"Hostrunway Columbus","o":"Hostrunway","city":"Blacklick","st":"OH","mkt":"Columbus","s":"Active","raw":"Active","p":"city","np":1},"geometry":{"type":"Point","coordinates":[-82.81129,39.99562]}},{"type":"Feature","properties":{"id":"116a6d9353","n":"ICS 180 Borden","o":"ICS","city":"Columbus","st":"OH","mkt":"Columbus","s":"Active","raw":"Active","p":"census"},"geometry":{"type":"Point","coordinates":[-82.99618,39.96279]}},{"type":"Feature","properties":{"id":"2d25cfcfbb","n":"ICS Main POP","o":"ICS","city":"Columbus","st":"OH","mkt":"Columbus","s":"Active","raw":"Active","p":"census"},"geometry":{"type":"Point","coordinates":[-82.99574,39.96773]}},{"type":"Feature","properties":{"id":"49daa4486d","n":"LexisNexis Hilliard","o":"LexisNexis","city":"Hilliard","st":"OH","mkt":"Columbus","s":"Active","raw":"Active","p":"census"},"geometry":{"type":"Point","coordinates":[-83.13531,40.05503]}},{"type":"Feature","properties":{"id":"5ca9283d39","n":"Lumen Columbus","o":"Lumen","city":"Columbus","st":"OH","mkt":"Columbus","s":"Active","raw":"Active","p":"census"},"geometry":{"type":"Point","coordinates":[-82.99574,39.96773]}},{"type":"Feature","properties":{"id":"ce611ae6d6","n":"Lumen Columbus 1","o":"Lumen","city":"Columbus","st":"OH","mkt":"Columbus","s":"Active","raw":"Active","p":"census"},"geometry":{"type":"Point","coordinates":[-82.99585,39.9683]}},{"type":"Feature","properties":{"id":"2b99cd7229","n":"Lumen Columbus 2","o":"Lumen","city":"Columbus","st":"OH","mkt":"Columbus","s":"Active","raw":"Active","p":"census"},"geometry":{"type":"Point","coordinates":[-82.99574,39.96773]}},{"type":"Feature","properties":{"id":"c833ef7170","n":"Meta Prometheus Campus","o":"Meta","city":"Etna","st":"OH","mkt":"Columbus","s":"Active","raw":"Active","p":"city"},"geometry":{"type":"Point","coordinates":[-82.68195,39.95756]}},{"type":"Feature","properties":{"id":"0060033d23","n":"Microsoft - 129 N High St","o":"Microsoft","city":"Hebron","st":"OH","mkt":"Columbus","s":"Active","raw":"Active","p":"census"},"geometry":{"type":"Point","coordinates":[-82.49167,39.96278]}},{"type":"Feature","properties":{"id":"1b77a28e79","n":"Microsoft - Beech Rd NW & Fitzwilliam Ln","o":"Microsoft","city":"New Albany","st":"OH","mkt":"Columbus","s":"Active","raw":"Active","p":"census"},"geometry":{"type":"Point","coordinates":[-82.75366,40.10076]}},{"type":"Feature","properties":{"id":"9f758bbdb0","n":"Microsoft - Thornwood Dr SW","o":"Microsoft","city":"Heath","st":"OH","mkt":"Columbus","s":"Active","raw":"Active","p":"city"},"geometry":{"type":"Point","coordinates":[-82.4446,40.02284]}},{"type":"Feature","properties":{"id":"88e4c672b4","n":"QTS New Albany 1 Campus","o":"QTS Data Centers","city":"New Albany","st":"OH","mkt":"Columbus","s":"Active","raw":"Active","p":"census"},"geometry":{"type":"Point","coordinates":[-82.75446,40.06676]}},{"type":"Feature","properties":{"id":"d379aec26e","n":"QTS New Albany 2 Campus","o":"QTS Data Centers","city":"New Albany","st":"OH","mkt":"Columbus","s":"Active","raw":"Active","p":"census"},"geometry":{"type":"Point","coordinates":[-82.75388,40.07288]}},{"type":"Feature","properties":{"id":"d92d94bc27","n":"QTS New Albany 3","o":"QTS Data Centers","city":"New Albany","st":"OH","mkt":"Columbus","s":"Active","raw":"Active","p":"census"},"geometry":{"type":"Point","coordinates":[-82.77507,40.07707]}},{"type":"Feature","properties":{"id":"f35f8df5b9","n":"Racksquared Spring Street Datacenter","o":"RackSquared","city":"Columbus","st":"OH","mkt":"Columbus","s":"Active","raw":"Active","p":"census"},"geometry":{"type":"Point","coordinates":[-82.99287,39.96704]}},{"type":"Feature","properties":{"id":"53914e6e49","n":"Racksquared Value Way Datacenter","o":"RackSquared","city":"Columbus","st":"OH","mkt":"Columbus","s":"Active","raw":"Active","p":"census"},"geometry":{"type":"Point","coordinates":[-82.95199,40.04455]}},{"type":"Feature","properties":{"id":"6d97761a8f","n":"Refugee Rd SW","o":"Microsoft","city":"Pataskala","st":"OH","mkt":"Columbus","s":"Active","raw":"Active","p":"city"},"geometry":{"type":"Point","coordinates":[-82.67424,39.99557]}},{"type":"Feature","properties":{"id":"15766469c4","n":"Resilience CMH II","o":"Overwatch Capital","city":"Canal Winchester","st":"OH","mkt":"Columbus","s":"Active","raw":"Active","p":"city","np":1},"geometry":{"type":"Point","coordinates":[-82.80565,39.84282]}},{"type":"Feature","properties":{"id":"1180ce9a5a","n":"STACK Infrastructure NAL01 Campus","o":"STACK Infrastructure","city":"New Albany","st":"OH","mkt":"Columbus","s":"Active","raw":"Active","p":"city"},"geometry":{"type":"Point","coordinates":[-82.80879,40.08117]}},{"type":"Feature","properties":{"id":"f390440852","n":"Uniti Columbus","o":"Uniti Wholesale","city":"Columbus","st":"OH","mkt":"Columbus","s":"Active","raw":"Active","p":"census"},"geometry":{"type":"Point","coordinates":[-82.99618,39.96279]}},{"type":"Feature","properties":{"id":"253241daa1","n":"Vantage OH1 - New Albany Campus","o":"Vantage Data Centers","city":"Johnstown","st":"OH","mkt":"Columbus","s":"Active","raw":"Active","p":"city"},"geometry":{"type":"Point","coordinates":[-82.68517,40.15367]}},{"type":"Feature","properties":{"id":"ed97121c10","n":"Vantage OH2 - Millersport Campus","o":"Vantage Data Centers","city":"Millersport","st":"OH","mkt":"Columbus","s":"Active","raw":"Active","p":"city"},"geometry":{"type":"Point","coordinates":[-82.53405,39.90006]}},{"type":"Feature","properties":{"id":"b4a148f1e5","n":"WOW! Data Center","o":"WOW Business/E Solutions","city":"Columbus","st":"OH","mkt":"Columbus","s":"Active","raw":"Active","p":"census"},"geometry":{"type":"Point","coordinates":[-82.99574,39.96773]}},{"type":"Feature","properties":{"id":"3458b7700d","n":"WeConnect Community Data Center","o":"City of Westerville - WeConnect","city":"Westerville","st":"OH","mkt":"Columbus","s":"Active","raw":"Active","p":"census"},"geometry":{"type":"Point","coordinates":[-82.94398,40.12366]}},{"type":"Feature","properties":{"id":"184991c60d","n":"eNET CMH-1","o":"eNET, Inc","city":"Columbus","st":"OH","mkt":"Columbus","s":"Active","raw":"Active","p":"census"},"geometry":{"type":"Point","coordinates":[-82.93702,40.08205]}},{"type":"Feature","properties":{"id":"96f1573bbd","n":"Amazon AWS - 1488 US-68","o":"Amazon AWS","city":"Xenia","st":"OH","mkt":"Dayton","s":"Active","raw":"Active","p":"census"},"geometry":{"type":"Point","coordinates":[-83.89872,39.63769]}},{"type":"Feature","properties":{"id":"77f9ef1f4f","n":"Amazon AWS - Project Galaxy","o":"Amazon AWS","city":"Sidney","st":"OH","mkt":"Dayton","s":"Active","raw":"Active","p":"city"},"geometry":{"type":"Point","coordinates":[-84.15553,40.28424]}},{"type":"Feature","properties":{"id":"b6afab476a","n":"Brightspeed Sidney","o":"Brightspeed","city":"Sidney","st":"OH","mkt":"Dayton","s":"Active","raw":"Active","p":"census"},"geometry":{"type":"Point","coordinates":[-84.15518,40.28594]}},{"type":"Feature","properties":{"id":"4817aeb60d","n":"DataYard","o":"DataYard","city":"Dayton","st":"OH","mkt":"Dayton","s":"Active","raw":"Active","p":"census"},"geometry":{"type":"Point","coordinates":[-84.19453,39.76054]}},{"type":"Feature","properties":{"id":"c2c3d0bba5","n":"Encore Technologies MSB1","o":"Encore Technologies","city":"Miamisburg","st":"OH","mkt":"Dayton","s":"Active","raw":"Active","p":"census"},"geometry":{"type":"Point","coordinates":[-84.22726,39.61659]}},{"type":"Feature","properties":{"id":"e10e2a7901","n":"Iron Mountain Data Centers OHS-1","o":"Iron Mountain","city":"Miamisburg","st":"OH","mkt":"Dayton","s":"Active","raw":"Active","p":"census"},"geometry":{"type":"Point","coordinates":[-84.23533,39.59165]}},{"type":"Feature","properties":{"id":"7f7236985f","n":"J5 LLC","o":"J5 LLC","city":"Piqua","st":"OH","mkt":"Dayton","s":"Active","raw":"Active","p":"city"},"geometry":{"type":"Point","coordinates":[-84.24244,40.14477]}},{"type":"Feature","properties":{"id":"1fdc2c4dc8","n":"Lumen Dayton 1","o":"Lumen","city":"Dayton","st":"OH","mkt":"Dayton","s":"Active","raw":"Active","p":"census"},"geometry":{"type":"Point","coordinates":[-84.21458,39.74595]}},{"type":"Feature","properties":{"id":"9a17cd9547","n":"Lumen Dayton 2","o":"Lumen","city":"Dayton","st":"OH","mkt":"Dayton","s":"Active","raw":"Active","p":"census"},"geometry":{"type":"Point","coordinates":[-84.19453,39.76054]}},{"type":"Feature","properties":{"id":"1b5e251f06","n":"Lumen Dayton 3","o":"Lumen","city":"Dayton","st":"OH","mkt":"Dayton","s":"Active","raw":"Active","p":"census"},"geometry":{"type":"Point","coordinates":[-84.19187,39.75947]}},{"type":"Feature","properties":{"id":"db6d8544b9","n":"PRSM Preble County","o":"PRSM Group","city":"Jackson Township","st":"OH","mkt":"Dayton","s":"Planned","raw":"Planned","p":"city"},"geometry":{"type":"Point","coordinates":[-84.75724,40.22303]}},{"type":"Feature","properties":{"id":"f4950f7f98","n":"DP Facilities - Hannibal Gap Data Center","o":"DP Facilities","city":"Hannibal","st":"OH","mkt":"Hannibal","s":"Active","raw":"Active","p":"city"},"geometry":{"type":"Point","coordinates":[-80.87213,39.66754]}},{"type":"Feature","properties":{"id":"e38d2113ee","n":"MARA Hannibal","o":"MARA Holdings Inc.","city":"Hannibal","st":"OH","mkt":"Hannibal","s":"Active","raw":"Active","p":"city"},"geometry":{"type":"Point","coordinates":[-80.87213,39.66754]}},{"type":"Feature","properties":{"id":"710c6a6c98","n":"Google Franklin Furnace","o":"Tilted Gate LLC (with Google)","city":"Franklin Furnace","st":"OH","mkt":"Ironton","s":"Planned","raw":"Planned","p":"city"},"geometry":{"type":"Point","coordinates":[-82.8472,38.60683]}},{"type":"Feature","properties":{"id":"c2033d48a1","n":"Strata Expanse AI Center of Excellence","o":"Strata Expanse","city":"Ironton","st":"OH","mkt":"Ironton","s":"Active","raw":"Active","p":"census"},"geometry":{"type":"Point","coordinates":[-82.78175,38.56764]}},{"type":"Feature","properties":{"id":"08fe4ad184","n":"Brightspeed Lebanon","o":"Brightspeed","city":"Lebanon","st":"OH","mkt":"Lebanon","s":"Active","raw":"Active","p":"census"},"geometry":{"type":"Point","coordinates":[-84.20666,39.43456]}},{"type":"Feature","properties":{"id":"83f92670d4","n":"CBTS Lebanon Data Center","o":"CBTS","city":"Lebanon","st":"OH","mkt":"Lebanon","s":"Active","raw":"Active","p":"city"},"geometry":{"type":"Point","coordinates":[-84.20299,39.43534]}},{"type":"Feature","properties":{"id":"44e890ecdd","n":"CyrusOne CIN5 - Lebanon","o":"CyrusOne Data Centers","city":"Lebanon","st":"OH","mkt":"Lebanon","s":"Active","raw":"Active","p":"city"},"geometry":{"type":"Point","coordinates":[-84.20299,39.43534]}},{"type":"Feature","properties":{"id":"6ff9a94195","n":"Brightspeed Lima","o":"Brightspeed","city":"Lima","st":"OH","mkt":"Lima OH","s":"Active","raw":"Active","p":"census"},"geometry":{"type":"Point","coordinates":[-84.10689,40.73962]}},{"type":"Feature","properties":{"id":"75571b1efc","n":"Form8tion Van Wert","o":"Form8tion Data Centers","city":"Van Wert","st":"OH","mkt":"Lima OH","s":"Planned","raw":"Planned","p":"city"},"geometry":{"type":"Point","coordinates":[-84.58293,40.86965]}},{"type":"Feature","properties":{"id":"cd7ff87637","n":"Google Project BOSC","o":"Google","city":"American Township","st":"OH","mkt":"Lima OH","s":"Expanding","raw":"Active/Expanding","p":"census"},"geometry":{"type":"Point","coordinates":[-84.12806,40.78761]}},{"type":"Feature","properties":{"id":"16133984b5","n":"Microtronix Datacenter","o":"Microtronix ESolutions, LLC","city":"Delphos","st":"OH","mkt":"Lima OH","s":"Active","raw":"Active","p":"census"},"geometry":{"type":"Point","coordinates":[-84.34149,40.92983]}},{"type":"Feature","properties":{"id":"4d6ba569dc","n":"Brightspeed Mansfield","o":"Brightspeed","city":"Mansfield","st":"OH","mkt":"Mansfield","s":"Active","raw":"Active","p":"census"},"geometry":{"type":"Point","coordinates":[-82.51801,40.75711]}},{"type":"Feature","properties":{"id":"19010fc70c","n":"PORTS Technology Campus","o":"SB Energy","city":"Piketon","st":"OH","mkt":"Portsmouth","s":"Planned","raw":"Planned","p":"city"},"geometry":{"type":"Point","coordinates":[-83.01434,39.06813]}},{"type":"Feature","properties":{"id":"e4a380fb4e","n":"5CDC Columbus - CMH01","o":"5C Group Inc.","city":"Springfield","st":"OH","mkt":"Springfield","s":"Expanding","raw":"Active/Expanding","p":"census"},"geometry":{"type":"Point","coordinates":[-83.72084,39.91253]}},{"type":"Feature","properties":{"id":"c8af4faa19","n":"Form8tion Urbana","o":"Form8tion Data Centers","city":"Urbana","st":"OH","mkt":"Springfield","s":"Planned","raw":"Planned","p":"city"},"geometry":{"type":"Point","coordinates":[-83.75243,40.10839]}},{"type":"Feature","properties":{"id":"8e3cc12a53","n":"CISP Data Center","o":"Community ISP","city":"Toledo","st":"OH","mkt":"Toledo","s":"Active","raw":"Active","p":"city"},"geometry":{"type":"Point","coordinates":[-83.53782,41.65291]}},{"type":"Feature","properties":{"id":"37478bfdf3","n":"Meta Bowling Green Campus","o":"Meta","city":"Bowling Green","st":"OH","mkt":"Toledo","s":"Expanding","raw":"Active/Expanding","p":"census"},"geometry":{"type":"Point","coordinates":[-83.63622,41.45827]}},{"type":"Feature","properties":{"id":"3e7c542248","n":"Telesystem DC-1","o":"Buckeye Telesystem, Inc","city":"Toledo","st":"OH","mkt":"Toledo","s":"Active","raw":"Active","p":"census"},"geometry":{"type":"Point","coordinates":[-83.6554,41.62384]}},{"type":"Feature","properties":{"id":"15e5b09cfe","n":"QTS Van Wert Campus","o":"QTS Data Centers","city":"Van Wert","st":"OH","mkt":"Van Wert","s":"Expanding","raw":"Active/Expanding","p":"city"},"geometry":{"type":"Point","coordinates":[-84.58293,40.86965]}},{"type":"Feature","properties":{"id":"b919527494","n":"Bitdeer Niles","o":"Bitdeer Technologies Group","city":"Niles","st":"OH","mkt":"Warren","s":"Planned","raw":"Planned","p":"census"},"geometry":{"type":"Point","coordinates":[-80.75343,41.16758]}},{"type":"Feature","properties":{"id":"a9e8397e98","n":"Brightspeed Warren","o":"Brightspeed","city":"Warren","st":"OH","mkt":"Warren","s":"Active","raw":"Active","p":"census"},"geometry":{"type":"Point","coordinates":[-80.81793,41.23469]}},{"type":"Feature","properties":{"id":"3f4bf05574","n":"Bitdeer Clarington","o":"Bitdeer Technologies Group","city":"Clarington","st":"OH","mkt":"Woodsfield","s":"Planned","raw":"Planned","p":"city"},"geometry":{"type":"Point","coordinates":[-80.87121,39.76563]}},{"type":"Feature","properties":{"id":"7df29df29a","n":"Ark Data Centers Youngstown","o":"Ark Data Centers (fmr Involta)","city":"Youngstown","st":"OH","mkt":"Youngstown","s":"Active","raw":"Active","p":"census"},"geometry":{"type":"Point","coordinates":[-80.65729,41.11803]}},{"type":"Feature","properties":{"id":"6b28d99c9a","n":"Project Macalester","o":"Giga Energy","city":"McAlester","st":"OK","mkt":"McAlester","s":"Active","raw":"Active","p":"city"},"geometry":{"type":"Point","coordinates":[-95.76979,34.9335]}},{"type":"Feature","properties":{"id":"c894a5e541","n":"American Tower EDC Oklahoma","o":"American Tower Corporation","city":"Oklahoma City","st":"OK","mkt":"Oklahoma City","s":"Active","raw":"Active","p":"census"},"geometry":{"type":"Point","coordinates":[-97.48952,35.59457]}},{"type":"Feature","properties":{"id":"a4b9f1a449","n":"Cerebras Oklahoma","o":"Cerebras Systems","city":"Oklahoma City","st":"OK","mkt":"Oklahoma City","s":"Active","raw":"Active","p":"census"},"geometry":{"type":"Point","coordinates":[-97.52156,35.53588]}},{"type":"Feature","properties":{"id":"23213c937c","n":"CloudBurst Oklahoma City Campus","o":"CloudBurst Data Centers","city":"Oklahoma City","st":"OK","mkt":"Oklahoma City","s":"Expanding","raw":"Active/Expanding","p":"census"},"geometry":{"type":"Point","coordinates":[-97.65398,35.44556]}},{"type":"Feature","properties":{"id":"a6e675f575","n":"Cogent Data Center - Oklahoma City","o":"Cogent Communications, Inc.","city":"Oklahoma City","st":"OK","mkt":"Oklahoma City","s":"Active","raw":"Active","p":"census"},"geometry":{"type":"Point","coordinates":[-97.52325,35.4579]}},{"type":"Feature","properties":{"id":"33f17739b1","n":"Lumen Oklahoma City 1","o":"Lumen","city":"Oklahoma City","st":"OK","mkt":"Oklahoma City","s":"Active","raw":"Active","p":"census"},"geometry":{"type":"Point","coordinates":[-97.51644,35.46992]}},{"type":"Feature","properties":{"id":"472c001993","n":"MIDCON Recovery Solutions","o":"MIDCON Recovery Solutions","city":"Oklahoma City","st":"OK","mkt":"Oklahoma City","s":"Active","raw":"Active","p":"census"},"geometry":{"type":"Point","coordinates":[-97.49915,35.60687]}},{"type":"Feature","properties":{"id":"f34df1f8ce","n":"RACK59 Data Center","o":"RACK59","city":"Oklahoma City","st":"OK","mkt":"Oklahoma City","s":"Active","raw":"Active","p":"census"},"geometry":{"type":"Point","coordinates":[-97.64889,35.46448]}},{"type":"Feature","properties":{"id":"8c9fc1cc12","n":"TierPoint Oklahoma City #1","o":"TierPoint","city":"Oklahoma City","st":"OK","mkt":"Oklahoma City","s":"Active","raw":"Active","p":"census"},"geometry":{"type":"Point","coordinates":[-97.59352,35.51249]}},{"type":"Feature","properties":{"id":"4aee2b10ce","n":"TierPoint Oklahoma City #2","o":"TierPoint","city":"Oklahoma City","st":"OK","mkt":"Oklahoma City","s":"Active","raw":"Active","p":"census"},"geometry":{"type":"Point","coordinates":[-97.59364,35.51407]}},{"type":"Feature","properties":{"id":"8fef446f72","n":"US Digital Mining Calumet","o":"US Digital Mining","city":"Calumet","st":"OK","mkt":"Oklahoma City","s":"Active","raw":"Active","p":"city"},"geometry":{"type":"Point","coordinates":[-98.11881,35.60089]}},{"type":"Feature","properties":{"id":"b3835aa410","n":"Uniti Oklahoma City","o":"Uniti Wholesale","city":"Oklahoma City","st":"OK","mkt":"Oklahoma City","s":"Active","raw":"Active","p":"census"},"geometry":{"type":"Point","coordinates":[-97.51426,35.47531]}},{"type":"Feature","properties":{"id":"5b0b0c28c9","n":"ValorC3 Oklahoma City Data Center","o":"ValorC3 Data Centers","city":"Oklahoma City","st":"OK","mkt":"Oklahoma City","s":"Active","raw":"Active","p":"census"},"geometry":{"type":"Point","coordinates":[-97.59899,35.42592]}},{"type":"Feature","properties":{"id":"a7411348ab","n":"Google Stillwater Campus","o":"Google","city":"Stillwater","st":"OK","mkt":"Stillwater","s":"Planned","raw":"Planned","p":"census"},"geometry":{"type":"Point","coordinates":[-97.05177,36.17396]}},{"type":"Feature","properties":{"id":"a008c39c57","n":"8521 South 209th East Avenue","o":"(operator not disclosed)","city":"Broken Arrow","st":"OK","mkt":"Tulsa","s":"Active","raw":"Active","p":"city"},"geometry":{"type":"Point","coordinates":[-95.79082,36.0526]}},{"type":"Feature","properties":{"id":"d9f22260b1","n":"CORE Data Center","o":"CORE Data Center","city":"Vinita","st":"OK","mkt":"Tulsa","s":"Active","raw":"Active","p":"census"},"geometry":{"type":"Point","coordinates":[-95.08949,36.62673]}},{"type":"Feature","properties":{"id":"1fb6ac044c","n":"Cherokee Data Center","o":"Hewlett-Packard Enterprise (HPE)","city":"Tulsa","st":"OK","mkt":"Tulsa","s":"Active","raw":"Active","p":"census"},"geometry":{"type":"Point","coordinates":[-95.90709,36.26166]}},{"type":"Feature","properties":{"id":"206f7ebd61","n":"Core Scientific Muskogee","o":"Core Scientific","city":"Muskogee","st":"OK","mkt":"Tulsa","s":"Active","raw":"Active","p":"census"},"geometry":{"type":"Point","coordinates":[-95.35763,35.6969]}},{"type":"Feature","properties":{"id":"8dbb0dbc8a","n":"Core Scientific Muskogee 2","o":"Core Scientific","city":"Muskogee","st":"OK","mkt":"Tulsa","s":"Active","raw":"Active","p":"census"},"geometry":{"type":"Point","coordinates":[-95.39366,35.68955]}},{"type":"Feature","properties":{"id":"6eb0f47baa","n":"Google Mayes County Campus","o":"Google","city":"Pryor","st":"OK","mkt":"Tulsa","s":"Expanding","raw":"Active/Expanding","p":"osm"},"geometry":{"type":"Point","coordinates":[-95.33005,36.24117]}},{"type":"Feature","properties":{"id":"eb3df125bc","n":"Google Project Clydesdale Campus","o":"Google","city":"Sperry","st":"OK","mkt":"Tulsa","s":"Expanding","raw":"Active/Expanding","p":"census"},"geometry":{"type":"Point","coordinates":[-95.91994,36.27857]}},{"type":"Feature","properties":{"id":"6c4a4f7c66","n":"Google Project Spring","o":"Google","city":"Sand Springs","st":"OK","mkt":"Tulsa","s":"Planned","raw":"Planned","p":"city"},"geometry":{"type":"Point","coordinates":[-96.11,36.13943]}},{"type":"Feature","properties":{"id":"3c9dfa6303","n":"Isocentric Networks Data Center","o":"Isocentric Networks Inc.","city":"Tulsa","st":"OK","mkt":"Tulsa","s":"Active","raw":"Active","p":"census"},"geometry":{"type":"Point","coordinates":[-95.99136,36.15092]}},{"type":"Feature","properties":{"id":"ef919a5046","n":"Jackson Technical Data Center","o":"Jackson Technical","city":"Tulsa","st":"OK","mkt":"Tulsa","s":"Active","raw":"Active","p":"census"},"geometry":{"type":"Point","coordinates":[-95.98472,36.15203]}},{"type":"Feature","properties":{"id":"545f93269c","n":"Lumen Tulsa 1","o":"Lumen","city":"Tulsa","st":"OK","mkt":"Tulsa","s":"Active","raw":"Active","p":"census"},"geometry":{"type":"Point","coordinates":[-95.99335,36.15718]}},{"type":"Feature","properties":{"id":"ca378bf09c","n":"Meta Tulsa","o":"Meta","city":"Catoosa","st":"OK","mkt":"Tulsa","s":"Active","raw":"Active","p":"city"},"geometry":{"type":"Point","coordinates":[-95.74582,36.18899]}},{"type":"Feature","properties":{"id":"8e5903d48b","n":"OCOSA Data Center","o":"OCOSA Communication, LLC","city":"Tulsa","st":"OK","mkt":"Tulsa","s":"Active","raw":"Active","p":"census"},"geometry":{"type":"Point","coordinates":[-95.98975,36.15356]}},{"type":"Feature","properties":{"id":"0004031976","n":"Pawhuska AI Data Center","o":"Buckley Bros Holdings","city":"Pawhuska","st":"OK","mkt":"Tulsa","s":"Planned","raw":"Planned","p":"city"},"geometry":{"type":"Point","coordinates":[-96.34012,36.66334]}},{"type":"Feature","properties":{"id":"84ab6cbc7b","n":"Philcade Data Center","o":"Kanbar Properties","city":"Tulsa","st":"OK","mkt":"Tulsa","s":"Active","raw":"Active","p":"census"},"geometry":{"type":"Point","coordinates":[-95.98885,36.15179]}},{"type":"Feature","properties":{"id":"f383e5caa8","n":"Project Atlas","o":"Beale Infrastructure","city":"Coweta","st":"OK","mkt":"Tulsa","s":"Planned","raw":"Planned","p":"city"},"geometry":{"type":"Point","coordinates":[-95.65086,35.95248]}},{"type":"Feature","properties":{"id":"159d0b17b1","n":"Project Clydesbank","o":"(operator not disclosed)","city":"Owasso","st":"OK","mkt":"Tulsa","s":"Planned","raw":"Planned","p":"city"},"geometry":{"type":"Point","coordinates":[-95.85486,36.26597]}},{"type":"Feature","properties":{"id":"0b5f99a35f","n":"Project Mustang","o":"Beale Infrastructure","city":"Claremore","st":"OK","mkt":"Tulsa","s":"Planned","raw":"Planned","p":"city"},"geometry":{"type":"Point","coordinates":[-95.61607,36.3126]}},{"type":"Feature","properties":{"id":"7ecc4ea182","n":"TierPoint Tulsa - Archer","o":"TierPoint","city":"Tulsa","st":"OK","mkt":"Tulsa","s":"Active","raw":"Active","p":"census"},"geometry":{"type":"Point","coordinates":[-95.98886,36.15876]}},{"type":"Feature","properties":{"id":"846ccd2c2b","n":"TierPoint Tulsa - State Farm","o":"TierPoint","city":"Tulsa","st":"OK","mkt":"Tulsa","s":"Active","raw":"Active","p":"census"},"geometry":{"type":"Point","coordinates":[-95.83952,36.09532]}},{"type":"Feature","properties":{"id":"83a6d52c2c","n":"Tulsa Technology Exchange","o":"Facility Gateway Corporation","city":"Tulsa","st":"OK","mkt":"Tulsa","s":"Active","raw":"Active","p":"census"},"geometry":{"type":"Point","coordinates":[-95.98881,36.15173]}},{"type":"Feature","properties":{"id":"5f38fe3494","n":"TulsaConnect Downtown (DC-5)","o":"TulsaConnect","city":"Tulsa","st":"OK","mkt":"Tulsa","s":"Active","raw":"Active","p":"census"},"geometry":{"type":"Point","coordinates":[-95.99039,36.14902]}},{"type":"Feature","properties":{"id":"bfd1490815","n":"TulsaConnect East (DC-3)","o":"TulsaConnect","city":"Tulsa","st":"OK","mkt":"Tulsa","s":"Active","raw":"Active","p":"census"},"geometry":{"type":"Point","coordinates":[-95.83324,36.09382]}},{"type":"Feature","properties":{"id":"8d114e8434","n":"Uniti Tulsa","o":"Uniti Wholesale","city":"Tulsa","st":"OK","mkt":"Tulsa","s":"Active","raw":"Active","p":"census"},"geometry":{"type":"Point","coordinates":[-95.99039,36.14902]}},{"type":"Feature","properties":{"id":"cb78af48ed","n":"Synergy Data Center & Services","o":"Synergy Data Center & Services, LLC","city":"Baker City","st":"OR","mkt":"Baker City","s":"Active","raw":"Active","p":"census"},"geometry":{"type":"Point","coordinates":[-117.82983,44.77401]}},{"type":"Feature","properties":{"id":"54e5840ed5","n":"Lumen Bandon","o":"Lumen","city":"Bandon","st":"OR","mkt":"Bandon","s":"Active","raw":"Active","p":"city"},"geometry":{"type":"Point","coordinates":[-124.40941,43.11956]}},{"type":"Feature","properties":{"id":"bdc00a03ee","n":"Boxminer La Pine","o":"Boxminer","city":"La Pine","st":"OR","mkt":"Bend","s":"Active","raw":"Active","p":"city"},"geometry":{"type":"Point","coordinates":[-121.50364,43.6704]}},{"type":"Feature","properties":{"id":"1a1a1f34c2","n":"Fort Rock Data Center (Columbia 1)","o":"Fort Rock Data Center","city":"Bend","st":"OR","mkt":"Bend","s":"Active","raw":"Active","p":"census"},"geometry":{"type":"Point","coordinates":[-121.32721,44.04804]}},{"type":"Feature","properties":{"id":"3604b256e8","n":"US Signal Bend OR01","o":"US Signal Company, LLC","city":"Bend","st":"OR","mkt":"Bend","s":"Active","raw":"Active","p":"census"},"geometry":{"type":"Point","coordinates":[-121.28284,44.08653]}},{"type":"Feature","properties":{"id":"a5da05c28f","n":"Amazon AWS PDX - Bombing Campus","o":"Amazon AWS","city":"Boardman","st":"OR","mkt":"Boardman","s":"Active","raw":"Active","p":"city"},"geometry":{"type":"Point","coordinates":[-119.70058,45.83986]}},{"type":"Feature","properties":{"id":"893c0c37e3","n":"Amazon AWS PDX - Gar Swanson Campus","o":"Amazon AWS","city":"Boardman","st":"OR","mkt":"Boardman","s":"Active","raw":"Active","p":"city"},"geometry":{"type":"Point","coordinates":[-119.70058,45.83986]}},{"type":"Feature","properties":{"id":"aaf23ba909","n":"Amazon AWS PDX - Lewis East Campus","o":"Amazon AWS","city":"Boardman","st":"OR","mkt":"Boardman","s":"Active","raw":"Active","p":"city"},"geometry":{"type":"Point","coordinates":[-119.70058,45.83986]}},{"type":"Feature","properties":{"id":"5cb2d11986","n":"Amazon AWS PDX - Lewis West Campus","o":"Amazon AWS","city":"Boardman","st":"OR","mkt":"Boardman","s":"Active","raw":"Active","p":"census"},"geometry":{"type":"Point","coordinates":[-119.64656,45.85557]}},{"type":"Feature","properties":{"id":"c8ff0c8064","n":"Amazon AWS PDX - Olson Campus","o":"Amazon AWS","city":"Boardman","st":"OR","mkt":"Boardman","s":"Active","raw":"Active","p":"city"},"geometry":{"type":"Point","coordinates":[-119.70058,45.83986]}},{"type":"Feature","properties":{"id":"a696da42db","n":"Amazon AWS PDX - Rippee Campus","o":"Amazon AWS","city":"Boardman","st":"OR","mkt":"Boardman","s":"Active","raw":"Active","p":"census"},"geometry":{"type":"Point","coordinates":[-119.65427,45.84145]}},{"type":"Feature","properties":{"id":"985e8a0392","n":"DMG Boardman","o":"DMG Blockchain Solutions Inc.","city":"Boardman","st":"OR","mkt":"Boardman","s":"Active","raw":"Active","p":"city","np":1},"geometry":{"type":"Point","coordinates":[-119.70058,45.83986]}},{"type":"Feature","properties":{"id":"4e3b581363","n":"Kattare Corvallis Data Center","o":"Kattare Inc.","city":"Corvallis","st":"OR","mkt":"Corvallis","s":"Active","raw":"Active","p":"census"},"geometry":{"type":"Point","coordinates":[-123.27644,44.51104]}},{"type":"Feature","properties":{"id":"a314f995eb","n":"Data Center West - Eugene","o":"Data Center West, Inc","city":"Eugene","st":"OR","mkt":"Eugene","s":"Active","raw":"Active","p":"census"},"geometry":{"type":"Point","coordinates":[-123.09282,44.05096]}},{"type":"Feature","properties":{"id":"0b17112d05","n":"Lumen Eugene 1","o":"Lumen","city":"Eugene","st":"OR","mkt":"Eugene","s":"Active","raw":"Active","p":"census"},"geometry":{"type":"Point","coordinates":[-123.11927,44.05442]}},{"type":"Feature","properties":{"id":"ac2f842a5a","n":"Lumen Eugene 2","o":"Lumen","city":"Eugene","st":"OR","mkt":"Eugene","s":"Active","raw":"Active","p":"osm"},"geometry":{"type":"Point","coordinates":[-123.16789,44.11831]}},{"type":"Feature","properties":{"id":"52f5933124","n":"Amazon AWS PDX - Lind Campus","o":"Amazon AWS","city":"Hermiston","st":"OR","mkt":"Hermiston","s":"Active","raw":"Active","p":"census"},"geometry":{"type":"Point","coordinates":[-119.3076,45.89996]}},{"type":"Feature","properties":{"id":"d68a750b1a","n":"Amazon AWS PDX - Livestock Campus","o":"Amazon AWS","city":"Hermiston","st":"OR","mkt":"Hermiston","s":"Active","raw":"Active","p":"census"},"geometry":{"type":"Point","coordinates":[-119.35578,45.78948]}},{"type":"Feature","properties":{"id":"45819ab939","n":"Amazon AWS PDX - Penney Campus","o":"Amazon AWS","city":"Hermiston","st":"OR","mkt":"Hermiston","s":"Active","raw":"Active","p":"city"},"geometry":{"type":"Point","coordinates":[-119.28946,45.84041]}},{"type":"Feature","properties":{"id":"d223f6832f","n":"Adobe Inc.","o":"Adobe","city":"Hillsboro","st":"OR","mkt":"Hillsboro","s":"Active","raw":"Active","p":"city"},"geometry":{"type":"Point","coordinates":[-122.98983,45.52289]}},{"type":"Feature","properties":{"id":"932b7d49d1","n":"Aligned Data Centers Hillsboro Campus","o":"Aligned Data Centers","city":"Hillsboro","st":"OR","mkt":"Hillsboro","s":"Active","raw":"Active","p":"census"},"geometry":{"type":"Point","coordinates":[-122.94828,45.55115]}},{"type":"Feature","properties":{"id":"dfd652e424","n":"Crane Data Centers","o":"Crane Data Centers","city":"Hillsboro","st":"OR","mkt":"Hillsboro","s":"Active","raw":"Active","p":"city"},"geometry":{"type":"Point","coordinates":[-122.98983,45.52289]}},{"type":"Feature","properties":{"id":"fd615595c7","n":"Digital Realty PDX10","o":"Digital Realty","city":"Hillsboro","st":"OR","mkt":"Hillsboro","s":"Active","raw":"Active","p":"census"},"geometry":{"type":"Point","coordinates":[-122.89108,45.54726]}},{"type":"Feature","properties":{"id":"7896a3bef1","n":"Digital Realty PDX11","o":"Digital Realty","city":"Hillsboro","st":"OR","mkt":"Hillsboro","s":"Active","raw":"Active","p":"city"},"geometry":{"type":"Point","coordinates":[-122.98983,45.52289]}},{"type":"Feature","properties":{"id":"e5cb8036af","n":"Digital Realty PDX12","o":"Digital Realty","city":"Hillsboro","st":"OR","mkt":"Hillsboro","s":"Active","raw":"Active","p":"city"},"geometry":{"type":"Point","coordinates":[-122.98983,45.52289]}},{"type":"Feature","properties":{"id":"71cc9ae49a","n":"EdgeConneX EDCPOR01","o":"EdgeConneX","city":"Hillsboro","st":"OR","mkt":"Hillsboro","s":"Active","raw":"Active","p":"census"},"geometry":{"type":"Point","coordinates":[-122.91602,45.55095]}},{"type":"Feature","properties":{"id":"903c3c04bb","n":"EdgeConneX EDCPOR02","o":"EdgeConneX","city":"Hillsboro","st":"OR","mkt":"Hillsboro","s":"Active","raw":"Active","p":"city"},"geometry":{"type":"Point","coordinates":[-122.98983,45.52289]}},{"type":"Feature","properties":{"id":"b64b3c70a1","n":"Flexential Portland - Hillsboro 1","o":"Flexential","city":"Hillsboro","st":"OR","mkt":"Hillsboro","s":"Active","raw":"Active","p":"census"},"geometry":{"type":"Point","coordinates":[-122.89065,45.54794]}},{"type":"Feature","properties":{"id":"5bc91c9e78","n":"Flexential Portland - Hillsboro 2","o":"Flexential","city":"Hillsboro","st":"OR","mkt":"Hillsboro","s":"Active","raw":"Active","p":"osm"},"geometry":{"type":"Point","coordinates":[-122.91706,45.55828]}},{"type":"Feature","properties":{"id":"a5ee349b11","n":"Flexential Portland - Hillsboro 3","o":"Flexential","city":"Hillsboro","st":"OR","mkt":"Hillsboro","s":"Active","raw":"Active","p":"census"},"geometry":{"type":"Point","coordinates":[-122.9362,45.56058]}},{"type":"Feature","properties":{"id":"4aaf238b57","n":"Flexential Portland - Hillsboro 4","o":"Flexential","city":"Hillsboro","st":"OR","mkt":"Hillsboro","s":"Active","raw":"Active","p":"osm"},"geometry":{"type":"Point","coordinates":[-122.93915,45.55531]}},{"type":"Feature","properties":{"id":"46e9cb94f7","n":"Flexential Portland - Hillsboro 5","o":"Flexential","city":"Hillsboro","st":"OR","mkt":"Hillsboro","s":"Active","raw":"Active","p":"osm"},"geometry":{"type":"Point","coordinates":[-122.93941,45.55646]}},{"type":"Feature","properties":{"id":"51b327b3e3","n":"Flexential Portland - Hillsboro 6","o":"Flexential","city":"Hillsboro","st":"OR","mkt":"Hillsboro","s":"Active","raw":"Active","p":"osm"},"geometry":{"type":"Point","coordinates":[-122.88789,45.54845]}},{"type":"Feature","properties":{"id":"ac7e18eccb","n":"NTT GDC - Hillsboro Campus","o":"NTT DATA, Inc.","city":"Hillsboro","st":"OR","mkt":"Hillsboro","s":"Active","raw":"Active","p":"osm"},"geometry":{"type":"Point","coordinates":[-122.93739,45.54956]}},{"type":"Feature","properties":{"id":"77fec8fae5","n":"NTT GDC - Hillsboro HI2","o":"NTT DATA, Inc.","city":"Hillsboro","st":"OR","mkt":"Hillsboro","s":"Active","raw":"Active","p":"census"},"geometry":{"type":"Point","coordinates":[-122.93357,45.54893]}},{"type":"Feature","properties":{"id":"b52bd64e8e","n":"OVH HIL1","o":"OVH","city":"Hillsboro","st":"OR","mkt":"Hillsboro","s":"Active","raw":"Active","p":"census"},"geometry":{"type":"Point","coordinates":[-122.95685,45.53072]}},{"type":"Feature","properties":{"id":"02a78016bb","n":"Opus Interactive","o":"Opus Interactive","city":"Hillsboro","st":"OR","mkt":"Hillsboro","s":"Active","raw":"Active","p":"census"},"geometry":{"type":"Point","coordinates":[-122.89675,45.54637]}},{"type":"Feature","properties":{"id":"7b52516599","n":"Oracle - 3295 NE 83rd Ave","o":"Oracle","city":"Hillsboro","st":"OR","mkt":"Hillsboro","s":"Active","raw":"Active","p":"osm"},"geometry":{"type":"Point","coordinates":[-122.89443,45.54372]}},{"type":"Feature","properties":{"id":"f947c41eda","n":"Oracle - 3380 NE 79th Ave","o":"Oracle","city":"Hillsboro","st":"OR","mkt":"Hillsboro","s":"Active","raw":"Active","p":"osm"},"geometry":{"type":"Point","coordinates":[-122.89646,45.5439]}},{"type":"Feature","properties":{"id":"ac896853b8","n":"QTS Hillsboro 1 DC1","o":"QTS Data Centers","city":"Hillsboro","st":"OR","mkt":"Hillsboro","s":"Active","raw":"Active","p":"census"},"geometry":{"type":"Point","coordinates":[-122.93153,45.55695]}},{"type":"Feature","properties":{"id":"29b4bc1c0e","n":"QTS Hillsboro 2 Campus","o":"QTS Data Centers","city":"Hillsboro","st":"OR","mkt":"Hillsboro","s":"Active","raw":"Active","p":"city"},"geometry":{"type":"Point","coordinates":[-122.98983,45.52289]}},{"type":"Feature","properties":{"id":"a895d616b0","n":"QTS Hillsboro 3","o":"QTS Data Centers","city":"Hillsboro","st":"OR","mkt":"Hillsboro","s":"Active","raw":"Active","p":"city","np":1},"geometry":{"type":"Point","coordinates":[-122.98983,45.52289]}},{"type":"Feature","properties":{"id":"b07047595a","n":"Rowan Digital Infrastructure","o":"Rowan Digital Infrastructure","city":"Hillsboro","st":"OR","mkt":"Hillsboro","s":"Active","raw":"Active","p":"city"},"geometry":{"type":"Point","coordinates":[-122.98983,45.52289]}},{"type":"Feature","properties":{"id":"5786cdcb84","n":"STACK Infrastructure POR01 Campus","o":"STACK Infrastructure","city":"Hillsboro","st":"OR","mkt":"Hillsboro","s":"Active","raw":"Active","p":"census"},"geometry":{"type":"Point","coordinates":[-122.92642,45.55086]}},{"type":"Feature","properties":{"id":"1009243ea4","n":"STACK Infrastructure POR02A","o":"STACK Infrastructure","city":"Hillsboro","st":"OR","mkt":"Hillsboro","s":"Active","raw":"Active","p":"census"},"geometry":{"type":"Point","coordinates":[-122.89675,45.54637]}},{"type":"Feature","properties":{"id":"dc1f680328","n":"STACK Infrastructure POR03 Campus","o":"STACK Infrastructure","city":"Hillsboro","st":"OR","mkt":"Hillsboro","s":"Active","raw":"Active","p":"osm"},"geometry":{"type":"Point","coordinates":[-122.93941,45.55422]}},{"type":"Feature","properties":{"id":"60316cb101","n":"Tata Communications Hillsboro","o":"Tata Communications","city":"Hillsboro","st":"OR","mkt":"Hillsboro","s":"Active","raw":"Active","p":"census"},"geometry":{"type":"Point","coordinates":[-122.89516,45.54607]}},{"type":"Feature","properties":{"id":"836568d8e2","n":"Ziply Fiber Hillsboro","o":"Ziply Fiber","city":"Hillsboro","st":"OR","mkt":"Hillsboro","s":"Active","raw":"Active","p":"city"},"geometry":{"type":"Point","coordinates":[-122.98983,45.52289]}},{"type":"Feature","properties":{"id":"7cda5dd46f","n":"Data Center West - Medford","o":"Data Center West, Inc","city":"Medford","st":"OR","mkt":"Medford","s":"Active","raw":"Active","p":"census"},"geometry":{"type":"Point","coordinates":[-122.8802,42.33186]}},{"type":"Feature","properties":{"id":"c4d454c2f8","n":"Cogent Data Center - Portland","o":"Cogent Communications, Inc.","city":"Portland","st":"OR","mkt":"Portland","s":"Active","raw":"Active","p":"census"},"geometry":{"type":"Point","coordinates":[-122.72156,45.54374]}},{"type":"Feature","properties":{"id":"26530dfddf","n":"DTS-NET USA","o":"DTS-NET","city":"Portland","st":"OR","mkt":"Portland","s":"Active","raw":"Active","p":"city"},"geometry":{"type":"Point","coordinates":[-122.67419,45.52025]}},{"type":"Feature","properties":{"id":"9e9af1f9de","n":"Digital Fortress Portland 1","o":"Digital Fortress","city":"Portland","st":"OR","mkt":"Portland","s":"Active","raw":"Active","p":"census"},"geometry":{"type":"Point","coordinates":[-122.68152,45.52125]}},{"type":"Feature","properties":{"id":"28f58ca417","n":"Digital Fortress Portland 2","o":"Digital Fortress","city":"Beaverton","st":"OR","mkt":"Portland","s":"Active","raw":"Active","p":"census"},"geometry":{"type":"Point","coordinates":[-122.77758,45.47601]}},{"type":"Feature","properties":{"id":"346060b2a6","n":"Digital Fortress Portland 3","o":"Digital Fortress","city":"Beaverton","st":"OR","mkt":"Portland","s":"Active","raw":"Active","p":"census"},"geometry":{"type":"Point","coordinates":[-122.77708,45.47589]}},{"type":"Feature","properties":{"id":"47505d42ff","n":"H5 Data Centers Portland","o":"H5 Data Centers","city":"Portland","st":"OR","mkt":"Portland","s":"Active","raw":"Active","p":"census"},"geometry":{"type":"Point","coordinates":[-122.68355,45.53174]}},{"type":"Feature","properties":{"id":"16d4d1d059","n":"Lumen Cedar Hills","o":"Lumen","city":"Cedar Hills","st":"OR","mkt":"Portland","s":"Active","raw":"Active","p":"census"},"geometry":{"type":"Point","coordinates":[-122.823,45.49376]}},{"type":"Feature","properties":{"id":"4a05ca660e","n":"Lumen Portland 1","o":"Lumen","city":"Portland","st":"OR","mkt":"Portland","s":"Active","raw":"Active","p":"census"},"geometry":{"type":"Point","coordinates":[-122.68484,45.53152]}},{"type":"Feature","properties":{"id":"974b51ead6","n":"Lumen Portland 2","o":"Lumen","city":"Portland","st":"OR","mkt":"Portland","s":"Active","raw":"Active","p":"census"},"geometry":{"type":"Point","coordinates":[-122.67899,45.52076]}},{"type":"Feature","properties":{"id":"7ed274fb6e","n":"Oakline at Mill Creek","o":"Verrus","city":"Salem","st":"OR","mkt":"Portland","s":"Active","raw":"Active","p":"city"},"geometry":{"type":"Point","coordinates":[-123.03312,44.93916]}},{"type":"Feature","properties":{"id":"63d21d4552","n":"Opus Interactive Portland Datacenter","o":"Opus Interactive","city":"Portland","st":"OR","mkt":"Portland","s":"Active","raw":"Active","p":"census"},"geometry":{"type":"Point","coordinates":[-122.68342,45.52298]}},{"type":"Feature","properties":{"id":"659d89ff80","n":"Pittock Block1547","o":"Critical Systems Realty","city":"Portland","st":"OR","mkt":"Portland","s":"Active","raw":"Active","p":"census"},"geometry":{"type":"Point","coordinates":[-122.68063,45.5212]}},{"type":"Feature","properties":{"id":"1daac75a28","n":"Uniti Portland","o":"Uniti Wholesale","city":"Portland","st":"OR","mkt":"Portland","s":"Active","raw":"Active","p":"census"},"geometry":{"type":"Point","coordinates":[-122.67899,45.52076]}},{"type":"Feature","properties":{"id":"7345fd4c28","n":"Ziply Fiber Beaverton","o":"Ziply Fiber","city":"Beaverton","st":"OR","mkt":"Portland","s":"Active","raw":"Active","p":"census"},"geometry":{"type":"Point","coordinates":[-122.81085,45.48983]}},{"type":"Feature","properties":{"id":"a6b06470e7","n":"Ziply Fiber Gresham","o":"Ziply Fiber","city":"Gresham","st":"OR","mkt":"Portland","s":"Active","raw":"Active","p":"census"},"geometry":{"type":"Point","coordinates":[-122.43174,45.51098]}},{"type":"Feature","properties":{"id":"09b99216ff","n":"Ziply Fiber Somerset West","o":"Ziply Fiber","city":"Portland","st":"OR","mkt":"Portland","s":"Active","raw":"Active","p":"census"},"geometry":{"type":"Point","coordinates":[-122.86746,45.54758]}},{"type":"Feature","properties":{"id":"dffa467ce6","n":"Ziply Fiber Tigard","o":"Ziply Fiber","city":"Tigard","st":"OR","mkt":"Portland","s":"Active","raw":"Active","p":"census"},"geometry":{"type":"Point","coordinates":[-122.76856,45.4273]}},{"type":"Feature","properties":{"id":"32ea64ff83","n":"Apple Prineville Campus","o":"Apple","city":"Prineville","st":"OR","mkt":"Prineville","s":"Active","raw":"Active","p":"city"},"geometry":{"type":"Point","coordinates":[-120.84639,44.30349]}},{"type":"Feature","properties":{"id":"6d83b93b8f","n":"Meta Prineville Campus","o":"Meta","city":"Prineville","st":"OR","mkt":"Prineville","s":"Expanding","raw":"Active/Expanding","p":"census"},"geometry":{"type":"Point","coordinates":[-120.8855,44.29529]}},{"type":"Feature","properties":{"id":"963a640c50","n":"Google - 3500 River Rd","o":"Google","city":"The Dalles","st":"OR","mkt":"The Dalles","s":"Active","raw":"Active","p":"city"},"geometry":{"type":"Point","coordinates":[-121.18416,45.60151]}},{"type":"Feature","properties":{"id":"3840e29d86","n":"Google The Dalles Campus","o":"Google","city":"The Dalles","st":"OR","mkt":"The Dalles","s":"Active","raw":"Active","p":"census"},"geometry":{"type":"Point","coordinates":[-121.20318,45.63132]}},{"type":"Feature","properties":{"id":"573820d79c","n":"Amazon AWS PDX - Beach Campus","o":"Amazon AWS","city":"Umatilla","st":"OR","mkt":"Umatilla","s":"Active","raw":"Active","p":"city"},"geometry":{"type":"Point","coordinates":[-119.34252,45.91735]}},{"type":"Feature","properties":{"id":"6fbdb49425","n":"Amazon AWS PDX - Powerline Campus","o":"Amazon AWS","city":"Umatilla","st":"OR","mkt":"Umatilla","s":"Active","raw":"Active","p":"city"},"geometry":{"type":"Point","coordinates":[-119.34252,45.91735]}},{"type":"Feature","properties":{"id":"225b09967d","n":"Amazon AWS PDX - Wanapa Campus","o":"Amazon AWS","city":"Umatilla","st":"OR","mkt":"Umatilla","s":"Active","raw":"Active","p":"city"},"geometry":{"type":"Point","coordinates":[-119.34252,45.91735]}},{"type":"Feature","properties":{"id":"6a02551b22","n":"SDC Umatilla Campus","o":"Sabey Data Center Properties LLC","city":"Umatilla","st":"OR","mkt":"Umatilla","s":"Active","raw":"Active","p":"city"},"geometry":{"type":"Point","coordinates":[-119.34252,45.91735]}},{"type":"Feature","properties":{"id":"e4155c9200","n":"TierPoint Bethlehem","o":"TierPoint","city":"Bethlehem","st":"PA","mkt":"Bethlehem","s":"Active","raw":"Active","p":"census"},"geometry":{"type":"Point","coordinates":[-75.37601,40.67167]}},{"type":"Feature","properties":{"id":"e2416bc3fe","n":"TierPoint Lehigh Valley","o":"TierPoint","city":"Bethlehem","st":"PA","mkt":"Bethlehem","s":"Active","raw":"Active","p":"census"},"geometry":{"type":"Point","coordinates":[-75.37766,40.67615]}},{"type":"Feature","properties":{"id":"e87cf27003","n":"viLogics Ebensburg","o":"viLogics Data Centers","city":"Ebensburg","st":"PA","mkt":"Ebensburg","s":"Active","raw":"Active","p":"city"},"geometry":{"type":"Point","coordinates":[-78.72484,40.48528]}},{"type":"Feature","properties":{"id":"c5d67ce2ac","n":"viLogics South Park Building","o":"viLogics Data Centers","city":"Ebensburg","st":"PA","mkt":"Ebensburg","s":"Active","raw":"Active","p":"city","np":1},"geometry":{"type":"Point","coordinates":[-78.72484,40.48528]}},{"type":"Feature","properties":{"id":"9b7245bb81","n":"Alerify Data Center","o":"Alerify","city":"Harrisburg","st":"PA","mkt":"Harrisburg","s":"Active","raw":"Active","p":"census"},"geometry":{"type":"Point","coordinates":[-76.85363,40.31659]}},{"type":"Feature","properties":{"id":"654ace9e71","n":"Harrisburg I, LLC","o":"(operator not disclosed)","city":"Harrisburg","st":"PA","mkt":"Harrisburg","s":"Active","raw":"Active","p":"census"},"geometry":{"type":"Point","coordinates":[-76.80695,40.23027]}},{"type":"Feature","properties":{"id":"19b7b2c9da","n":"Hummelstown Quarry Campus","o":"Hanover Company","city":"South Hanover Township","st":"PA","mkt":"Harrisburg","s":"Planned","raw":"Planned","p":"city"},"geometry":{"type":"Point","coordinates":[-76.70859,40.29429]}},{"type":"Feature","properties":{"id":"2b66db1e48","n":"MRP Perry County Campus","o":"MRP Industrial","city":"Duncannon","st":"PA","mkt":"Harrisburg","s":"Planned","raw":"Planned","p":"city"},"geometry":{"type":"Point","coordinates":[-77.03258,40.39314]}},{"type":"Feature","properties":{"id":"39e590077c","n":"PowerHouse Pennsylvania Digital 1 Campus","o":"PowerHouse Data Centers","city":"Carlisle","st":"PA","mkt":"Harrisburg","s":"Planned","raw":"Planned","p":"city","np":1},"geometry":{"type":"Point","coordinates":[-77.18908,40.2015]}},{"type":"Feature","properties":{"id":"5ec587a89e","n":"1375 Harrisburg Pike","o":"Machine Investment Group","city":"Lancaster","st":"PA","mkt":"Lancaster","s":"Active","raw":"Active","p":"census"},"geometry":{"type":"Point","coordinates":[-76.33304,40.05822]}},{"type":"Feature","properties":{"id":"040fd3d3dd","n":"CoreWeave Lancaster","o":"CoreWeave","city":"Lancaster","st":"PA","mkt":"Lancaster","s":"Active","raw":"Active","p":"census"},"geometry":{"type":"Point","coordinates":[-76.25609,40.04869]}},{"type":"Feature","properties":{"id":"19af931dc5","n":"Lumen Lancaster 1","o":"Lumen","city":"Lancaster","st":"PA","mkt":"Lancaster","s":"Active","raw":"Active","p":"census"},"geometry":{"type":"Point","coordinates":[-76.25228,40.04901]}},{"type":"Feature","properties":{"id":"62c63c680d","n":"South Annville Township Campus","o":"Inch & Co.","city":"Annville","st":"PA","mkt":"Lebanon","s":"Inactive","raw":"Canceled","p":"city"},"geometry":{"type":"Point","coordinates":[-76.51523,40.32959]}},{"type":"Feature","properties":{"id":"438cbab696","n":"Prologis Lehigh Valley East 16","o":"Prologis","city":"Northampton","st":"PA","mkt":"Lehigh Valley","s":"Active","raw":"Active","p":"osm"},"geometry":{"type":"Point","coordinates":[-75.48011,40.70173]}},{"type":"Feature","properties":{"id":"44a60f4d77","n":"PowerHouse Granville Township Campus","o":"PowerHouse Data Centers","city":"Granville","st":"PA","mkt":"Lewistown","s":"Planned","raw":"Planned","p":"census"},"geometry":{"type":"Point","coordinates":[-77.60918,40.56902]}},{"type":"Feature","properties":{"id":"0def6941f9","n":"11:11 Systems Philadelphia","o":"11:11 Systems","city":"Philadelphia","st":"PA","mkt":"Philadelphia","s":"Active","raw":"Active","p":"census"},"geometry":{"type":"Point","coordinates":[-75.16187,39.95962]}},{"type":"Feature","properties":{"id":"39cbc22f5f","n":"1547 Chester County PA","o":"1547 Critical Systems Realty","city":"Malvern","st":"PA","mkt":"Philadelphia","s":"Active","raw":"Active","p":"city"},"geometry":{"type":"Point","coordinates":[-75.5139,40.0362]}},{"type":"Feature","properties":{"id":"85b2a89ece","n":"365 Data Centers - Philadelphia (Downtown)","o":"365 Data Centers","city":"Philadelphia","st":"PA","mkt":"Philadelphia","s":"Active","raw":"Active","p":"census"},"geometry":{"type":"Point","coordinates":[-75.1632,39.96255]}},{"type":"Feature","properties":{"id":"e9f0c407e2","n":"365 Data Centers - Philadelphia (University City)","o":"365 Data Centers","city":"Philadelphia","st":"PA","mkt":"Philadelphia","s":"Active","raw":"Active","p":"census"},"geometry":{"type":"Point","coordinates":[-75.19604,39.95648]}},{"type":"Feature","properties":{"id":"d1c1bb3308","n":"Colocation America PHILLYDC1","o":"Colocation America","city":"Breinigsville","st":"PA","mkt":"Philadelphia","s":"Active","raw":"Active","p":"census"},"geometry":{"type":"Point","coordinates":[-75.65985,40.54312]}},{"type":"Feature","properties":{"id":"e7aad63ac6","n":"Colocation America PHILLYDC2","o":"Colocation America","city":"Eagleville","st":"PA","mkt":"Philadelphia","s":"Active","raw":"Active","p":"census"},"geometry":{"type":"Point","coordinates":[-75.41992,40.12146]}},{"type":"Feature","properties":{"id":"c9bf30d7a5","n":"Colocation America PHILLYDC3","o":"Colocation America","city":"Bethlehem","st":"PA","mkt":"Philadelphia","s":"Active","raw":"Active","p":"census"},"geometry":{"type":"Point","coordinates":[-75.37766,40.67615]}},{"type":"Feature","properties":{"id":"8d8305ae7d","n":"Comcast West Chester","o":"Comcast","city":"West Chester","st":"PA","mkt":"Philadelphia","s":"Active","raw":"Active","p":"census"},"geometry":{"type":"Point","coordinates":[-75.5731,39.99941]}},{"type":"Feature","properties":{"id":"9bbed1899a","n":"Crown Castle Philadelphia (PA1)","o":"Crown Castle","city":"Philadelphia","st":"PA","mkt":"Philadelphia","s":"Active","raw":"Active","p":"census"},"geometry":{"type":"Point","coordinates":[-75.16187,39.95962]}},{"type":"Feature","properties":{"id":"da14247552","n":"Crown Castle Philadelphia (PA2)","o":"Crown Castle","city":"Philadelphia","st":"PA","mkt":"Philadelphia","s":"Active","raw":"Active","p":"census"},"geometry":{"type":"Point","coordinates":[-75.15992,39.96024]}},{"type":"Feature","properties":{"id":"b587ae8502","n":"DaSTOR King of Prussia I","o":"DaSTOR, LLC","city":"King of Prussia","st":"PA","mkt":"Philadelphia","s":"Active","raw":"Active","p":"census"},"geometry":{"type":"Point","coordinates":[-75.33472,40.07663]}},{"type":"Feature","properties":{"id":"cf333e444d","n":"DaSTOR King of Prussia II","o":"DaSTOR, LLC","city":"King of Prussia","st":"PA","mkt":"Philadelphia","s":"Active","raw":"Active","p":"census"},"geometry":{"type":"Point","coordinates":[-75.33896,40.08753]}},{"type":"Feature","properties":{"id":"c81b2fae22","n":"DataBank PHL1","o":"DataBank","city":"Philadelphia","st":"PA","mkt":"Philadelphia","s":"Active","raw":"Active","p":"census"},"geometry":{"type":"Point","coordinates":[-75.16187,39.95962]}},{"type":"Feature","properties":{"id":"085185c4fc","n":"Digital Edge Philly","o":"Digital Edge","city":"Philadelphia","st":"PA","mkt":"Philadelphia","s":"Active","raw":"Active","p":"census"},"geometry":{"type":"Point","coordinates":[-75.16187,39.95962]}},{"type":"Feature","properties":{"id":"4d2b2e1e61","n":"Equinix PH1","o":"Equinix","city":"Philadelphia","st":"PA","mkt":"Philadelphia","s":"Active","raw":"Active","p":"census"},"geometry":{"type":"Point","coordinates":[-75.16187,39.95962]}},{"type":"Feature","properties":{"id":"8e658888d8","n":"Flexential Philadelphia - Collegeville","o":"Flexential","city":"Collegeville","st":"PA","mkt":"Philadelphia","s":"Active","raw":"Active","p":"census"},"geometry":{"type":"Point","coordinates":[-75.47469,40.15165]}},{"type":"Feature","properties":{"id":"eac2197344","n":"H5 Data Centers Philadelphia","o":"H5 Data Centers","city":"Philadelphia","st":"PA","mkt":"Philadelphia","s":"Active","raw":"Active","p":"census"},"geometry":{"type":"Point","coordinates":[-75.1632,39.96255]}},{"type":"Feature","properties":{"id":"feaa4d85c2","n":"Hivelocity - Philadelphia 1","o":"Hivelocity","city":"Philadelphia","st":"PA","mkt":"Philadelphia","s":"Active","raw":"Active","p":"census"},"geometry":{"type":"Point","coordinates":[-75.17982,39.95017]}},{"type":"Feature","properties":{"id":"fecb812aac","n":"Keystone Trade Center","o":"NorthPoint Development","city":"Fairless Hills","st":"PA","mkt":"Philadelphia","s":"Active","raw":"Active","p":"city"},"geometry":{"type":"Point","coordinates":[-74.85516,40.17955]}},{"type":"Feature","properties":{"id":"59c8f2751b","n":"LightWave Networks","o":"LightWave Networks, Inc","city":"Philadelphia","st":"PA","mkt":"Philadelphia","s":"Active","raw":"Active","p":"census"},"geometry":{"type":"Point","coordinates":[-75.16187,39.95962]}},{"type":"Feature","properties":{"id":"3830cc5949","n":"Lumen Philadelphia 1","o":"Lumen","city":"Philadelphia","st":"PA","mkt":"Philadelphia","s":"Active","raw":"Active","p":"census"},"geometry":{"type":"Point","coordinates":[-75.16187,39.95962]}},{"type":"Feature","properties":{"id":"df850049be","n":"Lumen Philadelphia 2","o":"Lumen","city":"Philadelphia","st":"PA","mkt":"Philadelphia","s":"Active","raw":"Active","p":"census"},"geometry":{"type":"Point","coordinates":[-75.15206,39.951]}},{"type":"Feature","properties":{"id":"c83839c94e","n":"Lumen Philadelphia 3","o":"Lumen","city":"Philadelphia","st":"PA","mkt":"Philadelphia","s":"Active","raw":"Active","p":"census"},"geometry":{"type":"Point","coordinates":[-75.18382,39.95483]}},{"type":"Feature","properties":{"id":"007a9fc210","n":"Pennhurst Data Center Campus","o":"(operator not disclosed)","city":"Spring City","st":"PA","mkt":"Philadelphia","s":"Active","raw":"Active","p":"census"},"geometry":{"type":"Point","coordinates":[-75.56736,40.19217]}},{"type":"Feature","properties":{"id":"300f74399e","n":"Project Forge Campus","o":"Sentinel Datacenters","city":"Malvern","st":"PA","mkt":"Philadelphia","s":"Active","raw":"Active","p":"census"},"geometry":{"type":"Point","coordinates":[-75.57902,40.04209]}},{"type":"Feature","properties":{"id":"9cb952cd94","n":"Project Laurel Campus","o":"(operator not disclosed)","city":"Pottstown","st":"PA","mkt":"Philadelphia","s":"Active","raw":"Active","p":"city"},"geometry":{"type":"Point","coordinates":[-75.64964,40.2453]}},{"type":"Feature","properties":{"id":"3f1e6a652a","n":"TierPoint Philadelphia - Navy Yard","o":"TierPoint","city":"Philadelphia","st":"PA","mkt":"Philadelphia","s":"Active","raw":"Active","p":"census"},"geometry":{"type":"Point","coordinates":[-75.16655,39.89233]}},{"type":"Feature","properties":{"id":"3419869825","n":"TrueNet","o":"TrueNet","city":"West Chester","st":"PA","mkt":"Philadelphia","s":"Active","raw":"Active","p":"census"},"geometry":{"type":"Point","coordinates":[-75.58123,39.94443]}},{"type":"Feature","properties":{"id":"e1393148af","n":"Unisecure Philadelphia DC","o":"Unisecure Data Centers","city":"Philadelphia","st":"PA","mkt":"Philadelphia","s":"Active","raw":"Active","p":"census"},"geometry":{"type":"Point","coordinates":[-75.17982,39.95017]}},{"type":"Feature","properties":{"id":"4cc4f3c56d","n":"Uniti New York 1 (Philadelphia)","o":"Uniti Wholesale","city":"Philadelphia","st":"PA","mkt":"Philadelphia","s":"Active","raw":"Active","p":"census"},"geometry":{"type":"Point","coordinates":[-75.16187,39.95962]}},{"type":"Feature","properties":{"id":"c8e33e0989","n":"York Energy Center DC","o":"Calpine Corporation","city":"Delta","st":"PA","mkt":"Philadelphia","s":"Active","raw":"Active","p":"census"},"geometry":{"type":"Point","coordinates":[-76.30926,39.73782]}},{"type":"Feature","properties":{"id":"e66fea527d","n":"151 Porter St","o":"(operator not disclosed)","city":"Springdale","st":"PA","mkt":"Pittsburgh","s":"Active","raw":"Active","p":"census"},"geometry":{"type":"Point","coordinates":[-79.78855,40.53899]}},{"type":"Feature","properties":{"id":"f54bbf831c","n":"182 Northpointe Blvd","o":"Chirisa","city":"Freeport","st":"PA","mkt":"Pittsburgh","s":"Active","raw":"Active","p":"city"},"geometry":{"type":"Point","coordinates":[-79.68477,40.67395]}},{"type":"Feature","properties":{"id":"132077f50f","n":"201 Pendale Road","o":"Provident Data Centers","city":"Wampum","st":"PA","mkt":"Pittsburgh","s":"Active","raw":"Active","p":"census"},"geometry":{"type":"Point","coordinates":[-80.32947,40.84465]}},{"type":"Feature","properties":{"id":"9c7cbde5e3","n":"Aligned - Shippingport Industrial Park","o":"Aligned Data Centers","city":"MacArthur","st":"PA","mkt":"Pittsburgh","s":"Active","raw":"Active","p":"market"},"geometry":{"type":"Point","coordinates":[-80.00257,40.4407]}},{"type":"Feature","properties":{"id":"733152be8b","n":"American Tower EDC Pittsburgh","o":"American Tower Corporation","city":"Pittsburgh","st":"PA","mkt":"Pittsburgh","s":"Active","raw":"Active","p":"city"},"geometry":{"type":"Point","coordinates":[-80.00257,40.4407]}},{"type":"Feature","properties":{"id":"f8468562f9","n":"Ardent Pittsburgh PIT1","o":"Ardent Data Centers","city":"McKees Rocks","st":"PA","mkt":"Pittsburgh","s":"Active","raw":"Active","p":"city"},"geometry":{"type":"Point","coordinates":[-80.06561,40.46562]}},{"type":"Feature","properties":{"id":"0be0e53734","n":"Ark Data Centers Pittsburgh","o":"Ark Data Centers","city":"Freeport","st":"PA","mkt":"Pittsburgh","s":"Active","raw":"Active","p":"city"},"geometry":{"type":"Point","coordinates":[-79.68477,40.67395]}},{"type":"Feature","properties":{"id":"890f943ec3","n":"Ascent Data","o":"Ascent Data","city":"Pittsburgh","st":"PA","mkt":"Pittsburgh","s":"Active","raw":"Active","p":"census"},"geometry":{"type":"Point","coordinates":[-79.86517,40.49757]}},{"type":"Feature","properties":{"id":"c18392c4fd","n":"Big Digital Energy Midland","o":"Big Digital Energy, Inc.","city":"Midland","st":"PA","mkt":"Pittsburgh","s":"Active","raw":"Active","p":"census"},"geometry":{"type":"Point","coordinates":[-80.45215,40.63568]}},{"type":"Feature","properties":{"id":"4333e6133f","n":"Citynet Pittsburgh","o":"Citynet, LLC","city":"Pittsburgh","st":"PA","mkt":"Pittsburgh","s":"Active","raw":"Active","p":"census"},"geometry":{"type":"Point","coordinates":[-80.00605,40.45016]}},{"type":"Feature","properties":{"id":"80a5a57735","n":"Cogent Data Center - Pittsburgh","o":"Cogent Communications, Inc.","city":"Pittsburgh","st":"PA","mkt":"Pittsburgh","s":"Active","raw":"Active","p":"census"},"geometry":{"type":"Point","coordinates":[-79.97036,40.45936]}},{"type":"Feature","properties":{"id":"f5b6e12adb","n":"DQE Butler","o":"DQE Communications","city":"Butler","st":"PA","mkt":"Pittsburgh","s":"Active","raw":"Active","p":"census"},"geometry":{"type":"Point","coordinates":[-79.90725,40.86043]}},{"type":"Feature","properties":{"id":"1f9cf73074","n":"DQE Pittsburgh","o":"DQE Communications","city":"Pittsburgh","st":"PA","mkt":"Pittsburgh","s":"Active","raw":"Active","p":"census"},"geometry":{"type":"Point","coordinates":[-80.0009,40.43917]}},{"type":"Feature","properties":{"id":"e7215abb8f","n":"DataBank PIT1 - Downtown Pittsburgh","o":"DataBank","city":"Pittsburgh","st":"PA","mkt":"Pittsburgh","s":"Active","raw":"Active","p":"census"},"geometry":{"type":"Point","coordinates":[-80.00605,40.45016]}},{"type":"Feature","properties":{"id":"e570227ee4","n":"DataBank PIT2 - Summit Park","o":"DataBank","city":"Pittsburgh","st":"PA","mkt":"Pittsburgh","s":"Active","raw":"Active","p":"osm"},"geometry":{"type":"Point","coordinates":[-80.1901,40.45136]}},{"type":"Feature","properties":{"id":"416ad6f094","n":"EdgeConneX Pittsburgh - EDCPIT01","o":"EdgeConneX","city":"Pittsburgh","st":"PA","mkt":"Pittsburgh","s":"Active","raw":"Active","p":"census"},"geometry":{"type":"Point","coordinates":[-80.0419,40.45175]}},{"type":"Feature","properties":{"id":"de0e6c616b","n":"Expedient Pittsburgh North Shore","o":"Expedient Data Centers","city":"Pittsburgh","st":"PA","mkt":"Pittsburgh","s":"Active","raw":"Active","p":"census"},"geometry":{"type":"Point","coordinates":[-80.00605,40.45016]}},{"type":"Feature","properties":{"id":"cefe2167d5","n":"Expedient Pittsburgh South","o":"Expedient Data Centers","city":"Pittsburgh","st":"PA","mkt":"Pittsburgh","s":"Active","raw":"Active","p":"census"},"geometry":{"type":"Point","coordinates":[-80.04292,40.42793]}},{"type":"Feature","properties":{"id":"5d8d0f079a","n":"Fidium Pittsburgh","o":"Fidium","city":"Pittsburgh","st":"PA","mkt":"Pittsburgh","s":"Active","raw":"Active","p":"census"},"geometry":{"type":"Point","coordinates":[-80.01673,40.51825]}},{"type":"Feature","properties":{"id":"b795e78c53","n":"Fidium Tarentum","o":"Fidium","city":"Tarentum","st":"PA","mkt":"Pittsburgh","s":"Active","raw":"Active","p":"city"},"geometry":{"type":"Point","coordinates":[-79.75451,40.60213]}},{"type":"Feature","properties":{"id":"bd825e115f","n":"H5 Data Centers Pittsburgh","o":"H5 Data Centers","city":"Pittsburgh","st":"PA","mkt":"Pittsburgh","s":"Active","raw":"Active","p":"census"},"geometry":{"type":"Point","coordinates":[-79.9815,40.4517]}},{"type":"Feature","properties":{"id":"e4bca684ef","n":"Iron Mountain Data Centers WPA-1","o":"Iron Mountain Data Centers","city":"Boyers","st":"PA","mkt":"Pittsburgh","s":"Active","raw":"Active","p":"city"},"geometry":{"type":"Point","coordinates":[-79.89894,41.10839]}},{"type":"Feature","properties":{"id":"3e5b9a639d","n":"Keel Infrastructure Scrubgrass","o":"Keel Infrastructure","city":"Kennerdell","st":"PA","mkt":"Pittsburgh","s":"Active","raw":"Active","p":"census"},"geometry":{"type":"Point","coordinates":[-79.81073,41.2681]}},{"type":"Feature","properties":{"id":"3ef9261828","n":"Keel Infrastructure Sharon","o":"Keel Infrastructure","city":"Sharon","st":"PA","mkt":"Pittsburgh","s":"Active","raw":"Active","p":"city"},"geometry":{"type":"Point","coordinates":[-80.50781,41.23295]}},{"type":"Feature","properties":{"id":"c4855653b4","n":"Lumen Pittsburgh 1","o":"Lumen","city":"Pittsburgh","st":"PA","mkt":"Pittsburgh","s":"Active","raw":"Active","p":"census"},"geometry":{"type":"Point","coordinates":[-79.98041,40.45448]}},{"type":"Feature","properties":{"id":"d8de8775f5","n":"Lumen Pittsburgh 2","o":"Lumen","city":"Pittsburgh","st":"PA","mkt":"Pittsburgh","s":"Active","raw":"Active","p":"census"},"geometry":{"type":"Point","coordinates":[-79.96004,40.43073]}},{"type":"Feature","properties":{"id":"fd7b3d0646","n":"MSA Evergreen Heights","o":"Management Science Associates","city":"Pittsburgh","st":"PA","mkt":"Pittsburgh","s":"Active","raw":"Active","p":"census"},"geometry":{"type":"Point","coordinates":[-80.01673,40.51825]}},{"type":"Feature","properties":{"id":"892fc5cc6d","n":"MSA Rockpointe","o":"Management Science Associates","city":"Tarentum","st":"PA","mkt":"Pittsburgh","s":"Active","raw":"Active","p":"city","np":1},"geometry":{"type":"Point","coordinates":[-79.75451,40.60213]}},{"type":"Feature","properties":{"id":"38e1492ede","n":"ServaxNet PIT01","o":"ServaxNet, LLC","city":"New Castle","st":"PA","mkt":"Pittsburgh","s":"Active","raw":"Active","p":"census"},"geometry":{"type":"Point","coordinates":[-80.34704,41.00013]}},{"type":"Feature","properties":{"id":"2d85d831d9","n":"Sierra Data Center","o":"Sierra Data Centers","city":"Pittsburgh","st":"PA","mkt":"Pittsburgh","s":"Active","raw":"Active","p":"census"},"geometry":{"type":"Point","coordinates":[-80.0009,40.43917]}},{"type":"Feature","properties":{"id":"0bf684bd2d","n":"Stonebridge Lawrence County","o":"Stonebridge","city":"New Castle","st":"PA","mkt":"Pittsburgh","s":"Active","raw":"Active","p":"census"},"geometry":{"type":"Point","coordinates":[-80.42948,40.98846]}},{"type":"Feature","properties":{"id":"7afb8d4ca3","n":"Switch Big Beaver Campus","o":"Switch","city":"Wampum","st":"PA","mkt":"Pittsburgh","s":"Active","raw":"Active","p":"city"},"geometry":{"type":"Point","coordinates":[-80.33812,40.88812]}},{"type":"Feature","properties":{"id":"59ee67e576","n":"TECfusions Keystone Connect","o":"TECfusions","city":"Upper Burrell","st":"PA","mkt":"Pittsburgh","s":"Active","raw":"Active","p":"city","np":1},"geometry":{"type":"Point","coordinates":[-79.67201,40.54704]}},{"type":"Feature","properties":{"id":"58ae941287","n":"TECfusions New Kensington","o":"TECfusions","city":"New Kensington","st":"PA","mkt":"Pittsburgh","s":"Active","raw":"Active","p":"census"},"geometry":{"type":"Point","coordinates":[-79.65062,40.54478]}},{"type":"Feature","properties":{"id":"8535187eed","n":"TeraSwitch Networks Pittsburgh","o":"TeraSwitch Networks Inc.","city":"Pittsburgh","st":"PA","mkt":"Pittsburgh","s":"Active","raw":"Active","p":"census"},"geometry":{"type":"Point","coordinates":[-80.00605,40.45016]}},{"type":"Feature","properties":{"id":"d17a478fe3","n":"The Homer City Energy Campus","o":"Homer City Redevelopment LLC","city":"Homer City","st":"PA","mkt":"Pittsburgh","s":"Active","raw":"Active","p":"city"},"geometry":{"type":"Point","coordinates":[-79.16226,40.5434]}},{"type":"Feature","properties":{"id":"43243886de","n":"aspStation Data Center","o":"aspStation, Inc","city":"Pittsburgh","st":"PA","mkt":"Pittsburgh","s":"Active","raw":"Active","p":"census"},"geometry":{"type":"Point","coordinates":[-79.94678,40.46546]}},{"type":"Feature","properties":{"id":"6e2026a7e7","n":"iM Critical Pittsburgh","o":"iM Critical","city":"Pittsburgh","st":"PA","mkt":"Pittsburgh","s":"Active","raw":"Active","p":"city"},"geometry":{"type":"Point","coordinates":[-80.00257,40.4407]}},{"type":"Feature","properties":{"id":"fe79c6bc3e","n":"viLogics Pittsburgh","o":"viLogics Data Centers","city":"Pittsburgh","st":"PA","mkt":"Pittsburgh","s":"Active","raw":"Active","p":"census"},"geometry":{"type":"Point","coordinates":[-80.0009,40.43917]}},{"type":"Feature","properties":{"id":"0eb467cb77","n":"Amazon AWS - Lofty Road Campus","o":"Amazon AWS","city":"McAdoo","st":"PA","mkt":"Pottsville","s":"Expanding","raw":"Active/Expanding","p":"city"},"geometry":{"type":"Point","coordinates":[-75.99371,40.90215]}},{"type":"Feature","properties":{"id":"477c340365","n":"Nebius Highridge Campus","o":"Nebius","city":"Gordon","st":"PA","mkt":"Pottsville","s":"Expanding","raw":"Active/Expanding","p":"city"},"geometry":{"type":"Point","coordinates":[-76.33911,40.74937]}},{"type":"Feature","properties":{"id":"ce42987478","n":"Contegix Wyomissing","o":"Contegix","city":"Wyomissing","st":"PA","mkt":"Reading","s":"Active","raw":"Active","p":"city"},"geometry":{"type":"Point","coordinates":[-75.96521,40.32954]}},{"type":"Feature","properties":{"id":"24577ac30d","n":"DaSTOR Reading BCC","o":"DaSTOR, LLC","city":"Reading","st":"PA","mkt":"Reading","s":"Active","raw":"Active","p":"census"},"geometry":{"type":"Point","coordinates":[-75.98291,40.38023]}},{"type":"Feature","properties":{"id":"f365d4eb4d","n":"Direct LTx Data Center","o":"Direct LTx","city":"Reading","st":"PA","mkt":"Reading","s":"Active","raw":"Active","p":"census"},"geometry":{"type":"Point","coordinates":[-75.98291,40.38023]}},{"type":"Feature","properties":{"id":"e4dae06491","n":"Omega Systems Reading","o":"Omega Systems","city":"Reading","st":"PA","mkt":"Reading","s":"Active","raw":"Active","p":"census"},"geometry":{"type":"Point","coordinates":[-76.00466,40.3403]}},{"type":"Feature","properties":{"id":"dd6e0a56b3","n":"Archbald Data & Energy Center","o":"(operator not disclosed)","city":"Eynon","st":"PA","mkt":"Scranton","s":"Active","raw":"Active","p":"city"},"geometry":{"type":"Point","coordinates":[-75.57435,41.49564]}},{"type":"Feature","properties":{"id":"2130eef94a","n":"Gouldsboro Data Center Campus","o":"(operator not disclosed)","city":"Clifton Township","st":"PA","mkt":"Scranton","s":"Planned","raw":"Planned","p":"city"},"geometry":{"type":"Point","coordinates":[-75.54769,41.22286]}},{"type":"Feature","properties":{"id":"e353214e33","n":"Mudiita Ransom Township","o":"Mudiita Infra","city":"Scranton","st":"PA","mkt":"Scranton","s":"Active","raw":"Active","p":"city"},"geometry":{"type":"Point","coordinates":[-75.66213,41.40869]}},{"type":"Feature","properties":{"id":"cac7586c38","n":"Popca LLC","o":"(operator not disclosed)","city":"Scranton","st":"PA","mkt":"Scranton","s":"Active","raw":"Active","p":"census"},"geometry":{"type":"Point","coordinates":[-75.70413,41.44003]}},{"type":"Feature","properties":{"id":"eb37a9a6f5","n":"Project Gravity Campus","o":"Western Hospitality Partners","city":"Archbald","st":"PA","mkt":"Scranton","s":"Planned","raw":"Planned","p":"city"},"geometry":{"type":"Point","coordinates":[-75.53685,41.4948]}},{"type":"Feature","properties":{"id":"0a91783169","n":"Centre WISP SCDC1","o":"Centre WISP Venture Company, LLC","city":"State College","st":"PA","mkt":"State College","s":"Active","raw":"Active","p":"census"},"geometry":{"type":"Point","coordinates":[-77.90107,40.78597]}},{"type":"Feature","properties":{"id":"f78f0dfafb","n":"Solteir Towanda","o":"Solteir (The Soltier LLC)","city":"Towanda","st":"PA","mkt":"Towanda","s":"Planned","raw":"Planned","p":"census"},"geometry":{"type":"Point","coordinates":[-76.42747,41.76503]}},{"type":"Feature","properties":{"id":"9cdf381212","n":"TierPoint Valley Forge","o":"TierPoint","city":"Norristown","st":"PA","mkt":"Valley Forge","s":"Active","raw":"Active","p":"census"},"geometry":{"type":"Point","coordinates":[-75.41992,40.12146]}},{"type":"Feature","properties":{"id":"ecb9923e8d","n":"Amazon AWS PHL - 1025 Salem Blvd","o":"Amazon AWS","city":"Berwick","st":"PA","mkt":"Wilkes Barre","s":"Active","raw":"Active","p":"census"},"geometry":{"type":"Point","coordinates":[-76.14327,41.07578]}},{"type":"Feature","properties":{"id":"3c740f64b0","n":"Amazon AWS PHL - 1035 Salem Blvd","o":"Amazon AWS","city":"Berwick","st":"PA","mkt":"Wilkes Barre","s":"Active","raw":"Active","p":"census"},"geometry":{"type":"Point","coordinates":[-76.14329,41.07577]}},{"type":"Feature","properties":{"id":"343bdbd5ee","n":"Amazon AWS PHL - Cumulus Blvd","o":"Amazon AWS","city":"Berwick","st":"PA","mkt":"Wilkes Barre","s":"Active","raw":"Active","p":"city"},"geometry":{"type":"Point","coordinates":[-76.24613,41.0602]}},{"type":"Feature","properties":{"id":"4c90e13ea0","n":"Amazon AWS Susquehanna Hyperscale Campus","o":"Amazon AWS","city":"Berwick","st":"PA","mkt":"Wilkes Barre","s":"Expanding","raw":"Active/Expanding","p":"osm"},"geometry":{"type":"Point","coordinates":[-76.14353,41.08385]}},{"type":"Feature","properties":{"id":"101bdacbc4","n":"Loop Internet DC2","o":"Loop Internet","city":"Hanover","st":"PA","mkt":"Wilkes Barre","s":"Active","raw":"Active","p":"census"},"geometry":{"type":"Point","coordinates":[-75.89464,41.2209]}},{"type":"Feature","properties":{"id":"519dacacba","n":"QTS Salem","o":"QTS Data Centers","city":"Berwick","st":"PA","mkt":"Wilkes Barre","s":"Active","raw":"Active","p":"city","np":1},"geometry":{"type":"Point","coordinates":[-76.24613,41.0602]}},{"type":"Feature","properties":{"id":"57d8ef698d","n":"Alpha3 Cloud Providence 1","o":"Alpha3 Cloud","city":"Providence","st":"RI","mkt":"Providence","s":"Active","raw":"Active","p":"census"},"geometry":{"type":"Point","coordinates":[-71.42402,41.81734]}},{"type":"Feature","properties":{"id":"7317cd944e","n":"Crown Castle Providence","o":"Crown Castle","city":"Providence","st":"RI","mkt":"Providence","s":"Active","raw":"Active","p":"census"},"geometry":{"type":"Point","coordinates":[-71.42877,41.81795]}},{"type":"Feature","properties":{"id":"fc8597480f","n":"Crown Castle Providence (RI1)","o":"Crown Castle","city":"Providence","st":"RI","mkt":"Providence","s":"Active","raw":"Active","p":"census"},"geometry":{"type":"Point","coordinates":[-71.41991,41.82855]}},{"type":"Feature","properties":{"id":"e7480cf3e9","n":"Lumen Providence 1","o":"Lumen","city":"Providence","st":"RI","mkt":"Providence","s":"Active","raw":"Active","p":"census"},"geometry":{"type":"Point","coordinates":[-71.42502,41.82956]}},{"type":"Feature","properties":{"id":"9dfa0e4108","n":"MegaNet Rhode Island Datacenter","o":"MegaNet Communications","city":"Providence","st":"RI","mkt":"Providence","s":"Active","raw":"Active","p":"census"},"geometry":{"type":"Point","coordinates":[-71.42096,41.82884]}},{"type":"Feature","properties":{"id":"46a0d6e16f","n":"Prov.net Providence 2","o":"Alpha3 Cloud","city":"Providence","st":"RI","mkt":"Providence","s":"Active","raw":"Active","p":"census"},"geometry":{"type":"Point","coordinates":[-71.42769,41.81705]}},{"type":"Feature","properties":{"id":"d5bfff49d6","n":"Prov.net Providence 3","o":"Alpha3 Cloud","city":"Providence","st":"RI","mkt":"Providence","s":"Active","raw":"Active","p":"census"},"geometry":{"type":"Point","coordinates":[-71.42897,41.81792]}},{"type":"Feature","properties":{"id":"aa46539bac","n":"DC BLOX Jackson","o":"DC BLOX Inc.","city":"Jackson","st":"SC","mkt":"Aiken","s":"Active","raw":"Active","p":"city"},"geometry":{"type":"Point","coordinates":[-81.78789,33.32542]}},{"type":"Feature","properties":{"id":"be5489773c","n":"Meta Aiken Campus","o":"Meta","city":"Graniteville","st":"SC","mkt":"Aiken","s":"Expanding","raw":"Active/Expanding","p":"city"},"geometry":{"type":"Point","coordinates":[-81.80789,33.56375]}},{"type":"Feature","properties":{"id":"2c2b258baa","n":"Cogent Data Center - Fairfax","o":"Cogent Communications, Inc.","city":"Fairfax","st":"SC","mkt":"Allendale","s":"Active","raw":"Active","p":"census"},"geometry":{"type":"Point","coordinates":[-81.2357,32.96382]}},{"type":"Feature","properties":{"id":"ef19791dda","n":"AiOnX Anderson","o":"AiOnX","city":"Anderson","st":"SC","mkt":"Anderson","s":"Active","raw":"Active","p":"census"},"geometry":{"type":"Point","coordinates":[-82.69991,34.54003]}},{"type":"Feature","properties":{"id":"034911030d","n":"Elink Datacenter","o":"elink corp","city":"Johns Island","st":"SC","mkt":"Charleston","s":"Active","raw":"Active","p":"census"},"geometry":{"type":"Point","coordinates":[-80.05912,32.72992]}},{"type":"Feature","properties":{"id":"34e7a5deb8","n":"Google Berkeley County Campus","o":"Google","city":"Moncks Corner","st":"SC","mkt":"Charleston","s":"Expanding","raw":"Active/Expanding","p":"census"},"geometry":{"type":"Point","coordinates":[-80.03911,33.0721]}},{"type":"Feature","properties":{"id":"eb4ee59a8c","n":"Google Project Dawson","o":"Google","city":"Ridgeville","st":"SC","mkt":"Charleston","s":"Building","raw":"Under Construction","p":"city"},"geometry":{"type":"Point","coordinates":[-80.31528,33.09662]}},{"type":"Feature","properties":{"id":"a47db1e1a0","n":"771 Park Road","o":"Terra Nexus Ventures","city":"Camden","st":"SC","mkt":"Columbia SC","s":"Active","raw":"Active","p":"city"},"geometry":{"type":"Point","coordinates":[-80.60704,34.24649]}},{"type":"Feature","properties":{"id":"97c20bbe2e","n":"ATOS Blythewood Data Center","o":"Atos Group","city":"Blythewood","st":"SC","mkt":"Columbia SC","s":"Active","raw":"Active","p":"census"},"geometry":{"type":"Point","coordinates":[-80.96943,34.17891]}},{"type":"Feature","properties":{"id":"3cc2eb5608","n":"DartPoints Columbia, SC - CAE01","o":"DartPoints","city":"Columbia","st":"SC","mkt":"Columbia SC","s":"Active","raw":"Active","p":"census"},"geometry":{"type":"Point","coordinates":[-81.03076,33.98824]}},{"type":"Feature","properties":{"id":"1c2e273b02","n":"Lumen Columbia 3","o":"Lumen","city":"Columbia","st":"SC","mkt":"Columbia SC","s":"Active","raw":"Active","p":"census"},"geometry":{"type":"Point","coordinates":[-81.03481,34.00397]}},{"type":"Feature","properties":{"id":"904baa96a5","n":"Segra Columbia","o":"Segra","city":"Columbia","st":"SC","mkt":"Columbia SC","s":"Active","raw":"Active","p":"census"},"geometry":{"type":"Point","coordinates":[-81.03043,34.00674]}},{"type":"Feature","properties":{"id":"bd40126bca","n":"Cielo Digital Gaffney","o":"Cielo Digital Infrastructure","city":"Gaffney","st":"SC","mkt":"Gaffney","s":"Planned","raw":"Planned","p":"city"},"geometry":{"type":"Point","coordinates":[-81.64982,35.07179]}},{"type":"Feature","properties":{"id":"9ee0456cf0","n":"DC BLOX Greenville","o":"DC BLOX Inc.","city":"Greenville","st":"SC","mkt":"Greenville","s":"Active","raw":"Active","p":"census"},"geometry":{"type":"Point","coordinates":[-82.34268,34.80455]}},{"type":"Feature","properties":{"id":"79c3eefa7f","n":"DartPoints Greenville, SC - GSP01","o":"DartPoints","city":"Greenville","st":"SC","mkt":"Greenville","s":"Active","raw":"Active","p":"census"},"geometry":{"type":"Point","coordinates":[-82.34441,34.80795]}},{"type":"Feature","properties":{"id":"c41196c359","n":"Resilience GSP","o":"Overwatch Capital","city":"Greer","st":"SC","mkt":"Greenville","s":"Active","raw":"Active","p":"census"},"geometry":{"type":"Point","coordinates":[-82.16502,34.92401]}},{"type":"Feature","properties":{"id":"65960fabe1","n":"DC BLOX Myrtle Beach","o":"DC BLOX Inc.","city":"Myrtle Beach","st":"SC","mkt":"Myrtle Beach","s":"Active","raw":"Active","p":"census"},"geometry":{"type":"Point","coordinates":[-78.94214,33.67463]}},{"type":"Feature","properties":{"id":"5dea4ae1c9","n":"DC BLOX North Augusta","o":"DC BLOX Inc.","city":"Beech Island","st":"SC","mkt":"North Augusta","s":"Active","raw":"Active","p":"city"},"geometry":{"type":"Point","coordinates":[-81.88916,33.42806]}},{"type":"Feature","properties":{"id":"9b7d4739dc","n":"QTS York I","o":"QTS Data Centers","city":"York","st":"SC","mkt":"Rock Hill","s":"Active","raw":"Active","p":"census"},"geometry":{"type":"Point","coordinates":[-81.10343,35.03429]}},{"type":"Feature","properties":{"id":"0008df1a9f","n":"QTS York II","o":"QTS Data Centers","city":"York","st":"SC","mkt":"Rock Hill","s":"Active","raw":"Active","p":"census"},"geometry":{"type":"Point","coordinates":[-81.10495,35.0444]}},{"type":"Feature","properties":{"id":"f6299ebb37","n":"ArmorRack Data Center","o":"Technology Solutions of SC, Inc.","city":"Seneca","st":"SC","mkt":"Seneca","s":"Active","raw":"Active","p":"census"},"geometry":{"type":"Point","coordinates":[-82.94287,34.69871]}},{"type":"Feature","properties":{"id":"1117a630c4","n":"300 Jones Road","o":"LightHouse Data Centers","city":"Spartanburg","st":"SC","mkt":"Spartanburg","s":"Active","raw":"Active","p":"census"},"geometry":{"type":"Point","coordinates":[-81.88744,35.01917]}},{"type":"Feature","properties":{"id":"db715bc90f","n":"DartPoints Spartanburg, SC - SPA01","o":"DartPoints","city":"Spartanburg","st":"SC","mkt":"Spartanburg","s":"Active","raw":"Active","p":"census"},"geometry":{"type":"Point","coordinates":[-82.03579,34.99589]}},{"type":"Feature","properties":{"id":"58deb14576","n":"Lumen Spartanburg 1","o":"Lumen","city":"Spartanburg","st":"SC","mkt":"Spartanburg","s":"Active","raw":"Active","p":"census"},"geometry":{"type":"Point","coordinates":[-81.9322,34.95093]}},{"type":"Feature","properties":{"id":"53bd009099","n":"One BlockchAIn Spartanburg","o":"BlockchAIn Digital Infrastructure","city":"Moore","st":"SC","mkt":"Spartanburg","s":"Active","raw":"Active","p":"city"},"geometry":{"type":"Point","coordinates":[-81.99205,34.83345]}},{"type":"Feature","properties":{"id":"7996861b52","n":"Project Moc-1","o":"NorthMark Strategies","city":"Spartanburg","st":"SC","mkt":"Spartanburg","s":"Planned","raw":"Planned","p":"census"},"geometry":{"type":"Point","coordinates":[-81.85147,34.92678]}},{"type":"Feature","properties":{"id":"4c81a12506","n":"TigerDC SC1 Campus","o":"TigerDC","city":"Moore","st":"SC","mkt":"Spartanburg","s":"Expanding","raw":"Active/Expanding","p":"city"},"geometry":{"type":"Point","coordinates":[-81.99205,34.83345]}},{"type":"Feature","properties":{"id":"06ae0c3fdf","n":"Applied Digital Toronto","o":"Applied Digital Corporation","city":"Toronto","st":"SD","mkt":"Clear Lake","s":"Expanding","raw":"Active/Expanding","p":"city","np":1},"geometry":{"type":"Point","coordinates":[-96.64255,44.57302]}},{"type":"Feature","properties":{"id":"1844ce4527","n":"Sequitor Edge Rapid City","o":"Sequitor Edge","city":"Rapid City","st":"SD","mkt":"Rapid City","s":"Planned","raw":"Planned","p":"city"},"geometry":{"type":"Point","coordinates":[-103.22802,44.0806]}},{"type":"Feature","properties":{"id":"841ed7c2db","n":"LaMesa Data Center","o":"SDN Communications","city":"Sioux Falls","st":"SD","mkt":"Sioux Falls","s":"Active","raw":"Active","p":"census"},"geometry":{"type":"Point","coordinates":[-96.81088,43.6072]}},{"type":"Feature","properties":{"id":"2450da27b6","n":"Midco Sioux Falls","o":"Midco","city":"Sioux Falls","st":"SD","mkt":"Sioux Falls","s":"Active","raw":"Active","p":"census"},"geometry":{"type":"Point","coordinates":[-96.78449,43.49678]}},{"type":"Feature","properties":{"id":"6578304529","n":"Midco Yankton","o":"Midco","city":"Yankton","st":"SD","mkt":"Sioux Falls","s":"Active","raw":"Active","p":"census"},"geometry":{"type":"Point","coordinates":[-97.41702,42.89082]}},{"type":"Feature","properties":{"id":"0e6130c02d","n":"Sioux Falls Technology Park Campus","o":"Gemini Capital","city":"Brandon","st":"SD","mkt":"Sioux Falls","s":"Active","raw":"Active","p":"city"},"geometry":{"type":"Point","coordinates":[-96.58745,43.59093]}},{"type":"Feature","properties":{"id":"f0bea9dacf","n":"TierPoint Sioux Falls East","o":"TierPoint","city":"Sioux Falls","st":"SD","mkt":"Sioux Falls","s":"Active","raw":"Active","p":"census"},"geometry":{"type":"Point","coordinates":[-96.71926,43.59474]}},{"type":"Feature","properties":{"id":"07893f117d","n":"TierPoint Sioux Falls West","o":"TierPoint","city":"Sioux Falls","st":"SD","mkt":"Sioux Falls","s":"Active","raw":"Active","p":"census"},"geometry":{"type":"Point","coordinates":[-96.81088,43.6072]}},{"type":"Feature","properties":{"id":"1faa3a6fe6","n":"Uniti Bristol","o":"Uniti Wholesale","city":"Bristol","st":"TN","mkt":"Bristol","s":"Active","raw":"Active","p":"census"},"geometry":{"type":"Point","coordinates":[-82.18341,36.59359]}},{"type":"Feature","properties":{"id":"82a8850450","n":"Airnet, by Dataprise","o":"Airnet","city":"Chattanooga","st":"TN","mkt":"Chattanooga","s":"Active","raw":"Active","p":"census"},"geometry":{"type":"Point","coordinates":[-85.31066,35.04703]}},{"type":"Feature","properties":{"id":"69c77d6daf","n":"DC BLOX Chattanooga","o":"DC BLOX Inc.","city":"Chattanooga","st":"TN","mkt":"Chattanooga","s":"Active","raw":"Active","p":"census"},"geometry":{"type":"Point","coordinates":[-85.29766,35.03146]}},{"type":"Feature","properties":{"id":"9a4e1ba35d","n":"MCA Chattanooga","o":"MCA","city":"Chattanooga","st":"TN","mkt":"Chattanooga","s":"Active","raw":"Active","p":"census"},"geometry":{"type":"Point","coordinates":[-85.18342,35.07769]}},{"type":"Feature","properties":{"id":"e9f0b7a4f1","n":"Scipio Technologies Chattanooga","o":"Scipio Technologies","city":"Chattanooga","st":"TN","mkt":"Chattanooga","s":"Active","raw":"Active","p":"census"},"geometry":{"type":"Point","coordinates":[-85.29323,35.03764]}},{"type":"Feature","properties":{"id":"00c2b0577e","n":"The STEM Practice Chattanooga","o":"The STEM Practice","city":"Chattanooga","st":"TN","mkt":"Chattanooga","s":"Active","raw":"Active","p":"census"},"geometry":{"type":"Point","coordinates":[-85.30752,35.04967]}},{"type":"Feature","properties":{"id":"b7b69ad59c","n":"Google Montgomery County Campus","o":"Google","city":"Clarksville","st":"TN","mkt":"Clarksville","s":"Expanding","raw":"Active/Expanding","p":"osm"},"geometry":{"type":"Point","coordinates":[-87.26405,36.61987]}},{"type":"Feature","properties":{"id":"a248f3caba","n":"CleanSpark Crossville 1","o":"CleanSpark","city":"Crossville","st":"TN","mkt":"Crossville","s":"Active","raw":"Active","p":"census"},"geometry":{"type":"Point","coordinates":[-85.13689,36.05682]}},{"type":"Feature","properties":{"id":"6af577dae5","n":"CleanSpark Crossville 2","o":"CleanSpark","city":"Crossville","st":"TN","mkt":"Crossville","s":"Active","raw":"Active","p":"census"},"geometry":{"type":"Point","coordinates":[-85.09496,35.95033]}},{"type":"Feature","properties":{"id":"e3509f550a","n":"Aeneas Data Center","o":"Aeneas Internet & Telephone","city":"Jackson","st":"TN","mkt":"Jackson","s":"Active","raw":"Active","p":"census"},"geometry":{"type":"Point","coordinates":[-88.81615,35.61589]}},{"type":"Feature","properties":{"id":"213771c3ae","n":"Bitdeer Tennessee","o":"Bitdeer Technologies Group","city":"Knoxville","st":"TN","mkt":"Knoxville","s":"Active","raw":"Active","p":"census"},"geometry":{"type":"Point","coordinates":[-83.83607,35.94127]}},{"type":"Feature","properties":{"id":"d9f2eff90c","n":"CleanSpark Jellico","o":"CleanSpark","city":"Jellico","st":"TN","mkt":"Knoxville","s":"Active","raw":"Active","p":"census"},"geometry":{"type":"Point","coordinates":[-84.15399,36.54299]}},{"type":"Feature","properties":{"id":"b2d99a8a11","n":"CleanSpark Lenoir City","o":"CleanSpark","city":"Lenoir City","st":"TN","mkt":"Knoxville","s":"Active","raw":"Active","p":"census"},"geometry":{"type":"Point","coordinates":[-84.24338,35.87299]}},{"type":"Feature","properties":{"id":"e28cb98369","n":"CleanSpark New Tazewell","o":"CleanSpark","city":"New Tazewell","st":"TN","mkt":"Knoxville","s":"Active","raw":"Active","p":"census"},"geometry":{"type":"Point","coordinates":[-83.69168,36.3966]}},{"type":"Feature","properties":{"id":"784d05647b","n":"CleanSpark Winfield","o":"CleanSpark","city":"Winfield","st":"TN","mkt":"Knoxville","s":"Active","raw":"Active","p":"city"},"geometry":{"type":"Point","coordinates":[-84.4516,36.55591]}},{"type":"Feature","properties":{"id":"96122ad317","n":"Infinity Data Center","o":"Webservio","city":"Knoxville","st":"TN","mkt":"Knoxville","s":"Active","raw":"Active","p":"census"},"geometry":{"type":"Point","coordinates":[-84.13885,35.95874]}},{"type":"Feature","properties":{"id":"2a1063b118","n":"Scipio Technologies Knoxville","o":"Scipio Technologies","city":"Knoxville","st":"TN","mkt":"Knoxville","s":"Active","raw":"Active","p":"census"},"geometry":{"type":"Point","coordinates":[-83.92158,35.96629]}},{"type":"Feature","properties":{"id":"9e13b028d4","n":"TenHats Knoxville","o":"TenHats","city":"Knoxville","st":"TN","mkt":"Knoxville","s":"Active","raw":"Active","p":"city"},"geometry":{"type":"Point","coordinates":[-83.92103,35.96039]}},{"type":"Feature","properties":{"id":"884981372c","n":"Uniti Knoxville","o":"Windstream","city":"Knoxville","st":"TN","mkt":"Knoxville","s":"Active","raw":"Active","p":"census"},"geometry":{"type":"Point","coordinates":[-84.12487,35.95098]}},{"type":"Feature","properties":{"id":"5122860db4","n":"LCUB Data Center","o":"LCUB","city":"Lenoir City","st":"TN","mkt":"Lenoir City","s":"Active","raw":"Active","p":"census"},"geometry":{"type":"Point","coordinates":[-84.26867,35.84408]}},{"type":"Feature","properties":{"id":"730ec6afa4","n":"Litewire Data Center","o":"Litewire","city":"McMinnville","st":"TN","mkt":"McMinnville","s":"Active","raw":"Active","p":"census"},"geometry":{"type":"Point","coordinates":[-85.76194,35.69215]}},{"type":"Feature","properties":{"id":"02faa19031","n":"5414 Tulane Road","o":"xAI Corp","city":"Memphis","st":"TN","mkt":"Memphis","s":"Active","raw":"Active","p":"census"},"geometry":{"type":"Point","coordinates":[-90.04298,34.99956]}},{"type":"Feature","properties":{"id":"7306943096","n":"5CDC Memphis - MEM01","o":"5C Group Inc.","city":"Memphis","st":"TN","mkt":"Memphis","s":"Active","raw":"Active","p":"census"},"geometry":{"type":"Point","coordinates":[-89.93696,35.03022]}},{"type":"Feature","properties":{"id":"6125e757b1","n":"Collierville Enterprise Data Center","o":"Aphorio Carter","city":"Collierville","st":"TN","mkt":"Memphis","s":"Active","raw":"Active","p":"census"},"geometry":{"type":"Point","coordinates":[-89.7234,35.03603]}},{"type":"Feature","properties":{"id":"ffcb58de6b","n":"Connect Memphis","o":"Connect Data Centers by Oppidan","city":"Memphis","st":"TN","mkt":"Memphis","s":"Active","raw":"Active","p":"city"},"geometry":{"type":"Point","coordinates":[-90.05178,35.14603]}},{"type":"Feature","properties":{"id":"d9586263cf","n":"DataBank MEM1 - Memphis","o":"DataBank","city":"Memphis","st":"TN","mkt":"Memphis","s":"Active","raw":"Active","p":"census"},"geometry":{"type":"Point","coordinates":[-89.81004,35.20264]}},{"type":"Feature","properties":{"id":"c77d655607","n":"EdgeConneX Memphis - EDCMEM01","o":"EdgeConneX","city":"Memphis","st":"TN","mkt":"Memphis","s":"Active","raw":"Active","p":"census"},"geometry":{"type":"Point","coordinates":[-89.88525,35.03946]}},{"type":"Feature","properties":{"id":"ce9d612755","n":"Expedient Memphis","o":"Expedient Data Centers","city":"Memphis","st":"TN","mkt":"Memphis","s":"Active","raw":"Active","p":"census"},"geometry":{"type":"Point","coordinates":[-89.7863,35.06096]}},{"type":"Feature","properties":{"id":"d89a2579a0","n":"Lumen Memphis 1","o":"Lumen","city":"Memphis","st":"TN","mkt":"Memphis","s":"Active","raw":"Active","p":"census"},"geometry":{"type":"Point","coordinates":[-89.93192,35.02954]}},{"type":"Feature","properties":{"id":"c193728a13","n":"The STEM Practice Memphis","o":"The STEM Practice","city":"Memphis","st":"TN","mkt":"Memphis","s":"Active","raw":"Active","p":"census"},"geometry":{"type":"Point","coordinates":[-89.85966,35.16157]}},{"type":"Feature","properties":{"id":"c137a06298","n":"Verizon Memphis","o":"Verizon Communications Inc.","city":"Memphis","st":"TN","mkt":"Memphis","s":"Active","raw":"Active","p":"census"},"geometry":{"type":"Point","coordinates":[-89.89248,35.1089]}},{"type":"Feature","properties":{"id":"dcaba83da8","n":"WorldSpice Data Center","o":"WorldSpice Technologies","city":"Memphis","st":"TN","mkt":"Memphis","s":"Active","raw":"Active","p":"census"},"geometry":{"type":"Point","coordinates":[-89.89393,35.11214]}},{"type":"Feature","properties":{"id":"67399bd001","n":"xAI Colossus 1","o":"xAI Corp","city":"Memphis","st":"TN","mkt":"Memphis","s":"Expanding","raw":"Active/Expanding","p":"city"},"geometry":{"type":"Point","coordinates":[-90.05178,35.14603]}},{"type":"Feature","properties":{"id":"fbf4945def","n":"xAI Colossus 2","o":"xAI Corp","city":"Whitehaven","st":"TN","mkt":"Memphis","s":"Expanding","raw":"Active/Expanding","p":"census"},"geometry":{"type":"Point","coordinates":[-90.04298,34.99972]}},{"type":"Feature","properties":{"id":"a40305eae6","n":"Csquare - Nashville","o":"Csquare","city":"Gallatin","st":"TN","mkt":"Nashville","s":"Active","raw":"Active","p":"census"},"geometry":{"type":"Point","coordinates":[-86.39803,36.40407]}},{"type":"Feature","properties":{"id":"584d964972","n":"DC BLOX Nashville Campus","o":"DC BLOX Inc.","city":"Nashville","st":"TN","mkt":"Nashville","s":"Active","raw":"Active","p":"census"},"geometry":{"type":"Point","coordinates":[-86.74883,36.08656]}},{"type":"Feature","properties":{"id":"5f11bf6b1e","n":"Data Suites","o":"Data Suites","city":"Murfreesboro","st":"TN","mkt":"Nashville","s":"Active","raw":"Active","p":"census"},"geometry":{"type":"Point","coordinates":[-86.40483,35.85552]}},{"type":"Feature","properties":{"id":"8a2084b521","n":"DataBank - 209 10th Ave South","o":"DataBank","city":"Nashville","st":"TN","mkt":"Nashville","s":"Active","raw":"Active","p":"census"},"geometry":{"type":"Point","coordinates":[-86.78249,36.15545]}},{"type":"Feature","properties":{"id":"67f5e61908","n":"EdgeConneX Nashville - EDCNAS01","o":"EdgeConneX","city":"Nashville","st":"TN","mkt":"Nashville","s":"Active","raw":"Active","p":"census"},"geometry":{"type":"Point","coordinates":[-86.70342,36.14498]}},{"type":"Feature","properties":{"id":"e29b24b7c1","n":"Flexential Nashville - Brentwood Data Center","o":"Flexential","city":"Brentwood","st":"TN","mkt":"Nashville","s":"Active","raw":"Active","p":"census"},"geometry":{"type":"Point","coordinates":[-86.80915,35.97022]}},{"type":"Feature","properties":{"id":"6cc449407b","n":"Flexential Nashville - Cool Springs Data Center","o":"Flexential","city":"Franklin","st":"TN","mkt":"Nashville","s":"Active","raw":"Active","p":"census"},"geometry":{"type":"Point","coordinates":[-86.83247,35.94993]}},{"type":"Feature","properties":{"id":"27181e8b86","n":"Flexential Nashville - Franklin Data Center","o":"Flexential","city":"Franklin","st":"TN","mkt":"Nashville","s":"Active","raw":"Active","p":"census"},"geometry":{"type":"Point","coordinates":[-86.81643,35.91912]}},{"type":"Feature","properties":{"id":"a5212f14e4","n":"H5 Data Centers Nashville II","o":"H5 Data Centers","city":"Nashville","st":"TN","mkt":"Nashville","s":"Active","raw":"Active","p":"census"},"geometry":{"type":"Point","coordinates":[-86.77855,36.16294]}},{"type":"Feature","properties":{"id":"235b86be98","n":"IRIS Nashville","o":"Iris Networks","city":"Nashville","st":"TN","mkt":"Nashville","s":"Active","raw":"Active","p":"census"},"geometry":{"type":"Point","coordinates":[-86.7765,36.16299]}},{"type":"Feature","properties":{"id":"354cb2dffa","n":"Lumen Nashville 1","o":"Lumen","city":"Nashville","st":"TN","mkt":"Nashville","s":"Active","raw":"Active","p":"census"},"geometry":{"type":"Point","coordinates":[-86.75617,36.10262]}},{"type":"Feature","properties":{"id":"4c7070f5a1","n":"Lumen Nashville 2","o":"Lumen","city":"Nashville","st":"TN","mkt":"Nashville","s":"Active","raw":"Active","p":"census"},"geometry":{"type":"Point","coordinates":[-86.68137,36.14741]}},{"type":"Feature","properties":{"id":"ffe2d0d3d5","n":"Lumen Nashville 3","o":"Lumen","city":"Nashville","st":"TN","mkt":"Nashville","s":"Active","raw":"Active","p":"census"},"geometry":{"type":"Point","coordinates":[-86.80413,36.1886]}},{"type":"Feature","properties":{"id":"aff71dd573","n":"Lumen Nashville 4","o":"Lumen","city":"Berry Hill","st":"TN","mkt":"Nashville","s":"Active","raw":"Active","p":"census"},"geometry":{"type":"Point","coordinates":[-86.76169,36.1198]}},{"type":"Feature","properties":{"id":"afff1902bd","n":"Meta Gallatin Campus","o":"Meta","city":"Gallatin","st":"TN","mkt":"Nashville","s":"Active","raw":"Active","p":"city"},"geometry":{"type":"Point","coordinates":[-86.44759,36.3883]}},{"type":"Feature","properties":{"id":"0af24c6c5d","n":"Quantum Leap Data Center","o":"Fisk University","city":"Nashville","st":"TN","mkt":"Nashville","s":"Active","raw":"Active","p":"osm"},"geometry":{"type":"Point","coordinates":[-86.80391,36.16707]}},{"type":"Feature","properties":{"id":"0091a6d3b8","n":"RadiusDC Nashville I","o":"RadiusDC","city":"Nashville","st":"TN","mkt":"Nashville","s":"Active","raw":"Active","p":"census"},"geometry":{"type":"Point","coordinates":[-86.78237,36.22333]}},{"type":"Feature","properties":{"id":"ab2584fd03","n":"Saragon Nashville","o":"Saragon","city":"Nashville","st":"TN","mkt":"Nashville","s":"Active","raw":"Active","p":"census"},"geometry":{"type":"Point","coordinates":[-86.75226,36.13214]}},{"type":"Feature","properties":{"id":"33c1c01830","n":"Scipio Technologies NREP","o":"Scipio Technologies","city":"Nashville","st":"TN","mkt":"Nashville","s":"Active","raw":"Active","p":"city","np":1},"geometry":{"type":"Point","coordinates":[-86.7743,36.16228]}},{"type":"Feature","properties":{"id":"0e74222133","n":"TierPoint Nashville","o":"TierPoint","city":"Franklin","st":"TN","mkt":"Nashville","s":"Active","raw":"Active","p":"census"},"geometry":{"type":"Point","coordinates":[-86.85692,35.92484]}},{"type":"Feature","properties":{"id":"ddefcee1c1","n":"Uniti Brentwood","o":"Uniti Wholesale","city":"Brentwood","st":"TN","mkt":"Nashville","s":"Active","raw":"Active","p":"census"},"geometry":{"type":"Point","coordinates":[-86.80557,36.03698]}},{"type":"Feature","properties":{"id":"e04160d2f6","n":"Uniti Nashville","o":"Uniti Wholesale","city":"Nashville","st":"TN","mkt":"Nashville","s":"Active","raw":"Active","p":"census"},"geometry":{"type":"Point","coordinates":[-86.78332,36.17296]}},{"type":"Feature","properties":{"id":"8ffd0580d5","n":"Crusoe Abilene Microsoft Campus","o":"Crusoe","city":"Abilene","st":"TX","mkt":"Abilene","s":"Active","raw":"Active","p":"city"},"geometry":{"type":"Point","coordinates":[-99.74759,32.44645]}},{"type":"Feature","properties":{"id":"ce50fe7df5","n":"Crusoe Abilene Stargate Campus","o":"Crusoe","city":"Abilene","st":"TX","mkt":"Abilene","s":"Active","raw":"Active","p":"city"},"geometry":{"type":"Point","coordinates":[-99.74759,32.44645]}},{"type":"Feature","properties":{"id":"590c540662","n":"Duos Edge AI - Abilene EDC","o":"Duos Edge AI, Inc.","city":"Abilene","st":"TX","mkt":"Abilene","s":"Active","raw":"Active","p":"census"},"geometry":{"type":"Point","coordinates":[-99.69261,32.48084]}},{"type":"Feature","properties":{"id":"e5d276f393","n":"Google Journey Campus","o":"Google","city":"Haskell","st":"TX","mkt":"Abilene","s":"Active","raw":"Active","p":"city"},"geometry":{"type":"Point","coordinates":[-99.73452,33.16058]}},{"type":"Feature","properties":{"id":"41d84f21b5","n":"Google Thelma Campus","o":"Google","city":"Haskell","st":"TX","mkt":"Abilene","s":"Active","raw":"Active","p":"city"},"geometry":{"type":"Point","coordinates":[-99.73452,33.16058]}},{"type":"Feature","properties":{"id":"cdc3c498e4","n":"Vantage Frontier Campus","o":"Vantage Data Centers","city":"Abilene","st":"TX","mkt":"Abilene","s":"Building","raw":"Under Construction","p":"city"},"geometry":{"type":"Point","coordinates":[-99.74759,32.44645]}},{"type":"Feature","properties":{"id":"4874cf4315","n":"Cipher Alborz","o":"Cipher Digital Inc.","city":"Happy","st":"TX","mkt":"Amarillo","s":"Active","raw":"Active","p":"city"},"geometry":{"type":"Point","coordinates":[-101.85657,34.7451]}},{"type":"Feature","properties":{"id":"8d84b5d760","n":"Crusoe Goodnight Campus","o":"Crusoe","city":"Claude","st":"TX","mkt":"Amarillo","s":"Active","raw":"Active","p":"city"},"geometry":{"type":"Point","coordinates":[-101.36274,35.10811]}},{"type":"Feature","properties":{"id":"fbd354b509","n":"Duos Edge AI - Amarillo","o":"Duos Edge AI, Inc.","city":"Amarillo","st":"TX","mkt":"Amarillo","s":"Active","raw":"Active","p":"census"},"geometry":{"type":"Point","coordinates":[-101.83873,35.20564]}},{"type":"Feature","properties":{"id":"3afd8e7478","n":"Duos Edge AI - Amarillo EDC","o":"Duos Edge AI, Inc.","city":"Amarillo","st":"TX","mkt":"Amarillo","s":"Active","raw":"Active","p":"census"},"geometry":{"type":"Point","coordinates":[-101.90211,35.14886]}},{"type":"Feature","properties":{"id":"384580918b","n":"Duos Edge AI - Hereford EDC","o":"Duos Edge AI, Inc.","city":"Hereford","st":"TX","mkt":"Amarillo","s":"Active","raw":"Active","p":"census"},"geometry":{"type":"Point","coordinates":[-102.40546,34.83677]}},{"type":"Feature","properties":{"id":"5745bdcffb","n":"Lumen Amarillo 1","o":"Lumen","city":"Amarillo","st":"TX","mkt":"Amarillo","s":"Active","raw":"Active","p":"osm"},"geometry":{"type":"Point","coordinates":[-101.83154,35.20453]}},{"type":"Feature","properties":{"id":"f872068262","n":"Project Dorothy Campus","o":"Soluna Computing","city":"Silverton","st":"TX","mkt":"Amarillo","s":"Active","raw":"Active","p":"census"},"geometry":{"type":"Point","coordinates":[-101.31834,34.39159]}},{"type":"Feature","properties":{"id":"2047fb2a76","n":"Project Matador Campus","o":"Fermi America","city":"Panhandle","st":"TX","mkt":"Amarillo","s":"Building","raw":"Under Construction","p":"city"},"geometry":{"type":"Point","coordinates":[-101.38066,35.34546]}},{"type":"Feature","properties":{"id":"b94cfac4e7","n":"QTS Hall County Campus","o":"QTS Data Centers","city":"Turkey","st":"TX","mkt":"Amarillo","s":"Planned","raw":"Planned","p":"city"},"geometry":{"type":"Point","coordinates":[-100.89408,34.39392]}},{"type":"Feature","properties":{"id":"26278f3759","n":"Cipher Stingray","o":"Cipher Digital Inc.","city":"Andrews","st":"TX","mkt":"Andrews","s":"Planned","raw":"Planned","p":"city","np":1},"geometry":{"type":"Point","coordinates":[-102.54572,32.31872]}},{"type":"Feature","properties":{"id":"a23f03eabf","n":"3911 County Road 305","o":"Unknown Company","city":"Jarrell","st":"TX","mkt":"Austin","s":"Active","raw":"Active","p":"census"},"geometry":{"type":"Point","coordinates":[-97.64237,30.82337]}},{"type":"Feature","properties":{"id":"0d39bcf43f","n":"904 Francis Harris Lane","o":"Unknown Company","city":"San Marcos","st":"TX","mkt":"Austin","s":"Active","raw":"Active","p":"city"},"geometry":{"type":"Point","coordinates":[-97.94058,29.88264]}},{"type":"Feature","properties":{"id":"e748cb6de5","n":"American Tower EDC Austin","o":"American Tower Corporation","city":"Austin","st":"TX","mkt":"Austin","s":"Active","raw":"Active","p":"census"},"geometry":{"type":"Point","coordinates":[-97.75999,30.27908]}},{"type":"Feature","properties":{"id":"1f4c7fe0a2","n":"Bestline Communications","o":"Bestline Communications L.P.","city":"Austin","st":"TX","mkt":"Austin","s":"Active","raw":"Active","p":"census"},"geometry":{"type":"Point","coordinates":[-97.82621,30.30948]}},{"type":"Feature","properties":{"id":"a27a8e7643","n":"Bitdeer Texas","o":"Bitdeer Technologies Group","city":"Rockdale","st":"TX","mkt":"Austin","s":"Active","raw":"Active","p":"city"},"geometry":{"type":"Point","coordinates":[-97.00582,30.65494]}},{"type":"Feature","properties":{"id":"250378358f","n":"Blueprint Georgetown DC","o":"Blueprint Data Centers","city":"Georgetown","st":"TX","mkt":"Austin","s":"Active","raw":"Active","p":"city"},"geometry":{"type":"Point","coordinates":[-97.67756,30.63702]}},{"type":"Feature","properties":{"id":"49a815d3ca","n":"Blueprint Taylor DC","o":"Blueprint Data Centers","city":"Taylor","st":"TX","mkt":"Austin","s":"Active","raw":"Active","p":"city"},"geometry":{"type":"Point","coordinates":[-97.41411,30.57289]}},{"type":"Feature","properties":{"id":"07cf4704a3","n":"Caldwell Valley Technology Park","o":"Tract","city":"Uhland","st":"TX","mkt":"Austin","s":"Active","raw":"Active","p":"city"},"geometry":{"type":"Point","coordinates":[-97.78611,29.95772]}},{"type":"Feature","properties":{"id":"b15eca79f7","n":"Cogent Data Center - Austin","o":"Cogent Communications, Inc.","city":"Austin","st":"TX","mkt":"Austin","s":"Active","raw":"Active","p":"census"},"geometry":{"type":"Point","coordinates":[-97.6976,30.21126]}},{"type":"Feature","properties":{"id":"0bcc00c7e5","n":"Colovore Hutto","o":"Colovore","city":"Hutto","st":"TX","mkt":"Austin","s":"Active","raw":"Active","p":"census"},"geometry":{"type":"Point","coordinates":[-97.57283,30.5471]}},{"type":"Feature","properties":{"id":"a38441df13","n":"Connect Temple","o":"Connect Data Centers by Oppidan","city":"Temple","st":"TX","mkt":"Austin","s":"Active","raw":"Active","p":"census"},"geometry":{"type":"Point","coordinates":[-97.35982,31.12605]}},{"type":"Feature","properties":{"id":"903bbc6418","n":"Core Scientific Austin","o":"Core Scientific","city":"Austin","st":"TX","mkt":"Austin","s":"Active","raw":"Active","p":"census"},"geometry":{"type":"Point","coordinates":[-97.66983,30.26705]}},{"type":"Feature","properties":{"id":"724f129547","n":"CyrusOne AUS2","o":"CyrusOne Data Centers","city":"Austin","st":"TX","mkt":"Austin","s":"Active","raw":"Active","p":"census"},"geometry":{"type":"Point","coordinates":[-97.70616,30.20394]}},{"type":"Feature","properties":{"id":"6aba16d052","n":"CyrusOne AUS3","o":"CyrusOne Data Centers","city":"Austin","st":"TX","mkt":"Austin","s":"Active","raw":"Active","p":"census"},"geometry":{"type":"Point","coordinates":[-97.70626,30.20401]}},{"type":"Feature","properties":{"id":"8ea8cefe54","n":"Data Canopy - Austin Trade Center","o":"Data Canopy","city":"Austin","st":"TX","mkt":"Austin","s":"Active","raw":"Active","p":"census"},"geometry":{"type":"Point","coordinates":[-97.71685,30.20942]}},{"type":"Feature","properties":{"id":"bd1931e882","n":"Data Canopy - Austin Waller","o":"Data Canopy","city":"Austin","st":"TX","mkt":"Austin","s":"Active","raw":"Active","p":"census"},"geometry":{"type":"Point","coordinates":[-97.73086,30.26354]}},{"type":"Feature","properties":{"id":"e8637ac84a","n":"Data Foundry - Austin 1","o":"Data Foundry","city":"Austin","st":"TX","mkt":"Austin","s":"Active","raw":"Active","p":"census"},"geometry":{"type":"Point","coordinates":[-97.69568,30.21636]}},{"type":"Feature","properties":{"id":"eb4ca3976b","n":"Data Foundry - Texas Campus","o":"Data Foundry","city":"Austin","st":"TX","mkt":"Austin","s":"Active","raw":"Active","p":"census"},"geometry":{"type":"Point","coordinates":[-97.71301,30.19777]}},{"type":"Feature","properties":{"id":"f3cb0d31ef","n":"DataBank AUS1","o":"DataBank","city":"Austin","st":"TX","mkt":"Austin","s":"Active","raw":"Active","p":"census"},"geometry":{"type":"Point","coordinates":[-97.7656,30.43572]}},{"type":"Feature","properties":{"id":"59d6839805","n":"Digital Realty 7500 Metro Center Drive (AUS11)","o":"Digital Realty","city":"Austin","st":"TX","mkt":"Austin","s":"Active","raw":"Active","p":"census"},"geometry":{"type":"Point","coordinates":[-97.69562,30.21155]}},{"type":"Feature","properties":{"id":"89657fdea1","n":"EdgeConneX Cedar Creek - 6543 FM535 Campus","o":"EdgeConneX","city":"Cedar Creek","st":"TX","mkt":"Austin","s":"Active","raw":"Active","p":"city"},"geometry":{"type":"Point","coordinates":[-97.50083,30.08716]}},{"type":"Feature","properties":{"id":"bff32c2d1d","n":"EdgeConneX Cedar Creek - 6682 FM535 Campus","o":"EdgeConneX","city":"Cedar Creek","st":"TX","mkt":"Austin","s":"Active","raw":"Active","p":"city"},"geometry":{"type":"Point","coordinates":[-97.50083,30.08716]}},{"type":"Feature","properties":{"id":"e114318b7f","n":"EdgeConneX Cedar Creek - EDCAUS02","o":"EdgeConneX","city":"Cedar Creek","st":"TX","mkt":"Austin","s":"Active","raw":"Active","p":"city"},"geometry":{"type":"Point","coordinates":[-97.50083,30.08716]}},{"type":"Feature","properties":{"id":"f78d484eba","n":"Edged Austin","o":"Edged Energy","city":"Martindale","st":"TX","mkt":"Austin","s":"Active","raw":"Active","p":"city"},"geometry":{"type":"Point","coordinates":[-97.84362,29.84133]}},{"type":"Feature","properties":{"id":"391e7f5660","n":"Element Critical Austin One","o":"Element Critical","city":"Austin","st":"TX","mkt":"Austin","s":"Active","raw":"Active","p":"osm"},"geometry":{"type":"Point","coordinates":[-97.69617,30.3428]}},{"type":"Feature","properties":{"id":"6eb0e706d7","n":"GTT Austin Data Center","o":"GTT Communications","city":"Austin","st":"TX","mkt":"Austin","s":"Active","raw":"Active","p":"census"},"geometry":{"type":"Point","coordinates":[-97.80038,30.35389]}},{"type":"Feature","properties":{"id":"ab162358c6","n":"Iron Mountain Hutto Campus","o":"Iron Mountain Data Centers","city":"Hutto","st":"TX","mkt":"Austin","s":"Active","raw":"Active","p":"city"},"geometry":{"type":"Point","coordinates":[-97.54689,30.54276]}},{"type":"Feature","properties":{"id":"927e33421b","n":"LOGIX Austin","o":"LOGIX Fiber Networks","city":"Austin","st":"TX","mkt":"Austin","s":"Active","raw":"Active","p":"census"},"geometry":{"type":"Point","coordinates":[-97.72242,30.2616]}},{"type":"Feature","properties":{"id":"cac5a9b96b","n":"LightEdge - Austin I","o":"LightEdge","city":"Austin","st":"TX","mkt":"Austin","s":"Active","raw":"Active","p":"census"},"geometry":{"type":"Point","coordinates":[-97.71088,30.21476]}},{"type":"Feature","properties":{"id":"c694d40980","n":"LightEdge - Austin II","o":"LightEdge","city":"Austin","st":"TX","mkt":"Austin","s":"Active","raw":"Active","p":"census"},"geometry":{"type":"Point","coordinates":[-97.7071,30.19944]}},{"type":"Feature","properties":{"id":"6b50f16923","n":"Lumen Austin 1","o":"Lumen","city":"Austin","st":"TX","mkt":"Austin","s":"Active","raw":"Active","p":"census"},"geometry":{"type":"Point","coordinates":[-97.71351,30.19715]}},{"type":"Feature","properties":{"id":"94841417bb","n":"Lumen Austin 2","o":"Lumen","city":"Austin","st":"TX","mkt":"Austin","s":"Active","raw":"Active","p":"census"},"geometry":{"type":"Point","coordinates":[-97.70668,30.38687]}},{"type":"Feature","properties":{"id":"fa26865999","n":"Lumen Austin 3","o":"Lumen","city":"Austin","st":"TX","mkt":"Austin","s":"Active","raw":"Active","p":"census"},"geometry":{"type":"Point","coordinates":[-97.72467,30.26142]}},{"type":"Feature","properties":{"id":"6e44b66742","n":"Lumen Austin 4","o":"Lumen","city":"Austin","st":"TX","mkt":"Austin","s":"Active","raw":"Active","p":"census"},"geometry":{"type":"Point","coordinates":[-97.71088,30.21476]}},{"type":"Feature","properties":{"id":"ce328559ca","n":"Prime Austin Campus","o":"Prime Data Centers","city":"Maxwell","st":"TX","mkt":"Austin","s":"Active","raw":"Active","p":"city"},"geometry":{"type":"Point","coordinates":[-97.79564,29.8819]}},{"type":"Feature","properties":{"id":"d362e480c5","n":"Project Comal Campus","o":"KDC","city":"Taylor","st":"TX","mkt":"Austin","s":"Active","raw":"Active","p":"census"},"geometry":{"type":"Point","coordinates":[-97.45424,30.54523]}},{"type":"Feature","properties":{"id":"cca184974c","n":"Project Hutto","o":"Zydeco Development Co","city":"Hutto","st":"TX","mkt":"Austin","s":"Planned","raw":"Planned","p":"census"},"geometry":{"type":"Point","coordinates":[-97.55913,30.55716]}},{"type":"Feature","properties":{"id":"4beb49e7d7","n":"Riot Platforms Rockdale","o":"Riot Platforms Inc.","city":"Thorndale","st":"TX","mkt":"Austin","s":"Active","raw":"Active","p":"city"},"geometry":{"type":"Point","coordinates":[-97.20609,30.61392]}},{"type":"Feature","properties":{"id":"7a995ccc34","n":"Rowan Moriah Data Center","o":"Rowan Digital Infrastructure","city":"Temple","st":"TX","mkt":"Austin","s":"Active","raw":"Active","p":"census"},"geometry":{"type":"Point","coordinates":[-97.29727,31.05584]}},{"type":"Feature","properties":{"id":"f82318262e","n":"Rowan Temple AUS02 Campus","o":"Rowan Digital Infrastructure","city":"Temple","st":"TX","mkt":"Austin","s":"Active","raw":"Active","p":"census"},"geometry":{"type":"Point","coordinates":[-97.29504,31.06636]}},{"type":"Feature","properties":{"id":"5ccb955e7b","n":"SDC Austin Campus","o":"Sabey Data Center Properties LLC","city":"Round Rock","st":"TX","mkt":"Austin","s":"Active","raw":"Active","p":"census"},"geometry":{"type":"Point","coordinates":[-97.65097,30.48576]}},{"type":"Feature","properties":{"id":"fc81c3cb30","n":"SDC San Marcos","o":"Sabey Data Center Properties LLC","city":"San Marcos","st":"TX","mkt":"Austin","s":"Active","raw":"Active","p":"city"},"geometry":{"type":"Point","coordinates":[-97.94058,29.88264]}},{"type":"Feature","properties":{"id":"91051d8b4f","n":"Skybox Austin","o":"Skybox Datacenters","city":"Pflugerville","st":"TX","mkt":"Austin","s":"Active","raw":"Active","p":"city"},"geometry":{"type":"Point","coordinates":[-97.62,30.43937]}},{"type":"Feature","properties":{"id":"45219982ad","n":"Skybox PowerCampus Austin Campus","o":"Skybox Datacenters","city":"Hutto","st":"TX","mkt":"Austin","s":"Active","raw":"Active","p":"city","np":1},"geometry":{"type":"Point","coordinates":[-97.54689,30.54276]}},{"type":"Feature","properties":{"id":"7a43496b01","n":"Skybox Round Rock","o":"Skybox Datacenters","city":"Round Rock","st":"TX","mkt":"Austin","s":"Active","raw":"Active","p":"city"},"geometry":{"type":"Point","coordinates":[-97.67881,30.50859]}},{"type":"Feature","properties":{"id":"a079819be5","n":"Switch THE ROCK Campus","o":"Switch","city":"Round Rock","st":"TX","mkt":"Austin","s":"Active","raw":"Active","p":"census"},"geometry":{"type":"Point","coordinates":[-97.67363,30.48678]}},{"type":"Feature","properties":{"id":"8dfa2cec1e","n":"Thin-nology Data Center","o":"Thin-nology LLC","city":"Pflugerville","st":"TX","mkt":"Austin","s":"Active","raw":"Active","p":"census"},"geometry":{"type":"Point","coordinates":[-97.59231,30.42065]}},{"type":"Feature","properties":{"id":"11cf1334bf","n":"MARA Matagorda","o":"MARA Holdings Inc.","city":"Palacios","st":"TX","mkt":"Bay City","s":"Active","raw":"Active","p":"city"},"geometry":{"type":"Point","coordinates":[-96.21756,28.70746]}},{"type":"Feature","properties":{"id":"c8df133d55","n":"IONIC Digital East Stiles","o":"IONIC Digital","city":"Stiles","st":"TX","mkt":"Big Lake","s":"Active","raw":"Active","p":"city"},"geometry":{"type":"Point","coordinates":[-101.56623,31.40681]}},{"type":"Feature","properties":{"id":"7540e8b462","n":"IONIC Digital Stiles","o":"IONIC Digital","city":"Stiles","st":"TX","mkt":"Big Lake","s":"Active","raw":"Active","p":"city"},"geometry":{"type":"Point","coordinates":[-101.56623,31.40681]}},{"type":"Feature","properties":{"id":"41f845e935","n":"QTS Howard County","o":"QTS Data Centers","city":"Big Spring","st":"TX","mkt":"Big Spring","s":"Planned","raw":"Planned","p":"city"},"geometry":{"type":"Point","coordinates":[-101.47874,32.2504]}},{"type":"Feature","properties":{"id":"6702421c81","n":"Cipher Mikeska","o":"Cipher Digital Inc.","city":"Doole","st":"TX","mkt":"Brady","s":"Planned","raw":"Planned","p":"city"},"geometry":{"type":"Point","coordinates":[-99.59888,31.39328]}},{"type":"Feature","properties":{"id":"81eb9be835","n":"Project Brazoria","o":"Giga Energy","city":"Brazoria","st":"TX","mkt":"Brazoria","s":"Active","raw":"Active","p":"census"},"geometry":{"type":"Point","coordinates":[-95.57118,29.05857]}},{"type":"Feature","properties":{"id":"890a148120","n":"FIBERTOWN Bryan","o":"FIBERTOWN","city":"Bryan","st":"TX","mkt":"Bryan","s":"Active","raw":"Active","p":"census"},"geometry":{"type":"Point","coordinates":[-96.37341,30.67388]}},{"type":"Feature","properties":{"id":"3f75eb9467","n":"Stargate Milam County Data Center","o":"OpenAI","city":"Burlington","st":"TX","mkt":"Cameron","s":"Building","raw":"Under Construction","p":"city"},"geometry":{"type":"Point","coordinates":[-96.99691,31.01489]}},{"type":"Feature","properties":{"id":"64dd324fba","n":"Cipher Barber Lake","o":"Cipher Digital Inc.","city":"Colorado City","st":"TX","mkt":"Colorado City","s":"Active","raw":"Active","p":"city"},"geometry":{"type":"Point","coordinates":[-100.86351,32.39303]}},{"type":"Feature","properties":{"id":"6bdd90f2e1","n":"Cormint Bobcat","o":"Cormint Data Systems Inc.","city":"Orange Grove","st":"TX","mkt":"Corpus Christi","s":"Active","raw":"Active","p":"census"},"geometry":{"type":"Point","coordinates":[-97.96139,27.91677]}},{"type":"Feature","properties":{"id":"e8d07efd7a","n":"Hut 8 Beacon Point","o":"Hut 8 Canada","city":"Corpus Christi","st":"TX","mkt":"Corpus Christi","s":"Active","raw":"Active","p":"city"},"geometry":{"type":"Point","coordinates":[-97.40332,27.76353]}},{"type":"Feature","properties":{"id":"892a93a6f7","n":"Lumen Corpus Christi 1","o":"Lumen","city":"Corpus Christi","st":"TX","mkt":"Corpus Christi","s":"Active","raw":"Active","p":"census"},"geometry":{"type":"Point","coordinates":[-97.45203,27.7935]}},{"type":"Feature","properties":{"id":"25af1766a8","n":"1000 Coit Road","o":"Lincoln Property Company","city":"Plano","st":"TX","mkt":"Dallas","s":"Active","raw":"Active","p":"census"},"geometry":{"type":"Point","coordinates":[-96.76661,33.01171]}},{"type":"Feature","properties":{"id":"d29efdb9f4","n":"1210 Integrity Drive (DFW18)","o":"Digital Realty","city":"Richardson","st":"TX","mkt":"Dallas","s":"Active","raw":"Active","p":"osm"},"geometry":{"type":"Point","coordinates":[-96.7126,32.96512]}},{"type":"Feature","properties":{"id":"1ec73c9d44","n":"1215 Integrity Drive (DFW25)","o":"Digital Realty","city":"Richardson","st":"TX","mkt":"Dallas","s":"Active","raw":"Active","p":"osm"},"geometry":{"type":"Point","coordinates":[-96.71588,32.96483]}},{"type":"Feature","properties":{"id":"88a6c641e0","n":"24 Hour Data Plano","o":"24 Hour Data","city":"Plano","st":"TX","mkt":"Dallas","s":"Active","raw":"Active","p":"census"},"geometry":{"type":"Point","coordinates":[-96.70199,33.00746]}},{"type":"Feature","properties":{"id":"a1f806ec7a","n":"2440 Marsh Lane (DFW12)","o":"Digital Realty","city":"Carrollton","st":"TX","mkt":"Dallas","s":"Active","raw":"Active","p":"census"},"geometry":{"type":"Point","coordinates":[-96.85552,32.97991]}},{"type":"Feature","properties":{"id":"3caea8fe03","n":"2501 S. State Highway 121 (DFW26)","o":"Digital Realty","city":"Lewisville","st":"TX","mkt":"Dallas","s":"Active","raw":"Active","p":"census"},"geometry":{"type":"Point","coordinates":[-96.9152,33.05439]}},{"type":"Feature","properties":{"id":"8398447560","n":"365 Data Centers - Dallas","o":"365 Data Centers","city":"Dallas","st":"TX","mkt":"Dallas","s":"Active","raw":"Active","p":"census"},"geometry":{"type":"Point","coordinates":[-96.79402,32.78693]}},{"type":"Feature","properties":{"id":"4245871787","n":"365 Data Centers - Richardson","o":"365 Data Centers","city":"Richardson","st":"TX","mkt":"Dallas","s":"Active","raw":"Active","p":"city"},"geometry":{"type":"Point","coordinates":[-96.72972,32.94818]}},{"type":"Feature","properties":{"id":"5914a9dcc4","n":"4099 Hereford Street","o":"Frasier Cole","city":"Glen Rose","st":"TX","mkt":"Dallas","s":"Active","raw":"Active","p":"census"},"geometry":{"type":"Point","coordinates":[-97.7997,32.27063]}},{"type":"Feature","properties":{"id":"8460ce81fb","n":"4849 Alpha Road (DFW14)","o":"Digital Realty","city":"Dallas","st":"TX","mkt":"Dallas","s":"Active","raw":"Active","p":"census"},"geometry":{"type":"Point","coordinates":[-96.8246,32.93316]}},{"type":"Feature","properties":{"id":"2580c0fd5e","n":"5CDC Dallas-Fort Worth - DFW01","o":"5C Group Inc.","city":"Fort Worth","st":"TX","mkt":"Dallas","s":"Active","raw":"Active","p":"census"},"geometry":{"type":"Point","coordinates":[-97.31075,32.63529]}},{"type":"Feature","properties":{"id":"ffeafc1d5d","n":"608 Young Street","o":"(operator not disclosed)","city":"Dallas","st":"TX","mkt":"Dallas","s":"Active","raw":"Active","p":"census"},"geometry":{"type":"Point","coordinates":[-96.80595,32.77599]}},{"type":"Feature","properties":{"id":"72382bcbbf","n":"850 E. Collins Boulevard (DFW28)","o":"Digital Realty","city":"Richardson","st":"TX","mkt":"Dallas","s":"Active","raw":"Active","p":"census"},"geometry":{"type":"Point","coordinates":[-96.7141,32.96792]}},{"type":"Feature","properties":{"id":"6234150518","n":"904 Quality Way (DFW21)","o":"Digital Realty","city":"Richardson","st":"TX","mkt":"Dallas","s":"Active","raw":"Active","p":"census"},"geometry":{"type":"Point","coordinates":[-96.7142,32.96674]}},{"type":"Feature","properties":{"id":"df489afc5c","n":"907 Security Row (DFW35)","o":"Digital Realty","city":"Richardson","st":"TX","mkt":"Dallas","s":"Active","raw":"Active","p":"census"},"geometry":{"type":"Point","coordinates":[-96.7106,32.96426]}},{"type":"Feature","properties":{"id":"0aab5d00e9","n":"908 Quality Way (DFW20)","o":"Digital Realty","city":"Richardson","st":"TX","mkt":"Dallas","s":"Active","raw":"Active","p":"census"},"geometry":{"type":"Point","coordinates":[-96.71399,32.96674]}},{"type":"Feature","properties":{"id":"2f16041648","n":"950 E. Collins Boulevard (DFW29)","o":"Digital Realty","city":"Richardson","st":"TX","mkt":"Dallas","s":"Active","raw":"Active","p":"census"},"geometry":{"type":"Point","coordinates":[-96.71139,32.96791]}},{"type":"Feature","properties":{"id":"62a5f25207","n":"ATOS Dallas Data Center","o":"Atos Group","city":"Dallas","st":"TX","mkt":"Dallas","s":"Active","raw":"Active","p":"census"},"geometry":{"type":"Point","coordinates":[-96.79402,32.78693]}},{"type":"Feature","properties":{"id":"48c9b5472f","n":"Aligned DFW-03","o":"Aligned Data Centers","city":"Mansfield","st":"TX","mkt":"Dallas","s":"Active","raw":"Active","p":"osm"},"geometry":{"type":"Point","coordinates":[-97.07486,32.54982]}},{"type":"Feature","properties":{"id":"66ebc0ac17","n":"Aligned DFW-04","o":"Aligned Data Centers","city":"Plano","st":"TX","mkt":"Dallas","s":"Active","raw":"Active","p":"city"},"geometry":{"type":"Point","coordinates":[-96.69251,33.01368]}},{"type":"Feature","properties":{"id":"b442ff29e6","n":"Aligned Plano Campus","o":"Aligned Data Centers","city":"Plano","st":"TX","mkt":"Dallas","s":"Active","raw":"Active","p":"census"},"geometry":{"type":"Point","coordinates":[-96.67842,33.00978]}},{"type":"Feature","properties":{"id":"3e5e0af252","n":"Alpha Data Center","o":"M&A Technology Inc.","city":"Dallas","st":"TX","mkt":"Dallas","s":"Active","raw":"Active","p":"census"},"geometry":{"type":"Point","coordinates":[-96.83472,32.93316]}},{"type":"Feature","properties":{"id":"a45b9e22c9","n":"Amazon AWS - 2300 Coates Road","o":"Amazon AWS","city":"Granbury","st":"TX","mkt":"Dallas","s":"Active","raw":"Active","p":"census"},"geometry":{"type":"Point","coordinates":[-97.77933,32.33102]}},{"type":"Feature","properties":{"id":"7e578825c7","n":"Amazon AWS - 401 Ezell Drive","o":"Amazon AWS","city":"De Soto","st":"TX","mkt":"Dallas","s":"Active","raw":"Active","p":"city"},"geometry":{"type":"Point","coordinates":[-96.85702,32.58978]}},{"type":"Feature","properties":{"id":"f9789b9345","n":"Amazon AWS - Somervell County","o":"Amazon AWS","city":"Glen Rose","st":"TX","mkt":"Dallas","s":"Active","raw":"Active","p":"city","np":1},"geometry":{"type":"Point","coordinates":[-97.755,32.23408]}},{"type":"Feature","properties":{"id":"a28cd3e8cd","n":"BT Gateway Data Center","o":"Belltown Power","city":"Royse City","st":"TX","mkt":"Dallas","s":"Active","raw":"Active","p":"census"},"geometry":{"type":"Point","coordinates":[-96.29197,33.01418]}},{"type":"Feature","properties":{"id":"4b923fcc8e","n":"Big Digital Energy Hood County","o":"Big Digital Energy, Inc.","city":"Cleburne","st":"TX","mkt":"Dallas","s":"Active","raw":"Active","p":"census"},"geometry":{"type":"Point","coordinates":[-97.68057,32.33381]}},{"type":"Feature","properties":{"id":"f046921e8a","n":"Black Mountain Fort Worth","o":"Black Mountain","city":"Forest Hill","st":"TX","mkt":"Dallas","s":"Active","raw":"Active","p":"census"},"geometry":{"type":"Point","coordinates":[-97.27,32.64395]}},{"type":"Feature","properties":{"id":"177240ce31","n":"Cisco Allen Data Center","o":"Cisco Systems","city":"Allen","st":"TX","mkt":"Dallas","s":"Active","raw":"Active","p":"census"},"geometry":{"type":"Point","coordinates":[-96.66321,33.13436]}},{"type":"Feature","properties":{"id":"740a88acc7","n":"Cisco Richardson Data Center","o":"Cisco Systems","city":"Richardson","st":"TX","mkt":"Dallas","s":"Active","raw":"Active","p":"city"},"geometry":{"type":"Point","coordinates":[-96.72972,32.94818]}},{"type":"Feature","properties":{"id":"aab5b43ae6","n":"CleanArc Dallas","o":"CleanArc Data Centers","city":"Dallas","st":"TX","mkt":"Dallas","s":"Active","raw":"Active","p":"census"},"geometry":{"type":"Point","coordinates":[-96.82854,32.80232]}},{"type":"Feature","properties":{"id":"5661d44888","n":"Cogent Data Center - Dallas","o":"Cogent Communications, Inc.","city":"Dallas","st":"TX","mkt":"Dallas","s":"Active","raw":"Active","p":"census"},"geometry":{"type":"Point","coordinates":[-96.799,32.77841]}},{"type":"Feature","properties":{"id":"232b82f5a4","n":"Cogent Data Center - Dallas 2","o":"Cogent Communications, Inc.","city":"Dallas","st":"TX","mkt":"Dallas","s":"Active","raw":"Active","p":"census"},"geometry":{"type":"Point","coordinates":[-96.81845,32.78369]}},{"type":"Feature","properties":{"id":"6e074aeb4b","n":"Cogent Data Center - Fort Worth","o":"Cogent Communications, Inc.","city":"Fort Worth","st":"TX","mkt":"Dallas","s":"Active","raw":"Active","p":"census"},"geometry":{"type":"Point","coordinates":[-97.31479,32.74499]}},{"type":"Feature","properties":{"id":"edf3456a7d","n":"Cogent Data Center - Irving","o":"Cogent Communications, Inc.","city":"Irving","st":"TX","mkt":"Dallas","s":"Active","raw":"Active","p":"census"},"geometry":{"type":"Point","coordinates":[-96.90745,32.83077]}},{"type":"Feature","properties":{"id":"7e7ec655b1","n":"Cologix Dallas Infomart Suites","o":"Cologix","city":"Dallas","st":"TX","mkt":"Dallas","s":"Active","raw":"Active","p":"census"},"geometry":{"type":"Point","coordinates":[-96.82383,32.80154]}},{"type":"Feature","properties":{"id":"22e3e13415","n":"Compass Red Oak Campus","o":"Compass Datacenters","city":"Red Oak","st":"TX","mkt":"Dallas","s":"Active","raw":"Active","p":"city"},"geometry":{"type":"Point","coordinates":[-96.80666,32.51439]}},{"type":"Feature","properties":{"id":"cf129297a9","n":"Coravel Fort Worth Campus","o":"Coravel","city":"Fort Worth","st":"TX","mkt":"Dallas","s":"Active","raw":"Active","p":"census"},"geometry":{"type":"Point","coordinates":[-97.40069,32.90797]}},{"type":"Feature","properties":{"id":"65919eb341","n":"Core Scientific Denton","o":"Core Scientific","city":"Denton","st":"TX","mkt":"Dallas","s":"Active","raw":"Active","p":"city"},"geometry":{"type":"Point","coordinates":[-97.13304,33.21504]}},{"type":"Feature","properties":{"id":"9da7733c54","n":"CoreSpace Dallas Data Center","o":"CoreSpace, Inc.","city":"Dallas","st":"TX","mkt":"Dallas","s":"Active","raw":"Active","p":"census"},"geometry":{"type":"Point","coordinates":[-96.87246,32.81801]}},{"type":"Feature","properties":{"id":"a12a3b9a35","n":"CoreWeave Plano","o":"CoreWeave","city":"Plano","st":"TX","mkt":"Dallas","s":"Active","raw":"Active","p":"census"},"geometry":{"type":"Point","coordinates":[-96.76661,33.01171]}},{"type":"Feature","properties":{"id":"36f293fdd9","n":"Csquare - Dallas DFW2-A","o":"Csquare","city":"Dallas","st":"TX","mkt":"Dallas","s":"Active","raw":"Active","p":"city"},"geometry":{"type":"Point","coordinates":[-96.79686,32.77627]}},{"type":"Feature","properties":{"id":"4398f26c3c","n":"Csquare - Dallas DFW3-A","o":"Csquare","city":"Dallas","st":"TX","mkt":"Dallas","s":"Active","raw":"Active","p":"census"},"geometry":{"type":"Point","coordinates":[-96.87267,32.91022]}},{"type":"Feature","properties":{"id":"ed2846a179","n":"Csquare - Fort Worth DFW1","o":"Csquare","city":"Fort Worth","st":"TX","mkt":"Dallas","s":"Active","raw":"Active","p":"osm"},"geometry":{"type":"Point","coordinates":[-97.04751,32.83503]}},{"type":"Feature","properties":{"id":"922e7cb4f6","n":"CyrusOne Allen Campus","o":"CyrusOne Data Centers","city":"Allen","st":"TX","mkt":"Dallas","s":"Active","raw":"Active","p":"census"},"geometry":{"type":"Point","coordinates":[-96.66333,33.13723]}},{"type":"Feature","properties":{"id":"7d6886be91","n":"CyrusOne DFW1 - Carrollton","o":"CyrusOne Data Centers","city":"Carrollton","st":"TX","mkt":"Dallas","s":"Active","raw":"Active","p":"census"},"geometry":{"type":"Point","coordinates":[-96.93048,32.99497]}},{"type":"Feature","properties":{"id":"c2827b65a1","n":"CyrusOne DFW2 - Lewisville","o":"CyrusOne Data Centers","city":"Lewisville","st":"TX","mkt":"Dallas","s":"Active","raw":"Active","p":"census"},"geometry":{"type":"Point","coordinates":[-96.9152,33.05439]}},{"type":"Feature","properties":{"id":"e8ef5af1ae","n":"CyrusOne DFW3 - Allen","o":"CyrusOne Data Centers","city":"Allen","st":"TX","mkt":"Dallas","s":"Active","raw":"Active","p":"census"},"geometry":{"type":"Point","coordinates":[-96.66333,33.13723]}},{"type":"Feature","properties":{"id":"b11b4a1cc5","n":"CyrusOne DFW6 - Richardson","o":"CyrusOne Data Centers","city":"Richardson","st":"TX","mkt":"Dallas","s":"Active","raw":"Active","p":"census"},"geometry":{"type":"Point","coordinates":[-96.69523,32.98536]}},{"type":"Feature","properties":{"id":"1fe37f25ed","n":"CyrusOne DFW7 - Fort Worth","o":"CyrusOne Data Centers","city":"Fort Worth","st":"TX","mkt":"Dallas","s":"Active","raw":"Active","p":"city"},"geometry":{"type":"Point","coordinates":[-97.33275,32.75318]}},{"type":"Feature","properties":{"id":"9511508835","n":"CyrusOne Whitney Campus","o":"CyrusOne Data Centers","city":"Whitney","st":"TX","mkt":"Dallas","s":"Active","raw":"Active","p":"census"},"geometry":{"type":"Point","coordinates":[-97.32508,31.94008]}},{"type":"Feature","properties":{"id":"934d8535be","n":"Data Canopy - Dallas","o":"Data Canopy","city":"Dallas","st":"TX","mkt":"Dallas","s":"Active","raw":"Active","p":"census"},"geometry":{"type":"Point","coordinates":[-96.80018,32.78622]}},{"type":"Feature","properties":{"id":"72866e341e","n":"DataBank - 2323 Bryan St","o":"DataBank","city":"Dallas","st":"TX","mkt":"Dallas","s":"Active","raw":"Active","p":"census"},"geometry":{"type":"Point","coordinates":[-96.79402,32.78693]}},{"type":"Feature","properties":{"id":"5802bded2d","n":"DataBank DFW1 - Downtown Dallas","o":"DataBank","city":"Dallas","st":"TX","mkt":"Dallas","s":"Active","raw":"Active","p":"census"},"geometry":{"type":"Point","coordinates":[-96.799,32.77841]}},{"type":"Feature","properties":{"id":"8a1d3a61c6","n":"DataBank DFW2 - North Dallas","o":"DataBank","city":"Dallas","st":"TX","mkt":"Dallas","s":"Active","raw":"Active","p":"osm"},"geometry":{"type":"Point","coordinates":[-96.71117,32.96622]}},{"type":"Feature","properties":{"id":"5a94f758a5","n":"DataBank DFW4 - Dallas Empire","o":"DataBank","city":"Dallas","st":"TX","mkt":"Dallas","s":"Active","raw":"Active","p":"census"},"geometry":{"type":"Point","coordinates":[-96.87361,32.82285]}},{"type":"Feature","properties":{"id":"68e712461e","n":"DataBank DFW6 - Dallas Love Field","o":"DataBank","city":"Dallas","st":"TX","mkt":"Dallas","s":"Active","raw":"Active","p":"census"},"geometry":{"type":"Point","coordinates":[-96.86548,32.83737]}},{"type":"Feature","properties":{"id":"c2e9ca0b25","n":"DataBank DFW7 - Dallas LBJ","o":"DataBank","city":"Dallas","st":"TX","mkt":"Dallas","s":"Active","raw":"Active","p":"census"},"geometry":{"type":"Point","coordinates":[-96.79173,32.92443]}},{"type":"Feature","properties":{"id":"ebf3a4195a","n":"DataBank DFW8 - Plano","o":"DataBank","city":"Plano","st":"TX","mkt":"Dallas","s":"Active","raw":"Active","p":"census"},"geometry":{"type":"Point","coordinates":[-96.81238,33.0852]}},{"type":"Feature","properties":{"id":"6e38c8b3d7","n":"DataBank Plano Campus","o":"DataBank","city":"Plano","st":"TX","mkt":"Dallas","s":"Active","raw":"Active","p":"census"},"geometry":{"type":"Point","coordinates":[-96.81238,33.0852]}},{"type":"Feature","properties":{"id":"5e3b12deb9","n":"DataBank Red Oak Campus","o":"DataBank","city":"Red Oak","st":"TX","mkt":"Dallas","s":"Active","raw":"Active","p":"city"},"geometry":{"type":"Point","coordinates":[-96.80666,32.51439]}},{"type":"Feature","properties":{"id":"aaca6b4304","n":"DigiCo Dallas DAL1","o":"DigiCo Infrastructure REIT","city":"Richardson","st":"TX","mkt":"Dallas","s":"Active","raw":"Active","p":"census"},"geometry":{"type":"Point","coordinates":[-96.69946,32.98532]}},{"type":"Feature","properties":{"id":"ddf1029b9b","n":"Digital Realty 1232 Alma Road (DFW16)","o":"Digital Realty","city":"Richardson","st":"TX","mkt":"Dallas","s":"Active","raw":"Active","p":"census"},"geometry":{"type":"Point","coordinates":[-96.71718,32.96348]}},{"type":"Feature","properties":{"id":"f6a68b9589","n":"Digital Realty 2323 Bryan Street (DFW10)","o":"Digital Realty","city":"Dallas","st":"TX","mkt":"Dallas","s":"Active","raw":"Active","p":"census"},"geometry":{"type":"Point","coordinates":[-96.79402,32.78693]}},{"type":"Feature","properties":{"id":"566592a580","n":"Digital Realty 4025 Midway Rd (DFW11)","o":"Digital Realty","city":"Carrollton","st":"TX","mkt":"Dallas","s":"Active","raw":"Active","p":"census"},"geometry":{"type":"Point","coordinates":[-96.84362,33.02133]}},{"type":"Feature","properties":{"id":"ac57e5c136","n":"Digital Realty 8435 Stemmons Freeway (DFW36)","o":"Digital Realty","city":"Dallas","st":"TX","mkt":"Dallas","s":"Active","raw":"Active","p":"census"},"geometry":{"type":"Point","coordinates":[-96.87344,32.82797]}},{"type":"Feature","properties":{"id":"f4af8b7cb8","n":"Digital Realty 900 Quality Way (DFW17)","o":"Digital Realty","city":"Richardson","st":"TX","mkt":"Dallas","s":"Active","raw":"Active","p":"census"},"geometry":{"type":"Point","coordinates":[-96.7144,32.96674]}},{"type":"Feature","properties":{"id":"0323cde417","n":"Digital Realty Garland Campus","o":"Digital Realty","city":"Garland","st":"TX","mkt":"Dallas","s":"Active","raw":"Active","p":"census"},"geometry":{"type":"Point","coordinates":[-96.65368,32.97557]}},{"type":"Feature","properties":{"id":"7e8b1f359f","n":"EG AI Rice","o":"EG AI Corp.","city":"Rice","st":"TX","mkt":"Dallas","s":"Active","raw":"Active","p":"census"},"geometry":{"type":"Point","coordinates":[-96.50018,32.25005]}},{"type":"Feature","properties":{"id":"ac3e8f9ca0","n":"Edged Dallas-Fort Worth DFW01 Campus","o":"Edged Energy","city":"Irving","st":"TX","mkt":"Dallas","s":"Active","raw":"Active","p":"census"},"geometry":{"type":"Point","coordinates":[-96.91693,32.81751]}},{"type":"Feature","properties":{"id":"9804763763","n":"Eonix Communications Dallas","o":"Eonix Communications Inc","city":"Dallas","st":"TX","mkt":"Dallas","s":"Active","raw":"Active","p":"census"},"geometry":{"type":"Point","coordinates":[-96.87942,32.83751]}},{"type":"Feature","properties":{"id":"0c20f7b7fc","n":"Epic.io Dallas Data Center","o":"Epic.io","city":"Dallas","st":"TX","mkt":"Dallas","s":"Active","raw":"Active","p":"census"},"geometry":{"type":"Point","coordinates":[-96.87097,32.83339]}},{"type":"Feature","properties":{"id":"51a669075f","n":"Equinix DA11","o":"Equinix","city":"Dallas","st":"TX","mkt":"Dallas","s":"Active","raw":"Active","p":"census"},"geometry":{"type":"Point","coordinates":[-96.82429,32.80168]}},{"type":"Feature","properties":{"id":"3fe29e806b","n":"Equinix DA12 Campus","o":"Equinix","city":"Dallas","st":"TX","mkt":"Dallas","s":"Active","raw":"Active","p":"census"},"geometry":{"type":"Point","coordinates":[-96.86013,32.8222]}},{"type":"Feature","properties":{"id":"974ac14391","n":"Equinix DA7","o":"Equinix","city":"Plano","st":"TX","mkt":"Dallas","s":"Active","raw":"Active","p":"census"},"geometry":{"type":"Point","coordinates":[-96.80948,33.06284]}},{"type":"Feature","properties":{"id":"5d2bcec345","n":"Equinix DA9","o":"Equinix","city":"Irving","st":"TX","mkt":"Dallas","s":"Active","raw":"Active","p":"census"},"geometry":{"type":"Point","coordinates":[-96.91248,32.83066]}},{"type":"Feature","properties":{"id":"02efab5366","n":"Equinix Dallas Infomart Suites","o":"Equinix","city":"Dallas","st":"TX","mkt":"Dallas","s":"Active","raw":"Active","p":"census"},"geometry":{"type":"Point","coordinates":[-96.82383,32.80154]}},{"type":"Feature","properties":{"id":"21c6fb85d2","n":"Evocative DAL6","o":"Evocative Data Centers","city":"Plano","st":"TX","mkt":"Dallas","s":"Active","raw":"Active","p":"census"},"geometry":{"type":"Point","coordinates":[-96.76685,33.01606]}},{"type":"Feature","properties":{"id":"b8d6a13330","n":"Fidium Dallas","o":"Fidium","city":"Dallas","st":"TX","mkt":"Dallas","s":"Active","raw":"Active","p":"census"},"geometry":{"type":"Point","coordinates":[-96.799,32.77841]}},{"type":"Feature","properties":{"id":"6ffa018d92","n":"Flexential Dallas - Downtown Data Center","o":"Flexential","city":"Dallas","st":"TX","mkt":"Dallas","s":"Active","raw":"Active","p":"census"},"geometry":{"type":"Point","coordinates":[-96.82383,32.80154]}},{"type":"Feature","properties":{"id":"19a32ccaae","n":"Flexential Dallas - Plano Data Center","o":"Flexential","city":"Plano","st":"TX","mkt":"Dallas","s":"Active","raw":"Active","p":"census"},"geometry":{"type":"Point","coordinates":[-96.66964,33.00696]}},{"type":"Feature","properties":{"id":"d5a9ab2db2","n":"Flexential Dallas - Richardson Data Center","o":"Flexential","city":"Richardson","st":"TX","mkt":"Dallas","s":"Active","raw":"Active","p":"census"},"geometry":{"type":"Point","coordinates":[-96.75617,32.99329]}},{"type":"Feature","properties":{"id":"a2511c5b27","n":"Flexential Dallas - Talty Data Center","o":"Flexential","city":"Talty","st":"TX","mkt":"Dallas","s":"Active","raw":"Active","p":"city","np":1},"geometry":{"type":"Point","coordinates":[-96.38554,32.68319]}},{"type":"Feature","properties":{"id":"ba2bd6f1c2","n":"GDC - Dallas TX1 Data Center","o":"NTT DATA, Inc.","city":"Garland","st":"TX","mkt":"Dallas","s":"Active","raw":"Active","p":"census"},"geometry":{"type":"Point","coordinates":[-96.65965,32.98247]}},{"type":"Feature","properties":{"id":"7f0e775f61","n":"GIPNetworks Plano","o":"Global IP Networks","city":"Plano","st":"TX","mkt":"Dallas","s":"Active","raw":"Active","p":"osm"},"geometry":{"type":"Point","coordinates":[-96.68313,33.01229]}},{"type":"Feature","properties":{"id":"437ecbd97e","n":"Google Midlothian Campus","o":"Google","city":"Midlothian","st":"TX","mkt":"Dallas","s":"Active","raw":"Active","p":"census"},"geometry":{"type":"Point","coordinates":[-97.05682,32.44893]}},{"type":"Feature","properties":{"id":"334eacbadb","n":"H5Colo Inc.","o":"H5 Colo Inc.","city":"Dallas","st":"TX","mkt":"Dallas","s":"Active","raw":"Active","p":"census"},"geometry":{"type":"Point","coordinates":[-96.77692,32.92033]}},{"type":"Feature","properties":{"id":"9554cf76bf","n":"Hivelocity - Dallas 1","o":"Hivelocity","city":"Dallas","st":"TX","mkt":"Dallas","s":"Active","raw":"Active","p":"census"},"geometry":{"type":"Point","coordinates":[-96.87942,32.83751]}},{"type":"Feature","properties":{"id":"a170cc6b36","n":"Hivelocity - Dallas 2","o":"Hivelocity","city":"Carrollton","st":"TX","mkt":"Dallas","s":"Active","raw":"Active","p":"census"},"geometry":{"type":"Point","coordinates":[-96.93048,32.99497]}},{"type":"Feature","properties":{"id":"88e4507e88","n":"IBM DAL01","o":"IBM","city":"Dallas","st":"TX","mkt":"Dallas","s":"Active","raw":"Active","p":"census"},"geometry":{"type":"Point","coordinates":[-96.82383,32.80154]}},{"type":"Feature","properties":{"id":"402f8ebf6d","n":"IBM DAL04","o":"IBM","city":"Dallas","st":"TX","mkt":"Dallas","s":"Active","raw":"Active","p":"census"},"geometry":{"type":"Point","coordinates":[-96.799,32.77841]}},{"type":"Feature","properties":{"id":"74a2c18e81","n":"IBM DAL05","o":"IBM","city":"Dallas","st":"TX","mkt":"Dallas","s":"Active","raw":"Active","p":"census"},"geometry":{"type":"Point","coordinates":[-96.8246,32.93316]}},{"type":"Feature","properties":{"id":"b46cb8f844","n":"IRVING-TX (Dallas, Texas)","o":"Cloudnium LLC.","city":"Irving","st":"TX","mkt":"Dallas","s":"Active","raw":"Active","p":"census"},"geometry":{"type":"Point","coordinates":[-96.98671,32.89064]}},{"type":"Feature","properties":{"id":"b5dfbef470","n":"KDC Richardson","o":"KDC","city":"Richardson","st":"TX","mkt":"Dallas","s":"Active","raw":"Active","p":"census"},"geometry":{"type":"Point","coordinates":[-96.69523,32.98536]}},{"type":"Feature","properties":{"id":"4f4f35a019","n":"LOGIX Dallas","o":"LOGIX Fiber Networks","city":"Dallas","st":"TX","mkt":"Dallas","s":"Active","raw":"Active","p":"census"},"geometry":{"type":"Point","coordinates":[-96.79402,32.78693]}},{"type":"Feature","properties":{"id":"8f07e54e92","n":"LOGIX Fort Worth","o":"LOGIX Fiber Networks","city":"Fort Worth","st":"TX","mkt":"Dallas","s":"Active","raw":"Active","p":"census"},"geometry":{"type":"Point","coordinates":[-97.33152,32.75182]}},{"type":"Feature","properties":{"id":"cd036e83e3","n":"LightEdge - Dallas","o":"LightEdge","city":"Lewisville","st":"TX","mkt":"Dallas","s":"Active","raw":"Active","p":"census"},"geometry":{"type":"Point","coordinates":[-96.9152,33.05439]}},{"type":"Feature","properties":{"id":"2563aa262f","n":"Lincoln Red Oak Campus","o":"Lincoln Property Company","city":"Red Oak","st":"TX","mkt":"Dallas","s":"Active","raw":"Active","p":"city","np":1},"geometry":{"type":"Point","coordinates":[-96.80666,32.51439]}},{"type":"Feature","properties":{"id":"f4101690f3","n":"Lumen Dallas","o":"Lumen","city":"Dallas","st":"TX","mkt":"Dallas","s":"Active","raw":"Active","p":"census"},"geometry":{"type":"Point","coordinates":[-96.86723,32.80778]}},{"type":"Feature","properties":{"id":"775ba7747e","n":"Lumen Dallas 2","o":"Lumen","city":"Dallas","st":"TX","mkt":"Dallas","s":"Active","raw":"Active","p":"census"},"geometry":{"type":"Point","coordinates":[-96.82383,32.80154]}},{"type":"Feature","properties":{"id":"938852d497","n":"Lumen Dallas 3","o":"Lumen","city":"Dallas","st":"TX","mkt":"Dallas","s":"Active","raw":"Active","p":"census"},"geometry":{"type":"Point","coordinates":[-96.80129,32.78025]}},{"type":"Feature","properties":{"id":"9a696a52d7","n":"Lumen Dallas 4","o":"Lumen","city":"Dallas","st":"TX","mkt":"Dallas","s":"Active","raw":"Active","p":"census"},"geometry":{"type":"Point","coordinates":[-96.799,32.77841]}},{"type":"Feature","properties":{"id":"b2db3973d2","n":"Lumen Dallas 6","o":"Lumen","city":"Dallas","st":"TX","mkt":"Dallas","s":"Active","raw":"Active","p":"census"},"geometry":{"type":"Point","coordinates":[-96.88419,32.82868]}},{"type":"Feature","properties":{"id":"1b75b559c6","n":"Lumen Fort Worth 1","o":"Lumen","city":"Fort Worth","st":"TX","mkt":"Dallas","s":"Active","raw":"Active","p":"census"},"geometry":{"type":"Point","coordinates":[-97.32409,32.74873]}},{"type":"Feature","properties":{"id":"74d14301fe","n":"Lumen Fort Worth 2","o":"Lumen","city":"Fort Worth","st":"TX","mkt":"Dallas","s":"Active","raw":"Active","p":"census"},"geometry":{"type":"Point","coordinates":[-97.32155,32.75511]}},{"type":"Feature","properties":{"id":"72fd7e5247","n":"Lunavi Dallas","o":"Lunavi","city":"Dallas","st":"TX","mkt":"Dallas","s":"Active","raw":"Active","p":"census"},"geometry":{"type":"Point","coordinates":[-96.82383,32.80154]}},{"type":"Feature","properties":{"id":"77b5a16676","n":"MARA Granbury","o":"MARA Holdings Inc.","city":"Granbury","st":"TX","mkt":"Dallas","s":"Active","raw":"Active","p":"census"},"geometry":{"type":"Point","coordinates":[-97.7324,32.34343]}},{"type":"Feature","properties":{"id":"96e09e83ab","n":"Meta Fort Worth Campus","o":"Meta","city":"Fort Worth","st":"TX","mkt":"Dallas","s":"Active","raw":"Active","p":"osm"},"geometry":{"type":"Point","coordinates":[-97.26197,32.98477]}},{"type":"Feature","properties":{"id":"f344316c01","n":"Mobius Partners - Farmers Branch","o":"Mobius Partners","city":"Farmers Branch","st":"TX","mkt":"Dallas","s":"Active","raw":"Active","p":"census"},"geometry":{"type":"Point","coordinates":[-96.83702,32.94929]}},{"type":"Feature","properties":{"id":"162e2f5b4c","n":"NTT GDC Garland Campus","o":"NTT DATA, Inc.","city":"Garland","st":"TX","mkt":"Dallas","s":"Active","raw":"Active","p":"census"},"geometry":{"type":"Point","coordinates":[-96.65965,32.98247]}},{"type":"Feature","properties":{"id":"b3dd4fd3ac","n":"Neutron Data Center","o":"M&A Technology Inc.","city":"Dallas","st":"TX","mkt":"Dallas","s":"Active","raw":"Active","p":"census"},"geometry":{"type":"Point","coordinates":[-96.8349,32.93348]}},{"type":"Feature","properties":{"id":"abfecdf2f7","n":"Nexus Hubbard Campus","o":"Nexus Data Centers","city":"Hubbard","st":"TX","mkt":"Dallas","s":"Active","raw":"Active","p":"census"},"geometry":{"type":"Point","coordinates":[-96.77624,31.824]}},{"type":"Feature","properties":{"id":"d1bef96bdc","n":"NocRoom Dallas Colocation and VPS","o":"NocRoom Miami Colocation VPS","city":"Dallas","st":"TX","mkt":"Dallas","s":"Active","raw":"Active","p":"city"},"geometry":{"type":"Point","coordinates":[-96.79686,32.77627]}},{"type":"Feature","properties":{"id":"5368cbf7ac","n":"PowerHouse Circle T Campus","o":"PowerHouse Data Centers","city":"Keller","st":"TX","mkt":"Dallas","s":"Active","raw":"Active","p":"city"},"geometry":{"type":"Point","coordinates":[-97.22712,32.92997]}},{"type":"Feature","properties":{"id":"c1438b8814","n":"PowerHouse Grand Prairie","o":"PowerHouse Data Centers","city":"Midlothian","st":"TX","mkt":"Dallas","s":"Active","raw":"Active","p":"census"},"geometry":{"type":"Point","coordinates":[-97.05657,32.47927]}},{"type":"Feature","properties":{"id":"d2515e9299","n":"PowerHouse Irving Campus","o":"PowerHouse Data Centers","city":"Irving","st":"TX","mkt":"Dallas","s":"Active","raw":"Active","p":"census"},"geometry":{"type":"Point","coordinates":[-96.93431,32.88566]}},{"type":"Feature","properties":{"id":"8cf7cf5705","n":"Prime Dallas Campus","o":"Prime Data Centers","city":"Dallas","st":"TX","mkt":"Dallas","s":"Active","raw":"Active","p":"census"},"geometry":{"type":"Point","coordinates":[-96.87942,32.83751]}},{"type":"Feature","properties":{"id":"8aa2d99103","n":"Project Annie","o":"Soluna Computing","city":"Paris","st":"TX","mkt":"Dallas","s":"Active","raw":"Active","p":"city","np":1},"geometry":{"type":"Point","coordinates":[-95.55551,33.6618]}},{"type":"Feature","properties":{"id":"2d50cf2e01","n":"Project Labrador","o":"(operator not disclosed)","city":"Lancaster","st":"TX","mkt":"Dallas","s":"Active","raw":"Active","p":"census"},"geometry":{"type":"Point","coordinates":[-96.73054,32.5952]}},{"type":"Feature","properties":{"id":"913989b942","n":"Project Lavon","o":"Giga Energy","city":"Lavon","st":"TX","mkt":"Dallas","s":"Active","raw":"Active","p":"census"},"geometry":{"type":"Point","coordinates":[-96.41836,33.01362]}},{"type":"Feature","properties":{"id":"bb08260797","n":"Project Patriot","o":"Bilateral Energy","city":"Granbury","st":"TX","mkt":"Dallas","s":"Active","raw":"Active","p":"city"},"geometry":{"type":"Point","coordinates":[-97.78705,32.44268]}},{"type":"Feature","properties":{"id":"32b71a6424","n":"Prometheus TX-1","o":"Prometheus Hyperscale","city":"Terrell","st":"TX","mkt":"Dallas","s":"Active","raw":"Active","p":"census"},"geometry":{"type":"Point","coordinates":[-96.3477,32.66096]}},{"type":"Feature","properties":{"id":"ee461028b4","n":"Provision Data Services","o":"Provision Data Services","city":"Dallas","st":"TX","mkt":"Dallas","s":"Active","raw":"Active","p":"census"},"geometry":{"type":"Point","coordinates":[-96.79505,32.78377]}},{"type":"Feature","properties":{"id":"e44ce9d36a","n":"Psychz Dallas","o":"Psychz Networks","city":"Dallas","st":"TX","mkt":"Dallas","s":"Active","raw":"Active","p":"census"},"geometry":{"type":"Point","coordinates":[-96.87942,32.83751]}},{"type":"Feature","properties":{"id":"e6425a0f77","n":"QTS Fort Worth 1 Campus","o":"QTS Data Centers","city":"Fort Worth","st":"TX","mkt":"Dallas","s":"Active","raw":"Active","p":"census"},"geometry":{"type":"Point","coordinates":[-97.26272,32.98137]}},{"type":"Feature","properties":{"id":"75c50120cb","n":"QTS Irving Campus","o":"QTS Data Centers","city":"Irving","st":"TX","mkt":"Dallas","s":"Active","raw":"Active","p":"census"},"geometry":{"type":"Point","coordinates":[-96.97949,32.8939]}},{"type":"Feature","properties":{"id":"f5a75c5461","n":"QTS South Dallas Campus","o":"QTS Data Centers","city":"Lancaster/Wilmer","st":"TX","mkt":"Dallas","s":"Active","raw":"Active","p":"city"},"geometry":{"type":"Point","coordinates":[-96.75611,32.59208]}},{"type":"Feature","properties":{"id":"f7eaa097c5","n":"QumulusAI Denton","o":"QumulusAI","city":"Denton","st":"TX","mkt":"Dallas","s":"Active","raw":"Active","p":"census"},"geometry":{"type":"Point","coordinates":[-97.17347,33.20914]}},{"type":"Feature","properties":{"id":"186d6551a2","n":"Rackspace Dallas 2","o":"Rackspace Hosting","city":"Richardson","st":"TX","mkt":"Dallas","s":"Active","raw":"Active","p":"osm"},"geometry":{"type":"Point","coordinates":[-96.71588,32.96483]}},{"type":"Feature","properties":{"id":"826b79ea3d","n":"Resilience DFW","o":"Overwatch Capital","city":"Plano","st":"TX","mkt":"Dallas","s":"Active","raw":"Active","p":"census"},"geometry":{"type":"Point","coordinates":[-96.83209,33.06794]}},{"type":"Feature","properties":{"id":"a49a4cf405","n":"Riot Platforms Corsicana","o":"Riot Platforms, Inc.","city":"Corsicana","st":"TX","mkt":"Dallas","s":"Active","raw":"Active","p":"census"},"geometry":{"type":"Point","coordinates":[-96.51119,31.96454]}},{"type":"Feature","properties":{"id":"07cda80d8f","n":"STACK Infrastructure DFW01 Campus","o":"STACK Infrastructure","city":"Plano","st":"TX","mkt":"Dallas","s":"Active","raw":"Active","p":"census"},"geometry":{"type":"Point","coordinates":[-96.80948,33.06284]}},{"type":"Feature","properties":{"id":"9ce80a245b","n":"STACK Infrastructure DFW02 Campus","o":"STACK Infrastructure","city":"Lancaster","st":"TX","mkt":"Dallas","s":"Active","raw":"Active","p":"city"},"geometry":{"type":"Point","coordinates":[-96.75611,32.59208]}},{"type":"Feature","properties":{"id":"1c168c41cd","n":"ScaleMatrix Dallas","o":"ScaleMatrix","city":"Allen","st":"TX","mkt":"Dallas","s":"Active","raw":"Active","p":"census"},"geometry":{"type":"Point","coordinates":[-96.66134,33.13714]}},{"type":"Feature","properties":{"id":"1c71bb838a","n":"ServerMania Dallas Data Center","o":"ServerMania Inc","city":"Dallas","st":"TX","mkt":"Dallas","s":"Active","raw":"Active","p":"city"},"geometry":{"type":"Point","coordinates":[-96.79686,32.77627]}},{"type":"Feature","properties":{"id":"f14ecc4b81","n":"Serverphase Data Center","o":"M&A Technology Inc.","city":"Carrollton","st":"TX","mkt":"Dallas","s":"Active","raw":"Active","p":"census"},"geometry":{"type":"Point","coordinates":[-96.84493,32.96391]}},{"type":"Feature","properties":{"id":"225e0fbc29","n":"Skybox Atlantic Station Campus","o":"Skybox Datacenters","city":"Plano","st":"TX","mkt":"Dallas","s":"Active","raw":"Active","p":"census"},"geometry":{"type":"Point","coordinates":[-96.73761,33.00725]}},{"type":"Feature","properties":{"id":"61da0e1cfe","n":"Skybox Legacy Campus","o":"Skybox Datacenters","city":"Plano","st":"TX","mkt":"Dallas","s":"Active","raw":"Active","p":"city","np":1},"geometry":{"type":"Point","coordinates":[-96.69251,33.01368]}},{"type":"Feature","properties":{"id":"cf13569b74","n":"Skybox PowerCampus Dallas Campus","o":"Skybox Datacenters","city":"Lancaster","st":"TX","mkt":"Dallas","s":"Active","raw":"Active","p":"city","np":1},"geometry":{"type":"Point","coordinates":[-96.75611,32.59208]}},{"type":"Feature","properties":{"id":"9830ab2921","n":"Stream DC DFW VII - Garland","o":"Stream Data Centers","city":"Garland","st":"TX","mkt":"Dallas","s":"Active","raw":"Active","p":"census"},"geometry":{"type":"Point","coordinates":[-96.66036,32.98258]}},{"type":"Feature","properties":{"id":"d63323c738","n":"Stream DC DFW-VIII - Wilmer","o":"Stream Data Centers","city":"Wilmer","st":"TX","mkt":"Dallas","s":"Active","raw":"Active","p":"city"},"geometry":{"type":"Point","coordinates":[-96.68527,32.58902]}},{"type":"Feature","properties":{"id":"ccfdd6202c","n":"Stream DC Graham Campus","o":"Stream Data Centers","city":"Graham","st":"TX","mkt":"Dallas","s":"Active","raw":"Active","p":"city","np":1},"geometry":{"type":"Point","coordinates":[-98.59038,33.10643]}},{"type":"Feature","properties":{"id":"c85382d472","n":"Stream DC Wilmer II Campus","o":"Stream Data Centers","city":"Wilmer","st":"TX","mkt":"Dallas","s":"Active","raw":"Active","p":"census"},"geometry":{"type":"Point","coordinates":[-96.67869,32.59158]}},{"type":"Feature","properties":{"id":"030cdb3184","n":"Synoptek - Dallas Data Center","o":"Synoptek","city":"Dallas","st":"TX","mkt":"Dallas","s":"Active","raw":"Active","p":"census"},"geometry":{"type":"Point","coordinates":[-96.79402,32.78693]}},{"type":"Feature","properties":{"id":"a3ce9bbcdf","n":"TPx Dallas Data Center","o":"TPx Communications","city":"Dallas","st":"TX","mkt":"Dallas","s":"Active","raw":"Active","p":"census"},"geometry":{"type":"Point","coordinates":[-96.79777,32.78559]}},{"type":"Feature","properties":{"id":"856781cf05","n":"TRG Dallas One DFW1","o":"TRG Datacenters","city":"Farmers Branch","st":"TX","mkt":"Dallas","s":"Active","raw":"Active","p":"census"},"geometry":{"type":"Point","coordinates":[-96.83394,32.94792]}},{"type":"Feature","properties":{"id":"501ce97da1","n":"Tier.Net Dallas Data Center","o":"TierNet","city":"Dallas","st":"TX","mkt":"Dallas","s":"Active","raw":"Active","p":"census"},"geometry":{"type":"Point","coordinates":[-96.87942,32.83751]}},{"type":"Feature","properties":{"id":"3c83be06a0","n":"TierPoint Dallas","o":"TierPoint","city":"Dallas","st":"TX","mkt":"Dallas","s":"Active","raw":"Active","p":"osm"},"geometry":{"type":"Point","coordinates":[-96.85739,32.80798]}},{"type":"Feature","properties":{"id":"b9ce973a0b","n":"TierPoint Dallas - Fort Worth","o":"TierPoint","city":"Fort Worth","st":"TX","mkt":"Dallas","s":"Active","raw":"Active","p":"census"},"geometry":{"type":"Point","coordinates":[-97.25101,32.97915]}},{"type":"Feature","properties":{"id":"eb12904b07","n":"Tierpoint Dallas-Allen","o":"TierPoint","city":"Allen","st":"TX","mkt":"Dallas","s":"Active","raw":"Active","p":"census"},"geometry":{"type":"Point","coordinates":[-96.66134,33.13714]}},{"type":"Feature","properties":{"id":"3083c19e0c","n":"Uniti Dallas","o":"Uniti Wholesale","city":"Dallas","st":"TX","mkt":"Dallas","s":"Active","raw":"Active","p":"osm"},"geometry":{"type":"Point","coordinates":[-96.79495,32.7867]}},{"type":"Feature","properties":{"id":"dff7d16244","n":"VAZATA Dallas Campus (I, III)","o":"VAZATA","city":"Carrollton","st":"TX","mkt":"Dallas","s":"Active","raw":"Active","p":"census"},"geometry":{"type":"Point","coordinates":[-96.84362,33.02133]}},{"type":"Feature","properties":{"id":"1d0fd57fc9","n":"VAZATA Dallas II","o":"VAZATA","city":"Carrollton","st":"TX","mkt":"Dallas","s":"Active","raw":"Active","p":"census"},"geometry":{"type":"Point","coordinates":[-96.85552,32.97991]}},{"type":"Feature","properties":{"id":"17902d8735","n":"VAZATA McKinney","o":"VAZATA","city":"McKinney","st":"TX","mkt":"Dallas","s":"Active","raw":"Active","p":"census"},"geometry":{"type":"Point","coordinates":[-96.62828,33.22284]}},{"type":"Feature","properties":{"id":"544feefe8d","n":"Vantage Frontier Campus (Stargate Shackelford)","o":"Vantage Data Centers","city":"Abilene","st":"TX","mkt":"Dallas","s":"Active","raw":"Active","p":"city","np":1},"geometry":{"type":"Point","coordinates":[-99.74759,32.44645]}},{"type":"Feature","properties":{"id":"67cbba6482","n":"Wowrack Dallas","o":"Wowrack","city":"Dallas","st":"TX","mkt":"Dallas","s":"Active","raw":"Active","p":"census"},"geometry":{"type":"Point","coordinates":[-96.86524,32.80652]}},{"type":"Feature","properties":{"id":"cf340947dc","n":"Yondr Lancaster","o":"Yondr Group","city":"Lancaster","st":"TX","mkt":"Dallas","s":"Active","raw":"Active","p":"city","np":1},"geometry":{"type":"Point","coordinates":[-96.75611,32.59208]}},{"type":"Feature","properties":{"id":"987af60a88","n":"Helios Data Center Galaxy","o":"Helios Data Center","city":"Afton","st":"TX","mkt":"Dickens","s":"Active","raw":"Active","p":"census"},"geometry":{"type":"Point","coordinates":[-100.8671,33.78064]}},{"type":"Feature","properties":{"id":"a8263a0f2a","n":"Duos Edge AI - Dumas EDC","o":"Duos Edge AI, Inc.","city":"Dumas","st":"TX","mkt":"Dumas","s":"Active","raw":"Active","p":"census"},"geometry":{"type":"Point","coordinates":[-101.97762,35.86201]}},{"type":"Feature","properties":{"id":"83b2a4c48f","n":"MDC Eagle Pass - EGP1","o":"MDC Data Centers","city":"Eagle Pass","st":"TX","mkt":"Eagle Pass","s":"Active","raw":"Active","p":"census"},"geometry":{"type":"Point","coordinates":[-100.50276,28.70237]}},{"type":"Feature","properties":{"id":"6efce1754b","n":"Cogent Data Center - El Paso","o":"Cogent Communications, Inc.","city":"El Paso","st":"TX","mkt":"El Paso","s":"Active","raw":"Active","p":"census"},"geometry":{"type":"Point","coordinates":[-106.4439,31.77382]}},{"type":"Feature","properties":{"id":"6164440bf6","n":"Connect El Paso","o":"Connect Data Centers by Oppidan","city":"El Paso","st":"TX","mkt":"El Paso","s":"Active","raw":"Active","p":"census"},"geometry":{"type":"Point","coordinates":[-106.29245,31.68117]}},{"type":"Feature","properties":{"id":"e26092f231","n":"Flō Networks El Paso","o":"Flo Networks","city":"El Paso","st":"TX","mkt":"El Paso","s":"Active","raw":"Active","p":"census"},"geometry":{"type":"Point","coordinates":[-106.49285,31.75566]}},{"type":"Feature","properties":{"id":"30975f79d7","n":"Lumen El Paso 1","o":"Lumen","city":"El Paso","st":"TX","mkt":"El Paso","s":"Active","raw":"Active","p":"census"},"geometry":{"type":"Point","coordinates":[-106.49289,31.75577]}},{"type":"Feature","properties":{"id":"8065a72989","n":"Lumen El Paso 2","o":"Lumen","city":"El Paso","st":"TX","mkt":"El Paso","s":"Active","raw":"Active","p":"census"},"geometry":{"type":"Point","coordinates":[-106.48845,31.76036]}},{"type":"Feature","properties":{"id":"881869e9e6","n":"MDC El Paso - ELP1","o":"MDC Data Centers","city":"El Paso","st":"TX","mkt":"El Paso","s":"Active","raw":"Active","p":"osm"},"geometry":{"type":"Point","coordinates":[-106.3099,31.74997]}},{"type":"Feature","properties":{"id":"015ae312af","n":"Meta El Paso Campus","o":"Meta","city":"El Paso","st":"TX","mkt":"El Paso","s":"Active","raw":"Active","p":"city"},"geometry":{"type":"Point","coordinates":[-106.48705,31.7601]}},{"type":"Feature","properties":{"id":"dbcf19fe0f","n":"Stanton Data Center","o":"Huntleigh Technology Group","city":"El Paso","st":"TX","mkt":"El Paso","s":"Active","raw":"Active","p":"census"},"geometry":{"type":"Point","coordinates":[-106.48607,31.75919]}},{"type":"Feature","properties":{"id":"812663aed4","n":"Amazon AWS Pecos County Campus","o":"Amazon AWS","city":"Fort Stockton","st":"TX","mkt":"Fort Stockton","s":"Active","raw":"Active","p":"city"},"geometry":{"type":"Point","coordinates":[-102.88366,30.8919]}},{"type":"Feature","properties":{"id":"5b874940e0","n":"Cormint Fort Stockton","o":"Cormint Data Systems Inc.","city":"Fort Stockton","st":"TX","mkt":"Fort Stockton","s":"Active","raw":"Active","p":"city"},"geometry":{"type":"Point","coordinates":[-102.88366,30.8919]}},{"type":"Feature","properties":{"id":"0bf1e1be57","n":"Fort Stockton Clean Campus","o":"Lancium","city":"Fort Stockton","st":"TX","mkt":"Fort Stockton","s":"Active","raw":"Active","p":"census"},"geometry":{"type":"Point","coordinates":[-102.91705,30.90562]}},{"type":"Feature","properties":{"id":"c0b34d4e47","n":"Project Horizon","o":"Poolside AI","city":"Fort Stockton","st":"TX","mkt":"Fort Stockton","s":"Planned","raw":"Planned","p":"census"},"geometry":{"type":"Point","coordinates":[-102.84818,30.96349]}},{"type":"Feature","properties":{"id":"d8f70082a7","n":"Garden City, TX data center (unnamed listing)","o":"(operator not confirmed)","city":"Garden City","st":"TX","mkt":"Garden City","s":"Active","raw":"Active","p":"city","np":1},"geometry":{"type":"Point","coordinates":[-101.48135,31.86404]}},{"type":"Feature","properties":{"id":"75c1f85f3f","n":"MARA Garden City","o":"MARA Holdings Inc.","city":"Garden City","st":"TX","mkt":"Garden City","s":"Active","raw":"Active","p":"census"},"geometry":{"type":"Point","coordinates":[-101.46522,31.74689]}},{"type":"Feature","properties":{"id":"fef4a01ce6","n":"Greenville, TX data center (unnamed listing)","o":"(operator not confirmed)","city":"Greenville","st":"TX","mkt":"Greenville","s":"Active","raw":"Active","p":"city","np":1},"geometry":{"type":"Point","coordinates":[-96.11081,33.13845]}},{"type":"Feature","properties":{"id":"7708d2c1e1","n":"Eneus Energy - Harlingen","o":"Eneus Energy","city":"Harlingen","st":"TX","mkt":"Harlingen","s":"Active","raw":"Active","p":"census"},"geometry":{"type":"Point","coordinates":[-97.6276,26.24231]}},{"type":"Feature","properties":{"id":"9a463d65ba","n":"Lumen Harlingen 1","o":"Lumen","city":"Harlingen","st":"TX","mkt":"Harlingen","s":"Active","raw":"Active","p":"census"},"geometry":{"type":"Point","coordinates":[-97.69113,26.19387]}},{"type":"Feature","properties":{"id":"c1a9b11c73","n":"Lumen Harlingen 2","o":"Lumen","city":"Harlingen","st":"TX","mkt":"Harlingen","s":"Active","raw":"Active","p":"census"},"geometry":{"type":"Point","coordinates":[-97.69103,26.19375]}},{"type":"Feature","properties":{"id":"ea744b7dde","n":"Project Ellen","o":"Soluna Computing","city":"Rio Hondo","st":"TX","mkt":"Harlingen","s":"Active","raw":"Active","p":"city"},"geometry":{"type":"Point","coordinates":[-97.58193,26.23535]}},{"type":"Feature","properties":{"id":"e048ce6296","n":"1001 Texas Data Center","o":"1001 Texas Data Center","city":"Houston","st":"TX","mkt":"Houston","s":"Active","raw":"Active","p":"census"},"geometry":{"type":"Point","coordinates":[-95.36244,29.75999]}},{"type":"Feature","properties":{"id":"4c3493cb05","n":"24 Hour Data Houston","o":"24 Hour Data","city":"Houston","st":"TX","mkt":"Houston","s":"Active","raw":"Active","p":"census"},"geometry":{"type":"Point","coordinates":[-95.36325,29.75897]}},{"type":"Feature","properties":{"id":"7696234e5b","n":"Amazon AWS Project Eagle Campus","o":"Amazon AWS","city":"Boling","st":"TX","mkt":"Houston","s":"Active","raw":"Active","p":"city"},"geometry":{"type":"Point","coordinates":[-95.9398,29.26249]}},{"type":"Feature","properties":{"id":"3254b4f43c","n":"Cogent Data Center - Houston","o":"Cogent Communications, Inc.","city":"Houston","st":"TX","mkt":"Houston","s":"Active","raw":"Active","p":"census"},"geometry":{"type":"Point","coordinates":[-95.4155,29.9433]}},{"type":"Feature","properties":{"id":"181e047f32","n":"Comcast Willis","o":"Comcast","city":"Willis","st":"TX","mkt":"Houston","s":"Active","raw":"Active","p":"census"},"geometry":{"type":"Point","coordinates":[-95.47786,30.41855]}},{"type":"Feature","properties":{"id":"0544b9b4c1","n":"Crown Castle Houston (TX1)","o":"Crown Castle","city":"Houston","st":"TX","mkt":"Houston","s":"Active","raw":"Active","p":"census"},"geometry":{"type":"Point","coordinates":[-95.36634,29.75993]}},{"type":"Feature","properties":{"id":"af66ddbdfc","n":"Crusoe Port of Victoria Campus","o":"Crusoe","city":"Victoria","st":"TX","mkt":"Houston","s":"Active","raw":"Active","p":"city"},"geometry":{"type":"Point","coordinates":[-97.00642,28.79975]}},{"type":"Feature","properties":{"id":"08769df8ae","n":"CyrusOne Houston Campus","o":"CyrusOne Data Centers","city":"Houston","st":"TX","mkt":"Houston","s":"Active","raw":"Active","p":"census"},"geometry":{"type":"Point","coordinates":[-95.56324,29.84109]}},{"type":"Feature","properties":{"id":"2d5ecca767","n":"Data Foundry - Houston 1","o":"Data Foundry","city":"Houston","st":"TX","mkt":"Houston","s":"Active","raw":"Active","p":"census"},"geometry":{"type":"Point","coordinates":[-95.47271,29.75001]}},{"type":"Feature","properties":{"id":"d4a4727326","n":"Data Foundry - Houston 2","o":"Data Foundry","city":"Houston","st":"TX","mkt":"Houston","s":"Active","raw":"Active","p":"census"},"geometry":{"type":"Point","coordinates":[-95.4235,29.94463]}},{"type":"Feature","properties":{"id":"48ab3b0155","n":"DataBank HOU1 - Westway Park I","o":"DataBank","city":"Houston","st":"TX","mkt":"Houston","s":"Active","raw":"Active","p":"census"},"geometry":{"type":"Point","coordinates":[-95.55731,29.84402]}},{"type":"Feature","properties":{"id":"4bf5f8fd11","n":"DataBank HOU2 - Westway Park II","o":"DataBank","city":"Houston","st":"TX","mkt":"Houston","s":"Active","raw":"Active","p":"census"},"geometry":{"type":"Point","coordinates":[-95.5573,29.84446]}},{"type":"Feature","properties":{"id":"58045271ea","n":"DataBank HOU3 - Westway Park III","o":"DataBank","city":"Houston","st":"TX","mkt":"Houston","s":"Active","raw":"Active","p":"census"},"geometry":{"type":"Point","coordinates":[-95.56324,29.84109]}},{"type":"Feature","properties":{"id":"0967360b0b","n":"DataBank HOU5 - Houston Galleria","o":"DataBank","city":"Houston","st":"TX","mkt":"Houston","s":"Active","raw":"Active","p":"census"},"geometry":{"type":"Point","coordinates":[-95.44434,29.72865]}},{"type":"Feature","properties":{"id":"a64cca6f13","n":"Dataprana La Marque","o":"Dataprana","city":"La Marque","st":"TX","mkt":"Houston","s":"Active","raw":"Active","p":"city"},"geometry":{"type":"Point","coordinates":[-94.97131,29.36857]}},{"type":"Feature","properties":{"id":"f5eb5f0789","n":"Digital Realty Houston Campus","o":"Digital Realty","city":"Houston","st":"TX","mkt":"Houston","s":"Active","raw":"Active","p":"census"},"geometry":{"type":"Point","coordinates":[-95.41535,29.94288]}},{"type":"Feature","properties":{"id":"5da2ea64c4","n":"ECL TerraSite-TX1","o":"EdgeCloudLink (ECL)","city":"Houston","st":"TX","mkt":"Houston","s":"Active","raw":"Active","p":"city","np":1},"geometry":{"type":"Point","coordinates":[-95.3677,29.75894]}},{"type":"Feature","properties":{"id":"f4661133bc","n":"EdgeConneX Houston","o":"EdgeConneX","city":"Katy","st":"TX","mkt":"Houston","s":"Active","raw":"Active","p":"census"},"geometry":{"type":"Point","coordinates":[-95.74671,29.793]}},{"type":"Feature","properties":{"id":"731870e154","n":"Energy Transfer Data Center","o":"Energy Transfer","city":"Houston","st":"TX","mkt":"Houston","s":"Active","raw":"Active","p":"census"},"geometry":{"type":"Point","coordinates":[-95.37979,29.69288]}},{"type":"Feature","properties":{"id":"ba88fcbc87","n":"Equinix HO1","o":"Equinix","city":"Houston","st":"TX","mkt":"Houston","s":"Active","raw":"Active","p":"census"},"geometry":{"type":"Point","coordinates":[-95.35643,29.93519]}},{"type":"Feature","properties":{"id":"9043fed169","n":"Evocative - INAP Houston","o":"Evocative Data Centers","city":"Houston","st":"TX","mkt":"Houston","s":"Active","raw":"Active","p":"census"},"geometry":{"type":"Point","coordinates":[-95.3658,29.7541]}},{"type":"Feature","properties":{"id":"ad06ed1024","n":"FIBERTOWN - Houston, Texas","o":"FIBERTOWN","city":"Houston","st":"TX","mkt":"Houston","s":"Active","raw":"Active","p":"census"},"geometry":{"type":"Point","coordinates":[-95.41542,29.94309]}},{"type":"Feature","properties":{"id":"ad92e0ee2e","n":"Hostrunway Houston","o":"Hostrunway","city":"Houston","st":"TX","mkt":"Houston","s":"Active","raw":"Active","p":"city"},"geometry":{"type":"Point","coordinates":[-95.3677,29.75894]}},{"type":"Feature","properties":{"id":"87fab4470c","n":"Iozera Houston","o":"Iozera","city":"Houston","st":"TX","mkt":"Houston","s":"Active","raw":"Active","p":"census"},"geometry":{"type":"Point","coordinates":[-95.56493,29.64951]}},{"type":"Feature","properties":{"id":"fb3a1c719a","n":"JMG Data Center","o":"Jarvis Media Group","city":"Conroe","st":"TX","mkt":"Houston","s":"Active","raw":"Active","p":"city"},"geometry":{"type":"Point","coordinates":[-95.45605,30.31188]}},{"type":"Feature","properties":{"id":"21234add6b","n":"LOGIX Houston #1","o":"LOGIX Fiber Networks","city":"Katy","st":"TX","mkt":"Houston","s":"Active","raw":"Active","p":"census"},"geometry":{"type":"Point","coordinates":[-95.74671,29.793]}},{"type":"Feature","properties":{"id":"41224f96cc","n":"LOGIX Houston #2","o":"LOGIX Fiber Networks","city":"Houston","st":"TX","mkt":"Houston","s":"Active","raw":"Active","p":"census"},"geometry":{"type":"Point","coordinates":[-95.36639,29.75986]}},{"type":"Feature","properties":{"id":"3e855a3ada","n":"LOGIX Houston #3","o":"LOGIX Fiber Networks","city":"Houston","st":"TX","mkt":"Houston","s":"Active","raw":"Active","p":"census"},"geometry":{"type":"Point","coordinates":[-95.45219,29.7296]}},{"type":"Feature","properties":{"id":"bef95ccff8","n":"Lighthouse Data Center","o":"PS Lightwave","city":"Houston","st":"TX","mkt":"Houston","s":"Active","raw":"Active","p":"census"},"geometry":{"type":"Point","coordinates":[-95.50934,29.72368]}},{"type":"Feature","properties":{"id":"f1fc5b882a","n":"Lumen Houston 1","o":"Lumen","city":"Houston","st":"TX","mkt":"Houston","s":"Active","raw":"Active","p":"city"},"geometry":{"type":"Point","coordinates":[-95.3677,29.75894]}},{"type":"Feature","properties":{"id":"9d7f61b219","n":"Lumen Houston 2","o":"Lumen","city":"Houston","st":"TX","mkt":"Houston","s":"Active","raw":"Active","p":"census"},"geometry":{"type":"Point","coordinates":[-95.54594,29.87423]}},{"type":"Feature","properties":{"id":"d4f9cd8e99","n":"Lumen Houston 3","o":"Lumen","city":"Houston","st":"TX","mkt":"Houston","s":"Active","raw":"Active","p":"census"},"geometry":{"type":"Point","coordinates":[-95.34646,29.77162]}},{"type":"Feature","properties":{"id":"63892ba264","n":"Lumen Houston 4","o":"Lumen","city":"Houston","st":"TX","mkt":"Houston","s":"Active","raw":"Active","p":"census"},"geometry":{"type":"Point","coordinates":[-95.55148,29.71307]}},{"type":"Feature","properties":{"id":"b61cf1e1f9","n":"Lumen, 1124 Hardy Rd","o":"Lumen","city":"Houston","st":"TX","mkt":"Houston","s":"Active","raw":"Active","p":"census"},"geometry":{"type":"Point","coordinates":[-95.35121,29.77084]}},{"type":"Feature","properties":{"id":"b69198ccab","n":"NaviSite Houston","o":"NaviSite, Inc.","city":"Houston","st":"TX","mkt":"Houston","s":"Active","raw":"Active","p":"census"},"geometry":{"type":"Point","coordinates":[-95.3658,29.7541]}},{"type":"Feature","properties":{"id":"09481142d0","n":"Project Aggie Campus","o":"Priority Power","city":"College Station","st":"TX","mkt":"Houston","s":"Active","raw":"Active","p":"city"},"geometry":{"type":"Point","coordinates":[-96.3456,30.61839]}},{"type":"Feature","properties":{"id":"2b306cb049","n":"Quasar Data Center","o":"Quasar Data Center","city":"Houston","st":"TX","mkt":"Houston","s":"Active","raw":"Active","p":"census"},"geometry":{"type":"Point","coordinates":[-95.36244,29.75999]}},{"type":"Feature","properties":{"id":"873b8541e7","n":"Saragon Houston","o":"Saragon","city":"Houston","st":"TX","mkt":"Houston","s":"Active","raw":"Active","p":"census"},"geometry":{"type":"Point","coordinates":[-95.62611,29.90693]}},{"type":"Feature","properties":{"id":"481446973e","n":"Serverfarm Houston CTX Campus","o":"Serverfarm","city":"Houston","st":"TX","mkt":"Houston","s":"Active","raw":"Active","p":"census"},"geometry":{"type":"Point","coordinates":[-95.56218,29.9972]}},{"type":"Feature","properties":{"id":"ec107b02b5","n":"Serverfarm Houston HTX Campus","o":"Serverfarm","city":"Hockley","st":"TX","mkt":"Houston","s":"Active","raw":"Active","p":"census"},"geometry":{"type":"Point","coordinates":[-95.85717,30.02183]}},{"type":"Feature","properties":{"id":"a2a1ac5a03","n":"Skybox Houston One","o":"Skybox Datacenters","city":"Houston","st":"TX","mkt":"Houston","s":"Active","raw":"Active","p":"census"},"geometry":{"type":"Point","coordinates":[-95.75407,29.80214]}},{"type":"Feature","properties":{"id":"5fbb25a913","n":"Stream DC Houston I - The Woodlands","o":"Stream Data Centers","city":"The Woodlands","st":"TX","mkt":"Houston","s":"Active","raw":"Active","p":"census"},"geometry":{"type":"Point","coordinates":[-95.4827,30.1764]}},{"type":"Feature","properties":{"id":"f4d955adcf","n":"TRG Houston Campus","o":"TRG Datacenters","city":"Spring","st":"TX","mkt":"Houston","s":"Active","raw":"Active","p":"census"},"geometry":{"type":"Point","coordinates":[-95.45574,30.06603]}},{"type":"Feature","properties":{"id":"f163722422","n":"TeleSource IDC","o":"TeleSource Communications Inc.","city":"Houston","st":"TX","mkt":"Houston","s":"Active","raw":"Active","p":"census"},"geometry":{"type":"Point","coordinates":[-95.3658,29.7541]}},{"type":"Feature","properties":{"id":"aa589c90d6","n":"Verizon Houston","o":"Verizon Communications Inc.","city":"Houston","st":"TX","mkt":"Houston","s":"Active","raw":"Active","p":"census"},"geometry":{"type":"Point","coordinates":[-95.41639,29.73343]}},{"type":"Feature","properties":{"id":"01a38ef76e","n":"Cipher Black Pearl","o":"Cipher Digital Inc.","city":"Wink","st":"TX","mkt":"Kermit","s":"Active","raw":"Active","p":"city"},"geometry":{"type":"Point","coordinates":[-103.15583,31.7534]}},{"type":"Feature","properties":{"id":"9a1155cd38","n":"Lumen Laredo 1","o":"Lumen","city":"Laredo","st":"TX","mkt":"Laredo","s":"Active","raw":"Active","p":"census"},"geometry":{"type":"Point","coordinates":[-99.50098,27.50566]}},{"type":"Feature","properties":{"id":"b4e39fff06","n":"MDC Laredo - LDO1","o":"MDC Data Centers","city":"Laredo","st":"TX","mkt":"Laredo","s":"Active","raw":"Active","p":"census"},"geometry":{"type":"Point","coordinates":[-99.45102,27.6899]}},{"type":"Feature","properties":{"id":"14550ef144","n":"Uniti Laredo","o":"Uniti Wholesale","city":"Laredo","st":"TX","mkt":"Laredo","s":"Active","raw":"Active","p":"census"},"geometry":{"type":"Point","coordinates":[-99.50098,27.50637]}},{"type":"Feature","properties":{"id":"c4d08070f5","n":"VTX1 Laredo","o":"VTX1 Internet","city":"Laredo","st":"TX","mkt":"Laredo","s":"Active","raw":"Active","p":"census"},"geometry":{"type":"Point","coordinates":[-99.50098,27.50637]}},{"type":"Feature","properties":{"id":"74b636aa01","n":"Aligned LBB Campus","o":"Aligned Data Centers","city":"Abernathy","st":"TX","mkt":"Lubbock","s":"Active","raw":"Active","p":"census"},"geometry":{"type":"Point","coordinates":[-101.83601,33.86161]}},{"type":"Feature","properties":{"id":"f00289cb9c","n":"Amazon AWS Horizon Junction Campus","o":"Amazon AWS","city":"Floydada","st":"TX","mkt":"Lubbock","s":"Active","raw":"Active","p":"census"},"geometry":{"type":"Point","coordinates":[-101.18549,34.06561]}},{"type":"Feature","properties":{"id":"469c981737","n":"Lumen Lubbock 1","o":"Lumen","city":"Lubbock","st":"TX","mkt":"Lubbock","s":"Active","raw":"Active","p":"census"},"geometry":{"type":"Point","coordinates":[-101.85139,33.58162]}},{"type":"Feature","properties":{"id":"8b70da28cf","n":"Reese Data Center","o":"Reese Data Center","city":"Lubbock","st":"TX","mkt":"Lubbock","s":"Active","raw":"Active","p":"census"},"geometry":{"type":"Point","coordinates":[-102.03213,33.5939]}},{"type":"Feature","properties":{"id":"37631cb946","n":"TeraWulf Abernathy Campus","o":"TeraWulf","city":"Abernathy","st":"TX","mkt":"Lubbock","s":"Active","raw":"Active","p":"city","np":1},"geometry":{"type":"Point","coordinates":[-101.84302,33.83238]}},{"type":"Feature","properties":{"id":"f6042bb01c","n":"555 Sellers St","o":"1606 Corp.","city":"Lufkin","st":"TX","mkt":"Lufkin","s":"Active","raw":"Active","p":"city"},"geometry":{"type":"Point","coordinates":[-94.72886,31.33862]}},{"type":"Feature","properties":{"id":"f274c2063f","n":"Project Lufkin","o":"Amp Z","city":"Lufkin","st":"TX","mkt":"Lufkin","s":"Active","raw":"Active","p":"city"},"geometry":{"type":"Point","coordinates":[-94.72886,31.33862]}},{"type":"Feature","properties":{"id":"aafa080bc7","n":"Chase Tower McAllen","o":"Critical Systems Realty","city":"McAllen","st":"TX","mkt":"McAllen","s":"Active","raw":"Active","p":"city","np":1},"geometry":{"type":"Point","coordinates":[-98.23006,26.20411]}},{"type":"Feature","properties":{"id":"a88d6ed16f","n":"Lumen McAllen 1","o":"Lumen","city":"McAllen","st":"TX","mkt":"McAllen","s":"Active","raw":"Active","p":"census"},"geometry":{"type":"Point","coordinates":[-98.22881,26.20445]}},{"type":"Feature","properties":{"id":"31eea0b654","n":"MDC McAllen - MCA1","o":"MDC Data Centers","city":"McAllen","st":"TX","mkt":"McAllen","s":"Active","raw":"Active","p":"census"},"geometry":{"type":"Point","coordinates":[-98.2304,26.20202]}},{"type":"Feature","properties":{"id":"796c5f2868","n":"T-Mobile McAllen Data Center","o":"T-Mobile","city":"McAllen","st":"TX","mkt":"McAllen","s":"Active","raw":"Active","p":"census"},"geometry":{"type":"Point","coordinates":[-98.20208,26.21927]}},{"type":"Feature","properties":{"id":"dbaca607a4","n":"MARA McCamey","o":"MARA Holdings Inc.","city":"McCamey","st":"TX","mkt":"McCamey","s":"Active","raw":"Active","p":"city"},"geometry":{"type":"Point","coordinates":[-102.22233,31.13154]}},{"type":"Feature","properties":{"id":"db8e1d128d","n":"Data Journey The Bunker","o":"Data Journey","city":"Montgomery","st":"TX","mkt":"Montgomery","s":"Active","raw":"Active","p":"osm"},"geometry":{"type":"Point","coordinates":[-95.44114,30.2555]}},{"type":"Feature","properties":{"id":"66bc9020fb","n":"NacSpace Data Center","o":"NacSpace.com","city":"Nacogdoches","st":"TX","mkt":"Nacogdoches","s":"Active","raw":"Active","p":"census"},"geometry":{"type":"Point","coordinates":[-94.67418,31.6523]}},{"type":"Feature","properties":{"id":"5f121e2598","n":"BBT Midland 1","o":"Big Bend Telephone (BBT)","city":"Midland","st":"TX","mkt":"Odessa","s":"Active","raw":"Active","p":"census"},"geometry":{"type":"Point","coordinates":[-102.21437,31.93157]}},{"type":"Feature","properties":{"id":"59a2113c1c","n":"Cipher Odessa","o":"Cipher Digital Inc.","city":"Odessa","st":"TX","mkt":"Odessa","s":"Active","raw":"Active","p":"census"},"geometry":{"type":"Point","coordinates":[-102.31464,31.84492]}},{"type":"Feature","properties":{"id":"a39a5c3091","n":"Duos Edge AI - Pampa","o":"Duos Edge AI, Inc.","city":"Pampa","st":"TX","mkt":"Pampa","s":"Active","raw":"Active","p":"city"},"geometry":{"type":"Point","coordinates":[-100.96016,35.5363]}},{"type":"Feature","properties":{"id":"4fc73734f0","n":"Google Meitner Energy Center","o":"Google","city":"Miami","st":"TX","mkt":"Pampa","s":"Active","raw":"Active","p":"city"},"geometry":{"type":"Point","coordinates":[-100.63842,35.69146]}},{"type":"Feature","properties":{"id":"22d81ceff4","n":"AiOnX Pyote","o":"AiOnX","city":"Pyote","st":"TX","mkt":"Pecos","s":"Active","raw":"Active","p":"city"},"geometry":{"type":"Point","coordinates":[-103.12619,31.53661]}},{"type":"Feature","properties":{"id":"7abfccbd8a","n":"Alpha Digital Campus","o":"PowerBridge","city":"Coyanosa","st":"TX","mkt":"Pecos","s":"Active","raw":"Active","p":"city"},"geometry":{"type":"Point","coordinates":[-103.06533,31.24206]}},{"type":"Feature","properties":{"id":"67cd1f4cf8","n":"Core Scientific Pecos","o":"Core Scientific","city":"Pecos","st":"TX","mkt":"Pecos","s":"Active","raw":"Active","p":"city"},"geometry":{"type":"Point","coordinates":[-103.49529,31.42541]}},{"type":"Feature","properties":{"id":"4b70b02cfa","n":"IONIC Digital Cedarvale","o":"IONIC Digital","city":"Barstow","st":"TX","mkt":"Pecos","s":"Active","raw":"Active","p":"city"},"geometry":{"type":"Point","coordinates":[-103.39463,31.46147]}},{"type":"Feature","properties":{"id":"97a942e741","n":"Microsoft Pecos Campus","o":"Microsoft","city":"Pecos","st":"TX","mkt":"Pecos","s":"Active","raw":"Active","p":"city"},"geometry":{"type":"Point","coordinates":[-103.49529,31.42541]}},{"type":"Feature","properties":{"id":"4317f67117","n":"Prometheus Pecos","o":"Prometheus Hyperscale","city":"Pecos","st":"TX","mkt":"Pecos","s":"Active","raw":"Active","p":"census"},"geometry":{"type":"Point","coordinates":[-103.56976,31.40227]}},{"type":"Feature","properties":{"id":"65311d4065","n":"SANG-TX","o":"Cloudnium LLC.","city":"San Angelo","st":"TX","mkt":"San Angelo","s":"Active","raw":"Active","p":"census"},"geometry":{"type":"Point","coordinates":[-100.4631,31.43276]}},{"type":"Feature","properties":{"id":"a611158a73","n":"Skybox San Angelo","o":"Skybox Datacenters","city":"San Angelo","st":"TX","mkt":"San Angelo","s":"Active","raw":"Active","p":"city"},"geometry":{"type":"Point","coordinates":[-100.44051,31.46497]}},{"type":"Feature","properties":{"id":"bf736efd74","n":"1000 Bolton Road","o":"Legacy Investing","city":"Marion","st":"TX","mkt":"San Antonio","s":"Active","raw":"Active","p":"census"},"geometry":{"type":"Point","coordinates":[-98.15554,29.51894]}},{"type":"Feature","properties":{"id":"9ec3d1f299","n":"Amazon AWS SAT - 11625 Old Corpus Christi","o":"Amazon AWS","city":"San Antonio","st":"TX","mkt":"San Antonio","s":"Active","raw":"Active","p":"census"},"geometry":{"type":"Point","coordinates":[-98.38812,29.30138]}},{"type":"Feature","properties":{"id":"325c4ab0f5","n":"Amazon AWS SAT - 12807 Donop Campus","o":"Amazon AWS","city":"Elmendorf","st":"TX","mkt":"San Antonio","s":"Active","raw":"Active","p":"city"},"geometry":{"type":"Point","coordinates":[-98.33279,29.25607]}},{"type":"Feature","properties":{"id":"e35e1a767a","n":"Amazon AWS SAT - 1535 NW Crossroads","o":"Amazon AWS","city":"San Antonio","st":"TX","mkt":"San Antonio","s":"Active","raw":"Active","p":"city"},"geometry":{"type":"Point","coordinates":[-98.49514,29.4246]}},{"type":"Feature","properties":{"id":"35fd9c70e7","n":"Amazon AWS SAT - 7400 Potranco","o":"Amazon AWS","city":"San Antonio","st":"TX","mkt":"San Antonio","s":"Active","raw":"Active","p":"census"},"geometry":{"type":"Point","coordinates":[-98.63707,29.45325]}},{"type":"Feature","properties":{"id":"59146041fd","n":"Amazon AWS SAT - TX-211 & Potranco Rd","o":"Amazon AWS","city":"San Antonio","st":"TX","mkt":"San Antonio","s":"Active","raw":"Active","p":"city"},"geometry":{"type":"Point","coordinates":[-98.49514,29.4246]}},{"type":"Feature","properties":{"id":"198dffde42","n":"American Tower EDC San Antonio","o":"American Tower Corporation","city":"San Antonio","st":"TX","mkt":"San Antonio","s":"Active","raw":"Active","p":"osm"},"geometry":{"type":"Point","coordinates":[-98.59815,29.40604]}},{"type":"Feature","properties":{"id":"933a47d54b","n":"Bexar Datacenter","o":"Bexar Datacenter","city":"San Antonio","st":"TX","mkt":"San Antonio","s":"Active","raw":"Active","p":"census"},"geometry":{"type":"Point","coordinates":[-98.55712,29.50216]}},{"type":"Feature","properties":{"id":"b9202729e1","n":"Black Mountain San Antonio","o":"Black Mountain","city":"San Antonio","st":"TX","mkt":"San Antonio","s":"Active","raw":"Active","p":"city"},"geometry":{"type":"Point","coordinates":[-98.49514,29.4246]}},{"type":"Feature","properties":{"id":"d56565cee7","n":"Cipher Apollo","o":"Cipher Digital Inc.","city":"San Antonio","st":"TX","mkt":"San Antonio","s":"Planned","raw":"Planned","p":"city","np":1},"geometry":{"type":"Point","coordinates":[-98.49514,29.4246]}},{"type":"Feature","properties":{"id":"6947dea1f8","n":"CityNAP","o":"CityNAP","city":"San Antonio","st":"TX","mkt":"San Antonio","s":"Active","raw":"Active","p":"census"},"geometry":{"type":"Point","coordinates":[-98.49398,29.42887]}},{"type":"Feature","properties":{"id":"9e18d893a6","n":"CloudBurst San Marcos Campus","o":"CloudBurst Data Centers","city":"San Marcos","st":"TX","mkt":"San Antonio","s":"Active","raw":"Active","p":"city"},"geometry":{"type":"Point","coordinates":[-97.94058,29.88264]}},{"type":"Feature","properties":{"id":"816ee53aab","n":"CloudHQ Campus","o":"CloudHQ","city":"San Antonio","st":"TX","mkt":"San Antonio","s":"Active","raw":"Active","p":"census"},"geometry":{"type":"Point","coordinates":[-98.79378,29.41251]}},{"type":"Feature","properties":{"id":"3f0998ebc5","n":"CyrusOne SAT1","o":"CyrusOne Data Centers","city":"San Antonio","st":"TX","mkt":"San Antonio","s":"Active","raw":"Active","p":"census"},"geometry":{"type":"Point","coordinates":[-98.68798,29.46568]}},{"type":"Feature","properties":{"id":"6000ca04e6","n":"CyrusOne SAT14A","o":"CyrusOne Data Centers","city":"Castroville","st":"TX","mkt":"San Antonio","s":"Active","raw":"Active","p":"census"},"geometry":{"type":"Point","coordinates":[-98.95238,29.34903]}},{"type":"Feature","properties":{"id":"a0cdcab024","n":"CyrusOne SAT2/SAT3 Campus","o":"CyrusOne Data Centers","city":"San Antonio","st":"TX","mkt":"San Antonio","s":"Active","raw":"Active","p":"census"},"geometry":{"type":"Point","coordinates":[-98.67234,29.47258]}},{"type":"Feature","properties":{"id":"3586c16ffa","n":"CyrusOne SAT4","o":"CyrusOne Data Centers","city":"San Antonio","st":"TX","mkt":"San Antonio","s":"Active","raw":"Active","p":"census"},"geometry":{"type":"Point","coordinates":[-98.66956,29.47066]}},{"type":"Feature","properties":{"id":"8cac028ef1","n":"CyrusOne SAT5/SAT6 Campus","o":"CyrusOne Data Centers","city":"San Antonio","st":"TX","mkt":"San Antonio","s":"Active","raw":"Active","p":"census"},"geometry":{"type":"Point","coordinates":[-98.78875,29.41706]}},{"type":"Feature","properties":{"id":"dc24b427b5","n":"CyrusOne SAT8","o":"CyrusOne Data Centers","city":"San Antonio","st":"TX","mkt":"San Antonio","s":"Active","raw":"Active","p":"city"},"geometry":{"type":"Point","coordinates":[-98.49514,29.4246]}},{"type":"Feature","properties":{"id":"1d3aa6beff","n":"CyrusOne SAT9","o":"CyrusOne Data Centers","city":"San Antonio","st":"TX","mkt":"San Antonio","s":"Active","raw":"Active","p":"census"},"geometry":{"type":"Point","coordinates":[-98.7923,29.42022]}},{"type":"Feature","properties":{"id":"70e2c4820d","n":"Duos Edge AI - Victoria EDC","o":"Duos Edge AI, Inc.","city":"Victoria","st":"TX","mkt":"San Antonio","s":"Active","raw":"Active","p":"census"},"geometry":{"type":"Point","coordinates":[-96.98625,28.83603]}},{"type":"Feature","properties":{"id":"4da7c0e534","n":"H5 Data Centers San Antonio","o":"H5 Data Centers","city":"San Antonio","st":"TX","mkt":"San Antonio","s":"Active","raw":"Active","p":"census"},"geometry":{"type":"Point","coordinates":[-98.4874,29.4293]}},{"type":"Feature","properties":{"id":"cf4e817f2e","n":"Lumen San Antonio 1","o":"Lumen","city":"San Antonio","st":"TX","mkt":"San Antonio","s":"Active","raw":"Active","p":"census"},"geometry":{"type":"Point","coordinates":[-98.39143,29.47568]}},{"type":"Feature","properties":{"id":"a2174f7ec9","n":"Lumen San Antonio 2","o":"Lumen","city":"San Antonio","st":"TX","mkt":"San Antonio","s":"Active","raw":"Active","p":"census"},"geometry":{"type":"Point","coordinates":[-98.50605,29.43828]}},{"type":"Feature","properties":{"id":"c43305e8d4","n":"Lumen San Antonio 3","o":"Lumen","city":"San Antonio","st":"TX","mkt":"San Antonio","s":"Active","raw":"Active","p":"census"},"geometry":{"type":"Point","coordinates":[-98.49252,29.52817]}},{"type":"Feature","properties":{"id":"cb75aea2f7","n":"Microsoft Castroville Campus","o":"Microsoft","city":"Castroville","st":"TX","mkt":"San Antonio","s":"Active","raw":"Active","p":"census"},"geometry":{"type":"Point","coordinates":[-98.89022,29.40224]}},{"type":"Feature","properties":{"id":"dd827f7291","n":"Microsoft Medina Campus","o":"Microsoft","city":"Medina","st":"TX","mkt":"San Antonio","s":"Active","raw":"Active","p":"city"},"geometry":{"type":"Point","coordinates":[-99.24643,29.79661]}},{"type":"Feature","properties":{"id":"3c36f0f68a","n":"Microsoft San Antonio (SAT14)","o":"Microsoft","city":"San Antonio","st":"TX","mkt":"San Antonio","s":"Active","raw":"Active","p":"census"},"geometry":{"type":"Point","coordinates":[-98.68151,29.47318]}},{"type":"Feature","properties":{"id":"7564267934","n":"Microsoft San Antonio (SAT15)","o":"Microsoft","city":"San Antonio","st":"TX","mkt":"San Antonio","s":"Active","raw":"Active","p":"city"},"geometry":{"type":"Point","coordinates":[-98.49514,29.4246]}},{"type":"Feature","properties":{"id":"fe54c62f40","n":"Microsoft San Antonio (SN7)","o":"Microsoft","city":"San Antonio","st":"TX","mkt":"San Antonio","s":"Active","raw":"Active","p":"census"},"geometry":{"type":"Point","coordinates":[-98.69708,29.47988]}},{"type":"Feature","properties":{"id":"c2566d08aa","n":"Microsoft San Antonio Chevron","o":"Microsoft","city":"San Antonio","st":"TX","mkt":"San Antonio","s":"Active","raw":"Active","p":"census"},"geometry":{"type":"Point","coordinates":[-98.69506,29.47878]}},{"type":"Feature","properties":{"id":"cd0a91fbd6","n":"Microsoft Texas Research Park Campus","o":"Microsoft","city":"San Antonio","st":"TX","mkt":"San Antonio","s":"Active","raw":"Active","p":"city"},"geometry":{"type":"Point","coordinates":[-98.49514,29.4246]}},{"type":"Feature","properties":{"id":"c6f62ee846","n":"QTS San Antonio 2","o":"QTS Data Centers","city":"San Antonio","st":"TX","mkt":"San Antonio","s":"Active","raw":"Active","p":"city"},"geometry":{"type":"Point","coordinates":[-98.49514,29.4246]}},{"type":"Feature","properties":{"id":"8d361382c8","n":"Rowan Cinco","o":"Rowan Digital Infrastructure","city":"Lytle","st":"TX","mkt":"San Antonio","s":"Active","raw":"Active","p":"census"},"geometry":{"type":"Point","coordinates":[-98.82444,29.21941]}},{"type":"Feature","properties":{"id":"a74710302f","n":"San Antonio Data Center","o":"Five 9s Digital, LLC","city":"San Antonio","st":"TX","mkt":"San Antonio","s":"Active","raw":"Active","p":"census"},"geometry":{"type":"Point","coordinates":[-98.40866,29.51248]}},{"type":"Feature","properties":{"id":"49092f5760","n":"Stream DC San Antonio II","o":"Stream Data Centers","city":"San Antonio","st":"TX","mkt":"San Antonio","s":"Active","raw":"Active","p":"census"},"geometry":{"type":"Point","coordinates":[-98.67224,29.47266]}},{"type":"Feature","properties":{"id":"694bc15dc8","n":"Stream DC San Antonio III","o":"Stream Data Centers","city":"San Antonio","st":"TX","mkt":"San Antonio","s":"Active","raw":"Active","p":"census"},"geometry":{"type":"Point","coordinates":[-98.7128,29.4482]}},{"type":"Feature","properties":{"id":"d435a6d131","n":"Uniti San Antonio","o":"Uniti Wholesale","city":"San Antonio","st":"TX","mkt":"San Antonio","s":"Active","raw":"Active","p":"census"},"geometry":{"type":"Point","coordinates":[-98.49145,29.42443]}},{"type":"Feature","properties":{"id":"b9649479c0","n":"Vantage TX11","o":"Vantage Data Centers","city":"San Antonio","st":"TX","mkt":"San Antonio","s":"Active","raw":"Active","p":"census"},"geometry":{"type":"Point","coordinates":[-98.78856,29.41668]}},{"type":"Feature","properties":{"id":"976b90f4f4","n":"Vantage TX12","o":"Vantage Data Centers","city":"San Antonio","st":"TX","mkt":"San Antonio","s":"Active","raw":"Active","p":"city"},"geometry":{"type":"Point","coordinates":[-98.49514,29.4246]}},{"type":"Feature","properties":{"id":"fa2d96c3dd","n":"Vantage TX21/TX22 Campus","o":"Vantage Data Centers","city":"San Antonio","st":"TX","mkt":"San Antonio","s":"Active","raw":"Active","p":"census"},"geometry":{"type":"Point","coordinates":[-98.70044,29.48302]}},{"type":"Feature","properties":{"id":"7d4c024a0a","n":"Crusoe Snyder","o":"Crusoe","city":"Hermleigh","st":"TX","mkt":"Snyder","s":"Active","raw":"Active","p":"census"},"geometry":{"type":"Point","coordinates":[-100.75797,32.74648]}},{"type":"Feature","properties":{"id":"4f080ddb6e","n":"Lumen Stratford 1","o":"Lumen","city":"Stratford","st":"TX","mkt":"Stratford","s":"Active","raw":"Active","p":"census"},"geometry":{"type":"Point","coordinates":[-102.08419,36.32556]}},{"type":"Feature","properties":{"id":"2e8b0ca1be","n":"IREN Sweetwater 1","o":"IREN (Iris Energy)","city":"Sweetwater","st":"TX","mkt":"Sweetwater","s":"Active","raw":"Active","p":"census"},"geometry":{"type":"Point","coordinates":[-100.54724,32.62798]}},{"type":"Feature","properties":{"id":"b67f1d5400","n":"IREN Sweetwater 2","o":"IREN (Iris Energy)","city":"Hamlin","st":"TX","mkt":"Sweetwater","s":"Active","raw":"Active","p":"city"},"geometry":{"type":"Point","coordinates":[-100.12962,32.88468]}},{"type":"Feature","properties":{"id":"b2ae6faf8c","n":"Optiquest Datacenter","o":"Optimum Computer Solutions (OCS)","city":"Spring","st":"TX","mkt":"The Woodlands","s":"Active","raw":"Active","p":"census"},"geometry":{"type":"Point","coordinates":[-95.45475,30.12076]}},{"type":"Feature","properties":{"id":"83d9542768","n":"Barrio Energy - Tyler","o":"Barrio Energy","city":"Tyler","st":"TX","mkt":"Tyler","s":"Active","raw":"Active","p":"census"},"geometry":{"type":"Point","coordinates":[-95.31244,32.35074]}},{"type":"Feature","properties":{"id":"d682f6aff6","n":"Tyler Vault Data Center","o":"Tyler Vault.com","city":"Tyler","st":"TX","mkt":"Tyler","s":"Active","raw":"Active","p":"census"},"geometry":{"type":"Point","coordinates":[-95.30171,32.35089]}},{"type":"Feature","properties":{"id":"9b99178b03","n":"Cipher McLennan","o":"Cipher Digital Inc.","city":"Riesel","st":"TX","mkt":"Waco","s":"Active","raw":"Active","p":"city"},"geometry":{"type":"Point","coordinates":[-96.92433,31.47488]}},{"type":"Feature","properties":{"id":"1644233d97","n":"DataBank ACT1 - Waco","o":"DataBank","city":"Waco","st":"TX","mkt":"Waco","s":"Active","raw":"Active","p":"census"},"geometry":{"type":"Point","coordinates":[-97.13353,31.55518]}},{"type":"Feature","properties":{"id":"afd6b6356a","n":"Duos Edge AI - Waco EDC","o":"Duos Edge AI, Inc.","city":"Waco","st":"TX","mkt":"Waco","s":"Active","raw":"Active","p":"city"},"geometry":{"type":"Point","coordinates":[-97.13256,31.55451]}},{"type":"Feature","properties":{"id":"fccfdbef0d","n":"Lumen Waco 1","o":"Lumen","city":"Waco","st":"TX","mkt":"Waco","s":"Active","raw":"Active","p":"census"},"geometry":{"type":"Point","coordinates":[-97.09317,31.61274]}},{"type":"Feature","properties":{"id":"2a2a981302","n":"Meta Temple Campus","o":"Meta","city":"Temple","st":"TX","mkt":"Waco","s":"Active","raw":"Active","p":"city"},"geometry":{"type":"Point","coordinates":[-97.34296,31.09837]}},{"type":"Feature","properties":{"id":"4229b80c8f","n":"Project Merlin","o":"Galaxy Digital","city":"McGregor","st":"TX","mkt":"Waco","s":"Active","raw":"Active","p":"city"},"geometry":{"type":"Point","coordinates":[-97.40809,31.4367]}},{"type":"Feature","properties":{"id":"912f3ec4d6","n":"Project Wallis","o":"Giga Energy","city":"Wallis","st":"TX","mkt":"Wallis","s":"Active","raw":"Active","p":"city"},"geometry":{"type":"Point","coordinates":[-96.06524,29.63135]}},{"type":"Feature","properties":{"id":"6b5e25362d","n":"Crusoe Childress Campus","o":"Crusoe","city":"Childress","st":"TX","mkt":"Wichita Falls","s":"Active","raw":"Active","p":"city","np":1},"geometry":{"type":"Point","coordinates":[-100.2054,34.42582]}},{"type":"Feature","properties":{"id":"ec279561e4","n":"DataNovaX Pioneer Park","o":"DataNovaX","city":"Wichita Falls","st":"TX","mkt":"Wichita Falls","s":"Active","raw":"Active","p":"osm"},"geometry":{"type":"Point","coordinates":[-98.52472,33.95328]}},{"type":"Feature","properties":{"id":"e69e8f2e58","n":"Google Project Rise Campus","o":"Google","city":"Vernon","st":"TX","mkt":"Wichita Falls","s":"Active","raw":"Active","p":"city"},"geometry":{"type":"Point","coordinates":[-99.28609,34.15131]}},{"type":"Feature","properties":{"id":"3e6932f7dd","n":"IREN Childress Campus","o":"IREN (Iris Energy)","city":"Childress","st":"TX","mkt":"Wichita Falls","s":"Active","raw":"Active","p":"city"},"geometry":{"type":"Point","coordinates":[-100.2054,34.42582]}},{"type":"Feature","properties":{"id":"1b654594bb","n":"Lumen Wichita Falls 1","o":"Lumen","city":"Wichita Falls","st":"TX","mkt":"Wichita Falls","s":"Active","raw":"Active","p":"census"},"geometry":{"type":"Point","coordinates":[-98.49136,33.91938]}},{"type":"Feature","properties":{"id":"42c7d620c2","n":"Skybox PowerCampus Texas Campus","o":"Skybox Datacenters","city":"Wichita Falls","st":"TX","mkt":"Wichita Falls","s":"Active","raw":"Active","p":"city"},"geometry":{"type":"Point","coordinates":[-98.50208,33.90046]}},{"type":"Feature","properties":{"id":"8cd788431a","n":"Antelope Data Campus","o":"Pronghorn Development, LLC","city":"Cedar City","st":"UT","mkt":"Cedar City","s":"Active","raw":"Active","p":"city"},"geometry":{"type":"Point","coordinates":[-113.06183,37.67742]}},{"type":"Feature","properties":{"id":"c7d4284527","n":"BluSky AI Delta Gigasite","o":"BluSky AI","city":"Delta","st":"UT","mkt":"Delta","s":"Planned","raw":"Planned","p":"city","np":1},"geometry":{"type":"Point","coordinates":[-112.57717,39.35218]}},{"type":"Feature","properties":{"id":"dc2eecd476","n":"Delta, UT data center (unnamed listing)","o":"(operator not confirmed)","city":"Delta","st":"UT","mkt":"Delta","s":"Active","raw":"Active","p":"city","np":1},"geometry":{"type":"Point","coordinates":[-112.57717,39.35218]}},{"type":"Feature","properties":{"id":"6d026953a1","n":"Lumen Ogden 1","o":"Lumen","city":"Ogden","st":"UT","mkt":"Ogden","s":"Active","raw":"Active","p":"census"},"geometry":{"type":"Point","coordinates":[-111.98975,41.23684]}},{"type":"Feature","properties":{"id":"8461865e9a","n":"WebNX Ogden","o":"WebNX Internet Services","city":"Ogden","st":"UT","mkt":"Ogden","s":"Active","raw":"Active","p":"census"},"geometry":{"type":"Point","coordinates":[-111.99246,41.26189]}},{"type":"Feature","properties":{"id":"041740a237","n":"BluSky Nephi","o":"BluSky AI","city":"Nephi","st":"UT","mkt":"Orem","s":"Active","raw":"Active","p":"city"},"geometry":{"type":"Point","coordinates":[-111.83632,39.71023]}},{"type":"Feature","properties":{"id":"a39f69b0f1","n":"Fibernet Utah Data Center","o":"Fibernet Corp","city":"Orem","st":"UT","mkt":"Orem","s":"Active","raw":"Active","p":"census"},"geometry":{"type":"Point","coordinates":[-111.67598,40.2762]}},{"type":"Feature","properties":{"id":"94fa00b2cc","n":"Meta Eagle Mountain Campus","o":"Meta","city":"Eagle Mountain","st":"UT","mkt":"Orem","s":"Active","raw":"Active","p":"city"},"geometry":{"type":"Point","coordinates":[-112.01198,40.30935]}},{"type":"Feature","properties":{"id":"5ad7434761","n":"Voonami Orem Data Center","o":"Voonami Inc","city":"Orem","st":"UT","mkt":"Orem","s":"Active","raw":"Active","p":"city"},"geometry":{"type":"Point","coordinates":[-111.69443,40.29816]}},{"type":"Feature","properties":{"id":"84ef5ca5ec","n":"Aligned Salt Lake City Campus","o":"Aligned Data Centers","city":"West Jordan","st":"UT","mkt":"Salt Lake City","s":"Active","raw":"Active","p":"census"},"geometry":{"type":"Point","coordinates":[-111.97022,40.58767]}},{"type":"Feature","properties":{"id":"f2145ece84","n":"B+F Timpanogos Provo Data Center","o":"Unknown Company","city":"Provo","st":"UT","mkt":"Salt Lake City","s":"Active","raw":"Active","p":"census"},"geometry":{"type":"Point","coordinates":[-111.65583,40.21422]}},{"type":"Feature","properties":{"id":"770a8bf371","n":"CirrusDS View 78 Campus","o":"Cirrus Data Services","city":"Midvale","st":"UT","mkt":"Salt Lake City","s":"Active","raw":"Active","p":"city"},"geometry":{"type":"Point","coordinates":[-111.91066,40.61492]}},{"type":"Feature","properties":{"id":"8b71af6a13","n":"DataBank Granite Point Campus","o":"DataBank","city":"Bluffdale","st":"UT","mkt":"Salt Lake City","s":"Active","raw":"Active","p":"census"},"geometry":{"type":"Point","coordinates":[-111.9033,40.48055]}},{"type":"Feature","properties":{"id":"e1c9e371f0","n":"DataBank SLC1 - Downtown Salt Lake City","o":"DataBank","city":"Salt Lake City","st":"UT","mkt":"Salt Lake City","s":"Active","raw":"Active","p":"census"},"geometry":{"type":"Point","coordinates":[-111.88599,40.76829]}},{"type":"Feature","properties":{"id":"3dfc3934cc","n":"EdgeConneX Salt Lake City-EDCSLC01","o":"EdgeConneX","city":"West Valley City","st":"UT","mkt":"Salt Lake City","s":"Active","raw":"Active","p":"census"},"geometry":{"type":"Point","coordinates":[-111.98331,40.72018]}},{"type":"Feature","properties":{"id":"fd684f7340","n":"FiberState SLC1","o":"FiberState","city":"Draper","st":"UT","mkt":"Salt Lake City","s":"Active","raw":"Active","p":"census"},"geometry":{"type":"Point","coordinates":[-111.8883,40.51173]}},{"type":"Feature","properties":{"id":"ef209e9b9a","n":"Flexential Salt Lake City - Downtown Data Center","o":"Flexential","city":"Salt Lake City","st":"UT","mkt":"Salt Lake City","s":"Active","raw":"Active","p":"census"},"geometry":{"type":"Point","coordinates":[-111.95343,40.75711]}},{"type":"Feature","properties":{"id":"acf9dbd6fc","n":"Flexential Salt Lake City - Fair Park Data Center","o":"Flexential","city":"Salt Lake City","st":"UT","mkt":"Salt Lake City","s":"Active","raw":"Active","p":"osm"},"geometry":{"type":"Point","coordinates":[-111.92029,40.76678]}},{"type":"Feature","properties":{"id":"5ee0fcd084","n":"Flexential Salt Lake City - Millcreek Data Center","o":"Flexential","city":"Salt Lake City","st":"UT","mkt":"Salt Lake City","s":"Active","raw":"Active","p":"census"},"geometry":{"type":"Point","coordinates":[-111.88543,40.68667]}},{"type":"Feature","properties":{"id":"c2cd980172","n":"Flexential Salt Lake City - South Valley Data Center","o":"Flexential","city":"West Jordan","st":"UT","mkt":"Salt Lake City","s":"Active","raw":"Active","p":"census"},"geometry":{"type":"Point","coordinates":[-111.98501,40.619]}},{"type":"Feature","properties":{"id":"8f191649ec","n":"Lumen Salt Lake City 2","o":"Lumen","city":"Salt Lake City","st":"UT","mkt":"Salt Lake City","s":"Active","raw":"Active","p":"census"},"geometry":{"type":"Point","coordinates":[-112.01328,40.78129]}},{"type":"Feature","properties":{"id":"bccd0b82fa","n":"Novva Salt Lake City","o":"Novva","city":"West Jordan","st":"UT","mkt":"Salt Lake City","s":"Active","raw":"Active","p":"census"},"geometry":{"type":"Point","coordinates":[-112.04346,40.57695]}},{"type":"Feature","properties":{"id":"1b9df1c6a6","n":"Oracle Salt Lake City","o":"Oracle","city":"Salt Lake City","st":"UT","mkt":"Salt Lake City","s":"Active","raw":"Active","p":"census"},"geometry":{"type":"Point","coordinates":[-112.00574,40.73639]}},{"type":"Feature","properties":{"id":"5ba1c2204c","n":"Oracle West Jordan","o":"Oracle","city":"West Jordan","st":"UT","mkt":"Salt Lake City","s":"Active","raw":"Active","p":"census"},"geometry":{"type":"Point","coordinates":[-112.0392,40.56734]}},{"type":"Feature","properties":{"id":"6702dd0588","n":"QTS Eagle Mountain II","o":"QTS Data Centers","city":"Fairfield","st":"UT","mkt":"Salt Lake City","s":"Planned","raw":"Planned","p":"city"},"geometry":{"type":"Point","coordinates":[-112.093,40.26217]}},{"type":"Feature","properties":{"id":"d7d28c8874","n":"Stratos Hyperscale Campus","o":"Bitzero Blockchain Inc.","city":"Snowville","st":"UT","mkt":"Salt Lake City","s":"Active","raw":"Active","p":"city"},"geometry":{"type":"Point","coordinates":[-112.71034,41.96541]}},{"type":"Feature","properties":{"id":"b9b1813d2c","n":"Syringa Networks West Valley","o":"Syringa Networks","city":"West Valley City","st":"UT","mkt":"Salt Lake City","s":"Active","raw":"Active","p":"census"},"geometry":{"type":"Point","coordinates":[-111.93121,40.72364]}},{"type":"Feature","properties":{"id":"4b9b80bca6","n":"Voonami Salt Lake City Data Center","o":"Voonami Inc","city":"West Valley City","st":"UT","mkt":"Salt Lake City","s":"Active","raw":"Active","p":"census"},"geometry":{"type":"Point","coordinates":[-111.98331,40.72018]}},{"type":"Feature","properties":{"id":"e8bb170c33","n":"XMission Data Center","o":"XMission","city":"Salt Lake City","st":"UT","mkt":"Salt Lake City","s":"Active","raw":"Active","p":"census"},"geometry":{"type":"Point","coordinates":[-111.88939,40.76071]}},{"type":"Feature","properties":{"id":"1960b02c96","n":"Summit Ridge Data Center","o":"Summit Ridge","city":"Santaquin","st":"UT","mkt":"Santaquin","s":"Active","raw":"Active","p":"city","np":1},"geometry":{"type":"Point","coordinates":[-111.78521,39.97551]}},{"type":"Feature","properties":{"id":"04bf1788d6","n":"ValorC3 Saint George Data Center","o":"ValorC3 Data Centers","city":"St. George","st":"UT","mkt":"St. George","s":"Active","raw":"Active","p":"city"},"geometry":{"type":"Point","coordinates":[-113.58321,37.10988]}},{"type":"Feature","properties":{"id":"8a21a9398c","n":"FirstLight Williston VT","o":"FirstLight Fiber","city":"Williston","st":"VT","mkt":"Burlington","s":"Active","raw":"Active","p":"census"},"geometry":{"type":"Point","coordinates":[-73.13011,44.45001]}},{"type":"Feature","properties":{"id":"55fb708eff","n":"Tech Vault South Burlington","o":"Tech Vault, Inc.","city":"South Burlington","st":"VT","mkt":"Burlington","s":"Active","raw":"Active","p":"census"},"geometry":{"type":"Point","coordinates":[-73.13994,44.45534]}},{"type":"Feature","properties":{"id":"ddc927d844","n":"Power Shift StoweVT Data Center","o":"Power Shift","city":"Stowe","st":"VT","mkt":"Stowe","s":"Active","raw":"Active","p":"census"},"geometry":{"type":"Point","coordinates":[-72.69323,44.45909]}},{"type":"Feature","properties":{"id":"2c4b5b226a","n":"Aligned Data Centers - IAD-01","o":"Aligned Data Centers","city":"Ashburn","st":"VA","mkt":"Ashburn","s":"Active","raw":"Active","p":"census"},"geometry":{"type":"Point","coordinates":[-77.4692,39.01362]}},{"type":"Feature","properties":{"id":"0e1f6e93b7","n":"Aligned Data Centers - IAD-02","o":"Aligned Data Centers","city":"Ashburn","st":"VA","mkt":"Ashburn","s":"Active","raw":"Active","p":"census"},"geometry":{"type":"Point","coordinates":[-77.47547,39.01186]}},{"type":"Feature","properties":{"id":"04b64c7ff3","n":"Amazon AWS - 41789 Cochran Mill Rd","o":"Amazon AWS","city":"Leesburg","st":"VA","mkt":"Ashburn","s":"Active","raw":"Active","p":"census"},"geometry":{"type":"Point","coordinates":[-77.53166,39.06923]}},{"type":"Feature","properties":{"id":"a039521f07","n":"Amazon AWS - Bridgefield Tech Center","o":"Amazon AWS","city":"Ashburn","st":"VA","mkt":"Ashburn","s":"Active","raw":"Active","p":"city"},"geometry":{"type":"Point","coordinates":[-77.48749,39.04372]}},{"type":"Feature","properties":{"id":"f9335cb5fe","n":"Amazon AWS - George Washington Blvd","o":"Amazon AWS","city":"Ashburn","st":"VA","mkt":"Ashburn","s":"Active","raw":"Active","p":"city"},"geometry":{"type":"Point","coordinates":[-77.48749,39.04372]}},{"type":"Feature","properties":{"id":"98e8ab5a65","n":"Amazon AWS - IAD Beaumeade Cir Campus","o":"Amazon AWS","city":"Ashburn","st":"VA","mkt":"Ashburn","s":"Active","raw":"Active","p":"census"},"geometry":{"type":"Point","coordinates":[-77.4526,39.0149]}},{"type":"Feature","properties":{"id":"908c8266ce","n":"Amazon AWS - IAD Import Campus","o":"Amazon AWS","city":"Ashburn","st":"VA","mkt":"Ashburn","s":"Active","raw":"Active","p":"city"},"geometry":{"type":"Point","coordinates":[-77.48749,39.04372]}},{"type":"Feature","properties":{"id":"fcb60d3e48","n":"Amazon AWS - IAD Interconnection Campus","o":"Amazon AWS","city":"Ashburn","st":"VA","mkt":"Ashburn","s":"Active","raw":"Active","p":"city"},"geometry":{"type":"Point","coordinates":[-77.48749,39.04372]}},{"type":"Feature","properties":{"id":"0e65133d19","n":"Amazon AWS - IAD Loudoun County Campus","o":"Amazon AWS","city":"Ashburn","st":"VA","mkt":"Ashburn","s":"Active","raw":"Active","p":"census"},"geometry":{"type":"Point","coordinates":[-77.44926,39.03718]}},{"type":"Feature","properties":{"id":"aa128fc390","n":"Amazon AWS - IAD Smith Campus","o":"Amazon AWS","city":"Ashburn","st":"VA","mkt":"Ashburn","s":"Active","raw":"Active","p":"census"},"geometry":{"type":"Point","coordinates":[-77.45898,39.02704]}},{"type":"Feature","properties":{"id":"66c33fdfc2","n":"CloudHQ - LC1","o":"CloudHQ","city":"Ashburn","st":"VA","mkt":"Ashburn","s":"Active","raw":"Active","p":"census"},"geometry":{"type":"Point","coordinates":[-77.46168,39.00892]}},{"type":"Feature","properties":{"id":"cde7ff199a","n":"CloudHQ - LC2","o":"CloudHQ","city":"Ashburn","st":"VA","mkt":"Ashburn","s":"Active","raw":"Active","p":"census"},"geometry":{"type":"Point","coordinates":[-77.47525,39.01323]}},{"type":"Feature","properties":{"id":"0347c49f15","n":"CloudHQ - LC3","o":"CloudHQ","city":"Ashburn","st":"VA","mkt":"Ashburn","s":"Active","raw":"Active","p":"census"},"geometry":{"type":"Point","coordinates":[-77.47517,39.01325]}},{"type":"Feature","properties":{"id":"480e1fe83b","n":"CloudHQ - LC5","o":"CloudHQ","city":"Ashburn","st":"VA","mkt":"Ashburn","s":"Active","raw":"Active","p":"city"},"geometry":{"type":"Point","coordinates":[-77.48749,39.04372]}},{"type":"Feature","properties":{"id":"27209b12ab","n":"CloudHQ - MCC1","o":"CloudHQ","city":"Manassas","st":"VA","mkt":"Ashburn","s":"Active","raw":"Active","p":"city"},"geometry":{"type":"Point","coordinates":[-77.47527,38.75095]}},{"type":"Feature","properties":{"id":"71f395f58f","n":"CloudHQ LC Campus (22131 Loudoun County Pkwy)","o":"CloudHQ","city":"Ashburn","st":"VA","mkt":"Ashburn","s":"Active","raw":"Active","p":"city"},"geometry":{"type":"Point","coordinates":[-77.48749,39.04372]}},{"type":"Feature","properties":{"id":"b81e246713","n":"CloudHQ LC Campus (22210 Loudoun County Pkwy)","o":"CloudHQ","city":"Ashburn","st":"VA","mkt":"Ashburn","s":"Active","raw":"Active","p":"census"},"geometry":{"type":"Point","coordinates":[-77.47189,39.0073]}},{"type":"Feature","properties":{"id":"20c3d91a95","n":"Cologix Ashburn Campus","o":"Cologix","city":"Ashburn","st":"VA","mkt":"Ashburn","s":"Active","raw":"Active","p":"census"},"geometry":{"type":"Point","coordinates":[-77.45769,39.01719]}},{"type":"Feature","properties":{"id":"51ef3e8f98","n":"Compass Datacenters - Loudoun County I Campus","o":"Compass Datacenters","city":"Ashburn","st":"VA","mkt":"Ashburn","s":"Active","raw":"Active","p":"city"},"geometry":{"type":"Point","coordinates":[-77.48749,39.04372]}},{"type":"Feature","properties":{"id":"c6a2094357","n":"Csquare Ashburn Campus","o":"Csquare","city":"Ashburn","st":"VA","mkt":"Ashburn","s":"Active","raw":"Active","p":"census"},"geometry":{"type":"Point","coordinates":[-77.45429,39.02104]}},{"type":"Feature","properties":{"id":"97836f2815","n":"CyrusOne Data Centers - NVA14","o":"CyrusOne Data Centers","city":"Ashburn","st":"VA","mkt":"Ashburn","s":"Active","raw":"Active","p":"census"},"geometry":{"type":"Point","coordinates":[-77.45344,39.02079]}},{"type":"Feature","properties":{"id":"65f691457f","n":"CyrusOne NVA Broadlands Campus","o":"CyrusOne Data Centers","city":"Broadlands","st":"VA","mkt":"Ashburn","s":"Active","raw":"Active","p":"city"},"geometry":{"type":"Point","coordinates":[-77.51332,39.02325]}},{"type":"Feature","properties":{"id":"80d759db92","n":"Digital Realty - ACC10","o":"Digital Realty","city":"Ashburn","st":"VA","mkt":"Ashburn","s":"Active","raw":"Active","p":"osm"},"geometry":{"type":"Point","coordinates":[-77.4654,39.01268]}},{"type":"Feature","properties":{"id":"320662957b","n":"Digital Realty - ACC2","o":"Digital Realty","city":"Ashburn","st":"VA","mkt":"Ashburn","s":"Active","raw":"Active","p":"census"},"geometry":{"type":"Point","coordinates":[-77.46012,39.02113]}},{"type":"Feature","properties":{"id":"762cedea11","n":"Digital Realty - ACC3","o":"Digital Realty","city":"Ashburn","st":"VA","mkt":"Ashburn","s":"Active","raw":"Active","p":"census"},"geometry":{"type":"Point","coordinates":[-77.46123,39.01983]}},{"type":"Feature","properties":{"id":"18bbfb5876","n":"Digital Realty - ACC4","o":"Digital Realty","city":"Ashburn","st":"VA","mkt":"Ashburn","s":"Active","raw":"Active","p":"census"},"geometry":{"type":"Point","coordinates":[-77.46201,39.01937]}},{"type":"Feature","properties":{"id":"c5b85e4b69","n":"Digital Realty - ACC5","o":"Digital Realty","city":"Ashburn","st":"VA","mkt":"Ashburn","s":"Active","raw":"Active","p":"census"},"geometry":{"type":"Point","coordinates":[-77.46295,39.0192]}},{"type":"Feature","properties":{"id":"97866a43f5","n":"Digital Realty - ACC6","o":"Digital Realty","city":"Ashburn","st":"VA","mkt":"Ashburn","s":"Active","raw":"Active","p":"census"},"geometry":{"type":"Point","coordinates":[-77.46188,39.02179]}},{"type":"Feature","properties":{"id":"43242f63b1","n":"Digital Realty - ACC7","o":"Digital Realty","city":"Ashburn","st":"VA","mkt":"Ashburn","s":"Active","raw":"Active","p":"census"},"geometry":{"type":"Point","coordinates":[-77.46414,39.01795]}},{"type":"Feature","properties":{"id":"93c2b321dd","n":"Digital Realty - ACC8","o":"Digital Realty","city":"Ashburn","st":"VA","mkt":"Ashburn","s":"Active","raw":"Active","p":"census"},"geometry":{"type":"Point","coordinates":[-77.46335,39.02426]}},{"type":"Feature","properties":{"id":"7f4be52f8c","n":"Digital Realty - ACC9","o":"Digital Realty","city":"Ashburn","st":"VA","mkt":"Ashburn","s":"Active","raw":"Active","p":"osm"},"geometry":{"type":"Point","coordinates":[-77.46716,39.01546]}},{"type":"Feature","properties":{"id":"60693267e5","n":"Digital Realty - IAD12","o":"Digital Realty","city":"Ashburn","st":"VA","mkt":"Ashburn","s":"Active","raw":"Active","p":"census"},"geometry":{"type":"Point","coordinates":[-77.48452,39.00332]}},{"type":"Feature","properties":{"id":"6b273baeb1","n":"Digital Realty - IAD13","o":"Digital Realty","city":"Ashburn","st":"VA","mkt":"Ashburn","s":"Active","raw":"Active","p":"census"},"geometry":{"type":"Point","coordinates":[-77.48538,39.00355]}},{"type":"Feature","properties":{"id":"7912ee2db6","n":"Digital Realty - IAD14","o":"Digital Realty","city":"Ashburn","st":"VA","mkt":"Ashburn","s":"Active","raw":"Active","p":"census"},"geometry":{"type":"Point","coordinates":[-77.48604,39.00378]}},{"type":"Feature","properties":{"id":"209b41c717","n":"Digital Realty - IAD18","o":"Digital Realty","city":"Ashburn","st":"VA","mkt":"Ashburn","s":"Active","raw":"Active","p":"census"},"geometry":{"type":"Point","coordinates":[-77.46107,39.02157]}},{"type":"Feature","properties":{"id":"9394f5114d","n":"Digital Realty - IAD24","o":"Digital Realty","city":"Ashburn","st":"VA","mkt":"Ashburn","s":"Active","raw":"Active","p":"census"},"geometry":{"type":"Point","coordinates":[-77.48532,39.00366]}},{"type":"Feature","properties":{"id":"e56e66e759","n":"Digital Realty - IAD35","o":"Digital Realty","city":"Ashburn","st":"VA","mkt":"Ashburn","s":"Active","raw":"Active","p":"city"},"geometry":{"type":"Point","coordinates":[-77.48749,39.04372]}},{"type":"Feature","properties":{"id":"a2bd4c5b96","n":"Digital Realty - IAD36","o":"Digital Realty","city":"Ashburn","st":"VA","mkt":"Ashburn","s":"Active","raw":"Active","p":"city"},"geometry":{"type":"Point","coordinates":[-77.48749,39.04372]}},{"type":"Feature","properties":{"id":"1929927f02","n":"Digital Realty - IAD37","o":"Digital Realty","city":"Ashburn","st":"VA","mkt":"Ashburn","s":"Active","raw":"Active","p":"city"},"geometry":{"type":"Point","coordinates":[-77.48749,39.04372]}},{"type":"Feature","properties":{"id":"50457f5654","n":"Digital Realty - IAD38","o":"Digital Realty","city":"Ashburn","st":"VA","mkt":"Ashburn","s":"Active","raw":"Active","p":"city"},"geometry":{"type":"Point","coordinates":[-77.48749,39.04372]}},{"type":"Feature","properties":{"id":"b3426ecf4b","n":"Digital Realty - IAD39","o":"Digital Realty","city":"Ashburn","st":"VA","mkt":"Ashburn","s":"Active","raw":"Active","p":"city"},"geometry":{"type":"Point","coordinates":[-77.48749,39.04372]}},{"type":"Feature","properties":{"id":"7e61364ddd","n":"Digital Realty - IAD40","o":"Digital Realty","city":"Ashburn","st":"VA","mkt":"Ashburn","s":"Active","raw":"Active","p":"city"},"geometry":{"type":"Point","coordinates":[-77.48749,39.04372]}},{"type":"Feature","properties":{"id":"e78539b250","n":"Digital Realty - IAD41","o":"Digital Realty","city":"Ashburn","st":"VA","mkt":"Ashburn","s":"Active","raw":"Active","p":"city"},"geometry":{"type":"Point","coordinates":[-77.48749,39.04372]}},{"type":"Feature","properties":{"id":"7fb00f59e1","n":"Digital Realty - IAD42","o":"Digital Realty","city":"Ashburn","st":"VA","mkt":"Ashburn","s":"Active","raw":"Active","p":"city"},"geometry":{"type":"Point","coordinates":[-77.48749,39.04372]}},{"type":"Feature","properties":{"id":"a656ddce72","n":"Digital Realty - IAD73","o":"Digital Realty","city":"Ashburn","st":"VA","mkt":"Ashburn","s":"Active","raw":"Active","p":"osm"},"geometry":{"type":"Point","coordinates":[-77.46639,39.00664]}},{"type":"Feature","properties":{"id":"4cf9a57d0a","n":"EdgeCore - Ashburn AS01","o":"EdgeCore","city":"Sterling","st":"VA","mkt":"Ashburn","s":"Active","raw":"Active","p":"census"},"geometry":{"type":"Point","coordinates":[-77.41252,39.02232]}},{"type":"Feature","properties":{"id":"381800df86","n":"Equinix - DC1","o":"Equinix","city":"Ashburn","st":"VA","mkt":"Ashburn","s":"Active","raw":"Active","p":"census"},"geometry":{"type":"Point","coordinates":[-77.45784,39.01442]}},{"type":"Feature","properties":{"id":"32b4cdef1e","n":"Equinix - DC10","o":"Equinix","city":"Ashburn","st":"VA","mkt":"Ashburn","s":"Active","raw":"Active","p":"census"},"geometry":{"type":"Point","coordinates":[-77.454,39.02099]}},{"type":"Feature","properties":{"id":"af2687cd1c","n":"Equinix - DC12","o":"Equinix","city":"Ashburn","st":"VA","mkt":"Ashburn","s":"Active","raw":"Active","p":"osm"},"geometry":{"type":"Point","coordinates":[-77.44979,39.02303]}},{"type":"Feature","properties":{"id":"00418d8d2c","n":"Equinix - DC13","o":"Equinix","city":"Ashburn","st":"VA","mkt":"Ashburn","s":"Active","raw":"Active","p":"census"},"geometry":{"type":"Point","coordinates":[-77.47394,39.01238]}},{"type":"Feature","properties":{"id":"2b0d46020b","n":"Equinix - DC15","o":"Equinix","city":"Ashburn","st":"VA","mkt":"Ashburn","s":"Active","raw":"Active","p":"osm"},"geometry":{"type":"Point","coordinates":[-77.45026,39.0225]}},{"type":"Feature","properties":{"id":"19ee419577","n":"Equinix - DC16","o":"Equinix","city":"Ashburn","st":"VA","mkt":"Ashburn","s":"Active","raw":"Active","p":"osm"},"geometry":{"type":"Point","coordinates":[-77.45233,39.02426]}},{"type":"Feature","properties":{"id":"a174281051","n":"Equinix - DC17","o":"Equinix","city":"Ashburn","st":"VA","mkt":"Ashburn","s":"Active","raw":"Active","p":"osm"},"geometry":{"type":"Point","coordinates":[-77.45361,39.02501]}},{"type":"Feature","properties":{"id":"13e0ed1604","n":"Equinix - DC2","o":"Equinix","city":"Ashburn","st":"VA","mkt":"Ashburn","s":"Active","raw":"Active","p":"census"},"geometry":{"type":"Point","coordinates":[-77.45784,39.01436]}},{"type":"Feature","properties":{"id":"7271da126f","n":"Equinix - DC21","o":"Equinix","city":"Ashburn","st":"VA","mkt":"Ashburn","s":"Active","raw":"Active","p":"census"},"geometry":{"type":"Point","coordinates":[-77.45406,39.01129]}},{"type":"Feature","properties":{"id":"09cbd67106","n":"Equinix - DC22","o":"Equinix","city":"Ashburn","st":"VA","mkt":"Ashburn","s":"Active","raw":"Active","p":"census"},"geometry":{"type":"Point","coordinates":[-77.45386,39.01168]}},{"type":"Feature","properties":{"id":"c952ec5e8e","n":"Equinix - DC3","o":"Equinix","city":"Ashburn","st":"VA","mkt":"Ashburn","s":"Active","raw":"Active","p":"census"},"geometry":{"type":"Point","coordinates":[-77.46107,39.02157]}},{"type":"Feature","properties":{"id":"c842ce6d95","n":"Equinix - DC4","o":"Equinix","city":"Ashburn","st":"VA","mkt":"Ashburn","s":"Active","raw":"Active","p":"census"},"geometry":{"type":"Point","coordinates":[-77.45782,39.01469]}},{"type":"Feature","properties":{"id":"0cf7fd47fa","n":"Equinix - DC5","o":"Equinix","city":"Ashburn","st":"VA","mkt":"Ashburn","s":"Active","raw":"Active","p":"census"},"geometry":{"type":"Point","coordinates":[-77.45784,39.01455]}},{"type":"Feature","properties":{"id":"d1a983138d","n":"Equinix Ashburn Campus (Filigree Ct)","o":"Equinix","city":"Ashburn","st":"VA","mkt":"Ashburn","s":"Active","raw":"Active","p":"census"},"geometry":{"type":"Point","coordinates":[-77.45784,39.01429]}},{"type":"Feature","properties":{"id":"feeb9ce1c1","n":"GI Property Management - IAD15","o":"GI Property Management","city":"Ashburn","st":"VA","mkt":"Ashburn","s":"Active","raw":"Active","p":"census"},"geometry":{"type":"Point","coordinates":[-77.48389,39.00332]}},{"type":"Feature","properties":{"id":"37298ec438","n":"Google Loudoun County Campus","o":"Google","city":"Leesburg","st":"VA","mkt":"Ashburn","s":"Active","raw":"Active","p":"city"},"geometry":{"type":"Point","coordinates":[-77.56456,39.11545]}},{"type":"Feature","properties":{"id":"aa2d7203bb","n":"Gulick Mill Campus","o":"Unknown Company","city":"Leesburg","st":"VA","mkt":"Ashburn","s":"Active","raw":"Active","p":"census"},"geometry":{"type":"Point","coordinates":[-77.55587,39.03462]}},{"type":"Feature","properties":{"id":"09a001bc10","n":"H5 Data Centers - Ashburn","o":"H5 Data Centers","city":"Ashburn","st":"VA","mkt":"Ashburn","s":"Active","raw":"Active","p":"census"},"geometry":{"type":"Point","coordinates":[-77.45514,39.0154]}},{"type":"Feature","properties":{"id":"ebc5ed058d","n":"JK Land Holdings - 19886 Ashburn Rd","o":"JK Land Holdings","city":"Ashburn","st":"VA","mkt":"Ashburn","s":"Active","raw":"Active","p":"census"},"geometry":{"type":"Point","coordinates":[-77.4808,39.06572]}},{"type":"Feature","properties":{"id":"c7d6189844","n":"JK Land Holdings - Cross Mill Center","o":"JK Land Holdings","city":"Leesburg","st":"VA","mkt":"Ashburn","s":"Active","raw":"Active","p":"city"},"geometry":{"type":"Point","coordinates":[-77.56456,39.11545]}},{"type":"Feature","properties":{"id":"3fed800f20","n":"JK Land Holdings - Greenlin Park","o":"JK Land Holdings","city":"Leesburg","st":"VA","mkt":"Ashburn","s":"Active","raw":"Active","p":"city"},"geometry":{"type":"Point","coordinates":[-77.56456,39.11545]}},{"type":"Feature","properties":{"id":"ae55e60439","n":"LightEdge - Ashburn","o":"LightEdge","city":"Ashburn","st":"VA","mkt":"Ashburn","s":"Active","raw":"Active","p":"census"},"geometry":{"type":"Point","coordinates":[-77.45784,39.01429]}},{"type":"Feature","properties":{"id":"0c38e413a6","n":"Lumen - Ashburn","o":"Lumen","city":"Ashburn","st":"VA","mkt":"Ashburn","s":"Active","raw":"Active","p":"census"},"geometry":{"type":"Point","coordinates":[-77.45661,39.02275]}},{"type":"Feature","properties":{"id":"7e35b9ed12","n":"Menlo Digital - 43790 Devin Shafron Dr","o":"Menlo Digital","city":"Ashburn","st":"VA","mkt":"Ashburn","s":"Active","raw":"Active","p":"census"},"geometry":{"type":"Point","coordinates":[-77.48597,39.00389]}},{"type":"Feature","properties":{"id":"5d57c48ead","n":"Microsoft - 41700 Inclusion Ln Campus","o":"Microsoft","city":"Leesburg","st":"VA","mkt":"Ashburn","s":"Active","raw":"Active","p":"city"},"geometry":{"type":"Point","coordinates":[-77.56456,39.11545]}},{"type":"Feature","properties":{"id":"665fd5d979","n":"Microsoft - 41720 Inclusion Ln","o":"Microsoft","city":"Leesburg","st":"VA","mkt":"Ashburn","s":"Active","raw":"Active","p":"osm"},"geometry":{"type":"Point","coordinates":[-77.55944,39.06972]}},{"type":"Feature","properties":{"id":"546576c47d","n":"Microsoft - 41730 Inclusion Ln","o":"Microsoft","city":"Leesburg","st":"VA","mkt":"Ashburn","s":"Active","raw":"Active","p":"osm"},"geometry":{"type":"Point","coordinates":[-77.56077,39.0697]}},{"type":"Feature","properties":{"id":"aa09215744","n":"Microsoft - Compass Creek Campus","o":"Microsoft","city":"Leesburg","st":"VA","mkt":"Ashburn","s":"Active","raw":"Active","p":"city"},"geometry":{"type":"Point","coordinates":[-77.56456,39.11545]}},{"type":"Feature","properties":{"id":"8c2ebb552c","n":"NTT DATA - Ashburn VA9","o":"NTT DATA, Inc.","city":"Ashburn","st":"VA","mkt":"Ashburn","s":"Active","raw":"Active","p":"city"},"geometry":{"type":"Point","coordinates":[-77.48749,39.04372]}},{"type":"Feature","properties":{"id":"9c62785e46","n":"NTT DATA GDC - Ashburn VA1","o":"NTT DATA, Inc.","city":"Ashburn","st":"VA","mkt":"Ashburn","s":"Active","raw":"Active","p":"census"},"geometry":{"type":"Point","coordinates":[-77.4559,39.02191]}},{"type":"Feature","properties":{"id":"9ebe9e2464","n":"NTT DATA GDC - Ashburn VA2","o":"NTT DATA, Inc.","city":"Ashburn","st":"VA","mkt":"Ashburn","s":"Active","raw":"Active","p":"census"},"geometry":{"type":"Point","coordinates":[-77.45704,39.02338]}},{"type":"Feature","properties":{"id":"4c05522863","n":"NTT DATA GDC - Ashburn VA6","o":"NTT DATA, Inc.","city":"Ashburn","st":"VA","mkt":"Ashburn","s":"Active","raw":"Active","p":"osm"},"geometry":{"type":"Point","coordinates":[-77.47324,39.01704]}},{"type":"Feature","properties":{"id":"d2cf87c7f4","n":"NTT DATA GDC - Ashburn VA7","o":"NTT DATA, Inc.","city":"Ashburn","st":"VA","mkt":"Ashburn","s":"Active","raw":"Active","p":"osm"},"geometry":{"type":"Point","coordinates":[-77.47195,39.01601]}},{"type":"Feature","properties":{"id":"28d4601801","n":"NTT DATA GDC - Ashburn VA8","o":"NTT DATA, Inc.","city":"Ashburn","st":"VA","mkt":"Ashburn","s":"Active","raw":"Active","p":"osm"},"geometry":{"type":"Point","coordinates":[-77.47567,39.01879]}},{"type":"Feature","properties":{"id":"2756f2d204","n":"NTT DATA GDC - Megawatt Dr Campus","o":"NTT DATA, Inc.","city":"Ashburn","st":"VA","mkt":"Ashburn","s":"Active","raw":"Active","p":"osm"},"geometry":{"type":"Point","coordinates":[-77.47256,39.01998]}},{"type":"Feature","properties":{"id":"43db698bc1","n":"Peterson Companies - Leesburg Gateway Campus","o":"Peterson Companies","city":"Leesburg","st":"VA","mkt":"Ashburn","s":"Active","raw":"Active","p":"city"},"geometry":{"type":"Point","coordinates":[-77.56456,39.11545]}},{"type":"Feature","properties":{"id":"a8d23b8af3","n":"PointOne - Remington Technology Park","o":"PointOne","city":"Remington","st":"VA","mkt":"Ashburn","s":"Active","raw":"Active","p":"city"},"geometry":{"type":"Point","coordinates":[-77.80841,38.53335]}},{"type":"Feature","properties":{"id":"0811aee3f7","n":"PowerHouse Data Centers - Quantum Connect","o":"PowerHouse Data Centers","city":"Ashburn","st":"VA","mkt":"Ashburn","s":"Active","raw":"Active","p":"census"},"geometry":{"type":"Point","coordinates":[-77.4712,39.00813]}},{"type":"Feature","properties":{"id":"ae87c4a55e","n":"QTS Ashburn 3 Campus","o":"QTS Data Centers","city":"Ashburn","st":"VA","mkt":"Ashburn","s":"Active","raw":"Active","p":"census"},"geometry":{"type":"Point","coordinates":[-77.47716,39.00183]}},{"type":"Feature","properties":{"id":"05534e34f0","n":"Rackspace Hosting - Ashburn","o":"Rackspace Hosting","city":"Ashburn","st":"VA","mkt":"Ashburn","s":"Active","raw":"Active","p":"census"},"geometry":{"type":"Point","coordinates":[-77.46188,39.02179]}},{"type":"Feature","properties":{"id":"92a2c0c698","n":"SDC Ashburn Campus","o":"Sabey Data Center Properties LLC","city":"Ashburn","st":"VA","mkt":"Ashburn","s":"Active","raw":"Active","p":"census"},"geometry":{"type":"Point","coordinates":[-77.47685,39.01553]}},{"type":"Feature","properties":{"id":"6da92ab9d2","n":"SDC Capital Partners - 42277 Cochran Mill Rd","o":"SDC Capital Partners","city":"Leesburg","st":"VA","mkt":"Ashburn","s":"Active","raw":"Active","p":"census"},"geometry":{"type":"Point","coordinates":[-77.5211,39.0746]}},{"type":"Feature","properties":{"id":"a7aaffd748","n":"STACK INFRASTRUCTURE - Loudoun County Campus","o":"STACK Infrastructure","city":"Ashburn","st":"VA","mkt":"Ashburn","s":"Active","raw":"Active","p":"city"},"geometry":{"type":"Point","coordinates":[-77.48749,39.04372]}},{"type":"Feature","properties":{"id":"0a852addfe","n":"STACK INFRASTRUCTURE - NVA01A","o":"STACK Infrastructure","city":"Sterling","st":"VA","mkt":"Ashburn","s":"Active","raw":"Active","p":"census"},"geometry":{"type":"Point","coordinates":[-77.44363,39.00514]}},{"type":"Feature","properties":{"id":"540a877f50","n":"STACK INFRASTRUCTURE - NVA06 Campus","o":"STACK Infrastructure","city":"Leesburg","st":"VA","mkt":"Ashburn","s":"Active","raw":"Active","p":"city"},"geometry":{"type":"Point","coordinates":[-77.56456,39.11545]}},{"type":"Feature","properties":{"id":"db4e6e2284","n":"STACK INFRASTRUCTURE - NVA06A","o":"STACK Infrastructure","city":"Leesburg","st":"VA","mkt":"Ashburn","s":"Active","raw":"Active","p":"census"},"geometry":{"type":"Point","coordinates":[-77.56342,39.0843]}},{"type":"Feature","properties":{"id":"8f1cfd374d","n":"Serverfarm - Northern Virginia NVA2","o":"Serverfarm","city":"Vienna","st":"VA","mkt":"Ashburn","s":"Active","raw":"Active","p":"city"},"geometry":{"type":"Point","coordinates":[-77.26518,38.90137]}},{"type":"Feature","properties":{"id":"b18d11044a","n":"Summit (formerly Deft) - Ashburn","o":"Summit Digital","city":"Ashburn","st":"VA","mkt":"Ashburn","s":"Active","raw":"Active","p":"census"},"geometry":{"type":"Point","coordinates":[-77.48532,39.00366]}},{"type":"Feature","properties":{"id":"1d96658358","n":"TA Realty - Celtic Park Drive Campus","o":"TA Realty","city":"Leesburg","st":"VA","mkt":"Ashburn","s":"Active","raw":"Active","p":"city"},"geometry":{"type":"Point","coordinates":[-77.56456,39.11545]}},{"type":"Feature","properties":{"id":"39a975b358","n":"The BlackChamber Group - Dulles 28 Technology Park","o":"The BlackChamber Group","city":"Ashburn","st":"VA","mkt":"Ashburn","s":"Active","raw":"Active","p":"city"},"geometry":{"type":"Point","coordinates":[-77.48749,39.04372]}},{"type":"Feature","properties":{"id":"e8abd36d27","n":"The BlackChamber Group - Tech Park at Brambleton","o":"The BlackChamber Group","city":"Ashburn","st":"VA","mkt":"Ashburn","s":"Active","raw":"Active","p":"census"},"geometry":{"type":"Point","coordinates":[-77.53842,38.95718]}},{"type":"Feature","properties":{"id":"414515c0b0","n":"The BlackChamber Group - Tuscarora Crossing Campus","o":"The BlackChamber Group","city":"Leesburg","st":"VA","mkt":"Ashburn","s":"Active","raw":"Active","p":"city"},"geometry":{"type":"Point","coordinates":[-77.56456,39.11545]}},{"type":"Feature","properties":{"id":"f0ae3f1b70","n":"Uniti Wholesale - Ashburn","o":"Uniti Wholesale","city":"Ashburn","st":"VA","mkt":"Ashburn","s":"Active","raw":"Active","p":"census"},"geometry":{"type":"Point","coordinates":[-77.47345,39.01383]}},{"type":"Feature","properties":{"id":"51a0f5d817","n":"Vantage Data Centers - Ashburn III Data Dr Campus","o":"Vantage Data Centers","city":"Ashburn","st":"VA","mkt":"Ashburn","s":"Active","raw":"Active","p":"city"},"geometry":{"type":"Point","coordinates":[-77.48749,39.04372]}},{"type":"Feature","properties":{"id":"4a099922fe","n":"Vantage Data Centers - VA3 - Ashburn III Campus","o":"Vantage Data Centers","city":"Ashburn","st":"VA","mkt":"Ashburn","s":"Active","raw":"Active","p":"census"},"geometry":{"type":"Point","coordinates":[-77.50702,39.07013]}},{"type":"Feature","properties":{"id":"1230f5c858","n":"Visa Inc. - Ashburn","o":"Visa Inc.","city":"Ashburn","st":"VA","mkt":"Ashburn","s":"Active","raw":"Active","p":"city"},"geometry":{"type":"Point","coordinates":[-77.48749,39.04372]}},{"type":"Feature","properties":{"id":"19fcb6ab94","n":"Amazon AWS - Devlin Tech Park","o":"Amazon AWS","city":"Bristow","st":"VA","mkt":"Bristow","s":"Active","raw":"Active","p":"census"},"geometry":{"type":"Point","coordinates":[-77.57773,38.75757]}},{"type":"Feature","properties":{"id":"e26c6467d7","n":"Amazon AWS Wellington Campus","o":"Amazon AWS","city":"Bristow","st":"VA","mkt":"Bristow","s":"Active","raw":"Active","p":"city"},"geometry":{"type":"Point","coordinates":[-77.54802,38.73116]}},{"type":"Feature","properties":{"id":"0a6172fbe7","n":"Digital Realty - VA4 (Linton Hall Rd)","o":"Digital Realty","city":"Bristow","st":"VA","mkt":"Bristow","s":"Active","raw":"Active","p":"census"},"geometry":{"type":"Point","coordinates":[-77.59629,38.77582]}},{"type":"Feature","properties":{"id":"72c76c1b31","n":"Google Prince William County Campus","o":"Google","city":"Bristow","st":"VA","mkt":"Bristow","s":"Active","raw":"Active","p":"city"},"geometry":{"type":"Point","coordinates":[-77.54802,38.73116]}},{"type":"Feature","properties":{"id":"0bde4f4dc6","n":"Hunter Trust","o":"JK Land Holdings","city":"Bristow","st":"VA","mkt":"Bristow","s":"Active","raw":"Active","p":"city"},"geometry":{"type":"Point","coordinates":[-77.54802,38.73116]}},{"type":"Feature","properties":{"id":"fc05d44676","n":"Microsoft - 8008 Devlin Rd","o":"Microsoft","city":"Bristow","st":"VA","mkt":"Bristow","s":"Active","raw":"Active","p":"census"},"geometry":{"type":"Point","coordinates":[-77.56634,38.78156]}},{"type":"Feature","properties":{"id":"da75759565","n":"STACK INFRASTRUCTURE NVA02 Campus","o":"STACK Infrastructure","city":"Bristow","st":"VA","mkt":"Bristow","s":"Active","raw":"Active","p":"city"},"geometry":{"type":"Point","coordinates":[-77.54802,38.73116]}},{"type":"Feature","properties":{"id":"d269456efb","n":"3721 Stonecroft Boulevard","o":"Starwood Digital Ventures","city":"Chantilly","st":"VA","mkt":"Chantilly","s":"Active","raw":"Active","p":"census"},"geometry":{"type":"Point","coordinates":[-77.45714,38.91356]}},{"type":"Feature","properties":{"id":"3a2fd323e6","n":"ATI DC-1","o":"ATI Solutions Inc.","city":"Chantilly","st":"VA","mkt":"Chantilly","s":"Active","raw":"Active","p":"census"},"geometry":{"type":"Point","coordinates":[-77.47668,38.90643]}},{"type":"Feature","properties":{"id":"6aed634eff","n":"Amazon AWS - 4151 Auto Park Cir","o":"Amazon AWS","city":"Chantilly","st":"VA","mkt":"Chantilly","s":"Active","raw":"Active","p":"census"},"geometry":{"type":"Point","coordinates":[-77.46164,38.90364]}},{"type":"Feature","properties":{"id":"e45f107975","n":"Amazon AWS Clubber & Prediction Campus","o":"Amazon AWS","city":"Chantilly","st":"VA","mkt":"Chantilly","s":"Active","raw":"Active","p":"city"},"geometry":{"type":"Point","coordinates":[-77.43115,38.89415]}},{"type":"Feature","properties":{"id":"9c83c483fe","n":"Amazon AWS Virginia Mallory Campus","o":"Amazon AWS","city":"Chantilly","st":"VA","mkt":"Chantilly","s":"Active","raw":"Active","p":"census"},"geometry":{"type":"Point","coordinates":[-77.44998,38.90588]}},{"type":"Feature","properties":{"id":"7fc73106c2","n":"Amazon AWS Westfax Campus","o":"Amazon AWS","city":"Chantilly","st":"VA","mkt":"Chantilly","s":"Active","raw":"Active","p":"census"},"geometry":{"type":"Point","coordinates":[-77.4553,38.89944]}},{"type":"Feature","properties":{"id":"7b8b7d24ac","n":"Chantilly Premier","o":"Unknown Company","city":"Chantilly","st":"VA","mkt":"Chantilly","s":"Active","raw":"Active","p":"city"},"geometry":{"type":"Point","coordinates":[-77.43115,38.89415]}},{"type":"Feature","properties":{"id":"e9aa301766","n":"Chantilly, VA data centers (unnamed AWS listings)","o":"(operator not confirmed)","city":"Chantilly","st":"VA","mkt":"Chantilly","s":"Active","raw":"Active","p":"city"},"geometry":{"type":"Point","coordinates":[-77.43115,38.89415]}},{"type":"Feature","properties":{"id":"137113cf5c","n":"H5 Data Centers Virginia Campus","o":"H5 Data Centers","city":"Chantilly","st":"VA","mkt":"Chantilly","s":"Active","raw":"Active","p":"city"},"geometry":{"type":"Point","coordinates":[-77.43115,38.89415]}},{"type":"Feature","properties":{"id":"bddfdfe40c","n":"IBM WDC01","o":"IBM","city":"Chantilly","st":"VA","mkt":"Chantilly","s":"Active","raw":"Active","p":"city"},"geometry":{"type":"Point","coordinates":[-77.43115,38.89415]}},{"type":"Feature","properties":{"id":"cd5562cfc3","n":"T5 Data Centers - T5@Dulles","o":"T5 Data Centers","city":"Chantilly","st":"VA","mkt":"Chantilly","s":"Active","raw":"Active","p":"census"},"geometry":{"type":"Point","coordinates":[-77.45541,38.87635]}},{"type":"Feature","properties":{"id":"b98f25b034","n":"Brightspeed Charlottesville","o":"Brightspeed","city":"Charlottesville","st":"VA","mkt":"Charlottesville","s":"Active","raw":"Active","p":"census"},"geometry":{"type":"Point","coordinates":[-78.48663,38.0307]}},{"type":"Feature","properties":{"id":"64a5faac05","n":"UVA Carruthers Data Center","o":"University of Virginia","city":"Charlottesville","st":"VA","mkt":"Charlottesville","s":"Active","raw":"Active","p":"city"},"geometry":{"type":"Point","coordinates":[-78.47668,38.02931]}},{"type":"Feature","properties":{"id":"c23a090ce7","n":"UVA Fontaine Data Center","o":"University of Virginia","city":"Charlottesville","st":"VA","mkt":"Charlottesville","s":"Active","raw":"Active","p":"city"},"geometry":{"type":"Point","coordinates":[-78.47668,38.02931]}},{"type":"Feature","properties":{"id":"5ed8db7935","n":"University of Virginia Data Center","o":"University of Virginia","city":"Charlottesville","st":"VA","mkt":"Charlottesville","s":"Active","raw":"Active","p":"census"},"geometry":{"type":"Point","coordinates":[-78.52349,38.04933]}},{"type":"Feature","properties":{"id":"18e50c28c8","n":"Amazon AWS - 20420 Germanna Hwy","o":"Amazon AWS","city":"Stevensburg","st":"VA","mkt":"Culpeper","s":"Active","raw":"Active","p":"census"},"geometry":{"type":"Point","coordinates":[-77.87848,38.44337]}},{"type":"Feature","properties":{"id":"1872950771","n":"CloudHQ CLP Campus","o":"CloudHQ","city":"Culpeper","st":"VA","mkt":"Culpeper","s":"Active","raw":"Active","p":"city"},"geometry":{"type":"Point","coordinates":[-77.99613,38.47338]}},{"type":"Feature","properties":{"id":"a7aebb1b05","n":"DataBank Culpeper Campus","o":"DataBank","city":"Culpeper","st":"VA","mkt":"Culpeper","s":"Active","raw":"Active","p":"census"},"geometry":{"type":"Point","coordinates":[-77.98206,38.44914]}},{"type":"Feature","properties":{"id":"ba44c16e55","n":"EdgeCore Culpeper Campus","o":"EdgeCore","city":"Culpeper","st":"VA","mkt":"Culpeper","s":"Active","raw":"Active","p":"census"},"geometry":{"type":"Point","coordinates":[-77.96487,38.46934]}},{"type":"Feature","properties":{"id":"f59368a29b","n":"Equinix Culpeper Campus","o":"Equinix","city":"Culpeper","st":"VA","mkt":"Culpeper","s":"Active","raw":"Active","p":"osm"},"geometry":{"type":"Point","coordinates":[-77.97802,38.45514]}},{"type":"Feature","properties":{"id":"84011a8ccd","n":"SAMX Data Center","o":"SAMX Data LLC","city":"Remington","st":"VA","mkt":"Culpeper","s":"Active","raw":"Active","p":"census"},"geometry":{"type":"Point","coordinates":[-77.79208,38.5474]}},{"type":"Feature","properties":{"id":"d3e8f9740d","n":"STACK - 15140 Keyser Road","o":"STACK Infrastructure","city":"Culpeper","st":"VA","mkt":"Culpeper","s":"Active","raw":"Active","p":"census"},"geometry":{"type":"Point","coordinates":[-77.97573,38.46807]}},{"type":"Feature","properties":{"id":"9e035de44d","n":"STACK Copper Ridge Campus","o":"STACK Infrastructure","city":"Culpeper","st":"VA","mkt":"Culpeper","s":"Active","raw":"Active","p":"census"},"geometry":{"type":"Point","coordinates":[-78.0025,38.47119]}},{"type":"Feature","properties":{"id":"55b1c52c67","n":"STACK Culpeper Technology Campus","o":"STACK Infrastructure","city":"Culpeper","st":"VA","mkt":"Culpeper","s":"Active","raw":"Active","p":"city"},"geometry":{"type":"Point","coordinates":[-77.99613,38.47338]}},{"type":"Feature","properties":{"id":"da432f4554","n":"STACK Rabbit Run Technology Park","o":"STACK Infrastructure","city":"Culpeper","st":"VA","mkt":"Culpeper","s":"Active","raw":"Active","p":"census"},"geometry":{"type":"Point","coordinates":[-77.98499,38.45171]}},{"type":"Feature","properties":{"id":"ffaf6d36d4","n":"Amazon AWS - 41992 John Mosby Hwy","o":"Amazon AWS","city":"Aldie","st":"VA","mkt":"Dulles","s":"Active","raw":"Active","p":"census"},"geometry":{"type":"Point","coordinates":[-77.57187,38.94993]}},{"type":"Feature","properties":{"id":"ae95ca7c44","n":"Amazon AWS - 42090 Reeds Farm Lane","o":"Amazon AWS","city":"Stone Ridge","st":"VA","mkt":"Dulles","s":"Active","raw":"Active","p":"city"},"geometry":{"type":"Point","coordinates":[-77.54979,38.92757]}},{"type":"Feature","properties":{"id":"e9b7fea150","n":"Amazon AWS Fadeley & Woodside Campus","o":"Amazon AWS","city":"Dulles","st":"VA","mkt":"Dulles","s":"Active","raw":"Active","p":"city"},"geometry":{"type":"Point","coordinates":[-77.44634,38.96462]}},{"type":"Feature","properties":{"id":"9d342c63ef","n":"Amazon AWS Kipper Campus","o":"Amazon AWS","city":"Dulles","st":"VA","mkt":"Dulles","s":"Active","raw":"Active","p":"city"},"geometry":{"type":"Point","coordinates":[-77.44634,38.96462]}},{"type":"Feature","properties":{"id":"cfe1a61e9e","n":"Amazon AWS Light Speed Plaza Campus","o":"Amazon AWS","city":"Dulles","st":"VA","mkt":"Dulles","s":"Active","raw":"Active","p":"city"},"geometry":{"type":"Point","coordinates":[-77.44634,38.96462]}},{"type":"Feature","properties":{"id":"f75e581401","n":"Amazon AWS Platform & Optics Plaza Campus","o":"Amazon AWS","city":"Dulles","st":"VA","mkt":"Dulles","s":"Active","raw":"Active","p":"city"},"geometry":{"type":"Point","coordinates":[-77.44634,38.96462]}},{"type":"Feature","properties":{"id":"86e3564660","n":"Amazon AWS Quail Ridge Campus","o":"Amazon AWS","city":"Aldie","st":"VA","mkt":"Dulles","s":"Active","raw":"Active","p":"census"},"geometry":{"type":"Point","coordinates":[-77.55893,38.94543]}},{"type":"Feature","properties":{"id":"4b8f15ea51","n":"Digital Realty Dulles Campus","o":"Digital Realty","city":"Dulles","st":"VA","mkt":"Dulles","s":"Active","raw":"Active","p":"city"},"geometry":{"type":"Point","coordinates":[-77.44634,38.96462]}},{"type":"Feature","properties":{"id":"4ad3ed2b2c","n":"GI Partners - 22262 Cloud Plaza","o":"GI Partners","city":"Dulles","st":"VA","mkt":"Dulles","s":"Active","raw":"Active","p":"city"},"geometry":{"type":"Point","coordinates":[-77.44634,38.96462]}},{"type":"Feature","properties":{"id":"ca67717bfd","n":"PowerHouse Arcola Campus","o":"PowerHouse Data Centers","city":"Arcola","st":"VA","mkt":"Dulles","s":"Active","raw":"Active","p":"city"},"geometry":{"type":"Point","coordinates":[-77.53393,38.95187]}},{"type":"Feature","properties":{"id":"2a1432d8fe","n":"Yondr Loudoun County Campus","o":"Yondr Group","city":"Aldie","st":"VA","mkt":"Dulles","s":"Active","raw":"Active","p":"census"},"geometry":{"type":"Point","coordinates":[-77.54825,38.95017]}},{"type":"Feature","properties":{"id":"2ef08dd312","n":"Amazon AWS Birchwood Drive Campus","o":"Amazon AWS","city":"King George","st":"VA","mkt":"Fredericksburg","s":"Active","raw":"Active","p":"census"},"geometry":{"type":"Point","coordinates":[-77.31055,38.26211]}},{"type":"Feature","properties":{"id":"75309fa864","n":"Amazon AWS Carters Store Tech Campus","o":"Amazon AWS","city":"Fredericksburg","st":"VA","mkt":"Fredericksburg","s":"Active","raw":"Active","p":"census"},"geometry":{"type":"Point","coordinates":[-77.46857,38.19105]}},{"type":"Feature","properties":{"id":"9b99eb74bc","n":"Amazon AWS Hunters Ridge Campus","o":"Amazon AWS","city":"Cosner's Corner","st":"VA","mkt":"Fredericksburg","s":"Active","raw":"Active","p":"census"},"geometry":{"type":"Point","coordinates":[-77.47419,38.2248]}},{"type":"Feature","properties":{"id":"831b440429","n":"Amazon AWS Mattameade Tech Campus","o":"Amazon AWS","city":"Thornburg","st":"VA","mkt":"Fredericksburg","s":"Active","raw":"Active","p":"city"},"geometry":{"type":"Point","coordinates":[-77.52138,38.13364]}},{"type":"Feature","properties":{"id":"aee0a6bdab","n":"Amazon AWS Potomac Church Tech Center","o":"Amazon AWS","city":"Stafford","st":"VA","mkt":"Fredericksburg","s":"Active","raw":"Active","p":"census"},"geometry":{"type":"Point","coordinates":[-77.40726,38.40962]}},{"type":"Feature","properties":{"id":"f746ee22b9","n":"CleanArc VA1 Campus","o":"CleanArc Data Centers","city":"Ruther Glen","st":"VA","mkt":"Fredericksburg","s":"Active","raw":"Active","p":"census"},"geometry":{"type":"Point","coordinates":[-77.49464,38.01385]}},{"type":"Feature","properties":{"id":"bf6a901d20","n":"Dahlgren West Campus","o":"Oasis Digital Properties","city":"King George","st":"VA","mkt":"Fredericksburg","s":"Active","raw":"Active","p":"city"},"geometry":{"type":"Point","coordinates":[-77.18051,38.26638]}},{"type":"Feature","properties":{"id":"dec56846e1","n":"Forest Lane Data Center","o":"Unknown Company","city":"Little Falls","st":"VA","mkt":"Fredericksburg","s":"Active","raw":"Active","p":"census"},"geometry":{"type":"Point","coordinates":[-77.41711,38.26563]}},{"type":"Feature","properties":{"id":"770a121cfe","n":"PowerHouse 95 Campus","o":"PowerHouse Data Centers","city":"Fredericksburg","st":"VA","mkt":"Fredericksburg","s":"Active","raw":"Active","p":"city"},"geometry":{"type":"Point","coordinates":[-77.45715,38.30012]}},{"type":"Feature","properties":{"id":"bf6b9fd0ed","n":"Project Sisson Campus","o":"Peterson Companies","city":"Fredericksburg","st":"VA","mkt":"Fredericksburg","s":"Planned","raw":"Planned","p":"city"},"geometry":{"type":"Point","coordinates":[-77.45715,38.30012]}},{"type":"Feature","properties":{"id":"b536019be2","n":"STACK Infrastructure Fredericksburg","o":"STACK Infrastructure","city":"Fredericksburg","st":"VA","mkt":"Fredericksburg","s":"Active","raw":"Active","p":"city"},"geometry":{"type":"Point","coordinates":[-77.45715,38.30012]}},{"type":"Feature","properties":{"id":"4eea2515b2","n":"Stafford Technology Campus","o":"STACK Infrastructure","city":"Stafford","st":"VA","mkt":"Fredericksburg","s":"Building","raw":"Under Construction","p":"city"},"geometry":{"type":"Point","coordinates":[-77.40841,38.42227]}},{"type":"Feature","properties":{"id":"4679662280","n":"Vantage VA4 - Fredericksburg","o":"Vantage Data Centers","city":"Fredericksburg","st":"VA","mkt":"Fredericksburg","s":"Active","raw":"Active","p":"city"},"geometry":{"type":"Point","coordinates":[-77.45715,38.30012]}},{"type":"Feature","properties":{"id":"78ed7308db","n":"Amazon AWS - 719 Blackwell Road","o":"Amazon AWS","city":"Gainesville","st":"VA","mkt":"Gainesville","s":"Active","raw":"Active","p":"city"},"geometry":{"type":"Point","coordinates":[-77.6126,38.79609]}},{"type":"Feature","properties":{"id":"1980e2d498","n":"Corscale Gainesville Crossing","o":"Corscale","city":"Gainesville","st":"VA","mkt":"Gainesville","s":"Building","raw":"Under Construction","p":"city","np":1},"geometry":{"type":"Point","coordinates":[-77.6126,38.79609]}},{"type":"Feature","properties":{"id":"7283ec8ea2","n":"Gainesville, VA data centers (unnamed listings)","o":"(operator not confirmed)","city":"Gainesville","st":"VA","mkt":"Gainesville","s":"Active","raw":"Active","p":"city","np":1},"geometry":{"type":"Point","coordinates":[-77.6126,38.79609]}},{"type":"Feature","properties":{"id":"8d6094edfd","n":"John Marshall Commons Tech Park","o":"John Marshall Commons","city":"Gainesville","st":"VA","mkt":"Gainesville","s":"Planned","raw":"Planned","p":"city","np":1},"geometry":{"type":"Point","coordinates":[-77.6126,38.79609]}},{"type":"Feature","properties":{"id":"1787c5a0dc","n":"Microsoft - 13490 University Blvd","o":"Microsoft","city":"Gainesville","st":"VA","mkt":"Gainesville","s":"Active","raw":"Active","p":"census"},"geometry":{"type":"Point","coordinates":[-77.58916,38.7942]}},{"type":"Feature","properties":{"id":"914aab0eb5","n":"NTT Gainesville Campus","o":"NTT DATA, Inc.","city":"Gainesville","st":"VA","mkt":"Gainesville","s":"Active","raw":"Active","p":"city","np":1},"geometry":{"type":"Point","coordinates":[-77.6126,38.79609]}},{"type":"Feature","properties":{"id":"c79575cebc","n":"Cyber Integration Center","o":"GI Partners","city":"Harrisonburg","st":"VA","mkt":"Harrisonburg","s":"Active","raw":"Active","p":"census"},"geometry":{"type":"Point","coordinates":[-78.85497,38.46074]}},{"type":"Feature","properties":{"id":"99255eeb5b","n":"Project Tallmadge Campus","o":"Takanock, LLC","city":"Strasburg","st":"VA","mkt":"Harrisonburg","s":"Active","raw":"Active","p":"city"},"geometry":{"type":"Point","coordinates":[-78.36228,38.98873]}},{"type":"Feature","properties":{"id":"dae8554ca6","n":"QTS Harrisonburg","o":"QTS Data Centers","city":"Harrisonburg","st":"VA","mkt":"Harrisonburg","s":"Active","raw":"Active","p":"census"},"geometry":{"type":"Point","coordinates":[-78.85497,38.46074]}},{"type":"Feature","properties":{"id":"bc47d38934","n":"365 Data Centers - Herndon","o":"365 Data Centers","city":"Herndon","st":"VA","mkt":"Herndon","s":"Active","raw":"Active","p":"census"},"geometry":{"type":"Point","coordinates":[-77.42652,38.93315]}},{"type":"Feature","properties":{"id":"2e74f2f0fc","n":"Amazon AWS EDS Campus","o":"Amazon AWS","city":"Herndon","st":"VA","mkt":"Herndon","s":"Active","raw":"Active","p":"census"},"geometry":{"type":"Point","coordinates":[-77.42619,38.92557]}},{"type":"Feature","properties":{"id":"170da7afe9","n":"Amazon AWS Renaissance Park Campus","o":"Amazon AWS","city":"Herndon","st":"VA","mkt":"Herndon","s":"Active","raw":"Active","p":"census"},"geometry":{"type":"Point","coordinates":[-77.42438,38.93408]}},{"type":"Feature","properties":{"id":"1152228a46","n":"Aptum Herndon","o":"Aptum","city":"Herndon","st":"VA","mkt":"Herndon","s":"Active","raw":"Active","p":"census"},"geometry":{"type":"Point","coordinates":[-77.39593,38.95075]}},{"type":"Feature","properties":{"id":"29820ea256","n":"H5 Data Centers Herndon","o":"H5 Data Centers","city":"Herndon","st":"VA","mkt":"Herndon","s":"Active","raw":"Active","p":"census"},"geometry":{"type":"Point","coordinates":[-77.3778,38.96262]}},{"type":"Feature","properties":{"id":"b67ada1880","n":"Lumen Herndon 2","o":"Lumen","city":"Herndon","st":"VA","mkt":"Herndon","s":"Active","raw":"Active","p":"census"},"geometry":{"type":"Point","coordinates":[-77.38289,38.9648]}},{"type":"Feature","properties":{"id":"899754c732","n":"Lumen Herndon 3","o":"Lumen","city":"Herndon","st":"VA","mkt":"Herndon","s":"Active","raw":"Active","p":"census"},"geometry":{"type":"Point","coordinates":[-77.38288,38.96496]}},{"type":"Feature","properties":{"id":"9d015b88be","n":"Menlo Digital MD-DC1 (Herndon)","o":"Menlo Digital","city":"Herndon","st":"VA","mkt":"Herndon","s":"Active","raw":"Active","p":"census"},"geometry":{"type":"Point","coordinates":[-77.42365,38.92806]}},{"type":"Feature","properties":{"id":"90c8fa3429","n":"RAP Data Center","o":"Rockbridge Area Network Authority","city":"Lexington","st":"VA","mkt":"Lexington","s":"Active","raw":"Active","p":"census"},"geometry":{"type":"Point","coordinates":[-79.44396,37.78318]}},{"type":"Feature","properties":{"id":"f3ac2c3cd9","n":"Amazon - Dumfries Road & Colchester Park","o":"Amazon AWS","city":"Manassas","st":"VA","mkt":"Manassas","s":"Active","raw":"Active","p":"city"},"geometry":{"type":"Point","coordinates":[-77.47527,38.75095]}},{"type":"Feature","properties":{"id":"ff5ee65349","n":"Amazon AWS - 6894-6922 Wellington Rd / 8019 Devlin Rd","o":"Amazon AWS","city":"Manassas","st":"VA","mkt":"Manassas","s":"Active","raw":"Active","p":"census"},"geometry":{"type":"Point","coordinates":[-77.56136,38.78205]}},{"type":"Feature","properties":{"id":"0a0e4ec9b3","n":"Amazon AWS - 8158 Sudley Road","o":"Amazon AWS","city":"Manassas","st":"VA","mkt":"Manassas","s":"Active","raw":"Active","p":"census"},"geometry":{"type":"Point","coordinates":[-77.50706,38.77758]}},{"type":"Feature","properties":{"id":"5b92766d04","n":"Amazon AWS Bethlehem Road Campus","o":"Amazon AWS","city":"Manassas","st":"VA","mkt":"Manassas","s":"Active","raw":"Active","p":"census"},"geometry":{"type":"Point","coordinates":[-77.53496,38.79244]}},{"type":"Feature","properties":{"id":"75a963be3a","n":"Amazon AWS Brewers Spring Road Campus","o":"Amazon AWS","city":"Manassas","st":"VA","mkt":"Manassas","s":"Active","raw":"Active","p":"census"},"geometry":{"type":"Point","coordinates":[-77.54673,38.79055]}},{"type":"Feature","properties":{"id":"ae93294b13","n":"Amazon AWS Century Park Drive Campus","o":"Amazon AWS","city":"Manassas","st":"VA","mkt":"Manassas","s":"Active","raw":"Active","p":"city"},"geometry":{"type":"Point","coordinates":[-77.47527,38.75095]}},{"type":"Feature","properties":{"id":"aeceefdf06","n":"Amazon AWS Doane Campus","o":"Amazon AWS","city":"Manassas","st":"VA","mkt":"Manassas","s":"Active","raw":"Active","p":"city"},"geometry":{"type":"Point","coordinates":[-77.47527,38.75095]}},{"type":"Feature","properties":{"id":"606eccc35c","n":"Amazon AWS Dumfries Road Campus","o":"Amazon AWS","city":"Manassas","st":"VA","mkt":"Manassas","s":"Active","raw":"Active","p":"census"},"geometry":{"type":"Point","coordinates":[-77.44395,38.64671]}},{"type":"Feature","properties":{"id":"ef678136c8","n":"Amazon AWS Freedom Center Blvd Campus","o":"Amazon AWS","city":"Manassas","st":"VA","mkt":"Manassas","s":"Active","raw":"Active","p":"census"},"geometry":{"type":"Point","coordinates":[-77.51719,38.75983]}},{"type":"Feature","properties":{"id":"6528a24fb2","n":"Amazon AWS Innovation Drive Campus","o":"Amazon AWS","city":"Manassas","st":"VA","mkt":"Manassas","s":"Active","raw":"Active","p":"city"},"geometry":{"type":"Point","coordinates":[-77.47527,38.75095]}},{"type":"Feature","properties":{"id":"c72bbdc84f","n":"Amazon AWS Mason King Court Campus","o":"Amazon AWS","city":"Manassas","st":"VA","mkt":"Manassas","s":"Active","raw":"Active","p":"census"},"geometry":{"type":"Point","coordinates":[-77.53955,38.79144]}},{"type":"Feature","properties":{"id":"b485402584","n":"Amazon AWS Tanner Way Campus","o":"Amazon AWS","city":"Manassas","st":"VA","mkt":"Manassas","s":"Active","raw":"Active","p":"city"},"geometry":{"type":"Point","coordinates":[-77.47527,38.75095]}},{"type":"Feature","properties":{"id":"5091967823","n":"Amazon AWS Thomasson Barn Road Campus","o":"Amazon AWS","city":"Manassas","st":"VA","mkt":"Manassas","s":"Active","raw":"Active","p":"city"},"geometry":{"type":"Point","coordinates":[-77.47527,38.75095]}},{"type":"Feature","properties":{"id":"768d451d7b","n":"Amazon AWS Vulcan Lane Campus","o":"Amazon AWS","city":"Manassas","st":"VA","mkt":"Manassas","s":"Active","raw":"Active","p":"city"},"geometry":{"type":"Point","coordinates":[-77.47527,38.75095]}},{"type":"Feature","properties":{"id":"e3cff44e68","n":"Amazon AWS Wellington Glen Tech Park","o":"Amazon AWS","city":"Manassas","st":"VA","mkt":"Manassas","s":"Active","raw":"Active","p":"city"},"geometry":{"type":"Point","coordinates":[-77.47527,38.75095]}},{"type":"Feature","properties":{"id":"3aeb79aae4","n":"Amazon AWS Wellington Road Campus (Manassas)","o":"Amazon AWS","city":"Manassas","st":"VA","mkt":"Manassas","s":"Active","raw":"Active","p":"census"},"geometry":{"type":"Point","coordinates":[-77.5571,38.78004]}},{"type":"Feature","properties":{"id":"55ea440ccb","n":"COPT DC-19","o":"COPT Defense Properties","city":"Manassas","st":"VA","mkt":"Manassas","s":"Active","raw":"Active","p":"census"},"geometry":{"type":"Point","coordinates":[-77.53584,38.77867]}},{"type":"Feature","properties":{"id":"652a16121d","n":"CloudHQ - Cloud Capital (9651 Hornbaker)","o":"CloudHQ","city":"Manassas","st":"VA","mkt":"Manassas","s":"Active","raw":"Active","p":"census"},"geometry":{"type":"Point","coordinates":[-77.53356,38.74636]}},{"type":"Feature","properties":{"id":"0e9896451c","n":"CloudHQ MCC3","o":"CloudHQ","city":"Manassas","st":"VA","mkt":"Manassas","s":"Active","raw":"Active","p":"city"},"geometry":{"type":"Point","coordinates":[-77.47527,38.75095]}},{"type":"Feature","properties":{"id":"91c2398454","n":"CloudHQ MCC4","o":"CloudHQ","city":"Manassas","st":"VA","mkt":"Manassas","s":"Active","raw":"Active","p":"city"},"geometry":{"type":"Point","coordinates":[-77.47527,38.75095]}},{"type":"Feature","properties":{"id":"9b8deec6ea","n":"CloudHQ MCC5","o":"CloudHQ","city":"Manassas","st":"VA","mkt":"Manassas","s":"Active","raw":"Active","p":"city"},"geometry":{"type":"Point","coordinates":[-77.47527,38.75095]}},{"type":"Feature","properties":{"id":"7e27a28e68","n":"CloudHQ MCC6A","o":"CloudHQ","city":"Manassas","st":"VA","mkt":"Manassas","s":"Active","raw":"Active","p":"city"},"geometry":{"type":"Point","coordinates":[-77.47527,38.75095]}},{"type":"Feature","properties":{"id":"5e329d9f87","n":"CloudHQ MCC6Z/MCC7","o":"CloudHQ","city":"Manassas","st":"VA","mkt":"Manassas","s":"Active","raw":"Active","p":"census"},"geometry":{"type":"Point","coordinates":[-77.50081,38.72252]}},{"type":"Feature","properties":{"id":"035a8d936c","n":"CloudHQ MDC Campus","o":"CloudHQ","city":"Manassas","st":"VA","mkt":"Manassas","s":"Active","raw":"Active","p":"census"},"geometry":{"type":"Point","coordinates":[-77.5019,38.7241]}},{"type":"Feature","properties":{"id":"bc35161fae","n":"Digital Realty - IAD50","o":"Digital Realty","city":"Manassas","st":"VA","mkt":"Manassas","s":"Active","raw":"Active","p":"city"},"geometry":{"type":"Point","coordinates":[-77.47527,38.75095]}},{"type":"Feature","properties":{"id":"a04886b2a7","n":"Digital Realty - IAD51","o":"Digital Realty","city":"Manassas","st":"VA","mkt":"Manassas","s":"Active","raw":"Active","p":"city"},"geometry":{"type":"Point","coordinates":[-77.47527,38.75095]}},{"type":"Feature","properties":{"id":"22732689c3","n":"Digital Realty - IAD53","o":"Digital Realty","city":"Manassas","st":"VA","mkt":"Manassas","s":"Active","raw":"Active","p":"census"},"geometry":{"type":"Point","coordinates":[-77.50677,38.74068]}},{"type":"Feature","properties":{"id":"ae070c3b9b","n":"Equinix - DC14","o":"Equinix","city":"Manassas","st":"VA","mkt":"Manassas","s":"Active","raw":"Active","p":"census"},"geometry":{"type":"Point","coordinates":[-77.5144,38.80373]}},{"type":"Feature","properties":{"id":"af15686964","n":"EvoSwitch Manassas (WDC1)","o":"EvoSwitch","city":"Manassas","st":"VA","mkt":"Manassas","s":"Active","raw":"Active","p":"census"},"geometry":{"type":"Point","coordinates":[-77.53356,38.74636]}},{"type":"Feature","properties":{"id":"d558ea6a14","n":"Iron Mountain Data Centers Manassas Point","o":"Iron Mountain Data Centers","city":"Manassas","st":"VA","mkt":"Manassas","s":"Active","raw":"Active","p":"census"},"geometry":{"type":"Point","coordinates":[-77.53376,38.78667]}},{"type":"Feature","properties":{"id":"9361bf891f","n":"Iron Mountain Data Centers VA-6","o":"Iron Mountain Data Centers","city":"Manassas","st":"VA","mkt":"Manassas","s":"Active","raw":"Active","p":"city"},"geometry":{"type":"Point","coordinates":[-77.47527,38.75095]}},{"type":"Feature","properties":{"id":"2bd14ae048","n":"Iron Mountain Data Centers VA-7","o":"Iron Mountain Data Centers","city":"Manassas","st":"VA","mkt":"Manassas","s":"Active","raw":"Active","p":"census"},"geometry":{"type":"Point","coordinates":[-77.53694,38.77506]}},{"type":"Feature","properties":{"id":"cdd9f7da1b","n":"Iron Mountain Virginia Campus (Hayden Rd)","o":"Iron Mountain Data Centers","city":"Manassas","st":"VA","mkt":"Manassas","s":"Active","raw":"Active","p":"census"},"geometry":{"type":"Point","coordinates":[-77.54432,38.77364]}},{"type":"Feature","properties":{"id":"5f95f98dec","n":"Microsoft Balls Ford Road Campus","o":"Microsoft","city":"Manassas","st":"VA","mkt":"Manassas","s":"Active","raw":"Active","p":"census"},"geometry":{"type":"Point","coordinates":[-77.53279,38.79631]}},{"type":"Feature","properties":{"id":"2e4c8c8b4a","n":"Microsoft Hansen Farm","o":"Microsoft","city":"Manassas","st":"VA","mkt":"Manassas","s":"Active","raw":"Active","p":"city"},"geometry":{"type":"Point","coordinates":[-77.47527,38.75095]}},{"type":"Feature","properties":{"id":"4a10b1d8d6","n":"OVHcloud VIN1","o":"OVH","city":"Warrenton","st":"VA","mkt":"Manassas","s":"Active","raw":"Active","p":"census"},"geometry":{"type":"Point","coordinates":[-77.67503,38.74663]}},{"type":"Feature","properties":{"id":"88faac968e","n":"QTS Manassas Campus (Godwin Dr)","o":"QTS Data Centers","city":"Manassas","st":"VA","mkt":"Manassas","s":"Active","raw":"Active","p":"city"},"geometry":{"type":"Point","coordinates":[-77.47527,38.75095]}},{"type":"Feature","properties":{"id":"1322df03c0","n":"QTS Manassas DC2","o":"QTS Data Centers","city":"Manassas","st":"VA","mkt":"Manassas","s":"Active","raw":"Active","p":"city"},"geometry":{"type":"Point","coordinates":[-77.47527,38.75095]}},{"type":"Feature","properties":{"id":"b7bf9605ea","n":"QTS Manassas DC5","o":"QTS Data Centers","city":"Manassas","st":"VA","mkt":"Manassas","s":"Active","raw":"Active","p":"census"},"geometry":{"type":"Point","coordinates":[-77.51917,38.75666]}},{"type":"Feature","properties":{"id":"af7c58e60a","n":"STACK - NVA02F","o":"STACK Infrastructure","city":"Manassas","st":"VA","mkt":"Manassas","s":"Active","raw":"Active","p":"census"},"geometry":{"type":"Point","coordinates":[-77.53586,38.74965]}},{"type":"Feature","properties":{"id":"fa6c3a24d9","n":"STACK - NVA02G","o":"STACK Infrastructure","city":"Manassas","st":"VA","mkt":"Manassas","s":"Active","raw":"Active","p":"census"},"geometry":{"type":"Point","coordinates":[-77.53583,38.74999]}},{"type":"Feature","properties":{"id":"215c855678","n":"STACK NVA05A/B Campus","o":"STACK Infrastructure","city":"Manassas","st":"VA","mkt":"Manassas","s":"Active","raw":"Active","p":"census"},"geometry":{"type":"Point","coordinates":[-77.51771,38.75881]}},{"type":"Feature","properties":{"id":"7652bb45fd","n":"STACK NVA05C/D Campus","o":"STACK Infrastructure","city":"Manassas","st":"VA","mkt":"Manassas","s":"Active","raw":"Active","p":"census"},"geometry":{"type":"Point","coordinates":[-77.51832,38.76429]}},{"type":"Feature","properties":{"id":"f46c92f74b","n":"VAZATA NoVA I","o":"VAZATA","city":"Manassas","st":"VA","mkt":"Manassas","s":"Active","raw":"Active","p":"census"},"geometry":{"type":"Point","coordinates":[-77.53356,38.74636]}},{"type":"Feature","properties":{"id":"8ce5e0ad19","n":"Verizon Manassas","o":"Verizon Communications Inc.","city":"Manassas","st":"VA","mkt":"Manassas","s":"Active","raw":"Active","p":"census"},"geometry":{"type":"Point","coordinates":[-77.51092,38.80394]}},{"type":"Feature","properties":{"id":"515bc1e757","n":"Middletown Data Center","o":"MDC (Middletown Data Center)","city":"Middletown","st":"VA","mkt":"Middletown","s":"Active","raw":"Active","p":"census"},"geometry":{"type":"Point","coordinates":[-78.2907,39.02036]}},{"type":"Feature","properties":{"id":"1fab2013ce","n":"Jefferson Lab Data Center","o":"Jefferson Lab","city":"Newport News","st":"VA","mkt":"Newport News","s":"Active","raw":"Active","p":"city"},"geometry":{"type":"Point","coordinates":[-76.42977,36.9775]}},{"type":"Feature","properties":{"id":"23164cec85","n":"EdgeConneX Norfolk - EDCNOR01","o":"EdgeConneX","city":"Norfolk","st":"VA","mkt":"Norfolk","s":"Active","raw":"Active","p":"census"},"geometry":{"type":"Point","coordinates":[-76.23644,36.86086]}},{"type":"Feature","properties":{"id":"a6fa84e041","n":"Globalinx Portsmouth","o":"Globalinx","city":"Portsmouth","st":"VA","mkt":"Norfolk","s":"Active","raw":"Active","p":"census"},"geometry":{"type":"Point","coordinates":[-76.299,36.82533]}},{"type":"Feature","properties":{"id":"f463efc1a1","n":"Globalinx Virginia Beach","o":"Globalinx","city":"Virginia Beach","st":"VA","mkt":"Norfolk","s":"Active","raw":"Active","p":"census"},"geometry":{"type":"Point","coordinates":[-76.009,36.78469]}},{"type":"Feature","properties":{"id":"68af06c79e","n":"NAP of Virginia Beach","o":"PointOne","city":"Virginia Beach","st":"VA","mkt":"Norfolk","s":"Active","raw":"Active","p":"census"},"geometry":{"type":"Point","coordinates":[-76.00842,36.77726]}},{"type":"Feature","properties":{"id":"628879f53f","n":"NetTek Data Center","o":"NetTek, LLC","city":"Norfolk","st":"VA","mkt":"Norfolk","s":"Active","raw":"Active","p":"census"},"geometry":{"type":"Point","coordinates":[-76.21572,36.8783]}},{"type":"Feature","properties":{"id":"a0f46ce1d1","n":"Solutrix Norfolk Square","o":"Solutrix, LLC","city":"Norfolk","st":"VA","mkt":"Norfolk","s":"Active","raw":"Active","p":"city"},"geometry":{"type":"Point","coordinates":[-76.28995,36.84937]}},{"type":"Feature","properties":{"id":"78d0277314","n":"Telxius Virginia Beach CLS","o":"Telxius","city":"Virginia Beach","st":"VA","mkt":"Norfolk","s":"Active","raw":"Active","p":"census"},"geometry":{"type":"Point","coordinates":[-76.00803,36.77724]}},{"type":"Feature","properties":{"id":"024ee54bb4","n":"CoreSite Reston Campus","o":"CoreSite","city":"Reston","st":"VA","mkt":"Reston","s":"Active","raw":"Active","p":"census"},"geometry":{"type":"Point","coordinates":[-77.36462,38.94901]}},{"type":"Feature","properties":{"id":"54cc6eb07e","n":"Digital Realty - VA3 (Business Center Dr)","o":"Digital Realty","city":"Reston","st":"VA","mkt":"Reston","s":"Active","raw":"Active","p":"census"},"geometry":{"type":"Point","coordinates":[-77.32607,38.94921]}},{"type":"Feature","properties":{"id":"80ade32e94","n":"Evocative IAD1","o":"Evocative Data Centers","city":"Reston","st":"VA","mkt":"Reston","s":"Active","raw":"Active","p":"census"},"geometry":{"type":"Point","coordinates":[-77.33223,38.95005]}},{"type":"Feature","properties":{"id":"a1fedaa761","n":"Flex Data Center Reston","o":"Flex Data Center, LLC","city":"Reston","st":"VA","mkt":"Reston","s":"Active","raw":"Active","p":"census"},"geometry":{"type":"Point","coordinates":[-77.34569,38.95244]}},{"type":"Feature","properties":{"id":"d589e7f8ab","n":"701 S 6th Ave","o":"Volterra Advisors","city":"Hopewell","st":"VA","mkt":"Richmond","s":"Active","raw":"Active","p":"census"},"geometry":{"type":"Point","coordinates":[-77.29014,37.29597]}},{"type":"Feature","properties":{"id":"1311f19693","n":"AVAIO Appomattox","o":"AVAIO Digital","city":"Appomattox","st":"VA","mkt":"Richmond","s":"Active","raw":"Active","p":"city"},"geometry":{"type":"Point","coordinates":[-78.82727,37.35355]}},{"type":"Feature","properties":{"id":"67078c0e99","n":"AVAIO Ladysmith Campus","o":"AVAIO Digital","city":"Ladysmith","st":"VA","mkt":"Richmond","s":"Active","raw":"Active","p":"city"},"geometry":{"type":"Point","coordinates":[-77.51526,38.01764]}},{"type":"Feature","properties":{"id":"ba6d9ea781","n":"Amazon AWS Cosner Tech Campus","o":"Amazon AWS","city":"Carters Store","st":"VA","mkt":"Richmond","s":"Active","raw":"Active","p":"census"},"geometry":{"type":"Point","coordinates":[-77.47424,38.19832]}},{"type":"Feature","properties":{"id":"b4c9fabb61","n":"Amazon AWS Desper Creek Technology Campus","o":"Amazon AWS","city":"Louisa","st":"VA","mkt":"Richmond","s":"Active","raw":"Active","p":"city"},"geometry":{"type":"Point","coordinates":[-78.00357,38.02504]}},{"type":"Feature","properties":{"id":"2eb8deb332","n":"Amazon AWS IAD Mattermeade Campus","o":"Amazon AWS","city":"Woodford","st":"VA","mkt":"Richmond","s":"Active","raw":"Active","p":"city"},"geometry":{"type":"Point","coordinates":[-77.40887,38.11319]}},{"type":"Feature","properties":{"id":"97abbb2ca7","n":"Amazon AWS Lake Anna Tech Campus","o":"Amazon AWS","city":"Mineral","st":"VA","mkt":"Richmond","s":"Active","raw":"Active","p":"census"},"geometry":{"type":"Point","coordinates":[-77.81682,38.04764]}},{"type":"Feature","properties":{"id":"3bcbca1c3c","n":"Amazon AWS Northeast Creek Technology Campus","o":"Amazon AWS","city":"Louisa","st":"VA","mkt":"Richmond","s":"Active","raw":"Active","p":"city"},"geometry":{"type":"Point","coordinates":[-78.00357,38.02504]}},{"type":"Feature","properties":{"id":"49c54b3fb4","n":"CTSI Data Center","o":"Commonwealth Technical Services, Inc.","city":"Richmond","st":"VA","mkt":"Richmond","s":"Active","raw":"Active","p":"census"},"geometry":{"type":"Point","coordinates":[-77.52135,37.39759]}},{"type":"Feature","properties":{"id":"8e76907df4","n":"Carmel Church Data Hub","o":"AVAIO Digital","city":"Ruther Glen","st":"VA","mkt":"Richmond","s":"Active","raw":"Active","p":"city"},"geometry":{"type":"Point","coordinates":[-77.46186,37.94088]}},{"type":"Feature","properties":{"id":"b9908fb446","n":"Chesterfield Technology Park","o":"Tract","city":"Colonial Heights","st":"VA","mkt":"Richmond","s":"Active","raw":"Active","p":"city"},"geometry":{"type":"Point","coordinates":[-77.4112,37.25557]}},{"type":"Feature","properties":{"id":"f4d3c8f1ce","n":"Chirisa Digital Drive Campus","o":"Chirisa","city":"Chester","st":"VA","mkt":"Richmond","s":"Active","raw":"Active","p":"city"},"geometry":{"type":"Point","coordinates":[-77.44606,37.35622]}},{"type":"Feature","properties":{"id":"580857ad53","n":"Chirisa Richmond Technology Park","o":"Chirisa","city":"Chester","st":"VA","mkt":"Richmond","s":"Active","raw":"Active","p":"census"},"geometry":{"type":"Point","coordinates":[-77.32526,37.36175]}},{"type":"Feature","properties":{"id":"f5948e83f2","n":"Cogent Data Center - Richmond","o":"Cogent Communications, Inc.","city":"Richmond","st":"VA","mkt":"Richmond","s":"Active","raw":"Active","p":"census"},"geometry":{"type":"Point","coordinates":[-77.42418,37.54208]}},{"type":"Feature","properties":{"id":"f5f942aa16","n":"DC BLOX Richmond","o":"DC BLOX Inc.","city":"Richmond","st":"VA","mkt":"Richmond","s":"Active","raw":"Active","p":"city"},"geometry":{"type":"Point","coordinates":[-77.43428,37.53851]}},{"type":"Feature","properties":{"id":"d2a6914578","n":"EdgeConneX Richmond - EDCRIC01","o":"EdgeConneX","city":"Richmond","st":"VA","mkt":"Richmond","s":"Active","raw":"Active","p":"census"},"geometry":{"type":"Point","coordinates":[-77.46821,37.63856]}},{"type":"Feature","properties":{"id":"1d112fcf72","n":"EdgeCore Louisa Campus","o":"EdgeCore","city":"Kents Store","st":"VA","mkt":"Richmond","s":"Active","raw":"Active","p":"city"},"geometry":{"type":"Point","coordinates":[-78.12889,37.87931]}},{"type":"Feature","properties":{"id":"12971ab73e","n":"Farmville Data Hub","o":"AVAIO Digital","city":"Farmville","st":"VA","mkt":"Richmond","s":"Active","raw":"Active","p":"city"},"geometry":{"type":"Point","coordinates":[-78.39238,37.30247]}},{"type":"Feature","properties":{"id":"137a0d1aa7","n":"Flexential Richmond Data Center","o":"Flexential","city":"Richmond","st":"VA","mkt":"Richmond","s":"Active","raw":"Active","p":"census"},"geometry":{"type":"Point","coordinates":[-77.44096,37.64753]}},{"type":"Feature","properties":{"id":"d20e846287","n":"Google Project Loch Campus","o":"Google","city":"Midlothian","st":"VA","mkt":"Richmond","s":"Active","raw":"Active","p":"city"},"geometry":{"type":"Point","coordinates":[-77.64927,37.50627]}},{"type":"Feature","properties":{"id":"1bf7b7de3a","n":"Google Project Peanut","o":"Google","city":"Chester","st":"VA","mkt":"Richmond","s":"Active","raw":"Active","p":"city"},"geometry":{"type":"Point","coordinates":[-77.44606,37.35622]}},{"type":"Feature","properties":{"id":"d43eeb6bc5","n":"Google Project Skye Campus","o":"Google","city":"Moseley","st":"VA","mkt":"Richmond","s":"Active","raw":"Active","p":"city"},"geometry":{"type":"Point","coordinates":[-77.77879,37.47489]}},{"type":"Feature","properties":{"id":"73523cb666","n":"Hanover Technology Park","o":"Tract","city":"Ashland","st":"VA","mkt":"Richmond","s":"Active","raw":"Active","p":"census"},"geometry":{"type":"Point","coordinates":[-77.43105,37.78854]}},{"type":"Feature","properties":{"id":"83418d197b","n":"Hunting Hawk Technology Park","o":"HHHunt Corporation","city":"Glen Allen","st":"VA","mkt":"Richmond","s":"Active","raw":"Active","p":"city"},"geometry":{"type":"Point","coordinates":[-77.50637,37.66598]}},{"type":"Feature","properties":{"id":"81dc91f474","n":"Infotel VoIP Data Center","o":"Infotel Systems","city":"Henrico","st":"VA","mkt":"Richmond","s":"Active","raw":"Active","p":"census"},"geometry":{"type":"Point","coordinates":[-77.47301,37.61309]}},{"type":"Feature","properties":{"id":"5aa285f14f","n":"Iron Mountain RCH Campus","o":"Iron Mountain Data Centers","city":"Sandston","st":"VA","mkt":"Richmond","s":"Active","raw":"Active","p":"city"},"geometry":{"type":"Point","coordinates":[-77.31581,37.52348]}},{"type":"Feature","properties":{"id":"95225b0f32","n":"LS Power Ashland Campus","o":"LS Power","city":"Ashland","st":"VA","mkt":"Richmond","s":"Active","raw":"Active","p":"census"},"geometry":{"type":"Point","coordinates":[-77.44676,37.81429]}},{"type":"Feature","properties":{"id":"553f524eb9","n":"Lumen Richmond 1","o":"Lumen","city":"Richmond","st":"VA","mkt":"Richmond","s":"Active","raw":"Active","p":"census"},"geometry":{"type":"Point","coordinates":[-77.44096,37.64753]}},{"type":"Feature","properties":{"id":"a005e22259","n":"Lumen Richmond 2","o":"Lumen","city":"Richmond","st":"VA","mkt":"Richmond","s":"Active","raw":"Active","p":"census"},"geometry":{"type":"Point","coordinates":[-77.50354,37.62412]}},{"type":"Feature","properties":{"id":"372800caf0","n":"Menlo Digital MD-DC3 Campus","o":"Menlo Digital","city":"Petersburg","st":"VA","mkt":"Richmond","s":"Active","raw":"Active","p":"census"},"geometry":{"type":"Point","coordinates":[-77.36242,37.21237]}},{"type":"Feature","properties":{"id":"afc6116181","n":"Meta Henrico Campus","o":"Meta","city":"Sandston","st":"VA","mkt":"Richmond","s":"Active","raw":"Active","p":"census"},"geometry":{"type":"Point","coordinates":[-77.24052,37.49031]}},{"type":"Feature","properties":{"id":"0abf74fa2a","n":"Meta Sandston","o":"Meta","city":"Sandston","st":"VA","mkt":"Richmond","s":"Active","raw":"Active","p":"city"},"geometry":{"type":"Point","coordinates":[-77.31581,37.52348]}},{"type":"Feature","properties":{"id":"9a1808fa4e","n":"Microsoft Boydton Campus","o":"Microsoft","city":"Boydton","st":"VA","mkt":"Richmond","s":"Active","raw":"Active","p":"city"},"geometry":{"type":"Point","coordinates":[-78.3882,36.66731]}},{"type":"Feature","properties":{"id":"89829be068","n":"Microsoft Chase Campus","o":"Microsoft","city":"Chase City","st":"VA","mkt":"Richmond","s":"Active","raw":"Active","p":"census"},"geometry":{"type":"Point","coordinates":[-78.46654,36.76988]}},{"type":"Feature","properties":{"id":"db6385961a","n":"Microsoft Clarksville Campus","o":"Microsoft","city":"Clarksville","st":"VA","mkt":"Richmond","s":"Active","raw":"Active","p":"city"},"geometry":{"type":"Point","coordinates":[-78.55644,36.62475]}},{"type":"Feature","properties":{"id":"65ec2c29b5","n":"Microsoft Hillcrest Campus","o":"Microsoft","city":"South Hill","st":"VA","mkt":"Richmond","s":"Active","raw":"Active","p":"city"},"geometry":{"type":"Point","coordinates":[-78.12913,36.72654]}},{"type":"Feature","properties":{"id":"ca1e5c8027","n":"Microsoft Prison Road Campus","o":"Microsoft","city":"Boydton","st":"VA","mkt":"Richmond","s":"Active","raw":"Active","p":"census"},"geometry":{"type":"Point","coordinates":[-78.36585,36.66203]}},{"type":"Feature","properties":{"id":"6df1e71fd7","n":"Microsoft Ridge Road Campus","o":"Microsoft","city":"Boydton","st":"VA","mkt":"Richmond","s":"Active","raw":"Active","p":"city"},"geometry":{"type":"Point","coordinates":[-78.3882,36.66731]}},{"type":"Feature","properties":{"id":"db19ecbd7a","n":"Microsoft South Hill Campus","o":"Microsoft","city":"South Hill","st":"VA","mkt":"Richmond","s":"Active","raw":"Active","p":"city"},"geometry":{"type":"Point","coordinates":[-78.12913,36.72654]}},{"type":"Feature","properties":{"id":"f7f727d213","n":"NuVu Petersburg Campus","o":"NUVU Co","city":"Petersburg","st":"VA","mkt":"Richmond","s":"Active","raw":"Active","p":"census"},"geometry":{"type":"Point","coordinates":[-77.35051,37.21034]}},{"type":"Feature","properties":{"id":"bcbf3a03c9","n":"Pixel Factory Data Center","o":"Pixel Factory Data Center","city":"Ashland","st":"VA","mkt":"Richmond","s":"Active","raw":"Active","p":"census"},"geometry":{"type":"Point","coordinates":[-77.43506,37.69764]}},{"type":"Feature","properties":{"id":"d3e48d6cd8","n":"PointOne Richmond Data Center Campus","o":"PointOne","city":"Charles City","st":"VA","mkt":"Richmond","s":"Active","raw":"Active","p":"census"},"geometry":{"type":"Point","coordinates":[-77.15909,37.45071]}},{"type":"Feature","properties":{"id":"894a10d024","n":"QTS Richmond 1 Campus","o":"QTS Data Centers","city":"Sandston","st":"VA","mkt":"Richmond","s":"Active","raw":"Active","p":"osm"},"geometry":{"type":"Point","coordinates":[-77.24749,37.48883]}},{"type":"Feature","properties":{"id":"1e6cd8a70d","n":"QTS Richmond 2 Campus","o":"QTS Data Centers","city":"Sandston","st":"VA","mkt":"Richmond","s":"Active","raw":"Active","p":"city"},"geometry":{"type":"Point","coordinates":[-77.31581,37.52348]}},{"type":"Feature","properties":{"id":"b8b3a559ba","n":"QTS Richmond 3 Campus","o":"QTS Data Centers","city":"Sandston","st":"VA","mkt":"Richmond","s":"Active","raw":"Active","p":"city"},"geometry":{"type":"Point","coordinates":[-77.31581,37.52348]}},{"type":"Feature","properties":{"id":"51367176af","n":"QTS Richmond 5 Campus","o":"QTS Data Centers","city":"Sandston","st":"VA","mkt":"Richmond","s":"Active","raw":"Active","p":"city"},"geometry":{"type":"Point","coordinates":[-77.31581,37.52348]}},{"type":"Feature","properties":{"id":"e0d7f81f28","n":"Richweb Data Center","o":"Richweb","city":"Mechanicsville","st":"VA","mkt":"Richmond","s":"Active","raw":"Active","p":"census"},"geometry":{"type":"Point","coordinates":[-77.3394,37.61382]}},{"type":"Feature","properties":{"id":"c2dfa2ef4d","n":"TECfusions Clarksville","o":"TECfusions","city":"Clarksville","st":"VA","mkt":"Richmond","s":"Active","raw":"Active","p":"census"},"geometry":{"type":"Point","coordinates":[-78.54984,36.60176]}},{"type":"Feature","properties":{"id":"3ba200af04","n":"TWG Data Petersburg Campus","o":"The Warrenton Group","city":"Petersburg","st":"VA","mkt":"Richmond","s":"Active","raw":"Active","p":"census"},"geometry":{"type":"Point","coordinates":[-77.42052,37.1961]}},{"type":"Feature","properties":{"id":"db8d5e102b","n":"Uniti Innsbrook","o":"Uniti Wholesale","city":"Glen Allen","st":"VA","mkt":"Richmond","s":"Active","raw":"Active","p":"census"},"geometry":{"type":"Point","coordinates":[-77.57472,37.66053]}},{"type":"Feature","properties":{"id":"b7ad3aea96","n":"Wagner Properties Petersburg Campus","o":"Wagner Properties","city":"Petersburg","st":"VA","mkt":"Richmond","s":"Active","raw":"Active","p":"census"},"geometry":{"type":"Point","coordinates":[-77.33706,37.19746]}},{"type":"Feature","properties":{"id":"583176bf26","n":"Brush Mountain Data Center","o":"Brush Mountain Data Center","city":"Blacksburg","st":"VA","mkt":"Roanoke","s":"Active","raw":"Active","p":"census"},"geometry":{"type":"Point","coordinates":[-80.4072,37.19912]}},{"type":"Feature","properties":{"id":"0b8466eaca","n":"Crusoe Project Flash Campus","o":"Crusoe","city":"Rocky Mount","st":"VA","mkt":"Roanoke","s":"Active","raw":"Active","p":"city"},"geometry":{"type":"Point","coordinates":[-79.89095,36.9962]}},{"type":"Feature","properties":{"id":"271d9c6a09","n":"Google Botetourt County Campus","o":"Google","city":"Daleville","st":"VA","mkt":"Roanoke","s":"Active","raw":"Active","p":"census"},"geometry":{"type":"Point","coordinates":[-79.91887,37.43907]}},{"type":"Feature","properties":{"id":"70732d691c","n":"Amazon AWS - 24359 Racefield Ln","o":"Amazon AWS","city":"Aldie","st":"VA","mkt":"South Riding","s":"Active","raw":"Active","p":"census"},"geometry":{"type":"Point","coordinates":[-77.55774,38.94532]}},{"type":"Feature","properties":{"id":"b9dbc166ec","n":"Amazon AWS Sutton Bay Campus","o":"Amazon AWS","city":"South Riding","st":"VA","mkt":"South Riding","s":"Active","raw":"Active","p":"city"},"geometry":{"type":"Point","coordinates":[-77.51086,38.91612]}},{"type":"Feature","properties":{"id":"9d990f1278","n":"OnePartner ATAC","o":"OnePartner, LLC","city":"Duffield","st":"VA","mkt":"South West Virginia","s":"Active","raw":"Active","p":"city"},"geometry":{"type":"Point","coordinates":[-82.79329,36.71176]}},{"type":"Feature","properties":{"id":"d2c890b9aa","n":"Amazon AWS - 7951-7961 Loisdale Rd","o":"Amazon AWS","city":"Springfield","st":"VA","mkt":"Springfield VA","s":"Active","raw":"Active","p":"census"},"geometry":{"type":"Point","coordinates":[-77.18761,38.74191]}},{"type":"Feature","properties":{"id":"e386916487","n":"Aligned Data Centers - IAD-03","o":"Aligned Data Centers","city":"Sterling","st":"VA","mkt":"Sterling","s":"Active","raw":"Active","p":"census"},"geometry":{"type":"Point","coordinates":[-77.43934,38.98906]}},{"type":"Feature","properties":{"id":"5b131f385e","n":"Amazon AWS - 22520 Randolph Drive","o":"Amazon AWS","city":"Sterling","st":"VA","mkt":"Sterling","s":"Active","raw":"Active","p":"census"},"geometry":{"type":"Point","coordinates":[-77.452,38.99449]}},{"type":"Feature","properties":{"id":"480e860a3a","n":"Amazon AWS - 22760 Pacific Blvd","o":"Amazon AWS","city":"Sterling","st":"VA","mkt":"Sterling","s":"Active","raw":"Active","p":"census"},"geometry":{"type":"Point","coordinates":[-77.43686,38.98859]}},{"type":"Feature","properties":{"id":"1845f0d17b","n":"Amazon AWS - 23005 International Dr","o":"Amazon AWS","city":"Sterling","st":"VA","mkt":"Sterling","s":"Active","raw":"Active","p":"city"},"geometry":{"type":"Point","coordinates":[-77.40333,39.00175]}},{"type":"Feature","properties":{"id":"e6119f8927","n":"Amazon AWS - 45965-45975 Nokes Blvd","o":"Amazon AWS","city":"Sterling","st":"VA","mkt":"Sterling","s":"Active","raw":"Active","p":"census"},"geometry":{"type":"Point","coordinates":[-77.41215,39.02363]}},{"type":"Feature","properties":{"id":"a9f5eae6d4","n":"Amazon AWS - 46000-46020 Manekin Plz","o":"Amazon AWS","city":"Sterling","st":"VA","mkt":"Sterling","s":"Active","raw":"Active","p":"census"},"geometry":{"type":"Point","coordinates":[-77.40685,39.02361]}},{"type":"Feature","properties":{"id":"b11d83e057","n":"Amazon AWS Atlantic Blvd Campus","o":"Amazon AWS","city":"Sterling","st":"VA","mkt":"Sterling","s":"Active","raw":"Active","p":"census"},"geometry":{"type":"Point","coordinates":[-77.42875,39.03233]}},{"type":"Feature","properties":{"id":"18cefcf25e","n":"Amazon AWS Charles View Campus","o":"Amazon AWS","city":"Sterling","st":"VA","mkt":"Sterling","s":"Active","raw":"Active","p":"city"},"geometry":{"type":"Point","coordinates":[-77.40333,39.00175]}},{"type":"Feature","properties":{"id":"b5f1979db5","n":"Amazon AWS Dulles Summit Ct Campus","o":"Amazon AWS","city":"Sterling","st":"VA","mkt":"Sterling","s":"Active","raw":"Active","p":"census"},"geometry":{"type":"Point","coordinates":[-77.44833,38.98891]}},{"type":"Feature","properties":{"id":"a51bf5dc4b","n":"Amazon AWS Erins Run Campus","o":"Amazon AWS","city":"Sterling","st":"VA","mkt":"Sterling","s":"Active","raw":"Active","p":"city"},"geometry":{"type":"Point","coordinates":[-77.40333,39.00175]}},{"type":"Feature","properties":{"id":"14204e8c1c","n":"Amazon AWS International Campus","o":"Amazon AWS","city":"Sterling","st":"VA","mkt":"Sterling","s":"Active","raw":"Active","p":"census"},"geometry":{"type":"Point","coordinates":[-77.4245,38.98504]}},{"type":"Feature","properties":{"id":"50c5bca293","n":"Amazon AWS Loudoun Downs Campus","o":"Amazon AWS","city":"Sterling","st":"VA","mkt":"Sterling","s":"Active","raw":"Active","p":"city"},"geometry":{"type":"Point","coordinates":[-77.40333,39.00175]}},{"type":"Feature","properties":{"id":"e1fb31ba65","n":"Amazon AWS Pathfinder Campus","o":"Amazon AWS","city":"Sterling","st":"VA","mkt":"Sterling","s":"Active","raw":"Active","p":"city"},"geometry":{"type":"Point","coordinates":[-77.40333,39.00175]}},{"type":"Feature","properties":{"id":"5af7b241ba","n":"Amazon AWS Prologis Plaza Campus","o":"Amazon AWS","city":"Sterling","st":"VA","mkt":"Sterling","s":"Active","raw":"Active","p":"census"},"geometry":{"type":"Point","coordinates":[-77.43801,38.98834]}},{"type":"Feature","properties":{"id":"75523bb855","n":"Amazon AWS Relocation Campus","o":"Amazon AWS","city":"Sterling","st":"VA","mkt":"Sterling","s":"Active","raw":"Active","p":"census"},"geometry":{"type":"Point","coordinates":[-77.43997,38.98783]}},{"type":"Feature","properties":{"id":"3938d4e3d5","n":"Amazon AWS Ridgetop Cir Campus","o":"Amazon AWS","city":"Sterling","st":"VA","mkt":"Sterling","s":"Active","raw":"Active","p":"census"},"geometry":{"type":"Point","coordinates":[-77.40898,39.02519]}},{"type":"Feature","properties":{"id":"5d2e6aadba","n":"Amazon AWS Severn & Squire Campus","o":"Amazon AWS","city":"Sterling","st":"VA","mkt":"Sterling","s":"Active","raw":"Active","p":"city"},"geometry":{"type":"Point","coordinates":[-77.40333,39.00175]}},{"type":"Feature","properties":{"id":"db418ed68a","n":"COPT Defense Properties Maries Tech Park","o":"COPT Defense Properties","city":"Sterling","st":"VA","mkt":"Sterling","s":"Active","raw":"Active","p":"census"},"geometry":{"type":"Point","coordinates":[-77.41409,39.0228]}},{"type":"Feature","properties":{"id":"064110a04a","n":"Corscale - Kincora","o":"Corscale","city":"Sterling","st":"VA","mkt":"Sterling","s":"Active","raw":"Active","p":"city"},"geometry":{"type":"Point","coordinates":[-77.40333,39.00175]}},{"type":"Feature","properties":{"id":"728e21111f","n":"Csquare - IAD1-A","o":"Csquare","city":"Sterling","st":"VA","mkt":"Sterling","s":"Active","raw":"Active","p":"census"},"geometry":{"type":"Point","coordinates":[-77.41381,39.02411]}},{"type":"Feature","properties":{"id":"ef34e7e435","n":"Csquare - IAD3-A","o":"Csquare","city":"Sterling","st":"VA","mkt":"Sterling","s":"Active","raw":"Active","p":"census"},"geometry":{"type":"Point","coordinates":[-77.44382,38.97961]}},{"type":"Feature","properties":{"id":"54368bad94","n":"Csquare IAD2 Campus","o":"Csquare","city":"Sterling","st":"VA","mkt":"Sterling","s":"Active","raw":"Active","p":"census"},"geometry":{"type":"Point","coordinates":[-77.42424,38.9857]}},{"type":"Feature","properties":{"id":"54d0a401d8","n":"Csquare Sterling Campus (IAD1-B/IAD1-C)","o":"Csquare","city":"Sterling","st":"VA","mkt":"Sterling","s":"Active","raw":"Active","p":"census"},"geometry":{"type":"Point","coordinates":[-77.41579,39.02467]}},{"type":"Feature","properties":{"id":"ff31664de1","n":"CyrusOne - NVA4","o":"CyrusOne Data Centers","city":"Sterling","st":"VA","mkt":"Sterling","s":"Active","raw":"Active","p":"census"},"geometry":{"type":"Point","coordinates":[-77.42445,38.98564]}},{"type":"Feature","properties":{"id":"eda84ccdba","n":"CyrusOne - NVA8","o":"CyrusOne Data Centers","city":"Sterling","st":"VA","mkt":"Sterling","s":"Active","raw":"Active","p":"census"},"geometry":{"type":"Point","coordinates":[-77.41194,39.02209]}},{"type":"Feature","properties":{"id":"b77856674a","n":"CyrusOne - NVA9","o":"CyrusOne Data Centers","city":"Sterling","st":"VA","mkt":"Sterling","s":"Active","raw":"Active","p":"census"},"geometry":{"type":"Point","coordinates":[-77.50675,38.95588]}},{"type":"Feature","properties":{"id":"1f70ce55e4","n":"CyrusOne NVA1-NVA3 Campus","o":"CyrusOne Data Centers","city":"Sterling","st":"VA","mkt":"Sterling","s":"Active","raw":"Active","p":"census"},"geometry":{"type":"Point","coordinates":[-77.41375,39.02467]}},{"type":"Feature","properties":{"id":"06c5580930","n":"CyrusOne Sterling Campus (NVA5-NVA7)","o":"CyrusOne Data Centers","city":"Sterling","st":"VA","mkt":"Sterling","s":"Active","raw":"Active","p":"census"},"geometry":{"type":"Point","coordinates":[-77.43624,39.02598]}},{"type":"Feature","properties":{"id":"2cb18e06e2","n":"Digital Realty - IAD43","o":"Digital Realty","city":"Sterling","st":"VA","mkt":"Sterling","s":"Active","raw":"Active","p":"census"},"geometry":{"type":"Point","coordinates":[-77.45294,39.00123]}},{"type":"Feature","properties":{"id":"aa7a1717ea","n":"Digital Realty - IAD55","o":"Digital Realty","city":"Sterling","st":"VA","mkt":"Sterling","s":"Active","raw":"Active","p":"osm"},"geometry":{"type":"Point","coordinates":[-77.4348,38.98955]}},{"type":"Feature","properties":{"id":"0e8ed6e699","n":"EdgeCore - Ashburn AS02","o":"EdgeCore","city":"Sterling","st":"VA","mkt":"Sterling","s":"Active","raw":"Active","p":"census"},"geometry":{"type":"Point","coordinates":[-77.44503,38.99621]}},{"type":"Feature","properties":{"id":"cac5deec35","n":"Google Arcola Campus","o":"Google","city":"Sterling","st":"VA","mkt":"Sterling","s":"Active","raw":"Active","p":"city"},"geometry":{"type":"Point","coordinates":[-77.40333,39.00175]}},{"type":"Feature","properties":{"id":"e4274dcc2e","n":"Menlo Digital - MD-DC2","o":"Menlo Digital","city":"Sterling","st":"VA","mkt":"Sterling","s":"Active","raw":"Active","p":"census"},"geometry":{"type":"Point","coordinates":[-77.44408,39.00038]}},{"type":"Feature","properties":{"id":"9c519cba35","n":"Microsoft - 23540 Pebble Run Pl","o":"Microsoft","city":"Sterling","st":"VA","mkt":"Sterling","s":"Active","raw":"Active","p":"census"},"geometry":{"type":"Point","coordinates":[-77.50158,38.96493]}},{"type":"Feature","properties":{"id":"e0ebb50ca1","n":"Microsoft Growth Mindset Campus","o":"Microsoft","city":"Aldie","st":"VA","mkt":"Sterling","s":"Active","raw":"Active","p":"city"},"geometry":{"type":"Point","coordinates":[-77.64289,38.97588]}},{"type":"Feature","properties":{"id":"de1a4d79ba","n":"PointOne - 45449 E Severn Way","o":"PointOne","city":"Sterling","st":"VA","mkt":"Sterling","s":"Active","raw":"Active","p":"census"},"geometry":{"type":"Point","coordinates":[-77.42668,39.02068]}},{"type":"Feature","properties":{"id":"76c3a950a5","n":"PointOne - Ashburn Data Center Campus","o":"PointOne","city":"Sterling","st":"VA","mkt":"Sterling","s":"Active","raw":"Active","p":"city"},"geometry":{"type":"Point","coordinates":[-77.40333,39.00175]}},{"type":"Feature","properties":{"id":"12999d07a3","n":"PowerHouse Pacific Campus","o":"PowerHouse Data Centers","city":"Sterling","st":"VA","mkt":"Sterling","s":"Active","raw":"Active","p":"census"},"geometry":{"type":"Point","coordinates":[-77.44752,39.00706]}},{"type":"Feature","properties":{"id":"5c14954cb8","n":"Prologis - 22650-22660 Executive Dr","o":"Prologis","city":"Sterling","st":"VA","mkt":"Sterling","s":"Active","raw":"Active","p":"census"},"geometry":{"type":"Point","coordinates":[-77.44461,38.98792]}},{"type":"Feature","properties":{"id":"7727598173","n":"Prologis Global Plaza Campus","o":"Prologis","city":"Sterling","st":"VA","mkt":"Sterling","s":"Active","raw":"Active","p":"city"},"geometry":{"type":"Point","coordinates":[-77.40333,39.00175]}},{"type":"Feature","properties":{"id":"8596bbed6e","n":"QTS - Ashburn 1 DC1","o":"QTS Data Centers","city":"Sterling","st":"VA","mkt":"Sterling","s":"Active","raw":"Active","p":"census"},"geometry":{"type":"Point","coordinates":[-77.44852,39.00041]}},{"type":"Feature","properties":{"id":"7f4b2d4b13","n":"QTS - Ashburn-Lockridge DC1","o":"QTS Data Centers","city":"Sterling","st":"VA","mkt":"Sterling","s":"Active","raw":"Active","p":"osm"},"geometry":{"type":"Point","coordinates":[-77.45511,38.99516]}},{"type":"Feature","properties":{"id":"019db354bc","n":"QTS - Ashburn-Lockridge DC2","o":"QTS Data Centers","city":"Sterling","st":"VA","mkt":"Sterling","s":"Active","raw":"Active","p":"osm"},"geometry":{"type":"Point","coordinates":[-77.4569,38.99509]}},{"type":"Feature","properties":{"id":"abe7986bc5","n":"QTS - Ashburn-Moran DC2","o":"QTS Data Centers","city":"Sterling","st":"VA","mkt":"Sterling","s":"Active","raw":"Active","p":"city"},"geometry":{"type":"Point","coordinates":[-77.40333,39.00175]}},{"type":"Feature","properties":{"id":"bea13438dc","n":"STACK INFRASTRUCTURE NVA04 Campus","o":"STACK Infrastructure","city":"Sterling","st":"VA","mkt":"Sterling","s":"Active","raw":"Active","p":"city"},"geometry":{"type":"Point","coordinates":[-77.40333,39.00175]}},{"type":"Feature","properties":{"id":"f1d4546530","n":"Skybox Datacenters - Nova One","o":"Skybox Datacenters","city":"Sterling","st":"VA","mkt":"Sterling","s":"Active","raw":"Active","p":"census"},"geometry":{"type":"Point","coordinates":[-77.44866,38.98867]}},{"type":"Feature","properties":{"id":"46f32e6d66","n":"TA Realty - 45564 Thayer Rd","o":"TA Realty","city":"Sterling","st":"VA","mkt":"Sterling","s":"Active","raw":"Active","p":"census"},"geometry":{"type":"Point","coordinates":[-77.42412,39.02551]}},{"type":"Feature","properties":{"id":"528fc53271","n":"Uniti Wholesale - Sterling","o":"Uniti Wholesale","city":"Sterling","st":"VA","mkt":"Sterling","s":"Active","raw":"Active","p":"census"},"geometry":{"type":"Point","coordinates":[-77.39286,39.02373]}},{"type":"Feature","properties":{"id":"f8e5b25e5a","n":"Vantage - VA11","o":"Vantage Data Centers","city":"Sterling","st":"VA","mkt":"Sterling","s":"Active","raw":"Active","p":"osm"},"geometry":{"type":"Point","coordinates":[-77.43769,39.00237]}},{"type":"Feature","properties":{"id":"cd4980ee47","n":"Vantage - VA12","o":"Vantage Data Centers","city":"Sterling","st":"VA","mkt":"Sterling","s":"Active","raw":"Active","p":"osm"},"geometry":{"type":"Point","coordinates":[-77.43802,39.00179]}},{"type":"Feature","properties":{"id":"18f9fbfa42","n":"Vantage Ashburn I Campus (Vantage Data Plaza)","o":"Vantage Data Centers","city":"Sterling","st":"VA","mkt":"Sterling","s":"Active","raw":"Active","p":"city"},"geometry":{"type":"Point","coordinates":[-77.40333,39.00175]}},{"type":"Feature","properties":{"id":"febcb7505e","n":"Vantage Ashburn II Campus (Glenn Drive)","o":"Vantage Data Centers","city":"Sterling","st":"VA","mkt":"Sterling","s":"Active","raw":"Active","p":"census"},"geometry":{"type":"Point","coordinates":[-77.42812,38.99776]}},{"type":"Feature","properties":{"id":"ca886963f4","n":"ATI DC-2","o":"ATI Solutions Inc.","city":"Tysons","st":"VA","mkt":"Vienna","s":"Active","raw":"Active","p":"census"},"geometry":{"type":"Point","coordinates":[-77.21235,38.92017]}},{"type":"Feature","properties":{"id":"d6eb23cef4","n":"CherryRoad DCA2","o":"CherryRoad Technologies","city":"McLean","st":"VA","mkt":"Vienna","s":"Active","raw":"Active","p":"census"},"geometry":{"type":"Point","coordinates":[-77.22909,38.92225]}},{"type":"Feature","properties":{"id":"5a4b98ae64","n":"Cogent Data Center - Vienna","o":"Cogent Communications, Inc.","city":"Vienna","st":"VA","mkt":"Vienna","s":"Active","raw":"Active","p":"census"},"geometry":{"type":"Point","coordinates":[-77.2278,38.91384]}},{"type":"Feature","properties":{"id":"02112862b5","n":"DataBank IAD2 - McLean","o":"DataBank","city":"McLean","st":"VA","mkt":"Vienna","s":"Active","raw":"Active","p":"census"},"geometry":{"type":"Point","coordinates":[-77.21407,38.91973]}},{"type":"Feature","properties":{"id":"bd391a924d","n":"Digital Realty - 8100 Boone Boulevard","o":"Digital Realty","city":"Vienna","st":"VA","mkt":"Vienna","s":"Active","raw":"Active","p":"census"},"geometry":{"type":"Point","coordinates":[-77.22573,38.91316]}},{"type":"Feature","properties":{"id":"485635086b","n":"Equinix - DC7","o":"Equinix","city":"Vienna","st":"VA","mkt":"Vienna","s":"Active","raw":"Active","p":"city"},"geometry":{"type":"Point","coordinates":[-77.26518,38.90137]}},{"type":"Feature","properties":{"id":"062244bf4d","n":"Lumen McLean 1","o":"Lumen","city":"McLean","st":"VA","mkt":"Vienna","s":"Active","raw":"Active","p":"census"},"geometry":{"type":"Point","coordinates":[-77.21235,38.91959]}},{"type":"Feature","properties":{"id":"b3993af16e","n":"NetEx NDC01","o":"NetEx Inc.","city":"Vienna","st":"VA","mkt":"Vienna","s":"Active","raw":"Active","p":"census"},"geometry":{"type":"Point","coordinates":[-77.23897,38.93147]}},{"type":"Feature","properties":{"id":"7bda25beaa","n":"Serverfarm Northern Virginia NVA1","o":"Serverfarm","city":"Vienna","st":"VA","mkt":"Vienna","s":"Active","raw":"Active","p":"city"},"geometry":{"type":"Point","coordinates":[-77.26518,38.90137]}},{"type":"Feature","properties":{"id":"e64d759159","n":"Superb DCA2 - McLean","o":"HopOne Internet","city":"McLean","st":"VA","mkt":"Vienna","s":"Active","raw":"Active","p":"census"},"geometry":{"type":"Point","coordinates":[-77.22909,38.92225]}},{"type":"Feature","properties":{"id":"ae8455ada2","n":"DP Facilities - Mineral Gap Data Center","o":"DP Facilities","city":"Wise","st":"VA","mkt":"Wise","s":"Active","raw":"Active","p":"census"},"geometry":{"type":"Point","coordinates":[-82.52626,36.97625]}},{"type":"Feature","properties":{"id":"71d4224012","n":"Colocation Northwest - Bellevue","o":"Colocation NorthWest","city":"Bellevue","st":"WA","mkt":"Bellevue","s":"Active","raw":"Active","p":"census"},"geometry":{"type":"Point","coordinates":[-122.13494,47.58247]}},{"type":"Feature","properties":{"id":"755afc6503","n":"CSSNW Bellingham","o":"CSS Communications","city":"Bellingham","st":"WA","mkt":"Bellingham","s":"Active","raw":"Active","p":"census"},"geometry":{"type":"Point","coordinates":[-122.48078,48.7569]}},{"type":"Feature","properties":{"id":"4ef7e56638","n":"Lunavi Bellingham","o":"Lunavi","city":"Bellingham","st":"WA","mkt":"Bellingham","s":"Active","raw":"Active","p":"census"},"geometry":{"type":"Point","coordinates":[-122.50321,48.7589]}},{"type":"Feature","properties":{"id":"0cf57e753c","n":"Bullfrog Flats Data Center","o":"Blue Fern Development","city":"Cle Elum","st":"WA","mkt":"Ellensburg","s":"Planned","raw":"Planned","p":"city"},"geometry":{"type":"Point","coordinates":[-120.94006,47.19524]}},{"type":"Feature","properties":{"id":"8c1c10b176","n":"Ziply Fiber Everett","o":"Ziply Fiber","city":"Everett","st":"WA","mkt":"Everett","s":"Active","raw":"Active","p":"census"},"geometry":{"type":"Point","coordinates":[-122.22672,47.92188]}},{"type":"Feature","properties":{"id":"d7eedd99a3","n":"Keel Infrastructure Washington","o":"Keel Infrastructure","city":"Moses Lake","st":"WA","mkt":"Moses Lake","s":"Active","raw":"Active","p":"city"},"geometry":{"type":"Point","coordinates":[-119.27808,47.13014]}},{"type":"Feature","properties":{"id":"be1cb302b8","n":"Serverfarm Moses Lake Data Center TiTAN","o":"Serverfarm","city":"Moses Lake","st":"WA","mkt":"Moses Lake","s":"Active","raw":"Active","p":"census"},"geometry":{"type":"Point","coordinates":[-119.31593,47.18209]}},{"type":"Feature","properties":{"id":"e4f69d4abb","n":"Franklin PUD Data Center","o":"Franklin PUD","city":"Pasco","st":"WA","mkt":"Pasco","s":"Active","raw":"Active","p":"census"},"geometry":{"type":"Point","coordinates":[-119.10607,46.22867]}},{"type":"Feature","properties":{"id":"094bb8f2c4","n":"Ziply Fiber Kennewick","o":"Ziply Fiber","city":"Kennewick","st":"WA","mkt":"Pasco","s":"Active","raw":"Active","p":"census"},"geometry":{"type":"Point","coordinates":[-119.18671,46.21246]}},{"type":"Feature","properties":{"id":"c6c0aecd35","n":"Atlas Agro Richland Campus","o":"Atlas Agro","city":"Richland","st":"WA","mkt":"Prosser","s":"Planned","raw":"Planned","p":"census"},"geometry":{"type":"Point","coordinates":[-119.29657,46.35112]}},{"type":"Feature","properties":{"id":"c875c40abb","n":"Columbia Colocation","o":"Columbia Colocation","city":"Quincy","st":"WA","mkt":"Quincy","s":"Active","raw":"Active","p":"city"},"geometry":{"type":"Point","coordinates":[-119.85351,47.23437]}},{"type":"Feature","properties":{"id":"7b9df64e06","n":"CyrusOne PNW1 - Quincy","o":"CyrusOne Data Centers","city":"Quincy","st":"WA","mkt":"Quincy","s":"Active","raw":"Active","p":"city"},"geometry":{"type":"Point","coordinates":[-119.85351,47.23437]}},{"type":"Feature","properties":{"id":"5531a2ca4c","n":"H5 Data Centers Quincy Campus","o":"H5 Data Centers","city":"Quincy","st":"WA","mkt":"Quincy","s":"Active","raw":"Active","p":"census"},"geometry":{"type":"Point","coordinates":[-119.81823,47.24849]}},{"type":"Feature","properties":{"id":"9e91bf3650","n":"H5 Data Centers Quincy I","o":"H5 Data Centers","city":"Quincy","st":"WA","mkt":"Quincy","s":"Active","raw":"Active","p":"city"},"geometry":{"type":"Point","coordinates":[-119.85351,47.23437]}},{"type":"Feature","properties":{"id":"c49ceba5a0","n":"Microsoft Columbia Campus","o":"Microsoft","city":"Quincy","st":"WA","mkt":"Quincy","s":"Active","raw":"Active","p":"city"},"geometry":{"type":"Point","coordinates":[-119.85351,47.23437]}},{"type":"Feature","properties":{"id":"466cf9422d","n":"Microsoft Quincy Campus","o":"Microsoft","city":"Quincy","st":"WA","mkt":"Quincy","s":"Active","raw":"Active","p":"city"},"geometry":{"type":"Point","coordinates":[-119.85351,47.23437]}},{"type":"Feature","properties":{"id":"d4e5bf0776","n":"NTT Quincy","o":"NTT DATA, Inc.","city":"Quincy","st":"WA","mkt":"Quincy","s":"Active","raw":"Active","p":"census"},"geometry":{"type":"Point","coordinates":[-119.84421,47.23469]}},{"type":"Feature","properties":{"id":"f998117951","n":"SDC Quincy Campus","o":"Sabey Data Center Properties LLC","city":"Quincy","st":"WA","mkt":"Quincy","s":"Active","raw":"Active","p":"census"},"geometry":{"type":"Point","coordinates":[-119.81474,47.24862]}},{"type":"Feature","properties":{"id":"ba0472b988","n":"Vantage WA1 Campus (Quincy)","o":"Vantage Data Centers","city":"Quincy","st":"WA","mkt":"Quincy","s":"Active","raw":"Active","p":"census"},"geometry":{"type":"Point","coordinates":[-119.81539,47.2485]}},{"type":"Feature","properties":{"id":"0dff3dbd43","n":"Vantage WA12 - Quincy","o":"Vantage Data Centers","city":"Quincy","st":"WA","mkt":"Quincy","s":"Active","raw":"Active","p":"census"},"geometry":{"type":"Point","coordinates":[-119.81518,47.2485]}},{"type":"Feature","properties":{"id":"d3c7f95c3b","n":"2401 Utah Avenue South","o":"Colossus Data Center Advisors","city":"Seattle","st":"WA","mkt":"Seattle","s":"Active","raw":"Active","p":"census"},"geometry":{"type":"Point","coordinates":[-122.33544,47.57987]}},{"type":"Feature","properties":{"id":"0014c447df","n":"3625 First Avenue South","o":"PACLAND","city":"Seattle","st":"WA","mkt":"Seattle","s":"Active","raw":"Active","p":"census"},"geometry":{"type":"Point","coordinates":[-122.33429,47.57051]}},{"type":"Feature","properties":{"id":"9e0c4a7a28","n":"Astute Hosting Seattle","o":"Astute Hosting Incorporated","city":"Seattle","st":"WA","mkt":"Seattle","s":"Active","raw":"Active","p":"census"},"geometry":{"type":"Point","coordinates":[-122.33844,47.61439]}},{"type":"Feature","properties":{"id":"a79aae94c2","n":"BitPusher Data Center","o":"BitPusher LLC","city":"Tukwila","st":"WA","mkt":"Seattle","s":"Active","raw":"Active","p":"census"},"geometry":{"type":"Point","coordinates":[-122.29476,47.49585]}},{"type":"Feature","properties":{"id":"6e333979f2","n":"CherryRoad SEA2","o":"CherryRoad Technologies","city":"Tukwila","st":"WA","mkt":"Seattle","s":"Active","raw":"Active","p":"census"},"geometry":{"type":"Point","coordinates":[-122.29134,47.49543]}},{"type":"Feature","properties":{"id":"345042c3f9","n":"Cogent Data Center - Seattle","o":"Cogent Communications Inc","city":"Federal Way","st":"WA","mkt":"Seattle","s":"Active","raw":"Active","p":"census"},"geometry":{"type":"Point","coordinates":[-122.29273,47.31257]}},{"type":"Feature","properties":{"id":"7c35923e92","n":"ColoCenters","o":"ColoCenters Inc","city":"Seattle","st":"WA","mkt":"Seattle","s":"Active","raw":"Active","p":"census"},"geometry":{"type":"Point","coordinates":[-122.33844,47.61439]}},{"type":"Feature","properties":{"id":"90190cd504","n":"ColoCrossing SEA1","o":"ColoCrossing","city":"Seattle","st":"WA","mkt":"Seattle","s":"Active","raw":"Active","p":"census"},"geometry":{"type":"Point","coordinates":[-122.29358,47.49414]}},{"type":"Feature","properties":{"id":"02f738b9c1","n":"ColoInSeattle.com","o":"ColoInSeattle.com","city":"Tukwila","st":"WA","mkt":"Seattle","s":"Active","raw":"Active","p":"census"},"geometry":{"type":"Point","coordinates":[-122.29358,47.49414]}},{"type":"Feature","properties":{"id":"27cec0773b","n":"Colocation Northwest - Downtown Seattle","o":"Colocation NorthWest","city":"Seattle","st":"WA","mkt":"Seattle","s":"Active","raw":"Active","p":"census"},"geometry":{"type":"Point","coordinates":[-122.33844,47.61439]}},{"type":"Feature","properties":{"id":"feca983285","n":"Colocation Northwest - Redmond","o":"Colocation NorthWest","city":"Redmond","st":"WA","mkt":"Seattle","s":"Active","raw":"Active","p":"census"},"geometry":{"type":"Point","coordinates":[-122.13761,47.63266]}},{"type":"Feature","properties":{"id":"c4ec3e8bd0","n":"Csquare - Seattle SEA1-A","o":"Csquare","city":"Tukwila","st":"WA","mkt":"Seattle","s":"Active","raw":"Active","p":"census"},"geometry":{"type":"Point","coordinates":[-122.29256,47.49232]}},{"type":"Feature","properties":{"id":"e901698f63","n":"Csquare - Seattle SEA1-B","o":"Csquare","city":"Seattle","st":"WA","mkt":"Seattle","s":"Active","raw":"Active","p":"census"},"geometry":{"type":"Point","coordinates":[-122.29062,47.49542]}},{"type":"Feature","properties":{"id":"0c25fd8e87","n":"Csquare - Seattle SEA2-A","o":"Csquare","city":"Tukwila","st":"WA","mkt":"Seattle","s":"Active","raw":"Active","p":"census"},"geometry":{"type":"Point","coordinates":[-122.25811,47.44131]}},{"type":"Feature","properties":{"id":"26c1a8b1c9","n":"Csquare - Seattle SEA3-A","o":"Csquare","city":"Lynnwood","st":"WA","mkt":"Seattle","s":"Active","raw":"Active","p":"census"},"geometry":{"type":"Point","coordinates":[-122.29722,47.84195]}},{"type":"Feature","properties":{"id":"5ae9d29789","n":"DataBank - 12201 Tukwila Intl Blvd","o":"DataBank","city":"Tukwila","st":"WA","mkt":"Seattle","s":"Active","raw":"Active","p":"census"},"geometry":{"type":"Point","coordinates":[-122.29358,47.49414]}},{"type":"Feature","properties":{"id":"494c7f60fe","n":"DataBank SEA1 - Downtown Seattle","o":"DataBank","city":"Seattle","st":"WA","mkt":"Seattle","s":"Active","raw":"Active","p":"census"},"geometry":{"type":"Point","coordinates":[-122.33844,47.61439]}},{"type":"Feature","properties":{"id":"613c7942b5","n":"DataBank SEA2 - SeaTAC","o":"DataBank","city":"Tukwila","st":"WA","mkt":"Seattle","s":"Active","raw":"Active","p":"census"},"geometry":{"type":"Point","coordinates":[-122.29134,47.49543]}},{"type":"Feature","properties":{"id":"d15118efbf","n":"Digital Fortress Downtown Seattle","o":"Digital Fortress","city":"Seattle","st":"WA","mkt":"Seattle","s":"Active","raw":"Active","p":"census"},"geometry":{"type":"Point","coordinates":[-122.35611,47.61779]}},{"type":"Feature","properties":{"id":"4a7b8d52be","n":"Digital Fortress North Seattle","o":"Digital Fortress","city":"Lynnwood","st":"WA","mkt":"Seattle","s":"Active","raw":"Active","p":"census"},"geometry":{"type":"Point","coordinates":[-122.28928,47.82285]}},{"type":"Feature","properties":{"id":"f063259946","n":"Digital Fortress South Seattle","o":"Digital Fortress","city":"Seattle","st":"WA","mkt":"Seattle","s":"Active","raw":"Active","p":"census"},"geometry":{"type":"Point","coordinates":[-122.29476,47.49585]}},{"type":"Feature","properties":{"id":"a48943f2d9","n":"Digital Realty - 301 Virginia Street","o":"Digital Realty","city":"Seattle","st":"WA","mkt":"Seattle","s":"Active","raw":"Active","p":"census"},"geometry":{"type":"Point","coordinates":[-122.34078,47.6124]}},{"type":"Feature","properties":{"id":"15e486f0a9","n":"Digital Realty - SEA10 (2001 Sixth Avenue)","o":"Digital Realty","city":"Seattle","st":"WA","mkt":"Seattle","s":"Active","raw":"Active","p":"census"},"geometry":{"type":"Point","coordinates":[-122.33844,47.61439]}},{"type":"Feature","properties":{"id":"19ae4d8b81","n":"Digital Realty - SEA11 (2020 5th Avenue)","o":"Digital Realty","city":"Seattle","st":"WA","mkt":"Seattle","s":"Active","raw":"Active","p":"census"},"geometry":{"type":"Point","coordinates":[-122.33939,47.61395]}},{"type":"Feature","properties":{"id":"b17507580b","n":"EdgeConneX Seattle - EDCSEA01","o":"EdgeConneX","city":"Seattle","st":"WA","mkt":"Seattle","s":"Active","raw":"Active","p":"census"},"geometry":{"type":"Point","coordinates":[-122.28885,47.49915]}},{"type":"Feature","properties":{"id":"ddf6e52a47","n":"Equinix - SE2","o":"Equinix","city":"Seattle","st":"WA","mkt":"Seattle","s":"Active","raw":"Active","p":"census"},"geometry":{"type":"Point","coordinates":[-122.33844,47.61439]}},{"type":"Feature","properties":{"id":"bcdeba7d02","n":"Equinix - SE3","o":"Equinix","city":"Seattle","st":"WA","mkt":"Seattle","s":"Active","raw":"Active","p":"census"},"geometry":{"type":"Point","coordinates":[-122.33939,47.61395]}},{"type":"Feature","properties":{"id":"2909352609","n":"Equinix - SE4","o":"Equinix","city":"Kent","st":"WA","mkt":"Seattle","s":"Active","raw":"Active","p":"census"},"geometry":{"type":"Point","coordinates":[-122.24837,47.41944]}},{"type":"Feature","properties":{"id":"d4f201f744","n":"Evocative - INAP Seattle","o":"Evocative Data Centers","city":"Seattle","st":"WA","mkt":"Seattle","s":"Active","raw":"Active","p":"census"},"geometry":{"type":"Point","coordinates":[-122.28736,47.49556]}},{"type":"Feature","properties":{"id":"ccf1e00d90","n":"Evocative SEA1","o":"Evocative Data Centers","city":"Seattle","st":"WA","mkt":"Seattle","s":"Active","raw":"Active","p":"census"},"geometry":{"type":"Point","coordinates":[-122.34881,47.61906]}},{"type":"Feature","properties":{"id":"89a54aa77e","n":"H5 Data Centers Seattle","o":"H5 Data Centers","city":"South Lake Union","st":"WA","mkt":"Seattle","s":"Active","raw":"Active","p":"census"},"geometry":{"type":"Point","coordinates":[-122.33713,47.61858]}},{"type":"Feature","properties":{"id":"71fdb386b7","n":"Hivelocity - Seattle 1","o":"Hivelocity","city":"Seattle","st":"WA","mkt":"Seattle","s":"Active","raw":"Active","p":"census"},"geometry":{"type":"Point","coordinates":[-122.33844,47.61439]}},{"type":"Feature","properties":{"id":"494fc9ccc8","n":"Hostrunway Seattle","o":"Hostrunway","city":"Tukwila","st":"WA","mkt":"Seattle","s":"Active","raw":"Active","p":"census"},"geometry":{"type":"Point","coordinates":[-122.29358,47.49414]}},{"type":"Feature","properties":{"id":"189e3188d1","n":"IBM SEA01","o":"IBM","city":"Seattle","st":"WA","mkt":"Seattle","s":"Active","raw":"Active","p":"census"},"geometry":{"type":"Point","coordinates":[-122.29062,47.49542]}},{"type":"Feature","properties":{"id":"1bc061d31a","n":"Intergate.West","o":"Sabey Data Center Properties LLC","city":"Tukwila","st":"WA","mkt":"Seattle","s":"Active","raw":"Active","p":"census"},"geometry":{"type":"Point","coordinates":[-122.29476,47.49585]}},{"type":"Feature","properties":{"id":"24b36b3ca9","n":"LeaseWeb Seattle SEA-11","o":"LeaseWeb","city":"Tukwila","st":"WA","mkt":"Seattle","s":"Active","raw":"Active","p":"census"},"geometry":{"type":"Point","coordinates":[-122.29476,47.49585]}},{"type":"Feature","properties":{"id":"1a9ae7e91d","n":"Lumen Seattle","o":"Lumen","city":"Seattle","st":"WA","mkt":"Seattle","s":"Active","raw":"Active","p":"census"},"geometry":{"type":"Point","coordinates":[-122.33713,47.61858]}},{"type":"Feature","properties":{"id":"babf986c66","n":"Lumen Seattle 1","o":"Lumen","city":"Seattle","st":"WA","mkt":"Seattle","s":"Active","raw":"Active","p":"census"},"geometry":{"type":"Point","coordinates":[-122.33573,47.61073]}},{"type":"Feature","properties":{"id":"32126ef3fb","n":"Lumen Seattle 5","o":"Lumen","city":"Bothell","st":"WA","mkt":"Seattle","s":"Active","raw":"Active","p":"census"},"geometry":{"type":"Point","coordinates":[-122.19607,47.79212]}},{"type":"Feature","properties":{"id":"8e113ea4d1","n":"Lunavi Seattle","o":"Lunavi","city":"Seattle","st":"WA","mkt":"Seattle","s":"Active","raw":"Active","p":"census"},"geometry":{"type":"Point","coordinates":[-122.33844,47.61439]}},{"type":"Feature","properties":{"id":"cc7648ea68","n":"Optic Fusion - Westin","o":"Optic Fusion Inc","city":"Seattle","st":"WA","mkt":"Seattle","s":"Active","raw":"Active","p":"census"},"geometry":{"type":"Point","coordinates":[-122.33844,47.61439]}},{"type":"Feature","properties":{"id":"9b10c9040c","n":"Pacific Internet North Datacenter","o":"Pacific Internet","city":"Bothell","st":"WA","mkt":"Seattle","s":"Active","raw":"Active","p":"census"},"geometry":{"type":"Point","coordinates":[-122.19675,47.79545]}},{"type":"Feature","properties":{"id":"fcf333b55a","n":"Pacific Internet South Datacenter","o":"Pacific Internet","city":"Tukwila","st":"WA","mkt":"Seattle","s":"Active","raw":"Active","p":"census"},"geometry":{"type":"Point","coordinates":[-122.1998,47.47404]}},{"type":"Feature","properties":{"id":"96134fea21","n":"SDC Seattle Campus","o":"Sabey Data Center Properties LLC","city":"Tukwila","st":"WA","mkt":"Seattle","s":"Active","raw":"Active","p":"city"},"geometry":{"type":"Point","coordinates":[-122.25592,47.46274]}},{"type":"Feature","properties":{"id":"8075fa9cdc","n":"Seattle Colocation","o":"Seattle Colocation","city":"Seattle","st":"WA","mkt":"Seattle","s":"Active","raw":"Active","p":"census"},"geometry":{"type":"Point","coordinates":[-122.33844,47.61439]}},{"type":"Feature","properties":{"id":"a330893c72","n":"Semaphore Seattle","o":"Semaphore Corporation","city":"Seattle","st":"WA","mkt":"Seattle","s":"Active","raw":"Active","p":"census"},"geometry":{"type":"Point","coordinates":[-122.33844,47.61439]}},{"type":"Feature","properties":{"id":"59ff82d152","n":"Superb SEA2 - Seattle","o":"HopOne Internet","city":"Seattle","st":"WA","mkt":"Seattle","s":"Active","raw":"Active","p":"census"},"geometry":{"type":"Point","coordinates":[-122.29134,47.49543]}},{"type":"Feature","properties":{"id":"eddc8bb32e","n":"TierPoint Seattle","o":"TierPoint","city":"Seattle","st":"WA","mkt":"Seattle","s":"Active","raw":"Active","p":"census"},"geometry":{"type":"Point","coordinates":[-122.34881,47.61906]}},{"type":"Feature","properties":{"id":"3a5edf1a25","n":"Verizon Seattle","o":"Verizon Communications Inc","city":"Seattle","st":"WA","mkt":"Seattle","s":"Active","raw":"Active","p":"census"},"geometry":{"type":"Point","coordinates":[-122.33576,47.60595]}},{"type":"Feature","properties":{"id":"2164ffdf70","n":"Wowrack Seattle","o":"Wowrack","city":"Seattle","st":"WA","mkt":"Seattle","s":"Active","raw":"Active","p":"census"},"geometry":{"type":"Point","coordinates":[-122.33844,47.61439]}},{"type":"Feature","properties":{"id":"63a949a04d","n":"Wowrack Tukwila","o":"Wowrack","city":"Tukwila","st":"WA","mkt":"Seattle","s":"Active","raw":"Active","p":"census"},"geometry":{"type":"Point","coordinates":[-122.29358,47.49414]}},{"type":"Feature","properties":{"id":"d2ac0859d9","n":"Ziply Fiber Bothell","o":"Ziply Fiber","city":"Bothell","st":"WA","mkt":"Seattle","s":"Active","raw":"Active","p":"census"},"geometry":{"type":"Point","coordinates":[-122.20241,47.79128]}},{"type":"Feature","properties":{"id":"60bdbaa14b","n":"Cogent Data Center - Spokane","o":"Cogent Communications, Inc.","city":"Spokane","st":"WA","mkt":"Spokane","s":"Active","raw":"Active","p":"census"},"geometry":{"type":"Point","coordinates":[-117.5186,47.61088]}},{"type":"Feature","properties":{"id":"1d0a117e3c","n":"Fusion Connect - Spokane","o":"Fusion Connect","city":"Spokane","st":"WA","mkt":"Spokane","s":"Active","raw":"Active","p":"census"},"geometry":{"type":"Point","coordinates":[-117.41946,47.65864]}},{"type":"Feature","properties":{"id":"a320afdfa2","n":"Interlink Data Center","o":"Interlink Advantage","city":"Spokane","st":"WA","mkt":"Spokane","s":"Active","raw":"Active","p":"census"},"geometry":{"type":"Point","coordinates":[-117.40482,47.65556]}},{"type":"Feature","properties":{"id":"a0250f59f2","n":"Krambu Eastern Washington","o":"Krambu","city":"Newport","st":"WA","mkt":"Spokane","s":"Active","raw":"Active","p":"census"},"geometry":{"type":"Point","coordinates":[-117.0424,48.18244]}},{"type":"Feature","properties":{"id":"674c5d3a47","n":"Neutron Data Center","o":"Neutron","city":"Spokane","st":"WA","mkt":"Spokane","s":"Active","raw":"Active","p":"census"},"geometry":{"type":"Point","coordinates":[-117.41842,47.65801]}},{"type":"Feature","properties":{"id":"ce58373866","n":"TierPoint Spokane","o":"TierPoint","city":"Liberty Lake","st":"WA","mkt":"Spokane","s":"Active","raw":"Active","p":"census"},"geometry":{"type":"Point","coordinates":[-117.09101,47.67135]}},{"type":"Feature","properties":{"id":"0dcea473ce","n":"TierPoint Spokane 3","o":"TierPoint","city":"Liberty Lake","st":"WA","mkt":"Spokane","s":"Active","raw":"Active","p":"census"},"geometry":{"type":"Point","coordinates":[-117.09571,47.67134]}},{"type":"Feature","properties":{"id":"7a51b29792","n":"Centeris South Hill Campus","o":"Centeris Data Centers","city":"Puyallup","st":"WA","mkt":"Tacoma","s":"Active","raw":"Active","p":"census"},"geometry":{"type":"Point","coordinates":[-122.28078,47.15484]}},{"type":"Feature","properties":{"id":"00394ffd85","n":"Cogent Data Center - Tacoma","o":"Cogent Communications, Inc.","city":"Tacoma","st":"WA","mkt":"Tacoma","s":"Active","raw":"Active","p":"census"},"geometry":{"type":"Point","coordinates":[-122.46642,47.22818]}},{"type":"Feature","properties":{"id":"aa3c0ffc71","n":"Colocation Northwest - South Hill","o":"Colocation NorthWest","city":"Puyallup","st":"WA","mkt":"Tacoma","s":"Active","raw":"Active","p":"census"},"geometry":{"type":"Point","coordinates":[-122.27493,47.15471]}},{"type":"Feature","properties":{"id":"8eb846569a","n":"Colocation Northwest - Tacoma","o":"Colocation NorthWest","city":"Tacoma","st":"WA","mkt":"Tacoma","s":"Active","raw":"Active","p":"census"},"geometry":{"type":"Point","coordinates":[-122.43706,47.25348]}},{"type":"Feature","properties":{"id":"2ec51c98ab","n":"Optic Fusion - Perkins Building","o":"Optic Fusion, Inc.","city":"Tacoma","st":"WA","mkt":"Tacoma","s":"Active","raw":"Active","p":"census"},"geometry":{"type":"Point","coordinates":[-122.43706,47.25348]}},{"type":"Feature","properties":{"id":"1f87f0d970","n":"ScaleMatrix Seattle","o":"ScaleMatrix","city":"Puyallup","st":"WA","mkt":"Tacoma","s":"Active","raw":"Active","p":"census"},"geometry":{"type":"Point","coordinates":[-122.28032,47.15482]}},{"type":"Feature","properties":{"id":"3075795fda","n":"Amazon AWS - Walla Walla","o":"Amazon AWS","city":"Burbank","st":"WA","mkt":"Walla Walla","s":"Active","raw":"Active","p":"city"},"geometry":{"type":"Point","coordinates":[-119.0134,46.20095]}},{"type":"Feature","properties":{"id":"461cc809f7","n":"Fusion Connect - Walla Walla","o":"Fusion Connect","city":"Walla Walla","st":"WA","mkt":"Walla Walla","s":"Active","raw":"Active","p":"census"},"geometry":{"type":"Point","coordinates":[-118.3387,46.06578]}},{"type":"Feature","properties":{"id":"59c88b39c9","n":"PocketiNet Walla Walla","o":"PocketInet","city":"Walla Walla","st":"WA","mkt":"Walla Walla","s":"Active","raw":"Active","p":"census"},"geometry":{"type":"Point","coordinates":[-118.28459,46.08714]}},{"type":"Feature","properties":{"id":"c780233409","n":"Vivio Technologies - WW TS Site","o":"Vivio Technologies","city":"Walla Walla","st":"WA","mkt":"Walla Walla","s":"Active","raw":"Active","p":"census"},"geometry":{"type":"Point","coordinates":[-118.36643,46.05856]}},{"type":"Feature","properties":{"id":"ded2e40b9b","n":"Vivio Technologies - WW UG Site","o":"Vivio Technologies","city":"Walla Walla","st":"WA","mkt":"Walla Walla","s":"Active","raw":"Active","p":"census"},"geometry":{"type":"Point","coordinates":[-118.33972,46.06664]}},{"type":"Feature","properties":{"id":"4d2cb45c82","n":"Actapio Data Center","o":"Actapio, Inc.","city":"East Wenatchee","st":"WA","mkt":"Wenatchee","s":"Active","raw":"Active","p":"city"},"geometry":{"type":"Point","coordinates":[-120.29313,47.41568]}},{"type":"Feature","properties":{"id":"97655fb4cb","n":"Bitdeer Washington","o":"Bitdeer Technologies Group","city":"East Wenatchee","st":"WA","mkt":"Wenatchee","s":"Active","raw":"Active","p":"census"},"geometry":{"type":"Point","coordinates":[-120.20926,47.4139]}},{"type":"Feature","properties":{"id":"4185346c6b","n":"Microsoft East Wenatchee Campus","o":"Microsoft","city":"East Wenatchee","st":"WA","mkt":"Wenatchee","s":"Active","raw":"Active","p":"census"},"geometry":{"type":"Point","coordinates":[-120.20988,47.41474]}},{"type":"Feature","properties":{"id":"e96c376930","n":"Microsoft Malaga Campus","o":"Microsoft","city":"Malaga","st":"WA","mkt":"Wenatchee","s":"Active","raw":"Active","p":"census"},"geometry":{"type":"Point","coordinates":[-120.16115,47.36101]}},{"type":"Feature","properties":{"id":"9af9567de6","n":"SDC Columbia Campus","o":"Sabey Data Center Properties LLC","city":"East Wenatchee","st":"WA","mkt":"Wenatchee","s":"Active","raw":"Active","p":"census"},"geometry":{"type":"Point","coordinates":[-120.19324,47.40593]}},{"type":"Feature","properties":{"id":"a94a33fc1b","n":"T-Mobile East Wenatchee","o":"T-Mobile US, Inc.","city":"East Wenatchee","st":"WA","mkt":"Wenatchee","s":"Active","raw":"Active","p":"census"},"geometry":{"type":"Point","coordinates":[-120.19324,47.40593]}},{"type":"Feature","properties":{"id":"3d883d25c4","n":"DirecTV Moxee","o":"DirecTV","city":"Moxee","st":"WA","mkt":"Yakima","s":"Active","raw":"Active","p":"census"},"geometry":{"type":"Point","coordinates":[-120.39863,46.5628]}},{"type":"Feature","properties":{"id":"17d129f0a5","n":"Ziply Fiber Yakima","o":"Ziply Fiber","city":"Yakima","st":"WA","mkt":"Yakima","s":"Active","raw":"Active","p":"census"},"geometry":{"type":"Point","coordinates":[-120.49378,46.60457]}},{"type":"Feature","properties":{"id":"3075b29092","n":"Reliable Hosting Services","o":"Reliable Hosting Services","city":"Berkeley Springs","st":"WV","mkt":"Berkeley Springs","s":"Active","raw":"Active","p":"census"},"geometry":{"type":"Point","coordinates":[-78.22511,39.63068]}},{"type":"Feature","properties":{"id":"1e31acbda1","n":"Citynet Bridgeport","o":"Citynet, LLC","city":"Bridgeport","st":"WV","mkt":"Bridgeport","s":"Active","raw":"Active","p":"city"},"geometry":{"type":"Point","coordinates":[-80.2539,39.28488]}},{"type":"Feature","properties":{"id":"99b4e9aa54","n":"Alpha Technologies Global Data Center","o":"Alpha Technologies","city":"South Charleston","st":"WV","mkt":"Charleston WV","s":"Active","raw":"Active","p":"osm"},"geometry":{"type":"Point","coordinates":[-81.69627,38.35309]}},{"type":"Feature","properties":{"id":"e5a412e902","n":"Citynet Charleston","o":"Citynet, LLC","city":"Charleston","st":"WV","mkt":"Charleston WV","s":"Active","raw":"Active","p":"census"},"geometry":{"type":"Point","coordinates":[-81.63995,38.35243]}},{"type":"Feature","properties":{"id":"13e1fcc4bb","n":"Pinnacle Technical Solutions Data Center","o":"Pinnacle Technical Solutions","city":"Nitro","st":"WV","mkt":"Charleston WV","s":"Active","raw":"Active","p":"census"},"geometry":{"type":"Point","coordinates":[-81.83187,38.44321]}},{"type":"Feature","properties":{"id":"b4f05611c2","n":"Citynet Morgantown","o":"Citynet, LLC","city":"Star City","st":"WV","mkt":"Morgantown","s":"Active","raw":"Active","p":"census"},"geometry":{"type":"Point","coordinates":[-79.98997,39.65941]}},{"type":"Feature","properties":{"id":"3799dbe902","n":"Ridgeline Facility","o":"Unknown Company","city":"Davis","st":"WV","mkt":"Parsons","s":"Planned","raw":"Planned","p":"city"},"geometry":{"type":"Point","coordinates":[-79.46476,39.12873]}},{"type":"Feature","properties":{"id":"a22bb007a2","n":"Continent 8 West Virginia DC2","o":"Continent 8 Technologies","city":"Petersburg","st":"WV","mkt":"Petersburg","s":"Active","raw":"Active","p":"city"},"geometry":{"type":"Point","coordinates":[-79.12398,38.99249]}},{"type":"Feature","properties":{"id":"e69f9d1c30","n":"Monarch Compute Campus","o":"Nscale Ltd.","city":"Point Pleasant","st":"WV","mkt":"Point Pleasant","s":"Planned","raw":"Planned","p":"city"},"geometry":{"type":"Point","coordinates":[-82.13709,38.84453]}},{"type":"Feature","properties":{"id":"8e08d81a03","n":"Silicon Foundation West Virginia","o":"Silicon Foundation","city":"Wheeling","st":"WV","mkt":"Wheeling","s":"Active","raw":"Active","p":"census"},"geometry":{"type":"Point","coordinates":[-80.703,40.10134]}},{"type":"Feature","properties":{"id":"9a252bea69","n":"Ark Data Centers Green Bay","o":"Ark Data Centers","city":"Harrison","st":"WI","mkt":"Appleton","s":"Active","raw":"Active","p":"city"},"geometry":{"type":"Point","coordinates":[-89.28516,45.06977]}},{"type":"Feature","properties":{"id":"462eceaa98","n":"HBS Little Chute","o":"Heartland Business System","city":"Little Chute","st":"WI","mkt":"Appleton","s":"Active","raw":"Active","p":"census"},"geometry":{"type":"Point","coordinates":[-88.29388,44.29654]}},{"type":"Feature","properties":{"id":"9e32c55d66","n":"New Era Technology - Appleton","o":"New Era Technology","city":"Appleton","st":"WI","mkt":"Appleton","s":"Active","raw":"Active","p":"census"},"geometry":{"type":"Point","coordinates":[-88.37062,44.29987]}},{"type":"Feature","properties":{"id":"38a39274ba","n":"Meta Beloit","o":"Meta Platforms (Cambrin LLC)","city":"Beloit","st":"WI","mkt":"Beloit","s":"Planned","raw":"Planned","p":"census"},"geometry":{"type":"Point","coordinates":[-88.98148,42.58392]}},{"type":"Feature","properties":{"id":"e419beb563","n":"Balloonist LLC","o":"Unknown Company","city":"Menomonie","st":"WI","mkt":"Eau Claire","s":"Planned","raw":"Planned","p":"city"},"geometry":{"type":"Point","coordinates":[-91.92787,44.87653]}},{"type":"Feature","properties":{"id":"4b68aee8b6","n":"WIN - Eau Claire Data Center","o":"WIN Technology","city":"Eau Claire","st":"WI","mkt":"Eau Claire","s":"Active","raw":"Active","p":"census"},"geometry":{"type":"Point","coordinates":[-91.4953,44.81593]}},{"type":"Feature","properties":{"id":"3cf2015fff","n":"Netsonic Wisconsin Datacenter","o":"Netsonic","city":"Green Bay","st":"WI","mkt":"Green Bay","s":"Active","raw":"Active","p":"census"},"geometry":{"type":"Point","coordinates":[-87.99717,44.5113]}},{"type":"Feature","properties":{"id":"67483de45e","n":"WIN - Green Bay Data Center","o":"WIN Technology","city":"Green Bay","st":"WI","mkt":"Green Bay","s":"Active","raw":"Active","p":"census"},"geometry":{"type":"Point","coordinates":[-88.01164,44.51519]}},{"type":"Feature","properties":{"id":"2dffa63b93","n":"ExcalTech Kenosha","o":"ExcalTech","city":"Kenosha","st":"WI","mkt":"Kenosha","s":"Active","raw":"Active","p":"census"},"geometry":{"type":"Point","coordinates":[-87.82164,42.60616]}},{"type":"Feature","properties":{"id":"c0dac232fd","n":"Microsoft - 90th Street & County Road KR","o":"Microsoft","city":"Mt Pleasant","st":"WI","mkt":"Kenosha","s":"Active","raw":"Active","p":"city"},"geometry":{"type":"Point","coordinates":[-87.85434,42.71916]}},{"type":"Feature","properties":{"id":"b3de9e4a83","n":"Microsoft Fairwater 1 Campus","o":"Microsoft","city":"Mt Pleasant","st":"WI","mkt":"Kenosha","s":"Active","raw":"Active","p":"city"},"geometry":{"type":"Point","coordinates":[-87.85434,42.71916]}},{"type":"Feature","properties":{"id":"06c09d3d90","n":"Microsoft Louis Sorenson Rd Campus","o":"Microsoft","city":"Sturtevant","st":"WI","mkt":"Kenosha","s":"Active","raw":"Active","p":"census"},"geometry":{"type":"Point","coordinates":[-87.93554,42.70771]}},{"type":"Feature","properties":{"id":"9f86f63862","n":"OFFSITE LLC","o":"OFFSITE LLC","city":"Kenosha","st":"WI","mkt":"Kenosha","s":"Active","raw":"Active","p":"census"},"geometry":{"type":"Point","coordinates":[-87.8206,42.6048]}},{"type":"Feature","properties":{"id":"d58d5f3b2d","n":"5NINES Data Center","o":"5NINES","city":"Madison","st":"WI","mkt":"Madison","s":"Active","raw":"Active","p":"census"},"geometry":{"type":"Point","coordinates":[-89.3865,43.07312]}},{"type":"Feature","properties":{"id":"b8af5e6a3c","n":"Beaver Dam Data Center Campus","o":"Unknown Company","city":"Beaver Dam","st":"WI","mkt":"Madison","s":"Active","raw":"Active","p":"city"},"geometry":{"type":"Point","coordinates":[-88.83733,43.45777]}},{"type":"Feature","properties":{"id":"5fbfb16803","n":"Connect Beaver Dam","o":"Connect Data Centers by Oppidan","city":"Beaver Dam","st":"WI","mkt":"Madison","s":"Active","raw":"Active","p":"census"},"geometry":{"type":"Point","coordinates":[-88.8089,43.50255]}},{"type":"Feature","properties":{"id":"350bcef245","n":"Dane County Data Exchange 2","o":"Dane County Data Exchange","city":"Madison","st":"WI","mkt":"Madison","s":"Active","raw":"Active","p":"city"},"geometry":{"type":"Point","coordinates":[-89.38417,43.07469]}},{"type":"Feature","properties":{"id":"97bb65724d","n":"Dane County Data Exchange I","o":"Dane County Data Exchange","city":"Madison","st":"WI","mkt":"Madison","s":"Active","raw":"Active","p":"census"},"geometry":{"type":"Point","coordinates":[-89.29826,43.04807]}},{"type":"Feature","properties":{"id":"ab7873752d","n":"EdgeConneX Madison - EDCMAD01","o":"EdgeConneX","city":"Madison","st":"WI","mkt":"Madison","s":"Active","raw":"Active","p":"census"},"geometry":{"type":"Point","coordinates":[-89.29826,43.04807]}},{"type":"Feature","properties":{"id":"19804055a9","n":"HC Colo #1","o":"Hoyos Consulting LLC","city":"Madison","st":"WI","mkt":"Madison","s":"Active","raw":"Active","p":"census"},"geometry":{"type":"Point","coordinates":[-89.39256,43.06722]}},{"type":"Feature","properties":{"id":"32c2f11240","n":"Lumen Madison","o":"Lumen","city":"Madison","st":"WI","mkt":"Madison","s":"Active","raw":"Active","p":"census"},"geometry":{"type":"Point","coordinates":[-89.39256,43.06722]}},{"type":"Feature","properties":{"id":"af1ef2556d","n":"Meta Beaver Dam","o":"Meta","city":"Beaver Dam","st":"WI","mkt":"Madison","s":"Active","raw":"Active","p":"city"},"geometry":{"type":"Point","coordinates":[-88.83733,43.45777]}},{"type":"Feature","properties":{"id":"861511226f","n":"QTS Wisconsin","o":"QTS Data Centers","city":"Vienna","st":"WI","mkt":"Madison","s":"Active","raw":"Active","p":"city","np":1},"geometry":{"type":"Point","coordinates":[-89.42077,43.25139]}},{"type":"Feature","properties":{"id":"5cedc0a0eb","n":"SupraNet Madison","o":"SupraNet Communications","city":"Madison","st":"WI","mkt":"Madison","s":"Active","raw":"Active","p":"census"},"geometry":{"type":"Point","coordinates":[-89.52508,43.07548]}},{"type":"Feature","properties":{"id":"427dc05138","n":"US Signal Madison WI01","o":"US Signal Company, LLC","city":"Madison","st":"WI","mkt":"Madison","s":"Active","raw":"Active","p":"census"},"geometry":{"type":"Point","coordinates":[-89.3865,43.07312]}},{"type":"Feature","properties":{"id":"4c14f7d87d","n":"US Signal Madison WI02","o":"US Signal Company, LLC","city":"Madison","st":"WI","mkt":"Madison","s":"Active","raw":"Active","p":"census"},"geometry":{"type":"Point","coordinates":[-89.42321,42.99523]}},{"type":"Feature","properties":{"id":"4fe0541afe","n":"Aventus 715","o":"Aventus Data Centers","city":"Marshfield","st":"WI","mkt":"Marshfield","s":"Active","raw":"Active","p":"city"},"geometry":{"type":"Point","coordinates":[-90.17403,44.66623]}},{"type":"Feature","properties":{"id":"bb2c1cb4c6","n":"Airiam Hartland","o":"Airiam","city":"Hartland","st":"WI","mkt":"Milwaukee","s":"Active","raw":"Active","p":"census"},"geometry":{"type":"Point","coordinates":[-88.34994,43.08725]}},{"type":"Feature","properties":{"id":"67358c58b3","n":"Aventus Lakes","o":"Aventus Data Centers","city":"Milwaukee","st":"WI","mkt":"Milwaukee","s":"Active","raw":"Active","p":"census"},"geometry":{"type":"Point","coordinates":[-88.00895,43.15161]}},{"type":"Feature","properties":{"id":"f94de167b6","n":"Cogent Data Center - Milwaukee","o":"Cogent Communications, Inc.","city":"Milwaukee","st":"WI","mkt":"Milwaukee","s":"Active","raw":"Active","p":"census"},"geometry":{"type":"Point","coordinates":[-87.90748,43.03873]}},{"type":"Feature","properties":{"id":"25672ab9df","n":"Cogent Data Center - Milwaukee 2","o":"Cogent Communications, Inc.","city":"Milwaukee","st":"WI","mkt":"Milwaukee","s":"Active","raw":"Active","p":"census"},"geometry":{"type":"Point","coordinates":[-87.91661,42.99218]}},{"type":"Feature","properties":{"id":"404dcfb836","n":"Data Holdings Data Center","o":"Data Holdings","city":"Milwaukee","st":"WI","mkt":"Milwaukee","s":"Active","raw":"Active","p":"census"},"geometry":{"type":"Point","coordinates":[-87.95312,43.04448]}},{"type":"Feature","properties":{"id":"5707437b60","n":"Ethoplex Data Center","o":"Ethoplex","city":"Germantown","st":"WI","mkt":"Milwaukee","s":"Active","raw":"Active","p":"city"},"geometry":{"type":"Point","coordinates":[-88.11037,43.22862]}},{"type":"Feature","properties":{"id":"80327de22e","n":"Expedient Franklin","o":"Expedient Data Centers","city":"Franklin","st":"WI","mkt":"Milwaukee","s":"Active","raw":"Active","p":"census"},"geometry":{"type":"Point","coordinates":[-87.97788,42.86379]}},{"type":"Feature","properties":{"id":"e608689a4b","n":"Franklin Datacenter","o":"CyberLynk Network Inc","city":"Franklin","st":"WI","mkt":"Milwaukee","s":"Active","raw":"Active","p":"census"},"geometry":{"type":"Point","coordinates":[-87.98223,42.86218]}},{"type":"Feature","properties":{"id":"b633d5f89e","n":"ISCorp North MQN","o":"ISCorp","city":"Mequon","st":"WI","mkt":"Milwaukee","s":"Active","raw":"Active","p":"census"},"geometry":{"type":"Point","coordinates":[-87.92436,43.20529]}},{"type":"Feature","properties":{"id":"463b8fe76f","n":"ISCorp South MQN","o":"ISCorp","city":"Mequon","st":"WI","mkt":"Milwaukee","s":"Active","raw":"Active","p":"census"},"geometry":{"type":"Point","coordinates":[-87.92437,43.20256]}},{"type":"Feature","properties":{"id":"01a2f203d4","n":"Lumen Milwaukee","o":"Lumen","city":"Brookfield","st":"WI","mkt":"Milwaukee","s":"Active","raw":"Active","p":"census"},"geometry":{"type":"Point","coordinates":[-88.18401,43.07794]}},{"type":"Feature","properties":{"id":"838a53c2c9","n":"Microsoft Project Nova Campus","o":"Microsoft","city":"Caledonia","st":"WI","mkt":"Milwaukee","s":"Active","raw":"Active","p":"census"},"geometry":{"type":"Point","coordinates":[-87.84806,42.83837]}},{"type":"Feature","properties":{"id":"b030326a01","n":"Netwurx Milwaukee","o":"Netwurx","city":"Milwaukee","st":"WI","mkt":"Milwaukee","s":"Active","raw":"Active","p":"census"},"geometry":{"type":"Point","coordinates":[-87.90748,43.03873]}},{"type":"Feature","properties":{"id":"31c327adcc","n":"New Era Technology - Milwaukee","o":"New Era Technology","city":"Milwaukee","st":"WI","mkt":"Milwaukee","s":"Active","raw":"Active","p":"census"},"geometry":{"type":"Point","coordinates":[-88.03641,43.04057]}},{"type":"Feature","properties":{"id":"bfb7b18777","n":"TSR Solutions Data Center","o":"TSR Solutions","city":"Milwaukee","st":"WI","mkt":"Milwaukee","s":"Active","raw":"Active","p":"census"},"geometry":{"type":"Point","coordinates":[-87.90748,43.03873]}},{"type":"Feature","properties":{"id":"0cf3c0e9d4","n":"TierPoint Milwaukee","o":"TierPoint","city":"West Milwaukee","st":"WI","mkt":"Milwaukee","s":"Active","raw":"Active","p":"osm"},"geometry":{"type":"Point","coordinates":[-87.96106,43.00949]}},{"type":"Feature","properties":{"id":"2bd8daca0c","n":"Uniti Brookfield","o":"Uniti Wholesale","city":"Brookfield","st":"WI","mkt":"Milwaukee","s":"Active","raw":"Active","p":"census"},"geometry":{"type":"Point","coordinates":[-88.08573,43.0282]}},{"type":"Feature","properties":{"id":"98dd00ab62","n":"Vantage Lighthouse Campus (Stargate Wisconsin)","o":"Vantage Data Centers","city":"Port Washington","st":"WI","mkt":"Milwaukee","s":"Active","raw":"Active","p":"city"},"geometry":{"type":"Point","coordinates":[-87.86928,43.38855]}},{"type":"Feature","properties":{"id":"6a7741e4a7","n":"Vaultas Milwaukee","o":"Vaultas","city":"Milwaukee","st":"WI","mkt":"Milwaukee","s":"Active","raw":"Active","p":"census"},"geometry":{"type":"Point","coordinates":[-87.95312,43.04448]}},{"type":"Feature","properties":{"id":"bcf751fcb5","n":"Veolia Data Center","o":"Veolia","city":"Greenfield","st":"WI","mkt":"Milwaukee","s":"Active","raw":"Active","p":"census"},"geometry":{"type":"Point","coordinates":[-88.01887,42.95753]}},{"type":"Feature","properties":{"id":"9ac45a76a9","n":"Wildcard One Data Center","o":"Wildcard Corp","city":"Mosinee","st":"WI","mkt":"Wausau","s":"Active","raw":"Active","p":"city"},"geometry":{"type":"Point","coordinates":[-89.70307,44.79277]}},{"type":"Feature","properties":{"id":"99f0c5d090","n":"CyberOne Data","o":"CyberOne Data","city":"Port Edwards","st":"WI","mkt":"Wisconsin Rapids","s":"Active","raw":"Active","p":"census"},"geometry":{"type":"Point","coordinates":[-89.85942,44.34285]}},{"type":"Feature","properties":{"id":"dbf71c1e07","n":"DPO Wisconsin Rapids","o":"Digital Power Optimization","city":"Wisconsin Rapids","st":"WI","mkt":"Wisconsin Rapids","s":"Building","raw":"Under Construction","p":"census"},"geometry":{"type":"Point","coordinates":[-89.8274,44.40528]}},{"type":"Feature","properties":{"id":"38313d3c9d","n":"Silver Star Communications","o":"Silver Star Communications","city":"Afton","st":"WY","mkt":"Afton","s":"Active","raw":"Active","p":"census"},"geometry":{"type":"Point","coordinates":[-110.92403,42.73145]}},{"type":"Feature","properties":{"id":"3c2391181a","n":"Data Center Of The Rockies","o":"Mountain West Technology Network","city":"Casper","st":"WY","mkt":"Casper","s":"Active","raw":"Active","p":"census"},"geometry":{"type":"Point","coordinates":[-106.33355,42.85986]}},{"type":"Feature","properties":{"id":"63330032c5","n":"Prometheus WY-2","o":"Prometheus Hyperscale","city":"Casper","st":"WY","mkt":"Casper","s":"Active","raw":"Active","p":"census"},"geometry":{"type":"Point","coordinates":[-106.1187,42.73648]}},{"type":"Feature","properties":{"id":"10810c5a72","n":"CleanSpark Cheyenne 1","o":"CleanSpark","city":"Cheyenne","st":"WY","mkt":"Cheyenne","s":"Active","raw":"Active","p":"city"},"geometry":{"type":"Point","coordinates":[-104.82025,41.13998]}},{"type":"Feature","properties":{"id":"9e0a6bcdea","n":"CleanSpark Cheyenne 2","o":"CleanSpark","city":"Cheyenne","st":"WY","mkt":"Cheyenne","s":"Active","raw":"Active","p":"census"},"geometry":{"type":"Point","coordinates":[-104.89477,41.12196]}},{"type":"Feature","properties":{"id":"88b7ad63fa","n":"Cogent Data Center - Cheyenne","o":"Cogent Communications, Inc.","city":"Cheyenne","st":"WY","mkt":"Cheyenne","s":"Active","raw":"Active","p":"census"},"geometry":{"type":"Point","coordinates":[-104.81094,41.12781]}},{"type":"Feature","properties":{"id":"38e9118ff2","n":"Google Project Tembo Campus","o":"Google","city":"Cheyenne","st":"WY","mkt":"Cheyenne","s":"Active","raw":"Active","p":"city"},"geometry":{"type":"Point","coordinates":[-104.82025,41.13998]}},{"type":"Feature","properties":{"id":"748edb50c7","n":"Lunavi Cheyenne","o":"Lunavi","city":"Cheyenne","st":"WY","mkt":"Cheyenne","s":"Active","raw":"Active","p":"census"},"geometry":{"type":"Point","coordinates":[-104.7406,41.12956]}},{"type":"Feature","properties":{"id":"f903dc92ea","n":"MWTN - Cheyenne","o":"Mountain West Technology Network","city":"Cheyenne","st":"WY","mkt":"Cheyenne","s":"Active","raw":"Active","p":"census"},"geometry":{"type":"Point","coordinates":[-104.82852,41.17496]}},{"type":"Feature","properties":{"id":"999d69a35c","n":"Meta Cheyenne Campus","o":"Meta","city":"Cheyenne","st":"WY","mkt":"Cheyenne","s":"Active","raw":"Active","p":"city"},"geometry":{"type":"Point","coordinates":[-104.82025,41.13998]}},{"type":"Feature","properties":{"id":"c9ec39d739","n":"Microsoft - HR Ranch Road","o":"Microsoft","city":"Cheyenne","st":"WY","mkt":"Cheyenne","s":"Active","raw":"Active","p":"city"},"geometry":{"type":"Point","coordinates":[-104.82025,41.13998]}},{"type":"Feature","properties":{"id":"b0300483b2","n":"Microsoft Bison Business Park","o":"Microsoft","city":"Cheyenne","st":"WY","mkt":"Cheyenne","s":"Active","raw":"Active","p":"city"},"geometry":{"type":"Point","coordinates":[-104.82025,41.13998]}},{"type":"Feature","properties":{"id":"204e8e8af1","n":"Microsoft Cheyenne Business Parkway","o":"Microsoft","city":"Cheyenne","st":"WY","mkt":"Cheyenne","s":"Active","raw":"Active","p":"city"},"geometry":{"type":"Point","coordinates":[-104.82025,41.13998]}},{"type":"Feature","properties":{"id":"5f0d41f16a","n":"Microsoft Cheyenne Campus","o":"Microsoft","city":"Cheyenne","st":"WY","mkt":"Cheyenne","s":"Active","raw":"Active","p":"census"},"geometry":{"type":"Point","coordinates":[-104.89644,41.1256]}},{"type":"Feature","properties":{"id":"6feeac1143","n":"Related Digital Cheyenne","o":"Related Digital","city":"Cheyenne","st":"WY","mkt":"Cheyenne","s":"Active","raw":"Active","p":"city"},"geometry":{"type":"Point","coordinates":[-104.82025,41.13998]}},{"type":"Feature","properties":{"id":"6714eb6d30","n":"Prometheus WY-1","o":"Prometheus Hyperscale","city":"Evanston","st":"WY","mkt":"Evanston","s":"Active","raw":"Active","p":"city"},"geometry":{"type":"Point","coordinates":[-110.96376,41.26825]}}]}