{"type":"FeatureCollection","features":[{"type":"Feature","properties":{"id":"8f0bd2604d","company":"Alabama Power Company (Southern Company)","facility":"Corporate Headquarters","sector":"Utility","goal":"Parent Southern Company publishes broad environmental-priorities and net-zero pages; no specific quantified water-reduction target found in the pages checked (contrast with Consumers Energy in Michigan, which has a very specific water target)","fit":"x402gal","state":"Alabama","st":"AL","city":"Birmingham","source":"southerncompany.com/sustainability/net-zero-and-environmental-priorities","placement":"census"},"geometry":{"type":"Point","coordinates":[-86.81187,33.517914]}},{"type":"Feature","properties":{"id":"933040e151","company":"Georgia-Pacific LLC","facility":"Naheola Mill","sector":"Pulp & Paper Manufacturing","goal":"Same as Georgia-Pacific's Georgia headquarters entry: no quantified corporate water target published","fit":"Parjana","state":"Alabama","st":"AL","city":"Pennington","source":"GridInfo plant record - Georgia-Pacific Consumer Products LP, Naheola","placement":"city"},"geometry":{"type":"Point","coordinates":[-88.056129,32.207089]}},{"type":"Feature","properties":{"id":"729ec38662","company":"Honda Manufacturing of Alabama","facility":"Lincoln Auto Plant","sector":"Automotive Manufacturing","goal":"Parent Honda Motor's global environmental vision targets 'zero industrial water withdrawal' by 2050 (long-term directional goal; no confirmed intermediate percentage targets)","fit":"HydroCoin","state":"Alabama","st":"AL","city":"Lincoln","source":"global.honda/en/environment/initiatives/water","placement":"city"},"geometry":{"type":"Point","coordinates":[-86.118306,33.613159]}},{"type":"Feature","properties":{"id":"1840cece93","company":"Hyundai Motor Manufacturing Alabama (HMMA)","facility":"Montgomery Assembly Plant","sector":"Automotive Manufacturing","goal":"General environmental policy built on 'prevention, improvement, conformance' principles; no quantified water percentage or target year found on the plant's own environmental policy page","fit":"Parjana","state":"Alabama","st":"AL","city":"Montgomery","source":"hmmausa.com/our-company/hmma-environmental-policy","placement":"census"},"geometry":{"type":"Point","coordinates":[-86.336641,32.277632]}},{"type":"Feature","properties":{"id":"102c3b9aa6","company":"Mercedes-Benz U.S. International (MBUSI)","facility":"Vance Assembly Plant","sector":"Automotive Manufacturing","goal":"Parent Mercedes-Benz Group's 'Ambition 2039' targets CO2 neutrality by 2039 across the fleet and plant network; no MBUSI-specific or group-wide water percentage/target year confirmed in this pass","fit":"Parjana","state":"Alabama","st":"AL","city":"Vance","source":"group.mercedes-benz.com/sustainability/environment-climate/decarbonisation/ambition-2039","placement":"osm"},"geometry":{"type":"Point","coordinates":[-87.257311,33.182419]}},{"type":"Feature","properties":{"id":"5b490c539c","company":"Nucor Corporation","facility":"Nucor Steel Decatur","sector":"Steel Manufacturing (Sheet)","goal":"Same as Nucor's Tuscaloosa, AL entry: EAF steelmaking facilities recycle up to 90% of process water through on-site collection, filtration, and cooling before recirculation; no single quantified forward water target confirmed","fit":"Parjana","state":"Alabama","st":"AL","city":"Decatur","source":"Manta - Nucor Steel company listing","placement":"census"},"geometry":{"type":"Point","coordinates":[-87.072766,34.641179]}},{"type":"Feature","properties":{"id":"b7e63b7221","company":"Nucor Steel Tuscaloosa","facility":"Tuscaloosa Bar Mill","sector":"Steel Manufacturing","goal":"Parent Nucor Corporation has Net-Zero greenhouse-gas targets by 2050 (certified by the Global Steel Climate Council); no water-specific percentage/target year found in this research pass","fit":"Parjana","state":"Alabama","st":"AL","city":"Tuscaloosa","source":"nucor.com/sustainability; prnewswire.com (2024) - Nucor's Emissions Targets Certified","placement":"census"},"geometry":{"type":"Point","coordinates":[-87.506921,33.234002]}},{"type":"Feature","properties":{"id":"55e8b91fb5","company":"Vulcan Materials Company","facility":"World Headquarters","sector":"Construction Materials","goal":"Vulcan Foundation references environmental stewardship as a giving priority; no quantified water/carbon target found on the pages checked","fit":"Parjana","state":"Alabama","st":"AL","city":"Birmingham","source":"vulcanmaterials.com/social-responsibility/vulcan-foundation","placement":"census"},"geometry":{"type":"Point","coordinates":[-86.704371,33.483235]}},{"type":"Feature","properties":{"id":"27e4468bf5","company":"Chugach Electric Association","facility":"Anchorage Headquarters","sector":"Utility","goal":"35% carbon-intensity reduction by 2030 and 50% by 2040 (2012 baseline; 28% achieved as of 2023), plus a 100,000 MWh renewable-generation agreement target; no water-related goals found on the sustainability page checked","fit":"x402gal","state":"Alaska","st":"AK","city":"Anchorage","source":"chugachelectric.com/energy-solutions/sustainability","placement":"census"},"geometry":{"type":"Point","coordinates":[-149.912782,61.169953]}},{"type":"Feature","properties":{"id":"860b8f5bf9","company":"ConocoPhillips Alaska","facility":"Anchorage Offices (Conoco-Phillips Building)","sector":"Oil & Gas","goal":"Participates in an industry-wide 'sector performance goal of reducing fresh water use intensity' (no company-specific percentage/year found); discloses that 13.7% of fresh water withdrawal and 17.0% of fresh water consumption occurred in high-water-stress regions as of 2025","fit":"Parjana","state":"Alaska","st":"AK","city":"Anchorage","source":"conocophillips.com/sustainability/managing-local-environmental-risks/water","placement":"census"},"geometry":{"type":"Point","coordinates":[-149.895645,61.215547]}},{"type":"Feature","properties":{"id":"f59671d303","company":"Red Dog Mine (Teck Alaska Inc.)","facility":"Red Dog Zinc-Lead Mine","sector":"Mining","goal":"Operates under an Alaska Pollutant Discharge Elimination System (APDES) permit governing water discharge; no quantified water-reduction or stewardship percentage/target year found on Teck's site or corporate sustainability pages checked in this pass","fit":"Parjana","state":"Alaska","st":"AK","city":"Kotzebue (DeLong Mountains)","source":"teck.com/operations/united-states/operations/red-dog; dec.alaska.gov/spar/csp/sites/red-dog","placement":"city"},"geometry":{"type":"Point","coordinates":[-162.597762,66.898206]}},{"type":"Feature","properties":{"id":"99384f76ec","company":"Trident Seafoods Corporation","facility":"Anchorage Headquarters","sector":"Seafood Processing","goal":"General 'ocean stewardship' and sustainable-fisheries language; no quantified water usage or conservation target found in the pages checked","fit":"Parjana","state":"Alaska","st":"AK","city":"Anchorage","source":"tridentseafoods.com/about-us","placement":"census"},"geometry":{"type":"Point","coordinates":[-149.94387,61.175148]}},{"type":"Feature","properties":{"id":"c0b5f520c2","company":"Abbott Laboratories","facility":"Casa Grande (Abbott Nutrition)","sector":"Nutrition Manufacturing (Infant Formula)","goal":"Same as Abbott's Illinois headquarters entry: 2030 water stewardship targets (certification and program-based, not a percentage-reduction figure)","fit":"Parjana","state":"Arizona","st":"AZ","city":"Casa Grande","source":"Yelp business listing","placement":"city"},"geometry":{"type":"Point","coordinates":[-111.753682,32.877283]}},{"type":"Feature","properties":{"id":"b0e26a5e78","company":"Freeport-McMoRan Inc.","facility":"Bagdad Mine","sector":"Mining (Copper)","goal":"Same as the Morenci Mine entry above","fit":"Parjana","state":"Arizona","st":"AZ","city":"Bagdad","source":"fcx.com/operations/north-america","placement":"city"},"geometry":{"type":"Point","coordinates":[-113.178854,34.572302]}},{"type":"Feature","properties":{"id":"6daca90698","company":"Freeport-McMoRan Inc.","facility":"Corporate Headquarters (Freeport-McMoRan Center)","sector":"Mining (Corporate HQ)","goal":"Same as the Morenci Mine entry above: 83% of water used across global sites in 2025 was recycled or reused","fit":"Parjana","state":"Arizona","st":"AZ","city":"Phoenix","source":"Wikipedia - Freeport-McMoRan Center","placement":"census"},"geometry":{"type":"Point","coordinates":[-112.073747,33.451749]}},{"type":"Feature","properties":{"id":"7167c1cc8a","company":"Freeport-McMoRan Inc.","facility":"Miami Mine","sector":"Mining/Smelting (Copper)","goal":"Same as the Morenci Mine entry above","fit":"Parjana","state":"Arizona","st":"AZ","city":"Miami (Gila County)","source":"fcx.com/operations/north-america","placement":"city"},"geometry":{"type":"Point","coordinates":[-110.870766,33.399478]}},{"type":"Feature","properties":{"id":"132a8326f0","company":"Freeport-McMoRan Inc.","facility":"Morenci Mine","sector":"Mining","goal":"83% of water used across global sites in 2025 was recycled or reused; water use efficiency averaged 89% across sites over the prior five years (performance metrics, not a stated forward percentage target/year)","fit":"HydroCoin","state":"Arizona","st":"AZ","city":"Morenci","source":"miningdigital.com - Freeport-McMoRan's Water Strategy Accelerates; fcx.com/sustainability/environment","placement":"city"},"geometry":{"type":"Point","coordinates":[-109.32598,33.05129]}},{"type":"Feature","properties":{"id":"c2ab93b882","company":"Freeport-McMoRan Inc.","facility":"Safford/Lone Star Mine","sector":"Mining (Copper)","goal":"Same as the Morenci Mine entry above","fit":"Parjana","state":"Arizona","st":"AZ","city":"Safford (Graham County)","source":"fcx.com/operations/north-america","placement":"city"},"geometry":{"type":"Point","coordinates":[-109.713182,32.833225]}},{"type":"Feature","properties":{"id":"f5a676f68b","company":"Freeport-McMoRan Inc.","facility":"Sierrita Mine","sector":"Mining (Copper/Molybdenum)","goal":"Same as the Morenci Mine entry above","fit":"Parjana","state":"Arizona","st":"AZ","city":"Sahuarita (Pima County)","source":"fcx.com/operations/north-america","placement":"city"},"geometry":{"type":"Point","coordinates":[-110.955664,31.957531]}},{"type":"Feature","properties":{"id":"955ab01f02","company":"Intel Corporation","facility":"Ocotillo Campus","sector":"Semiconductor Manufacturing","goal":"Net positive water across all operations by 2030 (restoring more freshwater than consumed); the Ocotillo campus has previously been recognized for water stewardship","fit":"HydroCoin","state":"Arizona","st":"AZ","city":"Chandler","source":"theregister.com (Jul 2022) - Intel's net positive water use only tells part of the story","placement":"census"},"geometry":{"type":"Point","coordinates":[-111.877274,33.243602]}},{"type":"Feature","properties":{"id":"1c830f8bcc","company":"Salt River Project (SRP)","facility":"SRP Headquarters / Project Administration Building","sector":"Utility","goal":"30% reduction in generation-related water-use intensity by 2035 (2005 baseline); conserve 5 billion gallons of water by 2035; store at least 1 million acre-feet of water supplies underground; increase beneficial use during flood events by up to 100,000 acre-feet","fit":"HydroCoin","state":"Arizona","st":"AZ","city":"Tempe","source":"srpnet.com/grid-water-management/future-planning/sustainability","placement":"census"},"geometry":{"type":"Point","coordinates":[-111.954032,33.444768]}},{"type":"Feature","properties":{"id":"c7035d2e00","company":"TSMC Arizona","facility":"Phoenix Fab Complex (Fab 21)","sector":"Semiconductor Manufacturing","goal":"Building a 15-acre industrial water reclamation plant (operational 2028) targeting an 85% water recycling rate, expanding to 90%+; once all three Phoenix fabs are complete, projected water demand of 16.4M gallons/day drops to ~4.2M gallons/day sourced from the city due to recycling","fit":"HydroCoin","state":"Arizona","st":"AZ","city":"Phoenix","source":"axios.com (Aug 2025) - TSMC industrial water reclamation plant Phoenix; azfamily.com coverage","placement":"city"},"geometry":{"type":"Point","coordinates":[-112.074141,33.448437]}},{"type":"Feature","properties":{"id":"0363563788","company":"Entergy Arkansas, LLC","facility":"Corporate Headquarters","sector":"Utility","goal":"Parent Entergy Corporation reports a facility-specific water conservation goal of 30% (exceeded since 2016) at its Lewis Creek Power Plant and a 99.95% water-compliance rate company-wide in 2025; no company-wide freshwater-withdrawal reduction percentage/target year confirmed for Entergy Arkansas specifically","fit":"x402gal","state":"Arkansas","st":"AR","city":"Little Rock","source":"entergy.com/environment/stewardship","placement":"census"},"geometry":{"type":"Point","coordinates":[-92.275014,34.744631]}},{"type":"Feature","properties":{"id":"7df4789124","company":"Georgia-Pacific LLC","facility":"Crossett Paper Operations","sector":"Pulp & Paper / Tissue Manufacturing","goal":"Same as Georgia-Pacific's Georgia headquarters entry: no quantified corporate water target published; states ~12% of water at its mills is consumed during pulp/papermaking, most is recycled","fit":"Parjana","state":"Arkansas","st":"AR","city":"Crossett","source":"globenewswire.com - Georgia-Pacific Announces $90 Million Investment to Grow Consumer Tissue Business","placement":"city"},"geometry":{"type":"Point","coordinates":[-91.96297,33.12639]}},{"type":"Feature","properties":{"id":"ca382ebd2e","company":"J.B. Hunt Transport Services, Inc.","facility":"Corporate Headquarters","sector":"Trucking & Logistics","goal":"32% reduction in carbon emission intensity by 2034 (2019 baseline), via alternative-powered equipment, biogenic fuels, fuel economy, and intermodal conversion; no water-related goal found on the environmental sustainability page checked","fit":"Parjana","state":"Arkansas","st":"AR","city":"Lowell","source":"jbhunt.com/our-company/esg/environmental-sustainability","placement":"census"},"geometry":{"type":"Point","coordinates":[-94.147858,36.246936]}},{"type":"Feature","properties":{"id":"619da5e919","company":"Murphy USA Inc.","facility":"Corporate Headquarters","sector":"Fuel & Convenience Retail","goal":"Parent Murphy Group's 'Murphy at 80' plan targets a 25% net reduction in emissions by 2031; environmental ESG page references 'minimising landfill waste, material and water use' as a general principle, with no quantified water percentage or target year found","fit":"Parjana","state":"Arkansas","st":"AR","city":"El Dorado","source":"murphygroup.com/esg/environmental/","placement":"census"},"geometry":{"type":"Point","coordinates":[-92.662823,33.214056]}},{"type":"Feature","properties":{"id":"8531b91e69","company":"Tyson Foods, Inc.","facility":"World Headquarters","sector":"Food Processing","goal":"Previously announced goal: 12% reduction in water usage (per pound of finished product, 2015 baseline) by the end of 2020; no updated/current water target found in this research pass -- the 2020 target year has already passed, so this goal reads as stale/expired","fit":"HydroCoin","state":"Arkansas","st":"AR","city":"Springdale","source":"tysonfoods.com/news/news-releases/2016/3/water-conservation-goal-announced-third-segment-tyson-foods","placement":"census"},"geometry":{"type":"Point","coordinates":[-94.15316,36.152868]}},{"type":"Feature","properties":{"id":"ed13694ed9","company":"Walmart Inc.","facility":"Home Office","sector":"Retail","goal":"Commitment to help protect, manage, or restore at least 50 million acres of land and 1 million square miles of ocean by 2030 (broad nature commitment); no water-specific percentage or target year found on the sustainability pages checked","fit":"Parjana","state":"Arkansas","st":"AR","city":"Bentonville","source":"walmart.org/what-we-do/advancing-sustainability/nature","placement":"census"},"geometry":{"type":"Point","coordinates":[-94.216644,36.364328]}},{"type":"Feature","properties":{"id":"7580325ba4","company":"Abbott Laboratories","facility":"Santa Clara (Abbott Vascular)","sector":"Medical Devices (Vascular)","goal":"Same as Abbott's Illinois headquarters entry: 2030 water stewardship targets (certification and program-based, not a percentage-reduction figure)","fit":"Parjana","state":"California","st":"CA","city":"Santa Clara","source":"Yelp business listing","placement":"city"},"geometry":{"type":"Point","coordinates":[-121.955174,37.354113]}},{"type":"Feature","properties":{"id":"ebe251bbae","company":"Abbott Laboratories","facility":"Temecula (Abbott Vascular)","sector":"Medical Devices (Vascular)","goal":"Same as Abbott's Illinois headquarters entry: 2030 water stewardship targets (certification and program-based, not a percentage-reduction figure)","fit":"Parjana","state":"California","st":"CA","city":"Temecula","source":"ICIJ Medical Devices Database","placement":"census"},"geometry":{"type":"Point","coordinates":[-117.156327,33.519088]}},{"type":"Feature","properties":{"id":"85ac9bffa5","company":"Alphabet Inc. (Google)","facility":"Googleplex Headquarters","sector":"Technology","goal":"Replenish more freshwater than consumed, on average, across offices and data centers by 2030 (water-positive commitment); 165 water-stewardship projects in its portfolio as of end of 2025","fit":"HydroCoin","state":"California","st":"CA","city":"Mountain View","source":"sustainability.google/reports/water-stewardship-project-portfolio/ ; blog.google 2026 Water Stewardship Portfolio","placement":"census"},"geometry":{"type":"Point","coordinates":[-122.083521,37.42312]}},{"type":"Feature","properties":{"id":"13fe813445","company":"Apple Inc.","facility":"Apple Park","sector":"Technology","goal":"Replenish 100% of corporate facilities' freshwater withdrawals in high-stress locations by 2030; drive suppliers to an average water reuse rate of 50% by 2030 via the Supplier Clean Water Program; certify all owned data centers to the Alliance for Water Stewardship Standard by end of 2025","fit":"HydroCoin","state":"California","st":"CA","city":"Cupertino","source":"apple.com/environment/pdf/Apples_Water_Strategy.pdf (Mar 2025)","placement":"osm"},"geometry":{"type":"Point","coordinates":[-122.010806,37.337119]}},{"type":"Feature","properties":{"id":"7eea53f862","company":"Blue Diamond Growers","facility":"Sacramento Headquarters","sector":"Agriculture / Food Processing (Almonds)","goal":"No company-wide quantified water target with a percentage/year found; a Sacramento plant modernization project is 'expected to reduce ... water use by 20%' (facility-specific, not company-wide), and the company reports 95% of member orchards in its stewardship program use efficient micro-irrigation systems (a current adoption rate, not a forward target)","fit":"Parjana","state":"California","st":"CA","city":"Sacramento","source":"prnewswire.com (2022) - Blue Diamond Growers Announces Latest Sustainability Achievements","placement":"census"},"geometry":{"type":"Point","coordinates":[-121.479172,38.584985]}},{"type":"Feature","properties":{"id":"d083f68184","company":"Chevron Corporation","facility":"El Segundo Refinery","sector":"Oil & Gas Refining","goal":"No forward-looking quantified company-wide water target, but Chevron reports reclaimed water is used for 70% of processes at this specific refinery (historical performance figure, not a stated forward target)","fit":"HydroCoin","state":"California","st":"CA","city":"El Segundo","source":"chevron.com/-/media/chevron/PDF-Reports/Corporate-Responsibility/environment-water.pdf","placement":"census"},"geometry":{"type":"Point","coordinates":[-118.416099,33.916303]}},{"type":"Feature","properties":{"id":"b9ba451ff6","company":"Chevron Corporation","facility":"Former World Headquarters (San Ramon)","sector":"Oil & Gas","goal":"No company-wide quantified water conservation or freshwater-withdrawal-reduction target found; Chevron states it will 'strive to conserve, reuse and recycle water in water-constrained areas' and cites site-specific historical achievements (e.g., reclaimed water used for 70% of processes at its El Segundo, CA refinery) rather than forward targets","fit":"Parjana","state":"California","st":"CA","city":"San Ramon","source":"chevron.com/-/media/chevron/PDF-Reports/Corporate-Responsibility/environment-water.pdf","placement":"census"},"geometry":{"type":"Point","coordinates":[-121.960049,37.76139]}},{"type":"Feature","properties":{"id":"55194b91bc","company":"E. & J. Gallo Winery","facility":"Modesto Headquarters/Winery","sector":"Beverage / Wine Production","goal":"No quantified, company-wide water conservation or reduction target with a percentage/year found; sustainability reporting describes water-related operational practices (e.g., process-water management at the Livingston Winery, irrigation-water reduction at Whitehaven) rather than a formal numeric goal","fit":"Parjana","state":"California","st":"CA","city":"Modesto","source":"gallo.com/files/Gallo_2024-Sustainability-Impact-Report_FINAL.pdf","placement":"census"},"geometry":{"type":"Point","coordinates":[-120.983994,37.637687]}},{"type":"Feature","properties":{"id":"313afc9fcd","company":"Genentech, Inc. (a member of the Roche Group)","facility":"Oceanside Biologics Manufacturing Facility","sector":"Biotechnology / Pharmaceutical Manufacturing","goal":"Same company-level water-goal gap as the South San Francisco headquarters (states a 2006 water-goal history but no current quantified water target confirmed); this large next-generation biologics manufacturing facility is a major process-water user","fit":"Parjana","state":"California","st":"CA","city":"Oceanside","source":"gene.com/contact-us/visit-us/oceanside ; gene.com/good/sustainability/goals-and-performance","placement":"osm"},"geometry":{"type":"Point","coordinates":[-117.298646,33.211088]}},{"type":"Feature","properties":{"id":"5cae3fa973","company":"Genentech, Inc. (a member of the Roche Group)","facility":"South San Francisco Headquarters/Campus","sector":"Biotechnology / Pharmaceutical Manufacturing","goal":"States it was 'among the first biotech companies to publish greenhouse gas and water reduction goals' in 2006, but its current published 2029/2050 targets found in this pass cover only emissions (greenhouse gas, fleet, Scope 3) -- no current quantified water target was confirmed","fit":"Parjana","state":"California","st":"CA","city":"South San Francisco","source":"gene.com/good/sustainability/goals-and-performance","placement":"census"},"geometry":{"type":"Point","coordinates":[-122.378114,37.657114]}},{"type":"Feature","properties":{"id":"fa17a63dff","company":"Grimmway Farms (Grimmway Enterprises, Inc.)","facility":"Bakersfield / Kern County Growing & Processing Operations","sector":"Agriculture (Carrots)","goal":"General commitment to 'constantly improve practices to reduce waste and minimize use of energy, water and fertilizer'; no quantified water-reduction percentage or target year found in this research pass","fit":"Parjana","state":"California","st":"CA","city":"Bakersfield","source":"grimmway.com/sustainability/","placement":"city"},"geometry":{"type":"Point","coordinates":[-119.019463,35.373871]}},{"type":"Feature","properties":{"id":"e9e3bd3724","company":"Intel Corporation","facility":"Folsom Campus","sector":"Semiconductor Manufacturing","goal":"Same company-wide net positive water by 2030 target as the Santa Clara campus","fit":"HydroCoin","state":"California","st":"CA","city":"Folsom","source":"theregister.com (Jul 2022) - Intel's net positive water use only tells part of the story","placement":"census"},"geometry":{"type":"Point","coordinates":[-121.160244,38.646859]}},{"type":"Feature","properties":{"id":"4dd99512d5","company":"Intel Corporation","facility":"Santa Clara Corporate Headquarters","sector":"Semiconductor Manufacturing","goal":"Company-wide goal: net positive water across all operations by 2030 (restoring more freshwater than consumed) -- the same global target applied at Intel's Arizona campus","fit":"HydroCoin","state":"California","st":"CA","city":"Santa Clara","source":"theregister.com (Jul 2022) - Intel's net positive water use only tells part of the story","placement":"census"},"geometry":{"type":"Point","coordinates":[-121.96494,37.388659]}},{"type":"Feature","properties":{"id":"eb0f4a5670","company":"Leprino Foods Company","facility":"Lemoore Manufacturing Facility","sector":"Dairy / Cheese Manufacturing","goal":"Same company-wide water-intensity goal as Leprino's Colorado headquarters entry: reduce water intensity (gallons per 1,000 lbs milk processed) by 20% by 2030 (2020 baseline)","fit":"HydroCoin","state":"California","st":"CA","city":"Lemoore","source":"Dairy Foods directory - Leprino Foods Co, Lemoore, CA","placement":"census"},"geometry":{"type":"Point","coordinates":[-119.788491,36.303329]}},{"type":"Feature","properties":{"id":"31006f5b64","company":"Los Angeles Department of Water and Power (LADWP)","facility":"John Ferraro Building / Headquarters","sector":"Utility (Municipal Water & Power)","goal":"Operation NEXT: recycle 100% of the city's treated wastewater (via the Hyperion Water Reclamation Plant) for local reuse/groundwater recharge by 2035, part of a roughly $2 billion investment program","fit":"HydroCoin","state":"California","st":"CA","city":"Los Angeles","source":"ladwp.com/who-we-are/water-system/recycled-water ; ladwpnews.com/hyperion-water-reuse-and-resiliency-program/","placement":"census"},"geometry":{"type":"Point","coordinates":[-118.24977,34.056555]}},{"type":"Feature","properties":{"id":"56dcbab848","company":"Meta Platforms, Inc.","facility":"Meta Headquarters","sector":"Technology","goal":"Company-wide commitment to become water positive by 2030 (restore more water than consumed), with continued investment in water stewardship at its data center communities","fit":"HydroCoin","state":"California","st":"CA","city":"Menlo Park","source":"sustainability.atmeta.com/water/ ; sustainability.atmeta.com/blog/2023/03/15/what-does-it-mean-to-be-water-positive/","placement":"osm"},"geometry":{"type":"Point","coordinates":[-122.163565,37.481859]}},{"type":"Feature","properties":{"id":"a6fafc7acf","company":"Northrop Grumman Corporation","facility":"Space Park (Redondo Beach)","sector":"Aerospace & Defense","goal":"Company-wide goal to decrease water use by 20% across all operations by 2020 (target year already passed; achieved a 25.6-million-gallon reduction at this facility between 2014 and 2017); an active pilot with West Basin Municipal Water District uses recycled water in cooling towers to save up to 16 million gallons of drinking water per year at this site","fit":"HydroCoin","state":"California","st":"CA","city":"Redondo Beach","source":"news.northropgrumman.com - Northrop Grumman and West Basin Water District Collaborate to Save Up to 16 Million Gallons of Drinking Water per Year","placement":"census"},"geometry":{"type":"Point","coordinates":[-118.378615,33.891235]}},{"type":"Feature","properties":{"id":"b9f5d98e45","company":"PG&E Corporation / Pacific Gas and Electric Company","facility":"Corporate Headquarters","sector":"Utility","goal":"No current quantified, company-wide water conservation or reduction target confirmed in this research pass (PG&E's public corporate-responsibility water reporting found dates to older report years); water/drought response is addressed operationally rather than via a current numeric target","fit":"x402gal","state":"California","st":"CA","city":"Oakland","source":"pgecorp.com/corp_responsibility (historical water reporting; no current quantified target confirmed)","placement":"osm"},"geometry":{"type":"Point","coordinates":[-122.264636,37.808559]}},{"type":"Feature","properties":{"id":"bae04bb053","company":"Qualcomm Incorporated","facility":"San Diego Headquarters","sector":"Semiconductor / Technology","goal":"No quantified water conservation goal with a specific percentage/target year found; stated objectives are directional -- 'seek additional, practical methods to enhance water conservation' and 'increase transparency on water use in our operation and our supply chain'","fit":"Parjana","state":"California","st":"CA","city":"San Diego","source":"qualcomm.com/media/documents/files/qualcomm-sustainability-goals.pdf","placement":"census"},"geometry":{"type":"Point","coordinates":[-117.195686,32.897242]}},{"type":"Feature","properties":{"id":"1aa4e40de4","company":"San Diego Gas & Electric Company (Sempra)","facility":"Corporate Headquarters","sector":"Utility","goal":"Directional commitment to 'reduce waste, decrease water use and reach net zero energy use in our operations by 2045'; no quantified water percentage or intermediate target year found in this research pass","fit":"x402gal","state":"California","st":"CA","city":"San Diego","source":"sdge.com/more-information/environment/sustainability-approach","placement":"census"},"geometry":{"type":"Point","coordinates":[-117.143978,32.823511]}},{"type":"Feature","properties":{"id":"e24232802d","company":"Tesla, Inc.","facility":"Fremont Factory","sector":"Automotive Manufacturing","goal":"Fremont Factory is TRUE Zero Waste certified and reports using less water per vehicle than the industry average; no specific company-wide water-reduction percentage or target year found in this research pass","fit":"Parjana","state":"California","st":"CA","city":"Fremont","source":"true.gbci.org/tesla-factory ; tesla-mag.com - Tesla Uses Less Water per Vehicle than Industry Average","placement":"osm"},"geometry":{"type":"Point","coordinates":[-121.941508,37.49269]}},{"type":"Feature","properties":{"id":"8886d80208","company":"The Walt Disney Company","facility":"Disneyland Resort","sector":"Entertainment / Theme Parks","goal":"Same company-wide 2030 environmental goals as Disney's Burbank, CA headquarters and Walt Disney World: 'implement site-specific watershed stewardship strategies at high-impact sites' by 2030 (no quantified water percentage/target year found for this commitment)","fit":"Parjana","state":"California","st":"CA","city":"Anaheim","source":"thewaltdisneycompany.com/press-releases/the-walt-disney-company-sets-2030-environmental-goals-2/","placement":"osm"},"geometry":{"type":"Point","coordinates":[-117.91965,33.805917]}},{"type":"Feature","properties":{"id":"d791e82622","company":"The Walt Disney Company","facility":"Walt Disney Studios / Corporate Headquarters","sector":"Entertainment / Theme Parks","goal":"2030 environmental goals commit to 'implement site-specific watershed stewardship strategies at high-impact sites' by 2030; no quantified water-reduction percentage or target year found for this commitment","fit":"Parjana","state":"California","st":"CA","city":"Burbank","source":"thewaltdisneycompany.com/press-releases/the-walt-disney-company-sets-2030-environmental-goals-2/","placement":"census"},"geometry":{"type":"Point","coordinates":[-118.326536,34.155128]}},{"type":"Feature","properties":{"id":"9d5c8cc873","company":"The Wonderful Company","facility":"Kern County Growing Operations (almonds, pistachios, citrus)","sector":"Agriculture (Almonds, Pistachios, Citrus)","goal":"20% less water used to grow each pound of pistachios via new rootstock technology (no stated target year); one of the largest private water users in the Central Valley given its orchard footprint","fit":"HydroCoin","state":"California","st":"CA","city":"Bakersfield / Kern County","source":"csr.wonderful.com/programs/sustainability","placement":"city"},"geometry":{"type":"Point","coordinates":[-119.019463,35.373871]}},{"type":"Feature","properties":{"id":"645c6a642c","company":"The Wonderful Company","facility":"Los Angeles Headquarters","sector":"Agriculture / Food & Beverage (Corporate HQ)","goal":"No company-wide quantified water target with a percentage/year found; states $400M invested in sustainable agriculture and a specific pistachio-only goal (new rootstock using 20% less water to grow each pound of pistachios, no stated target year)","fit":"Parjana","state":"California","st":"CA","city":"Los Angeles","source":"csr.wonderful.com/programs/sustainability","placement":"census"},"geometry":{"type":"Point","coordinates":[-118.443536,34.036754]}},{"type":"Feature","properties":{"id":"bad603393c","company":"Ball Corporation","facility":"World Headquarters / Colorado Campus","sector":"Aluminum Packaging Manufacturing","goal":"2030 Sustainability Goals: 50% water-efficiency improvement in can manufacturing company-wide, with a minimum 30% improvement across all existing facilities (2020-2030 baseline period)","fit":"HydroCoin","state":"Colorado","st":"CO","city":"Westminster","source":"ball.com/getattachment/0d8aaf85-a9c0-466b-8c5e-96ac8ac35ad3/BALL-2030-SUSTAINABILITY-GOALS-V10.pdf","placement":"census"},"geometry":{"type":"Point","coordinates":[-105.100846,39.892635]}},{"type":"Feature","properties":{"id":"a773aa8560","company":"Leprino Foods Company","facility":"Global Headquarters","sector":"Dairy / Cheese Manufacturing (Corporate HQ)","goal":"Same company-wide water-intensity goal referenced in the Greeley plant row above: reduce water intensity (gallons per 1,000 lbs milk processed) by 10% by 2025 (2019 baseline) and 20% by 2030 (2020 baseline)","fit":"HydroCoin","state":"Colorado","st":"CO","city":"Denver","source":"leprino.com/locations/denver-co/","placement":"census"},"geometry":{"type":"Point","coordinates":[-105.008548,39.769226]}},{"type":"Feature","properties":{"id":"22836cd67d","company":"Leprino Foods Company","facility":"Greeley Manufacturing Plant (cheese/whey processing)","sector":"Dairy / Food Processing","goal":"Operates as a net water contributor to Colorado watersheds -- generates roughly 600 acre-feet of water annually (enough to supply about 1,000 homes/year) by recovering whey-water condensate from milk processing, reusing it multiple times on site, then licensing the byproduct water to the City of Greeley","fit":"HydroCoin","state":"Colorado","st":"CO","city":"Greeley","source":"watereducationcolorado.org - From Coors to Leprino, Colorado manufacturers dialing down water use","placement":"city"},"geometry":{"type":"Point","coordinates":[-104.709132,40.423314]}},{"type":"Feature","properties":{"id":"2201279fae","company":"Molson Coors Beverage Company","facility":"Golden Brewery","sector":"Beverage / Brewing","goal":"Company-wide: improve water-use efficiency in large breweries by 22% (vs. 2016) to reach a 2.8 hl/hl water-to-product ratio, and improve agricultural-supply-chain/malting water-use efficiency by 10% (vs. 2016), both by 2025; at Golden specifically, the G150 modernization project targets saving 80 million gallons of water annually by end of 2024 (several-hundred-million-dollar investment); currently draws ~2.7 billion gallons/year from Clear Creek, with 95% of the 2 billion gallons used in brewing cleaned and returned to the river","fit":"HydroCoin","state":"Colorado","st":"CO","city":"Golden","source":"watereducationcolorado.org - From Coors to Leprino, Colorado manufacturers dialing down water use; molsoncoors.com/environmental-stewardship","placement":"census"},"geometry":{"type":"Point","coordinates":[-105.21857,39.760064]}},{"type":"Feature","properties":{"id":"07c5d75fad","company":"Morning Fresh Dairy","facility":"Bellvue Dairy & Processing Facility","sector":"Dairy Processing","goal":"30% water-consumption decrease achieved via an automated clean-in-place system for process pipes (facility-specific achievement; no stated forward percentage/target year found for a future goal)","fit":"Parjana","state":"Colorado","st":"CO","city":"Bellvue","source":"watereducationcolorado.org - From Coors to Leprino, Colorado manufacturers dialing down water use","placement":"city"},"geometry":{"type":"Point","coordinates":[-105.171648,40.626371]}},{"type":"Feature","properties":{"id":"c4dda30c58","company":"Swire Coca-Cola, USA","facility":"Denver Production Facility","sector":"Beverage Bottling","goal":"Approximately 20% water-usage reduction at this plant following installation of a new filtration and recovery system (facility-specific achievement; no stated forward percentage/target year found for a future goal)","fit":"HydroCoin","state":"Colorado","st":"CO","city":"Denver","source":"watereducationcolorado.org - From Coors to Leprino, Colorado manufacturers dialing down water use","placement":"census"},"geometry":{"type":"Point","coordinates":[-104.960482,39.77295]}},{"type":"Feature","properties":{"id":"3289b3d6c0","company":"Swire Coca-Cola, USA","facility":"Johnstown Plant (new, $475M facility at Peak Innovation Park)","sector":"Beverage Bottling/Manufacturing","goal":"Same as the Denver Production Facility row above: aims to safely return to communities and nature an amount of water equal to what it uses in finished beverages","fit":"HydroCoin","state":"Colorado","st":"CO","city":"Johnstown","source":"swirecc.com - Swire Coca-Cola New Manufacturing Facility in Colorado Springs press release","placement":"city"},"geometry":{"type":"Point","coordinates":[-104.909284,40.33503]}},{"type":"Feature","properties":{"id":"0a62979f6d","company":"Eversource Energy","facility":"Connecticut Corporate Office","sector":"Utility","goal":"Expanded water conservation and stewardship programs in 2023 (per company reporting); no quantified percentage or target year found in the water-management page checked this pass","fit":"x402gal","state":"Connecticut","st":"CT","city":"Hartford","source":"eversource.com/content/residential/about/sustainability/environmental-stewardship/water-management-quality","placement":"census"},"geometry":{"type":"Point","coordinates":[-72.672011,41.764753]}},{"type":"Feature","properties":{"id":"16c998d78a","company":"Pfizer Inc.","facility":"Groton Research & Development Campus","sector":"Pharmaceutical Research & Manufacturing","goal":"Company-wide commitment to 'conserving resources and reducing water withdrawal, particularly in water-stressed areas' and implementing site-level water stewardship plans; no quantified percentage or target year found in the pages checked -- contrast with Pfizer's climate/emissions goals, which do carry specific 2030/2040 percentages","fit":"Parjana","state":"Connecticut","st":"CT","city":"Groton","source":"pfizer.com/purpose/workplace-responsibility/green-journey/water","placement":"census"},"geometry":{"type":"Point","coordinates":[-72.076515,41.334584]}},{"type":"Feature","properties":{"id":"0d498e18c8","company":"Pratt & Whitney (RTX Corporation)","facility":"East Hartford Headquarters","sector":"Aerospace Manufacturing (Aircraft Engines)","goal":"2025 Sustainability Goals program (launched for the company's 100th anniversary) named water among its focus areas alongside waste and energy; specific quantified water percentage/target-year figures were not confirmed in the pages checked this pass","fit":"Parjana","state":"Connecticut","st":"CT","city":"East Hartford","source":"prnewswire.com - Pratt & Whitney Launches 2025 Sustainability Goals to Be Achieved by Its 100th Anniversary; rtx.com/en/prattwhitney/sustainability/greener-business","placement":"osm"},"geometry":{"type":"Point","coordinates":[-72.636325,41.751354]}},{"type":"Feature","properties":{"id":"cd6178c407","company":"Stanley Black & Decker, Inc.","facility":"New Britain World Headquarters","sector":"Tools & Industrial Manufacturing","goal":"Reduced water intensity by 5% in 2022 against a 2020 baseline (historical achievement); company commits to 'report comprehensively and transparently' on water sustainability but no forward dated percentage target was found in this pass; the company has separately earned a CDP double-A score for both climate and water stewardship","fit":"Parjana","state":"Connecticut","st":"CT","city":"New Britain","source":"stanleyblackanddecker.com/impact/planet/sustainable-water-use","placement":"census"},"geometry":{"type":"Point","coordinates":[-72.803822,41.693577]}},{"type":"Feature","properties":{"id":"cb38578f65","company":"DuPont de Nemours, Inc.","facility":"Global Headquarters (Chestnut Run Plaza)","sector":"Chemicals / Materials Science","goal":"2035 Sustainability Goals commit to 'strengthen water stewardship at priority sites using globally recognized standards' under the company's Resilient Operations pillar; no quantified water percentage or target year confirmed in this pass -- notably, DuPont has separately been recognized as 'Most Sustainable in the Water Sector' by World Finance, suggesting a stronger water program than this specific goal statement shows","fit":"HydroCoin","state":"Delaware","st":"DE","city":"Wilmington","source":"dupont.com/news/dupont-announces-new-2035-sustainability-goals.html ; dupont.com/news/dupont-named-most-sustainable-in-the-water-sector-by-world-finance.html","placement":"census"},"geometry":{"type":"Point","coordinates":[-75.602986,39.759959]}},{"type":"Feature","properties":{"id":"f790118d75","company":"Incyte Corporation","facility":"Wilmington Headquarters","sector":"Biotechnology / Pharmaceutical","goal":"No quantified water conservation or water-use goal with a specific percentage/target year found in this research pass; company reporting emphasizes green-building recognition (its Wilmington headquarters has received Green Building Initiative recognition) rather than a stated water target","fit":"Parjana","state":"Delaware","st":"DE","city":"Wilmington","source":"thegbi.org/project/incyte-hq/ ; investor.incyte.com - Incyte Expands Presence in Delaware through Acquisition of Two Downtown Wilmington Office Buildings","placement":"census"},"geometry":{"type":"Point","coordinates":[-75.553654,39.761961]}},{"type":"Feature","properties":{"id":"bca510f3a3","company":"The Chemours Company","facility":"World Wide Headquarters","sector":"Chemicals","goal":"2030 Goals state Chemours is 'committed to responsible stewardship of the water resources we need to produce our products'; 2023 reporting focuses on water-quality improvements and chemical-emission reductions rather than an overall water-consumption percentage/target year","fit":"Parjana","state":"Delaware","st":"DE","city":"Wilmington","source":"chemours.com/en/corporate-responsibility/2030-goals/shared-planet/water","placement":"city"},"geometry":{"type":"Point","coordinates":[-75.546589,39.745947]}},{"type":"Feature","properties":{"id":"95722f8242","company":"W. L. Gore & Associates, Inc.","facility":"Newark Headquarters","sector":"Materials Science Manufacturing","goal":"No quantified water conservation or water-use goal with a specific percentage/target year found in this research pass; W.L. Gore is privately held with limited public ESG/sustainability reporting compared to publicly traded peers on this list","fit":"Parjana","state":"Delaware","st":"DE","city":"Newark","source":"nema.org/membership/manufacturers/view/w-l-gore-associates-inc- ; company is privately held","placement":"census"},"geometry":{"type":"Point","coordinates":[-75.745567,39.707265]}},{"type":"Feature","properties":{"id":"525063e3a6","company":"CSX Corporation","facility":"Corporate Headquarters","sector":"Freight Rail Transportation","goal":"States a renewed 'commitment to environmental stewardship' and has been recognized by the Carbon Disclosure Project for environmental performance; no quantified water percentage or target year found in the pages checked this pass","fit":"Parjana","state":"Florida","st":"FL","city":"Jacksonville","source":"csx.com/index.cfm/about-us/media/press-releases/csx-renews-commitment-to-environmental-stewardship/","placement":"census"},"geometry":{"type":"Point","coordinates":[-81.664631,30.326077]}},{"type":"Feature","properties":{"id":"2fb1ea21d9","company":"Carnival Corporation & plc","facility":"Corporate Headquarters","sector":"Cruise Line / Travel & Leisure","goal":"Announced initial 2030 sustainability goals covering environmental performance broadly; no quantified freshwater or water-use percentage/target year confirmed in the pages checked this pass","fit":"Parjana","state":"Florida","st":"FL","city":"Miami","source":"carnivalcorp.com/news-releases/news-release-details/carnival-corporation-announces-initial-2030-sustainability-goals","placement":"census"},"geometry":{"type":"Point","coordinates":[-80.337233,25.806365]}},{"type":"Feature","properties":{"id":"5e882b2206","company":"Darden Restaurants, Inc.","facility":"Restaurant Support Center (Corporate Headquarters)","sector":"Food Service / Restaurants","goal":"Has tracked energy and water usage since 2008 and reports specific equipment-level savings (e.g., low-flow faucets and heated dipper wells save about 30,000 gallons/well per year); no company-wide forward water-reduction percentage or target year found in this research pass","fit":"Parjana","state":"Florida","st":"FL","city":"Orlando","source":"darden.com/our-impact/communities/sustainability/conserving-energy-water","placement":"city"},"geometry":{"type":"Point","coordinates":[-81.379045,28.542122]}},{"type":"Feature","properties":{"id":"766c75afda","company":"Lockheed Martin Corporation","facility":"Missiles and Fire Control -- Orlando","sector":"Aerospace & Defense","goal":"Company-wide 2025 Sustainability Management Plan covers energy, carbon (36% Scope 1&2 reduction from a 2020 baseline), and hazardous-chemicals goals; no comparable water-specific percentage or target year found in the plan; the Orlando site has an active groundwater pump-and-treat remediation system","fit":"Parjana","state":"Florida","st":"FL","city":"Orlando","source":"sustainability.lockheedmartin.com/sustainability/priorities-and-strategy/2025-sustainability-management-plan-and-goals/ ; wateronline.com - Lockheed Martin Missiles & Fire Control Groundwater Pump & Treat System","placement":"city"},"geometry":{"type":"Point","coordinates":[-81.379045,28.542122]}},{"type":"Feature","properties":{"id":"0009ebffb9","company":"NextEra Energy, Inc. / Florida Power & Light Company","facility":"Corporate Headquarters","sector":"Utility","goal":"No quantified water conservation or water-use goal with a specific percentage/target year found in this research pass; company environmental history highlights include its Juno Beach headquarters achieving Gold-level LEED certification (2011), a green-building achievement rather than a water target","fit":"x402gal","state":"Florida","st":"FL","city":"Juno Beach","source":"nexteraenergy.com/about-us/our-history/environmental.html","placement":"census"},"geometry":{"type":"Point","coordinates":[-80.059753,26.858161]}},{"type":"Feature","properties":{"id":"3be0ed7462","company":"Publix Super Markets, Inc.","facility":"Corporate Headquarters","sector":"Retail (Grocery)","goal":"States it is 'committed to conserving water throughout our operations' and reports saving millions of gallons annually through various initiatives; no quantified percentage or target year found (contrast with its stated 33% carbon-emissions-per-square-foot reduction since 2007, which is quantified)","fit":"Parjana","state":"Florida","st":"FL","city":"Lakeland","source":"csr.publix.com/planet/","placement":"osm"},"geometry":{"type":"Point","coordinates":[-82.0117,28.004895]}},{"type":"Feature","properties":{"id":"ed498ac132","company":"Royal Caribbean Group","facility":"Corporate Headquarters","sector":"Cruise Line / Travel & Leisure","goal":"Publishes an annual 'Seastainability Report' and has committed to 'Destination Net Zero' (net-zero emissions by 2050); no quantified freshwater or water-use percentage/target year found in the pages checked this pass","fit":"Parjana","state":"Florida","st":"FL","city":"Miami","source":"prnewswire.com - Royal Caribbean Group Announces 'Destination Net Zero'; cruiseindustrynews.com - Royal Caribbean Group Releases Annual Seastainability Report","placement":"census"},"geometry":{"type":"Point","coordinates":[-80.176836,25.776544]}},{"type":"Feature","properties":{"id":"22742fe808","company":"Ryder System, Inc.","facility":"Corporate Headquarters","sector":"Transportation & Logistics / Fleet Management","goal":"Publishes an annual CDP Climate Change response and sustainability report; no quantified water conservation or water-use percentage/target year found in the pages checked this pass","fit":"Parjana","state":"Florida","st":"FL","city":"Miami","source":"ryder.com/en-us/about-us/sustainability","placement":"census"},"geometry":{"type":"Point","coordinates":[-80.386151,25.869277]}},{"type":"Feature","properties":{"id":"fe3736014b","company":"The Mosaic Company","facility":"Bartow Manufacturing Facility","sector":"Phosphate / Chemical Processing","goal":"Same company-wide 20%-by-2025 water conservation target as Mosaic's Tampa, FL headquarters entry","fit":"HydroCoin","state":"Florida","st":"FL","city":"Bartow","source":"mosaicfloridaphosphate.com - Bartow Fact Sheet","placement":"city"},"geometry":{"type":"Point","coordinates":[-81.843323,27.896438]}},{"type":"Feature","properties":{"id":"8f90c43b6b","company":"The Mosaic Company","facility":"New Wales Manufacturing Facility","sector":"Mining / Phosphate & Crop Nutrients","goal":"Same company-wide 20%-by-2025 water conservation target as Mosaic's Tampa, FL headquarters entry","fit":"HydroCoin","state":"Florida","st":"FL","city":"Mulberry","source":"mosaicfloridaphosphate.com - New Wales Fact Sheet","placement":"census"},"geometry":{"type":"Point","coordinates":[-82.053817,27.850626]}},{"type":"Feature","properties":{"id":"fcecaa0714","company":"The Mosaic Company","facility":"Riverview Manufacturing Facility","sector":"Phosphate / Fertilizer Processing","goal":"Same company-wide 20%-by-2025 water conservation target as Mosaic's Tampa, FL headquarters entry","fit":"HydroCoin","state":"Florida","st":"FL","city":"Riverview","source":"mosaicfloridaphosphate.com - Riverview Fact Sheet","placement":"city"},"geometry":{"type":"Point","coordinates":[-82.326988,27.871197]}},{"type":"Feature","properties":{"id":"f235ed925c","company":"The Mosaic Company","facility":"World Headquarters","sector":"Mining / Phosphate & Crop Nutrients","goal":"Water conservation target of reducing overall water use 20% by 2025; currently recycles 95% of process water and uses only about half of its permitted water allowance under a 2012 voluntary Integrated Water Use Permit with the Southwest Florida Water Management District; nearby sections of the Upper Floridan Aquifer have recovered up to 16 feet of volume in recent years","fit":"HydroCoin","state":"Florida","st":"FL","city":"Tampa","source":"mosaicfloridaphosphate.com - Mosaic's Innovative Water Conservation Initiatives Help Recharge the Upper Floridan Aquifer","placement":"census"},"geometry":{"type":"Point","coordinates":[-82.459573,27.947077]}},{"type":"Feature","properties":{"id":"1a311f6198","company":"The Walt Disney Company","facility":"Walt Disney World Resort","sector":"Entertainment / Theme Parks","goal":"Same company-wide 2030 environmental goals as Disney's Burbank, CA headquarters: 'implement site-specific watershed stewardship strategies at high-impact sites' by 2030 (no quantified water percentage/target year); Walt Disney World's roughly 25,000-acre footprint (including the Reedy Creek Improvement District's water/flood-control infrastructure) makes it one of the largest privately managed watersheds in Florida","fit":"HydroCoin","state":"Florida","st":"FL","city":"Lake Buena Vista","source":"disneyexperiences.com/disneyworld/the-value-of-disney-reedy-creek-to-florida/ ; thewaltdisneycompany.com/press-releases/the-walt-disney-company-sets-2030-environmental-goals-2/","placement":"census"},"geometry":{"type":"Point","coordinates":[-81.525214,28.36928]}},{"type":"Feature","properties":{"id":"6999938411","company":"Alphabet Inc. (Google)","facility":"Douglas County Data Center","sector":"Technology / Data Center","goal":"Same company-wide goal as Google's California North headquarters entry: water positive by 2030","fit":"HydroCoin","state":"Georgia","st":"GA","city":"Lithia Springs","source":"datacentermap.com - Google Douglas County Data Center","placement":"census"},"geometry":{"type":"Point","coordinates":[-84.581198,33.749803]}},{"type":"Feature","properties":{"id":"f7a84db200","company":"Delta Air Lines, Inc.","facility":"World Headquarters","sector":"Airline","goal":"Sustainability reporting emphasizes carbon (net-zero aspiration) and sustainable aviation fuel goals; no quantified water conservation or water-use percentage/target year found in this research pass","fit":"Parjana","state":"Georgia","st":"GA","city":"Atlanta","source":"news.delta.com/category/sustainability","placement":"census"},"geometry":{"type":"Point","coordinates":[-84.423025,33.658052]}},{"type":"Feature","properties":{"id":"617ff436a5","company":"Georgia Ports Authority","facility":"Port of Savannah / Garden City Terminal","sector":"Port & Maritime Logistics (Public Authority)","goal":"States it is 'doing its part to keep litter out of coastal Georgia waters' and emphasizes water-quality maintenance; no quantified stormwater or water-conservation percentage/target year found in the environmental stewardship page checked this pass","fit":"Parjana","state":"Georgia","st":"GA","city":"Garden City","source":"gaports.com/sustainability/environmental-stewardship/ ; thecurrentga.org (2026) - Aquifer rebounds after International Paper closure","placement":"city"},"geometry":{"type":"Point","coordinates":[-81.154001,32.114371]}},{"type":"Feature","properties":{"id":"a8914dbb8e","company":"Georgia-Pacific LLC","facility":"Corporate Headquarters","sector":"Pulp & Paper / Forest Products Manufacturing","goal":"States 100% of the fresh fiber in its products is grown in North America under laws that protect forests, air, water, and wildlife; no quantified water-use-reduction percentage or target year found in the stewardship page checked -- notably weaker than its fiber-sourcing commitment, despite pulp/paper being one of the most water-intensive manufacturing sectors","fit":"Parjana","state":"Georgia","st":"GA","city":"Atlanta","source":"buildgp.com/stewardship","placement":"census"},"geometry":{"type":"Point","coordinates":[-84.387482,33.76155]}},{"type":"Feature","properties":{"id":"2bac1386f4","company":"Gulfstream Aerospace Corporation (a General Dynamics company)","facility":"Savannah Headquarters & Manufacturing Campus","sector":"Aerospace Manufacturing (Business Jets)","goal":"No quantified water conservation or water-use goal with a specific percentage/target year found in this research pass; company sustainability reporting for the Savannah campus was not located in the pages checked","fit":"Parjana","state":"Georgia","st":"GA","city":"Savannah","source":"gulfstream.com/en/ ; wtcsavannah.org/partner/gulfstream-aerospace-corporation/","placement":"census"},"geometry":{"type":"Point","coordinates":[-81.205427,32.141214]}},{"type":"Feature","properties":{"id":"a1381aa617","company":"Hyundai Motor Group Metaplant America (HMGMA)","facility":"Ellabell EV/Battery Plant","sector":"Automotive / EV Manufacturing","goal":"Both this plant and Hyundai's Alabama entry fall under Hyundai's overarching 2045 carbon-neutrality corporate pledge, but no shared, specific, numeric WATER target linking the two plants was confirmed; local reporting (Ogeechee Riverkeeper, GPB News) has specifically criticized Hyundai for not disclosing local water goals for this site or applying water-recycling practices used at its other global plants","fit":"Parjana","state":"Georgia","st":"GA","city":"Ellabell","source":"hmgma.com/contact-us/ ; gpb.org (Aug 2025) - Hyundai quiet on local water use","placement":"city"},"geometry":{"type":"Point","coordinates":[-81.485667,32.123537]}},{"type":"Feature","properties":{"id":"58b9e6fc19","company":"Kia Georgia, Inc. (Kia America)","facility":"West Point Manufacturing Plant","sector":"Automotive Manufacturing","goal":"Parent Kia America is investing $3 million over three years in a national partnership with The Nature Conservancy to help conserve 1 million kilometers of rivers and 30 million hectares of lakes, wetlands, and floodplains by 2030 (restoring wetlands, modernizing water infrastructure, and advancing sustainable agricultural water management); the announcement does not tie this program specifically to the West Point, Georgia plant","fit":"HydroCoin","state":"Georgia","st":"GA","city":"West Point","source":"prnewswire.com (Mar 2025) - Kia America Joins Forces with The Nature Conservancy to Support Freshwater Conservation","placement":"census"},"geometry":{"type":"Point","coordinates":[-85.113689,32.923492]}},{"type":"Feature","properties":{"id":"60b82cd516","company":"Molson Coors Beverage Company","facility":"Albany Brewery","sector":"Beverage / Brewing","goal":"Same company-wide goals as Molson Coors' Colorado (Golden) entry: 22% water-use-efficiency improvement at large breweries vs. a 2016 baseline","fit":"HydroCoin","state":"Georgia","st":"GA","city":"Albany","source":"molsoncoors.com/our-locations/us/brewery/albany","placement":"city"},"geometry":{"type":"Point","coordinates":[-84.155681,31.578206]}},{"type":"Feature","properties":{"id":"213d9de426","company":"Southern Company / Georgia Power Company","facility":"Georgia Power Headquarters","sector":"Utility","goal":"Supports the 'Waters for Georgia Grant' program and a 'My Drop Counts' business water-conservation campaign, and works to 'reduce, conserve and improve the water that is returned from our plants'; no quantified percentage or target year found in the pages checked this pass","fit":"x402gal","state":"Georgia","st":"GA","city":"Atlanta","source":"georgiapower.com/our-impact/environment.html","placement":"census"},"geometry":{"type":"Point","coordinates":[-84.380329,33.76411]}},{"type":"Feature","properties":{"id":"1a8dbe72e8","company":"The Coca-Cola Company","facility":"World Headquarters","sector":"Beverage","goal":"Global target: return more than 100% of the water used in finished products, on an aggregate basis, to nature and communities; a specific commitment to return 100% of total water used at each of 200+ individually identified high-risk locations by 2035; as of 2025, the company reports returning 160% of water used in beverages, with 34% of high-risk locations already individually meeting or exceeding the 100% benchmark","fit":"HydroCoin","state":"Georgia","st":"GA","city":"Atlanta","source":"coca-colacompany.com/about-us/environment/water","placement":"city"},"geometry":{"type":"Point","coordinates":[-84.389815,33.754466]}},{"type":"Feature","properties":{"id":"6e1e97c11d","company":"The Home Depot, Inc.","facility":"Store Support Center (Corporate Headquarters)","sector":"Retail (Home Improvement)","goal":"Promotes water conservation primarily through consumer-facing products (e.g., smart irrigation) rather than a quantified operational target; no company-wide water-use reduction percentage or target year found in this research pass","fit":"Parjana","state":"Georgia","st":"GA","city":"Atlanta","source":"ecoactions.homedepot.com/our-impact/water-conservation/","placement":"census"},"geometry":{"type":"Point","coordinates":[-84.483234,33.862057]}},{"type":"Feature","properties":{"id":"9c2eeb1918","company":"United Parcel Service, Inc. (UPS)","facility":"World Headquarters","sector":"Transportation & Logistics","goal":"Participates in the UN CEO Water Mandate's Water Action Hub; no quantified company-wide water conservation percentage or target year found in the pages checked this pass","fit":"Parjana","state":"Georgia","st":"GA","city":"Atlanta","source":"wateractionhub.org/organizations/51/d/ups/","placement":"census"},"geometry":{"type":"Point","coordinates":[-84.359996,33.936791]}},{"type":"Feature","properties":{"id":"6a1ae35aa1","company":"Vulcan Materials Company","facility":"Augusta/Grovetown Facility","sector":"Construction Materials (Aggregates Quarry)","goal":"Same as Vulcan's Alabama headquarters entry","fit":"Parjana","state":"Georgia","st":"GA","city":"Grovetown","source":"vulcanmaterials.com/construction-materials/facilities/view/augusta","placement":"census"},"geometry":{"type":"Point","coordinates":[-82.257874,33.525119]}},{"type":"Feature","properties":{"id":"446ff79c7f","company":"Vulcan Materials Company","facility":"Jackson County Quarry","sector":"Construction Materials (Aggregates Quarry)","goal":"Same as Vulcan's Alabama headquarters entry: no quantified water-use target with a target year found; company describes building a digital platform to track water usage and discharge-monitoring compliance data","fit":"Parjana","state":"Georgia","st":"GA","city":"Jefferson","source":"Jackson Co. Chamber of Commerce member listing","placement":"census"},"geometry":{"type":"Point","coordinates":[-83.635355,34.167418]}},{"type":"Feature","properties":{"id":"2840088c8b","company":"Vulcan Materials Company","facility":"Sparta Quarry","sector":"Construction Materials (Aggregates Quarry)","goal":"Same as Vulcan's Alabama headquarters entry","fit":"Parjana","state":"Georgia","st":"GA","city":"Sparta","source":"vulcanmaterials.com/construction-materials/facilities/sparta-quarry","placement":"census"},"geometry":{"type":"Point","coordinates":[-82.935838,33.291982]}},{"type":"Feature","properties":{"id":"e8e694b065","company":"Alexander & Baldwin, Inc.","facility":"Corporate Headquarters","sector":"Real Estate / Former Agriculture (Land Company)","goal":"As of June 2025, A&B fully divested ownership of the East Maui Irrigation system (its century-plus water-infrastructure legacy) to Mahi Pono; current sustainability reporting focuses on its remaining commercial real estate portfolio, with no quantified water conservation percentage or target year found in the pages checked","fit":"Parjana","state":"Hawaii","st":"HI","city":"Honolulu","source":"alexanderbaldwin.com/commitment/sustainability/ ; mauinow.com (Jun 2025) - End of an era","placement":"census"},"geometry":{"type":"Point","coordinates":[-157.862682,21.307743]}},{"type":"Feature","properties":{"id":"98236d9339","company":"Hawaiian Electric Industries, Inc.","facility":"Hawaiian Electric Main Office","sector":"Utility","goal":"Publishes environmental education materials on energy conservation, air/water quality monitoring, and seabird protection; no quantified water conservation percentage or target year found in the pages checked this pass","fit":"x402gal","state":"Hawaii","st":"HI","city":"Honolulu","source":"hawaiianelectric.com/about-us/our-vision-and-commitment/environmental-responsibility","placement":"census"},"geometry":{"type":"Point","coordinates":[-157.851709,21.300221]}},{"type":"Feature","properties":{"id":"0823a52ddb","company":"Mahi Pono, LLC","facility":"Central Maui Agricultural Operations / East Maui Irrigation System","sector":"Agriculture / Irrigation Infrastructure","goal":"Projects its diversified farming operation (14,000+ acres, 3 million+ trees, 9,000+ acres of pasture) will use roughly 50% less water than the sugarcane monocrop it replaced; the East Maui Irrigation system it now fully owns delivers up to 6 million gallons/day to the county water treatment plant and 1.5 million gallons/day to the Kula Agricultural Park; the company reports regularly to Hawaii's Department of Land and Natural Resources under its water permits","fit":"HydroCoin","state":"Hawaii","st":"HI","city":"Kahului","source":"mahipono.com/facts-and-figures ; mauinow.com (Jun 2025) - End of an era: Alexander & Baldwin transfers full ownership of East Maui Irrigation to Mahi Pono","placement":"city"},"geometry":{"type":"Point","coordinates":[-156.472712,20.88941]}},{"type":"Feature","properties":{"id":"c72a16faee","company":"Matson, Inc.","facility":"Corporate Headquarters / Terminal","sector":"Shipping & Logistics","goal":"States a general commitment to environmental sustainability and references a water-quality program, but no quantified water conservation percentage or target year was found in the pages checked this pass","fit":"Parjana","state":"Hawaii","st":"HI","city":"Honolulu","source":"matson.com/corporate/about_us/environmental.html","placement":"census"},"geometry":{"type":"Point","coordinates":[-157.877538,21.306329]}},{"type":"Feature","properties":{"id":"31dff61d39","company":"Chobani, LLC","facility":"Twin Falls Manufacturing Plant","sector":"Dairy / Food Processing","goal":"Twin Falls plant has installed a new filtration/water-recovery system and previously reported plans to reduce water use at the facility; the plant's ongoing $500 million expansion required the City of Twin Falls to permit an additional 1 million gallons/day pumped from the aquifer to supply it -- no company-wide quantified water-reduction percentage/target year confirmed in this research pass","fit":"HydroCoin","state":"Idaho","st":"ID","city":"Twin Falls","source":"capitalpress.com - Chobani shows off new filtration system ; magicvalley.com - Twin Falls to pump additional 1M gallons of water per day from aquifer for Chobani expansion","placement":"city"},"geometry":{"type":"Point","coordinates":[-114.470068,42.555854]}},{"type":"Feature","properties":{"id":"f8d90d3d5b","company":"Idaho Power Company","facility":"Corporate Headquarters","sector":"Utility","goal":"No quantified water conservation or water-use goal with a specific percentage/target year found in this research pass; as a hydroelectric-dependent utility, Idaho Power's environmental reporting emphasizes river flow management and fish passage rather than a stated consumption-reduction target","fit":"x402gal","state":"Idaho","st":"ID","city":"Boise","source":"idahopower.com/contact-us/","placement":"census"},"geometry":{"type":"Point","coordinates":[-116.207776,43.618876]}},{"type":"Feature","properties":{"id":"3493754b12","company":"J.R. Simplot Company","facility":"World Headquarters (One Capital Center)","sector":"Agribusiness / Food Processing","goal":"4Sight 2030 Goals commit to reducing freshwater intake 15% per ton of product by 2030 across production facilities worldwide, alongside energy, carbon, and waste targets; also states a general commitment to increasing agricultural water efficiency","fit":"HydroCoin","state":"Idaho","st":"ID","city":"Boise","source":"simplot.com/sustainability/planet/4sight2030","placement":"census"},"geometry":{"type":"Point","coordinates":[-116.205812,43.61674]}},{"type":"Feature","properties":{"id":"5fe9970654","company":"Micron Technology, Inc.","facility":"Boise Headquarters & Fab Campus","sector":"Semiconductor Manufacturing","goal":"Reclaims 75% of all process water at its Boise facility (current achievement, not a forward target); company sustainability reporting indicated forward water goals were being finalized for a future sustainability report, but a specific percentage/target year was not confirmed in this pass -- notably, Micron's new ~$50 billion Boise fab expansion has drawn public and media scrutiny (BoiseDev, TechRadar) for not publicly disclosing projected water demand for the new facilities","fit":"HydroCoin","state":"Idaho","st":"ID","city":"Boise","source":"micron.com/about/blog/company/innovations/innovation-in-water-conservation ; boisedev.com (Mar 2026) - Planned water use at Micron's new fabs not made public","placement":"census"},"geometry":{"type":"Point","coordinates":[-116.150824,43.530014]}},{"type":"Feature","properties":{"id":"2b4a165cb2","company":"Abbott Laboratories","facility":"Global Headquarters","sector":"Healthcare / Pharmaceutical & Medical Devices","goal":"2030 Sustainability Plan: implement accredited water stewardship management practices at more than 75% of manufacturing sites in water-stressed areas by 2030; pursuing Alliance for Water Stewardship certification at 11 sites in water-stressed regions (7 already certified, 4 more targeted by 2030); committed to collaborating with 50 key suppliers to reduce water quality/quantity risks","fit":"HydroCoin","state":"Illinois","st":"IL","city":"Abbott Park","source":"abbott.com/en-us/corpnewsroom/sustainability/protecting-water-in-communities","placement":"osm"},"geometry":{"type":"Point","coordinates":[-87.895537,42.301053]}},{"type":"Feature","properties":{"id":"720a8660ac","company":"Archer-Daniels-Midland Company (ADM)","facility":"Decatur Complex (North America Headquarters)","sector":"Agribusiness / Grain Processing","goal":"Committed to reducing water intensity by 10% by 2035, alongside a companion goal of 90% landfill diversion by the same year, as part of its 'Strive 35' sustainability strategy","fit":"HydroCoin","state":"Illinois","st":"IL","city":"Decatur","source":"investors.adm.com/news/news-details/2020/ADM-Announces-Aggressive-New-Goals-To-Reduce-Water-Intensity-Landfill-Waste/default.aspx ; admis.com/sustainability/ - Strive 35","placement":"census"},"geometry":{"type":"Point","coordinates":[-88.880671,39.866062]}},{"type":"Feature","properties":{"id":"16c163a0b8","company":"Archer-Daniels-Midland Company (ADM)","facility":"Global Headquarters","sector":"Agribusiness / Food Processing (Corporate HQ)","goal":"No quantified company-wide water target confirmed for ADM in this research pass","fit":"Parjana","state":"Illinois","st":"IL","city":"Chicago","source":"ADM investor newsroom - ADM Opens Global Headquarters and Customer Center in Chicago","placement":"census"},"geometry":{"type":"Point","coordinates":[-87.630383,41.886817]}},{"type":"Feature","properties":{"id":"dee4a66b7f","company":"Baxter International Inc.","facility":"Corporate Headquarters","sector":"Healthcare / Medical Devices","goal":"Publishes an annual sustainability report addressing global water challenges as a community-engagement priority; no quantified water conservation percentage or target year found in the pages checked this pass -- the company has separately announced a carbon-neutral headquarters","fit":"Parjana","state":"Illinois","st":"IL","city":"Deerfield","source":"baxter.com/perspectives/community-engagement/responding-global-water-challenges","placement":"census"},"geometry":{"type":"Point","coordinates":[-87.883675,42.16018]}},{"type":"Feature","properties":{"id":"23271aba1d","company":"Baxter International Inc.","facility":"Round Lake Manufacturing Facility","sector":"Healthcare / Medical Devices (Drug Delivery, Penicillin)","goal":"Same as Baxter's Deerfield, IL headquarters entry: no quantified water conservation percentage or target year found","fit":"Parjana","state":"Illinois","st":"IL","city":"Round Lake","source":"ICIJ Medical Devices Database","placement":"census"},"geometry":{"type":"Point","coordinates":[-88.124553,42.33197]}},{"type":"Feature","properties":{"id":"c758747b4a","company":"Caterpillar Inc.","facility":"East Peoria Manufacturing Campus","sector":"Heavy Equipment Manufacturing","goal":"Already achieved a 43% reduction in absolute water consumption from a 2006 baseline (current performance); 2030 goal: implement water management strategies at 100% of facilities located in water high-risk areas by 2030","fit":"HydroCoin","state":"Illinois","st":"IL","city":"East Peoria","source":"caterpillar.com/en/news/corporate-press-releases/h/2030-sustainability-goals-ESG-progress.html","placement":"census"},"geometry":{"type":"Point","coordinates":[-89.572077,40.66321]}},{"type":"Feature","properties":{"id":"05c71b3cbc","company":"Deere & Company (John Deere)","facility":"World Headquarters","sector":"Heavy Equipment Manufacturing (Agriculture & Construction)","goal":"Publishes annual sustainability reporting and a public data book tracking environmental metrics; no quantified water conservation percentage or target year found in the pages checked this pass","fit":"Parjana","state":"Illinois","st":"IL","city":"Moline","source":"deere.com/en/news/all-news/sustainability-report-2022/ ; investor.deere.com/Sustainability-Reports/default.aspx","placement":"census"},"geometry":{"type":"Point","coordinates":[-90.423866,41.477403]}},{"type":"Feature","properties":{"id":"687a0136f0","company":"Exelon Corporation / Commonwealth Edison (ComEd)","facility":"Corporate Headquarters","sector":"Utility","goal":"No quantified water conservation or water-use goal with a specific percentage/target year found in this research pass; ComEd's public environmental messaging emphasizes carbon-free energy delivery rather than a water-specific target","fit":"x402gal","state":"Illinois","st":"IL","city":"Chicago","source":"poweringlives.comed.com","placement":"census"},"geometry":{"type":"Point","coordinates":[-87.629477,41.881893]}},{"type":"Feature","properties":{"id":"636a8bea5b","company":"Ford Motor Company","facility":"Chicago Assembly Plant","sector":"Automotive Manufacturing","goal":"Company-wide aspirational goal: zero water withdrawals for manufacturing processes, aspiring to use freshwater for human consumption only; 2035 manufacturing-facility targets have been approved by the Science Based Targets initiative; Ford anticipates water withdrawal will stay roughly flat despite rising production, via water-smart technology/process investment -- same company-wide goal as Ford's Michigan facilities","fit":"HydroCoin","state":"Illinois","st":"IL","city":"Chicago","source":"corporate.ford.com/content/dam/na/ford/en_us/documents/corporate/reports/ford-cdp-water-report.pdf","placement":"census"},"geometry":{"type":"Point","coordinates":[-87.558946,41.666118]}},{"type":"Feature","properties":{"id":"795a45ae44","company":"McDonald's Corporation","facility":"Global Headquarters","sector":"Food Service / Restaurants","goal":"Chicago flagship restaurant (adjacent to the global HQ) achieved LEED Platinum certification; no company-wide quantified water conservation percentage or target year found in this research pass","fit":"Parjana","state":"Illinois","st":"IL","city":"Chicago","source":"corporate.mcdonalds.com/corpmcd/our-stories/article/chicago-leed.html","placement":"census"},"geometry":{"type":"Point","coordinates":[-87.653315,41.883203]}},{"type":"Feature","properties":{"id":"717e8128c5","company":"Stellantis","facility":"Belvidere Assembly Plant & Satellite Stamping Plant","sector":"Automotive Manufacturing","goal":"Same as Stellantis's Michigan entries: environmental stewardship addressed under 'Preserving Natural Resources' with no specific percentage/target-year water goal confirmed","fit":"Parjana","state":"Illinois","st":"IL","city":"Belvidere","source":"Stellantis Media fact sheet; Detroit News (Aug 2026)","placement":"census"},"geometry":{"type":"Point","coordinates":[-88.861338,42.235601]}},{"type":"Feature","properties":{"id":"27f42c1883","company":"The Kraft Heinz Company","facility":"World Headquarters (Aon Center)","sector":"Food & Beverage Manufacturing","goal":"Committed to reducing water use intensity by 15% across all manufacturing facilities and by 20% in high-risk watershed areas, both by 2025","fit":"HydroCoin","state":"Illinois","st":"IL","city":"Chicago","source":"heinz.com/sustainability","placement":"census"},"geometry":{"type":"Point","coordinates":[-87.622211,41.884582]}},{"type":"Feature","properties":{"id":"bbc84f84ec","company":"Walgreens Boots Alliance, Inc.","facility":"Corporate Headquarters","sector":"Retail / Pharmacy","goal":"No quantified water conservation or water-use goal with a specific percentage/target year found in this research pass; public sustainability reporting emphasizes waste and Scope 3 emissions rather than a water-specific target","fit":"Parjana","state":"Illinois","st":"IL","city":"Deerfield","source":"sustainabilitytracker.com/brand/walgreens-boots-alliance/","placement":"census"},"geometry":{"type":"Point","coordinates":[-87.867407,42.158254]}},{"type":"Feature","properties":{"id":"163fb5c685","company":"Ball Corporation","facility":"Monticello Plant","sector":"Aluminum Can Manufacturing","goal":"Same company-wide 2030 goals as Ball's Colorado headquarters entry (50%/30% targets)","fit":"HydroCoin","state":"Indiana","st":"IN","city":"Monticello","source":"Waze directions listing","placement":"city"},"geometry":{"type":"Point","coordinates":[-86.761883,40.74487]}},{"type":"Feature","properties":{"id":"7d1a63e858","company":"Corteva Agriscience","facility":"Global Headquarters","sector":"Agricultural Chemicals","goal":"2030 goal to reduce water consumption while increasing yields on 2.5 million hectares of water-stressed agricultural land (2020 baseline); broader 2030 goals cover soil health, nitrogen efficiency, and emissions -- same company-wide goal documented for Corteva's Midland, MI site","fit":"HydroCoin","state":"Indiana","st":"IN","city":"Indianapolis","source":"farmprogress.com - Corteva unveils sustainability commitments","placement":"census"},"geometry":{"type":"Point","coordinates":[-86.25994,39.921869]}},{"type":"Feature","properties":{"id":"8ae0df3c8d","company":"Cummins Inc.","facility":"World Headquarters","sector":"Diesel Engine Manufacturing","goal":"Company-wide goal: absolute 30% reduction in water use by 2030 (2018 baseline, ~1,140 million gallons/year); 14.7% reduction already achieved as of 2023; a prior goal (cut global water use in half by 2020) preceded this current target","fit":"HydroCoin","state":"Indiana","st":"IN","city":"Columbus","source":"cummins.com/news/2024/12/23/cummins-progress-2030-environmental-sustainability-goals","placement":"census"},"geometry":{"type":"Point","coordinates":[-85.922602,39.203489]}},{"type":"Feature","properties":{"id":"5f5d66f09d","company":"Duke Energy Indiana, LLC","facility":"Indiana Corporate Office","sector":"Utility","goal":"Parent Duke Energy's public environmental reporting emphasizes energy efficiency, climate, and renewables; no quantified water conservation percentage or target year found in the pages checked this pass","fit":"x402gal","state":"Indiana","st":"IN","city":"Plainfield","source":"duke-energy.com/Our-Company/Environment","placement":"city"},"geometry":{"type":"Point","coordinates":[-86.399477,39.703872]}},{"type":"Feature","properties":{"id":"811fd8697f","company":"Elevance Health, Inc. (formerly Anthem)","facility":"Corporate Headquarters","sector":"Health Insurance","goal":"Predecessor Anthem, Inc. was recognized as a leader on the Dow Jones Sustainability Index; no quantified water conservation percentage or target year found in the pages checked this pass -- as an office-based health insurer, water intensity is inherently lower than the manufacturers on this list","fit":"Parjana","state":"Indiana","st":"IN","city":"Indianapolis","source":"elevancehealth.com/newsroom/anthem-inc-recognized-as-leader-in-corporate-sustainability-on-prestigious-dow-jones-sustainability-index-djsi-","placement":"census"},"geometry":{"type":"Point","coordinates":[-86.152178,39.763734]}},{"type":"Feature","properties":{"id":"92fa721019","company":"Eli Lilly and Company","facility":"Lilly Corporate Center (World Headquarters)","sector":"Pharmaceutical Manufacturing","goal":"2030 goals: establish and implement water management plans for sites in water-stressed geographies, and ensure manufacturing operations meet predicted no-effect concentrations for pharmaceuticals in the environment (process/quality goals, not a volume-reduction target); recycled 97.5% of water used in 2024 (current performance)","fit":"HydroCoin","state":"Indiana","st":"IN","city":"Indianapolis","source":"sustainability.lilly.com/environmental/water","placement":"city"},"geometry":{"type":"Point","coordinates":[-86.15835,39.768333]}},{"type":"Feature","properties":{"id":"fcfa115fdf","company":"General Motors Company","facility":"Fort Wayne Assembly","sector":"Automotive Manufacturing","goal":"Company-wide goal: 35% reduction in water intensity by 2035 (announced 2021) -- same target applies to all GM manufacturing facilities, including GM's Michigan plants","fit":"HydroCoin","state":"Indiana","st":"IN","city":"Roanoke","source":"gmauthority.com/blog/2021/03/gm-aims-to-reduce-water-intensity-by-35-percent-by-2035/","placement":"census"},"geometry":{"type":"Point","coordinates":[-85.303166,40.96054]}},{"type":"Feature","properties":{"id":"03163f15e4","company":"Honda Manufacturing of Indiana, LLC","facility":"Indiana Auto Plant","sector":"Automotive Manufacturing","goal":"Same global Honda Motor goal documented for Honda's Alabama plant: 'zero industrial water withdrawal' by 2050 (long-term directional goal; no confirmed intermediate percentage targets)","fit":"HydroCoin","state":"Indiana","st":"IN","city":"Greensburg","source":"global.honda/en/environment/initiatives/water","placement":"census"},"geometry":{"type":"Point","coordinates":[-85.539765,39.378061]}},{"type":"Feature","properties":{"id":"b35aaf2ff8","company":"Masco Corporation (Delta Faucet Company)","facility":"Delta Faucet Greensburg Manufacturing Plant","sector":"Plumbing / Faucet Manufacturing","goal":"Same general water-conservation commitment as Masco's Michigan headquarters entry","fit":"HydroCoin","state":"Indiana","st":"IN","city":"Greensburg","source":"areadevelopment.com - Delta Faucet Manufacturing Center Expansion, Greensburg, Indiana","placement":"city"},"geometry":{"type":"Point","coordinates":[-85.483581,39.337272]}},{"type":"Feature","properties":{"id":"07f9b7e0ad","company":"Masco Corporation (Delta Faucet Company)","facility":"Delta Faucet Indianapolis HQ/Innovation Center","sector":"Plumbing / Water-Fixture Manufacturing (Brand HQ)","goal":"Same general water-conservation commitment as Masco's Michigan headquarters entry; Delta Faucet has repeatedly won EPA WaterSense Manufacturer Partner of the Year / Sustained Excellence awards","fit":"HydroCoin","state":"Indiana","st":"IN","city":"Indianapolis","source":"greatpossibilities.com listing","placement":"census"},"geometry":{"type":"Point","coordinates":[-86.156825,39.948915]}},{"type":"Feature","properties":{"id":"5a9d0fa1b4","company":"Stellantis","facility":"Indiana Transmission Plant (I & II)","sector":"Automotive Manufacturing (Transmissions/EDM)","goal":"Same as Stellantis's Michigan entries","fit":"Parjana","state":"Indiana","st":"IN","city":"Kokomo","source":"Stellantis Media fact sheet","placement":"census"},"geometry":{"type":"Point","coordinates":[-86.125244,40.529307]}},{"type":"Feature","properties":{"id":"b01690e810","company":"Stellantis","facility":"Kokomo Casting Plant","sector":"Automotive Manufacturing (Die-Casting)","goal":"Same as Stellantis's Michigan entries","fit":"Parjana","state":"Indiana","st":"IN","city":"Kokomo","source":"Wikipedia - Kokomo Casting","placement":"census"},"geometry":{"type":"Point","coordinates":[-86.11924,40.462353]}},{"type":"Feature","properties":{"id":"9c41a72fea","company":"Stellantis","facility":"Kokomo Engine Plant (KEP)","sector":"Automotive Manufacturing (Engines)","goal":"Same as Stellantis's Michigan entries","fit":"Parjana","state":"Indiana","st":"IN","city":"Kokomo","source":"Stellantis Media fact sheet","placement":"city"},"geometry":{"type":"Point","coordinates":[-86.133635,40.486444]}},{"type":"Feature","properties":{"id":"553065cad8","company":"Stellantis","facility":"Kokomo Transmission Plant","sector":"Automotive Manufacturing (Transmissions)","goal":"Same as Stellantis's Michigan entries: environmental stewardship addressed under 'Preserving Natural Resources' with no specific percentage/target-year water goal confirmed","fit":"Parjana","state":"Indiana","st":"IN","city":"Kokomo","source":"Wikipedia - Kokomo Transmission","placement":"census"},"geometry":{"type":"Point","coordinates":[-86.110046,40.458721]}},{"type":"Feature","properties":{"id":"5318c88a1b","company":"Toyota Motor Manufacturing, Indiana, Inc.","facility":"Princeton Plant","sector":"Automotive Manufacturing","goal":"Parent Toyota Motor has set 'global five-year environmental action plan targets' related to water and biodiversity and states a commitment to 'use water efficiently'; specific quantified percentage/target-year figures were not disclosed on the pages checked this pass","fit":"Parjana","state":"Indiana","st":"IN","city":"Princeton","source":"toyota.com/usa/environmentalsustainability/water","placement":"city"},"geometry":{"type":"Point","coordinates":[-87.567803,38.355439]}},{"type":"Feature","properties":{"id":"ed321e6c77","company":"Collins Aerospace (RTX Corporation)","facility":"Cedar Rapids Main Plant","sector":"Aerospace Electronics Manufacturing","goal":"No quantified water conservation or water-use goal with a specific percentage/target year found in this research pass; parent RTX's Pratt & Whitney division (documented in the Connecticut file) named water as a focus area without a confirmed specific figure either","fit":"Parjana","state":"Iowa","st":"IA","city":"Cedar Rapids","source":"facilityexplorer.iowadnr.gov - Rockwell Collins dba Collins Aerospace facility records","placement":"census"},"geometry":{"type":"Point","coordinates":[-91.646079,42.013664]}},{"type":"Feature","properties":{"id":"3f38cffd14","company":"Corteva Agriscience","facility":"Corteva/Pioneer Johnston Campus (Carver Center)","sector":"Agrochemical & Seed / Agribusiness","goal":"States a general commitment to embracing 'safety and the environment in all we do' and participates in Iowa's Agriculture's Clean Water Alliance; no quantified water conservation percentage or target year found in the pages checked this pass","fit":"Parjana","state":"Iowa","st":"IA","city":"Johnston","source":"corteva.com/us/who-we-are/our-purpose-and-values.html ; acwaiowa.com/member/corteva-agriscience/","placement":"census"},"geometry":{"type":"Point","coordinates":[-93.714972,41.672788]}},{"type":"Feature","properties":{"id":"1a882049d8","company":"Deere & Company (John Deere)","facility":"Waterloo Works (Drivetrain Operations)","sector":"Heavy Equipment Manufacturing","goal":"Same as Deere's Moline, IL world headquarters entry: publishes annual sustainability reporting and a public data book; no quantified water conservation percentage or target year found in the pages checked this pass","fit":"Parjana","state":"Iowa","st":"IA","city":"Waterloo","source":"epa.gov/ia/john-deere-waterloo-works-drivetrain-operations-facility-waterloo-black-hawk-county-iowa-fact-0","placement":"census"},"geometry":{"type":"Point","coordinates":[-92.350812,42.498053]}},{"type":"Feature","properties":{"id":"879339ba90","company":"Principal Financial Group, Inc.","facility":"World Headquarters","sector":"Financial Services / Insurance","goal":"Publishes annual sustainability reporting on 'improving operational environmental performance'; no quantified water conservation percentage or target year found in the pages checked this pass -- as an office-based financial services company, its direct water footprint is inherently smaller than the manufacturers on this list","fit":"Parjana","state":"Iowa","st":"IA","city":"Des Moines","source":"csrwire.com - Principal Financial Group 2023 Sustainability Report: Improving Operational Environmental Performance","placement":"census"},"geometry":{"type":"Point","coordinates":[-93.626981,41.588199]}},{"type":"Feature","properties":{"id":"b47583a36d","company":"Tyson Foods, Inc.","facility":"Storm Lake Turkey Plant","sector":"Food Processing","goal":"Same company-wide goal as Tyson's Springdale, AR headquarters entry: a 2016-era goal of 12% water-usage reduction by 2020 (target year passed, no confirmed current successor goal found)","fit":"HydroCoin","state":"Iowa","st":"IA","city":"Storm Lake","source":"tysonfoods.com/news/news-releases/2016/3/water-conservation-goal-announced-third-segment-tyson-foods","placement":"census"},"geometry":{"type":"Point","coordinates":[-95.184693,42.63916]}},{"type":"Feature","properties":{"id":"33b0d6a1b6","company":"Evergy, Inc.","facility":"Kansas Headquarters (Westar Energy legacy HQ)","sector":"Utility","goal":"Continues to invest in improved water recycling at generation sites; reports that 94% of water used at generation facilities is returned to the environment for downstream use (current performance figure, not a stated forward percentage/target year)","fit":"x402gal","state":"Kansas","st":"KS","city":"Topeka","source":"evergy.com/smart-energy/environmental-impact-link/sustainability-hub","placement":"census"},"geometry":{"type":"Point","coordinates":[-95.674579,39.048495]}},{"type":"Feature","properties":{"id":"cdc70de325","company":"Garmin International, Inc.","facility":"World Headquarters","sector":"Consumer Electronics Manufacturing","goal":"Corporate headquarters runs entirely on renewable wind energy (a carbon achievement); no quantified water conservation percentage or target year found in the pages checked this pass","fit":"Parjana","state":"Kansas","st":"KS","city":"Olathe","source":"garmin.com/en-US/blog/general/garmin-corporate-headquarters-now-entirely-reliant-on-renewable-wind-energy/","placement":"census"},"geometry":{"type":"Point","coordinates":[-94.802227,38.854894]}},{"type":"Feature","properties":{"id":"2bc6ad893e","company":"Koch Industries, Inc.","facility":"World Headquarters","sector":"Diversified Conglomerate (Private)","goal":"No quantified company-wide water conservation goal with a specific percentage/target year found in this research pass; as a privately held company, Koch Industries publishes substantially less public ESG/sustainability reporting than its publicly traded subsidiaries and peers","fit":"Parjana","state":"Kansas","st":"KS","city":"Wichita","source":"chemeurope.com/en/companies/1040849/koch-industries-inc.html","placement":"city"},"geometry":{"type":"Point","coordinates":[-97.337545,37.692236]}},{"type":"Feature","properties":{"id":"636e9cb554","company":"Spirit AeroSystems Holdings, Inc.","facility":"World Headquarters","sector":"Aerospace Structures Manufacturing","goal":"No quantified water conservation or water-use goal with a specific percentage/target year found in this research pass","fit":"Parjana","state":"Kansas","st":"KS","city":"Wichita","source":"spiritaero.com/company/global-locations-contacts/","placement":"census"},"geometry":{"type":"Point","coordinates":[-97.280498,37.624198]}},{"type":"Feature","properties":{"id":"1da635c23b","company":"Textron Aviation Inc. (Cessna / Beechcraft)","facility":"World Headquarters","sector":"Aerospace Manufacturing (General Aviation)","goal":"No quantified water conservation or water-use goal with a specific percentage/target year found in this research pass; recently expanded its global parts distribution facility in Wichita","fit":"Parjana","state":"Kansas","st":"KS","city":"Wichita","source":"businesswire.com (2024) - Textron Aviation Unveils Expanded Global Parts Distribution Facility","placement":"city"},"geometry":{"type":"Point","coordinates":[-97.337545,37.692236]}},{"type":"Feature","properties":{"id":"d0a670ad69","company":"Brown-Forman Corporation","facility":"World Headquarters","sector":"Beverage (Spirits) Manufacturing","goal":"Global Sustainability Goals name 'Water Stewardship: protect the health of key watersheds and create Net Positive Water Impact' as one of four core pillars; specific quantified percentage/target-year figures were not confirmed in the pages checked this pass","fit":"HydroCoin","state":"Kentucky","st":"KY","city":"Louisville","source":"brown-forman.com/article/brown-forman-elevates-environmental-commitments","placement":"census"},"geometry":{"type":"Point","coordinates":[-85.783759,38.244987]}},{"type":"Feature","properties":{"id":"bc61b7410f","company":"Ford Motor Company","facility":"Kentucky Truck Plant","sector":"Automotive Manufacturing","goal":"Same company-wide aspirational goal documented for Ford's Michigan and Illinois facilities: zero water withdrawals for manufacturing processes, aspiring to use freshwater for human consumption only; 2035 manufacturing-facility targets approved by the Science Based Targets initiative","fit":"HydroCoin","state":"Kentucky","st":"KY","city":"Louisville","source":"corporate.ford.com/content/dam/na/ford/en_us/documents/corporate/reports/ford-cdp-water-report.pdf","placement":"census"},"geometry":{"type":"Point","coordinates":[-85.522896,38.287866]}},{"type":"Feature","properties":{"id":"b6c4de7565","company":"Ford Motor Company","facility":"Louisville Assembly Plant","sector":"Automotive Manufacturing","goal":"Same company-wide goal as the Kentucky Truck Plant row above","fit":"HydroCoin","state":"Kentucky","st":"KY","city":"Louisville","source":"corporate.ford.com/content/dam/na/ford/en_us/documents/corporate/reports/ford-cdp-water-report.pdf","placement":"osm"},"geometry":{"type":"Point","coordinates":[-85.725432,38.154705]}},{"type":"Feature","properties":{"id":"5ad512249c","company":"Humana Inc.","facility":"Waterside Building (Corporate Headquarters)","sector":"Health Insurance","goal":"No quantified water conservation or water-use goal with a specific percentage/target year found in this research pass; as an office-based health insurer, its direct water footprint is inherently smaller than the manufacturers on this list","fit":"Parjana","state":"Kentucky","st":"KY","city":"Louisville","source":"humana.com/about/impact/environmental","placement":"census"},"geometry":{"type":"Point","coordinates":[-85.750735,38.256038]}},{"type":"Feature","properties":{"id":"e40ca704a5","company":"Nucor Corporation","facility":"Nucor Steel Gallatin","sector":"Steel Manufacturing","goal":"Same as Nucor's Alabama entry: EAF steelmaking facilities recycle up to 90% of process water through on-site collection, filtration, and cooling before recirculation; no single quantified forward water target with a target year confirmed","fit":"Parjana","state":"Kentucky","st":"KY","city":"Ghent","source":"Carroll Co. Chamber of Commerce listing","placement":"city"},"geometry":{"type":"Point","coordinates":[-85.058284,38.737563]}},{"type":"Feature","properties":{"id":"f6b1d55be0","company":"Toyota Motor Manufacturing, Kentucky, Inc.","facility":"Georgetown Plant","sector":"Automotive Manufacturing","goal":"Same as Toyota's Princeton, IN plant: parent Toyota Motor has set 'global five-year environmental action plan targets' for water, with a commitment to 'use water efficiently'; specific quantified figures not disclosed in the pages checked this pass","fit":"Parjana","state":"Kentucky","st":"KY","city":"Georgetown","source":"toyota.com/usa/environmentalsustainability/water ; nkytribune.com (Dec 2024) - Toyota Motor Manufacturing Kentucky to build new $922 million paint facility","placement":"census"},"geometry":{"type":"Point","coordinates":[-84.52838,38.261943]}},{"type":"Feature","properties":{"id":"23a2416038","company":"United Parcel Service, Inc. (UPS)","facility":"Worldport Global Air Hub","sector":"Transportation & Logistics","goal":"Same as UPS's Atlanta, GA headquarters entry: participates in the UN CEO Water Mandate's Water Action Hub; no quantified company-wide water conservation percentage or target year found in the pages checked this pass","fit":"Parjana","state":"Kentucky","st":"KY","city":"Louisville","source":"wateractionhub.org/organizations/51/d/ups/","placement":"osm"},"geometry":{"type":"Point","coordinates":[-85.725024,38.160362]}},{"type":"Feature","properties":{"id":"f187263fef","company":"CF Industries Holdings, Inc.","facility":"Donaldsonville Complex","sector":"Nitrogen Fertilizer Manufacturing","goal":"No quantified company-wide water conservation goal with a specific percentage/target year found in this research pass","fit":"Parjana","state":"Louisiana","st":"LA","city":"Donaldsonville","source":"cfindustries.com/whoweare/locations/donaldsonville","placement":"city"},"geometry":{"type":"Point","coordinates":[-90.987592,30.105194]}},{"type":"Feature","properties":{"id":"e8f0faf60b","company":"Dow Inc.","facility":"Plaquemine Plant","sector":"Chemical Manufacturing","goal":"Company-wide targets announced in Dow's 'Targets to Conserve Water and Nature': by 2030, Dow's top 20 water-dependent sites will have water stewardship plans and 10 of those sites will be water-resilient; by 2035, all Dow sites will have water stewardship plans; currently returns more than 95% of water withdrawn back to the environment (current performance, not a forward reduction percentage)","fit":"HydroCoin","state":"Louisiana","st":"LA","city":"Plaquemine","source":"corporate.dow.com/en-us/news/press-releases/dow-announces-targets-to-conserve-water-and-nature.html","placement":"city"},"geometry":{"type":"Point","coordinates":[-91.237077,30.284066]}},{"type":"Feature","properties":{"id":"9888433749","company":"Entergy Corporation","facility":"Entergy Corporate Headquarters","sector":"Utility","goal":"Same company-wide goal documented for the Entergy Arkansas entry: Lewis Creek Power Plant achieved a 30% water conservation goal set in 2016; company-wide environmental compliance rate of 99.95% in 2025; no confirmed company-wide freshwater-withdrawal percentage/target year found in the pages checked this pass","fit":"x402gal","state":"Louisiana","st":"LA","city":"New Orleans","source":"entergy.com/sustainability","placement":"census"},"geometry":{"type":"Point","coordinates":[-90.076412,29.949135]}},{"type":"Feature","properties":{"id":"e016d96cd9","company":"ExxonMobil Corporation","facility":"Baton Rouge Refinery","sector":"Petroleum Refining","goal":"No quantified forward water conservation percentage or target year found in this research pass; one specific completed achievement noted: a $10 million investment at the wastewater treatment plant reduced nitrate emissions by 86% from 2014 to 2024","fit":"Parjana","state":"Louisiana","st":"LA","city":"Baton Rouge","source":"corporate.exxonmobil.com/locations/united-states/baton-rouge-operations/protecting-our-environment","placement":"census"},"geometry":{"type":"Point","coordinates":[-91.169298,30.485798]}},{"type":"Feature","properties":{"id":"8e3a89d6af","company":"International Paper Company","facility":"Bogalusa Containerboard Mill","sector":"Paper & Packaging Manufacturing","goal":"No quantified water conservation percentage or target year found in the pages checked this pass for this specific mill; International Paper has undertaken efficiency investments at this mill in recent years","fit":"Parjana","state":"Louisiana","st":"LA","city":"Bogalusa","source":"internationalpaper.com/location/bogalusa-containerboard-mill","placement":"census"},"geometry":{"type":"Point","coordinates":[-89.856412,30.773215]}},{"type":"Feature","properties":{"id":"39e4d50799","company":"Shell USA, Inc.","facility":"Shell Chemical LP -- Norco Manufacturing Complex","sector":"Chemical Manufacturing","goal":"Parent Shell plc states it is 'implementing water stewardship principles' and 'developing water stewardship management plans,' particularly in water-stressed areas; no quantified percentage reduction or target year found in the pages checked this pass","fit":"Parjana","state":"Louisiana","st":"LA","city":"Norco","source":"shell.com/sustainability/environment/water.html","placement":"census"},"geometry":{"type":"Point","coordinates":[-90.410669,29.995993]}},{"type":"Feature","properties":{"id":"80b048d04c","company":"The Mosaic Company","facility":"Faustina Plant","sector":"Phosphate / Fertilizer Processing","goal":"Same company-wide 20%-by-2025 water conservation goal as Mosaic's Florida headquarters entry","fit":"HydroCoin","state":"Louisiana","st":"LA","city":"St. James","source":"EPA correspondence - Mosaic Fertilizer, LLC Faustina Plant","placement":"city"},"geometry":{"type":"Point","coordinates":[-90.831761,29.981869]}},{"type":"Feature","properties":{"id":"8510a76f04","company":"The Mosaic Company","facility":"Uncle Sam Plant","sector":"Phosphate / Fertilizer Processing","goal":"Same company-wide 20%-by-2025 water conservation goal as Mosaic's Florida headquarters entry","fit":"HydroCoin","state":"Louisiana","st":"LA","city":"Convent","source":"Waze/facility listing; GridInfo plant record","placement":"city"},"geometry":{"type":"Point","coordinates":[-90.829709,30.020567]}},{"type":"Feature","properties":{"id":"a8c954972e","company":"General Dynamics Corporation","facility":"Bath Iron Works","sector":"Defense Shipbuilding","goal":"Facility-level Environment, Health & Safety program addresses wastewater and stormwater management as part of shipyard operations; no quantified company-wide water conservation percentage or target year found in the pages checked this pass","fit":"Parjana","state":"Maine","st":"ME","city":"Bath","source":"gdbiw.com/what-we-do/environment-health-safety/","placement":"osm"},"geometry":{"type":"Point","coordinates":[-69.815839,43.909377]}},{"type":"Feature","properties":{"id":"f66e8f6a1f","company":"Hannaford Supermarkets (Ahold Delhaize USA)","facility":"Corporate Headquarters","sector":"Grocery Retail","goal":"Parent Ahold Delhaize has published company-wide environmental goals; no Hannaford- or Maine-specific quantified water conservation percentage or target year found in the pages checked this pass; nine individual Hannaford stores have been certified as environmental leaders","fit":"Parjana","state":"Maine","st":"ME","city":"Scarborough","source":"progressivegrocer.com/9-hannaford-supermarkets-certified-environmental-leaders","placement":"census"},"geometry":{"type":"Point","coordinates":[-70.297997,43.596683]}},{"type":"Feature","properties":{"id":"219eda9542","company":"IDEXX Laboratories, Inc.","facility":"IDEXX World Campus (World Headquarters)","sector":"Veterinary Diagnostics / Healthcare","goal":"No quantified water conservation or water-use goal with a specific percentage/target year found in this research pass; public corporate responsibility reporting emphasizes greenhouse gas emissions and renewable electricity rather than a water-specific target","fit":"Parjana","state":"Maine","st":"ME","city":"Westbrook","source":"idexx.com/en/about-idexx/news/newsroom-archive/idexx-announces-new-goals-its-2021-corporate-responsibility-repo/","placement":"census"},"geometry":{"type":"Point","coordinates":[-70.374878,43.660772]}},{"type":"Feature","properties":{"id":"fcd8c1638e","company":"L.L.Bean, Inc.","facility":"World Headquarters","sector":"Retail (Outdoor Apparel & Gear, Private)","goal":"No quantified water conservation or water-use goal with a specific percentage/target year found in this research pass; the company completed a new $110 million LEED-oriented headquarters campus in 2023 emphasizing natural-environment integration","fit":"Parjana","state":"Maine","st":"ME","city":"Freeport","source":"pressherald.com/2023/06/11/l-l-beans-sprawling-new-freeport-headquarters-completed/","placement":"census"},"geometry":{"type":"Point","coordinates":[-70.111289,43.849193]}},{"type":"Feature","properties":{"id":"5021279e33","company":"WEX Inc.","facility":"Global Headquarters","sector":"Financial Technology / Fleet & Payment Services","goal":"No quantified water conservation or water-use goal with a specific percentage/target year found in this research pass; as a fintech/payments company, its direct water footprint is inherently smaller than the manufacturers on this list","fit":"Parjana","state":"Maine","st":"ME","city":"Portland","source":"ir.wexinc.com/news/news-details/2019/WEX-to-Celebrate-Opening-of-New-Global-Headquarters-in-Portland-Maine-with-Ribbon-Cutting-Event/default.aspx","placement":"census"},"geometry":{"type":"Point","coordinates":[-70.247222,43.660169]}},{"type":"Feature","properties":{"id":"1b3a28c9f1","company":"Constellation Energy Corporation","facility":"Corporate Headquarters","sector":"Utility / Power Generation","goal":"No quantified company-wide water conservation or freshwater-withdrawal reduction goal with a specific percentage/target year found in this research pass; public messaging emphasizes its position as the largest producer of carbon-free energy in the U.S. (nuclear, hydro, wind, solar)","fit":"x402gal","state":"Maryland","st":"MD","city":"Baltimore","source":"constellationenergy.com/about.html","placement":"census"},"geometry":{"type":"Point","coordinates":[-76.605345,39.286899]}},{"type":"Feature","properties":{"id":"4ac08a1028","company":"Lockheed Martin Corporation","facility":"Corporate Headquarters","sector":"Aerospace & Defense","goal":"Same as Lockheed Martin's Orlando, FL facility entry: publishes water-management case studies (e.g., a Rinsewater recovery project) but no quantified company-wide water conservation percentage or target year found in the pages checked this pass","fit":"Parjana","state":"Maryland","st":"MD","city":"Bethesda","source":"sustainability.lockheedmartin.com/sustainability/other-sustainability-topics/water-management/","placement":"census"},"geometry":{"type":"Point","coordinates":[-77.137313,39.030248]}},{"type":"Feature","properties":{"id":"d00fd969b2","company":"Marriott International, Inc.","facility":"Global Headquarters","sector":"Hospitality / Hotels","goal":"Water intensity reduced by 9.3% since 2016 (achieved/current performance figure cited in 2025 Serve 360 progress reporting); no forward-looking quantified percentage/target-year water goal was confirmed among the pages checked this pass","fit":"HydroCoin","state":"Maryland","st":"MD","city":"Bethesda","source":"greenlodgingnews.com/marriott-makes-much-progress-toward-2025-serve-360-goals/ ; serve360.marriott.com (CDP Water Security filings)","placement":"census"},"geometry":{"type":"Point","coordinates":[-77.095084,38.98748]}},{"type":"Feature","properties":{"id":"a1023bb341","company":"McCormick & Company, Incorporated","facility":"Global Headquarters","sector":"Food & Beverage Manufacturing (Spices & Seasonings)","goal":"Grown for Good sustainability program addresses sustainable sourcing and climate action; no quantified company-wide water conservation percentage or target year found in the pages checked this pass, unlike its more detailed decarbonization commitments","fit":"Parjana","state":"Maryland","st":"MD","city":"Hunt Valley","source":"mccormickcorporation.com/en/responsibility/planet/climate-action/decarbonizing-operations","placement":"census"},"geometry":{"type":"Point","coordinates":[-76.651904,39.49289]}},{"type":"Feature","properties":{"id":"6fd167840d","company":"Biogen Inc.","facility":"Global Headquarters","sector":"Biotechnology / Pharmaceutical","goal":"No quantified water conservation or water-use goal with a specific percentage/target year found in this research pass; the company announced plans for a new Kendall Square global headquarters and innovation hub in 2025","fit":"Parjana","state":"Massachusetts","st":"MA","city":"Cambridge","source":"investors.biogen.com/news-releases/news-release-details/biogen-announces-plans-new-global-headquarters-and-innovation","placement":"census"},"geometry":{"type":"Point","coordinates":[-71.084889,42.366056]}},{"type":"Feature","properties":{"id":"3199b9e099","company":"Boston Scientific Corporation","facility":"Global Headquarters","sector":"Medical Device Manufacturing","goal":"Environmental strategy names 'waste, water and biodiversity' as a key focus area as part of a broader net-zero-by-2050 commitment; no quantified water conservation percentage or target year found in the pages checked this pass","fit":"Parjana","state":"Massachusetts","st":"MA","city":"Marlborough","source":"bostonscientific.com/en-US/corporate-responsibility/planet.html","placement":"census"},"geometry":{"type":"Point","coordinates":[-71.560861,42.362686]}},{"type":"Feature","properties":{"id":"4c2c4fb906","company":"Eversource Energy","facility":"Corporate Headquarters","sector":"Utility","goal":"No quantified water conservation or water-use goal with a specific percentage/target year found in this research pass, consistent with the Connecticut office entry","fit":"x402gal","state":"Massachusetts","st":"MA","city":"Springfield","source":"eversource.com/content/residential/about/our-company","placement":"census"},"geometry":{"type":"Point","coordinates":[-72.546348,42.15328]}},{"type":"Feature","properties":{"id":"5a1327d04b","company":"GE Aerospace","facility":"Corporate Headquarters","sector":"Aerospace Manufacturing","goal":"Publishes annual sustainability reporting emphasizing operational efficiency and emissions; no quantified company-wide water conservation percentage or target year found in the pages checked this pass","fit":"Parjana","state":"Massachusetts","st":"MA","city":"Boston","source":"geaerospace.com/sustainability","placement":"census"},"geometry":{"type":"Point","coordinates":[-71.050896,42.34928]}},{"type":"Feature","properties":{"id":"3a52edafdf","company":"Raytheon Company (RTX Corporation)","facility":"Tewksbury Facility","sector":"Aerospace & Defense Electronics","goal":"Same as RTX's Pratt & Whitney Connecticut entry: RTX's 2025 EH&S Sustainability Goals name water as a focus area; no specific quantified percentage/target-year figure was confirmed in the pages checked this pass","fit":"Parjana","state":"Massachusetts","st":"MA","city":"Tewksbury","source":"rtx.com/social-impact/environment-health-and-safety/goals","placement":"census"},"geometry":{"type":"Point","coordinates":[-71.241914,42.639597]}},{"type":"Feature","properties":{"id":"d54aca6e38","company":"The TJX Companies, Inc.","facility":"Corporate Headquarters","sector":"Retail (Off-Price Apparel & Home)","goal":"No quantified water conservation or water-use goal with a specific percentage/target year found in this research pass; public sustainability reporting emphasizes energy and waste reduction across its thousands of stores and distribution centers","fit":"Parjana","state":"Massachusetts","st":"MA","city":"Framingham","source":"tjx.com/responsibility","placement":"census"},"geometry":{"type":"Point","coordinates":[-71.382712,42.308736]}},{"type":"Feature","properties":{"id":"5b9bed46c2","company":"BlueTriton Brands (Ice Mountain)","facility":"Evart public wells (Pure Life brand source)","sector":"Bottled Water","goal":"Pays the City of Evart for water from two public wells; no facility-specific water goal found","fit":"Parjana","state":"Michigan","st":"MI","city":"Evart","source":"greatlakesnow.org (Jun 2024) - Michigan Bottlers Still Get Free Water","placement":"city"},"geometry":{"type":"Point","coordinates":[-85.258097,43.900575]}},{"type":"Feature","properties":{"id":"c9861ca29b","company":"BlueTriton Brands (Ice Mountain)","facility":"Ice Mountain Stanwood Spring Water Facility","sector":"Bottled Water","goal":"Stanwood facility holds Alliance for Water Stewardship (AWS) Gold certification -- an independently audited standard, not a self-reported goal","fit":"Other","state":"Michigan","st":"MI","city":"Stanwood","source":"csrwire.com - Nestle Waters North America's Stanwood, Michigan Bottling Facility Achieves AWS Gold Certification","placement":"census"},"geometry":{"type":"Point","coordinates":[-85.468994,43.58374]}},{"type":"Feature","properties":{"id":"64dda2ac0e","company":"BlueTriton Brands (Ice Mountain)","facility":"White Pine Springs wellfield","sector":"Bottled Water","goal":"Source of the original Ice Mountain water rights dispute; no facility-specific water goal found","fit":"Parjana","state":"Michigan","st":"MI","city":"Chippewa Township (Mecosta County)","source":"bluetriton.com/water/midwest/whitepine; Wikipedia - Chippewa Township, Mecosta County","placement":"city"},"geometry":{"type":"Point","coordinates":[-84.988863,46.346426]}},{"type":"Feature","properties":{"id":"3869044c3e","company":"BorgWarner Inc.","facility":"Auburn Hills Headquarters","sector":"Automotive Supplier","goal":"Carbon neutrality by 2035; Scope 3 emissions cut 25% by 2031 (2021 baseline); no water-related target found in 2023 sustainability report coverage","fit":"Parjana","state":"Michigan","st":"MI","city":"Auburn Hills","source":"borgwarner.com (Jun 2023) - 2023 Sustainability Report press release","placement":"census"},"geometry":{"type":"Point","coordinates":[-83.212387,42.6465]}},{"type":"Feature","properties":{"id":"efd8d9840c","company":"Consumers Energy (CMS Energy)","facility":"Corporate Headquarters","sector":"Utility","goal":"Reduce water withdrawals ~99% vs. 2012 levels by 2040 (tied to coal-plant retirement); met a 2018 goal to conserve 1 billion gallons over 5 years a year early (2021); separate target to reduce water use by 1.7 billion gallons from 2023-2027 (660M+ gallons achieved in 2023 alone)","fit":"HydroCoin","state":"Michigan","st":"MI","city":"Jackson","source":"consumersenergy.com/about-us/sustainability/environment/water","placement":"city"},"geometry":{"type":"Point","coordinates":[-84.401696,42.246504]}},{"type":"Feature","properties":{"id":"a66e5aadc0","company":"Corteva Agriscience","facility":"Midland Site (legacy Dow AgroSciences global business center)","sector":"Agricultural Chemicals","goal":"2030 goal to reduce water consumption while increasing yields on 2.5 million hectares of water-stressed agricultural land (2020 baseline); broader 2030 goals cover soil health, nitrogen efficiency, and emissions","fit":"HydroCoin","state":"Michigan","st":"MI","city":"Midland","source":"farmprogress.com - Corteva unveils sustainability commitments","placement":"census"},"geometry":{"type":"Point","coordinates":[-84.207804,43.598622]}},{"type":"Feature","properties":{"id":"13648b98f9","company":"DTE Energy","facility":"Corporate Headquarters","sector":"Utility","goal":"General commitment to 'strive to eliminate unnecessary use of water in our facilities and to improve the quality of our water discharges'; no quantified target found on public environmental policy page","fit":"x402gal","state":"Michigan","st":"MI","city":"Detroit","source":"dteenergy.com/us/en/business/community-and-news/environment/environmental-policies.html","placement":"city"},"geometry":{"type":"Point","coordinates":[-83.04664,42.331551]}},{"type":"Feature","properties":{"id":"42962cdbc4","company":"Dow Inc.","facility":"Auburn Operations (Dow Silicones manufacturing/R&D)","sector":"Chemicals","goal":"By 2030: water stewardship plans at top 20 water-dependent sites (10 water-resilient); by 2035: all Dow sites have water stewardship plans; by 2050: top 20 water-dependent sites achieve water resilience -- aligned to CEO Water Mandate 'Net Water Positive' guidance","fit":"HydroCoin","state":"Michigan","st":"MI","city":"Auburn","source":"corporate.dow.com/purpose-in-action/sustainability-targets; corporate.dow.com/locations/michigan","placement":"census"},"geometry":{"type":"Point","coordinates":[-84.109342,43.588101]}},{"type":"Feature","properties":{"id":"005869bcf9","company":"Dow Inc.","facility":"Bay City Uptown (corporate office)","sector":"Chemicals","goal":"By 2030: water stewardship plans at top 20 water-dependent sites (10 water-resilient); by 2035: all Dow sites have water stewardship plans; by 2050: top 20 water-dependent sites achieve water resilience -- aligned to CEO Water Mandate 'Net Water Positive' guidance","fit":"HydroCoin","state":"Michigan","st":"MI","city":"Bay City","source":"corporate.dow.com/purpose-in-action/sustainability-targets; corporate.dow.com/locations/michigan","placement":"city"},"geometry":{"type":"Point","coordinates":[-83.888171,43.596211]}},{"type":"Feature","properties":{"id":"e1b0b4ae01","company":"Dow Inc.","facility":"Midland Corporate Center / Global Dow Center / Ben Branch Center / Sylvia Stoesser Center / East End / Michigan Operations (MiOps)","sector":"Chemicals","goal":"By 2030: water stewardship plans at top 20 water-dependent sites (10 water-resilient); by 2035: all Dow sites have water stewardship plans; by 2050: top 20 water-dependent sites achieve water resilience -- aligned to CEO Water Mandate 'Net Water Positive' guidance","fit":"HydroCoin","state":"Michigan","st":"MI","city":"Midland","source":"corporate.dow.com/purpose-in-action/sustainability-targets; corporate.dow.com/locations/michigan","placement":"city"},"geometry":{"type":"Point","coordinates":[-84.247212,43.615583]}},{"type":"Feature","properties":{"id":"a016276055","company":"Ford Motor Company","facility":"Flat Rock Assembly Plant","sector":"Automotive Manufacturing","goal":"Additional 30% reduction in manufacturing water use and a goal of zero use of drinkable water in manufacturing; >61% cumulative reduction reported as of 2016-17 sustainability report (no current numeric target/year confirmed in this research pass)","fit":"Multiple","state":"Michigan","st":"MI","city":"Flat Rock","source":"sustainablebrands.com coverage of Ford sustainability report","placement":"city"},"geometry":{"type":"Point","coordinates":[-83.291874,42.096431]}},{"type":"Feature","properties":{"id":"6453a77774","company":"Ford Motor Company","facility":"Ford Rouge Complex (Dearborn Truck, Dearborn Stamping, Dearborn Diversified Mfg, Dearborn Engine)","sector":"Automotive Manufacturing","goal":"Additional 30% reduction in manufacturing water use and a goal of zero use of drinkable water in manufacturing; >61% cumulative reduction reported as of 2016-17 sustainability report (no current numeric target/year confirmed in this research pass)","fit":"Multiple","state":"Michigan","st":"MI","city":"Dearborn","source":"sustainablebrands.com coverage of Ford sustainability report","placement":"census"},"geometry":{"type":"Point","coordinates":[-83.157351,42.309907]}},{"type":"Feature","properties":{"id":"116eba5f2b","company":"Ford Motor Company","facility":"Ford World Headquarters","sector":"Automotive Manufacturing","goal":"Additional 30% reduction in manufacturing water use and a goal of zero use of drinkable water in manufacturing; >61% cumulative reduction reported as of 2016-17 sustainability report (no current numeric target/year confirmed in this research pass)","fit":"Multiple","state":"Michigan","st":"MI","city":"Dearborn","source":"sustainablebrands.com coverage of Ford sustainability report","placement":"city"},"geometry":{"type":"Point","coordinates":[-83.176315,42.32226]}},{"type":"Feature","properties":{"id":"c3d2e8afcd","company":"Ford Motor Company","facility":"Livonia Transmission Plant","sector":"Automotive Manufacturing","goal":"Additional 30% reduction in manufacturing water use and a goal of zero use of drinkable water in manufacturing; >61% cumulative reduction reported as of 2016-17 sustainability report (no current numeric target/year confirmed in this research pass)","fit":"Multiple","state":"Michigan","st":"MI","city":"Livonia","source":"sustainablebrands.com coverage of Ford sustainability report","placement":"census"},"geometry":{"type":"Point","coordinates":[-83.333034,42.369236]}},{"type":"Feature","properties":{"id":"643a6e9bd5","company":"Ford Motor Company","facility":"Michigan Assembly Plant","sector":"Automotive Manufacturing","goal":"Additional 30% reduction in manufacturing water use and a goal of zero use of drinkable water in manufacturing; >61% cumulative reduction reported as of 2016-17 sustainability report (no current numeric target/year confirmed in this research pass)","fit":"Multiple","state":"Michigan","st":"MI","city":"Wayne","source":"sustainablebrands.com coverage of Ford sustainability report","placement":"census"},"geometry":{"type":"Point","coordinates":[-83.411811,42.27841]}},{"type":"Feature","properties":{"id":"7179d4a4de","company":"Ford Motor Company","facility":"Rawsonville Plant","sector":"Automotive Manufacturing","goal":"Additional 30% reduction in manufacturing water use and a goal of zero use of drinkable water in manufacturing; >61% cumulative reduction reported as of 2016-17 sustainability report (no current numeric target/year confirmed in this research pass)","fit":"Multiple","state":"Michigan","st":"MI","city":"Ypsilanti","source":"sustainablebrands.com coverage of Ford sustainability report","placement":"census"},"geometry":{"type":"Point","coordinates":[-83.605586,42.234555]}},{"type":"Feature","properties":{"id":"f0c80ed064","company":"Ford Motor Company","facility":"Romeo Engine Plant","sector":"Automotive Manufacturing","goal":"Additional 30% reduction in manufacturing water use and a goal of zero use of drinkable water in manufacturing; >61% cumulative reduction reported as of 2016-17 sustainability report (no current numeric target/year confirmed in this research pass)","fit":"Multiple","state":"Michigan","st":"MI","city":"Romeo","source":"sustainablebrands.com coverage of Ford sustainability report","placement":"census"},"geometry":{"type":"Point","coordinates":[-83.003933,42.802873]}},{"type":"Feature","properties":{"id":"177463b6df","company":"Ford Motor Company","facility":"Van Dyke Transmission Plant (incl. Sterling Axle)","sector":"Automotive Manufacturing","goal":"Additional 30% reduction in manufacturing water use and a goal of zero use of drinkable water in manufacturing; >61% cumulative reduction reported as of 2016-17 sustainability report (no current numeric target/year confirmed in this research pass)","fit":"Multiple","state":"Michigan","st":"MI","city":"Sterling Heights","source":"sustainablebrands.com coverage of Ford sustainability report","placement":"census"},"geometry":{"type":"Point","coordinates":[-83.030868,42.596808]}},{"type":"Feature","properties":{"id":"e624269296","company":"General Motors","facility":"Factory ZERO (Detroit-Hamtramck Assembly)","sector":"Automotive Manufacturing","goal":"35% reduction in water intensity company-wide by 2035 (2010 baseline); stormwater collection/reuse specifically cited at Factory ZERO","fit":"Multiple","state":"Michigan","st":"MI","city":"Detroit","source":"gmauthority.com (Mar 2021); CEO Water Mandate commitment","placement":"census"},"geometry":{"type":"Point","coordinates":[-83.055581,42.376959]}},{"type":"Feature","properties":{"id":"3a09e2462b","company":"General Motors","facility":"Flint Assembly","sector":"Automotive Manufacturing","goal":"35% reduction in water intensity company-wide by 2035 (2010 baseline); stormwater collection/reuse specifically cited at Factory ZERO","fit":"Multiple","state":"Michigan","st":"MI","city":"Flint","source":"gmauthority.com (Mar 2021); CEO Water Mandate commitment","placement":"city"},"geometry":{"type":"Point","coordinates":[-83.690021,43.016169]}},{"type":"Feature","properties":{"id":"9fd66597de","company":"General Motors","facility":"Flint Engine Operations","sector":"Automotive Manufacturing","goal":"35% reduction in water intensity company-wide by 2035 (2010 baseline); stormwater collection/reuse specifically cited at Factory ZERO","fit":"Multiple","state":"Michigan","st":"MI","city":"Flint","source":"gmauthority.com (Mar 2021); CEO Water Mandate commitment","placement":"census"},"geometry":{"type":"Point","coordinates":[-83.714614,42.973796]}},{"type":"Feature","properties":{"id":"d4cd25d9ca","company":"General Motors","facility":"Global Technical Center","sector":"Automotive Manufacturing","goal":"35% reduction in water intensity company-wide by 2035 (2010 baseline); stormwater collection/reuse specifically cited at Factory ZERO","fit":"Multiple","state":"Michigan","st":"MI","city":"Warren","source":"gmauthority.com (Mar 2021); CEO Water Mandate commitment","placement":"census"},"geometry":{"type":"Point","coordinates":[-83.028664,42.511973]}},{"type":"Feature","properties":{"id":"51ad3f9084","company":"General Motors","facility":"Lansing Delta Township Assembly (incl. Regional Stamping)","sector":"Automotive Manufacturing","goal":"35% reduction in water intensity company-wide by 2035 (2010 baseline); stormwater collection/reuse specifically cited at Factory ZERO","fit":"Multiple","state":"Michigan","st":"MI","city":"Lansing","source":"gmauthority.com (Mar 2021); CEO Water Mandate commitment","placement":"census"},"geometry":{"type":"Point","coordinates":[-84.680695,42.697517]}},{"type":"Feature","properties":{"id":"060c9d8a93","company":"General Motors","facility":"Lansing Grand River Assembly","sector":"Automotive Manufacturing","goal":"35% reduction in water intensity company-wide by 2035 (2010 baseline); stormwater collection/reuse specifically cited at Factory ZERO","fit":"Multiple","state":"Michigan","st":"MI","city":"Lansing","source":"gmauthority.com (Mar 2021); CEO Water Mandate commitment","placement":"census"},"geometry":{"type":"Point","coordinates":[-84.555594,42.724145]}},{"type":"Feature","properties":{"id":"f52ea59b57","company":"General Motors","facility":"Orion Assembly","sector":"Automotive Manufacturing","goal":"35% reduction in water intensity company-wide by 2035 (2010 baseline); stormwater collection/reuse specifically cited at Factory ZERO","fit":"Multiple","state":"Michigan","st":"MI","city":"Lake Orion","source":"gmauthority.com (Mar 2021); CEO Water Mandate commitment","placement":"census"},"geometry":{"type":"Point","coordinates":[-83.266683,42.716937]}},{"type":"Feature","properties":{"id":"362f6e1704","company":"General Motors","facility":"Powertrain Bay City","sector":"Automotive Manufacturing","goal":"35% reduction in water intensity company-wide by 2035 (2010 baseline); stormwater collection/reuse specifically cited at Factory ZERO","fit":"Multiple","state":"Michigan","st":"MI","city":"Bay City","source":"gmauthority.com (Mar 2021); CEO Water Mandate commitment","placement":"census"},"geometry":{"type":"Point","coordinates":[-83.879801,43.603959]}},{"type":"Feature","properties":{"id":"26e3e9b4df","company":"La-Z-Boy Incorporated","facility":"World Headquarters","sector":"Furniture Manufacturing","goal":"General commitment to sustainable business practices reducing environmental impact 'locally and globally'; no quantified water/carbon/waste target found in the pages checked","fit":"Parjana","state":"Michigan","st":"MI","city":"Monroe","source":"la-z-boy.com/content/AboutLaZBoy/corporate-commitment","placement":"census"},"geometry":{"type":"Point","coordinates":[-83.405914,41.939356]}},{"type":"Feature","properties":{"id":"e974d507bc","company":"Leprino Foods Company","facility":"Allendale Manufacturing Facility","sector":"Dairy / Cheese Manufacturing","goal":"Same company-wide water-intensity goal as Leprino's Colorado headquarters entry: reduce water intensity (gallons per 1,000 lbs milk processed) by 20% by 2030 (2020 baseline)","fit":"HydroCoin","state":"Michigan","st":"MI","city":"Allendale","source":"Leprino Foods company locations page","placement":"census"},"geometry":{"type":"Point","coordinates":[-85.902102,42.979477]}},{"type":"Feature","properties":{"id":"6c90d47848","company":"Masco Corporation","facility":"World Headquarters","sector":"Building Products Manufacturing","goal":"States a general commitment to 'reducing water and energy usage' and conserving natural resources; no percentage or target year found in the pages checked","fit":"Parjana","state":"Michigan","st":"MI","city":"Livonia","source":"masco.com/corporate-citizenship","placement":"census"},"geometry":{"type":"Point","coordinates":[-83.426548,42.415183]}},{"type":"Feature","properties":{"id":"62470c4586","company":"Meijer Inc.","facility":"Corporate Headquarters","sector":"Retail","goal":"Active stormwater management partnership with Plaster Creek Stewards (Calvin University) at Grand Rapids stores -- native-plant rain gardens capturing parking-lot runoff; no quantified company-wide water target found","fit":"Parjana","state":"Michigan","st":"MI","city":"Grand Rapids","source":"newsroom.meijer.com (Jul 2025) - Meijer Partners with Plaster Creek Stewards","placement":"census"},"geometry":{"type":"Point","coordinates":[-85.724648,43.017192]}},{"type":"Feature","properties":{"id":"ebc8b7b9de","company":"Meijer Inc.","facility":"Lansing Distribution Center (DC84)","sector":"Retail","goal":"Active stormwater management partnership with Plaster Creek Stewards (Calvin University) at Grand Rapids stores -- native-plant rain gardens capturing parking-lot runoff; no quantified company-wide water target found","fit":"Parjana","state":"Michigan","st":"MI","city":"Lansing","source":"newsroom.meijer.com (Jul 2025) - Meijer Partners with Plaster Creek Stewards","placement":"census"},"geometry":{"type":"Point","coordinates":[-84.644462,42.707839]}},{"type":"Feature","properties":{"id":"ea2ab19f42","company":"Meijer Inc.","facility":"Lansing Distribution Center (DC93)","sector":"Retail","goal":"Active stormwater management partnership with Plaster Creek Stewards (Calvin University) at Grand Rapids stores -- native-plant rain gardens capturing parking-lot runoff; no quantified company-wide water target found","fit":"Parjana","state":"Michigan","st":"MI","city":"Lansing","source":"newsroom.meijer.com (Jul 2025) - Meijer Partners with Plaster Creek Stewards","placement":"census"},"geometry":{"type":"Point","coordinates":[-84.642257,42.697459]}},{"type":"Feature","properties":{"id":"e0c6655795","company":"MillerKnoll","facility":"Zeeland Headquarters (Herman Miller legacy HQ)","sector":"Furniture Manufacturing","goal":"2030 goals: 50% reduction in product/operations carbon footprint, eliminate single-use plastics and cut waste, 50%+ recycled content -- no water-specific target found","fit":"Parjana","state":"Michigan","st":"MI","city":"Zeeland","source":"news.millerknoll.com (Apr 2022) - MillerKnoll Announces 2030 Sustainability Goals","placement":"census"},"geometry":{"type":"Point","coordinates":[-85.997461,42.812424]}},{"type":"Feature","properties":{"id":"f694f9c18f","company":"Steelcase Inc.","facility":"Grand Rapids Headquarters/Campus","sector":"Furniture Manufacturing","goal":"Publishes GRI/SASB-aligned sustainability reporting; no specific water/waste percentage or target year found on the pages checked in this research pass","fit":"Parjana","state":"Michigan","st":"MI","city":"Grand Rapids","source":"steelcase.com/find-us/locations/americas/grand-rapids-michigan","placement":"census"},"geometry":{"type":"Point","coordinates":[-85.641797,42.883843]}},{"type":"Feature","properties":{"id":"c52dded84f","company":"Stellantis","facility":"Detroit Assembly Complex - Jefferson (Jefferson North Assembly)","sector":"Automotive Manufacturing","goal":"Water stewardship addressed under 'Preserving Natural Resources' / environmental stewardship of manufacturing operations program; no specific percentage/target-year goal confirmed in this research pass","fit":"Parjana","state":"Michigan","st":"MI","city":"Detroit","source":"stellantis.com sustainability pages","placement":"census"},"geometry":{"type":"Point","coordinates":[-82.962639,42.375592]}},{"type":"Feature","properties":{"id":"748e1fb265","company":"Stellantis","facility":"Detroit Assembly Complex - Mack","sector":"Automotive Manufacturing","goal":"Water stewardship addressed under 'Preserving Natural Resources' / environmental stewardship of manufacturing operations program; no specific percentage/target-year goal confirmed in this research pass","fit":"Parjana","state":"Michigan","st":"MI","city":"Detroit","source":"stellantis.com sustainability pages","placement":"census"},"geometry":{"type":"Point","coordinates":[-83.034416,42.379588]}},{"type":"Feature","properties":{"id":"7c65a1e6be","company":"Stellantis","facility":"Dundee Engine Plant","sector":"Automotive Manufacturing","goal":"Water stewardship addressed under 'Preserving Natural Resources' / environmental stewardship of manufacturing operations program; no specific percentage/target-year goal confirmed in this research pass","fit":"Parjana","state":"Michigan","st":"MI","city":"Dundee","source":"stellantis.com sustainability pages","placement":"city"},"geometry":{"type":"Point","coordinates":[-83.65966,41.957268]}},{"type":"Feature","properties":{"id":"6b1651e086","company":"Stellantis","facility":"North America Headquarters / Chrysler Technology Center","sector":"Automotive Manufacturing","goal":"Water stewardship addressed under 'Preserving Natural Resources' / environmental stewardship of manufacturing operations program; no specific percentage/target-year goal confirmed in this research pass","fit":"Parjana","state":"Michigan","st":"MI","city":"Auburn Hills","source":"stellantis.com sustainability pages","placement":"census"},"geometry":{"type":"Point","coordinates":[-83.236995,42.651845]}},{"type":"Feature","properties":{"id":"f7554f5281","company":"Stellantis","facility":"Sterling Heights Assembly Plant","sector":"Automotive Manufacturing","goal":"Water stewardship addressed under 'Preserving Natural Resources' / environmental stewardship of manufacturing operations program; no specific percentage/target-year goal confirmed in this research pass","fit":"Parjana","state":"Michigan","st":"MI","city":"Sterling Heights","source":"stellantis.com sustainability pages","placement":"census"},"geometry":{"type":"Point","coordinates":[-83.030257,42.573231]}},{"type":"Feature","properties":{"id":"8529924c05","company":"Stellantis","facility":"Trenton Engine Complex","sector":"Automotive Manufacturing","goal":"Water stewardship addressed under 'Preserving Natural Resources' / environmental stewardship of manufacturing operations program; no specific percentage/target-year goal confirmed in this research pass","fit":"Parjana","state":"Michigan","st":"MI","city":"Trenton","source":"stellantis.com sustainability pages","placement":"census"},"geometry":{"type":"Point","coordinates":[-83.194934,42.126799]}},{"type":"Feature","properties":{"id":"3c4b268708","company":"Stellantis","facility":"Warren Stamping Plant","sector":"Automotive Manufacturing","goal":"Water stewardship addressed under 'Preserving Natural Resources' / environmental stewardship of manufacturing operations program; no specific percentage/target-year goal confirmed in this research pass","fit":"Parjana","state":"Michigan","st":"MI","city":"Warren","source":"stellantis.com sustainability pages","placement":"census"},"geometry":{"type":"Point","coordinates":[-83.028016,42.495963]}},{"type":"Feature","properties":{"id":"cff918c847","company":"Stellantis","facility":"Warren Truck Assembly","sector":"Automotive Manufacturing","goal":"Water stewardship addressed under 'Preserving Natural Resources' / environmental stewardship of manufacturing operations program; no specific percentage/target-year goal confirmed in this research pass","fit":"Parjana","state":"Michigan","st":"MI","city":"Warren","source":"stellantis.com sustainability pages","placement":"census"},"geometry":{"type":"Point","coordinates":[-83.044407,42.457894]}},{"type":"Feature","properties":{"id":"4aa279301e","company":"WK Kellogg Co","facility":"Battle Creek Cereal Plant / Corporate Offices","sector":"Food & Beverage Manufacturing","goal":"30% reduction in water use at manufacturing facilities in high-water-stress regions by 2030 (2015 baseline); Michigan is explicitly named as one of the flagged high-risk U.S. states","fit":"HydroCoin","state":"Michigan","st":"MI","city":"Battle Creek","source":"betterdayspromise.kellanova.com/water-efficiency","placement":"city"},"geometry":{"type":"Point","coordinates":[-85.182427,42.319255]}},{"type":"Feature","properties":{"id":"1a1f721077","company":"Whirlpool Corporation","facility":"Benton Harbor Tech Center","sector":"Appliance Manufacturing","goal":"Reduce water intensity 3% every year across plants; achieved 12% over the prior five years against a 15% goal, and was resetting its baseline as of the 2023/2024 sustainability report","fit":"Parjana","state":"Michigan","st":"MI","city":"Benton Harbor","source":"whirlpoolcorp.com 2023 Sustainability Report - Water Management","placement":"census"},"geometry":{"type":"Point","coordinates":[-86.466055,42.115789]}},{"type":"Feature","properties":{"id":"4b9c2aeab8","company":"Whirlpool Corporation","facility":"World Headquarters","sector":"Appliance Manufacturing","goal":"Reduce water intensity 3% every year across plants; achieved 12% over the prior five years against a 15% goal, and was resetting its baseline as of the 2023/2024 sustainability report","fit":"Parjana","state":"Michigan","st":"MI","city":"Benton Harbor","source":"whirlpoolcorp.com 2023 Sustainability Report - Water Management","placement":"city"},"geometry":{"type":"Point","coordinates":[-86.454189,42.116706]}},{"type":"Feature","properties":{"id":"632de3bf02","company":"3M Company","facility":"3M Center (World Headquarters)","sector":"Diversified Manufacturing","goal":"No quantified company-wide water conservation percentage or target year found in the pages checked this pass; 3M has committed its Maplewood headquarters campus to 100% renewable electricity (a carbon achievement, not a water target) and is separately funding east-metro drinking-water protection projects under a state PFAS settlement","fit":"Parjana","state":"Minnesota","st":"MN","city":"Maplewood","source":"startribune.com/3m-makes-deal-to-use-all-renewable-energy-on-maplewood-campus/506492132 ; 3msettlement.state.mn.us/projects/investing-east-metro-drinking-water/protecting-maplewoods-drinking-water","placement":"census"},"geometry":{"type":"Point","coordinates":[-93.094123,45.032567]}},{"type":"Feature","properties":{"id":"6182904c03","company":"Ecolab Inc.","facility":"Global Headquarters","sector":"Water Technology & Services","goal":"By 2030, Ecolab aims to help its customers conserve 300 billion gallons of water every year -- equivalent to the drinking water needs of 1 billion people","fit":"HydroCoin","state":"Minnesota","st":"MN","city":"St. Paul","source":"ecolab.com/expertise-and-innovation/water","placement":"osm"},"geometry":{"type":"Point","coordinates":[-93.097762,44.946633]}},{"type":"Feature","properties":{"id":"26fd598730","company":"General Mills, Inc.","facility":"World Headquarters","sector":"Food & Beverage Manufacturing","goal":"Announced a global water stewardship commitment and has been named to CDP's water stewardship 'A List' for multiple consecutive years; a specific quantified company-wide percentage/target-year reduction figure was not confirmed in the pages checked this pass","fit":"HydroCoin","state":"Minnesota","st":"MN","city":"Minneapolis","source":"prnewswire.com/news-releases/general-mills-announces-global-water-stewardship-commitment-300239411.html ; generalmills.com/news/press-releases/general-mills-on-cdps-a-list-for-climate-and-water-stewardship-for-fourth-consecutive-year","placement":"census"},"geometry":{"type":"Point","coordinates":[-93.390943,44.975591]}},{"type":"Feature","properties":{"id":"b20c3298a4","company":"Target Corporation","facility":"World Headquarters","sector":"Retail","goal":"Water is named as a component of Target Forward, the company's enterprise-wide sustainability strategy, with targeted initiatives (e.g., water-saving garment-washed apparel by 2025, soil-health improvement on 1 million acres by 2025); the company states it 'plans to further incorporate water into our goals,' indicating no finalized enterprise-wide quantified water target as of this research pass","fit":"Parjana","state":"Minnesota","st":"MN","city":"Minneapolis","source":"corporate.target.com/sustainability-governance/responsible-resource-use/water","placement":"census"},"geometry":{"type":"Point","coordinates":[-93.274803,44.973944]}},{"type":"Feature","properties":{"id":"f7593992f5","company":"BorgWarner Inc.","facility":"Water Valley Plant","sector":"Automotive Parts Manufacturing (Air/Fluid Systems)","goal":"Same as BorgWarner's Michigan headquarters entry: carbon neutrality by 2035 goal; no water-specific target found","fit":"Parjana","state":"Mississippi","st":"MS","city":"Water Valley","source":"areadevelopment.com - BorgWarner Manufacturing Expansion Water Valley, MS","placement":"city"},"geometry":{"type":"Point","coordinates":[-89.631474,34.151499]}},{"type":"Feature","properties":{"id":"893d61d013","company":"Chevron Corporation","facility":"Pascagoula Refinery","sector":"Petroleum Refining","goal":"Same parent-company entry as Chevron's California facilities: publishes a dedicated 'Maintaining Clean Water' page for this refinery, but no quantified forward water conservation percentage or target year found in the pages checked this pass","fit":"Parjana","state":"Mississippi","st":"MS","city":"Pascagoula","source":"pascagoula.chevron.com/sustainability/environment/maintaining-clean-water","placement":"city"},"geometry":{"type":"Point","coordinates":[-88.558599,30.36468]}},{"type":"Feature","properties":{"id":"e53e055d24","company":"Huntington Ingalls Industries, Inc. (HII)","facility":"Ingalls Shipbuilding","sector":"Defense Shipbuilding","goal":"No quantified company-wide water conservation percentage or target year found in this research pass","fit":"Parjana","state":"Mississippi","st":"MS","city":"Pascagoula","source":"hii.com/ingalls-shipbuilding","placement":"city"},"geometry":{"type":"Point","coordinates":[-88.558599,30.36468]}},{"type":"Feature","properties":{"id":"c8966271f4","company":"Nissan North America, Inc.","facility":"Canton Vehicle Assembly Plant","sector":"Automotive Manufacturing","goal":"No quantified company-wide water conservation percentage or target year found in this research pass; the plant has undertaken chilled-water system upgrades with a digital monitoring dashboard (an efficiency project, not a stated reduction target) and completed water/wastewater infrastructure improvements","fit":"Parjana","state":"Mississippi","st":"MS","city":"Canton","source":"betterbuildingssolutioncenter.energy.gov/showcase-projects/nissan-north-america-chilled-water-system-upgrades-and-dashboard ; waggonereng.com/project/nissan-water-wastewater-infrastructure-improvements/","placement":"city"},"geometry":{"type":"Point","coordinates":[-90.036751,32.612602]}},{"type":"Feature","properties":{"id":"cfcd4de46a","company":"The Chemours Company","facility":"DeLisle Plant (Titanium Dioxide)","sector":"Chemical Manufacturing (Titanium Dioxide)","goal":"Same as Chemours' Delaware headquarters entry: 2030 goal to eliminate 99%+ of PFAS/FOC process air and water emissions; no quantified freshwater-withdrawal percentage target confirmed","fit":"Parjana","state":"Mississippi","st":"MS","city":"Pass Christian","source":"Mississippi DEQ facility record; chemours.com/en/about-chemours/global-reach/delisle","placement":"census"},"geometry":{"type":"Point","coordinates":[-89.310344,30.391747]}},{"type":"Feature","properties":{"id":"51be664351","company":"Toyota Motor Manufacturing, Mississippi, Inc.","facility":"Blue Springs Plant","sector":"Automotive Manufacturing","goal":"Same as Toyota's Princeton, IN and Georgetown, KY plant entries: parent Toyota Motor has set 'global five-year environmental action plan targets' for water, with a commitment to 'use water efficiently'; specific quantified percentage/target-year figures were not disclosed in the pages checked this pass","fit":"Parjana","state":"Mississippi","st":"MS","city":"Blue Springs","source":"toyota.com/usa/environmentalsustainability/water","placement":"city"},"geometry":{"type":"Point","coordinates":[-88.872078,34.401021]}},{"type":"Feature","properties":{"id":"62568dacde","company":"Anheuser-Busch Companies, LLC","facility":"St. Louis Brewery (North American Headquarters)","sector":"Beverage (Brewing) Manufacturing","goal":"Parent AB InBev/Anheuser-Busch describes water stewardship as core to its global sustainability programs at both local and global scale; a specific quantified company-wide percentage/target-year figure was not confirmed in the pages checked this pass","fit":"HydroCoin","state":"Missouri","st":"MO","city":"St. Louis","source":"anheuser-busch.com/newsroom/ab-water-stewardship-program","placement":"census"},"geometry":{"type":"Point","coordinates":[-90.209057,38.598985]}},{"type":"Feature","properties":{"id":"4784272aac","company":"Bayer Crop Science (Bayer AG)","facility":"Bayer Crop Science North American Headquarters","sector":"Agrochemical & Seed / Agribusiness","goal":"Global parent Bayer has pledged to improve water use efficiency in rice production by 25% by 2030 (transforming rice-cropping systems for smallholder farmers, since rice accounts for roughly 43% of global irrigation water withdrawals); this is a supply-chain/product impact goal rather than a facility-operations water-reduction target","fit":"Parjana","state":"Missouri","st":"MO","city":"Chesterfield","source":"bayer.com/media/en-us/bayer-pledges-to-help-tackle-global-water-crisis-with-new-water-strategy/","placement":"city"},"geometry":{"type":"Point","coordinates":[-90.568062,38.658176]}},{"type":"Feature","properties":{"id":"4ce2bbdeef","company":"Emerson Electric Co.","facility":"Emerson Tower (Global Headquarters)","sector":"Diversified Industrial Manufacturing / Automation","goal":"Company-wide goal: reduce purchased water by 10% by 2032 from a 2022 base year","fit":"HydroCoin","state":"Missouri","st":"MO","city":"Clayton","source":"ir.emerson.com/sustainability/planet ; emerson.com/en/corporate/industries/water-and-wastewater","placement":"census"},"geometry":{"type":"Point","coordinates":[-90.340135,38.650464]}},{"type":"Feature","properties":{"id":"8d857e9526","company":"Ford Motor Company","facility":"Kansas City Assembly Plant","sector":"Automotive Manufacturing","goal":"Same company-wide aspirational goal documented for Ford's Michigan, Illinois, and Kentucky facilities: zero water withdrawals for manufacturing processes, aspiring to use freshwater for human consumption only; 2035 manufacturing-facility targets approved by the Science Based Targets initiative","fit":"HydroCoin","state":"Missouri","st":"MO","city":"Claycomo","source":"corporate.ford.com/content/dam/na/ford/en_us/documents/corporate/reports/ford-cdp-water-report.pdf","placement":"city"},"geometry":{"type":"Point","coordinates":[-94.50379,39.197763]}},{"type":"Feature","properties":{"id":"c46e4dba64","company":"La-Z-Boy Incorporated","facility":"Midwest Furniture Factory (Neosho)","sector":"Upholstered Furniture Manufacturing","goal":"Same general environmental commitment as La-Z-Boy's Michigan headquarters entry; no quantified water/carbon/waste target found","fit":"Parjana","state":"Missouri","st":"MO","city":"Neosho","source":"globenewswire.com - La-Z-Boy Neosho, Missouri Plant Celebrates 50 Years","placement":"census"},"geometry":{"type":"Point","coordinates":[-94.374764,36.822364]}},{"type":"Feature","properties":{"id":"56a74dfb38","company":"Tyson Foods, Inc.","facility":"Sedalia Poultry Plant","sector":"Food Processing (Poultry)","goal":"Same as Tyson's Arkansas headquarters entry: prior goal (12% water-usage reduction by 2020, per-pound basis) has lapsed with no confirmed current successor target found","fit":"HydroCoin","state":"Missouri","st":"MO","city":"Sedalia","source":"Wikipedia - Tyson Foods facility list","placement":"city"},"geometry":{"type":"Point","coordinates":[-93.229551,38.709831]}},{"type":"Feature","properties":{"id":"9e704ad339","company":"CHS Inc.","facility":"Laurel Refinery","sector":"Petroleum Refining / Agricultural Cooperative","goal":"No quantified company-wide water conservation percentage or target year found in this research pass; the refinery is currently undergoing a Montana DEQ-permitted project specifically to improve its water treatment process","fit":"HydroCoin","state":"Montana","st":"MT","city":"Laurel","source":"billingsgazette.com/news/local/business/article_e72dda80-8660-4db2-b168-7cdcb39def44.html","placement":"census"},"geometry":{"type":"Point","coordinates":[-108.76654,45.660064]}},{"type":"Feature","properties":{"id":"eb4bd49d3d","company":"NorthWestern Energy Group, Inc.","facility":"Montana Headquarters","sector":"Utility","goal":"No quantified water conservation or water-use goal with a specific percentage/target year found in this research pass; the company's environmental protection and water-quality practices were separately honored by the Montana Department of Environmental Quality in 2022","fit":"x402gal","state":"Montana","st":"MT","city":"Butte","source":"retirees-test.northwesternenergy.com/about-us/our-company/2022/05/25/northwestern-energy-s-commitment-to-environment-protection-and-water-quality-honored-by-montana-department-of-environmental-quality","placement":"census"},"geometry":{"type":"Point","coordinates":[-112.535303,46.012909]}},{"type":"Feature","properties":{"id":"af6ca9b2e4","company":"Par Pacific Holdings, Inc.","facility":"Billings Refinery","sector":"Petroleum Refining","goal":"No quantified company-wide water conservation percentage or target year found in this research pass; public sustainability messaging emphasizes renewable-fuels development and carbon-intensity reduction rather than a water-specific target","fit":"Parjana","state":"Montana","st":"MT","city":"Billings","source":"parpacific.com/press-releases/par-pacific-completes-acquisition-exxonmobil-billings-refinery-and-related-upper","placement":"city"},"geometry":{"type":"Point","coordinates":[-108.49607,45.787496]}},{"type":"Feature","properties":{"id":"53f1dd2e10","company":"Sibanye-Stillwater Limited","facility":"Stillwater Mine","sector":"Mining (Palladium & Platinum Group Metals)","goal":"Parent Sibanye-Stillwater states sustainability, including water stewardship, remains integral to its long-term corporate strategy; no quantified Montana-specific water conservation percentage or target year found in the pages checked this pass","fit":"Parjana","state":"Montana","st":"MT","city":"Nye","source":"miningweekly.com/article/sustainability-remains-integral-sibanye-stillwater-strategy-long-term-value-creator-2026-04-28","placement":"city"},"geometry":{"type":"Point","coordinates":[-109.803652,45.435023]}},{"type":"Feature","properties":{"id":"76020e33d9","company":"Berkshire Hathaway Inc.","facility":"World Headquarters","sector":"Diversified Holding Company","goal":"No quantified company-wide water conservation or water-use goal with a specific percentage/target year found in this research pass; as a small corporate-office headquarters overseeing a decentralized portfolio of operating subsidiaries, Berkshire Hathaway itself publishes minimal centralized ESG reporting","fit":"Parjana","state":"Nebraska","st":"NE","city":"Omaha","source":"berkshirehathaway.com","placement":"census"},"geometry":{"type":"Point","coordinates":[-95.964854,41.257668]}},{"type":"Feature","properties":{"id":"a5537103b5","company":"Union Pacific Corporation","facility":"Union Pacific Center (World Headquarters)","sector":"Freight Railroad","goal":"No quantified company-wide water conservation percentage or target year found in this research pass; publishes facility-level environmental compliance information covering its rail-yard and maintenance-facility footprint","fit":"Parjana","state":"Nebraska","st":"NE","city":"Omaha","source":"up.com/aboutup/environment/facilities/","placement":"census"},"geometry":{"type":"Point","coordinates":[-95.934596,41.258705]}},{"type":"Feature","properties":{"id":"7e292a9517","company":"Valmont Industries, Inc.","facility":"Global Headquarters","sector":"Agricultural & Infrastructure Equipment Manufacturing","goal":"Annual sustainability reporting names 'water conservation in agriculture' as a core theme and highlights product case studies on food security through irrigation; no quantified company-wide water-use-reduction percentage or target year was confirmed in the pages checked this pass","fit":"HydroCoin","state":"Nebraska","st":"NE","city":"Omaha","source":"webassets.valmont.com/valmontstaging/docs/librariesprovider80/sustainability-2022/vo22_1804_gri_report_r3(1).pdf","placement":"census"},"geometry":{"type":"Point","coordinates":[-96.146155,41.26001]}},{"type":"Feature","properties":{"id":"962ddaabb0","company":"Alphabet Inc. (Google)","facility":"Storey County Data Center","sector":"Technology / Data Center","goal":"Same company-wide goal as Google's California North headquarters entry: water positive by 2030","fit":"HydroCoin","state":"Nevada","st":"NV","city":"Sparks","source":"datacentermap.com - Google Storey County Data Center","placement":"city"},"geometry":{"type":"Point","coordinates":[-119.755253,39.534769]}},{"type":"Feature","properties":{"id":"5e07ae3198","company":"Apple Inc.","facility":"Reno-area Data Center","sector":"Technology / Data Center","goal":"Same as Apple's California headquarters entry: no formal 'water positive by [year]' target found; Apple reports 17 billion gallons of freshwater saved company-wide in 2025 through its Supplier Clean Water Program","fit":"Parjana","state":"Nevada","st":"NV","city":"Sparks","source":"datacentermap.com - Apple Reno-area Data Center","placement":"city"},"geometry":{"type":"Point","coordinates":[-119.755253,39.534769]}},{"type":"Feature","properties":{"id":"ef3e042dbb","company":"Caesars Entertainment, Inc.","facility":"Corporate Headquarters","sector":"Hospitality / Gaming","goal":"Publishes a dedicated water conservation commitment as part of its annual Corporate Social Responsibility reporting, including EPA WaterSense recognition and plumbing/irrigation system upgrades at Caesars Palace specifically targeted at the largest paybacks; a specific quantified company-wide percentage/target-year figure was not confirmed in the pages checked this pass","fit":"HydroCoin","state":"Nevada","st":"NV","city":"Reno","source":"caesars.com/corporate/corporate-social-responsibility/planet/water ; epa.gov/sites/default/files/2017-01/documents/ws-commercial-casestudy-caesars.pdf","placement":"census"},"geometry":{"type":"Point","coordinates":[-119.812524,39.521534]}},{"type":"Feature","properties":{"id":"264070ca9f","company":"Las Vegas Sands Corp.","facility":"Corporate Headquarters","sector":"Hospitality / Gaming","goal":"Announced a set of climate-focused sustainability goals in 2017; recognized by the U.S. Department of Energy for energy- and water-efficiency upgrades; no quantified company-wide water-reduction percentage/target-year figure was confirmed in the pages checked this pass","fit":"Parjana","state":"Nevada","st":"NV","city":"Las Vegas","source":"energy.gov/cmei/articles/energy-department-recognizes-las-vegas-sands-corporation-energy-and-water-efficiency ; sands.com/responsibility/planet/","placement":"census"},"geometry":{"type":"Point","coordinates":[-115.171161,36.122592]}},{"type":"Feature","properties":{"id":"5c045e30ea","company":"MGM Resorts International","facility":"Corporate Headquarters","sector":"Hospitality / Gaming","goal":"No single quantified company-wide water-reduction percentage/target-year goal was confirmed in the pages checked this pass; the company has invested heavily in desert-friendly landscaping and irrigation retrofits (including a large project at Bellagio) and offers employees a $500,000 grant pool to incentivize home water conservation","fit":"HydroCoin","state":"Nevada","st":"NV","city":"Las Vegas","source":"betterbuildingssolutioncenter.energy.gov/implementation-models/mgm-resorts-landscaping-and-irrigation-methods-reduce-water-consumption ; wateractionhub.org/organizations/1769/d/mgm-resorts-international/","placement":"census"},"geometry":{"type":"Point","coordinates":[-115.172937,36.113746]}},{"type":"Feature","properties":{"id":"5694dd7266","company":"Tesla, Inc.","facility":"Gigafactory Nevada","sector":"Battery & Electric Vehicle Manufacturing","goal":"Same as Tesla's Fremont, CA plant entry: the Fremont facility is TRUE Zero Waste certified, but no company-wide quantified water-reduction percentage/target-year figure was confirmed for Gigafactory Nevada in the pages checked this pass; local reporting has raised ongoing questions about the facility's water demand and source as it has expanded","fit":"Parjana","state":"Nevada","st":"NV","city":"Sparks","source":"reviewjournal.com/local/local-nevada/tesla-battery-factory-near-reno-will-gulp-water/","placement":"osm"},"geometry":{"type":"Point","coordinates":[-119.439052,39.540393]}},{"type":"Feature","properties":{"id":"851123eebc","company":"Anheuser-Busch Companies, LLC","facility":"Merrimack Brewery (CLOSED)","sector":"Beverage (Brewing) Manufacturing","goal":"Same company-wide water stewardship framing as Anheuser-Busch's Missouri entry; this specific facility closed in early 2026 after more than 50 years of operation","fit":"Other","state":"New Hampshire","st":"NH","city":"Merrimack","source":"unionleader.com/news/business/anheuser-busch-to-shutter-its-merrimack-facility-in-early-2026/article_e82475b4-a10a-471e-b59f-380715418200.html","placement":"census"},"geometry":{"type":"Point","coordinates":[-71.490182,42.826287]}},{"type":"Feature","properties":{"id":"854b1d60e3","company":"BAE Systems, Inc.","facility":"Electronic Systems (Nashua Campus)","sector":"Aerospace & Defense Electronics","goal":"No quantified company-wide water conservation percentage or target year found in this research pass; the site has been recognized locally for a broader business sustainability initiative covering energy efficiency","fit":"Parjana","state":"New Hampshire","st":"NH","city":"Nashua","source":"greenenergytimes.org/2017/06/bae-systems-business-sustainability-initiative/","placement":"osm"},"geometry":{"type":"Point","coordinates":[-71.44625,42.702179]}},{"type":"Feature","properties":{"id":"ae36dd043b","company":"Eversource Energy","facility":"New Hampshire Operations Office","sector":"Utility","goal":"Same as Eversource's Connecticut and Massachusetts entries: no quantified water conservation percentage or target year found in the pages checked this pass; notably, Eversource's Aquarion Water Company subsidiary -- a literal water utility -- has served the Belmont, NH area through its Abenaki Water Company arm, though Eversource announced in 2025 that Aquarion is being sold to the quasi-public Aquarion Water Authority (pending regulatory approval as of mid-2025)","fit":"x402gal","state":"New Hampshire","st":"NH","city":"Manchester","source":"en.wikipedia.org/wiki/Aquarion_Water_Company","placement":"census"},"geometry":{"type":"Point","coordinates":[-71.467406,42.999646]}},{"type":"Feature","properties":{"id":"1062948083","company":"American Water Works Company, Inc.","facility":"Corporate Headquarters","sector":"Water & Wastewater Utility","goal":"Set a goal in 2020 to increase its weighted-average Utility Resilience Index (URI) score by 10% by 2030; achieved this goal five years early, by year-end 2025","fit":"HydroCoin","state":"New Jersey","st":"NJ","city":"Camden","source":"newsroom.amwater.com/2026-06-03-American-Water-Continues-Commitment-to-Advancing-Utility-Resilience-Achieves-Utility-Resilience-Goal-Five-Years-Early","placement":"city"},"geometry":{"type":"Point","coordinates":[-75.119193,39.944087]}},{"type":"Feature","properties":{"id":"d590de696b","company":"Johnson & Johnson","facility":"World Headquarters","sector":"Pharmaceutical & Consumer Health","goal":"No quantified company-wide water conservation percentage or target year found in the pages checked this pass; the company participates in the NJ Watersavers corporate water-efficiency program","fit":"Parjana","state":"New Jersey","st":"NJ","city":"New Brunswick","source":"njwatersavers.rutgers.edu/NewJerseyWaterSaversGoesCorporate.html","placement":"osm"},"geometry":{"type":"Point","coordinates":[-74.443092,40.497888]}},{"type":"Feature","properties":{"id":"0050ebe983","company":"Merck & Co., Inc.","facility":"Rahway Headquarters Campus","sector":"Pharmaceutical Manufacturing","goal":"Company-wide goal: maintain water use at or below 2015 levels; achieved this goal in 2025 (a maintenance target rather than a forward reduction percentage)","fit":"HydroCoin","state":"New Jersey","st":"NJ","city":"Rahway","source":"merck.com/company-overview/sustainability/environmental-sustainability/","placement":"census"},"geometry":{"type":"Point","coordinates":[-74.25825,40.609187]}},{"type":"Feature","properties":{"id":"51bd180ea5","company":"The Campbell's Company (Campbell Soup Company)","facility":"World Headquarters","sector":"Food & Beverage Manufacturing","goal":"No quantified company-wide water conservation percentage or target year found in the pages checked this pass; named to the Corporate Knights Global 100 Most Sustainable Corporations list","fit":"HydroCoin","state":"New Jersey","st":"NJ","city":"Camden","source":"roi-nj.com/2022/01/19/industry/american-water-campbell-soup-named-to-100-most-sustainable-corporations-in-the-world-list/","placement":"city"},"geometry":{"type":"Point","coordinates":[-75.119193,39.944087]}},{"type":"Feature","properties":{"id":"0c30f08da2","company":"Freeport-McMoRan Inc.","facility":"Chino Mine","sector":"Mining (Copper)","goal":"Same as Freeport-McMoRan's Arizona (Morenci Mine) entry: 83% of water used across global sites in 2025 was recycled or reused; no quantified forward percentage target confirmed","fit":"Parjana","state":"New Mexico","st":"NM","city":"Silver City area (Grant County)","source":"fcx.com/operations/north-america","placement":"city"},"geometry":{"type":"Point","coordinates":[-108.276416,32.771183]}},{"type":"Feature","properties":{"id":"f0a57679e2","company":"Freeport-McMoRan Inc.","facility":"Tyrone Mine","sector":"Mining (Copper)","goal":"Same as Freeport-McMoRan's Arizona (Morenci Mine) entry","fit":"Parjana","state":"New Mexico","st":"NM","city":"Tyrone (Grant County)","source":"fcx.com/operations/north-america","placement":"city"},"geometry":{"type":"Point","coordinates":[-108.301992,32.709799]}},{"type":"Feature","properties":{"id":"8f41c26a42","company":"Intel Corporation","facility":"Rio Rancho Fab (Fab 9/Fab 11X)","sector":"Semiconductor Manufacturing","goal":"Same company-wide goal as Intel's California North entries: net positive water by 2030 globally; achieved and maintained net positive water status for its U.S. sites, including New Mexico, since 2021; conserved more than 500 million gallons of water on-site in 2022","fit":"HydroCoin","state":"New Mexico","st":"NM","city":"Rio Rancho","source":"download.intel.com/newsroom/2024/manufacturing/Intel-in-NM-Sustainability-Fact-Sheet.pdf ; rrobserver.com/intel-pays-water-authority-32m-to-build-6-mile-pipeline/","placement":"census"},"geometry":{"type":"Point","coordinates":[-106.654229,35.231796]}},{"type":"Feature","properties":{"id":"a4137d5326","company":"Leprino Foods Company","facility":"Roswell Manufacturing Facility","sector":"Dairy / Cheese Manufacturing","goal":"Same company-wide water-intensity goal as Leprino's Colorado headquarters entry: reduce water intensity (gallons per 1,000 lbs milk processed) by 20% by 2030 (2020 baseline)","fit":"HydroCoin","state":"New Mexico","st":"NM","city":"Roswell","source":"Dairy Foods directory - Leprino Foods Co, Roswell, NM","placement":"census"},"geometry":{"type":"Point","coordinates":[-104.478967,33.331437]}},{"type":"Feature","properties":{"id":"e3c04e287f","company":"Meta Platforms, Inc.","facility":"Los Lunas Data Center Campus","sector":"Data Center / Technology Infrastructure","goal":"Same company-wide goal as Meta's California North (Menlo Park) entry: water positive by 2030; this specific campus has become a focal point of New Mexico legislative hearings and local reporting on data-center water usage and its effect on the Rio Grande watershed","fit":"HydroCoin","state":"New Mexico","st":"NM","city":"Los Lunas","source":"datacenters.atmeta.com/2026/04/restoring-water-in-our-data-center-communities/ ; krqe.com/news/politics-government/new-mexico-lawmakers-hear-about-data-centers-and-water-usage-concerns/","placement":"osm"},"geometry":{"type":"Point","coordinates":[-106.783827,34.830165]}},{"type":"Feature","properties":{"id":"24454fb5a3","company":"PNM Resources, Inc. (TXNM Energy)","facility":"Corporate Headquarters","sector":"Utility","goal":"Company-wide goal: reduce freshwater use 80% by 2035 and 90% by 2040, both from 2005 baseline levels, tied to the company's transition to carbon-free energy resources","fit":"HydroCoin","state":"New Mexico","st":"NM","city":"Albuquerque","source":"pnm.com/emissions-and-water","placement":"census"},"geometry":{"type":"Point","coordinates":[-106.65222,35.082547]}},{"type":"Feature","properties":{"id":"dd50d3239d","company":"Swire Coca-Cola, USA","facility":"Albuquerque Facility","sector":"Beverage Bottling/Distribution","goal":"Same as Swire Coca-Cola's Colorado headquarters entry: aims to safely return to communities and nature an amount of water equal to what it uses in finished beverages","fit":"HydroCoin","state":"New Mexico","st":"NM","city":"Albuquerque","source":"swirecc.com/new-mexico","placement":"census"},"geometry":{"type":"Point","coordinates":[-106.7261,35.087316]}},{"type":"Feature","properties":{"id":"ab160172e8","company":"Ball Corporation","facility":"Saratoga Springs Plant","sector":"Aluminum Can Manufacturing","goal":"Same company-wide 2030 goals as Ball's Colorado headquarters entry (50%/30% targets)","fit":"HydroCoin","state":"New York","st":"NY","city":"Saratoga Springs","source":"NYSERDA case study","placement":"census"},"geometry":{"type":"Point","coordinates":[-73.833578,43.060004]}},{"type":"Feature","properties":{"id":"162aad7a5d","company":"Baxter International Inc.","facility":"Skaneateles Manufacturing/Engineering Facility","sector":"Healthcare / Medical Devices","goal":"Same as Baxter's Illinois headquarters entry: no quantified water conservation percentage or target year found","fit":"Parjana","state":"New York","st":"NY","city":"Skaneateles","source":"Baxter Careers - Locations","placement":"city"},"geometry":{"type":"Point","coordinates":[-76.429102,42.947011]}},{"type":"Feature","properties":{"id":"3214f361bb","company":"Chobani, LLC","facility":"New Berlin Plant (original flagship site, opened 2005)","sector":"Dairy / Food Processing (Yogurt)","goal":"No specific published quantified water or ESG target confirmed for Chobani in this research pass","fit":"Parjana","state":"New York","st":"NY","city":"New Berlin","source":"PR Newswire - Chobani Celebrates Grand Opening of World's Largest Yogurt Manufacturing Plant in Twin Falls, Idaho (background context)","placement":"census"},"geometry":{"type":"Point","coordinates":[-75.329378,42.681455]}},{"type":"Feature","properties":{"id":"c60bf612dd","company":"Constellation Brands, Inc.","facility":"Corporate Headquarters","sector":"Beverage (Wine, Beer & Spirits) Manufacturing","goal":"Raised its water restoration target to 5 billion gallons of water withdrawals restored to local watersheds near its production facilities by fiscal year 2025 (up from an original ~1.1 billion gallon goal, achieved ahead of schedule); also contributed $700,000 to The Nature Conservancy to support watershed restoration","fit":"HydroCoin","state":"New York","st":"NY","city":"Victor","source":"cbrands.com/blogs/press-releases/constellation-brands-issues-2023-esg-impact-report-and-announces-enhanced-water-withdrawal-restoration-target-benefitting-local-communities","placement":"census"},"geometry":{"type":"Point","coordinates":[-77.438251,43.028662]}},{"type":"Feature","properties":{"id":"ad56479b32","company":"Corning Incorporated","facility":"World Headquarters","sector":"Glass & Specialty Materials Manufacturing","goal":"Publishes a dedicated water management program and formal sustainability goals; a specific quantified company-wide water-reduction percentage/target-year figure was not confirmed in the pages checked this pass, though the company reports detailed water metrics annually via CDP","fit":"Parjana","state":"New York","st":"NY","city":"Corning","source":"corning.com/worldwide/en/sustainability/preservation/water-management.html","placement":"city"},"geometry":{"type":"Point","coordinates":[-77.054341,42.143526]}},{"type":"Feature","properties":{"id":"599e94752e","company":"Eastman Kodak Company","facility":"World Headquarters","sector":"Imaging & Advanced Materials Manufacturing","goal":"Publishes an annual Sustainability Report covering environmental initiatives; no quantified company-wide water-reduction percentage or target year was confirmed in the pages checked this pass","fit":"Parjana","state":"New York","st":"NY","city":"Rochester","source":"kodak.com/en/company/page/sustainability-goals/","placement":"census"},"geometry":{"type":"Point","coordinates":[-77.619321,43.161231]}},{"type":"Feature","properties":{"id":"980913a648","company":"IBM (International Business Machines Corporation)","facility":"World Headquarters","sector":"Information Technology","goal":"Goal: conserve 500,000 cubic meters of water withdrawals at IBM research and manufacturing locations from 2025 through 2029, through reduction or avoidance of water withdrawals","fit":"HydroCoin","state":"New York","st":"NY","city":"Armonk","source":"ibm.com/responsibility/environment","placement":"census"},"geometry":{"type":"Point","coordinates":[-73.72462,41.109728]}},{"type":"Feature","properties":{"id":"c8623a4473","company":"JPMorgan Chase & Co.","facility":"Global Headquarters (270 Park Avenue)","sector":"Financial Services","goal":"New all-electric global headquarters (opened 2025) is designed for net-zero operational emissions and pursuing top-tier green-building certification; no quantified water conservation percentage or target year found in the pages checked this pass","fit":"Parjana","state":"New York","st":"NY","city":"New York","source":"jpmorganchase.com/newsroom/stories/building-sustainability-into-our-new-headquarters","placement":"census"},"geometry":{"type":"Point","coordinates":[-73.975037,40.755849]}},{"type":"Feature","properties":{"id":"77046f0449","company":"Micron Technology, Inc.","facility":"Clay, NY Megafab (under construction)","sector":"Semiconductor Manufacturing","goal":"Same company-wide goal as Micron's Boise, ID facility entry: Micron has committed to water recycling and restoration efforts at this site; the facility is projected to consume approximately 48 million gallons of water daily from Lake Ontario at full build-out -- more than the city of Syracuse's current daily water usage -- and has drawn an active legal challenge from environmental groups over the adequacy of the environmental review process","fit":"HydroCoin","state":"New York","st":"NY","city":"Clay","source":"manufacturing-today.com/news/micron-100b-new-york-megafab-faces-growing-local-environmental-pushback/ ; nyruralwater.org/news/micron%E2%80%99s-unmatched-environmental-impact-clay-chip-fabs-doubles-latest-estimates","placement":"city"},"geometry":{"type":"Point","coordinates":[-76.206543,43.186621]}},{"type":"Feature","properties":{"id":"016f916be3","company":"PepsiCo, Inc.","facility":"World Headquarters","sector":"Food & Beverage Manufacturing","goal":"Achieved 100% watershed replenishment at all company-owned facilities in high water-risk areas by end of 2025 (over 60 projects replenished nearly 29 billion liters in 2025 alone), and adopted the Alliance for Water Stewardship standard across every PepsiCo-owned high water-risk manufacturing site globally, also by end of 2025; 2030 aspirations include extending 100% replenishment to franchise bottler facilities and specific water-use-efficiency ratios (1.4 L/L for beverages, 1.7 L/kg for foods)","fit":"HydroCoin","state":"New York","st":"NY","city":"Purchase","source":"pepsico.com/en/newsroom/press-releases/2026/pepsico-achieves-dual-water-milestones","placement":"census"},"geometry":{"type":"Point","coordinates":[-73.698248,41.038503]}},{"type":"Feature","properties":{"id":"b05664921b","company":"Pfizer Inc.","facility":"World Headquarters (The Spiral)","sector":"Pharmaceutical Manufacturing","goal":"Issued a $1.25 billion sustainability bond funding environmental and social impact projects; publishes environmental sustainability goals aligned with the Science Based Targets initiative; no quantified company-wide water-reduction percentage/target-year figure was confirmed in the pages checked this pass, unlike its more detailed carbon commitments","fit":"Parjana","state":"New York","st":"NY","city":"New York","source":"pfizer.com/news/press-release/press-release-detail/pfizer-completes-125-billion-sustainability-bond-social-and","placement":"census"},"geometry":{"type":"Point","coordinates":[-74.008785,40.718403]}},{"type":"Feature","properties":{"id":"4801e0e182","company":"The Kraft Heinz Company","facility":"Lowville Plant (cream cheese)","sector":"Food Processing (Dairy/Cream Cheese)","goal":"Same company-wide 15%/20% water-intensity goals as Kraft Heinz's Chicago, IL headquarters entry","fit":"HydroCoin","state":"New York","st":"NY","city":"Lowville","source":"Wikipedia - Lowville, New York","placement":"city"},"geometry":{"type":"Point","coordinates":[-75.492198,43.786713]}},{"type":"Feature","properties":{"id":"441e929903","company":"Alphabet Inc. (Google)","facility":"Lenoir Data Center Campus","sector":"Technology / Data Center","goal":"Same company-wide goal as Google's California North headquarters entry: water positive by 2030","fit":"HydroCoin","state":"North Carolina","st":"NC","city":"Lenoir","source":"datacentermap.com - Google Lenoir Campus","placement":"census"},"geometry":{"type":"Point","coordinates":[-81.546892,35.900163]}},{"type":"Feature","properties":{"id":"6cafccbf4f","company":"Bank of America Corporation","facility":"Bank of America Corporate Center","sector":"Financial Services","goal":"No quantified company-wide water conservation percentage or target year found in the pages checked this pass; publishes annual sustainability reporting covering broader environmental commitments","fit":"Parjana","state":"North Carolina","st":"NC","city":"Charlotte","source":"about.bankofamerica.com/content/dam/about/report-center/esg/2024/Sustainability_at_Bank_of_America_2024_Report.pdf","placement":"census"},"geometry":{"type":"Point","coordinates":[-80.842983,35.227193]}},{"type":"Feature","properties":{"id":"bf8c4d2db4","company":"Baxter International Inc.","facility":"Marion (North Cove) Facility","sector":"Healthcare / Medical Devices (IV Fluids Manufacturing)","goal":"Same as Baxter's Illinois headquarters entry: publishes annual sustainability reporting addressing global water challenges; no quantified water conservation percentage or target year found","fit":"Parjana","state":"North Carolina","st":"NC","city":"Marion","source":"Baxter Careers - Locations","placement":"city"},"geometry":{"type":"Point","coordinates":[-82.009103,35.684102]}},{"type":"Feature","properties":{"id":"028240481c","company":"Bayer CropScience (Bayer AG)","facility":"Research Triangle Park Campus","sector":"Agrochemical & Seed / Agribusiness","goal":"Same global parent goal as Bayer Crop Science's Missouri (Chesterfield) entry: pledged to improve water use efficiency in rice production by 25% by 2030; no facility-specific quantified water target confirmed for this RTP campus in the pages checked this pass","fit":"Parjana","state":"North Carolina","st":"NC","city":"Durham","source":"cropscience.bayer.us/news-press/press-releases/062315-bcs-celebrates-the-latest-in-a-series-of-investments-in-research-triangle-park-nc","placement":"census"},"geometry":{"type":"Point","coordinates":[-78.855108,35.92444]}},{"type":"Feature","properties":{"id":"20372af761","company":"Duke Energy Corporation","facility":"Corporate Headquarters","sector":"Utility","goal":"Committed $10 million (2014-2019) to its Water Resources Fund, ultimately distributing 125 grants across 12 river basins in North Carolina, South Carolina, Tennessee, and Virginia to local organizations protecting and improving waterways; no forward quantified company-wide water-reduction percentage/target-year goal was confirmed in the pages checked this pass","fit":"x402gal","state":"North Carolina","st":"NC","city":"Charlotte","source":"news.duke-energy.com/releases/duke-energy-reaches-10-million-commitment-to-support-waterways-in-the-carolinas","placement":"census"},"geometry":{"type":"Point","coordinates":[-80.848066,35.223843]}},{"type":"Feature","properties":{"id":"b108920f9c","company":"GSK (GlaxoSmithKline)","facility":"U.S. Pharmaceutical Operations (American Tobacco Campus)","sector":"Pharmaceutical Manufacturing","goal":"No quantified water conservation percentage or target year found for the U.S. operations specifically in the pages checked this pass; parent GSK publishes broader global environmental sustainability commitments","fit":"Parjana","state":"North Carolina","st":"NC","city":"Durham","source":"biospace.com/say-it-ain-t-so-glaxo-company-to-leave-research-triangle-park-campus","placement":"census"},"geometry":{"type":"Point","coordinates":[-78.902886,35.994738]}},{"type":"Feature","properties":{"id":"edfacc1b31","company":"Honeywell International Inc.","facility":"Global Headquarters","sector":"Diversified Industrial & Aerospace Manufacturing","goal":"New global headquarters (relocated from Morris Plains, NJ in 2021) earned LEED Gold certification; no quantified company-wide water conservation percentage or target year found in the pages checked this pass","fit":"Parjana","state":"North Carolina","st":"NC","city":"Charlotte","source":"honeywell.com/us/en/news/press-releases/2022/09/honeywell-s-corporate-headquarters-earns-leed-gold","placement":"census"},"geometry":{"type":"Point","coordinates":[-80.852567,35.224196]}},{"type":"Feature","properties":{"id":"2b9caf0986","company":"Lowe's Companies, Inc.","facility":"Corporate Headquarters","sector":"Retail (Home Improvement)","goal":"Reports water-related risk and management practices annually via CDP Water Security disclosure; no quantified company-wide water conservation percentage or target year was confirmed in the pages checked this pass","fit":"Parjana","state":"North Carolina","st":"NC","city":"Mooresville","source":"corporate.lowes.com/sites/lowes-corp/files/2024-02/Corporate%20Responsibility%20Links/CDP%20Water%20Security%202023.pdf","placement":"census"},"geometry":{"type":"Point","coordinates":[-80.851487,35.545757]}},{"type":"Feature","properties":{"id":"5f6eddb26e","company":"Red Hat, Inc. (IBM)","facility":"Red Hat Tower (World Headquarters)","sector":"Enterprise Software","goal":"No quantified company-wide water conservation percentage or target year found in this research pass","fit":"Parjana","state":"North Carolina","st":"NC","city":"Raleigh","source":"en.wikipedia.org/wiki/Red_Hat_Tower","placement":"census"},"geometry":{"type":"Point","coordinates":[-78.640399,35.775698]}},{"type":"Feature","properties":{"id":"8f5a12582e","company":"SAS Institute Inc.","facility":"World Headquarters","sector":"Analytics Software (Private)","goal":"No quantified company-wide water conservation percentage or target year found in this research pass; publishes an annual Corporate Social Responsibility report covering broader environmental initiatives","fit":"Parjana","state":"North Carolina","st":"NC","city":"Cary","source":"sas.com/content/dam/SAS/documents/corporate-collateral/brochures/csr-107835.pdf","placement":"census"},"geometry":{"type":"Point","coordinates":[-78.765663,35.82932]}},{"type":"Feature","properties":{"id":"e6a5ee2719","company":"The Chemours Company","facility":"Fayetteville Works","sector":"Chemical Manufacturing (Fluoropolymers/PFAS)","goal":"Same as Chemours' Delaware headquarters entry: 2030 goal to eliminate 99%+ of PFAS/FOC process air and water emissions; this specific plant has been the subject of significant PFAS water-contamination regulatory and litigation attention in the Cape Fear River basin","fit":"Parjana","state":"North Carolina","st":"NC","city":"Fayetteville","source":"buildingclean.org facility profile; chemours.com/en/about-chemours/global-reach/fayetteville-works","placement":"census"},"geometry":{"type":"Point","coordinates":[-78.855947,34.835027]}},{"type":"Feature","properties":{"id":"27f3496601","company":"Basin Electric Power Cooperative","facility":"Headquarters","sector":"Utility (Generation & Transmission Cooperative)","goal":"No quantified water conservation percentage or target year found in this research pass; publishes environmental commitment and compliance information covering its generation fleet, which includes coal, natural gas, and renewable resources","fit":"x402gal","state":"North Dakota","st":"ND","city":"Bismarck","source":"basinelectric.com/environment/commitment-and-compliance","placement":"census"},"geometry":{"type":"Point","coordinates":[-100.768268,46.834414]}},{"type":"Feature","properties":{"id":"6865d30c2c","company":"J.R. Simplot Company","facility":"Grand Forks Potato Processing Plant","sector":"Food Processing (Frozen Potato)","goal":"Same company-wide 4Sight 2030 goal as Simplot's Idaho headquarters entry: reduce freshwater intake 15% per ton of product by 2030","fit":"HydroCoin","state":"North Dakota","st":"ND","city":"Grand Forks","source":"Yellow Pages listing - J.R. Simplot Company, Grand Forks","placement":"census"},"geometry":{"type":"Point","coordinates":[-97.086169,47.933098]}},{"type":"Feature","properties":{"id":"1e18896e82","company":"Marathon Petroleum Corporation","facility":"Mandan Refinery","sector":"Petroleum Refining","goal":"No quantified company-wide water conservation percentage or target year found in this research pass; the refinery was recognized by the City of Mandan for its community impact","fit":"Parjana","state":"North Dakota","st":"ND","city":"Mandan","source":"marathonpetroleum.com/Newsroom/Company-News/City-of-Mandan-honors-refinery-for-community-impact/","placement":"city"},"geometry":{"type":"Point","coordinates":[-100.889704,46.826415]}},{"type":"Feature","properties":{"id":"7d1423aae6","company":"Microsoft Corporation","facility":"Fargo Campus","sector":"Enterprise Software / Technology","goal":"Company-wide goal: Microsoft will be water positive by 2030, replenishing more water than it consumes globally; locally, Microsoft has partnered with Audubon Dakota to improve Fargo-Moorhead area water quality and storage","fit":"HydroCoin","state":"North Dakota","st":"ND","city":"Fargo","source":"blogs.microsoft.com/blog/2020/09/21/microsoft-will-replenish-more-water-than-it-consumes-by-2030/ ; inforum.com/business/microsoft-audubon-dakota-partnering-to-improve-f-m-water-quality-storage","placement":"city"},"geometry":{"type":"Point","coordinates":[-96.789821,46.877229]}},{"type":"Feature","properties":{"id":"2307fb4078","company":"Alphabet Inc. (Google)","facility":"New Albany Data Center Campus","sector":"Technology / Data Center","goal":"Same company-wide goal as Google's California North headquarters entry: water positive by 2030","fit":"HydroCoin","state":"Ohio","st":"OH","city":"New Albany","source":"datacentermap.com - Google New Albany Campus","placement":"override"},"geometry":{"type":"Point","coordinates":[-82.763386,40.058351]}},{"type":"Feature","properties":{"id":"2c60171523","company":"American Electric Power Company, Inc.","facility":"AEP Building (Corporate Headquarters)","sector":"Utility","goal":"No quantified water conservation percentage or target year found in this research pass; public environmental reporting emphasizes carbon emissions reduction and renewable energy investment rather than a water-specific target","fit":"x402gal","state":"Ohio","st":"OH","city":"Columbus","source":"en.wikipedia.org/wiki/American_Electric_Power","placement":"osm"},"geometry":{"type":"Point","coordinates":[-83.005442,39.965075]}},{"type":"Feature","properties":{"id":"c360443c52","company":"Ball Corporation","facility":"Findlay Plant","sector":"Aluminum Can Manufacturing","goal":"Same company-wide 2030 goals as Ball's Colorado headquarters entry (50%/30% targets)","fit":"HydroCoin","state":"Ohio","st":"OH","city":"Findlay","source":"Ball Corporation global locations map","placement":"census"},"geometry":{"type":"Point","coordinates":[-83.617123,41.069875]}},{"type":"Feature","properties":{"id":"4e0b727657","company":"Cardinal Health, Inc.","facility":"Corporate Headquarters","sector":"Healthcare Distribution & Services","goal":"No quantified company-wide water conservation percentage or target year found in this research pass","fit":"Parjana","state":"Ohio","st":"OH","city":"Dublin","source":"cardinalhealth.com","placement":"census"},"geometry":{"type":"Point","coordinates":[-83.117622,40.110193]}},{"type":"Feature","properties":{"id":"4b2726c5d9","company":"Ford Motor Company","facility":"Cleveland Engine Plant No. 1","sector":"Automotive Manufacturing","goal":"Same company-wide aspirational goal documented for Ford's other facilities: zero water withdrawals for manufacturing processes, aspiring to use freshwater for human consumption only; 2035 manufacturing-facility targets approved by the Science Based Targets initiative","fit":"HydroCoin","state":"Ohio","st":"OH","city":"Brook Park","source":"corporate.ford.com/content/dam/na/ford/en_us/documents/corporate/reports/ford-cdp-water-report.pdf","placement":"city"},"geometry":{"type":"Point","coordinates":[-81.804579,41.398384]}},{"type":"Feature","properties":{"id":"2548195933","company":"Ford Motor Company","facility":"Lima Engine Plant","sector":"Automotive Manufacturing","goal":"Same company-wide goal as Ford's Cleveland Engine Plant row above","fit":"HydroCoin","state":"Ohio","st":"OH","city":"Lima","source":"corporate.ford.com/content/dam/na/ford/en_us/documents/corporate/reports/ford-cdp-water-report.pdf","placement":"census"},"geometry":{"type":"Point","coordinates":[-84.084951,40.774162]}},{"type":"Feature","properties":{"id":"67cca49bd5","company":"Ford Motor Company","facility":"Ohio Assembly Plant","sector":"Automotive Manufacturing","goal":"Same company-wide goal as Ford's Cleveland Engine Plant row above","fit":"HydroCoin","state":"Ohio","st":"OH","city":"Avon Lake","source":"corporate.ford.com/content/dam/na/ford/en_us/documents/corporate/reports/ford-cdp-water-report.pdf","placement":"census"},"geometry":{"type":"Point","coordinates":[-82.061683,41.486193]}},{"type":"Feature","properties":{"id":"bed346e79b","company":"Ford Motor Company","facility":"Sharonville Transmission Plant","sector":"Automotive Manufacturing","goal":"Same company-wide aspirational goal documented for Ford's other facilities: zero water withdrawals for manufacturing processes, aspiring to use freshwater for human consumption only; 2035 manufacturing-facility targets approved by the Science Based Targets initiative","fit":"HydroCoin","state":"Ohio","st":"OH","city":"Cincinnati","source":"corporate.ford.com/content/dam/na/ford/en_us/documents/corporate/reports/ford-cdp-water-report.pdf","placement":"census"},"geometry":{"type":"Point","coordinates":[-84.382478,39.20704]}},{"type":"Feature","properties":{"id":"b2733f6531","company":"Honda of America Mfg., Inc.","facility":"Marysville Auto Plant","sector":"Automotive Manufacturing","goal":"Same global Honda Motor goal documented for Honda's Alabama and Indiana entries: 'zero industrial water withdrawal' by 2050 (long-term directional goal; no confirmed intermediate percentage targets)","fit":"HydroCoin","state":"Ohio","st":"OH","city":"Marysville","source":"global.honda/en/environment/initiatives/water","placement":"census"},"geometry":{"type":"Point","coordinates":[-83.496943,40.271028]}},{"type":"Feature","properties":{"id":"b241d6dbbc","company":"Molson Coors Beverage Company","facility":"Trenton Brewery","sector":"Beverage / Brewing","goal":"Same company-wide goals as Molson Coors' Colorado (Golden) entry: 22% water-use-efficiency improvement at large breweries vs. a 2016 baseline (targeting 2.8 hl water/hl product by 2025), plus the Golden brewery's 80-million-gallon G150 target","fit":"HydroCoin","state":"Ohio","st":"OH","city":"Trenton","source":"molsoncoors.com/our-locations/us/brewery/trenton","placement":"census"},"geometry":{"type":"Point","coordinates":[-84.476641,39.453508]}},{"type":"Feature","properties":{"id":"45e241c13a","company":"Nationwide Mutual Insurance Company","facility":"One Nationwide Plaza","sector":"Insurance","goal":"No quantified company-wide water conservation percentage or target year found in this research pass; as a primarily office-based insurer, direct water intensity is inherently smaller than the manufacturers on this list","fit":"Parjana","state":"Ohio","st":"OH","city":"Columbus","source":"en.wikipedia.org/wiki/Nationwide_Mutual_Insurance_Company","placement":"census"},"geometry":{"type":"Point","coordinates":[-83.001871,39.968979]}},{"type":"Feature","properties":{"id":"9b0f560db6","company":"Stellantis","facility":"Toledo Assembly Complex (Jeep Wrangler/4xe, Gladiator)","sector":"Automotive Manufacturing","goal":"Same company-wide environmental stewardship framing as Stellantis's Michigan entries (no specific percentage/target-year water goal confirmed in this research pass)","fit":"Parjana","state":"Ohio","st":"OH","city":"Toledo","source":"media.stellantisnorthamerica.com/newsrelease.do?id=339","placement":"osm"},"geometry":{"type":"Point","coordinates":[-83.517823,41.695842]}},{"type":"Feature","properties":{"id":"2e07f70752","company":"The Goodyear Tire & Rubber Company","facility":"Global Headquarters","sector":"Tire & Rubber Manufacturing","goal":"No quantified company-wide water conservation percentage or target year found in this research pass; publishes an annual Corporate Responsibility Report covering broader environmental commitments","fit":"Parjana","state":"Ohio","st":"OH","city":"Akron","source":"corporate.goodyear.com/content/dam/goodyear-corp/documents/responsibility/goodyear-crr-2024-final.pdf","placement":"osm"},"geometry":{"type":"Point","coordinates":[-81.477722,41.05901]}},{"type":"Feature","properties":{"id":"1ab545148c","company":"The Kraft Heinz Company","facility":"Coshocton Plant","sector":"Food Processing (Meat)","goal":"Same company-wide 15%/20% water-intensity goals as Kraft Heinz's Chicago, IL headquarters entry","fit":"HydroCoin","state":"Ohio","st":"OH","city":"Coshocton","source":"USDA FSIS establishment list","placement":"census"},"geometry":{"type":"Point","coordinates":[-81.870687,40.250041]}},{"type":"Feature","properties":{"id":"2f43131692","company":"The Kraft Heinz Company","facility":"Massillon Plant","sector":"Food Processing (Meat/Poultry)","goal":"Same company-wide 15%/20% water-intensity goals as Kraft Heinz's Chicago, IL headquarters entry","fit":"HydroCoin","state":"Ohio","st":"OH","city":"Massillon","source":"USDA FSIS establishment list","placement":"census"},"geometry":{"type":"Point","coordinates":[-81.537928,40.779723]}},{"type":"Feature","properties":{"id":"865346eab3","company":"The Kroger Co.","facility":"World Headquarters","sector":"Grocery Retail","goal":"No quantified company-wide water conservation percentage or target year found in this research pass; public sustainability messaging (Zero Hunger Zero Waste) is centered on food waste rather than water","fit":"Parjana","state":"Ohio","st":"OH","city":"Cincinnati","source":"thekrogerco.com","placement":"census"},"geometry":{"type":"Point","coordinates":[-84.514203,39.106397]}},{"type":"Feature","properties":{"id":"28c4d8d994","company":"The Procter & Gamble Company","facility":"World Headquarters","sector":"Consumer Packaged Goods Manufacturing","goal":"Publishes a formal 'Water Positive Future Strategy' emphasizing reduced water use in operations, with particular focus on facilities exposed to high water risk; a specific quantified company-wide percentage/target-year figure was not confirmed in the pages checked this pass","fit":"HydroCoin","state":"Ohio","st":"OH","city":"Cincinnati","source":"us.pg.com/sustainability/environmental-sustainability/water/","placement":"osm"},"geometry":{"type":"Point","coordinates":[-84.507582,39.10304]}},{"type":"Feature","properties":{"id":"db25cc47de","company":"The Progressive Corporation","facility":"Corporate Campus","sector":"Insurance","goal":"No quantified company-wide water conservation percentage or target year found in this research pass; as a primarily office-based insurer, direct water intensity is inherently smaller than the manufacturers on this list","fit":"Parjana","state":"Ohio","st":"OH","city":"Mayfield Village","source":"progressive.com/locations/mayfield-village-oh-headquarters/","placement":"census"},"geometry":{"type":"Point","coordinates":[-81.44228,41.566356]}},{"type":"Feature","properties":{"id":"ace7568ef1","company":"The Sherwin-Williams Company","facility":"Global Headquarters (under construction)","sector":"Paints & Coatings Manufacturing","goal":"No quantified company-wide water conservation percentage or target year found in this research pass; the company is completing a new $300 million downtown Cleveland headquarters campus at Public Square","fit":"Parjana","state":"Ohio","st":"OH","city":"Cleveland","source":"constructionequipmentguide.com/sherwin-williams-300m-hq-under-way-in-cleveland/59042","placement":"city"},"geometry":{"type":"Point","coordinates":[-81.693677,41.499657]}},{"type":"Feature","properties":{"id":"fd836fc772","company":"Whirlpool Corporation","facility":"Clyde Operations (washers -- world's largest washer plant)","sector":"Appliance Manufacturing","goal":"Same company-wide goal as Whirlpool's Michigan entry: reduce water intensity 3% every year across plants","fit":"HydroCoin","state":"Ohio","st":"OH","city":"Clyde","source":"whirlpoolcorp.com 2023 Sustainability Report - Water Management","placement":"census"},"geometry":{"type":"Point","coordinates":[-82.981503,41.308725]}},{"type":"Feature","properties":{"id":"16c0f20339","company":"Whirlpool Corporation","facility":"Findlay Operations (dishwashers)","sector":"Appliance Manufacturing","goal":"Same company-wide goal as Whirlpool's Michigan entry","fit":"HydroCoin","state":"Ohio","st":"OH","city":"Findlay","source":"whirlpoolcorp.com 2023 Sustainability Report - Water Management","placement":"census"},"geometry":{"type":"Point","coordinates":[-83.649833,41.091477]}},{"type":"Feature","properties":{"id":"2c7907d43b","company":"Whirlpool Corporation","facility":"Marion Operations (dryers)","sector":"Appliance Manufacturing","goal":"Same company-wide goal as Whirlpool's Michigan entry","fit":"HydroCoin","state":"Ohio","st":"OH","city":"Marion","source":"whirlpoolcorp.com 2023 Sustainability Report - Water Management","placement":"census"},"geometry":{"type":"Point","coordinates":[-83.160756,40.586104]}},{"type":"Feature","properties":{"id":"fd04577cff","company":"Whirlpool Corporation","facility":"Perrysburg (new facility, $60M investment announced Apr 2026)","sector":"Appliance Manufacturing","goal":"Same company-wide goal as Whirlpool's Michigan entry","fit":"Parjana","state":"Ohio","st":"OH","city":"Perrysburg","source":"whirlpoolcorp.com - Whirlpool Announces $60M Investment, Up to 150 Jobs for New Ohio Facility","placement":"city"},"geometry":{"type":"Point","coordinates":[-83.627932,41.557118]}},{"type":"Feature","properties":{"id":"5674deade3","company":"Continental Resources, Inc.","facility":"World Headquarters","sector":"Oil & Gas Exploration and Production (Private)","goal":"No quantified water conservation percentage or target year was confirmed in this constrained research pass; the company went private in 2022 (Hamm family buyout), which typically reduces public ESG disclosure relative to publicly traded peers","fit":"Parjana","state":"Oklahoma","st":"OK","city":"Oklahoma City","source":"en.wikipedia.org/wiki/Continental_Resources","placement":"census"},"geometry":{"type":"Point","coordinates":[-97.51444,35.466728]}},{"type":"Feature","properties":{"id":"3afd696edf","company":"Devon Energy Corporation","facility":"Devon Energy Center (World Headquarters)","sector":"Oil & Gas Exploration and Production","goal":"No quantified company-wide water conservation or produced-water-recycling percentage/target-year figure was confirmed in this constrained research pass","fit":"Parjana","state":"Oklahoma","st":"OK","city":"Oklahoma City","source":"en.wikipedia.org/wiki/Devon_Energy_Center","placement":"census"},"geometry":{"type":"Point","coordinates":[-97.518534,35.46654]}},{"type":"Feature","properties":{"id":"28eec53b18","company":"OGE Energy Corp.","facility":"Corporate Headquarters","sector":"Utility","goal":"No quantified water conservation percentage or target year was confirmed in this constrained research pass; public environmental reporting emphasizes renewable energy and energy-efficiency incentive programs","fit":"x402gal","state":"Oklahoma","st":"OK","city":"Oklahoma City","source":"en.wikipedia.org/wiki/OGE_Energy","placement":"census"},"geometry":{"type":"Point","coordinates":[-97.517977,35.470142]}},{"type":"Feature","properties":{"id":"fe342a5ee1","company":"The Williams Companies, Inc.","facility":"One Williams Center (World Headquarters)","sector":"Natural Gas Pipeline & Midstream","goal":"No quantified water conservation percentage or target year was confirmed in this constrained research pass","fit":"Parjana","state":"Oklahoma","st":"OK","city":"Tulsa","source":"en.wikipedia.org/wiki/Williams_Companies","placement":"city"},"geometry":{"type":"Point","coordinates":[-95.992752,36.156312]}},{"type":"Feature","properties":{"id":"fd65f88d1f","company":"Alphabet Inc. (Google)","facility":"The Dalles Data Center Campus","sector":"Technology / Data Center","goal":"Same company-wide goal as Google's California North headquarters entry: water positive by 2030; The Dalles is one of Google's original and largest data center campuses","fit":"HydroCoin","state":"Oregon","st":"OR","city":"The Dalles","source":"datacentermap.com - Google The Dalles Campus","placement":"census"},"geometry":{"type":"Point","coordinates":[-121.203183,45.631323]}},{"type":"Feature","properties":{"id":"b95a8e4ade","company":"Apple Inc.","facility":"Prineville Data Center","sector":"Technology / Data Center","goal":"Same as Apple's California headquarters entry: no formal 'water positive by [year]' target found; Apple reports 17 billion gallons of freshwater saved company-wide in 2025 through its Supplier Clean Water Program","fit":"Parjana","state":"Oregon","st":"OR","city":"Prineville","source":"datacentermap.com - Apple Prineville Data Center","placement":"city"},"geometry":{"type":"Point","coordinates":[-120.846388,44.303489]}},{"type":"Feature","properties":{"id":"df6f21d993","company":"Columbia Sportswear Company","facility":"World Headquarters","sector":"Apparel & Outdoor Gear Manufacturing","goal":"Planet Water goal: provide access to clean water for 100,000 people per day; the company has surpassed 80% of this goal as reported in its 2024 Impact Report","fit":"HydroCoin","state":"Oregon","st":"OR","city":"Portland","source":"us.fashionnetwork.com/news/Columbia-sportswear-company-surpasses-80-of-planet-water-goal,1754562.html","placement":"census"},"geometry":{"type":"Point","coordinates":[-122.825891,45.529114]}},{"type":"Feature","properties":{"id":"9dcdfcd447","company":"Intel Corporation","facility":"Ronler Acres Campus (Hillsboro)","sector":"Semiconductor Manufacturing","goal":"Same company-wide goal as Intel's California North and New Mexico entries: net positive water by 2030 globally; locally, 2.9 billion gallons of water were restored in Oregon from 2023 to 2025, and Intel operates its largest water recycling facility at this campus, which reached a milestone of 1 billion gallons recycled","fit":"HydroCoin","state":"Oregon","st":"OR","city":"Hillsboro","source":"intel.com/content/www/us/en/corporate-responsibility/intel-in-oregon.html ; aztechcouncil.org/intels-biggest-water-facility-hits-a-milestone-1-billion-gallons-recycled/","placement":"osm"},"geometry":{"type":"Point","coordinates":[-122.920783,45.541859]}},{"type":"Feature","properties":{"id":"51d8291059","company":"Nike, Inc.","facility":"World Headquarters","sector":"Apparel & Footwear Manufacturing","goal":"Achieved a 15% reduction in freshwater use for dyeing and finishing versus its FY20 baseline (a reported achievement, not a further forward-dated target confirmed in this pass)","fit":"HydroCoin","state":"Oregon","st":"OR","city":"Beaverton","source":"about.nike.com/en/mission/initiatives/efforts-to-conserve-water","placement":"city"},"geometry":{"type":"Point","coordinates":[-122.80378,45.487172]}},{"type":"Feature","properties":{"id":"eeda4bc6f7","company":"Air Products and Chemicals, Inc.","facility":"Global Headquarters","sector":"Industrial Gases Manufacturing","goal":"No quantified water reduction percentage or target year found in this research pass; the company states it 'strives to reduce energy and water consumption' through efficiency improvements and technological innovations, and reports $220 million in cumulative energy and water costs avoided company-wide, but does not publish a specific water intensity target","fit":"HydroCoin","state":"Pennsylvania","st":"PA","city":"Allentown","source":"airproducts.com/company/sustainability/conserve/footprint","placement":"city"},"geometry":{"type":"Point","coordinates":[-75.471611,40.602255]}},{"type":"Feature","properties":{"id":"a7668b2c6e","company":"Comcast Corporation","facility":"Comcast Center (World Headquarters)","sector":"Telecommunications & Media","goal":"Announced a California-specific initiative to reduce water use by 10 million gallons annually (a 25% reduction) in response to the state's drought, via fleet-washing halts, reduced landscape irrigation across 250 CA properties, and a cross-functional Resource Conservation Council; no company-wide (all-states) quantified water target was confirmed for the Philadelphia headquarters or other facilities in this research pass","fit":"Parjana","state":"Pennsylvania","st":"PA","city":"Philadelphia","source":"prnewswire.com/news-releases/comcast-announces-ongoing-water-saving-initiative-in-california-275623161.html ; corporate.comcast.com/contact-information","placement":"census"},"geometry":{"type":"Point","coordinates":[-75.168277,39.954072]}},{"type":"Feature","properties":{"id":"57a63efe25","company":"EQT Corporation","facility":"Corporate Headquarters","sector":"Natural Gas Exploration and Production (Appalachian Basin)","goal":"No quantified water use, water recycling, or produced-water reduction percentage/target year found in this research pass; the company's sustainability messaging centers on having achieved net-zero Scope 1 and Scope 2 greenhouse gas emissions for its upstream operations, rather than a water-specific metric","fit":"Parjana","state":"Pennsylvania","st":"PA","city":"Pittsburgh","source":"eqt.com/sustainability ; en.wikipedia.org/wiki/EQT_Corporation","placement":"osm"},"geometry":{"type":"Point","coordinates":[-80.00081,40.442495]}},{"type":"Feature","properties":{"id":"64cbd02220","company":"MillerKnoll (Knoll)","facility":"East Greenville Manufacturing/HQ Campus","sector":"Furniture Manufacturing","goal":"Same as MillerKnoll's Michigan headquarters entry: 2030 goals cover carbon footprint, single-use plastics, and recycled content -- no water-specific target found","fit":"Parjana","state":"Pennsylvania","st":"PA","city":"East Greenville","source":"buildingclean.org facility profile","placement":"census"},"geometry":{"type":"Point","coordinates":[-75.519318,40.40998]}},{"type":"Feature","properties":{"id":"4868f1d492","company":"PPG Industries, Inc.","facility":"World Headquarters (PPG Place)","sector":"Paints, Coatings & Specialty Materials Manufacturing","goal":"2030 water reduction goal for facilities in water-scarce/water-stressed communities; already surpassed as of 2024, with a 29% reduction in water use at those priority sites versus a 2019 baseline","fit":"HydroCoin","state":"Pennsylvania","st":"PA","city":"Pittsburgh","source":"ppg.com/en-US/sustainability/water ; sustainability.ppg.com/Environmental/Water","placement":"osm"},"geometry":{"type":"Point","coordinates":[-80.003761,40.44001]}},{"type":"Feature","properties":{"id":"5ec73f6134","company":"The Hershey Company","facility":"World Headquarters","sector":"Food & Confectionery Manufacturing","goal":"Goal: 20% absolute water reduction from a 2018 baseline at priority water-scarce facilities; already exceeded, reaching a 31% reduction as of the company's 2024 sustainability report","fit":"HydroCoin","state":"Pennsylvania","st":"PA","city":"Hershey","source":"thehersheycompany.com/en_us/home/sustainability/progress-on-priorities/environment.html ; headquarters-location.com/hershey/","placement":"census"},"geometry":{"type":"Point","coordinates":[-76.648586,40.302781]}},{"type":"Feature","properties":{"id":"1164ed3b80","company":"The PNC Financial Services Group, Inc.","facility":"Tower at PNC Plaza (World Headquarters)","sector":"Banking & Financial Services","goal":"No quantified water conservation percentage or target year found in this research pass; PNC's Sustainable Operations program and Corporate Responsibility Report emphasize energy efficiency, LEED-certified buildings (including the Tower at PNC Plaza, one of the greenest skyscrapers in the world), and a $30 billion environmental finance goal, but a water-specific reduction target was not located","fit":"Parjana","state":"Pennsylvania","st":"PA","city":"Pittsburgh","source":"pnc.com/en/about-pnc/corporate-responsibility/responsible-business/sustainable-future/sustainable-operations.html","placement":"census"},"geometry":{"type":"Point","coordinates":[-80.000354,40.44066]}},{"type":"Feature","properties":{"id":"0e6774eb87","company":"The Vanguard Group, Inc.","facility":"Corporate Headquarters","sector":"Investment Management / Financial Services","goal":"No quantified water conservation percentage or target year found in this research pass; publishes climate-related (TCFD) and greenhouse gas emissions reporting, but water-specific goals were not located","fit":"Parjana","state":"Pennsylvania","st":"PA","city":"Malvern","source":"corporate.vanguard.com/content/corporatesite/us/en/corp/why-vanguard/who-we-are/corporate-sustainability.html","placement":"census"},"geometry":{"type":"Point","coordinates":[-75.509661,40.053466]}},{"type":"Feature","properties":{"id":"8787f1e1bf","company":"United States Steel Corporation","facility":"U.S. Steel Tower (World Headquarters)","sector":"Steel Manufacturing","goal":"No quantified company-wide water reduction percentage or target year found in this research pass; sustainability reporting cites facility-level achievements (for example, the Granite City Works facility reported a 37% reduction in city water use in 2024 versus 2023) rather than a forward-dated corporate-wide target","fit":"HydroCoin","state":"Pennsylvania","st":"PA","city":"Pittsburgh","source":"sustainability.ussteel.com/planet/nature","placement":"census"},"geometry":{"type":"Point","coordinates":[-79.994945,40.442047]}},{"type":"Feature","properties":{"id":"6a5a2f0826","company":"Westinghouse Electric Company LLC","facility":"Cranberry Woods Headquarters","sector":"Nuclear Power Technology & Equipment","goal":"No quantified water conservation percentage or target year found in this research pass; publishes an annual Sustainability Report (first issued 2023) covering broader environment, health, and safety commitments and a stated path to net-zero, but a water-specific numeric target was not located","fit":"Parjana","state":"Pennsylvania","st":"PA","city":"Cranberry Township","source":"westinghousenuclear.com/about/sustainability","placement":"census"},"geometry":{"type":"Point","coordinates":[-80.086012,40.6825]}},{"type":"Feature","properties":{"id":"8f12b06a9d","company":"CVS Health Corporation","facility":"World Headquarters","sector":"Pharmacy & Healthcare Retail","goal":"Publishes a dedicated Responsible Water Use Policy and set climate-related performance targets under its Transform Health 2030 CSR roadmap; a specific quantified water-reduction percentage and target year was referenced as included in the underlying 2020 CSR report but was not confirmed in the pages checked this pass","fit":"Parjana","state":"Rhode Island","st":"RI","city":"Woonsocket","source":"cvshealth.com/impact/esg-reports/resource-library/responsible-water-use-policy.html","placement":"census"},"geometry":{"type":"Point","coordinates":[-71.478194,41.990827]}},{"type":"Feature","properties":{"id":"26537c2a14","company":"Hasbro, Inc.","facility":"Corporate Headquarters (relocating)","sector":"Toy & Entertainment Manufacturing","goal":"No quantified water conservation percentage or target year found in this research pass","fit":"Parjana","state":"Rhode Island","st":"RI","city":"Pawtucket","source":"rhodeislandcurrent.com/2025/09/08/hasbro-to-move-to-boston-seaport-by-end-of-2026/","placement":"census"},"geometry":{"type":"Point","coordinates":[-71.354109,41.883546]}},{"type":"Feature","properties":{"id":"ce1c0a3fa2","company":"Textron Inc.","facility":"Textron Tower (World Headquarters)","sector":"Aerospace & Industrial Conglomerate","goal":"No quantified company-wide water conservation percentage or target year found in this research pass for the Textron Inc. parent; note that its Kautex Textron subsidiary (automotive fuel systems) separately achieved an improved CDP water security stewardship score, indicating water management is an active reporting area within the broader Textron family of businesses","fit":"Parjana","state":"Rhode Island","st":"RI","city":"Providence","source":"investor.textron.com/news/news-releases/press-release-details/2025/Textron-Releases-2024-Corporate-Responsibility-Report/default.aspx","placement":"census"},"geometry":{"type":"Point","coordinates":[-71.409194,41.825205]}},{"type":"Feature","properties":{"id":"e4d9ff98e9","company":"BMW Manufacturing Co., LLC","facility":"BMW Plant Spartanburg (Greer)","sector":"Automotive Manufacturing","goal":"No single forward-dated percentage target confirmed in this pass, but strong documented achievements: water consumption per vehicle shipped decreased 55% from 2006 to 2023; a water conservation initiative saves 9.5 million gallons per year; and a high-pressure reverse osmosis system reduced plant water consumption by 15.9 million gallons in 2023 alone","fit":"HydroCoin","state":"South Carolina","st":"SC","city":"Greer","source":"bmwgroup-werke.com/spartanburg/en/our-plant/popup/corporate-sustainability.html","placement":"census"},"geometry":{"type":"Point","coordinates":[-82.171608,34.902059]}},{"type":"Feature","properties":{"id":"52c30335d8","company":"BorgWarner Inc.","facility":"Seneca Plant","sector":"Automotive Parts Manufacturing (Turbocharger/Powertrain)","goal":"Same as BorgWarner's Michigan headquarters entry: carbon neutrality by 2035 goal; no water-specific target found","fit":"Parjana","state":"South Carolina","st":"SC","city":"Seneca","source":"borgwarner.com - BorgWarner to Expand South Carolina Facility","placement":"census"},"geometry":{"type":"Point","coordinates":[-82.979785,34.66711]}},{"type":"Feature","properties":{"id":"1c6dee06f9","company":"DuPont de Nemours, Inc.","facility":"Cooper River Plant (Sorona/fibers)","sector":"Chemical Manufacturing","goal":"Same as DuPont's Delaware headquarters entry: 2030 goal to implement holistic water stewardship strategies at sites in high-risk watersheds and high-consumption sites; no single quantified percentage figure published","fit":"Parjana","state":"South Carolina","st":"SC","city":"Moncks Corner","source":"dupont.com/locations.html","placement":"census"},"geometry":{"type":"Point","coordinates":[-79.940039,33.053788]}},{"type":"Feature","properties":{"id":"b31800c70d","company":"Michelin North America, Inc.","facility":"North American Headquarters","sector":"Tire Manufacturing","goal":"Global parent company goal (Michelin Group 'All Sustainable' 2030 strategy): reduce water extraction at industrial sites by 33% by 2030 compared to a 2019 baseline","fit":"HydroCoin","state":"South Carolina","st":"SC","city":"Greenville","source":"michelin.com/en/sustainability/entreprise/planet/natural-resources-preservation","placement":"census"},"geometry":{"type":"Point","coordinates":[-82.261434,34.861042]}},{"type":"Feature","properties":{"id":"2d01d70037","company":"Milliken & Company","facility":"Global Headquarters","sector":"Textile, Chemical & Materials Manufacturing (Private)","goal":"Publishes named sustainability goals (the company's '2025 Sustainability Goals' program, referenced by CEO Halsey Cook) that include a stated aim to reduce water use as part of its broader environmental strategy; a specific quantified percentage and target year was not confirmed in the pages checked this pass","fit":"Parjana","state":"South Carolina","st":"SC","city":"Spartanburg","source":"nationalgeographic.com/science/article/partner-content-milliken-2025-sustainability-goals ; milliken.com/en-us/about-us/sustainability","placement":"census"},"geometry":{"type":"Point","coordinates":[-81.95173,34.980379]}},{"type":"Feature","properties":{"id":"f433c3aa56","company":"Nucor Corporation","facility":"Nucor Steel Berkeley","sector":"Steel Manufacturing","goal":"Same as Nucor's Alabama entry: EAF steelmaking facilities recycle up to 90% of process water through on-site collection, filtration, and cooling before recirculation; no single quantified forward water target with a target year confirmed","fit":"Parjana","state":"South Carolina","st":"SC","city":"Huger","source":"gem.wiki - Nucor Steel Berkeley plant","placement":"census"},"geometry":{"type":"Point","coordinates":[-79.871006,33.003212]}},{"type":"Feature","properties":{"id":"335c0e954d","company":"Stanley Black & Decker, Inc.","facility":"Carolinas Manufacturing Operations (DEWALT)","sector":"Power Tool Manufacturing","goal":"Same as Stanley Black & Decker's Connecticut headquarters entry: 5% water-intensity reduction in 2022 (2020 baseline); no forward dated percentage target found; the company has earned a CDP double-A score for both climate and water stewardship","fit":"Parjana","state":"South Carolina","st":"SC","city":"Fort Mill","source":"loopnet.com listing; stanleyblackanddecker.com/impact/planet/sustainable-water-use","placement":"census"},"geometry":{"type":"Point","coordinates":[-80.946898,35.095526]}},{"type":"Feature","properties":{"id":"e546e42dfb","company":"The Boeing Company","facility":"Boeing South Carolina (787 Dreamliner Final Assembly)","sector":"Aerospace Manufacturing","goal":"No quantified water conservation percentage or target year found in this research pass; the site's original rooftop solar array (2.6 MW capacity) was removed in 2022, and public sustainability messaging for this campus centers on the ongoing $1 billion expansion investment rather than a water-specific target","fit":"Parjana","state":"South Carolina","st":"SC","city":"North Charleston","source":"en.wikipedia.org/wiki/Boeing_South_Carolina ; weareboeingsc.com/our-story/","placement":"census"},"geometry":{"type":"Point","coordinates":[-80.038944,32.872721]}},{"type":"Feature","properties":{"id":"ebe3612e8c","company":"Daktronics, Inc.","facility":"World Headquarters","sector":"Electronic Display & Signage Manufacturing","goal":"No quantified water use reduction goal found in this research pass; the company's public sustainability page discusses waste reduction, recycling, and broader resource management commitments without a specific water metric","fit":"Parjana","state":"South Dakota","st":"SD","city":"Brookings","source":"daktronics.com/en-us/about-us/sustainability","placement":"census"},"geometry":{"type":"Point","coordinates":[-96.751805,44.305654]}},{"type":"Feature","properties":{"id":"7bba1a17ee","company":"POET, LLC","facility":"Worldwide Headquarters","sector":"Biofuels / Ethanol Production","goal":"POET has publicly reported cutting water use across its biorefinery network by more than 400 million gallons through process efficiency technology upgrades (exact reporting year not confirmed in this pass); individual biorefineries have also reported large single-site reductions, such as a facility upgrade at POET Biorefining - Alexandria projected to save 93,000 gallons of water per day","fit":"HydroCoin","state":"South Dakota","st":"SD","city":"Sioux Falls","source":"poet.com/pr/poet-cuts-water-use-by-more-than-400-million-gallons ; poet.com/pr/technology-at-poet-biorefining-alexandria-will-save-93-000-gallons","placement":"census"},"geometry":{"type":"Point","coordinates":[-96.698013,43.597258]}},{"type":"Feature","properties":{"id":"be78c27d54","company":"Sanford Health","facility":"Sanford USD Medical Center / System Headquarters","sector":"Healthcare System (Nonprofit)","goal":"No quantified water conservation percentage or target year found in this research pass","fit":"Parjana","state":"South Dakota","st":"SD","city":"Sioux Falls","source":"sanfordhealth.org/about","placement":"census"},"geometry":{"type":"Point","coordinates":[-96.742602,43.536617]}},{"type":"Feature","properties":{"id":"79edd24c95","company":"AutoZone, Inc.","facility":"Store Support Center (World Headquarters)","sector":"Automotive Parts Retail","goal":"No quantified water conservation percentage or target year found in this research pass","fit":"Parjana","state":"Tennessee","st":"TN","city":"Memphis","source":"downtownmemphis.com/projects/autozone-headquarters","placement":"census"},"geometry":{"type":"Point","coordinates":[-90.055447,35.142321]}},{"type":"Feature","properties":{"id":"6001c97634","company":"Bridgestone Americas, Inc.","facility":"Bridgestone Tower (Headquarters)","sector":"Tire Manufacturing (Corporate/Regional HQ)","goal":"No quantified water conservation percentage or target year found in this research pass; the company references 'Value Natural Resources' as part of its broader environmental initiatives without a specific water metric confirmed on the page reviewed","fit":"Parjana","state":"Tennessee","st":"TN","city":"Nashville","source":"bridgestoneamericas.com/content/bscorpcomm-sites/americas/en/corporation/our-headquarters.html","placement":"census"},"geometry":{"type":"Point","coordinates":[-86.775798,36.158972]}},{"type":"Feature","properties":{"id":"539ec58543","company":"Eastman Chemical Company","facility":"World Headquarters","sector":"Specialty Chemicals Manufacturing","goal":"No single quantified company-wide water reduction percentage/target-year figure was confirmed in this research pass; Eastman publishes a formal water stewardship program and water policy, and participates in a chemical-industry work group developing a quantitative water-reduction proposal, but the page reviewed did not state a specific Eastman-only numeric target","fit":"HydroCoin","state":"Tennessee","st":"TN","city":"Kingsport","source":"eastman.com/en/sustainability/environmental/stewardship/water-management ; eastman.com/en/sustainability/our-impact/goals","placement":"census"},"geometry":{"type":"Point","coordinates":[-82.549422,36.535841]}},{"type":"Feature","properties":{"id":"e6fb0a9b6f","company":"FedEx Corporation","facility":"World Headquarters","sector":"Logistics & Package Delivery","goal":"No quantified water use reduction or conservation goal found in this research pass; public sustainability messaging is centered on the company's 'Priority Earth' initiative and a carbon-neutral-by-2040 target, both focused on emissions rather than water","fit":"Parjana","state":"Tennessee","st":"TN","city":"Memphis","source":"fedex.com/en-us/sustainability.html","placement":"census"},"geometry":{"type":"Point","coordinates":[-89.858403,35.108246]}},{"type":"Feature","properties":{"id":"d4b7b3bd21","company":"HCA Healthcare, Inc.","facility":"Corporate Headquarters","sector":"Healthcare System (For-Profit)","goal":"Names 'Managing water responsibly' as one of three formal environmental sustainability pillars; a specific quantified percentage and target year was not confirmed in the pages checked this pass","fit":"Parjana","state":"Tennessee","st":"TN","city":"Nashville","source":"hcahealthcareimpact.com/community/sustainability/","placement":"census"},"geometry":{"type":"Point","coordinates":[-86.812507,36.154243]}},{"type":"Feature","properties":{"id":"25b7b6a230","company":"Kellanova (Mars Snacking)","facility":"Jackson Plant (Pringles, crackers)","sector":"Snack Food Manufacturing","goal":"Kellanova was acquired by Mars, Inc. in Dec 2025 and now operates as a Mars division; no distinct quantified water target confirmed for this plant in this research pass","fit":"Parjana","state":"Tennessee","st":"TN","city":"Jackson","source":"Greater Jackson Chamber member listing","placement":"census"},"geometry":{"type":"Point","coordinates":[-88.791436,35.619614]}},{"type":"Feature","properties":{"id":"a99b1aa093","company":"La-Z-Boy Incorporated","facility":"Dayton Manufacturing Campus","sector":"Upholstered Furniture Manufacturing","goal":"Same general environmental commitment as La-Z-Boy's Michigan headquarters entry","fit":"Parjana","state":"Tennessee","st":"TN","city":"Dayton","source":"panjiva.com - La-Z-Boy Inc trade records","placement":"census"},"geometry":{"type":"Point","coordinates":[-85.001484,35.518997]}},{"type":"Feature","properties":{"id":"750f22e112","company":"Masco Corporation (Delta Faucet Company)","facility":"Jackson Manufacturing Plant","sector":"Plumbing / Faucet Manufacturing","goal":"Same general water-conservation commitment as Masco's Michigan headquarters entry; Delta Faucet has repeatedly won EPA WaterSense Manufacturer Partner of the Year / Sustained Excellence awards","fit":"HydroCoin","state":"Tennessee","st":"TN","city":"Jackson","source":"prnewswire.com - Delta Faucet Company Named a 2018 WaterSense Sustained Excellence Award Winner","placement":"census"},"geometry":{"type":"Point","coordinates":[-88.763452,35.676235]}},{"type":"Feature","properties":{"id":"ad50c01c6f","company":"Nissan North America, Inc.","facility":"Corporate Headquarters","sector":"Automotive Manufacturing (Corporate/Sales HQ)","goal":"Same global Nissan Motor water-related goal documented for Nissan's manufacturing footprint in other states: company-wide environmental targets under Nissan's Green Program framework; no facility-specific quantified water figure confirmed for this corporate campus in this research pass, since this is Nissan's North American sales and administrative headquarters rather than a manufacturing plant","fit":"Parjana","state":"Tennessee","st":"TN","city":"Franklin","source":"greshamsmith.com/projects/nissan-north-america-corporate-headquarters/","placement":"census"},"geometry":{"type":"Point","coordinates":[-86.811178,35.940137]}},{"type":"Feature","properties":{"id":"669dec0877","company":"Stanley Black & Decker, Inc.","facility":"Jackson Facility","sector":"Tools & Industrial Manufacturing","goal":"Same as Stanley Black & Decker's Connecticut headquarters entry: 5% water-intensity reduction in 2022 (2020 baseline); no forward dated percentage target found","fit":"Parjana","state":"Tennessee","st":"TN","city":"Jackson","source":"stanleyblackanddecker.com/impact/planet/sustainable-water-use","placement":"city"},"geometry":{"type":"Point","coordinates":[-88.817742,35.614445]}},{"type":"Feature","properties":{"id":"7e0828e8d0","company":"Whirlpool Corporation","facility":"Cleveland Division (premium cooking products)","sector":"Appliance Manufacturing","goal":"Same company-wide goal as Whirlpool's Michigan entry: reduce water intensity 3% every year across plants","fit":"HydroCoin","state":"Tennessee","st":"TN","city":"Cleveland","source":"whirlpoolcorp.com 2023 Sustainability Report - Water Management","placement":"census"},"geometry":{"type":"Point","coordinates":[-84.834728,35.159227]}},{"type":"Feature","properties":{"id":"b64cfde0db","company":"AT&T Inc.","facility":"Whitacre Tower (World Headquarters)","sector":"Telecommunications","goal":"No quantified water use reduction percentage or target year found in this research pass; AT&T's Natural Resources sustainability page discusses water management practices and reports consumption data without a stated numeric reduction target","fit":"Parjana","state":"Texas","st":"TX","city":"Dallas","source":"sustainability.att.com/priority-topics/natural-resources","placement":"census"},"geometry":{"type":"Point","coordinates":[-96.799211,32.779734]}},{"type":"Feature","properties":{"id":"71a291ad57","company":"American Airlines Group Inc.","facility":"Robert L. Crandall Campus (World Headquarters)","sector":"Airline","goal":"No quantified water use reduction percentage or target year found in this research pass; public sustainability messaging is centered on sustainable aviation fuel and carbon emissions goals rather than water-specific targets","fit":"Parjana","state":"Texas","st":"TX","city":"Fort Worth","source":"americanairlines.gcs-web.com/contact-us","placement":"osm"},"geometry":{"type":"Point","coordinates":[-97.065442,32.82548]}},{"type":"Feature","properties":{"id":"842bf24aef","company":"Ball Corporation","facility":"Conroe Plant","sector":"Aluminum Can Manufacturing","goal":"Same company-wide 2030 goals as Ball's Colorado headquarters entry (50%/30% targets)","fit":"HydroCoin","state":"Texas","st":"TX","city":"Conroe","source":"Yelp business listing","placement":"census"},"geometry":{"type":"Point","coordinates":[-95.406848,30.311543]}},{"type":"Feature","properties":{"id":"e32336b2f9","company":"Ball Corporation","facility":"Fort Worth Plant","sector":"Aluminum Can Manufacturing","goal":"Same company-wide 2030 goals as Ball's Colorado headquarters entry (50%/30% targets)","fit":"HydroCoin","state":"Texas","st":"TX","city":"Fort Worth","source":"Yelp business listing","placement":"census"},"geometry":{"type":"Point","coordinates":[-97.31307,32.650336]}},{"type":"Feature","properties":{"id":"7d190c6a00","company":"Chevron Corporation","facility":"Global Headquarters (1400 Smith Street)","sector":"Oil & Gas / Integrated Energy","goal":"Same corporate water stewardship framing documented in Chevron's other-state entries (a dedicated 'Maintaining Clean Water' program); no company-wide quantified freshwater reduction percentage/target-year figure was confirmed in this research pass","fit":"Parjana","state":"Texas","st":"TX","city":"Houston","source":"commercialsearch.com/news/chevron-to-relocate-hq-from-california-to-texas/","placement":"census"},"geometry":{"type":"Point","coordinates":[-95.370835,29.756016]}},{"type":"Feature","properties":{"id":"d205683cae","company":"ConocoPhillips","facility":"ConocoPhillips Center (World Headquarters)","sector":"Oil & Gas Exploration and Production","goal":"No quantified water reduction percentage or target year found in this research pass","fit":"Parjana","state":"Texas","st":"TX","city":"Houston","source":"iadc.org/wp-content/uploads/2015/01/ConocoPhillips-Center-Map.pdf","placement":"city"},"geometry":{"type":"Point","coordinates":[-95.367697,29.758938]}},{"type":"Feature","properties":{"id":"38bf9ddccb","company":"Dell Technologies Inc.","facility":"World Headquarters","sector":"Computer Hardware & Technology","goal":"No quantified water use reduction percentage or target year found in this research pass; Dell's 2030 sustainability goals emphasize circular-economy product design (e.g., recycling one XPS laptop for every unit purchased) and climate action rather than a water-specific target","fit":"Parjana","state":"Texas","st":"TX","city":"Round Rock","source":"dell.com/en-us/dt/corporate/social-impact/advancing-sustainability/supply-chain/reducing-our-impact-on-the-planet.htm","placement":"osm"},"geometry":{"type":"Point","coordinates":[-97.66608,30.483967]}},{"type":"Feature","properties":{"id":"25adf8e321","company":"Exxon Mobil Corporation","facility":"ExxonMobil Houston Campus (World Headquarters)","sector":"Oil & Gas / Integrated Energy","goal":"Develops site-specific 'water roadmaps' to reduce freshwater intake at select major operated facilities; in the Permian Basin, ExxonMobil targets 91% recycled produced water usage in hydraulic fracturing operations by 2030; no single company-wide freshwater reduction percentage across all operations was confirmed in this research pass","fit":"HydroCoin","state":"Texas","st":"TX","city":"Spring","source":"corporate.exxonmobil.com/sustainability-and-reports/sustainability/pursuing-environmental-excellence/conserving-water-resources","placement":"census"},"geometry":{"type":"Point","coordinates":[-95.441322,30.102305]}},{"type":"Feature","properties":{"id":"85f0875308","company":"Kimberly-Clark Corporation","facility":"World Headquarters","sector":"Consumer Paper Products Manufacturing","goal":"2030 Ambition goal: reduce the company's global operational water footprint by 50% versus a 2015 baseline at manufacturing sites located in water-stressed areas","fit":"HydroCoin","state":"Texas","st":"TX","city":"Irving","source":"kimberly-clark.com/en-us/sustainability/2030-ambition/water-use-and-stewardship","placement":"census"},"geometry":{"type":"Point","coordinates":[-96.949266,32.868845]}},{"type":"Feature","properties":{"id":"bffa9bbd86","company":"McKesson Corporation","facility":"Corporate Headquarters","sector":"Healthcare Distribution & Services","goal":"No quantified water use reduction percentage or target year found in this research pass","fit":"Parjana","state":"Texas","st":"TX","city":"Irving","source":"mckesson.com/about-us/our-locations/","placement":"city"},"geometry":{"type":"Point","coordinates":[-96.944218,32.829518]}},{"type":"Feature","properties":{"id":"241eee4246","company":"Molson Coors Beverage Company","facility":"Fort Worth Brewery","sector":"Beverage / Brewing","goal":"Same company-wide goals as Molson Coors' Colorado (Golden) entry: 22% water-use-efficiency improvement at large breweries vs. a 2016 baseline","fit":"HydroCoin","state":"Texas","st":"TX","city":"Fort Worth","source":"molsoncoors.com/our-locations/us/brewery/fort-worth","placement":"census"},"geometry":{"type":"Point","coordinates":[-97.320938,32.646006]}},{"type":"Feature","properties":{"id":"3df27d4e96","company":"Phillips 66","facility":"World Headquarters","sector":"Oil & Gas Refining and Marketing","goal":"No quantified company-wide water reduction percentage or target year found in this research pass; the company states it 'seeks to manage water responsibly' and operates wastewater treatment systems at its facilities without a stated numeric target","fit":"Parjana","state":"Texas","st":"TX","city":"Houston","source":"phillips66.com/sustainability/","placement":"census"},"geometry":{"type":"Point","coordinates":[-95.562044,29.740602]}},{"type":"Feature","properties":{"id":"4b7c577c58","company":"Southwest Airlines Co.","facility":"Corporate Headquarters","sector":"Airline","goal":"No quantified water use reduction percentage or target year found in this research pass; the company's updated sustainability strategy (targeting net-zero by 2050) is centered on sustainable aviation fuel, plastics reduction, and carbon emissions rather than a water-specific target","fit":"Parjana","state":"Texas","st":"TX","city":"Dallas","source":"esgdive.com/news/southwest-sustainability-strategy-update-plastics-saf-fuel-2050-net-zero/700454/","placement":"census"},"geometry":{"type":"Point","coordinates":[-96.863552,32.846781]}},{"type":"Feature","properties":{"id":"579219ab69","company":"Stanley Black & Decker, Inc.","facility":"Mission Plant (DEWALT)","sector":"Power Tool Manufacturing","goal":"Same as Stanley Black & Decker's Connecticut headquarters entry: 5% water-intensity reduction in 2022 (2020 baseline); no forward dated percentage target found","fit":"Parjana","state":"Texas","st":"TX","city":"Mission","source":"Panjiva trade data","placement":"census"},"geometry":{"type":"Point","coordinates":[-98.321378,26.192516]}},{"type":"Feature","properties":{"id":"fc82f5af09","company":"Sysco Corporation","facility":"Corporate Headquarters","sector":"Food Distribution & Logistics","goal":"No quantified water use reduction percentage or target year found in this research pass; sustainability reporting is published via downloadable ESG reports rather than a headline water metric on the pages reviewed","fit":"Parjana","state":"Texas","st":"TX","city":"Houston","source":"investors.sysco.com/corporate-governance/sustainability","placement":"census"},"geometry":{"type":"Point","coordinates":[-95.618781,29.758336]}},{"type":"Feature","properties":{"id":"792f9be5f6","company":"Tesla, Inc.","facility":"Gigafactory Texas","sector":"Automotive & Battery Manufacturing","goal":"No confirmed company-wide quantified water reduction target for this facility; Tesla is reportedly building an on-site 'Giga Water Loop' project (discovered via a building permit, purpose not officially confirmed, possibly a water recycling/reclamation system) near the Colorado River. Meanwhile, actual treated water use at the site has surged roughly 68% from 2023 to 2025, reaching approximately 556 million gallons annually and making Tesla the third-largest customer of Austin Water","fit":"HydroCoin","state":"Texas","st":"TX","city":"Austin","source":"electrek.co/2023/10/04/tesla-is-building-something-called-giga-water-loop/ ; ksat.com/news/texas/2026/04/14/teslas-gigafactory-water-use-surges-in-austin-as-new-chip-plant-looms/","placement":"osm"},"geometry":{"type":"Point","coordinates":[-97.618773,30.221932]}},{"type":"Feature","properties":{"id":"de423aff3e","company":"The Chemours Company","facility":"Ingleside Plant (Opteon Refrigerants)","sector":"Chemical Manufacturing (Refrigerants)","goal":"Same as Chemours' Delaware headquarters entry: 2030 goal to eliminate 99%+ of PFAS/FOC process air and water emissions; no quantified freshwater-withdrawal percentage target confirmed","fit":"Parjana","state":"Texas","st":"TX","city":"Ingleside","source":"chemours.com - Chemours Inaugurates New Opteon Refrigerants Facility Near Corpus Christi","placement":"city"},"geometry":{"type":"Point","coordinates":[-97.209883,27.876615]}},{"type":"Feature","properties":{"id":"fcb1056f1a","company":"Toyota Motor North America, Inc.","facility":"National Headquarters","sector":"Automotive (Corporate/Sales Headquarters)","goal":"Same global Toyota Environmental Challenge 2050 goal documented for Toyota's manufacturing plants in other states: aspiration toward zero water withdrawal from new water sources and minimizing water usage impact; this Plano campus is a LEED Platinum-certified corporate/administrative headquarters rather than a manufacturing site, with its own green design features","fit":"HydroCoin","state":"Texas","st":"TX","city":"Plano","source":"westborotoyota.com/toyotas-new-american-headquarters-in-texas-delivers-a-green-mission/","placement":"census"},"geometry":{"type":"Point","coordinates":[-96.845693,33.080218]}},{"type":"Feature","properties":{"id":"2dafaffcd1","company":"USAA (United Services Automobile Association)","facility":"Corporate Headquarters","sector":"Insurance & Financial Services","goal":"No quantified water use reduction percentage or target year found in this research pass; the 286-acre headquarters campus is noted for broader sustainability and green-building features (its McDermott Building holds an ENERGY STAR certification) without a stated water-specific numeric target","fit":"Parjana","state":"Texas","st":"TX","city":"San Antonio","source":"newsroom.usaa360.com/media-kit/usaa-san-antonio-headquarters","placement":"census"},"geometry":{"type":"Point","coordinates":[-98.574975,29.526194]}},{"type":"Feature","properties":{"id":"8ebded7848","company":"Valero Energy Corporation","facility":"World Headquarters","sector":"Oil & Gas Refining","goal":"No quantified water use reduction percentage or target year found in this research pass","fit":"Parjana","state":"Texas","st":"TX","city":"San Antonio","source":"valero.com/about/offices","placement":"census"},"geometry":{"type":"Point","coordinates":[-98.607821,29.589376]}},{"type":"Feature","properties":{"id":"abe014767e","company":"Intermountain Health","facility":"Intermountain Medical Center (Flagship Campus)","sector":"Healthcare System (Nonprofit)","goal":"No single forward-dated percentage target confirmed in this pass, but a strong documented achievement: new laundry equipment at Intermountain's Central Laundry facility (North Salt Lake) saved more than 11 million gallons of water in its first year of operation, reducing consumption from 29.7 million to 18.7 million gallons for comparable laundry volumes over a 12-month period","fit":"HydroCoin","state":"Utah","st":"UT","city":"Murray","source":"news.intermountainhealth.org/intermountain-health-saves-millions-of-gallons-of-water-thanks-to-innovative-upgrades-at-central-laundry-facility/","placement":"census"},"geometry":{"type":"Point","coordinates":[-111.893986,40.659437]}},{"type":"Feature","properties":{"id":"4082d8dde2","company":"Rocky Mountain Power (PacifiCorp)","facility":"Utah Regional Headquarters","sector":"Utility","goal":"No quantified water conservation percentage or target year found in this research pass; Rocky Mountain Power is the Utah/Idaho/Wyoming operating brand of PacifiCorp, a Berkshire Hathaway Energy subsidiary legally headquartered in Portland, Oregon","fit":"x402gal","state":"Utah","st":"UT","city":"Salt Lake City","source":"pacificorp.com/about.html","placement":"census"},"geometry":{"type":"Point","coordinates":[-111.931766,40.771467]}},{"type":"Feature","properties":{"id":"987193b765","company":"Swire Coca-Cola, USA","facility":"Draper Corporate Headquarters","sector":"Beverage Bottling (Corporate HQ)","goal":"Aims to safely return to communities and nature an amount of water equal to what it uses in finished beverages (aligned with The Coca-Cola Company system-wide water stewardship); reports a 281% water replenish rate achieved in its western US territories","fit":"HydroCoin","state":"Utah","st":"UT","city":"Draper","source":"swirecc.com/utah","placement":"census"},"geometry":{"type":"Point","coordinates":[-111.899024,40.52307]}},{"type":"Feature","properties":{"id":"dc8369bba8","company":"Swire Coca-Cola, USA","facility":"West Valley City (Salt Lake) Plant","sector":"Beverage Bottling/Manufacturing","goal":"Same company-wide goal as the Draper Corporate Headquarters row above","fit":"HydroCoin","state":"Utah","st":"UT","city":"West Valley City","source":"swirecc.com/utah","placement":"census"},"geometry":{"type":"Point","coordinates":[-111.969156,40.721972]}},{"type":"Feature","properties":{"id":"11d7e44b3c","company":"Zions Bancorporation, N.A.","facility":"Corporate Headquarters","sector":"Banking & Financial Services","goal":"No quantified water conservation percentage or target year found in this research pass","fit":"Parjana","state":"Utah","st":"UT","city":"Salt Lake City","source":"zionsbancorporation.com/about-us/contact/default.aspx","placement":"city"},"geometry":{"type":"Point","coordinates":[-111.886797,40.75962]}},{"type":"Feature","properties":{"id":"443e1306a0","company":"Ben & Jerry's Homemade, Inc.","facility":"Waterbury Factory","sector":"Food & Ice Cream Manufacturing (Unilever Subsidiary)","goal":"No single quantified company-wide water reduction percentage/target-year figure confirmed in this pass, but a strong documented achievement: a new anaerobic digestion wastewater facility (operated by PurposeEnergy, serving Ben & Jerry's St. Albans production waste, exporting power to Vermont's grid since December 2024) removes over 99% of particles and contaminants from process wastewater before it reaches the local municipal treatment plant","fit":"HydroCoin","state":"Vermont","st":"VT","city":"Waterbury","source":"cleantechnica.com/2025/08/26/ben-and-jerrys-new-wastewater-plant-works-a-lot-like-the-human-body/","placement":"census"},"geometry":{"type":"Point","coordinates":[-72.739867,44.351588]}},{"type":"Feature","properties":{"id":"c6a341d9fa","company":"Green Mountain Power Corporation","facility":"Corporate Headquarters","sector":"Utility","goal":"No quantified water conservation percentage or target year found in this research pass","fit":"x402gal","state":"Vermont","st":"VT","city":"Colchester","source":"greenmountainpower.com/contact/","placement":"census"},"geometry":{"type":"Point","coordinates":[-73.183133,44.517387]}},{"type":"Feature","properties":{"id":"c4159b43e0","company":"Keurig Dr Pepper Inc.","facility":"Essex Junction Manufacturing Facility","sector":"Beverage Manufacturing","goal":"Company-wide aspiration: achieve a 'Positive Water Impact' by 2050, defined as contributing more to watershed/basin health than the company withdraws; this is a net-positive directional goal rather than a percentage reduction target with an interim deadline","fit":"HydroCoin","state":"Vermont","st":"VT","city":"Essex Junction","source":"keurigdrpepper.com/water-use-stewardship/ ; vermontbiz.com/news/2024/february/29/keurig-dr-pepper-will-close-williston-plant-consolidate-essex-jct","placement":"city"},"geometry":{"type":"Point","coordinates":[-73.11136,44.490682]}},{"type":"Feature","properties":{"id":"8d3e916ac2","company":"Altria Group, Inc.","facility":"Manufacturing Center / World Headquarters","sector":"Tobacco Products Manufacturing","goal":"Operates the WaterHub(R) system at its Manufacturing Center, a plant-based filtration facility that treats manufacturing wastewater for reuse in operations; no single quantified percentage/target-year water reduction figure was confirmed in this research pass","fit":"HydroCoin","state":"Virginia","st":"VA","city":"Richmond","source":"altria.com/about-altria/our-voice-and-actions/partnership-for-innovative-water-reuse","placement":"census"},"geometry":{"type":"Point","coordinates":[-77.515128,37.60212]}},{"type":"Feature","properties":{"id":"6f9b899207","company":"Booz Allen Hamilton Inc.","facility":"Corporate Headquarters","sector":"Management & Technology Consulting","goal":"No quantified water conservation percentage or target year found in this research pass","fit":"Parjana","state":"Virginia","st":"VA","city":"McLean","source":"investors.boozallen.com/static-files/e1b3abf4-71c4-401e-98c6-ca8976f9ef2b","placement":"census"},"geometry":{"type":"Point","coordinates":[-77.231063,38.923271]}},{"type":"Feature","properties":{"id":"1a91c39547","company":"Capital One Financial Corporation","facility":"Capital One Tower (World Headquarters)","sector":"Banking & Financial Services","goal":"No quantified water conservation percentage or target year found in this research pass","fit":"Parjana","state":"Virginia","st":"VA","city":"McLean","source":"en.wikipedia.org/wiki/Capital_One_Tower_(Virginia)","placement":"census"},"geometry":{"type":"Point","coordinates":[-77.211815,38.924445]}},{"type":"Feature","properties":{"id":"c885bbdc73","company":"Dominion Energy, Inc.","facility":"600 Canal Place (World Headquarters)","sector":"Utility (Electric & Gas)","goal":"Company-wide goal (2022 Sustainability Report): 50% water intake reduction by 2030; the goal was effectively achieved five years ahead of schedule at the Surry Power Station nuclear facility alone, where an improved reverse osmosis system cut annual water consumption from the Upper Potomac Aquifer by approximately 13.9 million gallons in just 18 months","fit":"HydroCoin","state":"Virginia","st":"VA","city":"Richmond","source":"watertechnologies.com/blog/how-dominion-energy-reached-5-year-water-reduction-goal-18-months","placement":"census"},"geometry":{"type":"Point","coordinates":[-77.440536,37.538119]}},{"type":"Feature","properties":{"id":"33d2d64c1f","company":"DuPont de Nemours, Inc.","facility":"Spruance Plant","sector":"Chemicals Manufacturing (Kevlar/Nomex)","goal":"Same as DuPont's Delaware headquarters entry: 2035 Sustainability Goals commit to 'strengthen water stewardship at priority sites using globally recognized standards'; no quantified water percentage or target year confirmed","fit":"Parjana","state":"Virginia","st":"VA","city":"Richmond","source":"dupont.com/locations.html","placement":"census"},"geometry":{"type":"Point","coordinates":[-77.44159,37.454349]}},{"type":"Feature","properties":{"id":"1dbd9afd31","company":"General Dynamics Corporation","facility":"World Headquarters","sector":"Aerospace & Defense Conglomerate","goal":"No quantified company-wide water reduction percentage or target year found in this research pass","fit":"Parjana","state":"Virginia","st":"VA","city":"Reston","source":"opengovco.com/business/19871025960","placement":"census"},"geometry":{"type":"Point","coordinates":[-77.326124,38.947084]}},{"type":"Feature","properties":{"id":"8dab9b2ba3","company":"Molson Coors Beverage Company","facility":"Shenandoah Brewery","sector":"Beverage / Brewing","goal":"Same company-wide goals as Molson Coors' Colorado (Golden) entry: 22% water-use-efficiency improvement at large breweries vs. a 2016 baseline","fit":"HydroCoin","state":"Virginia","st":"VA","city":"Elkton","source":"molsoncoors.com - Shenandoah Fact Sheet","placement":"census"},"geometry":{"type":"Point","coordinates":[-78.682051,38.358098]}},{"type":"Feature","properties":{"id":"e562e07a86","company":"Northrop Grumman Corporation","facility":"Global Headquarters","sector":"Aerospace & Defense","goal":"No quantified company-wide water reduction percentage or target year found in this research pass","fit":"Parjana","state":"Virginia","st":"VA","city":"Falls Church","source":"northropgrumman.com/who-we-are/contact-us-northrop-grumman","placement":"census"},"geometry":{"type":"Point","coordinates":[-77.215794,38.873485]}},{"type":"Feature","properties":{"id":"9cad5366c7","company":"Amazon.com, Inc. / Amazon Web Services","facility":"World Headquarters (Day 1 Towers)","sector":"E-Commerce, Cloud Computing & Technology","goal":"AWS-specific goal: water positive by 2030, returning more water to communities than it uses; Amazon states its data centers are approximately 7x more water-efficient than the industry average, a claim made amid Seattle-area scrutiny and a reported pause on new local data center builds","fit":"HydroCoin","state":"Washington","st":"WA","city":"Seattle","source":"aboutamazon.com/news/aws/aws-water-positive-by-2030 ; geekwire.com/2026/amazon-claims-data-centers-are-7-times-more-water-efficient-than-rivals-as-seattle-pauses-new-builds/","placement":"census"},"geometry":{"type":"Point","coordinates":[-122.337065,47.622201]}},{"type":"Feature","properties":{"id":"20a7cf329a","company":"Georgia-Pacific LLC","facility":"Camas Paper Mill","sector":"Pulp & Paper Manufacturing","goal":"Same as Georgia-Pacific's Georgia headquarters entry: states ~12% of water at its mills is consumed during pulp/papermaking, most is recycled; no quantified corporate water target published","fit":"Parjana","state":"Washington","st":"WA","city":"Camas","source":"WA Dept. of Ecology permit page - Georgia-Pacific Camas","placement":"census"},"geometry":{"type":"Point","coordinates":[-122.406544,45.585547]}},{"type":"Feature","properties":{"id":"560fec6637","company":"J.R. Simplot Company","facility":"Moses Lake Plant","sector":"Food Processing / Fertilizer","goal":"Same company-wide 4Sight 2030 goal as Simplot's Idaho headquarters entry: reduce freshwater intake 15% per ton of product by 2030","fit":"HydroCoin","state":"Washington","st":"WA","city":"Moses Lake","source":"WA Ecology PARIS facility record; Columbia Basin Herald plant feature","placement":"census"},"geometry":{"type":"Point","coordinates":[-119.190775,47.130774]}},{"type":"Feature","properties":{"id":"2895554866","company":"J.R. Simplot Company","facility":"Pasco Plant (Simplot RDO)","sector":"Food Processing (Frozen Vegetables)","goal":"Same company-wide 4Sight 2030 goal as Simplot's Idaho headquarters entry","fit":"HydroCoin","state":"Washington","st":"WA","city":"Pasco","source":"Tri-Cities Area Journal of Business","placement":"census"},"geometry":{"type":"Point","coordinates":[-119.07249,46.251883]}},{"type":"Feature","properties":{"id":"cbf8d70300","company":"Microsoft Corporation","facility":"World Headquarters","sector":"Enterprise Software / Technology","goal":"Company-wide goal: Microsoft will be water positive by 2030, replenishing more water than it consumes globally (the same goal documented at Microsoft's Fargo, ND campus); this is the flagship home campus where the commitment originates","fit":"HydroCoin","state":"Washington","st":"WA","city":"Redmond","source":"blogs.microsoft.com/blog/2020/09/21/microsoft-will-replenish-more-water-than-it-consumes-by-2030/ ; microsoft.com/en-us/corporate-responsibility/sustainability/water","placement":"city"},"geometry":{"type":"Point","coordinates":[-122.123877,47.669414]}},{"type":"Feature","properties":{"id":"836fde561d","company":"Starbucks Corporation","facility":"Starbucks Center (World Headquarters)","sector":"Coffee & Beverage Retail","goal":"2030 target: conserve or replenish 50% of water withdrawal for direct operations and coffee production, with a focus on communities and basins facing high water risk, as part of the company's broader 'resource positive' commitment","fit":"HydroCoin","state":"Washington","st":"WA","city":"Seattle","source":"waste360.com/waste-management-business/starbucks-sets-2030-waste-water-reduction-targets","placement":"census"},"geometry":{"type":"Point","coordinates":[-122.335212,47.581839]}},{"type":"Feature","properties":{"id":"98a1805ce1","company":"Swire Coca-Cola, USA","facility":"Bellevue Plant","sector":"Beverage Bottling","goal":"Same as Swire Coca-Cola's Colorado headquarters entry: aims to safely return to communities and nature an amount of water equal to what it uses in finished beverages (281% water replenish rate reported in western US territories)","fit":"HydroCoin","state":"Washington","st":"WA","city":"Bellevue","source":"swirecc.com/washington","placement":"census"},"geometry":{"type":"Point","coordinates":[-122.174915,47.620082]}},{"type":"Feature","properties":{"id":"8ceb8d4012","company":"The Boeing Company","facility":"Boeing Everett Factory","sector":"Aerospace Manufacturing","goal":"No quantified water reduction percentage or target year confirmed for this specific facility in this research pass; the site has a documented history of industrial water contamination requiring a state cleanup order (Washington State Department of Ecology), which is a relevant compliance/remediation angle distinct from a forward-looking conservation target","fit":"Parjana","state":"Washington","st":"WA","city":"Everett","source":"heraldnet.com/2021/04/11/state-order-targets-boeing-everett-plants-polluted-history/ ; en.wikipedia.org/wiki/Boeing_Everett_Factory","placement":"city"},"geometry":{"type":"Point","coordinates":[-122.212701,47.979344]}},{"type":"Feature","properties":{"id":"e30f62d6fb","company":"Trident Seafoods Corporation","facility":"Anacortes Secondary Processing Plant","sector":"Seafood Processing","goal":"Same as Trident's Alaska headquarters entry: general 'ocean stewardship' language; no quantified water usage or conservation target found","fit":"Parjana","state":"Washington","st":"WA","city":"Anacortes","source":"tridentseafoods.com/about-us/our-facilities-and-global-reach/our-plants","placement":"city"},"geometry":{"type":"Point","coordinates":[-122.612572,48.516844]}},{"type":"Feature","properties":{"id":"0c118a203a","company":"Trident Seafoods Corporation","facility":"Bellingham Plant","sector":"Seafood Processing","goal":"Same as Trident's Alaska headquarters entry","fit":"Parjana","state":"Washington","st":"WA","city":"Bellingham","source":"tridentseafoods.com/about-us/our-facilities-and-global-reach/our-plants","placement":"city"},"geometry":{"type":"Point","coordinates":[-122.478836,48.754401]}},{"type":"Feature","properties":{"id":"fc5cfdd678","company":"Trident Seafoods Corporation","facility":"Everett Smokehouse","sector":"Seafood Processing","goal":"Same as Trident's Alaska headquarters entry","fit":"Parjana","state":"Washington","st":"WA","city":"Everett","source":"tridentseafoods.com/about-us/our-facilities-and-global-reach/our-plants","placement":"city"},"geometry":{"type":"Point","coordinates":[-122.212701,47.979344]}},{"type":"Feature","properties":{"id":"a4d6bc3d15","company":"Constellium Rolled Products Ravenswood, LLC","facility":"Ravenswood Rolling Mill","sector":"Aluminum Rolling & Manufacturing","goal":"No quantified water use or water intensity reduction goal found in this research pass; Constellium's disclosed 2030 sustainability targets cover safety, GHG emissions (30% reduction), and recycled metal content (50%) but do not include a specific water metric, despite the company tracking water withdrawal as a disclosed KPI","fit":"Parjana","state":"West Virginia","st":"WV","city":"Ravenswood","source":"constellium.com/locations/ravenswood ; energy.senate.gov/2024/3/manchin-joins-constellium-to-announce-75-million-investment-in-ravenswood-facility","placement":"census"},"geometry":{"type":"Point","coordinates":[-81.824498,38.928802]}},{"type":"Feature","properties":{"id":"c3608af3e4","company":"Dow Inc.","facility":"West Virginia Operations (South Charleston / Institute)","sector":"Chemical Manufacturing","goal":"Same company-wide 2030/2035 water stewardship goals documented for Dow's Michigan and Louisiana entries (95%+ water returned framing); Dow's corporate sustainability framework names 'Adapt to Climate Change: Water & Nature' as a formal focus area, though a site-specific West Virginia figure was not confirmed in this research pass","fit":"HydroCoin","state":"West Virginia","st":"WV","city":"South Charleston","source":"corporate.dow.com/en-us/locations/west-virginia.html","placement":"city"},"geometry":{"type":"Point","coordinates":[-81.69957,38.368429]}},{"type":"Feature","properties":{"id":"caf7008409","company":"Toyota Motor Manufacturing, West Virginia, Inc.","facility":"Buffalo Engine & Powertrain Plant","sector":"Automotive Powertrain Manufacturing","goal":"Same global Toyota Environmental Challenge 2050 goal documented for Toyota's other-state plants: aspiration toward zero water withdrawal from new water sources","fit":"HydroCoin","state":"West Virginia","st":"WV","city":"Buffalo","source":"pressroom.toyota.com/facility/toyota-motor-manufacturing-west-virginia/","placement":"city"},"geometry":{"type":"Point","coordinates":[-81.981804,38.617586]}},{"type":"Feature","properties":{"id":"0ba04d7f47","company":"Georgia-Pacific LLC","facility":"Green Bay (Broadway) Operations","sector":"Tissue/Consumer Paper Products Manufacturing","goal":"Same as Georgia-Pacific's Georgia headquarters entry: no quantified corporate water target published; states ~12% of water at its mills is consumed during pulp/papermaking, most is recycled","fit":"Parjana","state":"Wisconsin","st":"WI","city":"Ashwaubenon","source":"gp.com - Green Bay, Wisconsin Operations","placement":"census"},"geometry":{"type":"Point","coordinates":[-88.036463,44.49406]}},{"type":"Feature","properties":{"id":"d385cd10b0","company":"Harley-Davidson, Inc.","facility":"Corporate Headquarters (Davidson Park campus)","sector":"Motorcycle Manufacturing","goal":"No single company-wide percentage water target confirmed in this pass, but a strong documented achievement: the new Davidson Park green infrastructure project (opened 2024, a converted 4-acre employee parking lot) captures and filters more than 225,000 gallons of stormwater that previously overwhelmed Milwaukee's combined sewer system, using underground cisterns, bioswales, and bioretention systems","fit":"HydroCoin","state":"Wisconsin","st":"WI","city":"Milwaukee","source":"facilitiesdive.com/news/harley-davidson-park-flood-protection-hga/826106/","placement":"census"},"geometry":{"type":"Point","coordinates":[-87.959651,43.045951]}},{"type":"Feature","properties":{"id":"5dee86d42b","company":"Johnson Controls International plc","facility":"North American Headquarters","sector":"Building Technologies & HVAC Manufacturing","goal":"No quantified water use reduction percentage or target year found in this research pass; the company's North American headquarters is promoted as a sustainability showcase for its own smart-building technology","fit":"Parjana","state":"Wisconsin","st":"WI","city":"Glendale","source":"johnsoncontrols.com/media-center/news/press-releases/2023/10/31/johnson-controls-north-american-headquarters-showcases-collaboration-productivity-and-sustainability","placement":"census"},"geometry":{"type":"Point","coordinates":[-87.935338,43.123945]}},{"type":"Feature","properties":{"id":"4e1ac8c7e7","company":"Kimberly-Clark Corporation","facility":"Neenah Mill (Founding Site)","sector":"Consumer Paper Products Manufacturing","goal":"Same 2030 Ambition goal documented for Kimberly-Clark's Texas corporate headquarters: reduce the company's global operational water footprint by 50% versus a 2015 baseline at manufacturing sites located in water-stressed areas","fit":"HydroCoin","state":"Wisconsin","st":"WI","city":"Neenah","source":"kimberly-clark.com/en-us/sustainability/2030-ambition/water-use-and-stewardship ; dnr.wisconsin.gov/topic/GreenTier/Participants/KimberlyClark.html","placement":"city"},"geometry":{"type":"Point","coordinates":[-88.462609,44.185819]}},{"type":"Feature","properties":{"id":"1659315cb0","company":"Kohl's Corporation","facility":"Corporate Headquarters","sector":"Department Store Retail","goal":"No quantified water conservation percentage or target year found in this research pass","fit":"Parjana","state":"Wisconsin","st":"WI","city":"Menomonee Falls","source":"corporate.kohls.com/contact-us","placement":"osm"},"geometry":{"type":"Point","coordinates":[-88.123044,43.122537]}},{"type":"Feature","properties":{"id":"39e7582173","company":"Molson Coors Beverage Company","facility":"Milwaukee Brewery","sector":"Beverage / Brewing","goal":"Same company-wide goals as Molson Coors' Colorado (Golden) entry: 22% water-use-efficiency improvement at large breweries vs. a 2016 baseline; this historic former Miller/MillerCoors plant remains an active brewery","fit":"HydroCoin","state":"Wisconsin","st":"WI","city":"Milwaukee","source":"molsoncoors.com/our-locations/us/brewery/milwaukee","placement":"census"},"geometry":{"type":"Point","coordinates":[-87.963164,43.042138]}},{"type":"Feature","properties":{"id":"639129c2e2","company":"S.C. Johnson & Son, Inc.","facility":"Global Headquarters","sector":"Household & Consumer Products Manufacturing (Private)","goal":"Publicly announced a local water-conservation initiative aimed at protecting Racine-area water resources ('SC Johnson Takes Action To Save Racine Area Water'); a specific quantified percentage or gallon figure was not confirmed in the pages checked this pass. The company is also a longtime Wisconsin DNR Green Tier Tier 1 environmental partner","fit":"HydroCoin","state":"Wisconsin","st":"WI","city":"Racine","source":"scjohnson.com/en/press-releases/2017/december/sc-johnson-takes-action-to-save-racine-area-water ; dnr.wisconsin.gov/topic/GreenTier/Participants/SCJohnson.html","placement":"city"},"geometry":{"type":"Point","coordinates":[-87.783477,42.731376]}},{"type":"Feature","properties":{"id":"55acbb8ebc","company":"Cameco Resources (Cameco Corporation)","facility":"Smith Ranch-Highland Uranium Operation","sector":"Uranium Mining (In Situ Recovery) -- SUSPENDED","goal":"No quantified water goal found in this research pass; the operation has been suspended since Q2 2016, with production curtailed and wellfield development deferred. Cameco reports ongoing care-and-maintenance costs of $14-15 million for 2026 to keep the site in suspended status","fit":"Other","state":"Wyoming","st":"WY","city":"Douglas","source":"cameco.com/businesses/uranium-operations/suspended/smith-ranch-highland","placement":"city"},"geometry":{"type":"Point","coordinates":[-105.382624,42.759571]}},{"type":"Feature","properties":{"id":"f2c5851575","company":"HF Sinclair Corporation","facility":"Sinclair Wyoming Refinery","sector":"Petroleum Refining","goal":"No quantified company-wide water reduction percentage or target year found in this research pass; instead, an active, contested water-rights situation: HF Sinclair received Wyoming State Engineer approval (October 2024) for a water exchange plan to divert up to 500 acre-feet from the North Platte River during dry years for refinery operations, in exchange for forgoing irrigation at its ER Ranch during those years. Carbon County ranchers appealed the plan to the Board of Control in December 2024, arguing it violates over a century of Wyoming water law; the appeal was still under review as of early 2025","fit":"Parjana","state":"Wyoming","st":"WY","city":"Sinclair","source":"cowboystatedaily.com/2025/01/01/carbon-county-ranchers-claim-sinclair-is-taking-their-water-to-run-refinery/","placement":"city"},"geometry":{"type":"Point","coordinates":[-107.116251,41.779175]}},{"type":"Feature","properties":{"id":"c4dfce9460","company":"Peabody Energy Corporation","facility":"North Antelope Rochelle Mine","sector":"Coal Mining","goal":"No quantified water reduction percentage or target year found in this research pass; the mine has undertaken dewatering pipeline infrastructure projects (per U.S. Forest Service records) as part of its ongoing operations, reflecting real, active water management needs","fit":"Parjana","state":"Wyoming","st":"WY","city":"Gillette","source":"en.wikipedia.org/wiki/North_Antelope_Rochelle_Mine ; fs.usda.gov/r02/mbrtb/projects/archive/57957","placement":"city"},"geometry":{"type":"Point","coordinates":[-105.501876,44.290635]}}]}