{"type":"FeatureCollection","features":[{"type":"Feature","id":4222,"geometry":{"type":"Polygon","coordinates":[[[-97.8991,32.9997],[-97.9003,33.0004],[-97.8993,33.0044],[-97.9015,33.0049],[-97.9036,33.0005],[-97.9076,32.9996],[-97.9072,32.9977],[-97.9101,32.9943],[-97.918,32.9963],[-97.9224,32.9929],[-97.9264,32.9958],[-97.9323,32.9953],[-97.9335,32.9893],[-97.9316,32.984],[-97.9274,32.9828],[-97.926,32.9801],[-97.9274,32.9768],[-97.9267,32.9698],[-97.9229,32.9651],[-97.9225,32.9594],[-97.9127,32.9599],[-97.9132,32.9573],[-97.9104,32.9531],[-97.91,32.949],[-97.9082,32.9481],[-97.9111,32.9462],[-97.9136,32.9404],[-97.91,32.935],[-97.9048,32.9318],[-97.9053,32.9279],[-97.9005,32.927],[-97.8942,32.9195],[-97.8883,32.9173],[-97.8845,32.9092],[-97.8769,32.9098],[-97.8749,32.9052],[-97.8696,32.9025],[-97.8704,32.8987],[-97.8669,32.8952],[-97.8677,32.8908],[-97.87,32.8881],[-97.8699,32.8843],[-97.8742,32.8808],[-97.8736,32.8748],[-97.8837,32.8716],[-97.8827,32.8691],[-97.8865,32.8644],[-97.8857,32.8564],[-97.8882,32.8535],[-97.8818,32.8427],[-97.8801,32.8366],[-97.8837,32.8353],[-97.8822,32.8322],[-97.8838,32.8261],[-97.8808,32.8192],[-97.8852,32.8075],[-97.8805,32.8035],[-97.8797,32.7986],[-97.8753,32.8007],[-97.8696,32.8002],[-97.8641,32.7959],[-97.8646,32.7921],[-97.8628,32.7893],[-97.8568,32.7888],[-97.8559,32.7869],[-97.8479,32.785],[-97.8454,32.7813],[-97.842,32.7804],[-97.8414,32.7773],[-97.8367,32.7774],[-97.8357,32.7747],[-97.8317,32.7721],[-97.832,32.7676],[-97.8289,32.7674],[-97.8264,32.7652],[-97.8241,32.7592],[-97.8169,32.7576],[-97.8136,32.7524],[-97.8143,32.7474],[-97.8129,32.7436],[-97.805,32.739],[-97.8013,32.7347],[-97.7972,32.7369],[-97.791,32.7341],[-97.7914,32.7311],[-97.7897,32.7285],[-97.7802,32.7199],[-97.7814,32.7142],[-97.7768,32.709],[-97.7746,32.7034],[-97.7721,32.7016],[-97.7703,32.6965],[-97.7556,32.6931],[-97.7497,32.6857],[-97.7423,32.6843],[-97.7387,32.681],[-97.7383,32.6779],[-97.7353,32.6783],[-97.7316,32.6761],[-97.7293,32.6727],[-97.7194,32.6768],[-97.7103,32.674],[-97.7059,32.6756],[-97.7019,32.6748],[-97.6998,32.6715],[-97.6952,32.6724],[-97.6856,32.6689],[-97.6846,32.6653],[-97.6769,32.6613],[-97.6739,32.6625],[-97.6716,32.6586],[-97.6645,32.659],[-97.6633,32.656],[-97.6545,32.6551],[-97.6531,32.652],[-97.6473,32.653],[-97.6417,32.6488],[-97.6394,32.6502],[-97.6296,32.6495],[-97.628,32.6456],[-97.6264,32.6451],[-97.6222,32.6491],[-97.619,32.6454],[-97.6153,32.6455],[-97.6154,32.6415],[-97.6134,32.6397],[-97.6107,32.6393],[-97.6089,32.6414],[-97.6073,32.6364],[-97.5972,32.6348],[-97.5935,32.6316],[-97.5935,32.6266],[-97.5875,32.6261],[-97.5816,32.6182],[-97.5789,32.6185],[-97.5699,32.6135],[-97.5702,32.6107],[-97.5674,32.6079],[-97.5648,32.6083],[-97.5633,32.6111],[-97.5565,32.6049],[-97.5544,32.6047],[-97.5525,32.6072],[-97.5491,32.6049],[-97.5444,32.605],[-97.5406,32.6012],[-97.5324,32.6027],[-97.5274,32.6006],[-97.5215,32.6028],[-97.5165,32.6011],[-97.5118,32.6022],[-97.5078,32.604],[-97.5042,32.6092],[-97.4955,32.6069],[-97.4969,32.6205],[-97.4992,32.6233],[-97.4978,32.6267],[-97.5004,32.629],[-97.5008,32.6332],[-97.5094,32.6331],[-97.5132,32.6351],[-97.5145,32.6389],[-97.5211,32.6407],[-97.5241,32.6443],[-97.5296,32.6439],[-97.5329,32.649],[-97.5353,32.6477],[-97.5383,32.6483],[-97.5426,32.653],[-97.5456,32.6531],[-97.5483,32.657],[-97.5466,32.6611],[-97.5496,32.6672],[-97.5603,32.6745],[-97.562,32.6775],[-97.5614,32.6811],[-97.5628,32.6824],[-97.5609,32.6882],[-97.5693,32.6896],[-97.5756,32.7017],[-97.5794,32.7041],[-97.5847,32.703],[-97.5872,32.7066],[-97.5867,32.71],[-97.5936,32.7105],[-97.5944,32.7137],[-97.5975,32.7157],[-97.5994,32.7289],[-97.6056,32.7285],[-97.6071,32.7309],[-97.6067,32.7347],[-97.6099,32.7348],[-97.6122,32.7392],[-97.6192,32.7407],[-97.6207,32.7465],[-97.618,32.7495],[-97.6188,32.7526],[-97.6203,32.7547],[-97.6247,32.7556],[-97.6273,32.7579],[-97.6294,32.7661],[-97.6273,32.7704],[-97.6341,32.7759],[-97.6329,32.7826],[-97.6383,32.7859],[-97.6402,32.789],[-97.6381,32.7992],[-97.6429,32.8012],[-97.6438,32.8048],[-97.6472,32.8063],[-97.6505,32.8104],[-97.6567,32.8109],[-97.6569,32.816],[-97.662,32.8189],[-97.6614,32.8223],[-97.6671,32.8265],[-97.6662,32.8319],[-97.6704,32.8319],[-97.6725,32.8361],[-97.6773,32.8374],[-97.677,32.8409],[-97.6795,32.8412],[-97.681,32.8434],[-97.6802,32.8459],[-97.6849,32.8484],[-97.6865,32.8537],[-97.6898,32.858],[-97.6884,32.8651],[-97.692,32.8689],[-97.6926,32.8739],[-97.696,32.8775],[-97.7021,32.8765],[-97.7039,32.882],[-97.7069,32.8847],[-97.7052,32.8879],[-97.7063,32.8904],[-97.7107,32.8931],[-97.7113,32.8989],[-97.715,32.8986],[-97.7163,32.902],[-97.7178,32.9021],[-97.7183,32.9099],[-97.7228,32.9168],[-97.7294,32.9148],[-97.7339,32.9192],[-97.7385,32.9175],[-97.7458,32.919],[-97.7499,32.9233],[-97.7504,32.9303],[-97.7539,32.9324],[-97.752,32.9383],[-97.7554,32.9513],[-97.7614,32.9552],[-97.7624,32.9596],[-97.7688,32.962],[-97.7705,32.9651],[-97.7783,32.9659],[-97.785,32.9696],[-97.7871,32.9823],[-97.7932,32.9796],[-97.8065,32.9811],[-97.8089,32.9882],[-97.8114,32.9882],[-97.8157,32.9919],[-97.8201,32.9911],[-97.8251,32.9956],[-97.8248,32.9989],[-97.8269,33.002],[-97.8305,33.0037],[-97.8403,33.004],[-97.8431,33.001],[-97.8534,32.9992],[-97.8568,33.001],[-97.8658,33.0007],[-97.8679,32.9976],[-97.8766,32.9917],[-97.8818,32.9998],[-97.8861,33.0009],[-97.889,32.9989],[-97.8957,33.0018],[-97.8991,32.9997]]]},"properties":{"objectid":4222,"tnmid":"{3BDD56C9-CDCD-42A4-82FD-5DD468BED03E}","metasourceid":"{511D2AC8-11BA-45FC-AB98-F69D693D4C44}","sourcedatadesc":"Watershed Boundary Dataset (WBD)","sourceoriginator":"Natural Resources and Conservation Service and U.S. Geological Survey","sourcefeatureid":null,"loaddate":1723726881000,"referencegnis_ids":"1384272","areaacres":168888.44,"areasqkm":683.47,"states":"TX","huc10":"1203010202","name":"Upper Clear Fork Trinity River","hutype":"S","humod":null,"globalid":"{18ECB44B-E29C-11E2-8094-0021280458E6}","shape_Length":198671.504387173,"shape_Area":970184194.2696137}},{"type":"Feature","id":4223,"geometry":{"type":"Polygon","coordinates":[[[-97.6202,32.8101],[-97.623,32.8097],[-97.6224,32.8042],[-97.6291,32.7984],[-97.6329,32.7975],[-97.6381,32.7988],[-97.638,32.7951],[-97.6399,32.7939],[-97.6404,32.7904],[-97.6383,32.7859],[-97.6329,32.7826],[-97.6341,32.7759],[-97.6273,32.7704],[-97.6294,32.7661],[-97.6273,32.7579],[-97.6247,32.7556],[-97.6203,32.7547],[-97.6188,32.7526],[-97.618,32.7495],[-97.6207,32.7465],[-97.6192,32.7407],[-97.6122,32.7392],[-97.6099,32.7348],[-97.6067,32.7347],[-97.6071,32.7309],[-97.6056,32.7285],[-97.5994,32.7289],[-97.5975,32.7157],[-97.5944,32.7137],[-97.5936,32.7105],[-97.5867,32.71],[-97.5872,32.7066],[-97.5847,32.703],[-97.5794,32.7041],[-97.5756,32.7017],[-97.5693,32.6896],[-97.5609,32.6882],[-97.5628,32.6824],[-97.5614,32.6811],[-97.562,32.6775],[-97.5603,32.6745],[-97.5496,32.6672],[-97.5466,32.6611],[-97.5483,32.657],[-97.5456,32.6531],[-97.5426,32.653],[-97.5383,32.6483],[-97.5353,32.6477],[-97.5329,32.649],[-97.5296,32.6439],[-97.5241,32.6443],[-97.5211,32.6407],[-97.5145,32.6389],[-97.5132,32.6351],[-97.5094,32.6331],[-97.5008,32.6332],[-97.5004,32.629],[-97.4978,32.6267],[-97.4992,32.6233],[-97.4969,32.6205],[-97.4953,32.6072],[-97.5042,32.6092],[-97.5078,32.604],[-97.5118,32.6022],[-97.5165,32.6011],[-97.5215,32.6028],[-97.5274,32.6006],[-97.5324,32.6027],[-97.5406,32.6012],[-97.5444,32.605],[-97.5491,32.6049],[-97.5525,32.6072],[-97.5544,32.6047],[-97.5565,32.6049],[-97.5633,32.6111],[-97.5648,32.6083],[-97.5674,32.6079],[-97.5702,32.6107],[-97.5699,32.6135],[-97.5789,32.6185],[-97.5816,32.6182],[-97.5875,32.6261],[-97.5935,32.6266],[-97.5935,32.6316],[-97.5972,32.6348],[-97.6073,32.6364],[-97.6089,32.6414],[-97.6107,32.6393],[-97.6134,32.6397],[-97.6154,32.6415],[-97.6153,32.6455],[-97.619,32.6454],[-97.6222,32.6491],[-97.6264,32.6451],[-97.628,32.6456],[-97.6296,32.6495],[-97.6394,32.6502],[-97.6417,32.6488],[-97.6473,32.653],[-97.6531,32.652],[-97.6545,32.6551],[-97.6633,32.656],[-97.6645,32.659],[-97.6716,32.6586],[-97.6739,32.6625],[-97.6769,32.6613],[-97.6846,32.6653],[-97.6856,32.6689],[-97.6952,32.6724],[-97.6998,32.6715],[-97.7019,32.6748],[-97.7059,32.6756],[-97.7093,32.6739],[-97.7194,32.6768],[-97.7246,32.6757],[-97.7287,32.6725],[-97.7335,32.6768],[-97.7362,32.6702],[-97.7301,32.6649],[-97.7297,32.6623],[-97.7334,32.6595],[-97.7383,32.6588],[-97.7382,32.6501],[-97.7354,32.6483],[-97.7324,32.6488],[-97.7301,32.645],[-97.727,32.6455],[-97.7247,32.642],[-97.7137,32.6365],[-97.6946,32.6323],[-97.6918,32.6257],[-97.6939,32.6235],[-97.6945,32.6184],[-97.6895,32.615],[-97.6881,32.6086],[-97.6844,32.6073],[-97.684,32.604],[-97.6868,32.6016],[-97.6853,32.5936],[-97.6839,32.592],[-97.6803,32.5931],[-97.6778,32.5907],[-97.6799,32.5841],[-97.6769,32.581],[-97.6768,32.5788],[-97.6796,32.5772],[-97.6807,32.5735],[-97.6764,32.5695],[-97.677,32.5647],[-97.6725,32.5572],[-97.6667,32.5528],[-97.6604,32.553],[-97.6551,32.5485],[-97.6486,32.5515],[-97.639,32.5434],[-97.6382,32.5396],[-97.6344,32.5407],[-97.6271,32.5388],[-97.614,32.5303],[-97.6062,32.5322],[-97.6012,32.5292],[-97.5966,32.5231],[-97.5949,32.5096],[-97.5903,32.5061],[-97.5852,32.5066],[-97.5827,32.5048],[-97.5826,32.5028],[-97.5785,32.499],[-97.5781,32.4946],[-97.5714,32.4925],[-97.5645,32.4929],[-97.5564,32.5],[-97.5544,32.4983],[-97.5464,32.4984],[-97.5427,32.495],[-97.5389,32.4951],[-97.5348,32.4983],[-97.5301,32.494],[-97.5224,32.4945],[-97.5157,32.4986],[-97.5079,32.4959],[-97.5037,32.4899],[-97.4994,32.487],[-97.4898,32.4894],[-97.4856,32.4857],[-97.4733,32.488],[-97.4707,32.4805],[-97.4662,32.4782],[-97.4635,32.4738],[-97.463,32.4684],[-97.4598,32.465],[-97.4589,32.4594],[-97.4563,32.4577],[-97.4492,32.457],[-97.4476,32.4608],[-97.4445,32.4627],[-97.4378,32.4614],[-97.4351,32.466],[-97.4276,32.461],[-97.4245,32.4633],[-97.4213,32.461],[-97.4176,32.4612],[-97.4142,32.4648],[-97.4129,32.4696],[-97.4086,32.4709],[-97.4131,32.4793],[-97.4088,32.4816],[-97.4103,32.487],[-97.4061,32.4904],[-97.4063,32.4965],[-97.4037,32.4979],[-97.4028,32.5045],[-97.3993,32.508],[-97.4049,32.5184],[-97.4031,32.5221],[-97.4064,32.5275],[-97.4043,32.5307],[-97.3998,32.5308],[-97.4015,32.5333],[-97.4023,32.542],[-97.3967,32.5463],[-97.4032,32.5495],[-97.4088,32.5567],[-97.4053,32.5634],[-97.4097,32.5668],[-97.4088,32.5817],[-97.4105,32.5884],[-97.4086,32.5938],[-97.3982,32.6015],[-97.4009,32.6072],[-97.3909,32.6128],[-97.391,32.6185],[-97.387,32.62],[-97.3887,32.6277],[-97.395,32.6283],[-97.4017,32.6316],[-97.402,32.6419],[-97.4,32.6467],[-97.3931,32.6482],[-97.3917,32.6511],[-97.3886,32.6503],[-97.383,32.6606],[-97.3783,32.6592],[-97.3738,32.6638],[-97.3726,32.6676],[-97.3691,32.6672],[-97.3613,32.67],[-97.3607,32.6741],[-97.3625,32.6777],[-97.3604,32.6812],[-97.3486,32.6818],[-97.351,32.6878],[-97.3503,32.6909],[-97.3474,32.6939],[-97.3431,32.6952],[-97.3422,32.7],[-97.3339,32.7125],[-97.3322,32.7187],[-97.3289,32.7208],[-97.329,32.7242],[-97.332,32.7269],[-97.3295,32.7352],[-97.3262,32.7398],[-97.3276,32.743],[-97.3322,32.7462],[-97.3317,32.7506],[-97.3346,32.7533],[-97.3332,32.7559],[-97.3376,32.7572],[-97.3384,32.7601],[-97.3406,32.7605],[-97.343,32.7586],[-97.3469,32.7618],[-97.3504,32.7547],[-97.3564,32.7521],[-97.3918,32.7443],[-97.4017,32.737],[-97.4059,32.7386],[-97.409,32.735],[-97.4171,32.7343],[-97.4198,32.7323],[-97.4244,32.7334],[-97.4292,32.7307],[-97.4292,32.7289],[-97.4347,32.7248],[-97.4361,32.7215],[-97.4412,32.7222],[-97.4445,32.7252],[-97.4492,32.7236],[-97.4556,32.7254],[-97.4566,32.7284],[-97.4603,32.7293],[-97.4638,32.7369],[-97.4672,32.7404],[-97.4693,32.7403],[-97.4701,32.7385],[-97.4743,32.7384],[-97.4775,32.7405],[-97.4821,32.741],[-97.4853,32.7385],[-97.4992,32.7436],[-97.5029,32.7412],[-97.5119,32.7452],[-97.5193,32.7553],[-97.5239,32.7568],[-97.5257,32.7552],[-97.5282,32.7564],[-97.5304,32.7511],[-97.532,32.7508],[-97.5347,32.7545],[-97.5412,32.7561],[-97.5439,32.7606],[-97.5557,32.7631],[-97.5571,32.7695],[-97.5602,32.7722],[-97.5601,32.7778],[-97.5626,32.7808],[-97.5623,32.7841],[-97.5682,32.7827],[-97.5707,32.7843],[-97.5706,32.7863],[-97.5752,32.7905],[-97.5764,32.7943],[-97.5807,32.7897],[-97.5837,32.7956],[-97.5869,32.7938],[-97.5946,32.7992],[-97.6008,32.7989],[-97.6029,32.8025],[-97.6053,32.8036],[-97.609,32.8024],[-97.6105,32.8062],[-97.6154,32.8083],[-97.6188,32.8077],[-97.6202,32.8101]]]},"properties":{"objectid":4223,"tnmid":"{4380A254-AA38-4BE4-A83A-BB47496BA893}","metasourceid":"{511D2AC8-11BA-45FC-AB98-F69D693D4C44}","sourcedatadesc":"Watershed Boundary Dataset (WBD)","sourceoriginator":"Natural Resources and Conservation Service and U.S. Geological Survey","sourcefeatureid":null,"loaddate":1723726881000,"referencegnis_ids":"1384272","areaacres":166381.61,"areasqkm":673.32,"states":"TX","huc10":"1203010203","name":"Lower Clear Fork Trinity River","hutype":"S","humod":null,"globalid":"{18ECD2CE-E29C-11E2-8094-0021280458E6}","shape_Length":243886.5436838677,"shape_Area":951975544.2451123}},{"type":"Feature","id":4224,"geometry":{"type":"Polygon","coordinates":[[[-97.1416,32.7696],[-97.1424,32.7751],[-97.1462,32.7768],[-97.1579,32.7696],[-97.1607,32.7688],[-97.1636,32.7713],[-97.167,32.7715],[-97.1697,32.7686],[-97.1742,32.768],[-97.177,32.7703],[-97.1817,32.7691],[-97.1885,32.7712],[-97.1905,32.7762],[-97.1921,32.7766],[-97.1961,32.7742],[-97.1938,32.7698],[-97.1971,32.7666],[-97.197,32.7628],[-97.1994,32.7602],[-97.2107,32.76],[-97.2127,32.7575],[-97.224,32.7594],[-97.2268,32.7547],[-97.2239,32.7508],[-97.2252,32.7488],[-97.2229,32.7438],[-97.2312,32.7426],[-97.231,32.7376],[-97.2363,32.736],[-97.2376,32.7333],[-97.2404,32.7343],[-97.2515,32.7331],[-97.2572,32.7345],[-97.261,32.7309],[-97.2614,32.7277],[-97.266,32.725],[-97.2631,32.7182],[-97.2605,32.7166],[-97.2722,32.7108],[-97.2732,32.7077],[-97.2756,32.707],[-97.2746,32.7013],[-97.2763,32.6965],[-97.2903,32.6916],[-97.2872,32.6796],[-97.2923,32.6747],[-97.2948,32.6683],[-97.3065,32.6595],[-97.3142,32.6557],[-97.3153,32.6518],[-97.3217,32.6446],[-97.3242,32.6376],[-97.3242,32.6314],[-97.3303,32.622],[-97.3343,32.6187],[-97.3377,32.6101],[-97.3448,32.6086],[-97.3488,32.6051],[-97.3722,32.6019],[-97.3857,32.611],[-97.3884,32.615],[-97.3905,32.615],[-97.3909,32.6128],[-97.3948,32.6097],[-97.4009,32.6072],[-97.3982,32.6015],[-97.4086,32.5938],[-97.4105,32.5884],[-97.4088,32.5817],[-97.4097,32.5668],[-97.4053,32.5634],[-97.4088,32.5567],[-97.4032,32.5495],[-97.3967,32.5463],[-97.4023,32.542],[-97.4015,32.5333],[-97.3998,32.5308],[-97.4043,32.5307],[-97.4064,32.5275],[-97.4031,32.5221],[-97.4049,32.5184],[-97.3992,32.5087],[-97.4028,32.5045],[-97.4037,32.4979],[-97.4063,32.4965],[-97.4061,32.4904],[-97.4103,32.487],[-97.4088,32.4816],[-97.4131,32.4793],[-97.4086,32.4709],[-97.4055,32.4721],[-97.4041,32.4766],[-97.4025,32.4769],[-97.3965,32.4705],[-97.3924,32.4717],[-97.3885,32.4699],[-97.3885,32.4599],[-97.3796,32.4558],[-97.3769,32.4577],[-97.3683,32.4563],[-97.3618,32.4626],[-97.3593,32.4621],[-97.3576,32.4593],[-97.3524,32.4586],[-97.3527,32.4522],[-97.3465,32.4497],[-97.343,32.4499],[-97.3426,32.4419],[-97.3336,32.4387],[-97.3323,32.4417],[-97.3275,32.4397],[-97.3243,32.442],[-97.3239,32.4454],[-97.3178,32.447],[-97.3175,32.4516],[-97.3047,32.4521],[-97.3001,32.4572],[-97.2956,32.4583],[-97.2926,32.4579],[-97.29,32.452],[-97.2842,32.4531],[-97.2814,32.4508],[-97.2739,32.4528],[-97.2722,32.4567],[-97.2743,32.4632],[-97.2716,32.4643],[-97.2731,32.4672],[-97.2718,32.4724],[-97.2741,32.4805],[-97.2728,32.483],[-97.269,32.4837],[-97.2678,32.4864],[-97.2705,32.492],[-97.2695,32.4937],[-97.2618,32.4939],[-97.2623,32.4987],[-97.2572,32.4996],[-97.2547,32.5071],[-97.2571,32.5152],[-97.2599,32.516],[-97.2616,32.5192],[-97.2655,32.5191],[-97.2649,32.5233],[-97.2611,32.524],[-97.2588,32.5265],[-97.2599,32.5312],[-97.2563,32.5341],[-97.2561,32.5397],[-97.2609,32.5436],[-97.2601,32.5453],[-97.2613,32.5472],[-97.2527,32.5551],[-97.2439,32.5561],[-97.2423,32.5599],[-97.2444,32.5617],[-97.2453,32.567],[-97.2424,32.5694],[-97.2458,32.5748],[-97.2485,32.5755],[-97.2433,32.5809],[-97.2448,32.5835],[-97.2414,32.5853],[-97.2398,32.5899],[-97.2369,32.59],[-97.236,32.5916],[-97.231,32.5906],[-97.2285,32.5961],[-97.2234,32.6007],[-97.2204,32.6019],[-97.2179,32.5996],[-97.2144,32.6029],[-97.2119,32.6025],[-97.2109,32.6046],[-97.2033,32.6074],[-97.2005,32.6074],[-97.199,32.6052],[-97.1886,32.6056],[-97.183,32.6036],[-97.1787,32.6055],[-97.1763,32.6098],[-97.169,32.6122],[-97.1555,32.6149],[-97.1505,32.6119],[-97.1465,32.6131],[-97.1378,32.6101],[-97.1331,32.6154],[-97.1358,32.62],[-97.1337,32.625],[-97.1299,32.6286],[-97.129,32.6373],[-97.1325,32.6421],[-97.1274,32.6486],[-97.1303,32.6532],[-97.1293,32.6553],[-97.1315,32.6574],[-97.1313,32.6614],[-97.1298,32.6665],[-97.1252,32.67],[-97.1242,32.6732],[-97.1265,32.6803],[-97.1307,32.6824],[-97.1274,32.6879],[-97.1309,32.6892],[-97.13,32.694],[-97.1334,32.6957],[-97.1311,32.6993],[-97.1343,32.7019],[-97.1311,32.7093],[-97.1329,32.7182],[-97.128,32.72],[-97.1266,32.7228],[-97.1289,32.7274],[-97.1314,32.7289],[-97.131,32.7312],[-97.1288,32.7335],[-97.1261,32.7329],[-97.1253,32.7364],[-97.1209,32.7384],[-97.1222,32.7406],[-97.1191,32.7426],[-97.1203,32.747],[-97.1175,32.7503],[-97.1239,32.756],[-97.1229,32.7576],[-97.1271,32.7642],[-97.1302,32.7646],[-97.1323,32.7667],[-97.1382,32.7641],[-97.1416,32.7696]]]},"properties":{"objectid":4224,"tnmid":"{37CCBCA2-20E8-4C16-91B6-824E44219794}","metasourceid":"{511D2AC8-11BA-45FC-AB98-F69D693D4C44}","sourcedatadesc":"Watershed Boundary Dataset (WBD)","sourceoriginator":"Natural Resources and Conservation Service and U.S. Geological Survey","sourcefeatureid":null,"loaddate":1723726881000,"referencegnis_ids":"1376597","areaacres":122427.97,"areasqkm":495.45,"states":"TX","huc10":"1203010204","name":"Village Creek","hutype":"S","humod":null,"globalid":"{18ECEA0E-E29C-11E2-8094-0021280458E6}","shape_Length":166355.60161586624,"shape_Area":700196328.8481784}},{"type":"Feature","id":4243,"geometry":{"type":"Polygon","coordinates":[[[-97.3888,32.9415],[-97.3991,32.9452],[-97.4055,32.9525],[-97.4118,32.955],[-97.419,32.9465],[-97.419,32.9415],[-97.4153,32.934],[-97.4042,32.919],[-97.4017,32.9053],[-97.404,32.904],[-97.4035,32.8984],[-97.4084,32.8898],[-97.4141,32.8891],[-97.4249,32.8809],[-97.423,32.8756],[-97.4239,32.8701],[-97.4205,32.8693],[-97.4207,32.8639],[-97.4248,32.8612],[-97.4253,32.8558],[-97.4205,32.844],[-97.422,32.8396],[-97.42,32.8323],[-97.4205,32.8274],[-97.4181,32.8225],[-97.4127,32.8183],[-97.4114,32.8129],[-97.4094,32.8123],[-97.4113,32.8085],[-97.4065,32.8068],[-97.3948,32.8096],[-97.3871,32.8067],[-97.3849,32.8011],[-97.3805,32.8007],[-97.3737,32.7965],[-97.372,32.7915],[-97.369,32.7901],[-97.3706,32.7845],[-97.3664,32.7801],[-97.3646,32.7747],[-97.3508,32.7691],[-97.3465,32.7721],[-97.3443,32.7714],[-97.3446,32.7664],[-97.3374,32.7607],[-97.3386,32.7586],[-97.3376,32.7572],[-97.3332,32.7559],[-97.3346,32.7533],[-97.3317,32.7506],[-97.3322,32.7462],[-97.3276,32.743],[-97.3262,32.7398],[-97.3295,32.7352],[-97.332,32.7269],[-97.329,32.7242],[-97.329,32.7204],[-97.3322,32.7187],[-97.3339,32.7125],[-97.3422,32.7],[-97.3431,32.6952],[-97.3474,32.6939],[-97.351,32.6895],[-97.3488,32.6815],[-97.3604,32.6812],[-97.3625,32.6777],[-97.3607,32.6741],[-97.3613,32.67],[-97.3691,32.6672],[-97.3726,32.6676],[-97.3738,32.6638],[-97.3783,32.6592],[-97.383,32.6606],[-97.3886,32.6503],[-97.3917,32.6511],[-97.3931,32.6482],[-97.3993,32.6471],[-97.4012,32.6445],[-97.4027,32.638],[-97.4017,32.6316],[-97.3879,32.6265],[-97.387,32.62],[-97.391,32.6185],[-97.3905,32.615],[-97.3884,32.615],[-97.3857,32.611],[-97.3754,32.6036],[-97.3686,32.602],[-97.3488,32.6051],[-97.3448,32.6086],[-97.3377,32.6101],[-97.3343,32.6187],[-97.3303,32.622],[-97.3242,32.6314],[-97.3242,32.6376],[-97.3217,32.6446],[-97.3153,32.6518],[-97.3142,32.6557],[-97.3065,32.6595],[-97.2948,32.6683],[-97.2923,32.6747],[-97.2872,32.6796],[-97.2903,32.6916],[-97.2763,32.6965],[-97.2746,32.7013],[-97.2756,32.707],[-97.2732,32.7077],[-97.2722,32.7108],[-97.2605,32.7166],[-97.2631,32.7182],[-97.266,32.725],[-97.2614,32.7277],[-97.261,32.7309],[-97.2572,32.7345],[-97.2515,32.7331],[-97.2404,32.7343],[-97.2376,32.7333],[-97.2363,32.736],[-97.231,32.7376],[-97.2312,32.7426],[-97.2229,32.7438],[-97.2252,32.7488],[-97.2239,32.7508],[-97.2268,32.7547],[-97.224,32.7594],[-97.2127,32.7575],[-97.2107,32.76],[-97.1994,32.7602],[-97.197,32.7628],[-97.1971,32.7666],[-97.1938,32.7698],[-97.1961,32.7742],[-97.1921,32.7766],[-97.1905,32.7762],[-97.1885,32.7712],[-97.1817,32.7691],[-97.177,32.7703],[-97.1742,32.768],[-97.1697,32.7686],[-97.167,32.7715],[-97.1636,32.7713],[-97.1607,32.7688],[-97.1579,32.7696],[-97.1462,32.7768],[-97.1424,32.7751],[-97.142,32.7707],[-97.1386,32.7643],[-97.1323,32.7667],[-97.1302,32.7646],[-97.1271,32.7642],[-97.1231,32.7691],[-97.1237,32.7771],[-97.1201,32.7814],[-97.1285,32.7941],[-97.1274,32.802],[-97.1255,32.8026],[-97.1243,32.8068],[-97.1287,32.814],[-97.1276,32.8177],[-97.1356,32.825],[-97.1339,32.8263],[-97.137,32.8311],[-97.1376,32.8409],[-97.1349,32.8431],[-97.1376,32.8465],[-97.137,32.8499],[-97.1413,32.8525],[-97.1415,32.8548],[-97.1507,32.8583],[-97.1531,32.8621],[-97.1565,32.8622],[-97.1576,32.8663],[-97.1636,32.8629],[-97.1639,32.8612],[-97.1686,32.861],[-97.1708,32.8627],[-97.1713,32.8706],[-97.1825,32.8695],[-97.1849,32.8731],[-97.1879,32.8713],[-97.1957,32.8719],[-97.1954,32.8772],[-97.1979,32.884],[-97.2042,32.8838],[-97.2095,32.8768],[-97.2119,32.8791],[-97.2155,32.8797],[-97.2163,32.8829],[-97.2189,32.8842],[-97.2199,32.8888],[-97.2306,32.8893],[-97.2347,32.8874],[-97.2378,32.8931],[-97.2507,32.8942],[-97.2541,32.9031],[-97.2521,32.9087],[-97.2549,32.9139],[-97.265,32.9182],[-97.27,32.9188],[-97.2743,32.9169],[-97.2783,32.9182],[-97.2779,32.92],[-97.2863,32.9243],[-97.2901,32.9284],[-97.2962,32.929],[-97.3014,32.9274],[-97.3136,32.9291],[-97.3183,32.926],[-97.3235,32.9333],[-97.332,32.9351],[-97.3406,32.9415],[-97.3452,32.938],[-97.348,32.9422],[-97.352,32.9445],[-97.3576,32.9416],[-97.3634,32.944],[-97.3686,32.9405],[-97.3721,32.94],[-97.3817,32.9439],[-97.3888,32.9415]]]},"properties":{"objectid":4243,"tnmid":"{2C233C1C-740B-451E-8911-C48255AB15E0}","metasourceid":"{511D2AC8-11BA-45FC-AB98-F69D693D4C44}","sourcedatadesc":"Watershed Boundary Dataset (WBD)","sourceoriginator":"Natural Resources and Conservation Service and U.S. Geological Survey","sourcefeatureid":null,"loaddate":1723726881000,"referencegnis_ids":"1372549,1383210","areaacres":130154.45,"areasqkm":526.72,"states":"TX","huc10":"1203010205","name":"Big Fossil Creek-West Fork Trinity River","hutype":"S","humod":null,"globalid":"{18ED08BE-E29C-11E2-8094-0021280458E6}","shape_Length":176449.08303347323,"shape_Area":747682508.6902461}},{"type":"Feature","id":4244,"geometry":{"type":"Polygon","coordinates":[[[-97.0081,32.7476],[-97.0138,32.747],[-97.014,32.7429],[-97.0167,32.7419],[-97.0224,32.7412],[-97.0268,32.7442],[-97.0318,32.7434],[-97.0388,32.7378],[-97.0427,32.7368],[-97.0474,32.7383],[-97.0688,32.7354],[-97.0761,32.7377],[-97.0786,32.7302],[-97.0844,32.7243],[-97.0833,32.7138],[-97.0851,32.7115],[-97.093,32.7082],[-97.097,32.6979],[-97.1037,32.6987],[-97.1088,32.6924],[-97.1074,32.6894],[-97.1081,32.6838],[-97.1176,32.6754],[-97.1246,32.675],[-97.1252,32.67],[-97.1304,32.6654],[-97.1316,32.658],[-97.1293,32.6553],[-97.1303,32.6532],[-97.1274,32.6486],[-97.1325,32.6421],[-97.129,32.6373],[-97.1295,32.6311],[-97.1358,32.62],[-97.1331,32.6154],[-97.1361,32.6107],[-97.1414,32.6104],[-97.1465,32.6131],[-97.1505,32.6119],[-97.1555,32.6149],[-97.1763,32.6098],[-97.1787,32.6055],[-97.183,32.6036],[-97.1886,32.6056],[-97.199,32.6052],[-97.2005,32.6074],[-97.2033,32.6074],[-97.2109,32.6046],[-97.2119,32.6025],[-97.2144,32.6029],[-97.2179,32.5996],[-97.2204,32.6019],[-97.2234,32.6007],[-97.2285,32.5961],[-97.231,32.5906],[-97.236,32.5916],[-97.2369,32.59],[-97.2398,32.5899],[-97.2414,32.5853],[-97.2448,32.5835],[-97.2433,32.5809],[-97.2485,32.5755],[-97.2458,32.5748],[-97.2424,32.5694],[-97.2453,32.567],[-97.2444,32.5617],[-97.2423,32.5599],[-97.2439,32.5561],[-97.2527,32.5551],[-97.2613,32.5472],[-97.2601,32.5453],[-97.2609,32.5436],[-97.2561,32.5397],[-97.2563,32.5341],[-97.2599,32.5312],[-97.2588,32.5265],[-97.2611,32.524],[-97.2649,32.5233],[-97.2655,32.5191],[-97.2616,32.5192],[-97.2599,32.516],[-97.2571,32.5152],[-97.2547,32.5071],[-97.2572,32.4996],[-97.2623,32.4987],[-97.2618,32.4939],[-97.2695,32.4937],[-97.2705,32.492],[-97.2678,32.4864],[-97.269,32.4837],[-97.2728,32.483],[-97.2741,32.4805],[-97.2718,32.4724],[-97.2731,32.4672],[-97.2716,32.4643],[-97.2743,32.4632],[-97.2722,32.4567],[-97.2739,32.4528],[-97.2688,32.4513],[-97.2667,32.448],[-97.263,32.4496],[-97.2587,32.4492],[-97.2573,32.4465],[-97.253,32.4442],[-97.243,32.4418],[-97.2411,32.444],[-97.2307,32.4418],[-97.226,32.4435],[-97.226,32.4399],[-97.2219,32.4347],[-97.2189,32.4339],[-97.2193,32.4302],[-97.2167,32.4299],[-97.2137,32.4262],[-97.2042,32.4279],[-97.1998,32.4257],[-97.1966,32.4225],[-97.1947,32.4164],[-97.1796,32.413],[-97.1709,32.4152],[-97.1658,32.411],[-97.1617,32.4106],[-97.1559,32.4136],[-97.1549,32.4208],[-97.1489,32.4278],[-97.1505,32.4345],[-97.1469,32.4376],[-97.142,32.4348],[-97.1352,32.4375],[-97.1296,32.4315],[-97.1275,32.4261],[-97.1202,32.4257],[-97.1159,32.4189],[-97.1132,32.4172],[-97.106,32.4187],[-97.1048,32.4236],[-97.1013,32.428],[-97.0949,32.4245],[-97.0928,32.4249],[-97.0888,32.4216],[-97.0827,32.4219],[-97.0742,32.426],[-97.0728,32.4188],[-97.067,32.414],[-97.0633,32.4133],[-97.0663,32.4096],[-97.0654,32.4074],[-97.0601,32.4089],[-97.0548,32.408],[-97.053,32.4152],[-97.0489,32.4171],[-97.039,32.4196],[-97.0293,32.4183],[-97.026,32.4219],[-97.0267,32.4251],[-97.024,32.4265],[-97.0251,32.4354],[-97.0199,32.4339],[-97.0171,32.4401],[-97.0133,32.4377],[-97.0086,32.438],[-97.0076,32.4479],[-96.9982,32.4642],[-97.0008,32.4688],[-96.9993,32.4747],[-96.9962,32.4824],[-96.9932,32.4835],[-96.9909,32.4891],[-96.9925,32.4948],[-96.9888,32.4997],[-96.9902,32.5065],[-96.9881,32.5105],[-96.9891,32.5137],[-96.9873,32.5159],[-96.9872,32.5218],[-96.9835,32.5218],[-96.9797,32.5276],[-96.9766,32.5289],[-96.9805,32.5347],[-96.9764,32.5379],[-96.976,32.5511],[-96.9721,32.5619],[-96.9667,32.5678],[-96.9637,32.5744],[-96.9606,32.5764],[-96.9618,32.5921],[-96.9634,32.5958],[-96.9592,32.5962],[-96.9583,32.5996],[-96.9524,32.6026],[-96.9523,32.6048],[-96.95,32.606],[-96.9495,32.6093],[-96.9542,32.6124],[-96.9586,32.6132],[-96.961,32.6191],[-96.9563,32.626],[-96.9567,32.6299],[-96.9527,32.6319],[-96.9549,32.6363],[-96.9556,32.647],[-96.9483,32.6466],[-96.9471,32.6491],[-96.9409,32.6505],[-96.9401,32.6545],[-96.9354,32.6524],[-96.932,32.6537],[-96.9285,32.657],[-96.9289,32.662],[-96.9167,32.6623],[-96.91,32.6664],[-96.9084,32.6702],[-96.9142,32.6783],[-96.9147,32.6816],[-96.9129,32.6851],[-96.9198,32.6881],[-96.9152,32.6969],[-96.924,32.703],[-96.9239,32.7062],[-96.921,32.7084],[-96.929,32.7168],[-96.9296,32.72],[-96.9349,32.7274],[-96.9513,32.7375],[-96.9592,32.7379],[-96.9735,32.746],[-97.0001,32.745],[-97.0081,32.7476]]]},"properties":{"objectid":4244,"tnmid":"{B98CAE12-65E1-41D4-BC97-7FFFEC690D8D}","metasourceid":"{511D2AC8-11BA-45FC-AB98-F69D693D4C44}","sourcedatadesc":"Watershed Boundary Dataset (WBD)","sourceoriginator":"Natural Resources and Conservation Service and U.S. Geological Survey","sourcefeatureid":null,"loaddate":1723726881000,"referencegnis_ids":"1342164,1342165","areaacres":188601.66,"areasqkm":763.24,"states":"TX","huc10":"1203010206","name":"Mountain Creek-Mountain Creek Lake","hutype":"S","humod":null,"globalid":"{18ED1FE0-E29C-11E2-8094-0021280458E6}","shape_Length":176891.6086863009,"shape_Area":1077683830.3301983}},{"type":"Feature","id":4245,"geometry":{"type":"Polygon","coordinates":[[[-97.2172,32.9657],[-97.2218,32.9643],[-97.222,32.9618],[-97.2312,32.955],[-97.2323,32.9523],[-97.2391,32.9534],[-97.2421,32.9524],[-97.2511,32.9546],[-97.2516,32.9532],[-97.2575,32.9507],[-97.2643,32.9504],[-97.2715,32.9542],[-97.2719,32.9565],[-97.2773,32.9484],[-97.2781,32.9436],[-97.2868,32.9451],[-97.2908,32.9476],[-97.2923,32.9433],[-97.295,32.9426],[-97.3,32.944],[-97.3076,32.9493],[-97.3241,32.941],[-97.3285,32.9428],[-97.3325,32.9408],[-97.3377,32.9424],[-97.3406,32.9415],[-97.332,32.9351],[-97.3235,32.9333],[-97.3183,32.926],[-97.3136,32.9291],[-97.3014,32.9274],[-97.2909,32.9286],[-97.2877,32.927],[-97.2863,32.9243],[-97.2779,32.92],[-97.2783,32.9182],[-97.2743,32.9169],[-97.27,32.9188],[-97.265,32.9182],[-97.2555,32.9143],[-97.2521,32.9087],[-97.2541,32.9031],[-97.2507,32.8942],[-97.2378,32.8931],[-97.2347,32.8874],[-97.2306,32.8893],[-97.2199,32.8888],[-97.2189,32.8842],[-97.2163,32.8829],[-97.2155,32.8797],[-97.2119,32.8791],[-97.2095,32.8768],[-97.2042,32.8838],[-97.1979,32.884],[-97.1954,32.8772],[-97.1957,32.8719],[-97.1879,32.8713],[-97.1849,32.8731],[-97.1825,32.8695],[-97.1713,32.8706],[-97.1708,32.8627],[-97.1686,32.861],[-97.1639,32.8612],[-97.1636,32.8629],[-97.1576,32.8663],[-97.1565,32.8622],[-97.1531,32.8621],[-97.1507,32.8583],[-97.1466,32.8577],[-97.1415,32.8548],[-97.1413,32.8525],[-97.1375,32.8511],[-97.1376,32.8465],[-97.1349,32.8431],[-97.1376,32.8409],[-97.137,32.8311],[-97.1339,32.8263],[-97.1356,32.825],[-97.1276,32.8177],[-97.1287,32.814],[-97.1243,32.8068],[-97.1255,32.8026],[-97.1274,32.802],[-97.1285,32.7941],[-97.1201,32.7814],[-97.1237,32.7771],[-97.1231,32.7691],[-97.1271,32.7642],[-97.1229,32.7576],[-97.1239,32.756],[-97.1175,32.7503],[-97.1203,32.747],[-97.1191,32.7426],[-97.1222,32.7406],[-97.1209,32.7384],[-97.1253,32.7364],[-97.1261,32.7329],[-97.1288,32.7335],[-97.131,32.7312],[-97.1314,32.7289],[-97.1289,32.7274],[-97.1266,32.7228],[-97.128,32.72],[-97.1329,32.7182],[-97.1311,32.7093],[-97.1343,32.7019],[-97.1311,32.6993],[-97.1334,32.6957],[-97.13,32.694],[-97.1309,32.6892],[-97.1274,32.6879],[-97.1307,32.6824],[-97.1265,32.6803],[-97.1246,32.675],[-97.1176,32.6754],[-97.1119,32.6801],[-97.1105,32.683],[-97.1081,32.6838],[-97.1074,32.6894],[-97.1088,32.6924],[-97.1037,32.6987],[-97.097,32.6979],[-97.093,32.7082],[-97.0851,32.7115],[-97.0833,32.7138],[-97.0844,32.7243],[-97.0786,32.7302],[-97.0756,32.738],[-97.0688,32.7354],[-97.0474,32.7383],[-97.0427,32.7368],[-97.0388,32.7378],[-97.0318,32.7434],[-97.0268,32.7442],[-97.0224,32.7412],[-97.0149,32.7424],[-97.0138,32.747],[-97.0123,32.7475],[-97.0001,32.745],[-96.9735,32.746],[-96.9592,32.7379],[-96.9513,32.7375],[-96.9349,32.7274],[-96.9296,32.72],[-96.929,32.7168],[-96.921,32.7084],[-96.9159,32.711],[-96.9122,32.7186],[-96.9094,32.7209],[-96.9018,32.7234],[-96.9011,32.7364],[-96.9079,32.745],[-96.909,32.7515],[-96.9123,32.7559],[-96.916,32.7576],[-96.9167,32.7614],[-96.9245,32.7672],[-96.9247,32.7786],[-96.9218,32.7812],[-96.9125,32.7836],[-96.9071,32.7948],[-96.8982,32.7962],[-96.8982,32.7983],[-96.9054,32.8006],[-96.906,32.8032],[-96.9122,32.8035],[-96.9202,32.8109],[-96.9292,32.8074],[-96.9379,32.8104],[-96.9401,32.8161],[-96.94,32.8211],[-96.9445,32.8283],[-96.9443,32.8386],[-96.9425,32.8417],[-96.9445,32.845],[-96.9446,32.8497],[-96.9571,32.854],[-96.957,32.8586],[-96.9686,32.8553],[-96.9704,32.8588],[-96.9749,32.8551],[-96.9751,32.8507],[-96.9831,32.8492],[-96.9846,32.8551],[-96.9922,32.8552],[-96.995,32.8595],[-97.0015,32.8603],[-97.0072,32.8701],[-97.0127,32.8746],[-97.0201,32.8757],[-97.0321,32.886],[-97.0329,32.8934],[-97.0369,32.9035],[-97.0434,32.9058],[-97.0482,32.9001],[-97.0515,32.9011],[-97.063,32.9113],[-97.065,32.9165],[-97.0698,32.9169],[-97.0776,32.9212],[-97.0805,32.9285],[-97.0843,32.9321],[-97.087,32.9321],[-97.0891,32.9286],[-97.0928,32.9279],[-97.0949,32.9314],[-97.1,32.9322],[-97.1021,32.9359],[-97.1065,32.9347],[-97.1143,32.9363],[-97.1179,32.9336],[-97.1219,32.9355],[-97.1253,32.9347],[-97.1281,32.9413],[-97.1366,32.9481],[-97.1432,32.9454],[-97.1455,32.9466],[-97.1468,32.9435],[-97.1491,32.9433],[-97.1522,32.9455],[-97.1542,32.9518],[-97.1553,32.9499],[-97.1601,32.9491],[-97.1638,32.9527],[-97.1661,32.951],[-97.1719,32.9509],[-97.1734,32.9478],[-97.1785,32.9446],[-97.1804,32.9468],[-97.1886,32.949],[-97.1883,32.9544],[-97.1946,32.956],[-97.1965,32.9587],[-97.206,32.9593],[-97.21,32.9571],[-97.2148,32.9571],[-97.2162,32.9585],[-97.2172,32.9657]]]},"properties":{"objectid":4245,"tnmid":"{A4025A7B-B602-42C4-9321-B3CD0F4FBD76}","metasourceid":"{511D2AC8-11BA-45FC-AB98-F69D693D4C44}","sourcedatadesc":"Watershed Boundary Dataset (WBD)","sourceoriginator":"Natural Resources and Conservation Service and U.S. Geological Survey","sourcefeatureid":null,"loaddate":1723726881000,"referencegnis_ids":"1342164,1383210","areaacres":114904.29,"areasqkm":465,"states":"TX","huc10":"1203010207","name":"Mountain Creek-West Fork Trinity River","hutype":"S","humod":null,"globalid":"{18ED3E8E-E29C-11E2-8094-0021280458E6}","shape_Length":190717.87015647074,"shape_Area":660491095.4002757}},{"type":"Feature","id":4249,"geometry":{"type":"Polygon","coordinates":[[[-96.7091,33.5055],[-96.7112,33.5082],[-96.7117,33.5145],[-96.7213,33.5052],[-96.7465,33.5004],[-96.7684,33.4882],[-96.7716,33.4774],[-96.7762,33.476],[-96.7754,33.4716],[-96.7867,33.4641],[-96.7903,33.4566],[-96.7886,33.4519],[-96.7988,33.4483],[-96.804,33.4424],[-96.814,33.4376],[-96.8195,33.443],[-96.8237,33.4416],[-96.825,33.439],[-96.8308,33.4393],[-96.8341,33.4345],[-96.8407,33.4367],[-96.8466,33.4333],[-96.8624,33.4353],[-96.8668,33.4309],[-96.8712,33.4305],[-96.8771,33.4264],[-96.8874,33.4276],[-96.8904,33.4306],[-96.8961,33.4297],[-96.9027,33.432],[-96.9082,33.4297],[-96.9153,33.4221],[-96.9225,33.4245],[-96.9327,33.4244],[-96.9459,33.4189],[-96.9473,33.4136],[-96.9583,33.4005],[-96.9596,33.3926],[-96.9659,33.3894],[-96.9666,33.3825],[-96.963,33.3772],[-96.9643,33.3686],[-96.9675,33.3663],[-96.9692,33.3622],[-96.9686,33.3588],[-96.9738,33.3485],[-96.9719,33.341],[-96.9755,33.3342],[-96.9712,33.3306],[-96.9731,33.3223],[-96.9755,33.3181],[-96.9881,33.3097],[-96.9892,33.3075],[-96.9853,33.3019],[-96.9983,33.2863],[-96.9959,33.283],[-96.9829,33.2796],[-96.9809,33.2775],[-96.9802,33.2732],[-96.9747,33.2726],[-96.9727,33.2686],[-96.9728,33.2588],[-96.9701,33.2464],[-96.9734,33.233],[-96.9709,33.2174],[-96.9738,33.2133],[-96.971,33.2106],[-96.971,33.2077],[-96.9808,33.1957],[-96.979,33.1917],[-96.975,33.1918],[-96.9689,33.1841],[-96.9603,33.1832],[-96.9562,33.1778],[-96.9536,33.177],[-96.9439,33.1817],[-96.9433,33.1903],[-96.9472,33.1968],[-96.9469,33.2049],[-96.9414,33.2108],[-96.9335,33.2137],[-96.9303,33.22],[-96.9165,33.2319],[-96.9156,33.2372],[-96.9074,33.2418],[-96.9052,33.2486],[-96.8948,33.2557],[-96.8881,33.2576],[-96.8827,33.2633],[-96.8825,33.2665],[-96.8665,33.2814],[-96.8607,33.2847],[-96.8582,33.2905],[-96.8527,33.2923],[-96.8519,33.2954],[-96.8475,33.2967],[-96.8464,33.2996],[-96.8408,33.3012],[-96.8381,33.3056],[-96.8341,33.3051],[-96.8277,33.3074],[-96.8214,33.3046],[-96.8076,33.3049],[-96.8034,33.3036],[-96.8023,33.309],[-96.7993,33.3094],[-96.7967,33.3129],[-96.7887,33.3167],[-96.7824,33.3238],[-96.7761,33.3267],[-96.7726,33.3306],[-96.7716,33.3359],[-96.7693,33.3384],[-96.7591,33.3347],[-96.7526,33.3367],[-96.7511,33.3413],[-96.7538,33.3468],[-96.7512,33.3538],[-96.7527,33.3636],[-96.751,33.3744],[-96.7534,33.3808],[-96.7424,33.3828],[-96.7343,33.389],[-96.7335,33.3945],[-96.7383,33.4012],[-96.7387,33.4091],[-96.7302,33.4138],[-96.7297,33.4199],[-96.7238,33.4311],[-96.7234,33.4385],[-96.728,33.4431],[-96.7271,33.4468],[-96.724,33.4504],[-96.727,33.4578],[-96.7254,33.4667],[-96.7192,33.474],[-96.7196,33.4764],[-96.7252,33.4798],[-96.7268,33.4833],[-96.719,33.4933],[-96.7115,33.4959],[-96.7082,33.4993],[-96.7091,33.5055]]]},"properties":{"objectid":4249,"tnmid":"{1DE89FE7-26C3-4618-BE26-B88610C28E59}","metasourceid":"{511D2AC8-11BA-45FC-AB98-F69D693D4C44}","sourcedatadesc":"Watershed Boundary Dataset (WBD)","sourceoriginator":"Natural Resources and Conservation Service and U.S. Geological Survey","sourcefeatureid":null,"loaddate":1723726881000,"referencegnis_ids":"1374579,1385437","areaacres":102387.14,"areasqkm":414.35,"states":"TX","huc10":"1203010307","name":"Little Elm Creek-Little Elm Reservoir","hutype":"S","humod":null,"globalid":"{18EDFC4C-E29C-11E2-8094-0021280458E6}","shape_Length":141276.47039961195,"shape_Area":595471081.7933418}},{"type":"Feature","id":4250,"geometry":{"type":"Polygon","coordinates":[[[-97.3945,33.3774],[-97.4029,33.3832],[-97.4051,33.3775],[-97.4035,33.3745],[-97.4026,33.3698],[-97.4038,33.367],[-97.4024,33.364],[-97.406,33.3592],[-97.4051,33.3547],[-97.4078,33.3507],[-97.4049,33.3479],[-97.4017,33.3475],[-97.3993,33.3426],[-97.3871,33.3295],[-97.3849,33.323],[-97.387,33.308],[-97.3783,33.3045],[-97.373,33.2985],[-97.366,33.295],[-97.3676,33.2879],[-97.3658,33.2823],[-97.3654,33.2678],[-97.3552,33.2611],[-97.3527,33.2621],[-97.3461,33.2594],[-97.344,33.2547],[-97.3447,33.2501],[-97.3364,33.2456],[-97.3376,33.2382],[-97.334,33.2368],[-97.3311,33.2312],[-97.3321,33.2185],[-97.3287,33.2167],[-97.3272,33.2129],[-97.3219,33.2131],[-97.3181,33.2109],[-97.316,33.2058],[-97.313,33.2031],[-97.3105,33.1939],[-97.2975,33.1913],[-97.289,33.186],[-97.2757,33.1828],[-97.2686,33.1764],[-97.2678,33.1736],[-97.2625,33.1726],[-97.2565,33.1753],[-97.2451,33.1715],[-97.2455,33.1658],[-97.2422,33.163],[-97.2448,33.1594],[-97.245,33.1542],[-97.2365,33.1497],[-97.2382,33.1386],[-97.2327,33.1313],[-97.2222,33.1283],[-97.2192,33.1236],[-97.2126,33.1245],[-97.2076,33.1229],[-97.205,33.1128],[-97.2,33.1072],[-97.1973,33.1074],[-97.1967,33.1047],[-97.19,33.1037],[-97.1859,33.1062],[-97.1834,33.1042],[-97.1791,33.1042],[-97.1675,33.0928],[-97.1613,33.0945],[-97.1592,33.0901],[-97.1562,33.0894],[-97.1553,33.0862],[-97.1497,33.0867],[-97.1471,33.0811],[-97.1479,33.0757],[-97.1448,33.0695],[-97.1348,33.0638],[-97.1276,33.0683],[-97.1253,33.0728],[-97.1222,33.0678],[-97.1125,33.0719],[-97.1098,33.071],[-97.1086,33.0679],[-97.1063,33.0676],[-97.0973,33.0737],[-97.0942,33.0739],[-97.0914,33.0701],[-97.0869,33.0693],[-97.0828,33.0711],[-97.0705,33.0716],[-97.0651,33.0662],[-97.0612,33.0645],[-97.059,33.0649],[-97.0561,33.0697],[-97.0518,33.0708],[-97.0485,33.0664],[-97.0455,33.0658],[-97.0428,33.0695],[-97.0359,33.0687],[-97.031,33.0713],[-97.0186,33.0724],[-97.016,33.0706],[-97.0065,33.0737],[-97.0032,33.0743],[-97.0002,33.0725],[-96.9984,33.0739],[-96.998,33.0776],[-96.99,33.0891],[-96.9964,33.0964],[-96.9954,33.0999],[-97.0121,33.1091],[-97.0176,33.1068],[-97.0187,33.1092],[-97.0238,33.1125],[-97.024,33.1154],[-97.0371,33.124],[-97.0397,33.1276],[-97.042,33.1289],[-97.0515,33.1273],[-97.0552,33.1338],[-97.0583,33.1331],[-97.0644,33.138],[-97.0649,33.1409],[-97.0697,33.1439],[-97.0734,33.1432],[-97.0766,33.1453],[-97.0776,33.1508],[-97.0807,33.1543],[-97.0895,33.1565],[-97.0888,33.1603],[-97.0905,33.1623],[-97.0956,33.161],[-97.0987,33.1638],[-97.1049,33.1655],[-97.1024,33.168],[-97.1024,33.1703],[-97.1068,33.1734],[-97.1121,33.1733],[-97.1145,33.1778],[-97.1127,33.1838],[-97.1159,33.1853],[-97.1158,33.1869],[-97.1201,33.1903],[-97.1195,33.1934],[-97.1308,33.1928],[-97.1346,33.1963],[-97.1399,33.1977],[-97.1423,33.2019],[-97.1465,33.2025],[-97.1516,33.2088],[-97.1521,33.2151],[-97.1564,33.2164],[-97.1661,33.2259],[-97.1729,33.2272],[-97.174,33.2306],[-97.1718,33.2331],[-97.1792,33.2457],[-97.1781,33.2557],[-97.1838,33.2559],[-97.1882,33.2621],[-97.1939,33.262],[-97.2008,33.2668],[-97.2006,33.2714],[-97.2052,33.2777],[-97.215,33.2771],[-97.2207,33.2806],[-97.2251,33.2808],[-97.2322,33.2859],[-97.2363,33.2947],[-97.243,33.2946],[-97.246,33.2966],[-97.2471,33.3035],[-97.2526,33.3052],[-97.2496,33.3084],[-97.2495,33.3108],[-97.2561,33.3216],[-97.2737,33.3293],[-97.2796,33.3352],[-97.2842,33.3318],[-97.2928,33.329],[-97.2989,33.3328],[-97.3032,33.3327],[-97.3057,33.3349],[-97.3073,33.3403],[-97.3147,33.3471],[-97.3167,33.3532],[-97.3215,33.3543],[-97.3278,33.3587],[-97.3324,33.3576],[-97.3352,33.3672],[-97.3397,33.3677],[-97.3446,33.3723],[-97.3506,33.372],[-97.357,33.3676],[-97.3611,33.3693],[-97.3653,33.3673],[-97.3747,33.3732],[-97.3784,33.372],[-97.3861,33.373],[-97.3893,33.3777],[-97.3945,33.3774]]]},"properties":{"objectid":4250,"tnmid":"{532AFFDE-D2CD-488F-BD3F-3CCCBE032383}","metasourceid":"{511D2AC8-11BA-45FC-AB98-F69D693D4C44}","sourcedatadesc":"Watershed Boundary Dataset (WBD)","sourceoriginator":"Natural Resources and Conservation Service and U.S. Geological Survey","sourcefeatureid":null,"loaddate":1723726881000,"referencegnis_ids":"1374054,1385437","areaacres":114285.71,"areasqkm":462.5,"states":"TX","huc10":"1203010308","name":"Hickory Creek-Little Elm Reservoir","hutype":"S","humod":null,"globalid":"{18EE1B17-E29C-11E2-8094-0021280458E6}","shape_Length":163799.86337575983,"shape_Area":662438109.6654149}},{"type":"Feature","id":4251,"geometry":{"type":"Polygon","coordinates":[[[-96.7648,33.3043],[-96.7652,33.3069],[-96.7601,33.31],[-96.7589,33.3136],[-96.7609,33.3177],[-96.7584,33.3206],[-96.7578,33.3252],[-96.7602,33.3273],[-96.7574,33.3301],[-96.7596,33.3351],[-96.7687,33.3386],[-96.7716,33.3359],[-96.7726,33.3306],[-96.7761,33.3267],[-96.7824,33.3238],[-96.7887,33.3167],[-96.7967,33.3129],[-96.7993,33.3094],[-96.8023,33.309],[-96.8034,33.3036],[-96.8076,33.3049],[-96.8214,33.3046],[-96.8277,33.3074],[-96.8341,33.3051],[-96.8385,33.3055],[-96.8408,33.3012],[-96.8464,33.2996],[-96.8475,33.2967],[-96.8519,33.2954],[-96.8527,33.2923],[-96.8588,33.29],[-96.8607,33.2847],[-96.8665,33.2814],[-96.8825,33.2665],[-96.8827,33.2633],[-96.8881,33.2576],[-96.8948,33.2557],[-96.9052,33.2486],[-96.9074,33.2418],[-96.9156,33.2372],[-96.9165,33.2319],[-96.9303,33.22],[-96.9335,33.2137],[-96.9414,33.2108],[-96.9469,33.2049],[-96.9472,33.1968],[-96.9433,33.1903],[-96.9437,33.1821],[-96.9521,33.177],[-96.9562,33.1778],[-96.9603,33.1832],[-96.9689,33.1841],[-96.974,33.1911],[-96.979,33.1917],[-96.9806,33.1941],[-96.9779,33.2003],[-96.9738,33.2031],[-96.971,33.2077],[-96.971,33.2106],[-96.9738,33.2133],[-96.9709,33.2174],[-96.9734,33.233],[-96.9701,33.2464],[-96.9728,33.2588],[-96.9727,33.2686],[-96.9747,33.2726],[-96.9802,33.2732],[-96.9809,33.2775],[-96.9829,33.2796],[-96.9959,33.283],[-96.9983,33.2863],[-97.0101,33.278],[-97.0167,33.2758],[-97.0179,33.2729],[-97.0244,33.2743],[-97.0292,33.2704],[-97.0316,33.2758],[-97.0375,33.2785],[-97.0417,33.2749],[-97.0469,33.275],[-97.0481,33.2646],[-97.0498,33.2625],[-97.0542,33.2616],[-97.0628,33.2641],[-97.0904,33.2661],[-97.097,33.2635],[-97.0971,33.2603],[-97.0995,33.2596],[-97.1165,33.2643],[-97.1204,33.2575],[-97.1269,33.2583],[-97.1337,33.2634],[-97.1404,33.2638],[-97.1466,33.255],[-97.1459,33.2532],[-97.1508,33.2554],[-97.1524,33.2582],[-97.1564,33.2559],[-97.1563,33.2529],[-97.16,33.2506],[-97.1629,33.2518],[-97.1713,33.2505],[-97.1728,33.2531],[-97.1781,33.2557],[-97.1792,33.2457],[-97.1718,33.2331],[-97.174,33.2306],[-97.1729,33.2272],[-97.1661,33.2259],[-97.1564,33.2164],[-97.1521,33.2151],[-97.1516,33.2088],[-97.1465,33.2025],[-97.1423,33.2019],[-97.1407,33.1982],[-97.1346,33.1963],[-97.1308,33.1928],[-97.1195,33.1934],[-97.1201,33.1903],[-97.1158,33.1869],[-97.1159,33.1853],[-97.1127,33.1838],[-97.1145,33.1778],[-97.1121,33.1733],[-97.1068,33.1734],[-97.1024,33.1703],[-97.1024,33.168],[-97.1049,33.1655],[-97.0987,33.1638],[-97.0956,33.161],[-97.0905,33.1623],[-97.0888,33.1603],[-97.0895,33.1565],[-97.0807,33.1543],[-97.0776,33.1508],[-97.0766,33.1453],[-97.0734,33.1432],[-97.0697,33.1439],[-97.0649,33.1409],[-97.0644,33.138],[-97.0583,33.1331],[-97.0552,33.1338],[-97.0515,33.1273],[-97.042,33.1289],[-97.0397,33.1276],[-97.0371,33.124],[-97.024,33.1154],[-97.0238,33.1125],[-97.0187,33.1092],[-97.0176,33.1068],[-97.0121,33.1091],[-96.9954,33.0999],[-96.9964,33.0964],[-96.99,33.0891],[-96.998,33.0776],[-96.9984,33.0739],[-97.0002,33.0725],[-97.0032,33.0743],[-97.0065,33.0737],[-97.016,33.0706],[-96.9889,33.0645],[-96.9487,33.0722],[-96.9319,33.0673],[-96.9054,33.0663],[-96.8991,33.0638],[-96.8931,33.0638],[-96.868,33.0682],[-96.8637,33.0719],[-96.8599,33.079],[-96.8493,33.0837],[-96.8486,33.0816],[-96.8446,33.0808],[-96.8427,33.0823],[-96.836,33.0824],[-96.8305,33.0844],[-96.8237,33.081],[-96.8192,33.0819],[-96.8145,33.0866],[-96.8135,33.0918],[-96.8148,33.0955],[-96.812,33.1029],[-96.8157,33.1115],[-96.8155,33.1144],[-96.8089,33.1199],[-96.8002,33.1187],[-96.7976,33.1219],[-96.7976,33.1248],[-96.7934,33.1262],[-96.7914,33.1303],[-96.7878,33.1331],[-96.789,33.135],[-96.7872,33.1411],[-96.7898,33.1505],[-96.789,33.1537],[-96.786,33.1559],[-96.7811,33.156],[-96.7787,33.1631],[-96.7699,33.1686],[-96.771,33.1767],[-96.7696,33.1892],[-96.7627,33.1938],[-96.7598,33.1986],[-96.7676,33.2079],[-96.7682,33.2195],[-96.7741,33.2227],[-96.7757,33.2304],[-96.7807,33.2302],[-96.782,33.2327],[-96.785,33.2332],[-96.7855,33.2358],[-96.7823,33.2415],[-96.7836,33.2438],[-96.7767,33.2459],[-96.7742,33.248],[-96.7727,33.2527],[-96.7789,33.2586],[-96.7713,33.2615],[-96.77,33.2635],[-96.7713,33.2693],[-96.7676,33.2716],[-96.7667,33.277],[-96.7687,33.2813],[-96.7633,33.2913],[-96.767,33.2957],[-96.7648,33.3043]]]},"properties":{"objectid":4251,"tnmid":"{6473219B-20DE-4821-9E6F-84735058DD0D}","metasourceid":"{511D2AC8-11BA-45FC-AB98-F69D693D4C44}","sourcedatadesc":"Watershed Boundary Dataset (WBD)","sourceoriginator":"Natural Resources and Conservation Service and U.S. Geological Survey","sourcefeatureid":null,"loaddate":1723726881000,"referencegnis_ids":"1373653,1385437","areaacres":154734.78,"areasqkm":626.19,"states":"TX","huc10":"1203010309","name":"Elm Fork Trinity River-Little Elm Reservoir","hutype":"S","humod":null,"globalid":"{18EE325E-E29C-11E2-8094-0021280458E6}","shape_Length":193727.87170519124,"shape_Area":896502979.8679528}},{"type":"Feature","id":4252,"geometry":{"type":"Polygon","coordinates":[[[-96.8269,33.0828],[-96.8305,33.0844],[-96.836,33.0824],[-96.8427,33.0823],[-96.8446,33.0808],[-96.8486,33.0816],[-96.8493,33.0837],[-96.8599,33.079],[-96.8637,33.0719],[-96.868,33.0682],[-96.8931,33.0638],[-96.8991,33.0638],[-96.9054,33.0663],[-96.9319,33.0673],[-96.9502,33.0722],[-96.9889,33.0645],[-97.0135,33.0692],[-97.0186,33.0724],[-97.031,33.0713],[-97.0359,33.0687],[-97.0428,33.0695],[-97.0455,33.0658],[-97.0485,33.0664],[-97.0518,33.0708],[-97.0561,33.0697],[-97.059,33.0649],[-97.0612,33.0645],[-97.0651,33.0662],[-97.0705,33.0716],[-97.0828,33.0711],[-97.0869,33.0693],[-97.0914,33.0701],[-97.0942,33.0739],[-97.0973,33.0737],[-97.1063,33.0676],[-97.1086,33.0679],[-97.1098,33.071],[-97.1125,33.0719],[-97.1226,33.0679],[-97.1253,33.0728],[-97.1269,33.069],[-97.1329,33.0642],[-97.1345,33.0597],[-97.1276,33.0535],[-97.1284,33.0501],[-97.1251,33.0466],[-97.1187,33.0457],[-97.1123,33.0481],[-97.1037,33.0457],[-97.0987,33.039],[-97.0906,33.0366],[-97.0903,33.0326],[-97.0941,33.0265],[-97.0899,33.0255],[-97.0881,33.0229],[-97.0787,33.0213],[-97.0781,33.0166],[-97.0737,33.0119],[-97.0722,33.0113],[-97.0663,33.0149],[-97.0609,33.015],[-97.0577,33.0186],[-97.0477,33.0163],[-97.0399,33.0173],[-97.0345,33.0115],[-97.0249,33.0086],[-97.0226,33.01],[-97.0202,33.0087],[-97.0172,33.0093],[-97.0104,33.0053],[-96.9999,33.0072],[-96.996,33],[-96.9939,33],[-96.9906,33.0035],[-96.9853,33.0045],[-96.9822,32.999],[-96.9764,32.9954],[-96.9658,32.993],[-96.9451,32.9811],[-96.9402,32.975],[-96.9406,32.9719],[-96.9446,32.9702],[-96.9474,32.9659],[-96.9608,32.965],[-96.9634,32.9605],[-96.9682,32.9598],[-96.9757,32.966],[-96.9858,32.967],[-96.9901,32.9644],[-96.9942,32.9653],[-97.0066,32.9619],[-97.0142,32.958],[-97.02,32.9578],[-97.0273,32.9552],[-97.0338,32.9473],[-97.0351,32.9412],[-97.0392,32.9387],[-97.0419,32.9327],[-97.0459,32.9307],[-97.0487,32.9249],[-97.0517,32.9253],[-97.0547,32.9207],[-97.065,32.9165],[-97.065,32.9143],[-97.0503,32.9004],[-97.0482,32.9001],[-97.0434,32.9058],[-97.0369,32.9035],[-97.0329,32.8934],[-97.0321,32.886],[-97.0201,32.8757],[-97.0127,32.8746],[-97.0072,32.8701],[-97.0015,32.8603],[-96.995,32.8595],[-96.9922,32.8552],[-96.9846,32.8551],[-96.9831,32.8492],[-96.9751,32.8507],[-96.9749,32.8551],[-96.971,32.8586],[-96.9686,32.8553],[-96.9564,32.8583],[-96.9571,32.854],[-96.9446,32.8497],[-96.9445,32.845],[-96.9425,32.8417],[-96.9443,32.8386],[-96.9445,32.8283],[-96.94,32.8211],[-96.9401,32.8161],[-96.9379,32.8104],[-96.9292,32.8074],[-96.9202,32.8109],[-96.9122,32.8035],[-96.906,32.8032],[-96.9054,32.8006],[-96.8982,32.7983],[-96.8995,32.8059],[-96.9039,32.8096],[-96.904,32.8142],[-96.8865,32.8318],[-96.8843,32.8374],[-96.8753,32.8406],[-96.8703,32.8392],[-96.8628,32.8477],[-96.8469,32.8531],[-96.842,32.8532],[-96.832,32.8574],[-96.8248,32.8558],[-96.8225,32.8575],[-96.8182,32.8578],[-96.8126,32.8541],[-96.81,32.854],[-96.8053,32.8566],[-96.802,32.8656],[-96.7968,32.8689],[-96.7973,32.8768],[-96.7941,32.8806],[-96.7921,32.8865],[-96.7918,32.8895],[-96.7943,32.8958],[-96.8036,32.9001],[-96.8039,32.9078],[-96.8074,32.91],[-96.8075,32.914],[-96.8025,32.9219],[-96.8049,32.9279],[-96.8108,32.9313],[-96.8202,32.9329],[-96.8198,32.9446],[-96.8265,32.9527],[-96.8299,32.9646],[-96.8327,32.9653],[-96.8367,32.9638],[-96.8386,32.9653],[-96.8339,32.9715],[-96.8315,32.9799],[-96.8363,32.9858],[-96.8433,32.99],[-96.8484,32.9998],[-96.8469,33.0022],[-96.8423,33.0034],[-96.8363,33.0078],[-96.835,33.0174],[-96.8404,33.0218],[-96.8418,33.026],[-96.8329,33.0315],[-96.8317,33.0374],[-96.8258,33.0427],[-96.8258,33.0533],[-96.8234,33.0598],[-96.8255,33.0685],[-96.8215,33.0807],[-96.8269,33.0828]]]},"properties":{"objectid":4252,"tnmid":"{E3DA9142-1855-434F-B2FF-9F4735829D67}","metasourceid":"{511D2AC8-11BA-45FC-AB98-F69D693D4C44}","sourcedatadesc":"Watershed Boundary Dataset (WBD)","sourceoriginator":"Natural Resources and Conservation Service and U.S. Geological Survey","sourcefeatureid":null,"loaddate":1723726881000,"referencegnis_ids":"1376462,1373653","areaacres":126685.95,"areasqkm":512.68,"states":"TX","huc10":"1203010310","name":"Timber Creek-Elm Fork Trinity River","hutype":"S","humod":null,"globalid":"{18EE5111-E29C-11E2-8094-0021280458E6}","shape_Length":179214.35076432797,"shape_Area":730207211.2456611}},{"type":"Feature","id":4394,"geometry":{"type":"Polygon","coordinates":[[[-96.7785,33.1351],[-96.7841,33.1402],[-96.7872,33.1411],[-96.789,33.1361],[-96.7878,33.1331],[-96.7914,33.1303],[-96.7934,33.1262],[-96.7976,33.1248],[-96.799,33.1196],[-96.8017,33.1183],[-96.8089,33.1199],[-96.8155,33.1144],[-96.8157,33.1115],[-96.8119,33.1042],[-96.8148,33.0955],[-96.8136,33.0902],[-96.8145,33.0866],[-96.8215,33.0807],[-96.8248,33.0737],[-96.8255,33.0672],[-96.8234,33.0579],[-96.8258,33.0533],[-96.8258,33.0427],[-96.8317,33.0374],[-96.8329,33.0315],[-96.8418,33.026],[-96.8404,33.0218],[-96.835,33.0174],[-96.8363,33.0078],[-96.8484,33.0006],[-96.8433,32.99],[-96.8363,32.9858],[-96.8315,32.9799],[-96.8339,32.9715],[-96.8386,32.9653],[-96.8367,32.9638],[-96.8327,32.9653],[-96.8299,32.9646],[-96.8265,32.9527],[-96.8198,32.9446],[-96.8202,32.9329],[-96.8108,32.9313],[-96.8053,32.9284],[-96.8025,32.9219],[-96.8075,32.914],[-96.8074,32.91],[-96.8039,32.9078],[-96.8036,32.9001],[-96.7943,32.8958],[-96.7918,32.8895],[-96.7941,32.8806],[-96.7973,32.8768],[-96.7968,32.8689],[-96.802,32.8656],[-96.8053,32.8566],[-96.81,32.854],[-96.8126,32.8541],[-96.8182,32.8578],[-96.8225,32.8575],[-96.8248,32.8558],[-96.832,32.8574],[-96.842,32.8532],[-96.8469,32.8531],[-96.8628,32.8477],[-96.8703,32.8392],[-96.8753,32.8406],[-96.8834,32.838],[-96.8865,32.8318],[-96.9031,32.8161],[-96.9043,32.811],[-96.9025,32.8073],[-96.8995,32.8059],[-96.8982,32.7962],[-96.9071,32.7948],[-96.9116,32.7844],[-96.9241,32.7798],[-96.9249,32.7686],[-96.9235,32.7659],[-96.9167,32.7614],[-96.916,32.7576],[-96.913,32.7565],[-96.909,32.7515],[-96.9079,32.745],[-96.9011,32.7364],[-96.9008,32.7267],[-96.9023,32.7229],[-96.9094,32.7209],[-96.9122,32.7186],[-96.9139,32.7134],[-96.9239,32.7062],[-96.9242,32.7035],[-96.9152,32.6969],[-96.9174,32.6907],[-96.9199,32.6886],[-96.9129,32.6851],[-96.9147,32.6816],[-96.9129,32.6754],[-96.9084,32.6702],[-96.9045,32.6696],[-96.9001,32.6629],[-96.8951,32.6587],[-96.8867,32.6548],[-96.8864,32.6503],[-96.8795,32.6482],[-96.8776,32.646],[-96.8709,32.6458],[-96.8671,32.6437],[-96.8652,32.6403],[-96.8633,32.6414],[-96.8616,32.6393],[-96.8529,32.6395],[-96.8506,32.643],[-96.8467,32.6406],[-96.8422,32.6409],[-96.8366,32.6334],[-96.832,32.6313],[-96.8258,32.632],[-96.8202,32.6362],[-96.815,32.6301],[-96.8033,32.6254],[-96.8024,32.6302],[-96.7978,32.6315],[-96.7948,32.6278],[-96.7916,32.6269],[-96.7718,32.6125],[-96.7576,32.6224],[-96.7502,32.6188],[-96.7389,32.6183],[-96.7358,32.6167],[-96.7335,32.6179],[-96.7295,32.627],[-96.7287,32.6336],[-96.7237,32.6373],[-96.7226,32.6444],[-96.7124,32.6486],[-96.7083,32.6526],[-96.7067,32.6623],[-96.7002,32.6655],[-96.6979,32.6624],[-96.6934,32.6623],[-96.6906,32.6641],[-96.6925,32.6684],[-96.6913,32.6704],[-96.6848,32.6727],[-96.6854,32.6823],[-96.6827,32.6856],[-96.6852,32.6924],[-96.6805,32.7],[-96.6832,32.7042],[-96.683,32.7119],[-96.6795,32.7174],[-96.6802,32.7278],[-96.6832,32.7313],[-96.681,32.7378],[-96.6786,32.7391],[-96.6769,32.7464],[-96.6802,32.7502],[-96.6809,32.7565],[-96.6828,32.7584],[-96.6814,32.7633],[-96.6786,32.7641],[-96.678,32.7664],[-96.6797,32.7704],[-96.6833,32.7735],[-96.6862,32.7848],[-96.6847,32.7887],[-96.6813,32.7905],[-96.6819,32.7949],[-96.6802,32.7989],[-96.6777,32.7999],[-96.6729,32.7989],[-96.6709,32.8051],[-96.6657,32.8107],[-96.6639,32.8225],[-96.6615,32.8248],[-96.6635,32.8277],[-96.6623,32.8323],[-96.6672,32.835],[-96.667,32.8397],[-96.6717,32.8492],[-96.6701,32.8542],[-96.6733,32.86],[-96.6721,32.8617],[-96.6785,32.8679],[-96.6784,32.8783],[-96.6807,32.88],[-96.6817,32.8847],[-96.6923,32.8936],[-96.6877,32.9097],[-96.6987,32.9121],[-96.7011,32.9173],[-96.7007,32.9207],[-96.7047,32.9242],[-96.7051,32.931],[-96.714,32.9376],[-96.7197,32.9395],[-96.7175,32.9445],[-96.7202,32.9534],[-96.7233,32.9578],[-96.7227,32.9642],[-96.7245,32.9684],[-96.7299,32.9678],[-96.7302,32.971],[-96.7341,32.9737],[-96.7341,32.9774],[-96.741,32.9797],[-96.743,32.9836],[-96.7413,32.9866],[-96.742,32.9905],[-96.7545,32.9971],[-96.7633,33.0081],[-96.7671,33.0096],[-96.7677,33.0131],[-96.7644,33.0185],[-96.7655,33.0214],[-96.7703,33.0209],[-96.7722,33.024],[-96.7759,33.0246],[-96.7777,33.0276],[-96.7785,33.0343],[-96.777,33.0404],[-96.7684,33.0465],[-96.7687,33.0502],[-96.7645,33.0576],[-96.7731,33.0864],[-96.7718,33.0894],[-96.7627,33.0924],[-96.7625,33.101],[-96.7642,33.1088],[-96.7715,33.1252],[-96.7678,33.1328],[-96.7743,33.1358],[-96.7785,33.1351]]]},"properties":{"objectid":4394,"tnmid":"{229B0057-8322-4D64-8269-1ED4811D2D84}","metasourceid":"{511D2AC8-11BA-45FC-AB98-F69D693D4C44}","sourcedatadesc":"Watershed Boundary Dataset (WBD)","sourceoriginator":"Natural Resources and Conservation Service and U.S. Geological Survey","sourcefeatureid":null,"loaddate":1723726881000,"referencegnis_ids":"1348789","areaacres":184906.31,"areasqkm":748.29,"states":"TX","huc10":"1203010501","name":"Headwaters Trinity River","hutype":"S","humod":null,"globalid":"{18EEBC2E-E29C-11E2-8094-0021280458E6}","shape_Length":203002.8323263907,"shape_Area":1062395416.8907735}},{"type":"Feature","id":4448,"geometry":{"type":"Polygon","coordinates":[[[-97.4358,33.4005],[-97.4382,33.4017],[-97.4444,33.4],[-97.4516,33.3941],[-97.4542,33.3939],[-97.4552,33.3903],[-97.4584,33.3897],[-97.4613,33.3851],[-97.4634,33.3735],[-97.4653,33.3714],[-97.4657,33.3607],[-97.4635,33.3509],[-97.4679,33.3452],[-97.4719,33.3436],[-97.4754,33.338],[-97.4803,33.3355],[-97.4914,33.3339],[-97.5,33.3402],[-97.5114,33.3415],[-97.5164,33.3478],[-97.5209,33.3468],[-97.5236,33.3507],[-97.5283,33.3511],[-97.5314,33.3489],[-97.5355,33.3487],[-97.5388,33.3532],[-97.549,33.3571],[-97.5511,33.3541],[-97.5581,33.3526],[-97.5628,33.3553],[-97.5684,33.3555],[-97.5704,33.3575],[-97.5752,33.3541],[-97.5779,33.3558],[-97.5811,33.3541],[-97.5822,33.3552],[-97.5804,33.3573],[-97.5842,33.3623],[-97.5909,33.3595],[-97.5912,33.3573],[-97.5968,33.3561],[-97.6023,33.3572],[-97.6089,33.3654],[-97.6146,33.3616],[-97.6183,33.3627],[-97.6201,33.3539],[-97.6188,33.3493],[-97.6134,33.3429],[-97.6167,33.3367],[-97.6124,33.3375],[-97.6104,33.3354],[-97.6103,33.3283],[-97.613,33.3274],[-97.6129,33.3225],[-97.6061,33.3185],[-97.6067,33.3149],[-97.6095,33.3131],[-97.6061,33.3073],[-97.6103,33.3056],[-97.6106,33.303],[-97.6068,33.298],[-97.5998,33.2965],[-97.5982,33.2927],[-97.5992,33.2902],[-97.5981,33.2871],[-97.6055,33.2787],[-97.5976,33.2742],[-97.5961,33.2655],[-97.5935,33.265],[-97.5942,33.2566],[-97.5849,33.2492],[-97.5866,33.2339],[-97.5834,33.2327],[-97.5776,33.2345],[-97.5739,33.2204],[-97.5691,33.2184],[-97.5679,33.2019],[-97.5632,33.2006],[-97.5523,33.1871],[-97.5511,33.1823],[-97.5465,33.1791],[-97.5478,33.1714],[-97.5446,33.1672],[-97.547,33.1633],[-97.5466,33.1616],[-97.5351,33.1584],[-97.5325,33.1563],[-97.5303,33.151],[-97.5248,33.1525],[-97.522,33.1513],[-97.52,33.1538],[-97.5086,33.1527],[-97.5059,33.1424],[-97.5079,33.1381],[-97.5055,33.1314],[-97.5059,33.1278],[-97.5013,33.1249],[-97.4991,33.1273],[-97.4956,33.128],[-97.4936,33.1262],[-97.4916,33.1284],[-97.4891,33.1279],[-97.483,33.124],[-97.4824,33.1203],[-97.4753,33.1081],[-97.4716,33.1085],[-97.4683,33.1043],[-97.4648,33.1053],[-97.4582,33.1016],[-97.4528,33.1009],[-97.4476,33.0955],[-97.4386,33.096],[-97.4306,33.1],[-97.4176,33.0986],[-97.4129,33.1015],[-97.4073,33.1024],[-97.4054,33.1073],[-97.3996,33.1083],[-97.3938,33.1065],[-97.3841,33.1082],[-97.3788,33.1126],[-97.3746,33.1132],[-97.3661,33.106],[-97.3554,33.1029],[-97.3435,33.0963],[-97.3418,33.0967],[-97.3406,33.0999],[-97.3381,33.0978],[-97.3314,33.0965],[-97.3293,33.0927],[-97.3269,33.0918],[-97.3249,33.0947],[-97.3222,33.095],[-97.3163,33.0995],[-97.3094,33.1006],[-97.2988,33.0956],[-97.2944,33.095],[-97.2933,33.0964],[-97.2859,33.0968],[-97.2776,33.1039],[-97.2763,33.1071],[-97.2734,33.1063],[-97.2706,33.1085],[-97.2607,33.1084],[-97.2569,33.1139],[-97.2534,33.1153],[-97.2522,33.119],[-97.2408,33.1249],[-97.2353,33.1341],[-97.2382,33.1386],[-97.2365,33.1497],[-97.245,33.1542],[-97.2448,33.1594],[-97.2422,33.163],[-97.2455,33.1658],[-97.2451,33.1715],[-97.2565,33.1753],[-97.2625,33.1726],[-97.2678,33.1736],[-97.2686,33.1764],[-97.2757,33.1828],[-97.289,33.186],[-97.2975,33.1913],[-97.3105,33.1939],[-97.313,33.2031],[-97.316,33.2058],[-97.3181,33.2109],[-97.3219,33.2131],[-97.3272,33.2129],[-97.3287,33.2167],[-97.3321,33.2185],[-97.3311,33.2312],[-97.334,33.2368],[-97.3376,33.2382],[-97.3364,33.2456],[-97.3447,33.2501],[-97.344,33.2547],[-97.3461,33.2594],[-97.3527,33.2621],[-97.3552,33.2611],[-97.3646,33.2667],[-97.366,33.2693],[-97.3658,33.2823],[-97.3676,33.2879],[-97.366,33.295],[-97.373,33.2985],[-97.3783,33.3045],[-97.387,33.308],[-97.3849,33.323],[-97.3871,33.3295],[-97.3993,33.3426],[-97.4017,33.3475],[-97.4049,33.3479],[-97.4078,33.3507],[-97.4051,33.3547],[-97.406,33.3592],[-97.4024,33.364],[-97.4038,33.367],[-97.4026,33.3698],[-97.4035,33.3745],[-97.4051,33.3775],[-97.4029,33.3832],[-97.4092,33.3872],[-97.4137,33.3866],[-97.4185,33.3918],[-97.4246,33.3907],[-97.4284,33.3938],[-97.4296,33.3977],[-97.4358,33.4005]]]},"properties":{"objectid":4448,"tnmid":"{9792EEFC-04EA-4262-A084-587AB48040F9}","metasourceid":"{511D2AC8-11BA-45FC-AB98-F69D693D4C44}","sourcedatadesc":"Watershed Boundary Dataset (WBD)","sourceoriginator":"Natural Resources and Conservation Service and U.S. Geological Survey","sourcefeatureid":null,"loaddate":1723726881000,"referencegnis_ids":"1383076","areaacres":162611.01,"areasqkm":658.06,"states":"TX","huc10":"1203010402","name":"Middle Denton Creek","hutype":"S","humod":null,"globalid":"{18EE8713-E29C-11E2-8094-0021280458E6}","shape_Length":169402.6132285452,"shape_Area":943004448.5691559}},{"type":"Feature","id":4463,"geometry":{"type":"Polygon","coordinates":[[[-97.2192,33.1236],[-97.2222,33.1283],[-97.2319,33.1307],[-97.2353,33.1341],[-97.2408,33.1249],[-97.2522,33.119],[-97.2534,33.1153],[-97.2569,33.1139],[-97.2621,33.1077],[-97.2701,33.1085],[-97.2734,33.1063],[-97.2763,33.1071],[-97.2776,33.1039],[-97.2854,33.0971],[-97.2933,33.0964],[-97.2944,33.095],[-97.2988,33.0956],[-97.3087,33.1006],[-97.3163,33.0995],[-97.3222,33.095],[-97.3249,33.0947],[-97.3269,33.0918],[-97.3293,33.0927],[-97.3314,33.0965],[-97.3381,33.0978],[-97.3406,33.0999],[-97.3418,33.0967],[-97.3435,33.0963],[-97.3554,33.1029],[-97.3661,33.106],[-97.3742,33.1132],[-97.3788,33.1126],[-97.3841,33.1082],[-97.3938,33.1065],[-97.3996,33.1083],[-97.4054,33.1073],[-97.4073,33.1024],[-97.4129,33.1015],[-97.4176,33.0986],[-97.4306,33.1],[-97.4432,33.0952],[-97.4476,33.0955],[-97.4518,33.1003],[-97.4582,33.1016],[-97.4648,33.1053],[-97.4683,33.1043],[-97.4685,33.1],[-97.4708,33.0984],[-97.4685,33.093],[-97.4728,33.0902],[-97.4704,33.085],[-97.4726,33.083],[-97.4716,33.0784],[-97.4737,33.0686],[-97.4687,33.0581],[-97.4722,33.0525],[-97.4677,33.0466],[-97.4622,33.0458],[-97.4559,33.0412],[-97.4546,33.0393],[-97.4555,33.035],[-97.4525,33.0324],[-97.4489,33.0322],[-97.441,33.0193],[-97.4373,33.0194],[-97.4304,33.0166],[-97.4289,33.0116],[-97.4246,33.0104],[-97.419,33.0047],[-97.4193,32.9958],[-97.4172,32.9935],[-97.4121,32.9922],[-97.4091,32.9878],[-97.4092,32.981],[-97.4071,32.9782],[-97.412,32.9705],[-97.4116,32.9643],[-97.4092,32.9593],[-97.4118,32.955],[-97.4055,32.9525],[-97.3991,32.9452],[-97.3882,32.9412],[-97.3817,32.9439],[-97.3721,32.94],[-97.3686,32.9405],[-97.3634,32.944],[-97.3576,32.9416],[-97.352,32.9445],[-97.3441,32.9379],[-97.3387,32.9425],[-97.3333,32.9408],[-97.3294,32.9428],[-97.3232,32.9412],[-97.3076,32.9493],[-97.3,32.944],[-97.295,32.9426],[-97.2923,32.9433],[-97.2908,32.9476],[-97.2868,32.9451],[-97.2781,32.9436],[-97.2773,32.9484],[-97.2719,32.9565],[-97.2715,32.9542],[-97.2643,32.9504],[-97.2575,32.9507],[-97.2516,32.9532],[-97.2511,32.9546],[-97.2421,32.9524],[-97.2391,32.9534],[-97.2323,32.9523],[-97.2312,32.955],[-97.222,32.9618],[-97.2218,32.9643],[-97.2175,32.9658],[-97.2148,32.9571],[-97.21,32.9571],[-97.206,32.9593],[-97.1965,32.9587],[-97.1946,32.956],[-97.1883,32.9544],[-97.1886,32.949],[-97.1804,32.9468],[-97.1785,32.9446],[-97.1734,32.9478],[-97.1719,32.9509],[-97.1661,32.951],[-97.1638,32.9527],[-97.1601,32.9491],[-97.1553,32.9499],[-97.1542,32.9518],[-97.1522,32.9455],[-97.1491,32.9433],[-97.1468,32.9435],[-97.1455,32.9466],[-97.1432,32.9454],[-97.1366,32.9481],[-97.1281,32.9413],[-97.1253,32.9347],[-97.1219,32.9355],[-97.1179,32.9336],[-97.1143,32.9363],[-97.1065,32.9347],[-97.1021,32.9359],[-97.1,32.9322],[-97.0949,32.9314],[-97.0928,32.9279],[-97.0891,32.9286],[-97.087,32.9321],[-97.0843,32.9321],[-97.0805,32.9285],[-97.0776,32.9212],[-97.0698,32.9169],[-97.065,32.9165],[-97.0547,32.9207],[-97.0517,32.9253],[-97.0487,32.9249],[-97.0459,32.9307],[-97.0419,32.9327],[-97.0392,32.9387],[-97.0351,32.9412],[-97.0338,32.9473],[-97.0273,32.9552],[-97.02,32.9578],[-97.0142,32.958],[-97.0066,32.9619],[-96.9942,32.9653],[-96.9901,32.9644],[-96.9858,32.967],[-96.9757,32.966],[-96.9672,32.9597],[-96.9634,32.9605],[-96.9608,32.965],[-96.9474,32.9659],[-96.9446,32.9702],[-96.94,32.9725],[-96.9402,32.975],[-96.9491,32.9845],[-96.9658,32.993],[-96.9764,32.9954],[-96.9822,32.999],[-96.9853,33.0045],[-96.9906,33.0035],[-96.9939,33],[-96.996,33],[-96.9999,33.0072],[-97.0104,33.0053],[-97.0172,33.0093],[-97.0202,33.0087],[-97.0226,33.01],[-97.0249,33.0086],[-97.0345,33.0115],[-97.0399,33.0173],[-97.0477,33.0163],[-97.0577,33.0186],[-97.0609,33.015],[-97.0663,33.0149],[-97.0722,33.0113],[-97.0737,33.0119],[-97.0781,33.0166],[-97.0787,33.0213],[-97.0881,33.0229],[-97.0899,33.0255],[-97.0941,33.0265],[-97.0903,33.0326],[-97.0906,33.0366],[-97.0987,33.039],[-97.1029,33.0452],[-97.1123,33.0481],[-97.1187,33.0457],[-97.1251,33.0466],[-97.1284,33.0501],[-97.1276,33.0535],[-97.1343,33.059],[-97.1331,33.0637],[-97.1388,33.065],[-97.1459,33.0714],[-97.1479,33.0757],[-97.1471,33.0811],[-97.1493,33.0864],[-97.1553,33.0862],[-97.1562,33.0894],[-97.1592,33.0901],[-97.1613,33.0945],[-97.1675,33.0928],[-97.1791,33.1042],[-97.1834,33.1042],[-97.1859,33.1062],[-97.19,33.1037],[-97.1967,33.1047],[-97.1973,33.1074],[-97.2,33.1072],[-97.205,33.1128],[-97.2071,33.1226],[-97.2126,33.1245],[-97.2192,33.1236]]]},"properties":{"objectid":4463,"tnmid":"{7AE27700-6080-41BB-8855-4DFF58118B43}","metasourceid":"{511D2AC8-11BA-45FC-AB98-F69D693D4C44}","sourcedatadesc":"Watershed Boundary Dataset (WBD)","sourceoriginator":"Natural Resources and Conservation Service and U.S. Geological Survey","sourcefeatureid":null,"loaddate":1723726881000,"referencegnis_ids":"1383076","areaacres":156486.11,"areasqkm":633.28,"states":"TX","huc10":"1203010403","name":"Lower Denton Creek","hutype":"S","humod":null,"globalid":"{18EE9E3C-E29C-11E2-8094-0021280458E6}","shape_Length":182559.67562344484,"shape_Area":903212711.3260221}},{"type":"Feature","id":4464,"geometry":{"type":"Polygon","coordinates":[[[-96.6604,32.7829],[-96.6695,32.7889],[-96.6689,32.7941],[-96.6729,32.7989],[-96.6777,32.7999],[-96.6802,32.7989],[-96.6819,32.7949],[-96.6813,32.7905],[-96.6847,32.7887],[-96.6862,32.7848],[-96.6833,32.7735],[-96.6797,32.7704],[-96.678,32.7664],[-96.6786,32.7641],[-96.6814,32.7633],[-96.6828,32.7584],[-96.6809,32.7565],[-96.6802,32.7502],[-96.6769,32.7464],[-96.6786,32.7391],[-96.681,32.7378],[-96.6832,32.7313],[-96.6802,32.7278],[-96.6795,32.7174],[-96.683,32.7119],[-96.6832,32.7042],[-96.6805,32.7],[-96.6852,32.6924],[-96.6827,32.6856],[-96.6854,32.6823],[-96.6848,32.6727],[-96.6913,32.6704],[-96.6925,32.6684],[-96.6906,32.6641],[-96.6934,32.6623],[-96.6979,32.6624],[-96.7002,32.6655],[-96.7067,32.6623],[-96.7083,32.6526],[-96.7124,32.6486],[-96.7226,32.6444],[-96.7237,32.6373],[-96.7287,32.6336],[-96.7295,32.627],[-96.7335,32.6179],[-96.7358,32.6167],[-96.7389,32.6183],[-96.7502,32.6188],[-96.7576,32.6224],[-96.7718,32.6125],[-96.7916,32.6269],[-96.7948,32.6278],[-96.7978,32.6315],[-96.8024,32.6302],[-96.8033,32.6254],[-96.815,32.6301],[-96.8202,32.6362],[-96.8258,32.632],[-96.8303,32.6311],[-96.8366,32.6334],[-96.8422,32.6409],[-96.8467,32.6406],[-96.8506,32.643],[-96.8532,32.6394],[-96.8616,32.6393],[-96.8633,32.6414],[-96.8652,32.6403],[-96.8671,32.6437],[-96.8709,32.6458],[-96.8776,32.646],[-96.8795,32.6482],[-96.8864,32.6503],[-96.8867,32.6548],[-96.8951,32.6587],[-96.907,32.6708],[-96.91,32.6664],[-96.9167,32.6623],[-96.9289,32.662],[-96.9285,32.657],[-96.932,32.6537],[-96.9354,32.6524],[-96.9401,32.6545],[-96.9409,32.6505],[-96.9471,32.6491],[-96.9483,32.6466],[-96.9556,32.647],[-96.9549,32.6363],[-96.9527,32.6319],[-96.9567,32.6299],[-96.9563,32.626],[-96.961,32.6191],[-96.9586,32.6132],[-96.9542,32.6124],[-96.9493,32.6089],[-96.9524,32.6026],[-96.9583,32.5996],[-96.9589,32.5965],[-96.9634,32.5958],[-96.9618,32.5899],[-96.9594,32.5902],[-96.9558,32.5861],[-96.949,32.5864],[-96.9462,32.5895],[-96.9449,32.5878],[-96.9376,32.5854],[-96.9312,32.5896],[-96.9195,32.5843],[-96.9127,32.585],[-96.9037,32.5803],[-96.8961,32.581],[-96.8944,32.5838],[-96.8921,32.5842],[-96.8878,32.5793],[-96.888,32.5754],[-96.8823,32.5753],[-96.8785,32.5774],[-96.8743,32.5748],[-96.8718,32.5776],[-96.8701,32.5775],[-96.8662,32.5727],[-96.862,32.5717],[-96.8556,32.5662],[-96.8488,32.5696],[-96.849,32.5731],[-96.8463,32.5763],[-96.8404,32.572],[-96.8248,32.5679],[-96.8176,32.5691],[-96.8115,32.5664],[-96.804,32.5671],[-96.7949,32.5644],[-96.7917,32.5655],[-96.7909,32.5628],[-96.7794,32.5575],[-96.7629,32.5554],[-96.7507,32.5471],[-96.748,32.5476],[-96.7439,32.5515],[-96.7352,32.5523],[-96.7333,32.5571],[-96.7265,32.5551],[-96.7223,32.5562],[-96.7175,32.5527],[-96.7134,32.5467],[-96.7079,32.5471],[-96.6996,32.5506],[-96.6942,32.5443],[-96.6906,32.5428],[-96.6808,32.5432],[-96.6772,32.5457],[-96.6695,32.5456],[-96.6679,32.5347],[-96.6624,32.5349],[-96.6611,32.5436],[-96.6598,32.5416],[-96.6544,32.5416],[-96.6514,32.5386],[-96.6439,32.5396],[-96.6402,32.5349],[-96.6358,32.5336],[-96.6334,32.5392],[-96.6333,32.5468],[-96.624,32.5512],[-96.6225,32.5536],[-96.6276,32.5554],[-96.6243,32.5613],[-96.6201,32.5638],[-96.6077,32.5635],[-96.5991,32.5651],[-96.5939,32.5639],[-96.5845,32.5655],[-96.5739,32.5621],[-96.5707,32.5563],[-96.5607,32.5472],[-96.5519,32.5468],[-96.5438,32.5397],[-96.5385,32.5381],[-96.5324,32.5392],[-96.5265,32.536],[-96.5246,32.5238],[-96.5125,32.5027],[-96.5095,32.5],[-96.5016,32.497],[-96.5012,32.4988],[-96.4898,32.5024],[-96.4828,32.5086],[-96.4856,32.5127],[-96.4895,32.5148],[-96.4888,32.523],[-96.4947,32.5276],[-96.4954,32.5334],[-96.4995,32.5359],[-96.4996,32.5374],[-96.4981,32.5435],[-96.486,32.5547],[-96.4888,32.5611],[-96.4874,32.5647],[-96.4841,32.5669],[-96.4842,32.5713],[-96.4975,32.5824],[-96.4976,32.5847],[-96.5051,32.5861],[-96.5086,32.5885],[-96.5136,32.593],[-96.5142,32.5961],[-96.5219,32.6028],[-96.5214,32.6062],[-96.5161,32.6105],[-96.5156,32.6145],[-96.5231,32.6194],[-96.5274,32.6277],[-96.5301,32.6284],[-96.5313,32.6328],[-96.5331,32.634],[-96.5325,32.6362],[-96.5392,32.6378],[-96.5484,32.6436],[-96.5489,32.6483],[-96.5519,32.651],[-96.5523,32.6574],[-96.5563,32.6586],[-96.5581,32.6611],[-96.5621,32.6602],[-96.5632,32.6638],[-96.5788,32.6776],[-96.577,32.6792],[-96.5759,32.6848],[-96.5823,32.6896],[-96.5808,32.6971],[-96.582,32.6999],[-96.5905,32.7052],[-96.5894,32.7095],[-96.5912,32.7121],[-96.5947,32.7128],[-96.5951,32.7176],[-96.5985,32.7193],[-96.6013,32.7238],[-96.6068,32.7226],[-96.6077,32.7248],[-96.6117,32.7265],[-96.6118,32.73],[-96.6165,32.7331],[-96.6236,32.7449],[-96.625,32.751],[-96.6321,32.761],[-96.6383,32.7635],[-96.64,32.7664],[-96.6464,32.7658],[-96.6494,32.7706],[-96.657,32.7743],[-96.657,32.7803],[-96.6583,32.7828],[-96.6604,32.7829]]]},"properties":{"objectid":4464,"tnmid":"{B914C847-1EE8-42E6-948A-A08855D4A7BF}","metasourceid":"{511D2AC8-11BA-45FC-AB98-F69D693D4C44}","sourcedatadesc":"Watershed Boundary Dataset (WBD)","sourceoriginator":"Natural Resources and Conservation Service and U.S. Geological Survey","sourcefeatureid":null,"loaddate":1723726881000,"referencegnis_ids":"1348362,1348789","areaacres":128243.26,"areasqkm":518.98,"states":"TX","huc10":"1203010502","name":"Tenmile Creek-Trinity River","hutype":"S","humod":null,"globalid":"{18EED314-E29C-11E2-8094-0021280458E6}","shape_Length":204687.77758852628,"shape_Area":733654516.2551897}},{"type":"Feature","id":4465,"geometry":{"type":"Polygon","coordinates":[[[-96.9558,32.5861],[-96.9594,32.5902],[-96.9622,32.5894],[-96.9606,32.5764],[-96.9637,32.5744],[-96.9667,32.5678],[-96.9721,32.5619],[-96.9745,32.5539],[-96.9698,32.5515],[-96.9639,32.5528],[-96.9594,32.5403],[-96.9562,32.536],[-96.9499,32.5364],[-96.9455,32.5339],[-96.9429,32.5287],[-96.9387,32.5274],[-96.9363,32.5247],[-96.9359,32.5197],[-96.9278,32.517],[-96.9196,32.5098],[-96.9194,32.5069],[-96.917,32.5048],[-96.9083,32.504],[-96.9047,32.4952],[-96.899,32.4947],[-96.8947,32.492],[-96.891,32.4966],[-96.8872,32.4928],[-96.8922,32.4827],[-96.8879,32.4795],[-96.8837,32.468],[-96.8832,32.4633],[-96.8867,32.458],[-96.8814,32.4536],[-96.8742,32.4534],[-96.8666,32.4403],[-96.8561,32.4454],[-96.8444,32.4406],[-96.8408,32.4381],[-96.8391,32.4341],[-96.8327,32.4294],[-96.8221,32.4147],[-96.8156,32.4178],[-96.805,32.4155],[-96.7941,32.4057],[-96.7808,32.3991],[-96.7755,32.3921],[-96.7683,32.3902],[-96.7612,32.3919],[-96.7599,32.3892],[-96.7569,32.3886],[-96.7546,32.3838],[-96.7484,32.3847],[-96.7467,32.3782],[-96.729,32.3756],[-96.7226,32.3726],[-96.7177,32.3724],[-96.7139,32.3745],[-96.7107,32.3715],[-96.7053,32.3732],[-96.696,32.3637],[-96.6929,32.3643],[-96.689,32.368],[-96.6837,32.3602],[-96.6781,32.3632],[-96.677,32.366],[-96.6712,32.3661],[-96.6656,32.3717],[-96.6597,32.3701],[-96.6546,32.3663],[-96.6556,32.3752],[-96.6578,32.3788],[-96.6552,32.38],[-96.6515,32.3852],[-96.6447,32.3838],[-96.641,32.3921],[-96.641,32.3999],[-96.6346,32.4044],[-96.6307,32.4004],[-96.6268,32.4006],[-96.6241,32.4031],[-96.6233,32.4115],[-96.6141,32.4117],[-96.6127,32.4191],[-96.6093,32.4247],[-96.6101,32.4281],[-96.6071,32.4311],[-96.6067,32.4367],[-96.6013,32.4371],[-96.5996,32.4402],[-96.6014,32.4434],[-96.5952,32.4476],[-96.5922,32.4481],[-96.5924,32.445],[-96.5907,32.4447],[-96.5874,32.4494],[-96.5811,32.4541],[-96.5783,32.4539],[-96.5784,32.458],[-96.575,32.4597],[-96.5747,32.4623],[-96.5693,32.4628],[-96.5618,32.4666],[-96.5535,32.4675],[-96.544,32.4665],[-96.541,32.4644],[-96.5371,32.4676],[-96.5284,32.4668],[-96.5252,32.463],[-96.5207,32.4633],[-96.5165,32.4664],[-96.5149,32.4716],[-96.5064,32.4722],[-96.5042,32.4749],[-96.514,32.4826],[-96.513,32.4852],[-96.5081,32.4884],[-96.5097,32.4931],[-96.5074,32.4995],[-96.5125,32.5027],[-96.5246,32.5238],[-96.5265,32.536],[-96.5324,32.5392],[-96.5385,32.5381],[-96.5438,32.5397],[-96.5519,32.5468],[-96.5607,32.5472],[-96.5707,32.5563],[-96.5739,32.5621],[-96.5845,32.5655],[-96.5939,32.5639],[-96.5991,32.5651],[-96.6077,32.5635],[-96.6201,32.5638],[-96.6243,32.5613],[-96.6276,32.5554],[-96.6225,32.5536],[-96.624,32.5512],[-96.6333,32.5468],[-96.6334,32.5392],[-96.6358,32.5336],[-96.6402,32.5349],[-96.6439,32.5396],[-96.6514,32.5386],[-96.6544,32.5416],[-96.6598,32.5416],[-96.6611,32.5436],[-96.6624,32.5349],[-96.6679,32.5347],[-96.6695,32.5456],[-96.6772,32.5457],[-96.6808,32.5432],[-96.6906,32.5428],[-96.6942,32.5443],[-96.6996,32.5506],[-96.7079,32.5471],[-96.7134,32.5467],[-96.7175,32.5527],[-96.7223,32.5562],[-96.7265,32.5551],[-96.7333,32.5571],[-96.7352,32.5523],[-96.7439,32.5515],[-96.748,32.5476],[-96.7507,32.5471],[-96.7629,32.5554],[-96.7794,32.5575],[-96.7909,32.5628],[-96.7917,32.5655],[-96.7949,32.5644],[-96.804,32.5671],[-96.8115,32.5664],[-96.8176,32.5691],[-96.8248,32.5679],[-96.8404,32.572],[-96.8457,32.5763],[-96.849,32.5731],[-96.8488,32.5696],[-96.8556,32.5662],[-96.862,32.5717],[-96.8662,32.5727],[-96.8701,32.5775],[-96.8718,32.5776],[-96.8743,32.5748],[-96.8785,32.5774],[-96.8823,32.5753],[-96.888,32.5754],[-96.8878,32.5793],[-96.8921,32.5842],[-96.8944,32.5838],[-96.8961,32.581],[-96.9042,32.5803],[-96.9082,32.5835],[-96.9127,32.585],[-96.9195,32.5843],[-96.9312,32.5896],[-96.9365,32.5856],[-96.9449,32.5878],[-96.9462,32.5895],[-96.949,32.5864],[-96.9558,32.5861]]]},"properties":{"objectid":4465,"tnmid":"{DF23C030-E361-482D-B85A-84125C9DBBCD}","metasourceid":"{511D2AC8-11BA-45FC-AB98-F69D693D4C44}","sourcedatadesc":"Watershed Boundary Dataset (WBD)","sourceoriginator":"Natural Resources and Conservation Service and U.S. Geological Survey","sourcefeatureid":null,"loaddate":1723726881000,"referencegnis_ids":"1344944","areaacres":148596.52,"areasqkm":601.35,"states":"TX","huc10":"1203010503","name":"Red Oak Creek","hutype":"S","humod":null,"globalid":"{18EEF0F2-E29C-11E2-8094-0021280458E6}","shape_Length":169743.94531101006,"shape_Area":847590170.57072}},{"type":"Feature","id":4706,"geometry":{"type":"Polygon","coordinates":[[[-96.5951,33.5205],[-96.5974,33.5224],[-96.6014,33.5216],[-96.6076,33.5104],[-96.6124,33.508],[-96.6125,33.5046],[-96.6161,33.5003],[-96.6143,33.4948],[-96.6097,33.4963],[-96.6064,33.4911],[-96.6044,33.4905],[-96.5967,33.4752],[-96.5902,33.4731],[-96.5892,33.4679],[-96.5818,33.4632],[-96.5807,33.4505],[-96.5823,33.4439],[-96.5841,33.4426],[-96.5839,33.4349],[-96.5812,33.4296],[-96.5779,33.4295],[-96.5732,33.4192],[-96.5734,33.4157],[-96.5712,33.4152],[-96.5686,33.4097],[-96.5651,33.4076],[-96.5585,33.4083],[-96.5594,33.3984],[-96.5616,33.3936],[-96.5601,33.3894],[-96.5621,33.3783],[-96.5533,33.3763],[-96.5469,33.3625],[-96.548,33.353],[-96.5463,33.341],[-96.5493,33.3299],[-96.54,33.3196],[-96.5429,33.31],[-96.5427,33.2851],[-96.5393,33.2789],[-96.541,33.273],[-96.5389,33.2686],[-96.5421,33.252],[-96.5395,33.2339],[-96.5363,33.2311],[-96.5389,33.2259],[-96.537,33.2203],[-96.5392,33.2169],[-96.5377,33.211],[-96.5401,33.2024],[-96.5364,33.199],[-96.538,33.193],[-96.5369,33.1905],[-96.5313,33.189],[-96.5303,33.1881],[-96.5315,33.1843],[-96.518,33.1761],[-96.5201,33.1652],[-96.5174,33.1609],[-96.5156,33.1487],[-96.5112,33.1443],[-96.5121,33.1397],[-96.5095,33.1344],[-96.5106,33.1279],[-96.5053,33.1169],[-96.503,33.1039],[-96.4988,33.1012],[-96.4976,33.0976],[-96.499,33.0796],[-96.4985,33.0754],[-96.4954,33.0701],[-96.4953,33.0626],[-96.4893,33.0563],[-96.4823,33.0552],[-96.478,33.0515],[-96.4872,33.0351],[-96.4834,33.0317],[-96.4499,33.033],[-96.4475,33.0309],[-96.4424,33.0301],[-96.439,33.0405],[-96.4302,33.0387],[-96.426,33.0412],[-96.4182,33.0422],[-96.4093,33.0502],[-96.4039,33.0498],[-96.3932,33.0522],[-96.3819,33.0503],[-96.3693,33.0516],[-96.3656,33.0543],[-96.3634,33.0599],[-96.3658,33.0645],[-96.3643,33.0708],[-96.3662,33.0743],[-96.3625,33.0782],[-96.3591,33.087],[-96.3558,33.0888],[-96.3551,33.0929],[-96.35,33.0952],[-96.3486,33.0979],[-96.349,33.1021],[-96.3547,33.106],[-96.3452,33.1089],[-96.3417,33.1119],[-96.3431,33.1145],[-96.3418,33.1166],[-96.334,33.1184],[-96.334,33.1259],[-96.3355,33.129],[-96.3318,33.1354],[-96.3338,33.1393],[-96.3323,33.1414],[-96.3315,33.1563],[-96.336,33.1657],[-96.3416,33.1689],[-96.3432,33.1736],[-96.3419,33.1753],[-96.3423,33.1817],[-96.3384,33.1905],[-96.3408,33.1972],[-96.3376,33.2059],[-96.3435,33.2115],[-96.3481,33.2104],[-96.3493,33.2084],[-96.352,33.2089],[-96.3566,33.2045],[-96.3596,33.2045],[-96.3684,33.206],[-96.3704,33.2079],[-96.3744,33.2075],[-96.3761,33.2131],[-96.3843,33.2134],[-96.3898,33.2169],[-96.4091,33.2146],[-96.4122,33.2174],[-96.4136,33.2298],[-96.4221,33.2356],[-96.4216,33.2428],[-96.4246,33.2454],[-96.4233,33.2581],[-96.4255,33.2657],[-96.426,33.2837],[-96.4286,33.2862],[-96.4308,33.2933],[-96.4352,33.3004],[-96.4446,33.3027],[-96.4497,33.3018],[-96.4494,33.3066],[-96.4523,33.3096],[-96.4549,33.3181],[-96.4543,33.3216],[-96.457,33.3365],[-96.4554,33.3581],[-96.4571,33.3629],[-96.4549,33.3687],[-96.4596,33.3741],[-96.4628,33.3865],[-96.4675,33.391],[-96.4669,33.3938],[-96.469,33.3976],[-96.469,33.4021],[-96.4715,33.4064],[-96.4708,33.4106],[-96.4742,33.414],[-96.473,33.4275],[-96.4746,33.4324],[-96.4766,33.4362],[-96.4801,33.437],[-96.4881,33.4349],[-96.4896,33.4416],[-96.487,33.4489],[-96.4906,33.4543],[-96.4895,33.4587],[-96.4837,33.4644],[-96.4834,33.472],[-96.4867,33.4814],[-96.4925,33.4891],[-96.4932,33.4956],[-96.4908,33.5062],[-96.4933,33.5153],[-96.4972,33.5181],[-96.5001,33.5177],[-96.5065,33.5145],[-96.51,33.5146],[-96.5148,33.5093],[-96.5194,33.511],[-96.528,33.5181],[-96.5358,33.5173],[-96.5393,33.5144],[-96.544,33.5153],[-96.5454,33.5181],[-96.548,33.5187],[-96.5503,33.5111],[-96.561,33.5049],[-96.5628,33.5055],[-96.5645,33.5096],[-96.5649,33.5164],[-96.5716,33.5187],[-96.58,33.5174],[-96.5847,33.5134],[-96.5909,33.5211],[-96.5951,33.5205]]]},"properties":{"objectid":4706,"tnmid":"{F4BAA956-F2E5-408A-998B-ADDCE67E0AF5}","metasourceid":"{511D2AC8-11BA-45FC-AB98-F69D693D4C44}","sourcedatadesc":"Watershed Boundary Dataset (WBD)","sourceoriginator":"Natural Resources and Conservation Service and U.S. Geological Survey","sourcefeatureid":null,"loaddate":1723726881000,"referencegnis_ids":"1375450,1339727","areaacres":151784.58,"areasqkm":614.25,"states":"TX","huc10":"1203010603","name":"Pilot Grove Creek-Lavon Lake","hutype":"S","humod":null,"globalid":"{18EF70F0-E29C-11E2-8094-0021280458E6}","shape_Length":191615.07868884027,"shape_Area":880754528.7946604}},{"type":"Feature","id":4707,"geometry":{"type":"Polygon","coordinates":[[[-96.7367,33.2031],[-96.7361,33.2052],[-96.7407,33.207],[-96.7431,33.2068],[-96.7459,33.2034],[-96.7497,33.2031],[-96.7517,33.2045],[-96.7598,33.1986],[-96.7642,33.1925],[-96.7692,33.1897],[-96.771,33.1767],[-96.7699,33.1686],[-96.7787,33.1631],[-96.7811,33.156],[-96.7882,33.1551],[-96.7898,33.1505],[-96.7872,33.1411],[-96.7841,33.1402],[-96.7785,33.1351],[-96.7743,33.1358],[-96.7678,33.1328],[-96.7715,33.1252],[-96.763,33.1052],[-96.7627,33.0924],[-96.7718,33.0894],[-96.7731,33.0864],[-96.7645,33.0576],[-96.7687,33.0502],[-96.7684,33.0465],[-96.777,33.0404],[-96.7785,33.0343],[-96.7759,33.0246],[-96.7722,33.024],[-96.7703,33.0209],[-96.7663,33.0215],[-96.7647,33.0199],[-96.7677,33.0131],[-96.7671,33.0096],[-96.7633,33.0081],[-96.7545,32.9971],[-96.742,32.9905],[-96.7413,32.9866],[-96.743,32.9836],[-96.741,32.9797],[-96.7341,32.9774],[-96.7341,32.9737],[-96.7302,32.971],[-96.7299,32.9678],[-96.7237,32.9691],[-96.7215,32.9669],[-96.7151,32.9776],[-96.7083,32.9785],[-96.7074,32.9763],[-96.7013,32.9739],[-96.6904,32.961],[-96.6861,32.9604],[-96.6817,32.9573],[-96.6805,32.9518],[-96.6739,32.9487],[-96.6707,32.9441],[-96.6657,32.9427],[-96.6541,32.9352],[-96.6501,32.9279],[-96.6452,32.9267],[-96.6468,32.9166],[-96.6461,32.9142],[-96.6419,32.9112],[-96.6404,32.9053],[-96.6356,32.9016],[-96.6342,32.8973],[-96.6311,32.8963],[-96.6256,32.8851],[-96.6189,32.8846],[-96.6184,32.8798],[-96.6163,32.878],[-96.6168,32.8718],[-96.6146,32.8682],[-96.6086,32.8675],[-96.6041,32.8623],[-96.5986,32.8647],[-96.5932,32.8602],[-96.5887,32.8604],[-96.5835,32.855],[-96.5784,32.8543],[-96.5748,32.8511],[-96.5638,32.8485],[-96.5629,32.8433],[-96.5567,32.8383],[-96.5558,32.8345],[-96.5493,32.8306],[-96.5491,32.8251],[-96.5405,32.8159],[-96.5348,32.8144],[-96.5307,32.8075],[-96.4942,32.7996],[-96.4854,32.803],[-96.4684,32.805],[-96.4676,32.8088],[-96.4693,32.8145],[-96.4668,32.8172],[-96.4676,32.8231],[-96.4636,32.8279],[-96.4669,32.8371],[-96.4704,32.8413],[-96.4695,32.8555],[-96.4743,32.8595],[-96.4729,32.8649],[-96.475,32.876],[-96.4727,32.8769],[-96.4709,32.8804],[-96.474,32.8887],[-96.4715,32.891],[-96.4696,32.8966],[-96.4647,32.9007],[-96.4572,32.902],[-96.4534,32.9134],[-96.4469,32.9214],[-96.4411,32.9243],[-96.4359,32.9225],[-96.4267,32.9257],[-96.4247,32.9238],[-96.419,32.9242],[-96.4165,32.9206],[-96.4097,32.9191],[-96.4079,32.9241],[-96.4047,32.9253],[-96.4064,32.9281],[-96.403,32.9305],[-96.4016,32.9337],[-96.4025,32.936],[-96.3982,32.9373],[-96.3987,32.9416],[-96.3918,32.942],[-96.393,32.9511],[-96.3899,32.9574],[-96.3917,32.9599],[-96.3905,32.9689],[-96.3929,32.9718],[-96.3913,32.975],[-96.383,32.9767],[-96.3817,32.9801],[-96.3833,32.9846],[-96.3816,32.9912],[-96.3768,32.9936],[-96.3716,33.0013],[-96.3736,33.0085],[-96.3696,33.0186],[-96.3703,33.0267],[-96.3755,33.0317],[-96.3734,33.0353],[-96.373,33.043],[-96.3771,33.0464],[-96.3749,33.0515],[-96.3819,33.0503],[-96.3932,33.0522],[-96.4039,33.0498],[-96.4093,33.0502],[-96.4182,33.0422],[-96.426,33.0412],[-96.4302,33.0387],[-96.439,33.0405],[-96.4424,33.0301],[-96.4475,33.0309],[-96.4499,33.033],[-96.4834,33.0317],[-96.4865,33.0349],[-96.4961,33.0386],[-96.5173,33.026],[-96.5244,33.0264],[-96.534,33.0329],[-96.5391,33.0302],[-96.5441,33.0356],[-96.5486,33.0325],[-96.5522,33.0351],[-96.5521,33.042],[-96.5553,33.0458],[-96.5562,33.0506],[-96.5608,33.0519],[-96.5639,33.0601],[-96.5711,33.0626],[-96.5709,33.0678],[-96.5741,33.0707],[-96.5755,33.0761],[-96.5836,33.089],[-96.5911,33.0944],[-96.5956,33.0881],[-96.5993,33.0881],[-96.6048,33.0923],[-96.6114,33.0947],[-96.6152,33.0986],[-96.6238,33.0938],[-96.6274,33.0937],[-96.6289,33.0964],[-96.6346,33.0999],[-96.6334,33.1065],[-96.6379,33.1153],[-96.6498,33.1166],[-96.6525,33.1256],[-96.6607,33.1334],[-96.6619,33.1423],[-96.6642,33.1426],[-96.6669,33.1465],[-96.6654,33.1544],[-96.6701,33.1584],[-96.6695,33.1602],[-96.6713,33.1627],[-96.6753,33.1644],[-96.6799,33.171],[-96.6882,33.1757],[-96.6997,33.1718],[-96.7041,33.1644],[-96.7101,33.1644],[-96.7129,33.1754],[-96.7205,33.179],[-96.7192,33.1874],[-96.7246,33.1885],[-96.7291,33.1919],[-96.7294,33.1951],[-96.7325,33.1968],[-96.7367,33.2031]]]},"properties":{"objectid":4707,"tnmid":"{126A8016-C6C1-457A-A902-73B263912BB8}","metasourceid":"{511D2AC8-11BA-45FC-AB98-F69D693D4C44}","sourcedatadesc":"Watershed Boundary Dataset (WBD)","sourceoriginator":"Natural Resources and Conservation Service and U.S. Geological Survey","sourcefeatureid":null,"loaddate":1723726881000,"referencegnis_ids":"1373653,1375647","areaacres":193176.41,"areasqkm":781.76,"states":"TX","huc10":"1203010604","name":"East Fork Trinity River-Lake Ray Hubbard","hutype":"S","humod":null,"globalid":"{18EF9DAA-E29C-11E2-8094-0021280458E6}","shape_Length":198496.18766436382,"shape_Area":1114422319.5088508}},{"type":"Feature","id":4708,"geometry":{"type":"Polygon","coordinates":[[[-96.7084,32.9778],[-96.7151,32.9776],[-96.7215,32.9669],[-96.7245,32.9684],[-96.7227,32.9642],[-96.7233,32.9578],[-96.7202,32.9534],[-96.7175,32.9445],[-96.7197,32.9395],[-96.714,32.9376],[-96.7051,32.931],[-96.7047,32.9242],[-96.7007,32.9207],[-96.7011,32.9173],[-96.6987,32.9121],[-96.6875,32.9094],[-96.6923,32.8936],[-96.6817,32.8847],[-96.6807,32.88],[-96.6784,32.8783],[-96.6785,32.8679],[-96.6721,32.8617],[-96.6733,32.86],[-96.6701,32.8542],[-96.6717,32.8492],[-96.667,32.8397],[-96.6672,32.835],[-96.6623,32.8323],[-96.6635,32.8277],[-96.6615,32.8248],[-96.6639,32.8225],[-96.6657,32.8107],[-96.6709,32.8051],[-96.6729,32.7989],[-96.6689,32.7941],[-96.6695,32.7889],[-96.6579,32.7824],[-96.657,32.7743],[-96.6494,32.7706],[-96.6464,32.7658],[-96.64,32.7664],[-96.6383,32.7635],[-96.6321,32.761],[-96.625,32.751],[-96.6236,32.7449],[-96.6165,32.7331],[-96.6118,32.73],[-96.6117,32.7265],[-96.6077,32.7248],[-96.6068,32.7226],[-96.6013,32.7238],[-96.5985,32.7193],[-96.5951,32.7176],[-96.5947,32.7128],[-96.5912,32.7121],[-96.5894,32.7095],[-96.5905,32.7052],[-96.582,32.6999],[-96.5808,32.6971],[-96.5823,32.6896],[-96.5759,32.6848],[-96.577,32.6792],[-96.5788,32.6776],[-96.5632,32.6638],[-96.5621,32.6602],[-96.5581,32.6611],[-96.5563,32.6586],[-96.5523,32.6574],[-96.5519,32.651],[-96.5489,32.6483],[-96.5484,32.6436],[-96.5392,32.6378],[-96.5325,32.6362],[-96.5331,32.634],[-96.5313,32.6328],[-96.5301,32.6284],[-96.5274,32.6277],[-96.5231,32.6194],[-96.5156,32.6145],[-96.5161,32.6105],[-96.5214,32.6062],[-96.5219,32.6028],[-96.5142,32.5961],[-96.5136,32.593],[-96.5086,32.5885],[-96.5051,32.5861],[-96.4976,32.5847],[-96.4975,32.5824],[-96.4842,32.5713],[-96.4841,32.5669],[-96.4874,32.5647],[-96.4888,32.5611],[-96.486,32.5547],[-96.4981,32.5435],[-96.4996,32.5365],[-96.4954,32.5334],[-96.4947,32.5276],[-96.4888,32.523],[-96.4895,32.5148],[-96.4853,32.5124],[-96.4829,32.5083],[-96.4898,32.5024],[-96.5014,32.4984],[-96.5007,32.4968],[-96.4969,32.496],[-96.4827,32.4985],[-96.4791,32.5019],[-96.4787,32.5055],[-96.4744,32.5067],[-96.479,32.5153],[-96.4794,32.5242],[-96.4696,32.5329],[-96.4695,32.5386],[-96.4671,32.541],[-96.4678,32.5471],[-96.4653,32.5513],[-96.467,32.5692],[-96.4737,32.5829],[-96.4731,32.5857],[-96.4692,32.589],[-96.4623,32.5892],[-96.4544,32.587],[-96.4335,32.5997],[-96.4234,32.6026],[-96.4221,32.6063],[-96.4141,32.6109],[-96.4055,32.6119],[-96.4018,32.6151],[-96.398,32.6156],[-96.3919,32.6213],[-96.3981,32.6278],[-96.399,32.6327],[-96.3935,32.6372],[-96.3958,32.6447],[-96.3941,32.6468],[-96.397,32.6513],[-96.3944,32.6568],[-96.4034,32.6662],[-96.3985,32.6721],[-96.4018,32.6783],[-96.398,32.6817],[-96.4032,32.6902],[-96.4033,32.6978],[-96.4052,32.7006],[-96.4057,32.7071],[-96.4015,32.7138],[-96.4074,32.7195],[-96.4058,32.7228],[-96.4101,32.7245],[-96.4119,32.7291],[-96.4177,32.7326],[-96.4191,32.7375],[-96.4306,32.746],[-96.4285,32.7486],[-96.43,32.7508],[-96.4299,32.7562],[-96.4284,32.7586],[-96.4248,32.76],[-96.4261,32.7667],[-96.423,32.7725],[-96.4252,32.7737],[-96.4268,32.7794],[-96.423,32.785],[-96.4245,32.7872],[-96.4218,32.7941],[-96.422,32.803],[-96.4199,32.8075],[-96.421,32.8114],[-96.4174,32.8153],[-96.4184,32.8235],[-96.412,32.8299],[-96.412,32.8315],[-96.4154,32.8341],[-96.4157,32.8369],[-96.4121,32.8427],[-96.4141,32.8452],[-96.4117,32.8495],[-96.4128,32.8514],[-96.4098,32.8612],[-96.4122,32.8674],[-96.4097,32.8721],[-96.4138,32.8756],[-96.4097,32.8849],[-96.4129,32.8876],[-96.4123,32.8903],[-96.4143,32.897],[-96.413,32.8992],[-96.413,32.911],[-96.4093,32.9183],[-96.4165,32.9206],[-96.419,32.9242],[-96.4247,32.9238],[-96.4267,32.9257],[-96.4359,32.9225],[-96.4411,32.9243],[-96.4507,32.9181],[-96.4572,32.9049],[-96.4572,32.902],[-96.4647,32.9007],[-96.4696,32.8966],[-96.4742,32.8878],[-96.4709,32.8803],[-96.4727,32.8769],[-96.475,32.876],[-96.4729,32.8649],[-96.4743,32.8595],[-96.4694,32.8548],[-96.4704,32.8413],[-96.4669,32.8371],[-96.4636,32.8279],[-96.4676,32.8231],[-96.4668,32.8172],[-96.4693,32.8145],[-96.4681,32.8058],[-96.4854,32.803],[-96.4933,32.7997],[-96.4998,32.8007],[-96.5307,32.8075],[-96.5348,32.8144],[-96.5405,32.8159],[-96.5491,32.8251],[-96.5493,32.8306],[-96.5558,32.8345],[-96.5567,32.8383],[-96.5629,32.8433],[-96.5638,32.8485],[-96.5748,32.8511],[-96.5784,32.8543],[-96.5835,32.855],[-96.5887,32.8604],[-96.5932,32.8602],[-96.5986,32.8647],[-96.6041,32.8623],[-96.6086,32.8675],[-96.6138,32.8675],[-96.6168,32.8718],[-96.6163,32.878],[-96.6184,32.8798],[-96.6189,32.8846],[-96.6256,32.8851],[-96.6311,32.8963],[-96.6342,32.8973],[-96.6356,32.9016],[-96.6404,32.9053],[-96.6419,32.9112],[-96.6461,32.9142],[-96.647,32.9181],[-96.6452,32.9267],[-96.6501,32.9279],[-96.6541,32.9352],[-96.6657,32.9427],[-96.6707,32.9441],[-96.6739,32.9487],[-96.6805,32.9518],[-96.6817,32.9573],[-96.6861,32.9604],[-96.6904,32.961],[-96.7013,32.9739],[-96.7084,32.9778]]]},"properties":{"objectid":4708,"tnmid":"{F9814207-ED2C-4A12-9FA0-232A320D83E9}","metasourceid":"{511D2AC8-11BA-45FC-AB98-F69D693D4C44}","sourcedatadesc":"Watershed Boundary Dataset (WBD)","sourceoriginator":"Natural Resources and Conservation Service and U.S. Geological Survey","sourcefeatureid":null,"loaddate":1723726881000,"referencegnis_ids":"1334715,1373547","areaacres":149054.66,"areasqkm":603.2,"states":"TX","huc10":"1203010605","name":"Duck Creek-East Fork Trinity River","hutype":"S","humod":null,"globalid":"{18EFB64B-E29C-11E2-8094-0021280458E6}","shape_Length":225888.17299887142,"shape_Area":855284954.9170145}},{"type":"Feature","id":5415,"geometry":{"type":"Polygon","coordinates":[[[-96.971,32.5518],[-96.9745,32.5539],[-96.9755,32.5522],[-96.9764,32.5379],[-96.9804,32.5353],[-96.9768,32.5283],[-96.9797,32.5276],[-96.9835,32.5218],[-96.9872,32.5218],[-96.9873,32.5159],[-96.9891,32.5137],[-96.9881,32.5105],[-96.9902,32.5065],[-96.9888,32.4997],[-96.9925,32.4948],[-96.9909,32.4891],[-96.9932,32.4835],[-96.9962,32.4824],[-96.9993,32.4747],[-97.0008,32.4688],[-96.9984,32.4633],[-97.0076,32.4479],[-97.009,32.4392],[-97.006,32.4328],[-97.0089,32.4188],[-97.0053,32.4184],[-97.0034,32.4143],[-96.9974,32.4137],[-96.9954,32.4121],[-96.9948,32.4083],[-96.9932,32.4082],[-96.9899,32.403],[-96.9892,32.3977],[-96.987,32.3942],[-96.9882,32.3911],[-96.9871,32.3892],[-96.9838,32.3886],[-96.9814,32.3899],[-96.9746,32.3833],[-96.9687,32.3824],[-96.9657,32.3725],[-96.958,32.3707],[-96.9545,32.3662],[-96.9508,32.3661],[-96.9421,32.3622],[-96.9382,32.3589],[-96.9373,32.3538],[-96.9323,32.3504],[-96.9302,32.3456],[-96.9215,32.342],[-96.9214,32.3389],[-96.918,32.3346],[-96.9151,32.3354],[-96.9063,32.3289],[-96.8978,32.3156],[-96.9006,32.312],[-96.8908,32.3066],[-96.8894,32.3022],[-96.8833,32.2964],[-96.8833,32.2921],[-96.8789,32.2878],[-96.879,32.2853],[-96.8752,32.2837],[-96.8698,32.2841],[-96.8613,32.2794],[-96.8591,32.2755],[-96.8546,32.2744],[-96.8536,32.2569],[-96.8457,32.2512],[-96.8395,32.2393],[-96.831,32.2355],[-96.825,32.2349],[-96.8153,32.2197],[-96.8057,32.2204],[-96.8041,32.2169],[-96.8001,32.2156],[-96.7976,32.2129],[-96.7893,32.2106],[-96.7877,32.2067],[-96.7773,32.2044],[-96.7681,32.1917],[-96.7618,32.1904],[-96.7433,32.1941],[-96.7379,32.1975],[-96.7337,32.1962],[-96.7268,32.1969],[-96.7081,32.2024],[-96.7054,32.2058],[-96.7073,32.2117],[-96.7042,32.2122],[-96.7007,32.2154],[-96.6956,32.215],[-96.6908,32.217],[-96.6863,32.2161],[-96.6841,32.2184],[-96.6681,32.2189],[-96.6609,32.2219],[-96.6544,32.22],[-96.6475,32.2155],[-96.6421,32.216],[-96.639,32.2197],[-96.6338,32.2198],[-96.6302,32.2225],[-96.6277,32.2222],[-96.6255,32.2153],[-96.6147,32.2176],[-96.6083,32.2164],[-96.6068,32.2186],[-96.6049,32.2165],[-96.6,32.2202],[-96.6033,32.2281],[-96.6128,32.2355],[-96.6087,32.2436],[-96.6115,32.2543],[-96.6075,32.2586],[-96.6126,32.2611],[-96.6187,32.2739],[-96.6375,32.2871],[-96.6408,32.291],[-96.6411,32.2949],[-96.646,32.3002],[-96.6463,32.3055],[-96.6381,32.308],[-96.6325,32.314],[-96.6354,32.3226],[-96.6336,32.3269],[-96.6352,32.33],[-96.6338,32.3335],[-96.6313,32.3348],[-96.6423,32.3508],[-96.6434,32.3577],[-96.6474,32.358],[-96.6541,32.3638],[-96.6546,32.3663],[-96.6577,32.3691],[-96.6652,32.3717],[-96.6718,32.3658],[-96.677,32.366],[-96.6781,32.3632],[-96.683,32.3601],[-96.689,32.368],[-96.6929,32.3643],[-96.696,32.3637],[-96.7053,32.3732],[-96.7107,32.3715],[-96.7139,32.3745],[-96.7177,32.3724],[-96.7226,32.3726],[-96.729,32.3756],[-96.7467,32.3782],[-96.7484,32.3847],[-96.7546,32.3838],[-96.7569,32.3886],[-96.7599,32.3892],[-96.7612,32.3919],[-96.7683,32.3902],[-96.7755,32.3921],[-96.7808,32.3991],[-96.7941,32.4057],[-96.805,32.4155],[-96.8156,32.4178],[-96.8228,32.415],[-96.8327,32.4294],[-96.8391,32.4341],[-96.843,32.4399],[-96.8561,32.4454],[-96.8666,32.4403],[-96.8742,32.4534],[-96.8814,32.4536],[-96.8867,32.458],[-96.8832,32.4633],[-96.8837,32.468],[-96.8879,32.4795],[-96.8922,32.4827],[-96.8872,32.4928],[-96.891,32.4966],[-96.8947,32.492],[-96.899,32.4947],[-96.9047,32.4952],[-96.9083,32.504],[-96.917,32.5048],[-96.9194,32.5069],[-96.9196,32.5098],[-96.9278,32.517],[-96.9359,32.5197],[-96.9363,32.5247],[-96.9387,32.5274],[-96.9429,32.5287],[-96.9455,32.5339],[-96.9499,32.5364],[-96.9562,32.536],[-96.9594,32.5403],[-96.9639,32.5528],[-96.971,32.5518]]]},"properties":{"objectid":5415,"tnmid":"{FCCB2255-1D2F-4648-893C-FB7ED86E97D8}","metasourceid":"{511D2AC8-11BA-45FC-AB98-F69D693D4C44}","sourcedatadesc":"Watershed Boundary Dataset (WBD)","sourceoriginator":"Natural Resources and Conservation Service and U.S. Geological Survey","sourcefeatureid":null,"loaddate":1723726881000,"referencegnis_ids":"1376662","areaacres":163610.47,"areasqkm":662.11,"states":"TX","huc10":"1203010903","name":"Waxahachie Creek","hutype":"M","humod":null,"globalid":"{18F0C0EA-E29C-11E2-8094-0021280458E6}","shape_Length":172624.52911038432,"shape_Area":930318134.8035916}},{"type":"Feature","id":10607,"geometry":{"type":"Polygon","coordinates":[[[-96.6865,33.5367],[-96.6876,33.5374],[-96.687,33.5409],[-96.6894,33.5437],[-96.6882,33.5485],[-96.6973,33.5548],[-96.6999,33.5505],[-96.7054,33.5483],[-96.709,33.5384],[-96.7086,33.5323],[-96.7109,33.53],[-96.712,33.5253],[-96.7109,33.5207],[-96.7121,33.5189],[-96.7105,33.5157],[-96.7117,33.5145],[-96.7112,33.5082],[-96.7092,33.5062],[-96.7082,33.4993],[-96.7115,33.4959],[-96.719,33.4933],[-96.7268,33.4833],[-96.7252,33.4798],[-96.7196,33.4764],[-96.7192,33.474],[-96.7254,33.4667],[-96.727,33.4578],[-96.724,33.4504],[-96.7271,33.4468],[-96.728,33.4431],[-96.7234,33.4385],[-96.7238,33.4311],[-96.7297,33.4199],[-96.7302,33.4138],[-96.7387,33.4091],[-96.7383,33.4012],[-96.7335,33.3945],[-96.7336,33.3914],[-96.7395,33.3841],[-96.7534,33.3808],[-96.7511,33.3761],[-96.7527,33.3636],[-96.7512,33.3538],[-96.7538,33.3468],[-96.7511,33.3413],[-96.7526,33.3367],[-96.7594,33.3335],[-96.7574,33.3301],[-96.7602,33.3273],[-96.7578,33.3252],[-96.7584,33.3206],[-96.7609,33.3177],[-96.7589,33.3136],[-96.7601,33.31],[-96.7654,33.3064],[-96.767,33.2957],[-96.7633,33.2913],[-96.7687,33.2813],[-96.7667,33.277],[-96.7676,33.2716],[-96.7713,33.2693],[-96.77,33.2635],[-96.7713,33.2615],[-96.7789,33.2586],[-96.7727,33.2527],[-96.7742,33.248],[-96.7767,33.2459],[-96.7836,33.2438],[-96.7823,33.2415],[-96.7847,33.239],[-96.785,33.2332],[-96.782,33.2327],[-96.7802,33.2301],[-96.7757,33.2304],[-96.7741,33.2227],[-96.7682,33.2195],[-96.7676,33.2079],[-96.7598,33.1986],[-96.7517,33.2045],[-96.7497,33.2031],[-96.7459,33.2034],[-96.7421,33.207],[-96.7361,33.2052],[-96.7365,33.202],[-96.7294,33.1951],[-96.7291,33.1919],[-96.7246,33.1885],[-96.7192,33.1874],[-96.7205,33.179],[-96.7129,33.1754],[-96.7101,33.1644],[-96.7041,33.1644],[-96.6997,33.1718],[-96.6889,33.1755],[-96.6799,33.171],[-96.6753,33.1644],[-96.6713,33.1627],[-96.6695,33.1602],[-96.6701,33.1584],[-96.6657,33.155],[-96.6669,33.1465],[-96.6642,33.1426],[-96.6619,33.1423],[-96.6607,33.1334],[-96.6525,33.1256],[-96.6498,33.1166],[-96.6379,33.1153],[-96.6353,33.1114],[-96.6334,33.1065],[-96.6339,33.0986],[-96.6258,33.0936],[-96.6152,33.0986],[-96.6114,33.0947],[-96.598,33.0878],[-96.5948,33.0887],[-96.592,33.094],[-96.5896,33.0941],[-96.5836,33.089],[-96.5755,33.0761],[-96.5741,33.0707],[-96.5709,33.0678],[-96.5707,33.0621],[-96.5639,33.0601],[-96.5608,33.0519],[-96.5562,33.0506],[-96.5553,33.0458],[-96.5521,33.042],[-96.5522,33.0351],[-96.5486,33.0325],[-96.5441,33.0356],[-96.5391,33.0302],[-96.534,33.0329],[-96.5244,33.0264],[-96.5184,33.0259],[-96.5109,33.0287],[-96.497,33.0386],[-96.4872,33.0351],[-96.478,33.0515],[-96.4823,33.0552],[-96.4893,33.0563],[-96.4953,33.0626],[-96.4954,33.0701],[-96.4985,33.0754],[-96.499,33.0796],[-96.4976,33.0976],[-96.4988,33.1012],[-96.503,33.1039],[-96.5053,33.1169],[-96.5106,33.1279],[-96.5095,33.1344],[-96.5121,33.1397],[-96.5112,33.1443],[-96.5156,33.1487],[-96.5174,33.1609],[-96.5201,33.1652],[-96.518,33.1761],[-96.5315,33.1843],[-96.5303,33.1881],[-96.5313,33.189],[-96.5369,33.1905],[-96.538,33.193],[-96.5364,33.199],[-96.5401,33.2024],[-96.5377,33.211],[-96.5392,33.2169],[-96.537,33.2203],[-96.5389,33.2259],[-96.5363,33.2311],[-96.5395,33.2339],[-96.5421,33.252],[-96.5389,33.2686],[-96.541,33.273],[-96.5393,33.2789],[-96.5427,33.2851],[-96.5429,33.31],[-96.54,33.3196],[-96.5493,33.3299],[-96.5463,33.341],[-96.548,33.353],[-96.5469,33.3625],[-96.5533,33.3763],[-96.5621,33.3783],[-96.5601,33.3894],[-96.5616,33.3936],[-96.5594,33.3984],[-96.5585,33.4083],[-96.5651,33.4076],[-96.5692,33.4103],[-96.5712,33.4152],[-96.5734,33.4157],[-96.5732,33.4192],[-96.5779,33.4295],[-96.5812,33.4296],[-96.5842,33.4361],[-96.5831,33.4406],[-96.5841,33.4426],[-96.5823,33.4439],[-96.5807,33.4505],[-96.5815,33.4626],[-96.5892,33.4679],[-96.5902,33.4731],[-96.5967,33.4752],[-96.6044,33.4905],[-96.6064,33.4911],[-96.6086,33.4957],[-96.6108,33.4963],[-96.62,33.4931],[-96.6246,33.4985],[-96.6285,33.4984],[-96.6268,33.5036],[-96.6269,33.5118],[-96.6294,33.5139],[-96.6424,33.5157],[-96.6437,33.5194],[-96.6421,33.5262],[-96.6454,33.5307],[-96.6484,33.5291],[-96.6562,33.5289],[-96.6621,33.5321],[-96.6662,33.5312],[-96.669,33.534],[-96.6715,33.5326],[-96.6765,33.5375],[-96.6865,33.5367]]]},"properties":{"objectid":10607,"tnmid":"{6C31C20D-E8C6-4D5D-AB57-DCF9D0CA3586}","metasourceid":"{511D2AC8-11BA-45FC-AB98-F69D693D4C44}","sourcedatadesc":"Watershed Boundary Dataset (WBD)","sourceoriginator":"Natural Resources and Conservation Service and U.S. Geological Survey","sourcefeatureid":null,"loaddate":1723726881000,"referencegnis_ids":"1373547,1339727","areaacres":208517.8,"areasqkm":843.84,"states":"TX","huc10":"1203010602","name":"East Fork Trinity River-Lavon Lake","hutype":"S","humod":null,"globalid":"{18EF5A23-E29C-11E2-8094-0021280458E6}","shape_Length":200978.99980063428,"shape_Area":1210810901.123127}},{"type":"Feature","id":12015,"geometry":{"type":"Polygon","coordinates":[[[-97.589,33.2349],[-97.5906,33.2354],[-97.5926,33.2329],[-97.5968,33.2335],[-97.5968,33.231],[-97.6,33.2287],[-97.6005,33.226],[-97.6093,33.2241],[-97.611,33.2217],[-97.6191,33.2223],[-97.6289,33.2189],[-97.6314,33.2214],[-97.634,33.2211],[-97.6366,33.2145],[-97.6446,33.2125],[-97.6459,33.2093],[-97.6508,33.2073],[-97.6513,33.2057],[-97.658,33.2056],[-97.6604,33.2046],[-97.6608,33.2021],[-97.667,33.2033],[-97.672,33.1937],[-97.6727,33.1834],[-97.6838,33.1937],[-97.6898,33.1939],[-97.6933,33.1917],[-97.6968,33.1958],[-97.6987,33.1949],[-97.6994,33.1965],[-97.7036,33.1966],[-97.7107,33.1938],[-97.712,33.1944],[-97.7117,33.1967],[-97.7137,33.1939],[-97.7109,33.1886],[-97.7144,33.1842],[-97.7178,33.1816],[-97.7235,33.183],[-97.729,33.1791],[-97.7285,33.1757],[-97.7366,33.1723],[-97.7389,33.1733],[-97.742,33.1679],[-97.7423,33.1641],[-97.7456,33.1615],[-97.7497,33.1609],[-97.7493,33.157],[-97.7514,33.1531],[-97.7563,33.1542],[-97.7578,33.1523],[-97.7622,33.1524],[-97.7736,33.1595],[-97.7777,33.1591],[-97.7866,33.154],[-97.7954,33.1551],[-97.7961,33.1566],[-97.8032,33.1548],[-97.8043,33.1531],[-97.8183,33.151],[-97.8224,33.1471],[-97.8251,33.1473],[-97.8217,33.1385],[-97.8218,33.1325],[-97.8253,33.1305],[-97.8248,33.1215],[-97.8283,33.1178],[-97.8347,33.1149],[-97.8369,33.1108],[-97.8353,33.1038],[-97.8389,33.1008],[-97.8396,33.0978],[-97.8376,33.0931],[-97.8401,33.0922],[-97.8429,33.0849],[-97.8456,33.0838],[-97.8441,33.0787],[-97.8418,33.0774],[-97.8436,33.0732],[-97.8421,33.0717],[-97.8433,33.0663],[-97.84,33.0615],[-97.8452,33.0548],[-97.849,33.0555],[-97.8495,33.0543],[-97.8467,33.0503],[-97.8487,33.0486],[-97.8456,33.0434],[-97.8469,33.0395],[-97.8419,33.0349],[-97.8415,33.0314],[-97.8381,33.029],[-97.8377,33.0266],[-97.8413,33.0242],[-97.8408,33.0154],[-97.8365,33.0089],[-97.8341,33.0088],[-97.8346,33.0043],[-97.8269,33.002],[-97.8248,32.9989],[-97.8251,32.9956],[-97.8201,32.9911],[-97.8157,32.9919],[-97.8114,32.9882],[-97.8089,32.9882],[-97.8065,32.9811],[-97.7932,32.9796],[-97.7871,32.9823],[-97.785,32.9696],[-97.7783,32.9659],[-97.7705,32.9651],[-97.7688,32.962],[-97.7624,32.9596],[-97.7614,32.9552],[-97.7554,32.9513],[-97.752,32.9383],[-97.7539,32.9324],[-97.7504,32.9303],[-97.7499,32.9233],[-97.7458,32.919],[-97.7385,32.9175],[-97.7339,32.9192],[-97.7294,32.9148],[-97.7228,32.9168],[-97.7183,32.9099],[-97.7178,32.9021],[-97.7163,32.902],[-97.715,32.8986],[-97.7113,32.8989],[-97.7107,32.8931],[-97.7063,32.8904],[-97.7052,32.8879],[-97.7069,32.8847],[-97.7039,32.882],[-97.7016,32.8759],[-97.696,32.8775],[-97.6932,32.8748],[-97.6888,32.8814],[-97.6844,32.8807],[-97.6788,32.884],[-97.6725,32.8817],[-97.6691,32.8842],[-97.6659,32.8816],[-97.659,32.8814],[-97.656,32.8798],[-97.6504,32.8826],[-97.6405,32.8744],[-97.636,32.8744],[-97.6311,32.8721],[-97.629,32.8734],[-97.6223,32.8731],[-97.6194,32.8767],[-97.6094,32.8772],[-97.6092,32.8793],[-97.6001,32.8784],[-97.5976,32.8805],[-97.5946,32.8797],[-97.5896,32.882],[-97.5854,32.8768],[-97.5822,32.8754],[-97.5778,32.8759],[-97.5771,32.8723],[-97.5697,32.8706],[-97.5685,32.8671],[-97.5541,32.8585],[-97.5481,32.8587],[-97.5429,32.8619],[-97.5383,32.8625],[-97.5245,32.8605],[-97.5186,32.8646],[-97.5121,32.8623],[-97.509,32.8657],[-97.5049,32.8654],[-97.4963,32.8703],[-97.4949,32.8727],[-97.4853,32.8692],[-97.4822,32.8749],[-97.4773,32.8788],[-97.4746,32.8767],[-97.459,32.8745],[-97.4579,32.8732],[-97.4558,32.874],[-97.4506,32.8684],[-97.4488,32.8688],[-97.4437,32.866],[-97.4413,32.8623],[-97.4391,32.8628],[-97.4373,32.8673],[-97.4351,32.866],[-97.4274,32.8666],[-97.4239,32.8701],[-97.423,32.8756],[-97.4249,32.8788],[-97.4246,32.8816],[-97.4141,32.8891],[-97.4084,32.8898],[-97.4035,32.8984],[-97.404,32.904],[-97.4017,32.9053],[-97.4042,32.919],[-97.4153,32.934],[-97.4194,32.9436],[-97.4175,32.9488],[-97.4094,32.9579],[-97.412,32.9695],[-97.4071,32.9782],[-97.4092,32.981],[-97.4091,32.9878],[-97.4131,32.9931],[-97.4172,32.9935],[-97.4193,32.9958],[-97.4186,33.0038],[-97.422,33.0084],[-97.4289,33.0116],[-97.4304,33.0166],[-97.4373,33.0194],[-97.441,33.0193],[-97.4489,33.0322],[-97.4525,33.0324],[-97.4555,33.035],[-97.4546,33.0393],[-97.4559,33.0412],[-97.4622,33.0458],[-97.4677,33.0466],[-97.4722,33.0525],[-97.4687,33.0581],[-97.4737,33.0686],[-97.4716,33.0784],[-97.4726,33.083],[-97.4704,33.085],[-97.4728,33.0902],[-97.4685,33.093],[-97.4708,33.0984],[-97.4685,33.1],[-97.468,33.1038],[-97.4709,33.1079],[-97.4753,33.1081],[-97.4824,33.1203],[-97.483,33.124],[-97.4891,33.1279],[-97.4916,33.1284],[-97.4936,33.1262],[-97.4956,33.128],[-97.4991,33.1273],[-97.5013,33.1249],[-97.5059,33.1278],[-97.5055,33.1314],[-97.5079,33.1381],[-97.5059,33.1424],[-97.5086,33.1527],[-97.52,33.1538],[-97.522,33.1513],[-97.5248,33.1525],[-97.5303,33.151],[-97.5325,33.1563],[-97.5351,33.1584],[-97.5466,33.1616],[-97.547,33.1633],[-97.5446,33.1672],[-97.5478,33.1714],[-97.5465,33.1791],[-97.5511,33.1823],[-97.5523,33.1871],[-97.5632,33.2006],[-97.5679,33.2019],[-97.5689,33.2178],[-97.5739,33.2204],[-97.5772,33.234],[-97.5839,33.2327],[-97.589,33.2349]]]},"properties":{"objectid":12015,"tnmid":"{CAA59A7D-727F-4BB7-9806-3607EAAE49B6}","metasourceid":"{511D2AC8-11BA-45FC-AB98-F69D693D4C44}","sourcedatadesc":"Watershed Boundary Dataset (WBD)","sourceoriginator":"Natural Resources and Conservation Service and U.S. Geological Survey","sourcefeatureid":null,"loaddate":1723726881000,"referencegnis_ids":"1383210,1373517","areaacres":281844.15,"areasqkm":1140.58,"states":"TX","huc10":"1203010106","name":"West Fork Trinity River-Eagle Mountain Lake","hutype":"M","humod":null,"globalid":"{18EC7E3C-E29C-11E2-8094-0021280458E6}","shape_Length":202419.66996349598,"shape_Area":1627179317.925276}},{"type":"Feature","id":12016,"geometry":{"type":"Polygon","coordinates":[[[-97.667,32.8823],[-97.6691,32.8842],[-97.6725,32.8817],[-97.6788,32.884],[-97.6844,32.8807],[-97.6885,32.8816],[-97.6932,32.8748],[-97.692,32.8689],[-97.6884,32.8651],[-97.6898,32.858],[-97.6865,32.8537],[-97.6849,32.8484],[-97.6802,32.8459],[-97.681,32.8434],[-97.6791,32.8408],[-97.6771,32.8411],[-97.6769,32.837],[-97.6725,32.8361],[-97.6704,32.8319],[-97.6662,32.8319],[-97.6671,32.8265],[-97.6614,32.8223],[-97.662,32.8189],[-97.6569,32.816],[-97.6567,32.8109],[-97.6505,32.8104],[-97.6472,32.8063],[-97.6438,32.8048],[-97.6429,32.8012],[-97.6329,32.7975],[-97.6291,32.7984],[-97.6275,32.801],[-97.6237,32.8028],[-97.6219,32.8059],[-97.623,32.8097],[-97.6205,32.8102],[-97.6188,32.8077],[-97.6154,32.8083],[-97.6105,32.8062],[-97.609,32.8024],[-97.6053,32.8036],[-97.6029,32.8025],[-97.6008,32.7989],[-97.5946,32.7992],[-97.5869,32.7938],[-97.5837,32.7956],[-97.5807,32.7897],[-97.5764,32.7943],[-97.5752,32.7905],[-97.5706,32.7863],[-97.5707,32.7843],[-97.5682,32.7827],[-97.5623,32.7841],[-97.5626,32.7808],[-97.5601,32.7778],[-97.5602,32.7722],[-97.5571,32.7695],[-97.5557,32.7631],[-97.5439,32.7606],[-97.5412,32.7561],[-97.5347,32.7545],[-97.532,32.7508],[-97.5304,32.7511],[-97.5282,32.7564],[-97.5257,32.7552],[-97.5239,32.7568],[-97.5193,32.7553],[-97.5119,32.7452],[-97.5029,32.7412],[-97.4992,32.7436],[-97.4853,32.7385],[-97.4821,32.741],[-97.4775,32.7405],[-97.4743,32.7384],[-97.4701,32.7385],[-97.4693,32.7403],[-97.4672,32.7404],[-97.4638,32.7369],[-97.4614,32.7305],[-97.4566,32.7284],[-97.4556,32.7254],[-97.4492,32.7236],[-97.4445,32.7252],[-97.4412,32.7222],[-97.4361,32.7215],[-97.4347,32.7248],[-97.4292,32.7289],[-97.4292,32.7307],[-97.4244,32.7334],[-97.4198,32.7323],[-97.4171,32.7343],[-97.409,32.735],[-97.4059,32.7386],[-97.4017,32.737],[-97.3918,32.7443],[-97.3564,32.7521],[-97.3504,32.7547],[-97.3469,32.7618],[-97.343,32.7586],[-97.3374,32.7607],[-97.3446,32.7664],[-97.3443,32.7714],[-97.3465,32.7721],[-97.3508,32.7691],[-97.3646,32.7747],[-97.3664,32.7801],[-97.3706,32.7845],[-97.369,32.7901],[-97.372,32.7915],[-97.3737,32.7965],[-97.3805,32.8007],[-97.3849,32.8011],[-97.3871,32.8067],[-97.3948,32.8096],[-97.4065,32.8068],[-97.4113,32.8085],[-97.4094,32.8123],[-97.4114,32.8129],[-97.4127,32.8183],[-97.4181,32.8225],[-97.4205,32.8274],[-97.42,32.8323],[-97.422,32.8396],[-97.4205,32.844],[-97.4229,32.8515],[-97.4252,32.8535],[-97.4252,32.8606],[-97.4204,32.8647],[-97.421,32.8698],[-97.4239,32.8701],[-97.4289,32.8661],[-97.4373,32.8673],[-97.4391,32.8628],[-97.4413,32.8623],[-97.4437,32.866],[-97.4488,32.8688],[-97.4506,32.8684],[-97.4558,32.874],[-97.4579,32.8732],[-97.459,32.8745],[-97.4746,32.8767],[-97.4773,32.8788],[-97.4822,32.8749],[-97.4853,32.8692],[-97.4949,32.8727],[-97.4963,32.8703],[-97.5049,32.8654],[-97.509,32.8657],[-97.5121,32.8623],[-97.5186,32.8646],[-97.5245,32.8605],[-97.5383,32.8625],[-97.5429,32.8619],[-97.5481,32.8587],[-97.5541,32.8585],[-97.5685,32.8671],[-97.5697,32.8706],[-97.5771,32.8723],[-97.5778,32.8759],[-97.5822,32.8754],[-97.5854,32.8768],[-97.5896,32.882],[-97.5946,32.8797],[-97.5976,32.8805],[-97.6001,32.8784],[-97.6092,32.8793],[-97.6094,32.8772],[-97.62,32.8766],[-97.6223,32.8731],[-97.6322,32.8721],[-97.636,32.8744],[-97.6405,32.8744],[-97.6504,32.8826],[-97.656,32.8798],[-97.667,32.8823]]]},"properties":{"objectid":12016,"tnmid":"{BF166045-420F-4ADB-AEC9-DAE41D642546}","metasourceid":"{511D2AC8-11BA-45FC-AB98-F69D693D4C44}","sourcedatadesc":"Watershed Boundary Dataset (WBD)","sourceoriginator":"Natural Resources and Conservation Service and U.S. Geological Survey","sourcefeatureid":null,"loaddate":1723726881000,"referencegnis_ids":"1339528,1383210","areaacres":77637.39,"areasqkm":314.19,"states":"TX","huc10":"1203010201","name":"Lake Worth-West Fork Trinity River","hutype":"S","humod":null,"globalid":"{18EC9D10-E29C-11E2-8094-0021280458E6}","shape_Length":126288.85668736267,"shape_Area":446024399.4172455}}]}