{"type":"FeatureCollection","features":[{"type":"Feature","id":10088,"geometry":{"type":"Polygon","coordinates":[[[-96.9491,32.9845],[-96.9529,32.9858],[-96.9561,32.9886],[-96.9624,32.9905],[-96.9658,32.993],[-96.9732,32.9942],[-96.9764,32.9954],[-96.9822,32.999],[-96.9829,33.0021],[-96.9853,33.0045],[-96.987,33.0037],[-96.9906,33.0035],[-96.9939,33],[-96.996,33],[-96.9971,33.0039],[-96.9983,33.006],[-96.9999,33.0072],[-97.0042,33.007],[-97.0082,33.0055],[-97.0113,33.0055],[-97.0172,33.0093],[-97.0202,33.0087],[-97.0226,33.01],[-97.0249,33.0086],[-97.0299,33.011],[-97.0345,33.0115],[-97.0363,33.0128],[-97.0388,33.0172],[-97.0477,33.0163],[-97.055,33.0184],[-97.0577,33.0186],[-97.0609,33.015],[-97.0663,33.0149],[-97.0722,33.0113],[-97.0737,33.0119],[-97.0738,33.0096],[-97.0711,33.0074],[-97.0693,33.0022],[-97.0676,33],[-97.0672,32.9968],[-97.0673,32.9949],[-97.0706,32.9919],[-97.0713,32.9889],[-97.0685,32.9878],[-97.0673,32.9844],[-97.0642,32.9831],[-97.0592,32.9784],[-97.0571,32.9756],[-97.0549,32.9622],[-97.055,32.9557],[-97.0568,32.9514],[-97.0542,32.9482],[-97.0541,32.9469],[-97.0565,32.9443],[-97.0589,32.9398],[-97.0601,32.9351],[-97.0622,32.9334],[-97.0679,32.9373],[-97.0702,32.9373],[-97.0711,32.9367],[-97.0783,32.9367],[-97.0824,32.933],[-97.0843,32.9321],[-97.0805,32.9285],[-97.0776,32.9212],[-97.0737,32.9197],[-97.0718,32.9178],[-97.0659,32.9165],[-97.0603,32.9178],[-97.0579,32.9196],[-97.0547,32.9207],[-97.0517,32.9253],[-97.0487,32.9249],[-97.0463,32.9285],[-97.0459,32.9307],[-97.0419,32.9327],[-97.0401,32.9353],[-97.0392,32.9387],[-97.0382,32.9398],[-97.0351,32.9412],[-97.0337,32.9447],[-97.0338,32.9473],[-97.0298,32.9532],[-97.0273,32.9552],[-97.02,32.9578],[-97.0142,32.958],[-97.0095,32.9597],[-97.0066,32.9619],[-96.9965,32.964],[-96.9942,32.9653],[-96.9901,32.9644],[-96.9875,32.9665],[-96.9858,32.967],[-96.9757,32.966],[-96.9729,32.9646],[-96.9712,32.9619],[-96.9682,32.9598],[-96.9651,32.9609],[-96.9634,32.9605],[-96.9622,32.9642],[-96.9608,32.965],[-96.953,32.9648],[-96.95,32.966],[-96.9474,32.9659],[-96.9446,32.9702],[-96.9427,32.9703],[-96.9406,32.9719],[-96.94,32.9743],[-96.9426,32.9771],[-96.9451,32.9811],[-96.9491,32.9845]]]},"properties":{"objectid":10088,"tnmid":"{EDE6DBE3-CEA0-4A2F-BA3B-0D095BF76978}","metasourceid":"{511D2AC8-11BA-45FC-AB98-F69D693D4C44}","sourcedatadesc":"Watershed Boundary Dataset (WBD)","sourceoriginator":"Natural Resources and Conservation Service and U.S. Geological Survey","sourcefeatureid":null,"loaddate":1723704945000,"referencegnis_ids":"1333425,1383076","areaacres":15858.02,"areasqkm":64.18,"states":"TX","huc12":"120301040307","name":"Cottonwood Branch-Denton Creek","hutype":"S","humod":"NM","tohuc":"120301031004","noncontributingareaacres":0,"noncontributingareasqkm":0,"globalid":"{BBB2943D-E29C-11E2-8094-0021280458E6}","shape_Length":56511.653968684535,"shape_Area":91442174.31436872}},{"type":"Feature","id":11954,"geometry":{"type":"Polygon","coordinates":[[[-96.4876,33.1732],[-96.4897,33.1771],[-96.4907,33.1778],[-96.4931,33.1777],[-96.4966,33.1823],[-96.4974,33.1891],[-96.4993,33.1921],[-96.4991,33.1945],[-96.5008,33.198],[-96.5009,33.2017],[-96.5054,33.2101],[-96.5054,33.2124],[-96.5068,33.2158],[-96.5068,33.2221],[-96.5089,33.2231],[-96.5095,33.2242],[-96.5089,33.2289],[-96.5118,33.2296],[-96.5222,33.229],[-96.5246,33.2349],[-96.5275,33.2386],[-96.5274,33.2432],[-96.5289,33.2461],[-96.5288,33.2494],[-96.5295,33.2506],[-96.531,33.2513],[-96.5328,33.2536],[-96.5354,33.2536],[-96.5373,33.2546],[-96.5407,33.258],[-96.5421,33.2566],[-96.5421,33.252],[-96.5395,33.2339],[-96.5363,33.2311],[-96.5374,33.2275],[-96.5389,33.2259],[-96.539,33.2236],[-96.537,33.2203],[-96.5392,33.2169],[-96.5377,33.211],[-96.5395,33.2074],[-96.5391,33.2051],[-96.5401,33.203],[-96.5394,33.2016],[-96.5364,33.199],[-96.538,33.193],[-96.5364,33.19],[-96.5313,33.189],[-96.5303,33.1881],[-96.5319,33.186],[-96.5315,33.1843],[-96.5263,33.1818],[-96.5231,33.1786],[-96.5195,33.1774],[-96.518,33.1761],[-96.5181,33.1721],[-96.52,33.1689],[-96.5201,33.1652],[-96.5174,33.1609],[-96.5172,33.1577],[-96.5156,33.1544],[-96.5156,33.1487],[-96.5112,33.1443],[-96.5113,33.1413],[-96.5121,33.1397],[-96.5095,33.1344],[-96.5106,33.1317],[-96.5106,33.1279],[-96.5088,33.1232],[-96.5069,33.1211],[-96.5053,33.1169],[-96.5051,33.1103],[-96.503,33.1057],[-96.503,33.1039],[-96.5021,33.1024],[-96.4988,33.1012],[-96.4987,33.0992],[-96.4976,33.0976],[-96.4986,33.09],[-96.497,33.0905],[-96.4942,33.0901],[-96.4897,33.0917],[-96.488,33.0903],[-96.4856,33.0899],[-96.478,33.0927],[-96.4769,33.0953],[-96.4776,33.0998],[-96.4785,33.1004],[-96.4782,33.1032],[-96.4795,33.1054],[-96.481,33.1057],[-96.4829,33.1082],[-96.4817,33.1104],[-96.4826,33.1125],[-96.4804,33.1169],[-96.4804,33.1179],[-96.4824,33.1205],[-96.4828,33.1258],[-96.4824,33.1305],[-96.4837,33.1336],[-96.484,33.1376],[-96.4886,33.142],[-96.4882,33.1448],[-96.4897,33.1478],[-96.489,33.1506],[-96.4922,33.1544],[-96.4904,33.157],[-96.492,33.1598],[-96.4893,33.1678],[-96.4891,33.1702],[-96.4876,33.1732]]]},"properties":{"objectid":11954,"tnmid":"{FD927C84-66B5-4210-A717-CBD64AF8AFE6}","metasourceid":"{511D2AC8-11BA-45FC-AB98-F69D693D4C44}","sourcedatadesc":"Watershed Boundary Dataset (WBD)","sourceoriginator":"Natural Resources and Conservation Service and U.S. Geological Survey","sourcefeatureid":null,"loaddate":1723704945000,"referencegnis_ids":"1348547,1339727","areaacres":10881.04,"areasqkm":44.03,"states":"TX","huc12":"120301060306","name":"Ticky Creek-Lavon Lake","hutype":"S","humod":"NM","tohuc":"120301060307","noncontributingareaacres":0,"noncontributingareasqkm":0,"globalid":"{BC33E7CC-E29C-11E2-8094-0021280458E6}","shape_Length":54624.0616900484,"shape_Area":63019704.22569349}},{"type":"Feature","id":12168,"geometry":{"type":"Polygon","coordinates":[[[-96.6715,32.8486],[-96.6714,32.8508],[-96.6701,32.8542],[-96.6712,32.8576],[-96.6733,32.86],[-96.6814,32.8472],[-96.685,32.843],[-96.6892,32.8358],[-96.6913,32.8334],[-96.6976,32.8311],[-96.7005,32.831],[-96.7056,32.8274],[-96.7104,32.8268],[-96.7117,32.8255],[-96.714,32.817],[-96.7194,32.8135],[-96.724,32.8143],[-96.7288,32.8211],[-96.7336,32.8219],[-96.735,32.8227],[-96.7419,32.8214],[-96.7472,32.8185],[-96.7522,32.819],[-96.7563,32.8228],[-96.7564,32.8244],[-96.7551,32.8261],[-96.7557,32.8276],[-96.7594,32.8292],[-96.7599,32.8305],[-96.7659,32.8316],[-96.7665,32.831],[-96.7675,32.8258],[-96.7656,32.8235],[-96.7656,32.8221],[-96.7668,32.8208],[-96.7663,32.8179],[-96.7668,32.8157],[-96.7674,32.8157],[-96.7686,32.8135],[-96.7695,32.8133],[-96.7709,32.8104],[-96.7728,32.8097],[-96.7739,32.8107],[-96.777,32.8083],[-96.7777,32.8059],[-96.7778,32.8005],[-96.7757,32.7986],[-96.7757,32.7961],[-96.7753,32.7948],[-96.7745,32.7945],[-96.774,32.7935],[-96.7734,32.7907],[-96.7732,32.7804],[-96.7764,32.7746],[-96.7742,32.7714],[-96.7742,32.77],[-96.7753,32.7689],[-96.7741,32.767],[-96.7747,32.765],[-96.7598,32.7477],[-96.7579,32.7444],[-96.7548,32.742],[-96.7567,32.7388],[-96.7564,32.736],[-96.7508,32.735],[-96.748,32.7365],[-96.7465,32.736],[-96.7391,32.7262],[-96.7333,32.7237],[-96.7325,32.7255],[-96.7271,32.7261],[-96.7246,32.7249],[-96.7201,32.7258],[-96.7185,32.7296],[-96.7169,32.7304],[-96.7084,32.7292],[-96.7034,32.7341],[-96.6986,32.7363],[-96.6989,32.7438],[-96.7005,32.7458],[-96.6971,32.7479],[-96.6951,32.7513],[-96.6928,32.7529],[-96.6913,32.7576],[-96.6899,32.7583],[-96.6871,32.7565],[-96.6859,32.7581],[-96.6828,32.7598],[-96.6814,32.7633],[-96.6796,32.7634],[-96.6782,32.7647],[-96.6787,32.7687],[-96.6797,32.7704],[-96.6833,32.7735],[-96.6841,32.7803],[-96.6862,32.7834],[-96.6856,32.7873],[-96.6847,32.7887],[-96.6813,32.7905],[-96.6819,32.7949],[-96.6802,32.7989],[-96.6777,32.7999],[-96.6729,32.7989],[-96.6721,32.8004],[-96.672,32.8033],[-96.6709,32.8051],[-96.6657,32.8107],[-96.6636,32.8194],[-96.6639,32.8225],[-96.6636,32.8234],[-96.6615,32.8248],[-96.6635,32.8277],[-96.6623,32.8323],[-96.666,32.8334],[-96.6672,32.835],[-96.667,32.8397],[-96.6697,32.8435],[-96.6703,32.8472],[-96.6715,32.8486]]]},"properties":{"objectid":12168,"tnmid":"{B018BC39-246D-4FB9-9AB2-8145E2599699}","metasourceid":"{511D2AC8-11BA-45FC-AB98-F69D693D4C44}","sourcedatadesc":"Watershed Boundary Dataset (WBD)","sourceoriginator":"Natural Resources and Conservation Service and U.S. Geological Survey","sourcefeatureid":null,"loaddate":1723704945000,"referencegnis_ids":"2410288,1349986","areaacres":22322.66,"areasqkm":90.34,"states":"TX","huc12":"120301050106","name":"City of Dallas-White Rock Creek","hutype":"S","humod":"TF,UA","tohuc":"120301050108","noncontributingareaacres":0,"noncontributingareasqkm":0,"globalid":"{BBCE0F2A-E29C-11E2-8094-0021280458E6}","shape_Length":60035.44456576713,"shape_Area":128170802.66339077}},{"type":"Feature","id":13805,"geometry":{"type":"Polygon","coordinates":[[[-96.5313,32.6328],[-96.5323,32.6326],[-96.5331,32.634],[-96.5325,32.6362],[-96.5392,32.6378],[-96.5407,32.6395],[-96.5484,32.6436],[-96.5489,32.6483],[-96.5519,32.651],[-96.5525,32.6542],[-96.5518,32.6554],[-96.5523,32.6574],[-96.5563,32.6586],[-96.5563,32.6597],[-96.5581,32.6611],[-96.5643,32.6593],[-96.568,32.6569],[-96.5695,32.6497],[-96.5724,32.6452],[-96.5723,32.6398],[-96.5715,32.6387],[-96.572,32.6366],[-96.5728,32.6354],[-96.5745,32.6346],[-96.575,32.6332],[-96.5787,32.6307],[-96.5797,32.6277],[-96.5805,32.627],[-96.5918,32.624],[-96.5954,32.6201],[-96.6005,32.6189],[-96.6047,32.62],[-96.6136,32.6239],[-96.6222,32.625],[-96.6252,32.6271],[-96.6243,32.6236],[-96.6196,32.6198],[-96.6166,32.6159],[-96.6146,32.6145],[-96.6123,32.614],[-96.6066,32.6144],[-96.6013,32.6125],[-96.5954,32.6133],[-96.5917,32.6102],[-96.5867,32.6081],[-96.5822,32.6013],[-96.5833,32.5966],[-96.5783,32.5821],[-96.5769,32.5807],[-96.5727,32.5792],[-96.5719,32.5765],[-96.5732,32.571],[-96.5775,32.5675],[-96.5828,32.5669],[-96.5845,32.5655],[-96.5843,32.5648],[-96.5739,32.5621],[-96.5722,32.56],[-96.5707,32.5563],[-96.5639,32.5491],[-96.5607,32.5472],[-96.5519,32.5468],[-96.5486,32.5452],[-96.5455,32.5408],[-96.5438,32.5397],[-96.5385,32.5381],[-96.5324,32.5392],[-96.5265,32.536],[-96.526,32.5277],[-96.5246,32.5238],[-96.5199,32.5174],[-96.5125,32.5027],[-96.5095,32.5],[-96.5057,32.4995],[-96.5028,32.4972],[-96.5016,32.497],[-96.5011,32.4974],[-96.5012,32.4988],[-96.4994,32.4996],[-96.4978,32.4992],[-96.4953,32.5011],[-96.4898,32.5024],[-96.4829,32.5083],[-96.4854,32.5115],[-96.4853,32.5124],[-96.4895,32.5148],[-96.4892,32.5163],[-96.4901,32.5188],[-96.4888,32.523],[-96.4903,32.5251],[-96.4947,32.5276],[-96.4953,32.5285],[-96.4947,32.5302],[-96.4954,32.5334],[-96.4996,32.5365],[-96.4981,32.5435],[-96.4961,32.5458],[-96.495,32.5461],[-96.4949,32.5475],[-96.4914,32.551],[-96.49,32.551],[-96.4877,32.5525],[-96.486,32.5547],[-96.4876,32.5567],[-96.4888,32.5611],[-96.4874,32.5647],[-96.4841,32.5669],[-96.4839,32.5708],[-96.4855,32.5733],[-96.4891,32.5751],[-96.4917,32.5789],[-96.4955,32.5807],[-96.4975,32.5824],[-96.4976,32.5847],[-96.501,32.5857],[-96.5051,32.5861],[-96.5086,32.5885],[-96.5136,32.593],[-96.5142,32.5961],[-96.5219,32.6028],[-96.5207,32.6056],[-96.5214,32.6062],[-96.5161,32.6105],[-96.5168,32.6111],[-96.5156,32.6145],[-96.5181,32.6156],[-96.5231,32.6194],[-96.5274,32.6277],[-96.5301,32.6284],[-96.5313,32.6328]]]},"properties":{"objectid":13805,"tnmid":"{6C85A148-84BD-42A7-AAAA-727954876BD0}","metasourceid":"{511D2AC8-11BA-45FC-AB98-F69D693D4C44}","sourcedatadesc":"Watershed Boundary Dataset (WBD)","sourceoriginator":"Natural Resources and Conservation Service and U.S. Geological Survey","sourcefeatureid":null,"loaddate":1723704945000,"referencegnis_ids":"1375364,1348789","areaacres":22713.26,"areasqkm":91.92,"states":"TX","huc12":"120301050205","name":"Parsons Slough-Trinity River","hutype":"S","humod":"TF,LE","tohuc":"120301050402","noncontributingareaacres":0,"noncontributingareasqkm":0,"globalid":"{BBCEC92E-E29C-11E2-8094-0021280458E6}","shape_Length":68855.51311058602,"shape_Area":129823517.69688587}},{"type":"Feature","id":14362,"geometry":{"type":"Polygon","coordinates":[[[-96.7929,32.8919],[-96.7943,32.8958],[-96.7959,32.8972],[-96.7988,32.8976],[-96.8036,32.9001],[-96.8044,32.9026],[-96.8039,32.9078],[-96.8074,32.91],[-96.8075,32.914],[-96.8047,32.9191],[-96.8025,32.9219],[-96.8044,32.9253],[-96.8049,32.9279],[-96.8108,32.9313],[-96.8168,32.9328],[-96.8202,32.9329],[-96.8214,32.9318],[-96.8274,32.9305],[-96.8286,32.929],[-96.8289,32.9262],[-96.8297,32.9252],[-96.8307,32.9248],[-96.8338,32.9255],[-96.8375,32.9216],[-96.8408,32.9234],[-96.8432,32.9219],[-96.848,32.9224],[-96.8496,32.9157],[-96.8513,32.9141],[-96.8634,32.9132],[-96.8663,32.9119],[-96.8692,32.9121],[-96.8783,32.9111],[-96.8845,32.9093],[-96.8889,32.9088],[-96.8947,32.9064],[-96.8962,32.9034],[-96.8963,32.9003],[-96.8998,32.9004],[-96.9041,32.8985],[-96.9081,32.8957],[-96.9116,32.8948],[-96.9159,32.8732],[-96.9183,32.8721],[-96.9189,32.8707],[-96.9295,32.8739],[-96.9317,32.874],[-96.9389,32.8778],[-96.94,32.8777],[-96.9423,32.8757],[-96.9471,32.8732],[-96.949,32.8707],[-96.9517,32.8691],[-96.9506,32.8668],[-96.9512,32.8645],[-96.9527,32.8631],[-96.953,32.86],[-96.9541,32.8579],[-96.9564,32.8583],[-96.9571,32.854],[-96.954,32.8526],[-96.9533,32.8517],[-96.9512,32.851],[-96.9477,32.8517],[-96.9446,32.8497],[-96.9445,32.845],[-96.9425,32.8417],[-96.9425,32.8407],[-96.9443,32.8386],[-96.9445,32.8283],[-96.9425,32.8263],[-96.9421,32.8241],[-96.94,32.8211],[-96.9401,32.8161],[-96.9379,32.8104],[-96.9292,32.8074],[-96.9244,32.8088],[-96.9236,32.8101],[-96.9202,32.8109],[-96.9157,32.8073],[-96.9157,32.8061],[-96.9149,32.8052],[-96.9135,32.805],[-96.9122,32.8035],[-96.9069,32.8025],[-96.906,32.8032],[-96.9054,32.8006],[-96.8982,32.7983],[-96.8995,32.8059],[-96.9025,32.8073],[-96.9039,32.8096],[-96.904,32.8142],[-96.9018,32.8176],[-96.8944,32.8237],[-96.8865,32.8318],[-96.8855,32.8357],[-96.8843,32.8374],[-96.8753,32.8406],[-96.8703,32.8392],[-96.8652,32.8456],[-96.8635,32.846],[-96.8628,32.8477],[-96.8469,32.8531],[-96.842,32.8532],[-96.8392,32.8549],[-96.8356,32.8557],[-96.832,32.8574],[-96.8282,32.8559],[-96.8248,32.8558],[-96.8225,32.8575],[-96.8208,32.8581],[-96.8182,32.8578],[-96.8137,32.8556],[-96.8137,32.8549],[-96.8126,32.8541],[-96.81,32.854],[-96.8053,32.8566],[-96.802,32.8656],[-96.7986,32.8672],[-96.7968,32.8689],[-96.7973,32.8768],[-96.7941,32.8806],[-96.7921,32.8865],[-96.7918,32.8895],[-96.7929,32.8919]]]},"properties":{"objectid":14362,"tnmid":"{3DCFAAFF-BAB1-4399-A57F-F05DD79BB96A}","metasourceid":"{511D2AC8-11BA-45FC-AB98-F69D693D4C44}","sourcedatadesc":"Watershed Boundary Dataset (WBD)","sourceoriginator":"Natural Resources and Conservation Service and U.S. Geological Survey","sourcefeatureid":null,"loaddate":1723704945000,"referencegnis_ids":"1329903,1373653","areaacres":27021.9,"areasqkm":109.35,"states":"TX","huc12":"120301031007","name":"Bachman Branch-Elm Fork Trinity River","hutype":"S","humod":"LE,TF,GC,UA","tohuc":"120301050102","noncontributingareaacres":0,"noncontributingareasqkm":0,"globalid":"{BBB09D65-E29C-11E2-8094-0021280458E6}","shape_Length":65875.37103592654,"shape_Area":155447812.75507}},{"type":"Feature","id":14374,"geometry":{"type":"Polygon","coordinates":[[[-96.9702,32.9298],[-96.9723,32.9296],[-96.9748,32.9276],[-96.9781,32.9278],[-96.9803,32.9245],[-96.9818,32.9241],[-96.9842,32.925],[-96.9845,32.9266],[-96.9874,32.9275],[-96.9928,32.9256],[-96.9939,32.926],[-97.0003,32.9306],[-97.0029,32.9316],[-97.004,32.931],[-97.0043,32.9281],[-97.0056,32.9256],[-97.0083,32.924],[-97.0101,32.9149],[-97.0115,32.9146],[-97.0222,32.9162],[-97.0279,32.9153],[-97.0328,32.9154],[-97.034,32.914],[-97.035,32.9075],[-97.0367,32.905],[-97.0369,32.9035],[-97.0347,32.8956],[-97.0329,32.8934],[-97.0331,32.8876],[-97.0321,32.886],[-97.0294,32.8845],[-97.028,32.882],[-97.0264,32.8806],[-97.0229,32.879],[-97.0201,32.8757],[-97.016,32.8742],[-97.0127,32.8746],[-97.0096,32.8713],[-97.0072,32.8701],[-97.0067,32.8697],[-97.0067,32.8673],[-97.0044,32.8647],[-97.0037,32.8626],[-97.0015,32.8603],[-96.995,32.8595],[-96.9946,32.8573],[-96.9922,32.8552],[-96.9846,32.8551],[-96.984,32.8535],[-96.9842,32.8511],[-96.9831,32.8492],[-96.9751,32.8507],[-96.9744,32.8518],[-96.9749,32.8526],[-96.9749,32.8551],[-96.9729,32.8562],[-96.971,32.8586],[-96.97,32.8585],[-96.9697,32.8562],[-96.9686,32.8553],[-96.9644,32.8555],[-96.9606,32.8578],[-96.9585,32.8584],[-96.9541,32.8579],[-96.953,32.86],[-96.9527,32.8631],[-96.9514,32.8641],[-96.9506,32.8665],[-96.9517,32.8691],[-96.949,32.8707],[-96.9471,32.8732],[-96.9423,32.8757],[-96.94,32.8777],[-96.9389,32.8778],[-96.933,32.8744],[-96.9308,32.874],[-96.9309,32.8769],[-96.9334,32.8817],[-96.9351,32.8805],[-96.9356,32.8808],[-96.9354,32.8825],[-96.9378,32.8834],[-96.9369,32.8876],[-96.9436,32.8949],[-96.9437,32.8985],[-96.9457,32.9008],[-96.9517,32.9039],[-96.9526,32.9088],[-96.9525,32.913],[-96.9542,32.9143],[-96.9576,32.9153],[-96.958,32.9175],[-96.9601,32.92],[-96.9642,32.9221],[-96.9647,32.9241],[-96.9675,32.9259],[-96.9702,32.9298]]]},"properties":{"objectid":14374,"tnmid":"{A3897EB5-63C6-413E-9FEB-711FD3B69B11}","metasourceid":"{511D2AC8-11BA-45FC-AB98-F69D693D4C44}","sourcedatadesc":"Watershed Boundary Dataset (WBD)","sourceoriginator":"Natural Resources and Conservation Service and U.S. Geological Survey","sourcefeatureid":null,"loaddate":1723704945000,"referencegnis_ids":"1333423,1373964","areaacres":13328.78,"areasqkm":53.94,"states":"TX","huc12":"120301031006","name":"Cottonwood Branch-Hackberry Creek","hutype":"S","humod":"LE","tohuc":"120301031007","noncontributingareaacres":0,"noncontributingareasqkm":0,"globalid":"{BBB07DB4-E29C-11E2-8094-0021280458E6}","shape_Length":41309.39178530935,"shape_Area":76711804.68972434}},{"type":"Feature","id":14432,"geometry":{"type":"Polygon","coordinates":[[[-97.2512,33.1735],[-97.2565,33.1753],[-97.2583,33.175],[-97.2625,33.1726],[-97.266,33.1742],[-97.2678,33.1736],[-97.2686,33.1764],[-97.2731,33.1792],[-97.2757,33.1828],[-97.2796,33.1828],[-97.2828,33.1845],[-97.289,33.186],[-97.2975,33.1913],[-97.3105,33.1939],[-97.3123,33.1979],[-97.313,33.2031],[-97.316,33.2058],[-97.3166,33.2085],[-97.3181,33.2109],[-97.3219,33.2131],[-97.3272,33.2129],[-97.3287,33.2167],[-97.3321,33.2185],[-97.3367,33.2156],[-97.3369,33.2147],[-97.335,33.2104],[-97.3356,33.2056],[-97.3361,33.2041],[-97.3408,33.1991],[-97.3407,33.1983],[-97.3381,33.1964],[-97.3366,33.1913],[-97.3366,33.1892],[-97.3373,33.1879],[-97.34,33.1874],[-97.3413,33.186],[-97.3412,33.1837],[-97.3453,33.179],[-97.3461,33.1762],[-97.3502,33.1743],[-97.3496,33.1725],[-97.351,33.1674],[-97.3502,33.1673],[-97.3501,33.1661],[-97.3529,33.1633],[-97.3559,33.1615],[-97.3585,33.1579],[-97.363,33.1565],[-97.3715,33.1572],[-97.3735,33.155],[-97.3745,33.1549],[-97.3766,33.1557],[-97.3799,33.1553],[-97.383,33.1538],[-97.3845,33.1514],[-97.3823,33.15],[-97.3778,33.1495],[-97.3747,33.1453],[-97.3692,33.1444],[-97.367,33.142],[-97.3626,33.1389],[-97.3601,33.1379],[-97.3568,33.1349],[-97.3511,33.1313],[-97.3506,33.1284],[-97.3493,33.1263],[-97.3423,33.1246],[-97.3409,33.1231],[-97.3403,33.1212],[-97.337,33.1208],[-97.335,33.1216],[-97.3344,33.1211],[-97.3344,33.1197],[-97.3322,33.1182],[-97.3279,33.1175],[-97.3246,33.1159],[-97.3159,33.1156],[-97.3136,33.1131],[-97.3111,33.1121],[-97.3033,33.1127],[-97.2921,33.1108],[-97.2918,33.1085],[-97.293,33.1014],[-97.2897,33.0987],[-97.2874,33.0989],[-97.2851,33.0978],[-97.2776,33.1039],[-97.2776,33.106],[-97.2763,33.1071],[-97.2749,33.1063],[-97.2734,33.1063],[-97.2719,33.1069],[-97.2706,33.1085],[-97.2637,33.1075],[-97.2607,33.1084],[-97.2569,33.1139],[-97.2534,33.1153],[-97.2522,33.119],[-97.2465,33.1211],[-97.2408,33.1249],[-97.2388,33.1295],[-97.2353,33.1341],[-97.2382,33.1386],[-97.2365,33.1497],[-97.2404,33.1528],[-97.2443,33.1535],[-97.245,33.1542],[-97.2451,33.1555],[-97.2441,33.1578],[-97.2448,33.1594],[-97.243,33.161],[-97.2422,33.163],[-97.2455,33.1658],[-97.2447,33.1706],[-97.2462,33.1722],[-97.2492,33.172],[-97.2512,33.1735]]]},"properties":{"objectid":14432,"tnmid":"{5A747192-8ED2-49E6-9062-B7876093D929}","metasourceid":"{511D2AC8-11BA-45FC-AB98-F69D693D4C44}","sourcedatadesc":"Watershed Boundary Dataset (WBD)","sourceoriginator":"Natural Resources and Conservation Service and U.S. Geological Survey","sourcefeatureid":null,"loaddate":1723704945000,"referencegnis_ids":"1337880,1383076","areaacres":22512.46,"areasqkm":91.1,"states":"TX","huc12":"120301040205","name":"Hog Branch-Denton Creek","hutype":"S","humod":"TF","tohuc":"120301040303","noncontributingareaacres":0,"noncontributingareasqkm":0,"globalid":"{BBB1AFD0-E29C-11E2-8094-0021280458E6}","shape_Length":56461.593896065984,"shape_Area":130326179.88564037}},{"type":"Feature","id":14438,"geometry":{"type":"Polygon","coordinates":[[[-97.3321,33.2185],[-97.3325,33.2222],[-97.3311,33.2312],[-97.334,33.2368],[-97.3376,33.2382],[-97.3364,33.241],[-97.3364,33.2456],[-97.3376,33.2471],[-97.3435,33.2491],[-97.3447,33.2501],[-97.3452,33.2518],[-97.344,33.2547],[-97.3461,33.2594],[-97.3497,33.26],[-97.3527,33.2621],[-97.3552,33.2611],[-97.3613,33.2654],[-97.3633,33.2657],[-97.3646,33.2667],[-97.366,33.2693],[-97.3653,33.2713],[-97.3658,33.2812],[-97.3699,33.2811],[-97.3713,33.2777],[-97.376,33.2746],[-97.3767,33.271],[-97.3783,33.2699],[-97.3789,33.2672],[-97.38,33.2658],[-97.3807,33.2654],[-97.3829,33.2659],[-97.3848,33.2645],[-97.3885,33.2641],[-97.3898,33.2633],[-97.3897,33.2615],[-97.391,33.2578],[-97.3911,33.2551],[-97.3941,33.2506],[-97.3949,33.2482],[-97.3965,33.2476],[-97.3989,33.2481],[-97.4017,33.2478],[-97.4039,33.2462],[-97.4041,33.2453],[-97.4014,33.2431],[-97.4031,33.2391],[-97.3985,33.2324],[-97.3981,33.2301],[-97.3987,33.2268],[-97.3984,33.224],[-97.3989,33.222],[-97.4046,33.2186],[-97.4048,33.2151],[-97.4069,33.2122],[-97.4074,33.2097],[-97.4097,33.2099],[-97.4123,33.2119],[-97.4149,33.2124],[-97.4163,33.2144],[-97.4184,33.2145],[-97.4209,33.2137],[-97.4218,33.2111],[-97.4271,33.2083],[-97.4282,33.2064],[-97.4291,33.206],[-97.4337,33.2084],[-97.4365,33.207],[-97.4404,33.2092],[-97.4429,33.2076],[-97.4483,33.2108],[-97.4505,33.2146],[-97.4526,33.215],[-97.4547,33.2145],[-97.4561,33.2132],[-97.4599,33.2142],[-97.4605,33.2163],[-97.4621,33.2177],[-97.4669,33.2164],[-97.4684,33.2175],[-97.469,33.2195],[-97.4723,33.2217],[-97.4737,33.2204],[-97.4724,33.2167],[-97.4731,33.2141],[-97.4761,33.2128],[-97.4772,33.2113],[-97.4761,33.2093],[-97.4761,33.2075],[-97.4744,33.2058],[-97.4707,33.2044],[-97.4686,33.2023],[-97.4631,33.2005],[-97.4632,33.1983],[-97.4593,33.1959],[-97.4569,33.1951],[-97.4548,33.1896],[-97.4524,33.1894],[-97.4509,33.1914],[-97.4493,33.1909],[-97.4484,33.1896],[-97.4485,33.1868],[-97.4459,33.1846],[-97.4429,33.1854],[-97.4422,33.1837],[-97.44,33.1828],[-97.4404,33.181],[-97.4388,33.1793],[-97.4345,33.1768],[-97.4302,33.1752],[-97.428,33.173],[-97.425,33.1733],[-97.423,33.1725],[-97.422,33.1713],[-97.4212,33.1666],[-97.4203,33.1659],[-97.4184,33.1656],[-97.4151,33.1635],[-97.4124,33.1639],[-97.4112,33.1626],[-97.4097,33.1621],[-97.4067,33.1619],[-97.4031,33.1607],[-97.4001,33.1611],[-97.3995,33.1604],[-97.3996,33.1572],[-97.3958,33.156],[-97.3943,33.1541],[-97.3914,33.153],[-97.3902,33.1513],[-97.3864,33.1509],[-97.3845,33.1514],[-97.383,33.1538],[-97.3799,33.1553],[-97.3766,33.1557],[-97.3745,33.1549],[-97.3735,33.155],[-97.3715,33.1572],[-97.363,33.1565],[-97.3585,33.1579],[-97.3559,33.1615],[-97.3529,33.1633],[-97.3501,33.1661],[-97.3502,33.1673],[-97.351,33.1674],[-97.3496,33.1725],[-97.3502,33.1743],[-97.3461,33.1762],[-97.3453,33.179],[-97.3412,33.1837],[-97.3413,33.186],[-97.34,33.1874],[-97.3373,33.1879],[-97.3366,33.1892],[-97.3366,33.1913],[-97.3381,33.1964],[-97.3407,33.1983],[-97.3408,33.1991],[-97.3361,33.2041],[-97.3356,33.2056],[-97.335,33.2104],[-97.3369,33.2147],[-97.3367,33.2156],[-97.3321,33.2185]]]},"properties":{"objectid":14438,"tnmid":"{0354559D-47D4-4F74-A9FF-2F20F7DA7FB4}","metasourceid":"{511D2AC8-11BA-45FC-AB98-F69D693D4C44}","sourcedatadesc":"Watershed Boundary Dataset (WBD)","sourceoriginator":"Natural Resources and Conservation Service and U.S. Geological Survey","sourcefeatureid":null,"loaddate":1723704945000,"referencegnis_ids":"1341932,1383076","areaacres":22653.64,"areasqkm":91.68,"states":"TX","huc12":"120301040204","name":"Morris Branch-Denton Creek","hutype":"S","humod":"NM","tohuc":"120301040205","noncontributingareaacres":0,"noncontributingareasqkm":0,"globalid":"{BBB18F49-E29C-11E2-8094-0021280458E6}","shape_Length":64764.831255268764,"shape_Area":131308386.85998905}},{"type":"Feature","id":14440,"geometry":{"type":"Polygon","coordinates":[[[-97.4761,33.2088],[-97.4814,33.2089],[-97.4824,33.2131],[-97.4843,33.2144],[-97.4855,33.2144],[-97.487,33.2124],[-97.4911,33.2124],[-97.4919,33.2129],[-97.4922,33.2162],[-97.493,33.2177],[-97.4975,33.2137],[-97.502,33.2131],[-97.5081,33.2147],[-97.5106,33.2139],[-97.5118,33.2125],[-97.5171,33.2123],[-97.5211,33.208],[-97.5241,33.2083],[-97.5248,33.2068],[-97.5292,33.2056],[-97.5325,33.2069],[-97.534,33.2094],[-97.5352,33.2103],[-97.5402,33.2102],[-97.5465,33.2122],[-97.5487,33.2122],[-97.5538,33.2154],[-97.5562,33.2132],[-97.5593,33.2142],[-97.5627,33.213],[-97.5655,33.2131],[-97.5678,33.2118],[-97.5683,33.203],[-97.567,33.2006],[-97.5632,33.2006],[-97.5553,33.1897],[-97.5523,33.1871],[-97.5511,33.1823],[-97.5495,33.181],[-97.5477,33.1806],[-97.5465,33.1791],[-97.5466,33.1753],[-97.5478,33.1714],[-97.5446,33.1672],[-97.545,33.1659],[-97.547,33.1633],[-97.5466,33.1616],[-97.5442,33.1607],[-97.541,33.161],[-97.539,33.1591],[-97.5351,33.1584],[-97.5325,33.1563],[-97.5323,33.1536],[-97.5303,33.151],[-97.5248,33.1525],[-97.522,33.1513],[-97.5211,33.1536],[-97.52,33.1538],[-97.5132,33.1539],[-97.5115,33.153],[-97.5086,33.1527],[-97.5077,33.1519],[-97.5081,33.1491],[-97.5059,33.1424],[-97.507,33.1411],[-97.5079,33.1381],[-97.5071,33.1364],[-97.5072,33.1333],[-97.5055,33.1314],[-97.5059,33.1278],[-97.5031,33.1254],[-97.5013,33.1249],[-97.5001,33.1268],[-97.4991,33.1273],[-97.4956,33.128],[-97.4936,33.1262],[-97.4916,33.1284],[-97.4891,33.1279],[-97.4872,33.126],[-97.483,33.124],[-97.4824,33.1203],[-97.4753,33.1081],[-97.4726,33.108],[-97.4716,33.1085],[-97.4683,33.1043],[-97.4648,33.1053],[-97.4582,33.1016],[-97.4528,33.1009],[-97.4504,33.0992],[-97.4492,33.0963],[-97.4476,33.0955],[-97.4441,33.0951],[-97.4386,33.096],[-97.4345,33.0989],[-97.4306,33.1],[-97.4277,33.1001],[-97.4225,33.0984],[-97.4176,33.0986],[-97.4129,33.1015],[-97.4073,33.1024],[-97.407,33.1054],[-97.4054,33.1073],[-97.3996,33.1083],[-97.3938,33.1065],[-97.3883,33.1083],[-97.3841,33.1082],[-97.3823,33.1102],[-97.3788,33.1126],[-97.3764,33.1125],[-97.3742,33.1132],[-97.3719,33.1111],[-97.3694,33.1101],[-97.3668,33.1076],[-97.3661,33.106],[-97.3554,33.1029],[-97.349,33.0986],[-97.3435,33.0963],[-97.3418,33.0967],[-97.3406,33.0999],[-97.3381,33.0978],[-97.3314,33.0965],[-97.3293,33.0927],[-97.3269,33.0918],[-97.3261,33.0921],[-97.3249,33.0947],[-97.3222,33.095],[-97.3163,33.0995],[-97.3114,33.0997],[-97.3094,33.1006],[-97.3075,33.1002],[-97.305,33.0984],[-97.3016,33.0977],[-97.2988,33.0956],[-97.2944,33.095],[-97.2938,33.0951],[-97.2933,33.0964],[-97.2892,33.0963],[-97.2854,33.0971],[-97.2851,33.0978],[-97.2874,33.0989],[-97.2897,33.0987],[-97.293,33.1014],[-97.2918,33.1085],[-97.2921,33.1108],[-97.3033,33.1127],[-97.3111,33.1121],[-97.3136,33.1131],[-97.3159,33.1156],[-97.3246,33.1159],[-97.3279,33.1175],[-97.3322,33.1182],[-97.3344,33.1197],[-97.3344,33.1211],[-97.335,33.1216],[-97.337,33.1208],[-97.3403,33.1212],[-97.3409,33.1231],[-97.3423,33.1246],[-97.3493,33.1263],[-97.3506,33.1284],[-97.3511,33.1313],[-97.3568,33.1349],[-97.3601,33.1379],[-97.3626,33.1389],[-97.367,33.142],[-97.3692,33.1444],[-97.3747,33.1453],[-97.3778,33.1495],[-97.3823,33.15],[-97.3845,33.1514],[-97.3864,33.1509],[-97.3902,33.1513],[-97.3914,33.153],[-97.3943,33.1541],[-97.3958,33.156],[-97.3996,33.1572],[-97.3995,33.1604],[-97.4001,33.1611],[-97.4031,33.1607],[-97.4067,33.1619],[-97.4097,33.1621],[-97.4112,33.1626],[-97.4124,33.1639],[-97.4151,33.1635],[-97.4184,33.1656],[-97.4203,33.1659],[-97.4212,33.1666],[-97.422,33.1713],[-97.423,33.1725],[-97.425,33.1733],[-97.428,33.173],[-97.4302,33.1752],[-97.4345,33.1768],[-97.4388,33.1793],[-97.4404,33.181],[-97.44,33.1828],[-97.4422,33.1837],[-97.4429,33.1854],[-97.4459,33.1846],[-97.4485,33.1868],[-97.4484,33.1896],[-97.4493,33.1909],[-97.4509,33.1914],[-97.4524,33.1894],[-97.4548,33.1896],[-97.4569,33.1951],[-97.4593,33.1959],[-97.4632,33.1983],[-97.4631,33.2005],[-97.4686,33.2023],[-97.4707,33.2044],[-97.4744,33.2058],[-97.4761,33.2075],[-97.4761,33.2088]]]},"properties":{"objectid":14440,"tnmid":"{4995E80F-1595-444F-873C-ADA4ED5D81A0}","metasourceid":"{511D2AC8-11BA-45FC-AB98-F69D693D4C44}","sourcedatadesc":"Watershed Boundary Dataset (WBD)","sourceoriginator":"Natural Resources and Conservation Service and U.S. Geological Survey","sourcefeatureid":null,"loaddate":1723704945000,"referencegnis_ids":"1343257","areaacres":37047.96,"areasqkm":149.93,"states":"TX","huc12":"120301040206","name":"Oliver Creek","hutype":"S","humod":"TF","tohuc":"120301040303","noncontributingareaacres":0,"noncontributingareasqkm":0,"globalid":"{BBB1C77D-E29C-11E2-8094-0021280458E6}","shape_Length":92794.30408281459,"shape_Area":214467572.28804147}},{"type":"Feature","id":14441,"geometry":{"type":"Polygon","coordinates":[[[-97.4073,33.1024],[-97.4108,33.1023],[-97.4189,33.0985],[-97.4225,33.0984],[-97.4277,33.1001],[-97.4306,33.1],[-97.4345,33.0989],[-97.4386,33.096],[-97.4451,33.0951],[-97.4492,33.0963],[-97.4504,33.0992],[-97.4528,33.1009],[-97.4582,33.1016],[-97.4648,33.1053],[-97.4683,33.1043],[-97.4679,33.103],[-97.4685,33.1],[-97.4692,33.1],[-97.4708,33.0984],[-97.4705,33.0957],[-97.4689,33.0949],[-97.4685,33.093],[-97.4728,33.0902],[-97.4704,33.085],[-97.4726,33.083],[-97.4716,33.0784],[-97.473,33.0732],[-97.4729,33.0692],[-97.4737,33.0686],[-97.4724,33.0662],[-97.4722,33.0637],[-97.4687,33.0581],[-97.4698,33.056],[-97.4722,33.0543],[-97.4722,33.0525],[-97.4712,33.0508],[-97.4677,33.0466],[-97.4622,33.0458],[-97.4605,33.0439],[-97.458,33.0425],[-97.4576,33.0429],[-97.4559,33.0412],[-97.4546,33.0393],[-97.4555,33.035],[-97.4525,33.0324],[-97.4489,33.0322],[-97.4455,33.0277],[-97.441,33.0193],[-97.4392,33.0186],[-97.4373,33.0194],[-97.4354,33.0177],[-97.4304,33.0166],[-97.4295,33.0156],[-97.4299,33.0131],[-97.4289,33.0116],[-97.4281,33.011],[-97.4253,33.0108],[-97.4224,33.0088],[-97.4202,33.0052],[-97.419,33.0047],[-97.4167,33.0056],[-97.4143,33.0051],[-97.4086,33.0025],[-97.4042,33.0025],[-97.3994,33.0043],[-97.3981,33.0058],[-97.3937,33.0082],[-97.3907,33.0124],[-97.3866,33.0129],[-97.3785,33.0107],[-97.3727,33.01],[-97.3688,33.0086],[-97.364,33.0058],[-97.3595,33.0013],[-97.3555,32.9989],[-97.3517,32.9992],[-97.3465,32.9982],[-97.3414,32.9951],[-97.3349,32.9943],[-97.3337,32.9945],[-97.327,32.9986],[-97.3258,32.9963],[-97.3239,32.9955],[-97.3178,32.999],[-97.3137,32.9994],[-97.3118,33.0017],[-97.3042,33.0038],[-97.298,33.0023],[-97.2964,33.0002],[-97.294,32.9989],[-97.2923,32.9992],[-97.289,33.0006],[-97.2862,33.0043],[-97.2809,33.0054],[-97.2799,33.0064],[-97.2799,33.0083],[-97.2786,33.0095],[-97.2734,33.0112],[-97.2699,33.0142],[-97.2673,33.0144],[-97.2635,33.0128],[-97.2606,33.0132],[-97.2577,33.0145],[-97.2609,33.0166],[-97.2641,33.0199],[-97.2641,33.0218],[-97.2627,33.0246],[-97.2644,33.0287],[-97.2705,33.0317],[-97.2715,33.0344],[-97.2732,33.0364],[-97.2762,33.0354],[-97.2772,33.0343],[-97.2813,33.0341],[-97.2856,33.0352],[-97.287,33.037],[-97.2905,33.0373],[-97.2932,33.0385],[-97.2938,33.0384],[-97.2948,33.0365],[-97.2982,33.036],[-97.3012,33.0377],[-97.3026,33.0402],[-97.3069,33.0397],[-97.3095,33.0408],[-97.3108,33.0415],[-97.3112,33.0428],[-97.3137,33.0442],[-97.319,33.0502],[-97.3209,33.0533],[-97.3236,33.0553],[-97.3275,33.0603],[-97.3319,33.061],[-97.3349,33.0605],[-97.3365,33.0617],[-97.3398,33.0623],[-97.345,33.0644],[-97.3458,33.0685],[-97.3531,33.0728],[-97.3542,33.0755],[-97.3578,33.0757],[-97.36,33.0795],[-97.3637,33.082],[-97.3663,33.0827],[-97.3692,33.0854],[-97.371,33.0882],[-97.3749,33.0878],[-97.3772,33.0888],[-97.3829,33.0891],[-97.3847,33.0901],[-97.3874,33.0895],[-97.3891,33.0897],[-97.3909,33.0906],[-97.3947,33.095],[-97.3976,33.0958],[-97.4073,33.1024]]]},"properties":{"objectid":14441,"tnmid":"{680D3353-0B8D-4177-BD23-1B6633FB2DD3}","metasourceid":"{511D2AC8-11BA-45FC-AB98-F69D693D4C44}","sourcedatadesc":"Watershed Boundary Dataset (WBD)","sourceoriginator":"Natural Resources and Conservation Service and U.S. Geological Survey","sourcefeatureid":null,"loaddate":1723704945000,"referencegnis_ids":"1335312","areaacres":34201.05,"areasqkm":138.41,"states":"TX","huc12":"120301040301","name":"Headwaters Elizabeth Creek","hutype":"S","humod":"TF","tohuc":"120301040303","noncontributingareaacres":0,"noncontributingareasqkm":0,"globalid":"{BBB1E701-E29C-11E2-8094-0021280458E6}","shape_Length":71033.65733507507,"shape_Area":197519990.61099717}},{"type":"Feature","id":14443,"geometry":{"type":"Polygon","coordinates":[[[-97.2499,33.0018],[-97.2525,33.006],[-97.2564,33.0095],[-97.256,33.012],[-97.2574,33.013],[-97.2577,33.0145],[-97.2606,33.0132],[-97.2635,33.0128],[-97.268,33.0145],[-97.2699,33.0142],[-97.2734,33.0112],[-97.2786,33.0095],[-97.2799,33.0083],[-97.2799,33.0064],[-97.2809,33.0054],[-97.2862,33.0043],[-97.289,33.0006],[-97.2923,32.9992],[-97.294,32.9989],[-97.2964,33.0002],[-97.298,33.0023],[-97.3042,33.0038],[-97.3118,33.0017],[-97.3137,32.9994],[-97.3178,32.999],[-97.3239,32.9955],[-97.3258,32.9963],[-97.327,32.9986],[-97.3337,32.9945],[-97.3367,32.9944],[-97.3414,32.9951],[-97.3465,32.9982],[-97.3517,32.9992],[-97.3555,32.9989],[-97.3595,33.0013],[-97.364,33.0058],[-97.3688,33.0086],[-97.3727,33.01],[-97.3885,33.0131],[-97.3915,33.0119],[-97.3937,33.0082],[-97.4019,33.0031],[-97.4071,33.0022],[-97.4143,33.0051],[-97.4181,33.0054],[-97.419,33.0047],[-97.4186,33.0031],[-97.4198,33.0008],[-97.42,32.9978],[-97.4181,32.9941],[-97.4131,32.9931],[-97.4109,32.9893],[-97.4091,32.9878],[-97.4085,32.9829],[-97.4092,32.981],[-97.4071,32.9782],[-97.4084,32.9763],[-97.4093,32.9734],[-97.412,32.9705],[-97.4116,32.9643],[-97.4092,32.9606],[-97.4092,32.9593],[-97.4097,32.9574],[-97.4118,32.955],[-97.4055,32.9525],[-97.4041,32.9498],[-97.3991,32.9452],[-97.3948,32.9446],[-97.3882,32.9412],[-97.385,32.9432],[-97.3817,32.9439],[-97.3759,32.9421],[-97.3721,32.94],[-97.3686,32.9405],[-97.3659,32.9431],[-97.3634,32.944],[-97.3614,32.9438],[-97.3576,32.9416],[-97.3555,32.9421],[-97.352,32.9445],[-97.348,32.9422],[-97.3459,32.9385],[-97.3448,32.9378],[-97.3434,32.9384],[-97.3418,32.941],[-97.3387,32.9425],[-97.3361,32.9422],[-97.3333,32.9408],[-97.3317,32.941],[-97.3294,32.9428],[-97.3276,32.9427],[-97.3251,32.9412],[-97.3232,32.9412],[-97.3209,32.9432],[-97.3144,32.9457],[-97.313,32.9464],[-97.3121,32.9479],[-97.3085,32.9493],[-97.3076,32.9493],[-97.3043,32.9476],[-97.2997,32.9439],[-97.295,32.9426],[-97.2935,32.9425],[-97.2923,32.9433],[-97.2916,32.9466],[-97.2908,32.9476],[-97.2868,32.9451],[-97.2817,32.9452],[-97.279,32.9436],[-97.2778,32.9437],[-97.2769,32.9448],[-97.2773,32.9484],[-97.2755,32.9505],[-97.2752,32.9523],[-97.2719,32.9565],[-97.2716,32.9597],[-97.2629,32.9672],[-97.2625,32.9711],[-97.2633,32.9737],[-97.2632,32.9755],[-97.2595,32.9807],[-97.258,32.9845],[-97.2547,32.9874],[-97.2562,32.9915],[-97.2498,32.9986],[-97.2493,33.0009],[-97.2499,33.0018]]]},"properties":{"objectid":14443,"tnmid":"{9FD08527-7663-49B3-A69E-CBD654A86C99}","metasourceid":"{511D2AC8-11BA-45FC-AB98-F69D693D4C44}","sourcedatadesc":"Watershed Boundary Dataset (WBD)","sourceoriginator":"Natural Resources and Conservation Service and U.S. Geological Survey","sourcefeatureid":null,"loaddate":1723704945000,"referencegnis_ids":"1337621","areaacres":23003.51,"areasqkm":93.09,"states":"TX","huc12":"120301040302","name":"Henrietta Creek","hutype":"S","humod":"NM","tohuc":"120301040303","noncontributingareaacres":0,"noncontributingareasqkm":0,"globalid":"{BBB1FE95-E29C-11E2-8094-0021280458E6}","shape_Length":59043.79863351854,"shape_Area":132642576.89603812}},{"type":"Feature","id":14720,"geometry":{"type":"Polygon","coordinates":[[[-97.0737,33.0119],[-97.0755,33.0132],[-97.0754,33.0146],[-97.0761,33.0154],[-97.0781,33.0166],[-97.0787,33.0213],[-97.08,33.0221],[-97.0835,33.0219],[-97.0865,33.023],[-97.0881,33.0229],[-97.0899,33.0255],[-97.0941,33.0265],[-97.0942,33.0282],[-97.0921,33.0297],[-97.0903,33.0326],[-97.0906,33.0366],[-97.0932,33.0368],[-97.0987,33.039],[-97.1007,33.0428],[-97.1037,33.0457],[-97.1102,33.0467],[-97.1123,33.0481],[-97.1142,33.0468],[-97.118,33.0468],[-97.12,33.0436],[-97.1199,33.0393],[-97.1187,33.0375],[-97.1196,33.0364],[-97.1179,33.034],[-97.1184,33.0316],[-97.1174,33.0304],[-97.1197,33.0298],[-97.1186,33.0268],[-97.1208,33.023],[-97.1208,33.0211],[-97.1201,33.0194],[-97.1208,33.0148],[-97.1201,33.0138],[-97.1177,33.0131],[-97.1154,33.0114],[-97.113,33.0089],[-97.1105,33.0083],[-97.1101,33.0069],[-97.1107,33.0044],[-97.1084,33.0014],[-97.1083,33.0003],[-97.1168,32.9878],[-97.1195,32.9874],[-97.1207,32.9838],[-97.123,32.983],[-97.1238,32.9799],[-97.1253,32.9788],[-97.1295,32.9782],[-97.1309,32.9771],[-97.1335,32.9772],[-97.1361,32.9764],[-97.1379,32.9702],[-97.1402,32.9683],[-97.141,32.9655],[-97.145,32.9645],[-97.1467,32.9626],[-97.151,32.9638],[-97.1526,32.963],[-97.1536,32.9597],[-97.1562,32.9553],[-97.1535,32.9511],[-97.1522,32.9455],[-97.1491,32.9433],[-97.1476,32.9432],[-97.1466,32.9438],[-97.1455,32.9466],[-97.1432,32.9454],[-97.1407,32.9461],[-97.138,32.9482],[-97.1366,32.9481],[-97.1335,32.945],[-97.1311,32.9444],[-97.1313,32.9431],[-97.1305,32.9421],[-97.1281,32.9413],[-97.1253,32.9347],[-97.1219,32.9355],[-97.1179,32.9336],[-97.1143,32.9363],[-97.1065,32.9347],[-97.1043,32.936],[-97.1021,32.9359],[-97.1013,32.9354],[-97.1,32.9322],[-97.0949,32.9314],[-97.0942,32.9285],[-97.0928,32.9279],[-97.0891,32.9286],[-97.087,32.9321],[-97.0835,32.9323],[-97.0783,32.9367],[-97.0679,32.9373],[-97.063,32.9335],[-97.0611,32.934],[-97.0601,32.9351],[-97.0589,32.9398],[-97.0565,32.9443],[-97.0541,32.9469],[-97.0542,32.9482],[-97.0568,32.9514],[-97.055,32.9557],[-97.0549,32.9593],[-97.0568,32.9745],[-97.0592,32.9784],[-97.0642,32.9831],[-97.0673,32.9844],[-97.0685,32.9878],[-97.0713,32.9889],[-97.0706,32.9919],[-97.0673,32.9949],[-97.0672,32.9968],[-97.0676,33],[-97.0693,33.0022],[-97.0711,33.0074],[-97.0736,33.0092],[-97.0737,33.0119]]]},"properties":{"objectid":14720,"tnmid":"{7ED94C67-55F6-46D0-A7B9-39B882178099}","metasourceid":"{511D2AC8-11BA-45FC-AB98-F69D693D4C44}","sourcedatadesc":"Watershed Boundary Dataset (WBD)","sourceoriginator":"Natural Resources and Conservation Service and U.S. Geological Survey","sourcefeatureid":null,"loaddate":1723704945000,"referencegnis_ids":"1334573,1373894","areaacres":16344.91,"areasqkm":66.15,"states":"TX","huc12":"120301040306","name":"Dove Creek-Grapevine Lake","hutype":"W","humod":"DM,RS","tohuc":"120301040307","noncontributingareaacres":0,"noncontributingareasqkm":0,"globalid":"{BBB27527-E29C-11E2-8094-0021280458E6}","shape_Length":52794.6054403209,"shape_Area":94250700.51389648}},{"type":"Feature","id":14722,"geometry":{"type":"Polygon","coordinates":[[[-97.2499,33.0018],[-97.2446,33.0032],[-97.2437,33.0053],[-97.242,33.0067],[-97.2361,33.0087],[-97.236,33.0115],[-97.234,33.0132],[-97.2343,33.016],[-97.2352,33.0176],[-97.2329,33.0198],[-97.2332,33.0225],[-97.232,33.0257],[-97.2313,33.031],[-97.2292,33.0308],[-97.2284,33.0326],[-97.2308,33.0396],[-97.2327,33.0407],[-97.2329,33.0425],[-97.2345,33.0433],[-97.2346,33.046],[-97.2365,33.0487],[-97.2358,33.0523],[-97.2314,33.0596],[-97.232,33.0642],[-97.2308,33.0653],[-97.2313,33.0675],[-97.2296,33.0696],[-97.234,33.0741],[-97.2334,33.0759],[-97.2346,33.0787],[-97.2337,33.0802],[-97.2355,33.0819],[-97.2361,33.0896],[-97.237,33.0905],[-97.2404,33.091],[-97.2399,33.0926],[-97.2411,33.0969],[-97.2407,33.0982],[-97.2398,33.0988],[-97.2414,33.104],[-97.2413,33.1061],[-97.2391,33.1093],[-97.2392,33.1145],[-97.2378,33.1163],[-97.2379,33.1178],[-97.2371,33.1199],[-97.24,33.1257],[-97.2465,33.1211],[-97.2522,33.119],[-97.2534,33.1153],[-97.2569,33.1139],[-97.2607,33.1084],[-97.2637,33.1075],[-97.2706,33.1085],[-97.2719,33.1069],[-97.2734,33.1063],[-97.2749,33.1063],[-97.2763,33.1071],[-97.2776,33.106],[-97.2776,33.1039],[-97.2819,33.1007],[-97.2854,33.0971],[-97.2892,33.0963],[-97.2933,33.0964],[-97.2938,33.0951],[-97.2944,33.095],[-97.2988,33.0956],[-97.3016,33.0977],[-97.305,33.0984],[-97.3075,33.1002],[-97.3094,33.1006],[-97.3114,33.0997],[-97.3163,33.0995],[-97.3222,33.095],[-97.3249,33.0947],[-97.3261,33.0921],[-97.3269,33.0918],[-97.3293,33.0927],[-97.3314,33.0965],[-97.3381,33.0978],[-97.3406,33.0999],[-97.3418,33.0967],[-97.3435,33.0963],[-97.349,33.0986],[-97.3554,33.1029],[-97.3661,33.106],[-97.3668,33.1076],[-97.3694,33.1101],[-97.3719,33.1111],[-97.3742,33.1132],[-97.3764,33.1125],[-97.3788,33.1126],[-97.3823,33.1102],[-97.3841,33.1082],[-97.3883,33.1083],[-97.3938,33.1065],[-97.4003,33.1082],[-97.4054,33.1073],[-97.4062,33.1066],[-97.407,33.1054],[-97.4073,33.1024],[-97.3976,33.0958],[-97.3947,33.095],[-97.3909,33.0906],[-97.3883,33.0895],[-97.3847,33.0901],[-97.3829,33.0891],[-97.3772,33.0888],[-97.3741,33.0877],[-97.3714,33.0884],[-97.3663,33.0827],[-97.3637,33.082],[-97.36,33.0795],[-97.3578,33.0757],[-97.3542,33.0755],[-97.3531,33.0728],[-97.3458,33.0685],[-97.345,33.0644],[-97.3398,33.0623],[-97.3365,33.0617],[-97.3349,33.0605],[-97.3319,33.061],[-97.3275,33.0603],[-97.3236,33.0553],[-97.3209,33.0533],[-97.319,33.0502],[-97.3137,33.0442],[-97.3112,33.0428],[-97.3103,33.0412],[-97.3069,33.0397],[-97.3026,33.0402],[-97.3012,33.0377],[-97.2989,33.0361],[-97.2948,33.0365],[-97.2938,33.0384],[-97.2932,33.0385],[-97.2905,33.0373],[-97.287,33.037],[-97.2856,33.0352],[-97.2813,33.0341],[-97.2772,33.0343],[-97.2762,33.0354],[-97.2732,33.0364],[-97.2715,33.0344],[-97.2705,33.0317],[-97.2644,33.0287],[-97.2627,33.0246],[-97.2641,33.0218],[-97.2641,33.0199],[-97.2609,33.0166],[-97.2578,33.015],[-97.2574,33.013],[-97.256,33.012],[-97.2564,33.0095],[-97.2525,33.006],[-97.2499,33.0018]]]},"properties":{"objectid":14722,"tnmid":"{F100EF91-6426-4EB3-8666-3B1814091D3E}","metasourceid":"{511D2AC8-11BA-45FC-AB98-F69D693D4C44}","sourcedatadesc":"Watershed Boundary Dataset (WBD)","sourceoriginator":"Natural Resources and Conservation Service and U.S. Geological Survey","sourcefeatureid":null,"loaddate":1723704945000,"referencegnis_ids":"1335312,1383076","areaacres":22675.5,"areasqkm":91.76,"states":"TX","huc12":"120301040303","name":"Elizabeth Creek-Denton Creek","hutype":"S","humod":"NM","tohuc":"120301040304","noncontributingareaacres":0,"noncontributingareasqkm":0,"globalid":"{BBB21F3D-E29C-11E2-8094-0021280458E6}","shape_Length":69911.01159850153,"shape_Area":131030441.62740381}},{"type":"Feature","id":14723,"geometry":{"type":"Polygon","coordinates":[[[-97.1448,33.0695],[-97.1459,33.0714],[-97.1463,33.0737],[-97.1479,33.0757],[-97.1471,33.0811],[-97.1491,33.0836],[-97.1486,33.0853],[-97.1497,33.0867],[-97.1535,33.0859],[-97.1553,33.0862],[-97.1561,33.087],[-97.1562,33.0894],[-97.1592,33.0901],[-97.1603,33.0914],[-97.1613,33.0945],[-97.1657,33.0927],[-97.1675,33.0928],[-97.1679,33.0941],[-97.173,33.0972],[-97.1736,33.0999],[-97.1791,33.1042],[-97.1834,33.1042],[-97.1859,33.1062],[-97.19,33.1037],[-97.1933,33.1045],[-97.1954,33.1041],[-97.1967,33.1047],[-97.1973,33.1074],[-97.2,33.1072],[-97.205,33.1128],[-97.2058,33.1152],[-97.2058,33.1192],[-97.2071,33.1226],[-97.2126,33.1245],[-97.2192,33.1236],[-97.2204,33.1252],[-97.2207,33.1269],[-97.2222,33.1283],[-97.2319,33.1307],[-97.2353,33.1341],[-97.2388,33.1295],[-97.24,33.1257],[-97.2371,33.1199],[-97.2379,33.1178],[-97.2378,33.1163],[-97.2392,33.1145],[-97.2391,33.1093],[-97.2413,33.1061],[-97.2414,33.104],[-97.2398,33.0988],[-97.2407,33.0982],[-97.2411,33.096],[-97.2399,33.0926],[-97.2404,33.091],[-97.237,33.0905],[-97.2361,33.0896],[-97.2355,33.0819],[-97.2337,33.0802],[-97.2346,33.0787],[-97.2334,33.0759],[-97.234,33.0741],[-97.2296,33.0699],[-97.2313,33.0675],[-97.2308,33.0653],[-97.232,33.0642],[-97.2314,33.0596],[-97.2358,33.0523],[-97.2365,33.0487],[-97.2346,33.046],[-97.2345,33.0433],[-97.2329,33.0425],[-97.2327,33.0407],[-97.2308,33.0396],[-97.2284,33.0326],[-97.2292,33.0308],[-97.2313,33.031],[-97.232,33.0257],[-97.2332,33.0225],[-97.2329,33.0198],[-97.2352,33.0176],[-97.2343,33.016],[-97.234,33.0132],[-97.236,33.0115],[-97.2361,33.0087],[-97.242,33.0067],[-97.2437,33.0053],[-97.2446,33.0032],[-97.2499,33.0018],[-97.2493,33.0009],[-97.2498,32.9986],[-97.2562,32.9915],[-97.2559,32.9905],[-97.2518,32.9914],[-97.2427,32.9918],[-97.237,32.9949],[-97.2327,32.9944],[-97.2311,32.9952],[-97.229,32.9995],[-97.2257,32.9995],[-97.2243,33.0009],[-97.2224,33.0016],[-97.2179,33.0067],[-97.2144,33.0088],[-97.2093,33.0072],[-97.2018,33.0102],[-97.1976,33.0104],[-97.1909,33.0117],[-97.1885,33.0141],[-97.1865,33.015],[-97.1845,33.0175],[-97.1798,33.0185],[-97.1793,33.0198],[-97.1797,33.0208],[-97.1779,33.026],[-97.1786,33.0292],[-97.1783,33.0314],[-97.1718,33.0344],[-97.1707,33.0359],[-97.1719,33.0391],[-97.1741,33.0406],[-97.1736,33.044],[-97.1743,33.0455],[-97.1733,33.0482],[-97.1742,33.0501],[-97.1724,33.0501],[-97.1712,33.0509],[-97.1705,33.0563],[-97.1695,33.057],[-97.1689,33.059],[-97.1655,33.0617],[-97.1651,33.0634],[-97.1645,33.0636],[-97.1602,33.0625],[-97.1582,33.0608],[-97.157,33.0609],[-97.1548,33.062],[-97.1527,33.0666],[-97.15,33.0669],[-97.1448,33.0695]]]},"properties":{"objectid":14723,"tnmid":"{48A1CB80-045B-40BB-81F5-D85F28DF94ED}","metasourceid":"{511D2AC8-11BA-45FC-AB98-F69D693D4C44}","sourcedatadesc":"Watershed Boundary Dataset (WBD)","sourceoriginator":"Natural Resources and Conservation Service and U.S. Geological Survey","sourcefeatureid":null,"loaddate":1723704945000,"referencegnis_ids":"1383076,1373894","areaacres":19261.87,"areasqkm":77.95,"states":"TX","huc12":"120301040304","name":"Denton Creek-Grapevine Lake","hutype":"S","humod":"NM","tohuc":"120301040305","noncontributingareaacres":0,"noncontributingareasqkm":0,"globalid":"{BBB237BB-E29C-11E2-8094-0021280458E6}","shape_Length":60098.59775189231,"shape_Area":111288040.18571803}},{"type":"Feature","id":14724,"geometry":{"type":"Polygon","coordinates":[[[-97.1331,33.0637],[-97.1382,33.0647],[-97.1408,33.0675],[-97.1448,33.0695],[-97.15,33.0669],[-97.1527,33.0666],[-97.1548,33.062],[-97.157,33.0609],[-97.1586,33.061],[-97.1609,33.0628],[-97.1639,33.0636],[-97.1651,33.0634],[-97.1655,33.0617],[-97.1689,33.059],[-97.1695,33.057],[-97.1705,33.0563],[-97.1712,33.0509],[-97.1724,33.0501],[-97.1742,33.0502],[-97.1733,33.0482],[-97.1743,33.0455],[-97.1736,33.044],[-97.1741,33.0406],[-97.1719,33.0391],[-97.1707,33.0359],[-97.1718,33.0344],[-97.1783,33.0314],[-97.1786,33.0292],[-97.1779,33.026],[-97.1797,33.0208],[-97.1793,33.0198],[-97.1798,33.0185],[-97.1845,33.0175],[-97.1865,33.015],[-97.1885,33.0141],[-97.1909,33.0117],[-97.1976,33.0104],[-97.2018,33.0102],[-97.2093,33.0072],[-97.2144,33.0088],[-97.2179,33.0067],[-97.2224,33.0016],[-97.2243,33.0009],[-97.2257,32.9995],[-97.229,32.9995],[-97.2311,32.9952],[-97.2327,32.9944],[-97.237,32.9949],[-97.2427,32.9918],[-97.2518,32.9914],[-97.2559,32.9905],[-97.2547,32.9874],[-97.258,32.9845],[-97.2595,32.9807],[-97.2634,32.9749],[-97.2625,32.9711],[-97.2629,32.9672],[-97.2716,32.9597],[-97.2719,32.955],[-97.2715,32.9542],[-97.2643,32.9504],[-97.2575,32.9507],[-97.2516,32.9532],[-97.2511,32.9546],[-97.2467,32.9536],[-97.2439,32.9538],[-97.2421,32.9524],[-97.2391,32.9534],[-97.2367,32.9526],[-97.2323,32.9523],[-97.2312,32.955],[-97.2284,32.9562],[-97.2275,32.9582],[-97.222,32.9618],[-97.2218,32.9643],[-97.2175,32.9658],[-97.2166,32.9649],[-97.2173,32.9626],[-97.2158,32.9603],[-97.2162,32.9585],[-97.2148,32.9571],[-97.21,32.9571],[-97.2082,32.9586],[-97.206,32.9593],[-97.2037,32.9593],[-97.201,32.9582],[-97.1965,32.9587],[-97.1946,32.956],[-97.1928,32.9552],[-97.1908,32.9556],[-97.1883,32.9544],[-97.189,32.951],[-97.1886,32.949],[-97.1864,32.949],[-97.1804,32.9468],[-97.1785,32.9446],[-97.1734,32.9478],[-97.1719,32.9509],[-97.1685,32.9517],[-97.1661,32.951],[-97.1647,32.9527],[-97.1628,32.9523],[-97.1612,32.9493],[-97.1553,32.9499],[-97.1542,32.9518],[-97.1561,32.9558],[-97.1536,32.9597],[-97.1526,32.963],[-97.151,32.9638],[-97.1467,32.9626],[-97.145,32.9645],[-97.141,32.9655],[-97.1402,32.9683],[-97.1379,32.9702],[-97.1361,32.9764],[-97.1335,32.9772],[-97.1309,32.9771],[-97.1295,32.9782],[-97.1253,32.9788],[-97.1238,32.9799],[-97.123,32.983],[-97.1207,32.9838],[-97.1195,32.9874],[-97.1168,32.9878],[-97.1082,33.0008],[-97.1107,33.0044],[-97.1101,33.0069],[-97.1105,33.0083],[-97.113,33.0089],[-97.1154,33.0114],[-97.1177,33.0131],[-97.1201,33.0138],[-97.1208,33.0148],[-97.1201,33.0194],[-97.1208,33.0211],[-97.1208,33.023],[-97.1186,33.0268],[-97.1197,33.0298],[-97.1174,33.0304],[-97.1184,33.0316],[-97.1179,33.034],[-97.1196,33.0364],[-97.1187,33.0375],[-97.1199,33.0393],[-97.12,33.0436],[-97.1187,33.0457],[-97.1222,33.0472],[-97.1251,33.0466],[-97.1265,33.0493],[-97.1284,33.05],[-97.1274,33.0512],[-97.1276,33.0535],[-97.1303,33.0552],[-97.1306,33.0567],[-97.1345,33.0597],[-97.1331,33.0637]]]},"properties":{"objectid":14724,"tnmid":"{6156462D-5CAA-456C-82D3-EBC6707B175E}","metasourceid":"{511D2AC8-11BA-45FC-AB98-F69D693D4C44}","sourcedatadesc":"Watershed Boundary Dataset (WBD)","sourceoriginator":"Natural Resources and Conservation Service and U.S. Geological Survey","sourcefeatureid":null,"loaddate":1723704945000,"referencegnis_ids":"1374803,1373894","areaacres":25141.25,"areasqkm":101.74,"states":"TX","huc12":"120301040305","name":"Marshall Branch-Grapevine Lake","hutype":"W","humod":"NM","tohuc":"120301040306","noncontributingareaacres":0,"noncontributingareasqkm":0,"globalid":"{BBB25CF5-E29C-11E2-8094-0021280458E6}","shape_Length":67201.87922425117,"shape_Area":145038787.17759985}},{"type":"Feature","id":14728,"geometry":{"type":"Polygon","coordinates":[[[-96.7245,32.9684],[-96.726,32.9687],[-96.7278,32.9678],[-96.7299,32.9678],[-96.7302,32.971],[-96.7313,32.9724],[-96.7341,32.9737],[-96.7341,32.9774],[-96.741,32.9797],[-96.7409,32.9817],[-96.743,32.9836],[-96.7413,32.9866],[-96.742,32.9905],[-96.7471,32.9938],[-96.7488,32.9938],[-96.7516,32.996],[-96.7545,32.9971],[-96.7587,33.0033],[-96.7633,33.0081],[-96.7671,33.0096],[-96.7678,33.0107],[-96.7677,33.0131],[-96.7644,33.0185],[-96.7655,33.0214],[-96.7703,33.0209],[-96.7722,33.024],[-96.7759,33.0246],[-96.7777,33.0276],[-96.7829,33.0275],[-96.7859,33.0263],[-96.7873,33.0238],[-96.7902,33.022],[-96.7902,33.0202],[-96.7916,33.018],[-96.7921,33.0141],[-96.7934,33.0123],[-96.7952,33.0118],[-96.7978,33.0088],[-96.799,33.0048],[-96.804,32.9966],[-96.804,32.9938],[-96.8025,32.9908],[-96.8054,32.9874],[-96.8043,32.9833],[-96.8045,32.9688],[-96.8068,32.9669],[-96.8102,32.9608],[-96.817,32.9606],[-96.8202,32.9563],[-96.825,32.9545],[-96.8265,32.9527],[-96.8255,32.9509],[-96.822,32.9477],[-96.8198,32.9446],[-96.8195,32.9366],[-96.8202,32.9329],[-96.8168,32.9328],[-96.8108,32.9313],[-96.8049,32.9279],[-96.8044,32.9253],[-96.8025,32.9219],[-96.8047,32.9191],[-96.8075,32.914],[-96.8078,32.9119],[-96.8069,32.9095],[-96.8039,32.9078],[-96.8044,32.9026],[-96.8036,32.9001],[-96.7988,32.8976],[-96.7959,32.8972],[-96.7943,32.8958],[-96.7929,32.8919],[-96.7893,32.8945],[-96.7861,32.8983],[-96.7788,32.898],[-96.7728,32.8989],[-96.771,32.9006],[-96.7684,32.9007],[-96.7666,32.9029],[-96.7648,32.9026],[-96.7643,32.9038],[-96.7615,32.9039],[-96.76,32.9058],[-96.7582,32.9062],[-96.7574,32.9071],[-96.7531,32.9086],[-96.75,32.9086],[-96.7484,32.9117],[-96.746,32.9123],[-96.7407,32.9098],[-96.7397,32.9109],[-96.7397,32.9125],[-96.7412,32.9156],[-96.7376,32.9192],[-96.7369,32.9263],[-96.735,32.93],[-96.7341,32.9312],[-96.7315,32.9325],[-96.7272,32.9373],[-96.7197,32.9395],[-96.7176,32.9425],[-96.7178,32.9458],[-96.7202,32.9534],[-96.7233,32.9578],[-96.7229,32.9609],[-96.7235,32.9626],[-96.7227,32.9642],[-96.7243,32.9661],[-96.7245,32.9684]]]},"properties":{"objectid":14728,"tnmid":"{BFCB4FA1-A41F-46D7-91F5-C96668B20D78}","metasourceid":"{511D2AC8-11BA-45FC-AB98-F69D693D4C44}","sourcedatadesc":"Watershed Boundary Dataset (WBD)","sourceoriginator":"Natural Resources and Conservation Service and U.S. Geological Survey","sourcefeatureid":null,"loaddate":1723704945000,"referencegnis_ids":"1335986,1349986","areaacres":21114.42,"areasqkm":85.45,"states":"TX","huc12":"120301050104","name":"Floyd Branch-White Rock Creek","hutype":"S","humod":"UA","tohuc":"120301050105","noncontributingareaacres":0,"noncontributingareasqkm":0,"globalid":"{BBCDD9A8-E29C-11E2-8094-0021280458E6}","shape_Length":52591.917669556104,"shape_Area":121694522.0241258}},{"type":"Feature","id":14732,"geometry":{"type":"Polygon","coordinates":[[[-96.6733,32.86],[-96.6721,32.8617],[-96.6733,32.8625],[-96.6732,32.8636],[-96.6745,32.8655],[-96.6785,32.8679],[-96.6788,32.8696],[-96.6776,32.8762],[-96.6784,32.8783],[-96.6807,32.88],[-96.6809,32.8833],[-96.6817,32.8847],[-96.6917,32.8922],[-96.6923,32.8936],[-96.6923,32.8963],[-96.6893,32.9064],[-96.6877,32.9084],[-96.6877,32.9097],[-96.6907,32.9108],[-96.6962,32.9105],[-96.6987,32.9121],[-96.7011,32.9173],[-96.7007,32.9207],[-96.7014,32.9219],[-96.7047,32.9242],[-96.704,32.9284],[-96.7051,32.931],[-96.714,32.9376],[-96.7176,32.9381],[-96.7197,32.9395],[-96.7272,32.9373],[-96.7315,32.9325],[-96.7341,32.9312],[-96.735,32.93],[-96.7369,32.9263],[-96.7376,32.9192],[-96.7412,32.9156],[-96.7397,32.9125],[-96.7397,32.9109],[-96.7407,32.9098],[-96.746,32.9123],[-96.7484,32.9117],[-96.75,32.9086],[-96.7531,32.9086],[-96.7574,32.9071],[-96.7582,32.9062],[-96.76,32.9058],[-96.7615,32.9039],[-96.7643,32.9038],[-96.7648,32.9026],[-96.7666,32.9029],[-96.7684,32.9007],[-96.771,32.9006],[-96.7728,32.8989],[-96.7788,32.898],[-96.7861,32.8983],[-96.7893,32.8945],[-96.7929,32.8919],[-96.7918,32.8895],[-96.7921,32.8865],[-96.7896,32.8826],[-96.7864,32.8799],[-96.788,32.8771],[-96.788,32.8698],[-96.7875,32.8692],[-96.7794,32.8679],[-96.7787,32.866],[-96.7755,32.8632],[-96.7755,32.8617],[-96.7717,32.8581],[-96.7717,32.8561],[-96.7733,32.8525],[-96.7725,32.8504],[-96.7701,32.8496],[-96.769,32.8483],[-96.7678,32.8409],[-96.7677,32.8357],[-96.7657,32.8333],[-96.7659,32.8316],[-96.7599,32.8305],[-96.7594,32.8292],[-96.7557,32.8276],[-96.7551,32.8261],[-96.7564,32.8244],[-96.7563,32.8228],[-96.7522,32.819],[-96.7472,32.8185],[-96.7419,32.8214],[-96.735,32.8227],[-96.7336,32.8219],[-96.7288,32.8211],[-96.724,32.8143],[-96.7194,32.8135],[-96.7177,32.8143],[-96.714,32.817],[-96.7117,32.8255],[-96.7104,32.8268],[-96.7056,32.8274],[-96.7005,32.831],[-96.6976,32.8311],[-96.6913,32.8334],[-96.6892,32.8358],[-96.685,32.843],[-96.6814,32.8472],[-96.6733,32.86]]]},"properties":{"objectid":14732,"tnmid":"{C971B8A4-2A6D-4AF7-BD5B-C472838BB5BC}","metasourceid":"{511D2AC8-11BA-45FC-AB98-F69D693D4C44}","sourcedatadesc":"Watershed Boundary Dataset (WBD)","sourceoriginator":"Natural Resources and Conservation Service and U.S. Geological Survey","sourcefeatureid":null,"loaddate":1723704945000,"referencegnis_ids":"1349986,1349987","areaacres":22718.63,"areasqkm":91.94,"states":"TX","huc12":"120301050105","name":"White Rock Creek-White Rock Lake","hutype":"S","humod":"DM,UA","tohuc":"120301050106","noncontributingareaacres":0,"noncontributingareasqkm":0,"globalid":"{BBCDF0E8-E29C-11E2-8094-0021280458E6}","shape_Length":52131.03671179792,"shape_Area":130699513.95320112}},{"type":"Feature","id":14756,"geometry":{"type":"Polygon","coordinates":[[[-96.7668,33.0901],[-96.7627,33.0924],[-96.7635,33.0959],[-96.7625,33.101],[-96.7631,33.1016],[-96.763,33.1052],[-96.7642,33.1088],[-96.7662,33.1116],[-96.7671,33.1149],[-96.7681,33.1155],[-96.7715,33.1252],[-96.7712,33.1265],[-96.7677,33.131],[-96.7678,33.1328],[-96.7743,33.1358],[-96.7761,33.1359],[-96.7785,33.1351],[-96.7799,33.137],[-96.7841,33.1402],[-96.7872,33.1411],[-96.7888,33.1386],[-96.789,33.1361],[-96.789,33.135],[-96.7878,33.1331],[-96.7914,33.1303],[-96.7934,33.1262],[-96.7954,33.125],[-96.7976,33.1248],[-96.7976,33.1219],[-96.799,33.1196],[-96.8017,33.1183],[-96.8089,33.1199],[-96.8145,33.1158],[-96.816,33.1133],[-96.8157,33.1115],[-96.8119,33.1042],[-96.8148,33.0955],[-96.8135,33.0918],[-96.8136,33.0902],[-96.8145,33.0866],[-96.8162,33.0842],[-96.8215,33.0807],[-96.822,33.0782],[-96.8248,33.0737],[-96.8255,33.0672],[-96.8234,33.0598],[-96.8234,33.0579],[-96.8258,33.0533],[-96.8258,33.0427],[-96.8264,33.0411],[-96.8317,33.0374],[-96.8329,33.0315],[-96.8366,33.0286],[-96.8402,33.0273],[-96.8418,33.026],[-96.8415,33.0232],[-96.8404,33.0218],[-96.8386,33.0208],[-96.838,33.0196],[-96.835,33.0174],[-96.8363,33.0078],[-96.8388,33.0053],[-96.8438,33.0026],[-96.8469,33.0022],[-96.8484,33.0006],[-96.8481,32.9986],[-96.8467,32.9978],[-96.8454,32.9947],[-96.844,32.9933],[-96.8433,32.99],[-96.8363,32.9858],[-96.8333,32.9831],[-96.8315,32.9799],[-96.8316,32.9775],[-96.8339,32.9715],[-96.8386,32.9653],[-96.8367,32.9638],[-96.8327,32.9653],[-96.8314,32.9654],[-96.8299,32.9646],[-96.8291,32.959],[-96.8265,32.9527],[-96.825,32.9545],[-96.8202,32.9563],[-96.817,32.9606],[-96.8102,32.9608],[-96.8068,32.9669],[-96.8045,32.9688],[-96.8043,32.9833],[-96.8054,32.9874],[-96.8025,32.9908],[-96.804,32.9938],[-96.804,32.9966],[-96.799,33.0048],[-96.7978,33.0088],[-96.7952,33.0118],[-96.7934,33.0123],[-96.7921,33.0141],[-96.7916,33.018],[-96.7902,33.0202],[-96.7902,33.022],[-96.7873,33.0238],[-96.7859,33.0263],[-96.7841,33.0273],[-96.7777,33.0276],[-96.7776,33.0306],[-96.7786,33.0323],[-96.7785,33.0343],[-96.7783,33.0363],[-96.777,33.0385],[-96.777,33.0404],[-96.7741,33.0415],[-96.7727,33.0446],[-96.77,33.0452],[-96.7684,33.0465],[-96.7687,33.0502],[-96.7662,33.0537],[-96.7645,33.0576],[-96.7645,33.0601],[-96.768,33.0671],[-96.7691,33.0707],[-96.7694,33.0755],[-96.7714,33.0779],[-96.7731,33.0864],[-96.7718,33.0894],[-96.7698,33.0902],[-96.7668,33.0901]]]},"properties":{"objectid":14756,"tnmid":"{031A3B64-A61E-494A-A712-3DD2C08902C0}","metasourceid":"{511D2AC8-11BA-45FC-AB98-F69D693D4C44}","sourcedatadesc":"Watershed Boundary Dataset (WBD)","sourceoriginator":"Natural Resources and Conservation Service and U.S. Geological Survey","sourcefeatureid":null,"loaddate":1723704945000,"referencegnis_ids":"1349985","areaacres":19976.99,"areasqkm":80.84,"states":"TX","huc12":"120301050103","name":"Headwaters White Rock Creek","hutype":"S","humod":"NM","tohuc":"120301050104","noncontributingareaacres":0,"noncontributingareasqkm":0,"globalid":"{BBB2E194-E29C-11E2-8094-0021280458E6}","shape_Length":63912.715860874734,"shape_Area":115384298.03326744}},{"type":"Feature","id":14784,"geometry":{"type":"Polygon","coordinates":[[[-96.8048,32.714],[-96.8104,32.7144],[-96.8118,32.7135],[-96.8131,32.7112],[-96.8219,32.7092],[-96.825,32.7096],[-96.827,32.7088],[-96.8296,32.7098],[-96.8322,32.7097],[-96.8348,32.7085],[-96.8388,32.7082],[-96.8399,32.7086],[-96.8436,32.7134],[-96.8483,32.7164],[-96.8519,32.7167],[-96.854,32.7158],[-96.8632,32.7194],[-96.8663,32.7182],[-96.8696,32.7185],[-96.8755,32.7217],[-96.8765,32.7242],[-96.8789,32.7245],[-96.884,32.7263],[-96.8857,32.7279],[-96.8934,32.7285],[-96.9017,32.7241],[-96.9023,32.7229],[-96.9057,32.7224],[-96.9094,32.7209],[-96.9122,32.7186],[-96.9139,32.7134],[-96.9159,32.711],[-96.9202,32.7092],[-96.9217,32.7074],[-96.9239,32.7062],[-96.9242,32.7035],[-96.9211,32.7016],[-96.9192,32.6991],[-96.9164,32.6982],[-96.9152,32.6969],[-96.9151,32.6957],[-96.9174,32.6907],[-96.9199,32.6886],[-96.9178,32.6868],[-96.9152,32.6865],[-96.9129,32.6851],[-96.913,32.6834],[-96.9147,32.6816],[-96.9142,32.6783],[-96.9129,32.6754],[-96.9084,32.6702],[-96.907,32.6708],[-96.9045,32.6696],[-96.9001,32.6629],[-96.896,32.6602],[-96.8951,32.6587],[-96.8867,32.6548],[-96.8864,32.6503],[-96.8795,32.6482],[-96.8776,32.646],[-96.8709,32.6458],[-96.8671,32.6437],[-96.8652,32.6403],[-96.8633,32.6414],[-96.8616,32.6393],[-96.8585,32.6388],[-96.8529,32.6395],[-96.8523,32.6415],[-96.8506,32.643],[-96.8467,32.6406],[-96.8422,32.6409],[-96.8366,32.6334],[-96.832,32.6313],[-96.8303,32.6311],[-96.8258,32.632],[-96.8241,32.6342],[-96.8199,32.6361],[-96.8186,32.6336],[-96.8169,32.6328],[-96.815,32.6301],[-96.8033,32.6254],[-96.8026,32.6269],[-96.8024,32.6302],[-96.799,32.6305],[-96.7978,32.6315],[-96.7976,32.6327],[-96.7949,32.6334],[-96.7932,32.6362],[-96.7923,32.6405],[-96.7882,32.6434],[-96.7848,32.644],[-96.7834,32.6464],[-96.7823,32.6545],[-96.7835,32.6587],[-96.7826,32.6646],[-96.7842,32.6658],[-96.7825,32.6704],[-96.7845,32.6734],[-96.7857,32.6791],[-96.7898,32.6865],[-96.7934,32.6949],[-96.7904,32.696],[-96.7904,32.6967],[-96.7927,32.7],[-96.7957,32.7017],[-96.7978,32.7101],[-96.8037,32.7117],[-96.8048,32.714]]]},"properties":{"objectid":14784,"tnmid":"{2605739B-47D9-4117-A0B9-0F1BA9D50D1B}","metasourceid":"{511D2AC8-11BA-45FC-AB98-F69D693D4C44}","sourcedatadesc":"Watershed Boundary Dataset (WBD)","sourceoriginator":"Natural Resources and Conservation Service and U.S. Geological Survey","sourcefeatureid":null,"loaddate":1723704945000,"referencegnis_ids":"1373725","areaacres":24122.71,"areasqkm":97.62,"states":"TX","huc12":"120301050107","name":"Headwaters  Fivemile Creek","hutype":"S","humod":"TF,UA","tohuc":"120301050108","noncontributingareaacres":0,"noncontributingareasqkm":0,"globalid":"{BBCE263E-E29C-11E2-8094-0021280458E6}","shape_Length":53308.42349342425,"shape_Area":138178156.6626067}},{"type":"Feature","id":14845,"geometry":{"type":"Polygon","coordinates":[[[-96.6729,32.7989],[-96.6777,32.7999],[-96.6802,32.7989],[-96.6819,32.7949],[-96.6813,32.7905],[-96.6847,32.7887],[-96.6862,32.7848],[-96.6862,32.7834],[-96.6841,32.7803],[-96.6833,32.7735],[-96.6797,32.7704],[-96.678,32.7664],[-96.6786,32.7641],[-96.6814,32.7633],[-96.6828,32.7584],[-96.6809,32.7565],[-96.6802,32.7502],[-96.6769,32.7464],[-96.6786,32.7391],[-96.681,32.7378],[-96.6821,32.733],[-96.6832,32.7313],[-96.6802,32.7278],[-96.6802,32.7238],[-96.6794,32.7223],[-96.6795,32.7174],[-96.683,32.7119],[-96.6832,32.7042],[-96.6805,32.7],[-96.6813,32.6976],[-96.6835,32.6957],[-96.6836,32.6941],[-96.6852,32.6924],[-96.6827,32.6856],[-96.6854,32.6823],[-96.6853,32.6742],[-96.6848,32.6727],[-96.6913,32.6704],[-96.6925,32.6684],[-96.6906,32.6641],[-96.6934,32.6623],[-96.6965,32.6618],[-96.6979,32.6624],[-96.7002,32.6655],[-96.7067,32.6623],[-96.7081,32.6589],[-96.7079,32.6538],[-96.7083,32.6526],[-96.7116,32.6501],[-96.7124,32.6486],[-96.7226,32.6444],[-96.7237,32.6373],[-96.7287,32.6336],[-96.7293,32.6323],[-96.7295,32.627],[-96.7307,32.6236],[-96.7326,32.619],[-96.7358,32.6167],[-96.7359,32.6133],[-96.7346,32.6104],[-96.7284,32.6071],[-96.7262,32.6046],[-96.726,32.5999],[-96.7273,32.5953],[-96.7273,32.5908],[-96.7262,32.5888],[-96.7238,32.5876],[-96.711,32.5869],[-96.7039,32.5829],[-96.6945,32.5764],[-96.6905,32.5754],[-96.6845,32.5769],[-96.6768,32.5765],[-96.6709,32.5784],[-96.6556,32.5773],[-96.6448,32.5779],[-96.6388,32.5802],[-96.6293,32.58],[-96.6261,32.5778],[-96.6239,32.5746],[-96.6208,32.5718],[-96.6119,32.5697],[-96.6077,32.565],[-96.6058,32.5659],[-96.5974,32.5672],[-96.5962,32.5654],[-96.5991,32.5651],[-96.596,32.5639],[-96.5939,32.5639],[-96.5915,32.5649],[-96.584,32.5656],[-96.5828,32.5669],[-96.5775,32.5675],[-96.5728,32.5717],[-96.5719,32.5755],[-96.5721,32.5782],[-96.5727,32.5792],[-96.5769,32.5807],[-96.5783,32.5821],[-96.5833,32.5966],[-96.5822,32.6013],[-96.5867,32.6081],[-96.5917,32.6102],[-96.5954,32.6133],[-96.6013,32.6125],[-96.6066,32.6144],[-96.6123,32.614],[-96.6157,32.6152],[-96.6196,32.6198],[-96.6247,32.6242],[-96.6252,32.6271],[-96.6243,32.6278],[-96.6238,32.6296],[-96.625,32.6312],[-96.6507,32.6423],[-96.658,32.65],[-96.6685,32.6591],[-96.6691,32.6668],[-96.6623,32.6672],[-96.6501,32.6747],[-96.6479,32.6747],[-96.6463,32.6755],[-96.6458,32.6763],[-96.6456,32.685],[-96.643,32.687],[-96.6427,32.6898],[-96.6432,32.6928],[-96.637,32.702],[-96.6322,32.704],[-96.631,32.7059],[-96.6309,32.7085],[-96.6324,32.7129],[-96.6323,32.716],[-96.6355,32.7233],[-96.6344,32.73],[-96.6345,32.7354],[-96.635,32.7375],[-96.6391,32.7431],[-96.6393,32.7451],[-96.6411,32.7493],[-96.6435,32.7508],[-96.6454,32.7532],[-96.6456,32.7559],[-96.6466,32.7574],[-96.6455,32.7653],[-96.6464,32.7658],[-96.6494,32.7706],[-96.6544,32.7723],[-96.657,32.7743],[-96.6565,32.7779],[-96.6579,32.7824],[-96.6606,32.783],[-96.6614,32.7847],[-96.6655,32.7861],[-96.6667,32.788],[-96.6685,32.7881],[-96.6695,32.7889],[-96.6689,32.7941],[-96.6726,32.7975],[-96.6729,32.7989]]]},"properties":{"objectid":14845,"tnmid":"{47AD8872-05B5-4F59-BDBA-00F74920B379}","metasourceid":"{511D2AC8-11BA-45FC-AB98-F69D693D4C44}","sourcedatadesc":"Watershed Boundary Dataset (WBD)","sourceoriginator":"Natural Resources and Conservation Service and U.S. Geological Survey","sourcefeatureid":null,"loaddate":1723704945000,"referencegnis_ids":"1344495,1348789","areaacres":37094.29,"areasqkm":150.12,"states":"TX","huc12":"120301050203","name":"Prairie Creek-Trinity River","hutype":"S","humod":"LE,MA,IT,UA","tohuc":"120301050205","noncontributingareaacres":0,"noncontributingareasqkm":0,"globalid":"{BBCE93C3-E29C-11E2-8094-0021280458E6}","shape_Length":96436.0130016217,"shape_Area":212343350.9147624}},{"type":"Feature","id":14847,"geometry":{"type":"Polygon","coordinates":[[[-96.8033,32.6254],[-96.815,32.6301],[-96.8169,32.6328],[-96.8186,32.6336],[-96.8195,32.6358],[-96.8202,32.6362],[-96.8222,32.6346],[-96.8241,32.6342],[-96.8258,32.632],[-96.8303,32.6311],[-96.8366,32.6334],[-96.8422,32.6409],[-96.8467,32.6406],[-96.8506,32.643],[-96.8517,32.6425],[-96.8532,32.6394],[-96.8585,32.6388],[-96.8616,32.6393],[-96.8633,32.6414],[-96.8652,32.6403],[-96.8671,32.6437],[-96.8709,32.6458],[-96.8776,32.646],[-96.8795,32.6482],[-96.8864,32.6503],[-96.8867,32.6548],[-96.8951,32.6587],[-96.896,32.6602],[-96.9001,32.6629],[-96.9045,32.6696],[-96.9077,32.6707],[-96.9084,32.6702],[-96.9091,32.6672],[-96.913,32.6639],[-96.9201,32.6617],[-96.9289,32.662],[-96.9285,32.657],[-96.9297,32.6552],[-96.932,32.6537],[-96.9354,32.6524],[-96.9401,32.6545],[-96.9409,32.6505],[-96.942,32.6498],[-96.9471,32.6491],[-96.9479,32.6485],[-96.9483,32.6466],[-96.9511,32.6461],[-96.9556,32.647],[-96.9559,32.6449],[-96.9543,32.6392],[-96.9549,32.6363],[-96.9532,32.6348],[-96.9533,32.6331],[-96.9527,32.6319],[-96.9538,32.6305],[-96.9567,32.6299],[-96.9563,32.626],[-96.9609,32.6206],[-96.961,32.6191],[-96.9604,32.6163],[-96.9586,32.6132],[-96.9542,32.6124],[-96.9518,32.6112],[-96.9493,32.6089],[-96.95,32.606],[-96.9523,32.6048],[-96.9524,32.6026],[-96.9549,32.6022],[-96.9583,32.5996],[-96.9589,32.5965],[-96.9632,32.5961],[-96.9634,32.5955],[-96.9618,32.5921],[-96.9618,32.5899],[-96.9594,32.5902],[-96.9565,32.5875],[-96.9558,32.5861],[-96.949,32.5864],[-96.9468,32.5895],[-96.9462,32.5895],[-96.9449,32.5878],[-96.9416,32.5873],[-96.9376,32.5854],[-96.9365,32.5856],[-96.9342,32.5884],[-96.9323,32.5896],[-96.9312,32.5896],[-96.9248,32.5875],[-96.9215,32.5849],[-96.9195,32.5843],[-96.9127,32.585],[-96.9082,32.5835],[-96.9042,32.5803],[-96.9021,32.5803],[-96.8999,32.5812],[-96.8961,32.581],[-96.8944,32.5838],[-96.8921,32.5842],[-96.8906,32.5831],[-96.8878,32.5793],[-96.888,32.5754],[-96.8823,32.5753],[-96.8798,32.5762],[-96.8785,32.5774],[-96.8743,32.5748],[-96.8718,32.5776],[-96.8701,32.5775],[-96.8679,32.5759],[-96.8662,32.5727],[-96.864,32.5714],[-96.862,32.5717],[-96.8597,32.5688],[-96.8556,32.5662],[-96.8523,32.5668],[-96.8514,32.5681],[-96.8488,32.5696],[-96.849,32.5731],[-96.8463,32.5763],[-96.8437,32.5751],[-96.8404,32.572],[-96.8353,32.5713],[-96.8319,32.5697],[-96.8307,32.57],[-96.8248,32.5679],[-96.8196,32.5678],[-96.8176,32.5691],[-96.8136,32.5669],[-96.8115,32.5664],[-96.804,32.5671],[-96.7997,32.5649],[-96.797,32.5656],[-96.7949,32.5644],[-96.7931,32.5644],[-96.7917,32.5655],[-96.7915,32.5667],[-96.7927,32.5709],[-96.7887,32.5768],[-96.7892,32.5807],[-96.7877,32.5826],[-96.7892,32.5888],[-96.7885,32.5922],[-96.7898,32.5961],[-96.7934,32.6014],[-96.7924,32.6037],[-96.7926,32.6066],[-96.7956,32.6095],[-96.7988,32.6108],[-96.7981,32.6192],[-96.8023,32.6208],[-96.8033,32.6254]]]},"properties":{"objectid":14847,"tnmid":"{AC48BC28-A99F-4879-9BD6-AE3BA3CA3B86}","metasourceid":"{511D2AC8-11BA-45FC-AB98-F69D693D4C44}","sourcedatadesc":"Watershed Boundary Dataset (WBD)","sourceoriginator":"Natural Resources and Conservation Service and U.S. Geological Survey","sourcefeatureid":null,"loaddate":1723704945000,"referencegnis_ids":"1348362","areaacres":29022.99,"areasqkm":117.45,"states":"TX","huc12":"120301050201","name":"Headwaters Tenmile Creek","hutype":"S","humod":"NM","tohuc":"120301050202","noncontributingareaacres":0,"noncontributingareasqkm":0,"globalid":"{BBCE5D0E-E29C-11E2-8094-0021280458E6}","shape_Length":67391.6381435957,"shape_Area":165999582.49231324}},{"type":"Feature","id":14848,"geometry":{"type":"Polygon","coordinates":[[[-96.7358,32.6167],[-96.7389,32.6183],[-96.7502,32.6188],[-96.7519,32.62],[-96.7542,32.6202],[-96.7567,32.6224],[-96.7576,32.6224],[-96.7618,32.6205],[-96.7666,32.6168],[-96.7682,32.6162],[-96.7686,32.6139],[-96.7718,32.6125],[-96.7752,32.614],[-96.7854,32.6213],[-96.7868,32.6236],[-96.7901,32.6252],[-96.7916,32.6269],[-96.7948,32.6278],[-96.7978,32.6315],[-96.8001,32.6302],[-96.8024,32.6302],[-96.8026,32.6269],[-96.8033,32.6254],[-96.8029,32.6221],[-96.8023,32.6208],[-96.7986,32.6196],[-96.7979,32.6184],[-96.7988,32.6108],[-96.7956,32.6095],[-96.7926,32.6066],[-96.7924,32.6037],[-96.7934,32.6014],[-96.7898,32.5961],[-96.7885,32.5922],[-96.7892,32.5888],[-96.7876,32.5831],[-96.7892,32.5807],[-96.7886,32.5773],[-96.7927,32.5709],[-96.7909,32.5628],[-96.7829,32.5598],[-96.7794,32.5575],[-96.7703,32.5573],[-96.7629,32.5554],[-96.7583,32.5531],[-96.7507,32.5471],[-96.748,32.5476],[-96.7452,32.551],[-96.7439,32.5515],[-96.7352,32.5523],[-96.7344,32.5565],[-96.7318,32.5573],[-96.7302,32.5572],[-96.7265,32.5551],[-96.7244,32.5562],[-96.7223,32.5562],[-96.7175,32.5527],[-96.7168,32.5501],[-96.715,32.5475],[-96.7134,32.5467],[-96.7079,32.5471],[-96.6996,32.5506],[-96.6986,32.5503],[-96.6942,32.5443],[-96.6906,32.5428],[-96.6875,32.5433],[-96.6851,32.5425],[-96.6808,32.5432],[-96.6785,32.5442],[-96.6772,32.5457],[-96.6695,32.5456],[-96.6695,32.5414],[-96.668,32.5391],[-96.6679,32.5347],[-96.6624,32.5349],[-96.6613,32.5393],[-96.6619,32.5419],[-96.6611,32.5436],[-96.6598,32.5416],[-96.6544,32.5416],[-96.6526,32.5391],[-96.6514,32.5386],[-96.6476,32.5397],[-96.6439,32.5396],[-96.6426,32.5387],[-96.6402,32.5349],[-96.6358,32.5336],[-96.6341,32.5371],[-96.6345,32.5382],[-96.6334,32.5392],[-96.634,32.5434],[-96.6333,32.5468],[-96.6314,32.548],[-96.6296,32.5482],[-96.6271,32.5504],[-96.624,32.5512],[-96.6225,32.5536],[-96.6232,32.5544],[-96.6265,32.5541],[-96.6276,32.5554],[-96.6272,32.5571],[-96.6243,32.5613],[-96.6201,32.5638],[-96.6102,32.5643],[-96.6077,32.5635],[-96.5962,32.5654],[-96.5974,32.5672],[-96.6058,32.5659],[-96.6077,32.565],[-96.6119,32.5697],[-96.6208,32.5718],[-96.6239,32.5746],[-96.6261,32.5778],[-96.6293,32.58],[-96.6388,32.5802],[-96.6448,32.5779],[-96.6556,32.5773],[-96.6709,32.5784],[-96.6768,32.5765],[-96.6845,32.5769],[-96.6905,32.5754],[-96.6945,32.5764],[-96.7039,32.5829],[-96.711,32.5869],[-96.7236,32.5875],[-96.7262,32.5888],[-96.7274,32.5927],[-96.726,32.5999],[-96.7259,32.6037],[-96.7284,32.6071],[-96.7346,32.6104],[-96.7359,32.6133],[-96.7358,32.6167]]]},"properties":{"objectid":14848,"tnmid":"{FB00D839-5891-4FF6-B36D-935F8DA185E6}","metasourceid":"{511D2AC8-11BA-45FC-AB98-F69D693D4C44}","sourcedatadesc":"Watershed Boundary Dataset (WBD)","sourceoriginator":"Natural Resources and Conservation Service and U.S. Geological Survey","sourcefeatureid":null,"loaddate":1723704945000,"referencegnis_ids":"1334186,1348362","areaacres":20442.74,"areasqkm":82.73,"states":"TX","huc12":"120301050202","name":"Deep Branch-Tenmile Creek","hutype":"S","humod":"LE","tohuc":"120301050203","noncontributingareaacres":0,"noncontributingareasqkm":0,"globalid":"{BBCE7CA2-E29C-11E2-8094-0021280458E6}","shape_Length":72052.1762444824,"shape_Area":116831460.39623855}},{"type":"Feature","id":14849,"geometry":{"type":"Polygon","coordinates":[[[-96.5912,32.7121],[-96.5947,32.7128],[-96.5954,32.7138],[-96.5948,32.7155],[-96.5954,32.7164],[-96.5951,32.7176],[-96.596,32.7187],[-96.5985,32.7193],[-96.6002,32.7216],[-96.6002,32.7225],[-96.6019,32.7243],[-96.6068,32.7226],[-96.6077,32.7248],[-96.6117,32.7265],[-96.6118,32.73],[-96.6165,32.7331],[-96.6174,32.7362],[-96.6198,32.7391],[-96.6207,32.7416],[-96.6236,32.7449],[-96.625,32.751],[-96.63,32.7567],[-96.6321,32.761],[-96.6383,32.7635],[-96.64,32.7664],[-96.6429,32.7669],[-96.6455,32.7653],[-96.6466,32.7574],[-96.6456,32.7559],[-96.6454,32.7532],[-96.6435,32.7508],[-96.6411,32.7493],[-96.6393,32.7451],[-96.6391,32.7431],[-96.635,32.7375],[-96.6345,32.7354],[-96.6344,32.73],[-96.6355,32.7233],[-96.6323,32.716],[-96.6324,32.7129],[-96.6309,32.7085],[-96.631,32.7059],[-96.6322,32.704],[-96.637,32.702],[-96.6432,32.6928],[-96.6427,32.6898],[-96.643,32.687],[-96.6456,32.685],[-96.6458,32.6763],[-96.6463,32.6755],[-96.6479,32.6747],[-96.6501,32.6747],[-96.6623,32.6672],[-96.6691,32.6668],[-96.668,32.6583],[-96.658,32.65],[-96.6507,32.6423],[-96.625,32.6312],[-96.6238,32.6296],[-96.6243,32.6278],[-96.6252,32.6271],[-96.6222,32.625],[-96.6136,32.6239],[-96.6047,32.62],[-96.5998,32.6189],[-96.5954,32.6201],[-96.5918,32.624],[-96.5805,32.627],[-96.5797,32.6277],[-96.5787,32.6307],[-96.575,32.6332],[-96.5745,32.6346],[-96.5728,32.6354],[-96.572,32.6366],[-96.5715,32.6387],[-96.5723,32.6398],[-96.5724,32.6452],[-96.5695,32.6497],[-96.568,32.6569],[-96.5663,32.6583],[-96.5621,32.6602],[-96.564,32.6632],[-96.5632,32.6638],[-96.5788,32.6776],[-96.577,32.6792],[-96.5775,32.6812],[-96.5761,32.6838],[-96.5761,32.6856],[-96.5823,32.6896],[-96.5825,32.6926],[-96.5809,32.6939],[-96.5808,32.6971],[-96.5819,32.6981],[-96.582,32.6999],[-96.5829,32.7012],[-96.5865,32.7019],[-96.5878,32.7038],[-96.5905,32.7052],[-96.5894,32.7095],[-96.5912,32.7121]]]},"properties":{"objectid":14849,"tnmid":"{9A580356-9FD4-443C-A278-DA9C2DFFD202}","metasourceid":"{511D2AC8-11BA-45FC-AB98-F69D693D4C44}","sourcedatadesc":"Watershed Boundary Dataset (WBD)","sourceoriginator":"Natural Resources and Conservation Service and U.S. Geological Survey","sourcefeatureid":null,"loaddate":1723704945000,"referencegnis_ids":"1337673,1375364","areaacres":18969.97,"areasqkm":76.77,"states":"TX","huc12":"120301050204","name":"Hickory Creek-Parsons Slough","hutype":"S","humod":"LE,IT,UA","tohuc":"120301050205","noncontributingareaacres":0,"noncontributingareasqkm":0,"globalid":"{BBCEB223-E29C-11E2-8094-0021280458E6}","shape_Length":54829.24126350722,"shape_Area":108656604.7549896}},{"type":"Feature","id":15126,"geometry":{"type":"Polygon","coordinates":[[[-96.8743,32.5748],[-96.8785,32.5774],[-96.8798,32.5762],[-96.8823,32.5753],[-96.888,32.5754],[-96.8878,32.5793],[-96.8906,32.5831],[-96.8921,32.5842],[-96.8944,32.5838],[-96.8961,32.581],[-96.8999,32.5812],[-96.9037,32.5803],[-96.9057,32.5811],[-96.9082,32.5835],[-96.9127,32.585],[-96.9195,32.5843],[-96.9215,32.5849],[-96.9248,32.5875],[-96.9312,32.5896],[-96.9323,32.5896],[-96.9342,32.5884],[-96.9365,32.5856],[-96.9376,32.5854],[-96.9416,32.5873],[-96.9449,32.5878],[-96.9462,32.5895],[-96.9468,32.5895],[-96.949,32.5864],[-96.9558,32.5861],[-96.9565,32.5875],[-96.9594,32.5902],[-96.9613,32.5903],[-96.9624,32.5885],[-96.9612,32.5864],[-96.9606,32.5764],[-96.9637,32.5744],[-96.9638,32.5729],[-96.9667,32.5678],[-96.9683,32.5665],[-96.9698,32.5637],[-96.9721,32.5619],[-96.9745,32.5539],[-96.9698,32.5515],[-96.9648,32.5531],[-96.9639,32.5528],[-96.963,32.5519],[-96.9601,32.5443],[-96.9594,32.5403],[-96.9562,32.536],[-96.9538,32.5354],[-96.9499,32.5364],[-96.9455,32.5339],[-96.9452,32.5314],[-96.9429,32.5287],[-96.9416,32.5277],[-96.9387,32.5274],[-96.9363,32.5247],[-96.9368,32.5224],[-96.9359,32.5197],[-96.9344,32.5187],[-96.9278,32.517],[-96.926,32.5145],[-96.9241,32.5136],[-96.9196,32.5098],[-96.9194,32.5069],[-96.917,32.5048],[-96.9146,32.5039],[-96.9083,32.504],[-96.9065,32.4982],[-96.9041,32.4949],[-96.899,32.4947],[-96.8951,32.492],[-96.8925,32.4959],[-96.891,32.4966],[-96.8905,32.4952],[-96.8872,32.4928],[-96.8866,32.4948],[-96.8835,32.4963],[-96.8677,32.4951],[-96.8634,32.4963],[-96.8607,32.4947],[-96.8545,32.4957],[-96.851,32.4941],[-96.8456,32.4941],[-96.8414,32.4967],[-96.8394,32.5016],[-96.8368,32.5025],[-96.8359,32.5054],[-96.8332,32.5066],[-96.83,32.5063],[-96.8283,32.5082],[-96.8281,32.5096],[-96.8295,32.5118],[-96.8289,32.5152],[-96.8259,32.5183],[-96.825,32.5235],[-96.8223,32.5274],[-96.8222,32.5296],[-96.824,32.5328],[-96.821,32.537],[-96.8206,32.5397],[-96.8221,32.5441],[-96.8222,32.5465],[-96.8232,32.5474],[-96.8265,32.5478],[-96.8292,32.5451],[-96.8372,32.5448],[-96.8381,32.5463],[-96.8395,32.5521],[-96.8439,32.5537],[-96.846,32.5556],[-96.8479,32.5557],[-96.8528,32.5534],[-96.8561,32.5536],[-96.8568,32.5544],[-96.857,32.5569],[-96.8605,32.5572],[-96.8652,32.5635],[-96.8693,32.5652],[-96.871,32.5667],[-96.8716,32.5693],[-96.8744,32.5729],[-96.8743,32.5748]]]},"properties":{"objectid":15126,"tnmid":"{0C05BC98-1F3D-4241-86E0-A03CDBD110C3}","metasourceid":"{511D2AC8-11BA-45FC-AB98-F69D693D4C44}","sourcedatadesc":"Watershed Boundary Dataset (WBD)","sourceoriginator":"Natural Resources and Conservation Service and U.S. Geological Survey","sourcefeatureid":null,"loaddate":1723704945000,"referencegnis_ids":"1344944","areaacres":23915.44,"areasqkm":96.78,"states":"TX","huc12":"120301050301","name":"Headwaters Red Oak Creek","hutype":"S","humod":"NM","tohuc":"120301050302","noncontributingareaacres":0,"noncontributingareasqkm":0,"globalid":"{BBCEE777-E29C-11E2-8094-0021280458E6}","shape_Length":56123.64278917131,"shape_Area":136572785.67259365}},{"type":"Feature","id":15127,"geometry":{"type":"Polygon","coordinates":[[[-96.5074,32.4995],[-96.5095,32.5],[-96.5125,32.5027],[-96.5199,32.5174],[-96.5246,32.5238],[-96.526,32.5277],[-96.5265,32.536],[-96.5324,32.5392],[-96.5385,32.5381],[-96.5438,32.5397],[-96.5455,32.5408],[-96.5486,32.5452],[-96.5519,32.5468],[-96.5607,32.5472],[-96.5639,32.5491],[-96.5685,32.5538],[-96.5714,32.5572],[-96.573,32.5612],[-96.5752,32.5627],[-96.5829,32.5643],[-96.5843,32.5648],[-96.5845,32.5655],[-96.5908,32.565],[-96.5939,32.5639],[-96.596,32.5639],[-96.5991,32.5651],[-96.6077,32.5635],[-96.6102,32.5643],[-96.6201,32.5638],[-96.6243,32.5613],[-96.6276,32.5563],[-96.6265,32.5541],[-96.6227,32.554],[-96.6237,32.5515],[-96.6271,32.5504],[-96.6296,32.5482],[-96.6314,32.548],[-96.6337,32.5463],[-96.634,32.5434],[-96.6334,32.5392],[-96.6345,32.5382],[-96.6341,32.5371],[-96.6358,32.5336],[-96.6349,32.5328],[-96.6312,32.5339],[-96.627,32.5326],[-96.6226,32.5349],[-96.6201,32.5331],[-96.6174,32.5337],[-96.6153,32.5301],[-96.6135,32.5288],[-96.6091,32.5279],[-96.6031,32.5279],[-96.5977,32.5294],[-96.5914,32.5337],[-96.5847,32.5342],[-96.5801,32.5356],[-96.577,32.5357],[-96.5693,32.5344],[-96.5667,32.532],[-96.5533,32.5258],[-96.5534,32.5243],[-96.5547,32.5229],[-96.5542,32.5186],[-96.5565,32.5127],[-96.5549,32.5093],[-96.5548,32.5064],[-96.5509,32.4951],[-96.5489,32.4929],[-96.5503,32.4913],[-96.5515,32.4876],[-96.5494,32.4858],[-96.5485,32.4838],[-96.5487,32.4814],[-96.5493,32.4805],[-96.5511,32.4804],[-96.5522,32.4786],[-96.5593,32.4777],[-96.5608,32.4756],[-96.5718,32.4713],[-96.572,32.4696],[-96.5705,32.4688],[-96.5694,32.4671],[-96.5693,32.4628],[-96.5664,32.4642],[-96.5648,32.4658],[-96.5599,32.467],[-96.5535,32.4675],[-96.55,32.4667],[-96.5478,32.4674],[-96.5459,32.4665],[-96.544,32.4665],[-96.541,32.4644],[-96.5371,32.4676],[-96.5353,32.4666],[-96.5284,32.4668],[-96.5252,32.463],[-96.523,32.4637],[-96.5207,32.4633],[-96.5191,32.464],[-96.5159,32.4675],[-96.516,32.4704],[-96.5149,32.4716],[-96.5099,32.4725],[-96.5073,32.472],[-96.5054,32.4729],[-96.5043,32.4745],[-96.5055,32.4766],[-96.514,32.4826],[-96.513,32.4852],[-96.5088,32.4874],[-96.5081,32.4884],[-96.5097,32.4931],[-96.5074,32.4995]]]},"properties":{"objectid":15127,"tnmid":"{B168FD9F-1FBB-4300-B678-CF2203BDB878}","metasourceid":"{511D2AC8-11BA-45FC-AB98-F69D693D4C44}","sourcedatadesc":"Watershed Boundary Dataset (WBD)","sourceoriginator":"Natural Resources and Conservation Service and U.S. Geological Survey","sourcefeatureid":null,"loaddate":1723704945000,"referencegnis_ids":"1344944","areaacres":13180.55,"areasqkm":53.34,"states":"TX","huc12":"120301050306","name":"Lower Red Oak Creek","hutype":"S","humod":"LE,GC","tohuc":"120301050402","noncontributingareaacres":0,"noncontributingareasqkm":0,"globalid":"{BBEACDA1-E29C-11E2-8094-0021280458E6}","shape_Length":58300.38207198123,"shape_Area":75233602.07414037}},{"type":"Feature","id":15128,"geometry":{"type":"Polygon","coordinates":[[[-96.6043,32.4833],[-96.6054,32.485],[-96.6048,32.4884],[-96.6125,32.4885],[-96.6191,32.4872],[-96.6256,32.491],[-96.6272,32.491],[-96.6326,32.4889],[-96.6448,32.4883],[-96.6462,32.4887],[-96.6556,32.4958],[-96.6596,32.4974],[-96.6611,32.4971],[-96.6639,32.4931],[-96.6665,32.4923],[-96.6731,32.4924],[-96.6765,32.4932],[-96.6822,32.493],[-96.6975,32.4954],[-96.7011,32.4951],[-96.7084,32.496],[-96.7129,32.4976],[-96.7172,32.4984],[-96.7249,32.509],[-96.7281,32.51],[-96.7311,32.5098],[-96.7347,32.5115],[-96.7419,32.5157],[-96.744,32.5182],[-96.7471,32.5204],[-96.751,32.5217],[-96.7578,32.5225],[-96.7668,32.5218],[-96.7703,32.5202],[-96.7725,32.52],[-96.7761,32.5221],[-96.7798,32.523],[-96.7822,32.5264],[-96.7869,32.5284],[-96.7903,32.5314],[-96.8007,32.534],[-96.8047,32.5357],[-96.8082,32.5351],[-96.8104,32.5337],[-96.8144,32.5392],[-96.817,32.5412],[-96.8194,32.5409],[-96.8206,32.5397],[-96.821,32.537],[-96.8239,32.5333],[-96.8222,32.5296],[-96.8223,32.5274],[-96.825,32.5235],[-96.8259,32.5183],[-96.8289,32.5152],[-96.8295,32.5118],[-96.8281,32.5096],[-96.8283,32.5082],[-96.83,32.5063],[-96.8332,32.5066],[-96.8359,32.5054],[-96.8368,32.5025],[-96.8394,32.5016],[-96.8414,32.4967],[-96.8456,32.4941],[-96.8482,32.4938],[-96.8478,32.4908],[-96.8432,32.4844],[-96.8382,32.4814],[-96.8376,32.4759],[-96.8343,32.4733],[-96.8334,32.4697],[-96.8298,32.4687],[-96.8283,32.4663],[-96.8269,32.4655],[-96.8158,32.4624],[-96.8151,32.4613],[-96.8147,32.4579],[-96.8102,32.4551],[-96.8089,32.4517],[-96.8061,32.4516],[-96.8025,32.4493],[-96.7996,32.4497],[-96.7941,32.4488],[-96.7922,32.445],[-96.7881,32.4431],[-96.7849,32.4457],[-96.7783,32.4471],[-96.7772,32.45],[-96.7766,32.4544],[-96.7706,32.4534],[-96.7661,32.4519],[-96.7645,32.4518],[-96.7637,32.4529],[-96.7589,32.4504],[-96.7565,32.4509],[-96.7496,32.4467],[-96.747,32.4467],[-96.7453,32.4444],[-96.7422,32.443],[-96.7404,32.4429],[-96.7389,32.4415],[-96.7359,32.4412],[-96.7342,32.4392],[-96.7337,32.4347],[-96.7325,32.4314],[-96.7286,32.4304],[-96.7255,32.4277],[-96.714,32.4311],[-96.7096,32.431],[-96.7072,32.4291],[-96.7033,32.4292],[-96.7018,32.4286],[-96.6997,32.4237],[-96.697,32.4223],[-96.6947,32.4229],[-96.6943,32.4247],[-96.6917,32.4253],[-96.6896,32.4244],[-96.6852,32.4238],[-96.6809,32.4245],[-96.6794,32.4259],[-96.6794,32.4274],[-96.6809,32.4304],[-96.6836,32.4323],[-96.6839,32.4341],[-96.6833,32.4346],[-96.6818,32.4353],[-96.6692,32.4362],[-96.6678,32.4375],[-96.6668,32.4407],[-96.6641,32.4439],[-96.6637,32.4467],[-96.6623,32.449],[-96.656,32.4548],[-96.6527,32.4564],[-96.6463,32.4615],[-96.6417,32.4631],[-96.6357,32.4665],[-96.6305,32.4674],[-96.6268,32.4695],[-96.6244,32.4719],[-96.6219,32.4706],[-96.6167,32.4705],[-96.6138,32.4729],[-96.6134,32.4761],[-96.6068,32.4801],[-96.6043,32.4833]]]},"properties":{"objectid":15128,"tnmid":"{A2ED622C-8D3B-464D-862F-33BF10B05422}","metasourceid":"{511D2AC8-11BA-45FC-AB98-F69D693D4C44}","sourcedatadesc":"Watershed Boundary Dataset (WBD)","sourceoriginator":"Natural Resources and Conservation Service and U.S. Geological Survey","sourcefeatureid":null,"loaddate":1723704945000,"referencegnis_ids":"1344944","areaacres":35427.89,"areasqkm":143.37,"states":"TX","huc12":"120301050302","name":"Upper Red Oak Creek","hutype":"S","humod":"GC","tohuc":"120301050305","noncontributingareaacres":0,"noncontributingareasqkm":0,"globalid":"{BBCEFE85-E29C-11E2-8094-0021280458E6}","shape_Length":77087.485619155,"shape_Area":202041191.07116613}},{"type":"Feature","id":15132,"geometry":{"type":"Polygon","coordinates":[[[-96.7917,32.5655],[-96.7931,32.5644],[-96.7949,32.5644],[-96.797,32.5656],[-96.7997,32.5649],[-96.804,32.5671],[-96.8115,32.5664],[-96.8136,32.5669],[-96.8176,32.5691],[-96.8196,32.5678],[-96.8248,32.5679],[-96.8307,32.57],[-96.8319,32.5697],[-96.8353,32.5713],[-96.8404,32.572],[-96.8437,32.5751],[-96.8463,32.5763],[-96.849,32.5731],[-96.8488,32.5696],[-96.8514,32.5681],[-96.8523,32.5668],[-96.8556,32.5662],[-96.8597,32.5688],[-96.862,32.5717],[-96.864,32.5714],[-96.8662,32.5727],[-96.8679,32.5759],[-96.8701,32.5775],[-96.8718,32.5776],[-96.8743,32.5748],[-96.8744,32.5729],[-96.8716,32.5693],[-96.871,32.5667],[-96.8693,32.5652],[-96.8652,32.5635],[-96.8605,32.5572],[-96.857,32.5569],[-96.8568,32.5544],[-96.8561,32.5536],[-96.8528,32.5534],[-96.8479,32.5557],[-96.846,32.5556],[-96.8439,32.5537],[-96.8395,32.5521],[-96.8381,32.5463],[-96.8372,32.5448],[-96.83,32.5449],[-96.8265,32.5478],[-96.8232,32.5474],[-96.8222,32.5465],[-96.8221,32.5441],[-96.8206,32.5397],[-96.8184,32.5412],[-96.8161,32.5408],[-96.8127,32.5372],[-96.8104,32.5337],[-96.8082,32.5351],[-96.8047,32.5357],[-96.8007,32.534],[-96.7903,32.5314],[-96.7869,32.5284],[-96.7822,32.5264],[-96.7798,32.523],[-96.7761,32.5221],[-96.7725,32.52],[-96.7703,32.5202],[-96.7668,32.5218],[-96.7578,32.5225],[-96.751,32.5217],[-96.7471,32.5204],[-96.744,32.5182],[-96.7419,32.5157],[-96.7347,32.5115],[-96.7311,32.5098],[-96.7281,32.51],[-96.7249,32.509],[-96.7172,32.4984],[-96.7063,32.4955],[-96.6975,32.4954],[-96.6822,32.493],[-96.6765,32.4932],[-96.6731,32.4924],[-96.6665,32.4923],[-96.6639,32.4931],[-96.6611,32.4971],[-96.6596,32.4974],[-96.6556,32.4958],[-96.6462,32.4887],[-96.6448,32.4883],[-96.6326,32.4889],[-96.6272,32.491],[-96.6243,32.4906],[-96.6191,32.4872],[-96.6125,32.4885],[-96.6048,32.4884],[-96.6052,32.4843],[-96.6043,32.4833],[-96.6022,32.483],[-96.6022,32.4788],[-96.6014,32.4776],[-96.5973,32.4761],[-96.5972,32.4722],[-96.596,32.4712],[-96.5944,32.4683],[-96.5949,32.4673],[-96.5942,32.4657],[-96.5954,32.4645],[-96.595,32.46],[-96.5931,32.4595],[-96.5907,32.4561],[-96.5908,32.4552],[-96.5925,32.4542],[-96.5951,32.4543],[-96.5958,32.4518],[-96.5945,32.4478],[-96.5928,32.4484],[-96.5922,32.4481],[-96.5925,32.4456],[-96.5917,32.4447],[-96.5907,32.4447],[-96.5893,32.4457],[-96.5878,32.4491],[-96.5811,32.4541],[-96.5783,32.4539],[-96.5778,32.4545],[-96.5775,32.4557],[-96.5784,32.458],[-96.5774,32.4592],[-96.575,32.4597],[-96.5747,32.4623],[-96.5693,32.4628],[-96.5694,32.4671],[-96.5705,32.4688],[-96.572,32.4696],[-96.5718,32.4713],[-96.5608,32.4756],[-96.5593,32.4777],[-96.5522,32.4786],[-96.5511,32.4804],[-96.5493,32.4805],[-96.5487,32.4814],[-96.5485,32.4838],[-96.5494,32.4858],[-96.5515,32.4876],[-96.5503,32.4913],[-96.5489,32.4929],[-96.5509,32.4951],[-96.5548,32.5064],[-96.5549,32.5093],[-96.5565,32.5127],[-96.5542,32.5186],[-96.5547,32.5229],[-96.5531,32.5255],[-96.5543,32.5265],[-96.557,32.5273],[-96.5667,32.532],[-96.5693,32.5344],[-96.5745,32.5355],[-96.5801,32.5356],[-96.5847,32.5342],[-96.5914,32.5337],[-96.5977,32.5294],[-96.6018,32.5281],[-96.6091,32.5279],[-96.6144,32.5292],[-96.6174,32.5337],[-96.6201,32.5331],[-96.6226,32.5349],[-96.627,32.5326],[-96.6312,32.5339],[-96.6345,32.5327],[-96.6358,32.5336],[-96.6402,32.5349],[-96.6426,32.5387],[-96.6439,32.5396],[-96.6476,32.5397],[-96.6514,32.5386],[-96.6526,32.5391],[-96.6544,32.5416],[-96.6598,32.5416],[-96.6611,32.5436],[-96.6619,32.5419],[-96.6613,32.5393],[-96.6624,32.5349],[-96.6679,32.5347],[-96.668,32.5391],[-96.6695,32.5414],[-96.6695,32.5456],[-96.6772,32.5457],[-96.6785,32.5442],[-96.6808,32.5432],[-96.6851,32.5425],[-96.6875,32.5433],[-96.6906,32.5428],[-96.6942,32.5443],[-96.6986,32.5503],[-96.6996,32.5506],[-96.7079,32.5471],[-96.7134,32.5467],[-96.715,32.5475],[-96.7168,32.5501],[-96.7175,32.5527],[-96.7223,32.5562],[-96.7244,32.5562],[-96.7265,32.5551],[-96.7299,32.5571],[-96.7318,32.5573],[-96.7344,32.5565],[-96.7352,32.5523],[-96.7439,32.5515],[-96.7452,32.551],[-96.748,32.5476],[-96.7507,32.5471],[-96.7583,32.5531],[-96.7629,32.5554],[-96.7703,32.5573],[-96.7794,32.5575],[-96.7829,32.5598],[-96.7909,32.5628],[-96.7917,32.5655]]]},"properties":{"objectid":15132,"tnmid":"{92CAFC7F-3C1E-48F1-9411-79864EFBED76}","metasourceid":"{511D2AC8-11BA-45FC-AB98-F69D693D4C44}","sourcedatadesc":"Watershed Boundary Dataset (WBD)","sourceoriginator":"Natural Resources and Conservation Service and U.S. Geological Survey","sourcefeatureid":null,"loaddate":1723704945000,"referencegnis_ids":"1344944","areaacres":34276.94,"areasqkm":138.71,"states":"TX","huc12":"120301050305","name":"Middle Red Oak Creek","hutype":"S","humod":"LE,IT","tohuc":"120301050306","noncontributingareaacres":0,"noncontributingareasqkm":0,"globalid":"{BBCF51C3-E29C-11E2-8094-0021280458E6}","shape_Length":106950.43448324507,"shape_Area":195658530.0214751}},{"type":"Feature","id":15878,"geometry":{"type":"Polygon","coordinates":[[[-96.4607,33.3037],[-96.4673,33.3019],[-96.4694,33.2999],[-96.4721,33.3025],[-96.4806,33.3039],[-96.4827,33.3082],[-96.4836,33.3084],[-96.4849,33.3102],[-96.4877,33.3119],[-96.4917,33.3126],[-96.4969,33.3108],[-96.5,33.3091],[-96.5087,33.3103],[-96.5142,33.3083],[-96.5172,33.3098],[-96.5227,33.3096],[-96.5255,33.3086],[-96.5304,33.3056],[-96.5329,33.3112],[-96.5375,33.3189],[-96.54,33.3196],[-96.5429,33.31],[-96.5419,33.3032],[-96.5424,33.2983],[-96.5421,33.2883],[-96.5427,33.2851],[-96.5393,33.2789],[-96.5404,33.2775],[-96.541,33.273],[-96.5389,33.2686],[-96.5401,33.2662],[-96.5407,33.258],[-96.5373,33.2546],[-96.5354,33.2536],[-96.5328,33.2536],[-96.531,33.2513],[-96.5295,33.2506],[-96.5288,33.2494],[-96.5289,33.2461],[-96.5274,33.2432],[-96.5275,33.2386],[-96.5246,33.2349],[-96.5222,33.229],[-96.5118,33.2296],[-96.5089,33.2289],[-96.5095,33.2242],[-96.5089,33.2231],[-96.5068,33.2221],[-96.5068,33.2158],[-96.5054,33.2124],[-96.5054,33.2101],[-96.5009,33.2017],[-96.5008,33.198],[-96.4991,33.1945],[-96.4993,33.1921],[-96.4974,33.1891],[-96.4966,33.1823],[-96.4931,33.1777],[-96.4907,33.1778],[-96.4897,33.1771],[-96.488,33.1733],[-96.481,33.1719],[-96.4747,33.1637],[-96.4739,33.1609],[-96.4722,33.1584],[-96.4694,33.1575],[-96.4605,33.1602],[-96.4576,33.1628],[-96.4515,33.1652],[-96.4473,33.1637],[-96.4462,33.1639],[-96.4434,33.1623],[-96.4333,33.1705],[-96.4327,33.1737],[-96.431,33.1776],[-96.431,33.1794],[-96.4337,33.1827],[-96.4359,33.188],[-96.4387,33.1888],[-96.4394,33.1896],[-96.4399,33.1924],[-96.4421,33.1939],[-96.4432,33.1954],[-96.4451,33.2021],[-96.4449,33.2087],[-96.4497,33.2136],[-96.4504,33.2169],[-96.4512,33.2179],[-96.4514,33.2241],[-96.4543,33.229],[-96.4538,33.2306],[-96.4547,33.2347],[-96.4569,33.237],[-96.4558,33.2397],[-96.4571,33.2416],[-96.4573,33.2441],[-96.4582,33.2452],[-96.4605,33.2466],[-96.4616,33.2466],[-96.4628,33.2477],[-96.463,33.2491],[-96.4621,33.2537],[-96.4614,33.2542],[-96.4593,33.2542],[-96.4592,33.2568],[-96.4573,33.2604],[-96.4575,33.2609],[-96.4606,33.2614],[-96.461,33.2632],[-96.4626,33.265],[-96.4618,33.2669],[-96.4618,33.2729],[-96.4604,33.2758],[-96.464,33.2828],[-96.4639,33.2841],[-96.4621,33.2862],[-96.4637,33.2922],[-96.46,33.3005],[-96.4607,33.3037]]]},"properties":{"objectid":15878,"tnmid":"{7D818EF1-E1B7-4ACB-A77E-557A2B887DBB}","metasourceid":"{511D2AC8-11BA-45FC-AB98-F69D693D4C44}","sourcedatadesc":"Watershed Boundary Dataset (WBD)","sourceoriginator":"Natural Resources and Conservation Service and U.S. Geological Survey","sourcefeatureid":null,"loaddate":1723704945000,"referencegnis_ids":"1376309,1376135","areaacres":25020.31,"areasqkm":101.25,"states":"TX","huc12":"120301060303","name":"Stiff Creek-Sister Grove Creek","hutype":"S","humod":"NM","tohuc":"120301060304","noncontributingareaacres":0,"noncontributingareasqkm":0,"globalid":"{BC339AF2-E29C-11E2-8094-0021280458E6}","shape_Length":63073.870114931415,"shape_Area":145141707.32790318}},{"type":"Feature","id":15916,"geometry":{"type":"Polygon","coordinates":[[[-96.3749,33.0515],[-96.3819,33.0503],[-96.3932,33.0522],[-96.4039,33.0498],[-96.4093,33.0502],[-96.412,33.0477],[-96.4141,33.0469],[-96.4172,33.044],[-96.4172,33.0428],[-96.4182,33.0422],[-96.426,33.0412],[-96.4302,33.0387],[-96.4328,33.0385],[-96.439,33.0405],[-96.4402,33.0384],[-96.4402,33.0356],[-96.4424,33.0301],[-96.4475,33.0309],[-96.4499,33.033],[-96.4834,33.0317],[-96.4865,33.0349],[-96.4909,33.0361],[-96.4961,33.0386],[-96.4989,33.0375],[-96.5018,33.0345],[-96.5047,33.0337],[-96.5102,33.0292],[-96.5134,33.0276],[-96.4994,33.0198],[-96.4971,33.0173],[-96.4971,33.0101],[-96.4999,33.0052],[-96.5008,33.0015],[-96.5026,32.9991],[-96.5025,32.9966],[-96.5004,32.9928],[-96.5004,32.991],[-96.4978,32.9901],[-96.4962,32.988],[-96.4935,32.9872],[-96.4897,32.9872],[-96.4873,32.9831],[-96.4843,32.9836],[-96.4833,32.9846],[-96.4778,32.9846],[-96.4749,32.9842],[-96.4723,32.9823],[-96.4667,32.9824],[-96.4669,32.9749],[-96.4634,32.9745],[-96.465,32.972],[-96.4648,32.9686],[-96.4654,32.9651],[-96.4622,32.9623],[-96.4583,32.9616],[-96.4563,32.9595],[-96.4507,32.9579],[-96.448,32.9595],[-96.4451,32.9586],[-96.4431,32.9588],[-96.4403,32.9605],[-96.4402,32.9625],[-96.4378,32.961],[-96.4335,32.9608],[-96.4273,32.9488],[-96.4268,32.9459],[-96.4273,32.942],[-96.4224,32.9421],[-96.4217,32.9413],[-96.4217,32.9399],[-96.4197,32.9387],[-96.4183,32.9364],[-96.418,32.9312],[-96.419,32.9282],[-96.4188,32.9268],[-96.4197,32.9253],[-96.4176,32.9228],[-96.4175,32.9212],[-96.4097,32.9191],[-96.4094,32.9216],[-96.4079,32.9241],[-96.4047,32.9253],[-96.4047,32.9262],[-96.4064,32.9281],[-96.404,32.9291],[-96.403,32.9305],[-96.4016,32.9337],[-96.4025,32.936],[-96.3987,32.9365],[-96.3982,32.9373],[-96.398,32.939],[-96.3987,32.9416],[-96.3918,32.942],[-96.393,32.9511],[-96.3927,32.9526],[-96.3899,32.9574],[-96.3917,32.9599],[-96.3917,32.9615],[-96.3907,32.9625],[-96.3902,32.9645],[-96.3905,32.9689],[-96.3929,32.9708],[-96.3919,32.9745],[-96.3903,32.9753],[-96.387,32.9753],[-96.3845,32.9766],[-96.383,32.9767],[-96.3817,32.9801],[-96.382,32.9826],[-96.3833,32.9846],[-96.3817,32.9882],[-96.3816,32.9912],[-96.3768,32.9936],[-96.3757,32.9958],[-96.3727,32.9983],[-96.3716,33.0013],[-96.3736,33.0085],[-96.3724,33.0105],[-96.3718,33.0146],[-96.3696,33.0186],[-96.3708,33.0217],[-96.3703,33.0267],[-96.3715,33.0284],[-96.3742,33.0299],[-96.3755,33.0317],[-96.3734,33.0353],[-96.3739,33.0369],[-96.373,33.043],[-96.376,33.045],[-96.3771,33.0464],[-96.3754,33.049],[-96.3749,33.0515]]]},"properties":{"objectid":15916,"tnmid":"{24873977-F378-4D20-A688-46D33C894AFA}","metasourceid":"{511D2AC8-11BA-45FC-AB98-F69D693D4C44}","sourcedatadesc":"Watershed Boundary Dataset (WBD)","sourceoriginator":"Natural Resources and Conservation Service and U.S. Geological Survey","sourcefeatureid":null,"loaddate":1723704945000,"referencegnis_ids":"1331963,1375647","areaacres":25625.13,"areasqkm":103.7,"states":"TX","huc12":"120301060401","name":"Camp Creek-Ray Hubbard Lake","hutype":"S","humod":"LE,TF","tohuc":"120301060402","noncontributingareaacres":0,"noncontributingareasqkm":0,"globalid":"{BC4BA8C7-E29C-11E2-8094-0021280458E6}","shape_Length":65237.84253461713,"shape_Area":147836195.32722417}},{"type":"Feature","id":15926,"geometry":{"type":"Polygon","coordinates":[[[-96.5134,33.0276],[-96.5173,33.026],[-96.5215,33.0267],[-96.5244,33.0264],[-96.5283,33.0297],[-96.5306,33.0299],[-96.5316,33.0305],[-96.5321,33.0319],[-96.534,33.0329],[-96.5378,33.03],[-96.5391,33.0302],[-96.5416,33.0325],[-96.5426,33.0349],[-96.5441,33.0356],[-96.5464,33.0348],[-96.5486,33.0325],[-96.5487,33.0291],[-96.5463,33.0268],[-96.5447,33.0235],[-96.5399,33.0202],[-96.5408,33.0181],[-96.5416,33.0118],[-96.5396,33.0052],[-96.5416,33.0029],[-96.5425,33.0006],[-96.5402,32.9914],[-96.5405,32.9845],[-96.5415,32.9825],[-96.5404,32.9811],[-96.5365,32.9795],[-96.538,32.9775],[-96.5371,32.9747],[-96.5351,32.9726],[-96.5372,32.9703],[-96.5353,32.9665],[-96.5359,32.9644],[-96.534,32.9628],[-96.5326,32.9596],[-96.5333,32.9495],[-96.5357,32.9416],[-96.5356,32.9377],[-96.5364,32.9357],[-96.536,32.9329],[-96.5335,32.9264],[-96.5321,32.9251],[-96.52,32.9231],[-96.5178,32.9219],[-96.5182,32.9095],[-96.5176,32.9066],[-96.523,32.904],[-96.5272,32.8984],[-96.5239,32.8922],[-96.524,32.889],[-96.5221,32.8866],[-96.5232,32.8838],[-96.5228,32.8824],[-96.5191,32.8728],[-96.5181,32.872],[-96.5144,32.8714],[-96.5095,32.8691],[-96.5045,32.8694],[-96.5043,32.8671],[-96.5051,32.8658],[-96.5098,32.8622],[-96.5103,32.861],[-96.5104,32.8568],[-96.5088,32.8556],[-96.5071,32.8576],[-96.5077,32.8598],[-96.5071,32.8609],[-96.5056,32.862],[-96.5025,32.8629],[-96.4974,32.8638],[-96.4949,32.8672],[-96.4918,32.8702],[-96.4902,32.874],[-96.4901,32.8785],[-96.489,32.8797],[-96.4857,32.8794],[-96.4833,32.8805],[-96.4807,32.8792],[-96.4781,32.8791],[-96.4748,32.8756],[-96.4749,32.8763],[-96.4727,32.8769],[-96.4709,32.8804],[-96.4731,32.8834],[-96.473,32.8861],[-96.474,32.8873],[-96.474,32.8887],[-96.4715,32.891],[-96.4696,32.8966],[-96.4663,32.8984],[-96.4647,32.9007],[-96.46,32.9008],[-96.4572,32.902],[-96.4572,32.9049],[-96.4551,32.9072],[-96.4532,32.9119],[-96.4536,32.913],[-96.4498,32.9191],[-96.4469,32.9214],[-96.4411,32.9243],[-96.4359,32.9225],[-96.4312,32.9237],[-96.4293,32.9256],[-96.4262,32.9256],[-96.4247,32.9238],[-96.419,32.9242],[-96.4197,32.9259],[-96.4188,32.9268],[-96.419,32.9282],[-96.4182,32.9296],[-96.4179,32.9353],[-96.4197,32.9387],[-96.4217,32.9399],[-96.422,32.9418],[-96.4273,32.942],[-96.4268,32.9459],[-96.4273,32.9488],[-96.4335,32.9608],[-96.4378,32.961],[-96.4402,32.9625],[-96.4403,32.9605],[-96.4431,32.9588],[-96.4451,32.9586],[-96.448,32.9595],[-96.4507,32.9579],[-96.4563,32.9595],[-96.4583,32.9616],[-96.4622,32.9623],[-96.4654,32.9651],[-96.4648,32.9686],[-96.465,32.972],[-96.4634,32.9745],[-96.4669,32.9749],[-96.4667,32.9824],[-96.4723,32.9823],[-96.4749,32.9842],[-96.4778,32.9846],[-96.4833,32.9846],[-96.4843,32.9836],[-96.4873,32.9831],[-96.4897,32.9872],[-96.4935,32.9872],[-96.4962,32.988],[-96.4978,32.9901],[-96.5004,32.991],[-96.5004,32.9928],[-96.5025,32.9966],[-96.5026,32.9991],[-96.5008,33.0015],[-96.4999,33.0052],[-96.4971,33.0101],[-96.4971,33.0173],[-96.4994,33.0198],[-96.5134,33.0276]]]},"properties":{"objectid":15926,"tnmid":"{CD67667D-CA7D-42E5-9E87-E0A109B191C6}","metasourceid":"{511D2AC8-11BA-45FC-AB98-F69D693D4C44}","sourcedatadesc":"Watershed Boundary Dataset (WBD)","sourceoriginator":"Natural Resources and Conservation Service and U.S. Geological Survey","sourcefeatureid":null,"loaddate":1723704945000,"referencegnis_ids":"1333478,1373547","areaacres":27271.92,"areasqkm":110.37,"states":"TX","huc12":"120301060402","name":"Cottonwood Creek-East Fork Trinity River","hutype":"S","humod":"LE,TF,AD","tohuc":"120301060409","noncontributingareaacres":0,"noncontributingareasqkm":0,"globalid":"{BC4BC6ED-E29C-11E2-8094-0021280458E6}","shape_Length":75261.49283206019,"shape_Area":157150247.51954457}},{"type":"Feature","id":16514,"geometry":{"type":"Polygon","coordinates":[[[-96.6799,33.171],[-96.6837,33.1721],[-96.6875,33.1755],[-96.6889,33.1755],[-96.6997,33.1718],[-96.701,33.1693],[-96.701,33.1676],[-96.7041,33.1644],[-96.6963,33.1489],[-96.6939,33.1465],[-96.6936,33.1428],[-96.6915,33.1381],[-96.6907,33.1372],[-96.6864,33.1367],[-96.6847,33.1356],[-96.6851,33.1295],[-96.684,33.1279],[-96.6801,33.125],[-96.6824,33.1203],[-96.6815,33.1183],[-96.6774,33.1156],[-96.6779,33.1132],[-96.6795,33.1118],[-96.6799,33.1092],[-96.6772,33.1061],[-96.6758,33.1031],[-96.6765,33.0951],[-96.6723,33.093],[-96.6718,33.0918],[-96.672,33.0873],[-96.6696,33.0857],[-96.6689,33.0844],[-96.6689,33.0816],[-96.6652,33.0777],[-96.6663,33.0754],[-96.6666,33.072],[-96.6642,33.0682],[-96.6644,33.0648],[-96.6622,33.0569],[-96.6584,33.0538],[-96.6574,33.0519],[-96.6573,33.0483],[-96.6588,33.0469],[-96.6567,33.0446],[-96.6558,33.0416],[-96.6543,33.0393],[-96.6496,33.0359],[-96.652,33.0284],[-96.6481,33.0261],[-96.6447,33.0226],[-96.6434,33.0157],[-96.6428,33.0148],[-96.6393,33.0133],[-96.6355,33.0163],[-96.6344,33.0184],[-96.6344,33.0206],[-96.6333,33.0236],[-96.6299,33.0294],[-96.6291,33.0332],[-96.6248,33.0378],[-96.6229,33.0388],[-96.6258,33.0433],[-96.625,33.0479],[-96.6267,33.0494],[-96.6284,33.0542],[-96.6337,33.0585],[-96.6344,33.0612],[-96.6335,33.0683],[-96.6344,33.071],[-96.6346,33.0781],[-96.6333,33.0837],[-96.6281,33.0908],[-96.6274,33.0937],[-96.6289,33.0964],[-96.6329,33.0979],[-96.6346,33.0999],[-96.6334,33.1065],[-96.6344,33.1096],[-96.6379,33.1153],[-96.6498,33.1166],[-96.6504,33.1218],[-96.6525,33.1256],[-96.6545,33.1276],[-96.6563,33.1281],[-96.6584,33.1315],[-96.6607,33.1334],[-96.6619,33.1423],[-96.6642,33.1426],[-96.6669,33.1465],[-96.6665,33.1514],[-96.6652,33.1537],[-96.6657,33.155],[-96.6701,33.1584],[-96.6695,33.1602],[-96.6713,33.1627],[-96.6753,33.1644],[-96.6778,33.1691],[-96.6799,33.171]]]},"properties":{"objectid":16514,"tnmid":"{9230AF38-5DD0-4F24-8F2D-A4A58781A315}","metasourceid":"{511D2AC8-11BA-45FC-AB98-F69D693D4C44}","sourcedatadesc":"Watershed Boundary Dataset (WBD)","sourceoriginator":"Natural Resources and Conservation Service and U.S. Geological Survey","sourcefeatureid":null,"loaddate":1723704945000,"referencegnis_ids":"2412349,1333479","areaacres":12360.25,"areasqkm":50.02,"states":"TX","huc12":"120301060405","name":"Town of Allen-Cottonwood Creek","hutype":"S","humod":"NM","tohuc":"120301060406","noncontributingareaacres":0,"noncontributingareasqkm":0,"globalid":"{BC4C12CB-E29C-11E2-8094-0021280458E6}","shape_Length":53038.19908740525,"shape_Area":71467679.77637354}},{"type":"Feature","id":16547,"geometry":{"type":"Polygon","coordinates":[[[-96.5486,33.0325],[-96.5522,33.0351],[-96.5521,33.042],[-96.5536,33.0446],[-96.5545,33.0446],[-96.5553,33.0458],[-96.5562,33.0506],[-96.5608,33.0519],[-96.5609,33.0538],[-96.5639,33.0601],[-96.5684,33.062],[-96.5707,33.0621],[-96.5714,33.0641],[-96.5709,33.0678],[-96.5741,33.0707],[-96.5755,33.0761],[-96.5777,33.0781],[-96.5794,33.0827],[-96.5821,33.085],[-96.5836,33.089],[-96.5896,33.0941],[-96.592,33.094],[-96.5938,33.0915],[-96.5948,33.0887],[-96.5965,33.0878],[-96.6021,33.0892],[-96.6048,33.0923],[-96.6114,33.0947],[-96.6152,33.0986],[-96.6238,33.0938],[-96.6274,33.0937],[-96.6281,33.0908],[-96.6333,33.0837],[-96.6346,33.0781],[-96.6344,33.071],[-96.6335,33.0683],[-96.6344,33.0612],[-96.6337,33.0585],[-96.6284,33.0542],[-96.6267,33.0494],[-96.625,33.0479],[-96.6258,33.0433],[-96.6213,33.0359],[-96.6218,33.0331],[-96.6201,33.0277],[-96.6209,33.0248],[-96.6206,33.0239],[-96.6184,33.023],[-96.6141,33.0196],[-96.6143,33.0134],[-96.6177,33.0086],[-96.616,33.0049],[-96.6173,33.0016],[-96.6172,33.0002],[-96.6166,32.9993],[-96.6125,32.9981],[-96.6109,32.9958],[-96.6123,32.9943],[-96.6117,32.9929],[-96.6121,32.9888],[-96.6074,32.9861],[-96.6036,32.9801],[-96.5984,32.9764],[-96.5942,32.9781],[-96.5919,32.9754],[-96.5911,32.9685],[-96.5895,32.9666],[-96.5905,32.9656],[-96.5905,32.9647],[-96.5893,32.9626],[-96.5859,32.9594],[-96.5831,32.9601],[-96.5816,32.957],[-96.5804,32.9559],[-96.5812,32.9535],[-96.5833,32.951],[-96.582,32.9489],[-96.5774,32.9467],[-96.5772,32.9436],[-96.5783,32.9402],[-96.5772,32.9358],[-96.5769,32.9299],[-96.5752,32.9286],[-96.5749,32.9272],[-96.5761,32.9262],[-96.5763,32.924],[-96.5754,32.9223],[-96.5736,32.9207],[-96.5728,32.9185],[-96.5706,32.9166],[-96.5711,32.9139],[-96.5701,32.9123],[-96.5673,32.91],[-96.567,32.907],[-96.5663,32.9061],[-96.562,32.9041],[-96.5612,32.8982],[-96.5589,32.8935],[-96.5538,32.8891],[-96.5523,32.887],[-96.552,32.8862],[-96.5532,32.8828],[-96.5514,32.8811],[-96.5506,32.8774],[-96.5457,32.8764],[-96.5388,32.8806],[-96.538,32.8819],[-96.5387,32.8852],[-96.5376,32.8865],[-96.5343,32.8864],[-96.5321,32.8872],[-96.532,32.8898],[-96.5301,32.8913],[-96.5272,32.8984],[-96.5256,32.9],[-96.5237,32.9034],[-96.5216,32.905],[-96.5176,32.9066],[-96.5182,32.9095],[-96.5178,32.9219],[-96.52,32.9231],[-96.5321,32.9251],[-96.5335,32.9264],[-96.5354,32.9307],[-96.5364,32.9357],[-96.5356,32.9377],[-96.5357,32.9416],[-96.5333,32.9495],[-96.5326,32.9596],[-96.534,32.9628],[-96.5359,32.9644],[-96.5353,32.9665],[-96.5372,32.9703],[-96.5351,32.9726],[-96.5371,32.9747],[-96.538,32.9775],[-96.5365,32.9795],[-96.5404,32.9811],[-96.5415,32.9825],[-96.5405,32.9845],[-96.5402,32.9914],[-96.5425,33.0006],[-96.5416,33.0029],[-96.5396,33.0052],[-96.5416,33.0118],[-96.5408,33.0181],[-96.5399,33.0202],[-96.5447,33.0235],[-96.5463,33.0268],[-96.5487,33.0291],[-96.5486,33.0325]]]},"properties":{"objectid":16547,"tnmid":"{892869E9-7E9D-47E6-B83D-79F6E03C7B08}","metasourceid":"{511D2AC8-11BA-45FC-AB98-F69D693D4C44}","sourcedatadesc":"Watershed Boundary Dataset (WBD)","sourceoriginator":"Natural Resources and Conservation Service and U.S. Geological Survey","sourcefeatureid":null,"loaddate":1723704945000,"referencegnis_ids":"1342219,1375647","areaacres":30731.11,"areasqkm":124.36,"states":"TX","huc12":"120301060403","name":"Muddy Creek-Ray Hubbard Lake","hutype":"S","humod":"AD","tohuc":"120301060409","noncontributingareaacres":0,"noncontributingareasqkm":0,"globalid":"{BC4BDDCC-E29C-11E2-8094-0021280458E6}","shape_Length":76318.47488418261,"shape_Area":177289159.59030908}},{"type":"Feature","id":16551,"geometry":{"type":"Polygon","coordinates":[[[-96.7041,33.1644],[-96.7082,33.1639],[-96.7101,33.1644],[-96.711,33.1712],[-96.7129,33.1754],[-96.7158,33.1778],[-96.7205,33.179],[-96.7206,33.1835],[-96.7192,33.1874],[-96.7246,33.1885],[-96.7261,33.1906],[-96.7291,33.1919],[-96.7294,33.1951],[-96.7325,33.1968],[-96.7343,33.2],[-96.7365,33.202],[-96.7366,33.2038],[-96.7359,33.2049],[-96.7397,33.2068],[-96.7421,33.207],[-96.7442,33.2058],[-96.7459,33.2034],[-96.7497,33.2031],[-96.7517,33.2045],[-96.7541,33.2018],[-96.7598,33.1986],[-96.7627,33.1938],[-96.7642,33.1925],[-96.7696,33.1892],[-96.7699,33.1783],[-96.771,33.1767],[-96.7697,33.1689],[-96.7787,33.1631],[-96.7811,33.156],[-96.7847,33.1561],[-96.7882,33.1551],[-96.7898,33.1505],[-96.7872,33.1411],[-96.7841,33.1402],[-96.7799,33.137],[-96.7785,33.1351],[-96.7761,33.1359],[-96.7743,33.1358],[-96.7678,33.1328],[-96.7677,33.131],[-96.7712,33.1265],[-96.7715,33.1252],[-96.7681,33.1155],[-96.7671,33.1149],[-96.7662,33.1116],[-96.7642,33.1088],[-96.763,33.1052],[-96.7631,33.1016],[-96.7625,33.101],[-96.7635,33.0959],[-96.7627,33.0924],[-96.7668,33.0901],[-96.7662,33.0873],[-96.7613,33.0858],[-96.7575,33.0866],[-96.7519,33.0859],[-96.748,33.0833],[-96.7453,33.0779],[-96.743,33.0754],[-96.7411,33.0747],[-96.7353,33.0747],[-96.7264,33.0702],[-96.7257,33.0687],[-96.7257,33.0652],[-96.7201,33.0595],[-96.7126,33.0646],[-96.7062,33.0675],[-96.7038,33.0696],[-96.7026,33.0695],[-96.7016,33.0674],[-96.6999,33.0671],[-96.6951,33.0702],[-96.6902,33.0704],[-96.6873,33.076],[-96.6858,33.0764],[-96.6822,33.0869],[-96.6791,33.0883],[-96.6775,33.0905],[-96.6765,33.0951],[-96.6758,33.1031],[-96.6772,33.1061],[-96.6799,33.1092],[-96.6795,33.1118],[-96.6779,33.1132],[-96.6774,33.1156],[-96.6815,33.1183],[-96.6824,33.1203],[-96.6801,33.125],[-96.684,33.1279],[-96.6851,33.1295],[-96.6847,33.1356],[-96.6864,33.1367],[-96.6907,33.1372],[-96.6915,33.1381],[-96.6936,33.1428],[-96.6939,33.1465],[-96.6963,33.1489],[-96.7041,33.1644]]]},"properties":{"objectid":16551,"tnmid":"{D567E21A-21AC-4195-9E77-BF1731697EDE}","metasourceid":"{511D2AC8-11BA-45FC-AB98-F69D693D4C44}","sourcedatadesc":"Watershed Boundary Dataset (WBD)","sourceoriginator":"Natural Resources and Conservation Service and U.S. Geological Survey","sourcefeatureid":null,"loaddate":1723704945000,"referencegnis_ids":"1345722","areaacres":24778.88,"areasqkm":100.28,"states":"TX","huc12":"120301060404","name":"Headwaters Rowlett Creek","hutype":"S","humod":"TF","tohuc":"120301060406","noncontributingareaacres":0,"noncontributingareasqkm":0,"globalid":"{BC4BFBDF-E29C-11E2-8094-0021280458E6}","shape_Length":56067.38881608655,"shape_Area":143377854.80910802}},{"type":"Feature","id":16611,"geometry":{"type":"Polygon","coordinates":[[[-96.7668,33.0901],[-96.7698,33.0902],[-96.7718,33.0894],[-96.7731,33.0864],[-96.773,33.0852],[-96.7721,33.0833],[-96.7714,33.0779],[-96.7694,33.0755],[-96.7691,33.0707],[-96.768,33.0671],[-96.7645,33.0601],[-96.7645,33.0576],[-96.7668,33.0523],[-96.7687,33.0502],[-96.7684,33.0465],[-96.77,33.0452],[-96.7727,33.0446],[-96.7741,33.0415],[-96.777,33.0404],[-96.777,33.0385],[-96.7783,33.0363],[-96.7785,33.0343],[-96.7786,33.0323],[-96.7776,33.0306],[-96.7777,33.0276],[-96.7759,33.0246],[-96.7722,33.024],[-96.7703,33.0209],[-96.7655,33.0214],[-96.7644,33.0185],[-96.7677,33.0131],[-96.7676,33.0103],[-96.7663,33.0091],[-96.7633,33.0081],[-96.7587,33.0033],[-96.7545,32.9971],[-96.7516,32.996],[-96.7488,32.9938],[-96.7471,32.9938],[-96.742,32.9905],[-96.7413,32.9866],[-96.743,32.9836],[-96.7409,32.9817],[-96.741,32.9796],[-96.7341,32.9774],[-96.7341,32.9737],[-96.7313,32.9724],[-96.7302,32.971],[-96.7299,32.9678],[-96.7278,32.9678],[-96.726,32.9687],[-96.7245,32.9684],[-96.7237,32.9691],[-96.7215,32.9669],[-96.7151,32.9776],[-96.7083,32.9785],[-96.7074,32.9763],[-96.7052,32.9754],[-96.703,32.9754],[-96.7013,32.9739],[-96.6979,32.9698],[-96.697,32.9675],[-96.6948,32.9652],[-96.6917,32.9637],[-96.6904,32.961],[-96.6861,32.9604],[-96.6846,32.9583],[-96.6817,32.9573],[-96.6818,32.9547],[-96.6805,32.9518],[-96.6739,32.9487],[-96.6707,32.9441],[-96.6657,32.9427],[-96.6611,32.9388],[-96.6578,32.9378],[-96.6541,32.9352],[-96.6501,32.9279],[-96.6452,32.9267],[-96.6427,32.932],[-96.6298,32.9344],[-96.628,32.9356],[-96.6235,32.9438],[-96.6203,32.948],[-96.6192,32.952],[-96.618,32.9523],[-96.6155,32.9543],[-96.6168,32.9573],[-96.6153,32.9601],[-96.6197,32.9593],[-96.6223,32.9607],[-96.628,32.9603],[-96.6297,32.9609],[-96.6307,32.9627],[-96.6344,32.9654],[-96.6379,32.9665],[-96.6442,32.9708],[-96.6459,32.9708],[-96.6472,32.9724],[-96.6496,32.9726],[-96.6521,32.9739],[-96.654,32.9763],[-96.6544,32.9792],[-96.6574,32.9812],[-96.6586,32.9854],[-96.6652,32.9891],[-96.6676,32.9931],[-96.6715,32.9975],[-96.6796,32.9967],[-96.6835,32.9996],[-96.6882,33.0014],[-96.6903,33.0072],[-96.697,33.0142],[-96.6979,33.0202],[-96.7,33.0244],[-96.7013,33.0256],[-96.701,33.0282],[-96.7018,33.0296],[-96.7018,33.0313],[-96.7046,33.0353],[-96.7035,33.037],[-96.7088,33.0381],[-96.7092,33.0409],[-96.7099,33.0418],[-96.7179,33.048],[-96.7185,33.051],[-96.717,33.0556],[-96.717,33.0578],[-96.7209,33.06],[-96.7223,33.0622],[-96.7253,33.0645],[-96.7257,33.0687],[-96.7264,33.0702],[-96.7353,33.0747],[-96.7411,33.0747],[-96.743,33.0754],[-96.7453,33.0779],[-96.748,33.0833],[-96.7527,33.0864],[-96.7575,33.0866],[-96.7613,33.0858],[-96.7652,33.0865],[-96.7662,33.0873],[-96.7668,33.0901]]]},"properties":{"objectid":16611,"tnmid":"{8E272056-09DD-4028-A626-E8878167EC98}","metasourceid":"{511D2AC8-11BA-45FC-AB98-F69D693D4C44}","sourcedatadesc":"Watershed Boundary Dataset (WBD)","sourceoriginator":"Natural Resources and Conservation Service and U.S. Geological Survey","sourcefeatureid":null,"loaddate":1723704945000,"referencegnis_ids":"1344149,1347726","areaacres":23393.26,"areasqkm":94.67,"states":"TX","huc12":"120301060407","name":"Pittman Creek-Spring Creek","hutype":"S","humod":"UA","tohuc":"120301060408","noncontributingareaacres":0,"noncontributingareasqkm":0,"globalid":"{BC4C47A7-E29C-11E2-8094-0021280458E6}","shape_Length":69882.6246647361,"shape_Area":134980196.5531543}},{"type":"Feature","id":16680,"geometry":{"type":"Polygon","coordinates":[[[-96.419,32.9242],[-96.4247,32.9238],[-96.4262,32.9256],[-96.4293,32.9256],[-96.4312,32.9237],[-96.4345,32.9227],[-96.4367,32.9225],[-96.4411,32.9243],[-96.4469,32.9214],[-96.4507,32.9181],[-96.4534,32.9134],[-96.4532,32.9119],[-96.4551,32.9072],[-96.4572,32.9049],[-96.4572,32.902],[-96.46,32.9008],[-96.4647,32.9007],[-96.4663,32.8984],[-96.4696,32.8966],[-96.4715,32.891],[-96.474,32.8887],[-96.474,32.8873],[-96.473,32.8861],[-96.4731,32.8834],[-96.4709,32.8804],[-96.4727,32.8769],[-96.475,32.876],[-96.4747,32.8697],[-96.4729,32.8649],[-96.4729,32.8619],[-96.4743,32.8595],[-96.474,32.8587],[-96.4695,32.8555],[-96.4692,32.8535],[-96.4703,32.8514],[-96.4704,32.8413],[-96.4699,32.8402],[-96.4669,32.8371],[-96.467,32.8351],[-96.4648,32.8324],[-96.4636,32.8279],[-96.4639,32.8261],[-96.4676,32.8231],[-96.4679,32.8202],[-96.4668,32.8172],[-96.4693,32.8145],[-96.4676,32.8076],[-96.4697,32.8023],[-96.4705,32.7983],[-96.4756,32.7971],[-96.4777,32.7944],[-96.4794,32.7907],[-96.4822,32.788],[-96.4802,32.7824],[-96.4802,32.781],[-96.4812,32.7793],[-96.4837,32.7769],[-96.4896,32.7762],[-96.4901,32.7699],[-96.4921,32.7671],[-96.4917,32.7653],[-96.493,32.7618],[-96.4936,32.7613],[-96.4966,32.7624],[-96.5056,32.7547],[-96.5053,32.7535],[-96.5083,32.7523],[-96.509,32.7513],[-96.5021,32.7495],[-96.4977,32.7497],[-96.4863,32.7559],[-96.4837,32.7566],[-96.4809,32.7565],[-96.4794,32.7574],[-96.4755,32.7559],[-96.4732,32.7537],[-96.4698,32.7567],[-96.4689,32.7585],[-96.4692,32.7616],[-96.4705,32.7651],[-96.4671,32.7664],[-96.4637,32.7711],[-96.4606,32.7717],[-96.4553,32.7745],[-96.4538,32.7747],[-96.4494,32.7736],[-96.4446,32.7733],[-96.4401,32.7714],[-96.4384,32.7714],[-96.4297,32.7735],[-96.4263,32.7763],[-96.4268,32.7794],[-96.423,32.785],[-96.4245,32.7872],[-96.4234,32.7886],[-96.4234,32.7906],[-96.4218,32.7941],[-96.4225,32.7967],[-96.4216,32.7987],[-96.422,32.803],[-96.4199,32.8075],[-96.421,32.8114],[-96.4174,32.8153],[-96.4173,32.8168],[-96.4186,32.8192],[-96.418,32.8223],[-96.4184,32.8235],[-96.4179,32.825],[-96.4156,32.8275],[-96.412,32.8299],[-96.412,32.8315],[-96.4154,32.8341],[-96.4157,32.8369],[-96.4154,32.8385],[-96.4121,32.8427],[-96.4126,32.8443],[-96.4141,32.8452],[-96.413,32.8463],[-96.4117,32.8495],[-96.4128,32.8514],[-96.4098,32.8612],[-96.4114,32.8625],[-96.4107,32.8649],[-96.4122,32.8674],[-96.4108,32.8687],[-96.4097,32.8721],[-96.4102,32.8731],[-96.4138,32.8756],[-96.4097,32.8849],[-96.4129,32.8876],[-96.4123,32.8903],[-96.4143,32.8959],[-96.413,32.8992],[-96.413,32.9018],[-96.4139,32.9038],[-96.413,32.911],[-96.4114,32.913],[-96.4093,32.9183],[-96.4097,32.9191],[-96.4141,32.9207],[-96.4165,32.9206],[-96.4175,32.9212],[-96.4176,32.9228],[-96.419,32.9242]]]},"properties":{"objectid":16680,"tnmid":"{A02B3F8C-9ACE-4818-86E1-283B53F5E8DB}","metasourceid":"{511D2AC8-11BA-45FC-AB98-F69D693D4C44}","sourcedatadesc":"Watershed Boundary Dataset (WBD)","sourceoriginator":"Natural Resources and Conservation Service and U.S. Geological Survey","sourcefeatureid":null,"loaddate":1723704945000,"referencegnis_ids":"1340436,1331566","areaacres":22068.89,"areasqkm":89.31,"states":"TX","huc12":"120301060502","name":"Long Branch-Buffalo Creek","hutype":"S","humod":"TF,AD,LE,GC","tohuc":"120301060503","noncontributingareaacres":0,"noncontributingareasqkm":0,"globalid":"{BC4CB1C6-E29C-11E2-8094-0021280458E6}","shape_Length":66555.3492731123,"shape_Area":126871853.47814958}},{"type":"Feature","id":16681,"geometry":{"type":"Polygon","coordinates":[[[-96.5487,32.8768],[-96.5506,32.8774],[-96.5514,32.8811],[-96.5532,32.8828],[-96.552,32.8862],[-96.5523,32.887],[-96.5538,32.8891],[-96.5589,32.8935],[-96.5612,32.8982],[-96.562,32.9041],[-96.5663,32.9061],[-96.567,32.907],[-96.5673,32.91],[-96.5701,32.9123],[-96.5711,32.9139],[-96.5706,32.9166],[-96.5728,32.9185],[-96.5736,32.9207],[-96.5754,32.9223],[-96.5763,32.924],[-96.5761,32.9262],[-96.5749,32.9272],[-96.5752,32.9286],[-96.5769,32.9299],[-96.5772,32.9358],[-96.5783,32.9402],[-96.5772,32.9436],[-96.5774,32.9467],[-96.5812,32.9483],[-96.583,32.9503],[-96.5833,32.9514],[-96.5812,32.9535],[-96.5804,32.9553],[-96.5826,32.9596],[-96.5838,32.9603],[-96.5859,32.9594],[-96.5871,32.9602],[-96.5905,32.9647],[-96.5905,32.9656],[-96.5895,32.9666],[-96.5911,32.9685],[-96.5919,32.9754],[-96.5942,32.9781],[-96.5984,32.9764],[-96.6036,32.9801],[-96.6062,32.9848],[-96.609,32.9835],[-96.611,32.9804],[-96.6128,32.9789],[-96.6174,32.9786],[-96.6188,32.9776],[-96.6188,32.9758],[-96.6145,32.9694],[-96.6144,32.9623],[-96.6151,32.9596],[-96.6168,32.9573],[-96.6155,32.9543],[-96.618,32.9523],[-96.6192,32.952],[-96.6203,32.948],[-96.6235,32.9438],[-96.628,32.9356],[-96.6298,32.9344],[-96.6427,32.932],[-96.6464,32.923],[-96.647,32.9181],[-96.6461,32.9142],[-96.6419,32.9112],[-96.6408,32.9086],[-96.6404,32.9053],[-96.6356,32.9016],[-96.6342,32.8973],[-96.633,32.8964],[-96.6311,32.8963],[-96.6295,32.891],[-96.6256,32.8851],[-96.6247,32.8842],[-96.6189,32.8846],[-96.6183,32.8831],[-96.6184,32.8798],[-96.6163,32.878],[-96.6162,32.8761],[-96.6174,32.8744],[-96.6168,32.8718],[-96.6146,32.8682],[-96.6131,32.8672],[-96.6086,32.8675],[-96.6055,32.8647],[-96.6049,32.8628],[-96.6041,32.8623],[-96.6013,32.8626],[-96.6,32.8642],[-96.5986,32.8647],[-96.5957,32.8616],[-96.5932,32.8602],[-96.5903,32.861],[-96.5887,32.8604],[-96.5841,32.8553],[-96.5788,32.8591],[-96.5764,32.8617],[-96.5723,32.8633],[-96.5714,32.8632],[-96.5713,32.8617],[-96.5701,32.8602],[-96.5685,32.8597],[-96.5614,32.8608],[-96.5521,32.8603],[-96.5503,32.862],[-96.5463,32.8623],[-96.545,32.8631],[-96.5434,32.8652],[-96.5435,32.8672],[-96.5452,32.8688],[-96.5487,32.8768]]]},"properties":{"objectid":16681,"tnmid":"{79AC481C-57C5-49EE-884A-EE2F79DD2588}","metasourceid":"{511D2AC8-11BA-45FC-AB98-F69D693D4C44}","sourcedatadesc":"Watershed Boundary Dataset (WBD)","sourceoriginator":"Natural Resources and Conservation Service and U.S. Geological Survey","sourcefeatureid":null,"loaddate":1723704945000,"referencegnis_ids":"1345722,1375647","areaacres":17261.55,"areasqkm":69.86,"states":"TX","huc12":"120301060408","name":"Rowlett Creek-Ray Hubbard Lake","hutype":"S","humod":"TF","tohuc":"120301060409","noncontributingareaacres":0,"noncontributingareasqkm":0,"globalid":"{BC4C65A9-E29C-11E2-8094-0021280458E6}","shape_Length":50564.15511688379,"shape_Area":99388941.53054069}},{"type":"Feature","id":16682,"geometry":{"type":"Polygon","coordinates":[[[-96.6452,32.9267],[-96.6501,32.9279],[-96.6541,32.9352],[-96.6578,32.9378],[-96.6611,32.9388],[-96.6657,32.9427],[-96.6707,32.9441],[-96.6739,32.9487],[-96.6805,32.9518],[-96.6818,32.9547],[-96.6817,32.9573],[-96.6846,32.9583],[-96.6861,32.9604],[-96.6904,32.961],[-96.6917,32.9637],[-96.6948,32.9652],[-96.697,32.9675],[-96.6979,32.9698],[-96.7013,32.9739],[-96.703,32.9754],[-96.7052,32.9754],[-96.7074,32.9763],[-96.7083,32.9785],[-96.7151,32.9776],[-96.7215,32.9669],[-96.7234,32.9689],[-96.7245,32.9684],[-96.7243,32.9661],[-96.7227,32.9642],[-96.7235,32.9626],[-96.7229,32.9609],[-96.7233,32.9578],[-96.7202,32.9534],[-96.7175,32.9445],[-96.7176,32.9425],[-96.7197,32.9395],[-96.7176,32.9381],[-96.714,32.9376],[-96.7051,32.931],[-96.704,32.9284],[-96.7047,32.9242],[-96.7014,32.9219],[-96.7007,32.9207],[-96.7011,32.9173],[-96.6987,32.9121],[-96.6962,32.9105],[-96.6907,32.9108],[-96.6875,32.9094],[-96.6893,32.9064],[-96.6925,32.8956],[-96.6923,32.8936],[-96.6917,32.8922],[-96.6817,32.8847],[-96.6809,32.8833],[-96.6807,32.88],[-96.6784,32.8783],[-96.6776,32.8762],[-96.6788,32.8696],[-96.6785,32.8679],[-96.6745,32.8655],[-96.6732,32.8636],[-96.6733,32.8625],[-96.6721,32.8617],[-96.6733,32.86],[-96.6712,32.8576],[-96.6701,32.8542],[-96.6714,32.8508],[-96.6715,32.8486],[-96.6667,32.8475],[-96.6638,32.8446],[-96.6572,32.8424],[-96.6465,32.8327],[-96.6427,32.8341],[-96.6395,32.8362],[-96.6381,32.833],[-96.6362,32.8318],[-96.6325,32.8312],[-96.6294,32.8325],[-96.6278,32.8319],[-96.6239,32.8266],[-96.616,32.8235],[-96.6144,32.8241],[-96.612,32.8275],[-96.606,32.8264],[-96.6035,32.827],[-96.6027,32.826],[-96.6023,32.8236],[-96.5988,32.824],[-96.597,32.8232],[-96.5956,32.821],[-96.5956,32.818],[-96.593,32.8148],[-96.5915,32.8115],[-96.5866,32.8086],[-96.5856,32.8066],[-96.5806,32.8092],[-96.5751,32.8109],[-96.5734,32.8134],[-96.5726,32.8134],[-96.5712,32.8117],[-96.5716,32.8105],[-96.5709,32.8081],[-96.5676,32.8049],[-96.5639,32.8031],[-96.5626,32.8005],[-96.5616,32.8001],[-96.5506,32.7995],[-96.5474,32.7964],[-96.5442,32.7955],[-96.5404,32.7955],[-96.5326,32.7928],[-96.5315,32.7929],[-96.5304,32.7957],[-96.5291,32.7962],[-96.5185,32.7949],[-96.5092,32.7953],[-96.5094,32.7959],[-96.5115,32.7968],[-96.5105,32.803],[-96.5307,32.8075],[-96.5315,32.8095],[-96.5336,32.8112],[-96.5348,32.8144],[-96.5362,32.8144],[-96.5375,32.8156],[-96.5405,32.8159],[-96.5415,32.8167],[-96.5433,32.8197],[-96.5449,32.8204],[-96.5449,32.8215],[-96.5491,32.8251],[-96.5493,32.8306],[-96.5525,32.8332],[-96.5558,32.8345],[-96.5567,32.8383],[-96.5629,32.8433],[-96.5635,32.8446],[-96.5638,32.8485],[-96.5664,32.8486],[-96.5699,32.851],[-96.5748,32.8511],[-96.5784,32.8543],[-96.5835,32.855],[-96.5867,32.8577],[-96.5887,32.8604],[-96.5903,32.861],[-96.5932,32.8602],[-96.5957,32.8616],[-96.5986,32.8647],[-96.6,32.8642],[-96.6013,32.8626],[-96.6041,32.8623],[-96.6049,32.8628],[-96.6055,32.8647],[-96.6086,32.8675],[-96.6131,32.8672],[-96.6146,32.8682],[-96.6168,32.8718],[-96.6174,32.8744],[-96.6162,32.8761],[-96.6163,32.878],[-96.6184,32.8798],[-96.6183,32.8831],[-96.6189,32.8846],[-96.6247,32.8842],[-96.6256,32.8851],[-96.6295,32.891],[-96.6311,32.8963],[-96.633,32.8964],[-96.6342,32.8973],[-96.6356,32.9016],[-96.6404,32.9053],[-96.6408,32.9086],[-96.6419,32.9112],[-96.6461,32.9142],[-96.647,32.9181],[-96.6464,32.923],[-96.6452,32.9267]]]},"properties":{"objectid":16682,"tnmid":"{AB9482BD-BBD1-414A-AF0E-F2B345B1C3CA}","metasourceid":"{511D2AC8-11BA-45FC-AB98-F69D693D4C44}","sourcedatadesc":"Watershed Boundary Dataset (WBD)","sourceoriginator":"Natural Resources and Conservation Service and U.S. Geological Survey","sourcefeatureid":null,"loaddate":1723704945000,"referencegnis_ids":"1334715","areaacres":27186.29,"areasqkm":110.02,"states":"TX","huc12":"120301060501","name":"Duck Creek","hutype":"S","humod":"LE,GC,UA","tohuc":"120301060503","noncontributingareaacres":0,"noncontributingareasqkm":0,"globalid":"{BC4C9AAF-E29C-11E2-8094-0021280458E6}","shape_Length":85547.11152854127,"shape_Area":156413552.62914482}},{"type":"Feature","id":16684,"geometry":{"type":"Polygon","coordinates":[[[-96.5105,32.803],[-96.5115,32.7968],[-96.509,32.7956],[-96.5096,32.7951],[-96.5185,32.7949],[-96.5291,32.7962],[-96.5304,32.7957],[-96.5315,32.7929],[-96.5338,32.7929],[-96.5404,32.7955],[-96.5442,32.7955],[-96.5474,32.7964],[-96.5506,32.7995],[-96.5594,32.7996],[-96.5626,32.8005],[-96.5635,32.8027],[-96.5676,32.8049],[-96.5709,32.8081],[-96.5716,32.8105],[-96.5712,32.8117],[-96.5726,32.8134],[-96.5734,32.8134],[-96.5751,32.8109],[-96.5806,32.8092],[-96.5856,32.8066],[-96.5866,32.8086],[-96.5915,32.8115],[-96.593,32.8148],[-96.5956,32.818],[-96.5956,32.821],[-96.597,32.8232],[-96.5988,32.824],[-96.6023,32.8236],[-96.6027,32.826],[-96.6035,32.827],[-96.606,32.8264],[-96.6112,32.8276],[-96.612,32.8275],[-96.6153,32.8236],[-96.6225,32.8258],[-96.624,32.824],[-96.6234,32.8191],[-96.6203,32.8165],[-96.6207,32.8116],[-96.6172,32.806],[-96.6168,32.8013],[-96.6153,32.7988],[-96.6127,32.7971],[-96.6111,32.7916],[-96.6075,32.7901],[-96.6062,32.789],[-96.6045,32.7844],[-96.6018,32.7815],[-96.5961,32.7797],[-96.5952,32.7787],[-96.5948,32.7746],[-96.5913,32.773],[-96.5903,32.7705],[-96.5885,32.7691],[-96.5878,32.7635],[-96.5827,32.7599],[-96.5802,32.7558],[-96.5763,32.756],[-96.5756,32.7554],[-96.5745,32.7516],[-96.5722,32.7478],[-96.568,32.7461],[-96.5661,32.7413],[-96.5631,32.737],[-96.5572,32.7331],[-96.5561,32.7317],[-96.5564,32.728],[-96.555,32.7258],[-96.5486,32.7237],[-96.5431,32.7211],[-96.542,32.7179],[-96.5399,32.7177],[-96.5343,32.7141],[-96.532,32.7108],[-96.5324,32.7053],[-96.5307,32.7013],[-96.5276,32.7018],[-96.5241,32.7053],[-96.5211,32.7065],[-96.5163,32.7053],[-96.5097,32.7047],[-96.5071,32.7029],[-96.5003,32.7053],[-96.4956,32.7042],[-96.4942,32.7049],[-96.4924,32.7073],[-96.4946,32.7127],[-96.4893,32.7168],[-96.4874,32.7192],[-96.4866,32.7235],[-96.4844,32.7267],[-96.4842,32.7279],[-96.4851,32.7291],[-96.4849,32.7305],[-96.4827,32.7332],[-96.4809,32.7374],[-96.4801,32.737],[-96.4786,32.7401],[-96.4709,32.7487],[-96.4732,32.7509],[-96.4727,32.753],[-96.4732,32.7537],[-96.4755,32.7559],[-96.4788,32.7574],[-96.4809,32.7565],[-96.4837,32.7566],[-96.4863,32.7559],[-96.4977,32.7497],[-96.5021,32.7495],[-96.509,32.7513],[-96.5083,32.7523],[-96.5053,32.7535],[-96.5056,32.7547],[-96.4966,32.7624],[-96.4936,32.7613],[-96.493,32.7618],[-96.4917,32.7653],[-96.4921,32.7671],[-96.4901,32.7699],[-96.4896,32.7762],[-96.4837,32.7769],[-96.4812,32.7793],[-96.4802,32.781],[-96.4802,32.7824],[-96.4822,32.788],[-96.4794,32.7907],[-96.4777,32.7944],[-96.4756,32.7971],[-96.4705,32.7983],[-96.4697,32.8023],[-96.4684,32.805],[-96.4716,32.8054],[-96.4808,32.8033],[-96.4854,32.803],[-96.4903,32.8015],[-96.4933,32.7997],[-96.5105,32.803]]]},"properties":{"objectid":16684,"tnmid":"{B1A0BCB5-E8EF-419C-8CAF-A90B3B37F4D1}","metasourceid":"{511D2AC8-11BA-45FC-AB98-F69D693D4C44}","sourcedatadesc":"Watershed Boundary Dataset (WBD)","sourceoriginator":"Natural Resources and Conservation Service and U.S. Geological Survey","sourcefeatureid":null,"loaddate":1723704945000,"referencegnis_ids":"1342776,1373547","areaacres":23935.02,"areasqkm":96.86,"states":"TX","huc12":"120301060503","name":"North Mesquite Creek-East Fork Trinity River","hutype":"S","humod":"TF,LE,GC,AD","tohuc":"120301060505","noncontributingareaacres":0,"noncontributingareasqkm":0,"globalid":"{BC4CCFC8-E29C-11E2-8094-0021280458E6}","shape_Length":71621.49884955965,"shape_Area":137367126.73159313}},{"type":"Feature","id":16809,"geometry":{"type":"Polygon","coordinates":[[[-96.6225,32.8258],[-96.6251,32.8276],[-96.6278,32.8319],[-96.6294,32.8325],[-96.6325,32.8312],[-96.6352,32.8313],[-96.6381,32.833],[-96.6395,32.8362],[-96.6427,32.8341],[-96.6465,32.8327],[-96.6572,32.8424],[-96.6638,32.8446],[-96.6667,32.8475],[-96.6715,32.8486],[-96.6703,32.8472],[-96.6697,32.8435],[-96.667,32.8397],[-96.6672,32.835],[-96.666,32.8334],[-96.6623,32.8323],[-96.6635,32.8277],[-96.6615,32.8248],[-96.6636,32.8234],[-96.6639,32.8225],[-96.6636,32.8194],[-96.6657,32.8107],[-96.672,32.8033],[-96.6721,32.8004],[-96.6729,32.7989],[-96.6726,32.7975],[-96.6689,32.7941],[-96.6695,32.7889],[-96.6685,32.7881],[-96.6667,32.788],[-96.6655,32.7861],[-96.6614,32.7847],[-96.6606,32.783],[-96.6579,32.7824],[-96.6565,32.7779],[-96.657,32.7743],[-96.6544,32.7723],[-96.6494,32.7706],[-96.6464,32.7658],[-96.6455,32.7653],[-96.6429,32.7669],[-96.64,32.7664],[-96.6383,32.7635],[-96.6321,32.761],[-96.63,32.7567],[-96.625,32.751],[-96.6236,32.7449],[-96.6207,32.7416],[-96.6198,32.7391],[-96.6174,32.7362],[-96.6165,32.7331],[-96.6118,32.73],[-96.6117,32.7265],[-96.6077,32.7248],[-96.6068,32.7226],[-96.6019,32.7243],[-96.6013,32.7238],[-96.5985,32.7193],[-96.596,32.7187],[-96.5951,32.7176],[-96.5954,32.7164],[-96.5948,32.7155],[-96.5954,32.7138],[-96.5947,32.7128],[-96.5912,32.7121],[-96.5881,32.7135],[-96.5871,32.7134],[-96.5845,32.7115],[-96.581,32.7109],[-96.5786,32.7087],[-96.5751,32.7092],[-96.5738,32.7066],[-96.5681,32.7039],[-96.5661,32.7021],[-96.5651,32.702],[-96.5627,32.7034],[-96.5593,32.703],[-96.5582,32.7042],[-96.5526,32.7067],[-96.5513,32.7067],[-96.5444,32.7053],[-96.5381,32.7014],[-96.5313,32.7007],[-96.5307,32.7013],[-96.5324,32.7056],[-96.532,32.7108],[-96.5343,32.7141],[-96.5399,32.7177],[-96.542,32.7179],[-96.5431,32.7211],[-96.5486,32.7237],[-96.555,32.7258],[-96.5564,32.728],[-96.5561,32.7317],[-96.5572,32.7331],[-96.5631,32.737],[-96.5661,32.7413],[-96.568,32.7461],[-96.5722,32.7478],[-96.5745,32.7516],[-96.5756,32.7554],[-96.5763,32.756],[-96.5802,32.7558],[-96.5827,32.7599],[-96.5878,32.7635],[-96.5885,32.7691],[-96.5903,32.7705],[-96.5913,32.773],[-96.5948,32.7746],[-96.5952,32.7787],[-96.5961,32.7797],[-96.6018,32.7815],[-96.6045,32.7844],[-96.6062,32.789],[-96.6075,32.7901],[-96.6111,32.7916],[-96.6119,32.7955],[-96.6133,32.7978],[-96.6153,32.7988],[-96.6163,32.8002],[-96.617,32.802],[-96.6172,32.806],[-96.6207,32.8116],[-96.6203,32.8165],[-96.6237,32.8198],[-96.624,32.824],[-96.6225,32.8258]]]},"properties":{"objectid":16809,"tnmid":"{59A76CC4-3DA7-450D-90BB-D0C60F158274}","metasourceid":"{511D2AC8-11BA-45FC-AB98-F69D693D4C44}","sourcedatadesc":"Watershed Boundary Dataset (WBD)","sourceoriginator":"Natural Resources and Conservation Service and U.S. Geological Survey","sourcefeatureid":null,"loaddate":1723704945000,"referencegnis_ids":"1347492","areaacres":17844.21,"areasqkm":72.21,"states":"TX","huc12":"120301060504","name":"South Mesquite Creek","hutype":"S","humod":"GC","tohuc":"120301060505","noncontributingareaacres":0,"noncontributingareasqkm":0,"globalid":"{BC692072-E29C-11E2-8094-0021280458E6}","shape_Length":61809.45282369356,"shape_Area":102417774.5607238}},{"type":"Feature","id":16896,"geometry":{"type":"Polygon","coordinates":[[[-96.423,32.7725],[-96.4252,32.7737],[-96.4263,32.7763],[-96.4297,32.7735],[-96.4384,32.7714],[-96.4401,32.7714],[-96.4446,32.7733],[-96.4494,32.7736],[-96.4524,32.7747],[-96.4553,32.7745],[-96.4606,32.7717],[-96.4637,32.7711],[-96.4671,32.7664],[-96.4702,32.7656],[-96.4705,32.7647],[-96.4692,32.7616],[-96.4689,32.7585],[-96.4698,32.7567],[-96.4732,32.7537],[-96.4727,32.753],[-96.4732,32.7509],[-96.4709,32.7487],[-96.4786,32.7401],[-96.4801,32.737],[-96.4809,32.7374],[-96.4827,32.7332],[-96.4849,32.7305],[-96.4851,32.7291],[-96.4842,32.7279],[-96.4844,32.7267],[-96.4866,32.7235],[-96.4874,32.7192],[-96.4893,32.7168],[-96.4946,32.7127],[-96.4924,32.7073],[-96.4932,32.7058],[-96.4952,32.7042],[-96.5003,32.7053],[-96.5071,32.7029],[-96.5097,32.7047],[-96.5163,32.7053],[-96.5211,32.7065],[-96.5241,32.7053],[-96.5276,32.7018],[-96.5318,32.7007],[-96.5381,32.7014],[-96.5444,32.7053],[-96.5526,32.7067],[-96.5582,32.7042],[-96.5593,32.703],[-96.5627,32.7034],[-96.5651,32.702],[-96.5738,32.7066],[-96.5751,32.7092],[-96.5786,32.7087],[-96.581,32.7109],[-96.5845,32.7115],[-96.5871,32.7134],[-96.5881,32.7135],[-96.5912,32.7121],[-96.5894,32.7095],[-96.5905,32.7052],[-96.5878,32.7038],[-96.5865,32.7019],[-96.5829,32.7012],[-96.582,32.6999],[-96.5819,32.6981],[-96.5808,32.6971],[-96.5809,32.6939],[-96.5825,32.6926],[-96.5823,32.6896],[-96.5761,32.6856],[-96.5761,32.6838],[-96.5775,32.6812],[-96.577,32.6792],[-96.5788,32.6776],[-96.5632,32.6638],[-96.564,32.6632],[-96.5621,32.6602],[-96.5581,32.6611],[-96.5563,32.6597],[-96.5563,32.6586],[-96.5523,32.6574],[-96.5518,32.6554],[-96.5525,32.6542],[-96.5519,32.651],[-96.5489,32.6483],[-96.5484,32.6436],[-96.5407,32.6395],[-96.5392,32.6378],[-96.5325,32.6362],[-96.5331,32.634],[-96.5323,32.6326],[-96.5272,32.6357],[-96.5203,32.6411],[-96.5143,32.6405],[-96.5122,32.6415],[-96.5108,32.6438],[-96.5101,32.644],[-96.5021,32.6424],[-96.498,32.646],[-96.4935,32.6476],[-96.4885,32.6459],[-96.4869,32.6476],[-96.4881,32.6536],[-96.4772,32.6633],[-96.4759,32.6639],[-96.4754,32.6634],[-96.4738,32.6665],[-96.4697,32.6703],[-96.468,32.6699],[-96.4648,32.671],[-96.4625,32.6698],[-96.4566,32.6683],[-96.453,32.6707],[-96.4526,32.6753],[-96.4552,32.6813],[-96.4547,32.6892],[-96.4564,32.6923],[-96.4549,32.6953],[-96.4555,32.6992],[-96.4543,32.7022],[-96.45,32.7059],[-96.4498,32.7112],[-96.4483,32.7132],[-96.4483,32.7148],[-96.4446,32.7171],[-96.4387,32.7184],[-96.4376,32.7196],[-96.4368,32.723],[-96.4347,32.7265],[-96.436,32.7279],[-96.4352,32.7311],[-96.4379,32.7356],[-96.433,32.7404],[-96.4274,32.7404],[-96.4249,32.7412],[-96.4302,32.7446],[-96.4306,32.746],[-96.4285,32.7486],[-96.43,32.7508],[-96.4294,32.7544],[-96.4299,32.7562],[-96.4284,32.7586],[-96.4255,32.759],[-96.4248,32.76],[-96.4247,32.7647],[-96.4261,32.7667],[-96.4246,32.7682],[-96.4243,32.7704],[-96.423,32.7725]]]},"properties":{"objectid":16896,"tnmid":"{BDCB9E77-B7E1-4F2B-B0C4-3504133683EE}","metasourceid":"{511D2AC8-11BA-45FC-AB98-F69D693D4C44}","sourcedatadesc":"Watershed Boundary Dataset (WBD)","sourceoriginator":"Natural Resources and Conservation Service and U.S. Geological Survey","sourcefeatureid":null,"loaddate":1723704945000,"referencegnis_ids":"1342315,1373547","areaacres":24616.65,"areasqkm":99.62,"states":"TX","huc12":"120301060505","name":"Mustang Creek-East Fork Trinity River","hutype":"S","humod":"TF,LE,GC","tohuc":"120301060507","noncontributingareaacres":0,"noncontributingareasqkm":0,"globalid":"{BC693F23-E29C-11E2-8094-0021280458E6}","shape_Length":72632.42218804976,"shape_Area":141065128.7750012}},{"type":"Feature","id":17093,"geometry":{"type":"Polygon","coordinates":[[[-96.5012,32.4977],[-96.5007,32.4968],[-96.4969,32.496],[-96.4948,32.4968],[-96.4895,32.4967],[-96.4844,32.4985],[-96.4827,32.4985],[-96.4791,32.5019],[-96.4787,32.5055],[-96.4765,32.5055],[-96.4744,32.5067],[-96.4758,32.5105],[-96.479,32.5153],[-96.4794,32.5242],[-96.4787,32.5258],[-96.4731,32.5308],[-96.4702,32.5319],[-96.4696,32.5329],[-96.4695,32.5386],[-96.4671,32.541],[-96.4676,32.5424],[-96.467,32.5457],[-96.4678,32.5471],[-96.4653,32.5513],[-96.4652,32.5555],[-96.4671,32.563],[-96.467,32.5692],[-96.4695,32.5733],[-96.4695,32.5757],[-96.4713,32.5771],[-96.4714,32.5796],[-96.4737,32.5829],[-96.4731,32.5857],[-96.4763,32.5841],[-96.4797,32.5856],[-96.4786,32.5891],[-96.4723,32.5947],[-96.475,32.5975],[-96.4747,32.6019],[-96.4756,32.6029],[-96.4723,32.6041],[-96.471,32.6059],[-96.4683,32.6049],[-96.4668,32.6055],[-96.4657,32.6077],[-96.465,32.6123],[-96.4626,32.6155],[-96.463,32.6171],[-96.4657,32.6198],[-96.4664,32.6255],[-96.4675,32.6289],[-96.4663,32.6318],[-96.4673,32.6339],[-96.4651,32.6349],[-96.4666,32.6486],[-96.4661,32.6511],[-96.462,32.6567],[-96.4569,32.661],[-96.4577,32.6657],[-96.4566,32.6683],[-96.4625,32.6698],[-96.4648,32.671],[-96.468,32.6699],[-96.4697,32.6703],[-96.4708,32.6695],[-96.4738,32.6665],[-96.4754,32.6634],[-96.4759,32.6639],[-96.4772,32.6633],[-96.4881,32.6536],[-96.4869,32.6476],[-96.4885,32.6459],[-96.4935,32.6476],[-96.498,32.646],[-96.5021,32.6424],[-96.5101,32.644],[-96.5108,32.6438],[-96.5122,32.6415],[-96.5143,32.6405],[-96.5203,32.6411],[-96.5313,32.6328],[-96.5301,32.6284],[-96.5274,32.6277],[-96.5231,32.6194],[-96.5181,32.6156],[-96.5156,32.6145],[-96.5168,32.6111],[-96.5161,32.6105],[-96.5214,32.6062],[-96.5207,32.6056],[-96.5219,32.6028],[-96.5142,32.5961],[-96.5136,32.593],[-96.5086,32.5885],[-96.5051,32.5861],[-96.501,32.5857],[-96.4976,32.5847],[-96.4975,32.5824],[-96.4955,32.5807],[-96.4917,32.5789],[-96.4891,32.5751],[-96.4855,32.5733],[-96.4839,32.5708],[-96.4841,32.5669],[-96.4874,32.5647],[-96.4888,32.5611],[-96.4876,32.5567],[-96.486,32.5547],[-96.4877,32.5525],[-96.49,32.551],[-96.4914,32.551],[-96.4949,32.5475],[-96.495,32.5461],[-96.4961,32.5458],[-96.4981,32.5435],[-96.4996,32.5365],[-96.4954,32.5334],[-96.4947,32.5302],[-96.4953,32.5285],[-96.4947,32.5276],[-96.4903,32.5251],[-96.4888,32.523],[-96.4901,32.5188],[-96.4892,32.5163],[-96.4895,32.5148],[-96.4853,32.5124],[-96.4854,32.5115],[-96.4829,32.5083],[-96.4898,32.5024],[-96.4953,32.5011],[-96.4978,32.4992],[-96.4994,32.4996],[-96.5014,32.4986],[-96.5012,32.4977]]]},"properties":{"objectid":17093,"tnmid":"{99283B78-E6A8-498E-8CA2-C91718E8EA6C}","metasourceid":"{511D2AC8-11BA-45FC-AB98-F69D693D4C44}","sourcedatadesc":"Watershed Boundary Dataset (WBD)","sourceoriginator":"Natural Resources and Conservation Service and U.S. Geological Survey","sourcefeatureid":null,"loaddate":1723704945000,"referencegnis_ids":"1349953,1373547","areaacres":13395.27,"areasqkm":54.21,"states":"TX","huc12":"120301060507","name":"White House Ridge-East Fork Trinity River","hutype":"S","humod":"TF,LE,GC,IT","tohuc":"120301050402","noncontributingareaacres":0,"noncontributingareasqkm":0,"globalid":"{BC69763A-E29C-11E2-8094-0021280458E6}","shape_Length":65744.17394359825,"shape_Area":76593493.1608472}},{"type":"Feature","id":17242,"geometry":{"type":"Polygon","coordinates":[[[-96.5386,33.1206],[-96.5502,33.1264],[-96.5521,33.1291],[-96.5562,33.1322],[-96.5584,33.1371],[-96.5613,33.1388],[-96.5618,33.1406],[-96.5614,33.1424],[-96.5598,33.1439],[-96.56,33.1463],[-96.5617,33.1494],[-96.5661,33.1536],[-96.5666,33.1565],[-96.5679,33.1591],[-96.5719,33.1601],[-96.575,33.1602],[-96.5792,33.1646],[-96.5855,33.1661],[-96.593,33.1693],[-96.5979,33.1733],[-96.6022,33.1744],[-96.6049,33.176],[-96.6088,33.1833],[-96.6103,33.1852],[-96.6136,33.1875],[-96.6149,33.1912],[-96.6155,33.1974],[-96.6181,33.1988],[-96.6192,33.202],[-96.6202,33.2028],[-96.6216,33.2028],[-96.6216,33.2047],[-96.626,33.2071],[-96.6263,33.2117],[-96.628,33.2148],[-96.6293,33.2159],[-96.6337,33.2164],[-96.6366,33.2212],[-96.6376,33.2323],[-96.642,33.2309],[-96.6449,33.2309],[-96.6456,33.2304],[-96.647,33.2262],[-96.648,33.2259],[-96.6515,33.227],[-96.6521,33.226],[-96.6509,33.2245],[-96.6491,33.2194],[-96.6469,33.2176],[-96.6462,33.2158],[-96.6462,33.2119],[-96.6438,33.2063],[-96.6503,33.2004],[-96.6559,33.1989],[-96.6582,33.197],[-96.6627,33.1896],[-96.6669,33.1857],[-96.6691,33.1813],[-96.6732,33.1781],[-96.6732,33.1753],[-96.6776,33.1733],[-96.6799,33.171],[-96.6778,33.1691],[-96.6753,33.1644],[-96.6713,33.1627],[-96.6695,33.1602],[-96.6701,33.1584],[-96.6657,33.155],[-96.6652,33.1537],[-96.6665,33.1514],[-96.6669,33.1465],[-96.6642,33.1426],[-96.6619,33.1423],[-96.6607,33.1334],[-96.6584,33.1315],[-96.6563,33.1281],[-96.6545,33.1276],[-96.6525,33.1256],[-96.6504,33.1218],[-96.6498,33.1166],[-96.6379,33.1153],[-96.6355,33.1208],[-96.6338,33.1232],[-96.6243,33.1237],[-96.6214,33.1256],[-96.6194,33.1256],[-96.6162,33.1242],[-96.6132,33.125],[-96.6112,33.1266],[-96.6097,33.1292],[-96.6084,33.13],[-96.594,33.1249],[-96.5885,33.1236],[-96.5846,33.1235],[-96.5784,33.1197],[-96.569,33.1203],[-96.5629,33.1177],[-96.5608,33.1162],[-96.5582,33.116],[-96.5556,33.1179],[-96.5543,33.1179],[-96.5507,33.1149],[-96.5435,33.1159],[-96.5397,33.1176],[-96.5384,33.119],[-96.5386,33.1206]]]},"properties":{"objectid":17242,"tnmid":"{543482E6-8DB2-43BF-9E7C-11E8C7269C3B}","metasourceid":"{511D2AC8-11BA-45FC-AB98-F69D693D4C44}","sourcedatadesc":"Watershed Boundary Dataset (WBD)","sourceoriginator":"Natural Resources and Conservation Service and U.S. Geological Survey","sourcefeatureid":null,"loaddate":1723704945000,"referencegnis_ids":"1376832","areaacres":18376.59,"areasqkm":74.37,"states":"TX","huc12":"120301060207","name":"Lower Wilson Creek","hutype":"S","humod":"NM","tohuc":"120301060208","noncontributingareaacres":0,"noncontributingareasqkm":0,"globalid":"{BC332E85-E29C-11E2-8094-0021280458E6}","shape_Length":55867.90658469233,"shape_Area":106401117.10380247}},{"type":"Feature","id":17248,"geometry":{"type":"Polygon","coordinates":[[[-96.54,33.3196],[-96.542,33.3229],[-96.5459,33.325],[-96.5465,33.3274],[-96.5493,33.3299],[-96.5537,33.3265],[-96.5594,33.3194],[-96.5608,33.3159],[-96.5608,33.312],[-96.5641,33.3029],[-96.5687,33.3026],[-96.5701,33.3018],[-96.5712,33.3001],[-96.5773,33.2868],[-96.5783,33.2828],[-96.5775,33.2791],[-96.5815,33.2725],[-96.5856,33.2672],[-96.586,33.265],[-96.5892,33.263],[-96.5888,33.2589],[-96.5978,33.252],[-96.599,33.2516],[-96.6018,33.2524],[-96.6038,33.2523],[-96.6085,33.2449],[-96.6095,33.2449],[-96.6121,33.2425],[-96.6129,33.2407],[-96.6122,33.2389],[-96.6162,33.2392],[-96.6233,33.235],[-96.6272,33.2348],[-96.6303,33.2327],[-96.6376,33.2323],[-96.6366,33.2212],[-96.6337,33.2164],[-96.6293,33.2159],[-96.628,33.2148],[-96.6263,33.2117],[-96.626,33.2071],[-96.6216,33.2047],[-96.6216,33.2028],[-96.6202,33.2028],[-96.6192,33.202],[-96.6181,33.1988],[-96.6155,33.1974],[-96.6149,33.1912],[-96.6136,33.1875],[-96.6103,33.1852],[-96.6088,33.1833],[-96.6049,33.176],[-96.6022,33.1744],[-96.5979,33.1733],[-96.593,33.1693],[-96.5855,33.1661],[-96.5792,33.1646],[-96.575,33.1602],[-96.5719,33.1601],[-96.5679,33.1591],[-96.5666,33.1565],[-96.5661,33.1536],[-96.5617,33.1494],[-96.56,33.1463],[-96.5598,33.1439],[-96.5614,33.1424],[-96.5618,33.1406],[-96.5613,33.1388],[-96.5584,33.1371],[-96.5562,33.1322],[-96.5521,33.1291],[-96.5502,33.1264],[-96.539,33.1204],[-96.5314,33.1271],[-96.5268,33.128],[-96.5235,33.128],[-96.5197,33.1343],[-96.5138,33.1389],[-96.5121,33.1397],[-96.5113,33.1413],[-96.5112,33.1443],[-96.5156,33.1487],[-96.5156,33.1544],[-96.5172,33.1577],[-96.5174,33.1609],[-96.5201,33.1652],[-96.52,33.1689],[-96.5181,33.1721],[-96.518,33.1761],[-96.5195,33.1774],[-96.5231,33.1786],[-96.5263,33.1818],[-96.5315,33.1843],[-96.5319,33.186],[-96.5303,33.1881],[-96.5313,33.189],[-96.5358,33.1898],[-96.5369,33.1905],[-96.538,33.193],[-96.5364,33.199],[-96.5401,33.2024],[-96.5391,33.2051],[-96.5395,33.2074],[-96.5377,33.211],[-96.5392,33.2169],[-96.537,33.2203],[-96.539,33.2236],[-96.5389,33.2259],[-96.5374,33.2275],[-96.5363,33.2311],[-96.5395,33.2339],[-96.5421,33.252],[-96.5421,33.2566],[-96.5404,33.259],[-96.5401,33.2662],[-96.5389,33.2686],[-96.541,33.273],[-96.5404,33.2775],[-96.5393,33.2789],[-96.5427,33.2851],[-96.5421,33.2883],[-96.5424,33.2983],[-96.5419,33.3032],[-96.5429,33.31],[-96.54,33.3196]]]},"properties":{"objectid":17248,"tnmid":"{B9461E01-41B0-499F-92DF-27D7ABEDE0F9}","metasourceid":"{511D2AC8-11BA-45FC-AB98-F69D693D4C44}","sourcedatadesc":"Watershed Boundary Dataset (WBD)","sourceoriginator":"Natural Resources and Conservation Service and U.S. Geological Survey","sourcefeatureid":null,"loaddate":1723704945000,"referencegnis_ids":"1373136,1373547","areaacres":29250.88,"areasqkm":118.37,"states":"TX","huc12":"120301060205","name":"Clemons Creek-East Fork Trinity River","hutype":"S","humod":"TF","tohuc":"120301060208","noncontributingareaacres":0,"noncontributingareasqkm":0,"globalid":"{BC32F9A7-E29C-11E2-8094-0021280458E6}","shape_Length":72098.3199646999,"shape_Area":169576576.8530799}},{"type":"Feature","id":17249,"geometry":{"type":"Polygon","coordinates":[[[-96.6515,33.227],[-96.6525,33.2297],[-96.6548,33.2313],[-96.6561,33.2346],[-96.6607,33.2407],[-96.6609,33.2451],[-96.662,33.2465],[-96.6644,33.2485],[-96.6711,33.2477],[-96.6733,33.2527],[-96.676,33.2542],[-96.6766,33.2563],[-96.6781,33.2581],[-96.6777,33.2604],[-96.6836,33.2619],[-96.6854,33.2641],[-96.6872,33.2678],[-96.691,33.2702],[-96.6947,33.2715],[-96.6957,33.2738],[-96.6958,33.2763],[-96.6974,33.2778],[-96.7032,33.2804],[-96.7032,33.285],[-96.708,33.2863],[-96.7075,33.291],[-96.7124,33.2922],[-96.7143,33.2946],[-96.7146,33.2956],[-96.7139,33.2981],[-96.714,33.2997],[-96.7185,33.3074],[-96.7256,33.3069],[-96.7282,33.3076],[-96.7332,33.3103],[-96.7346,33.31],[-96.7361,33.3073],[-96.7357,33.3021],[-96.7414,33.3036],[-96.7424,33.3113],[-96.7456,33.314],[-96.744,33.3186],[-96.7458,33.3198],[-96.7466,33.3211],[-96.7453,33.3242],[-96.7427,33.3266],[-96.7428,33.3281],[-96.7482,33.3297],[-96.7496,33.3317],[-96.7499,33.3336],[-96.7526,33.3367],[-96.7591,33.3347],[-96.7591,33.3317],[-96.7574,33.3297],[-96.7602,33.3273],[-96.7597,33.3263],[-96.7578,33.3252],[-96.7579,33.3222],[-96.7609,33.3171],[-96.7589,33.3136],[-96.7601,33.31],[-96.7654,33.3064],[-96.7648,33.3043],[-96.767,33.2957],[-96.7648,33.2943],[-96.7633,33.2913],[-96.7687,33.2813],[-96.767,33.2786],[-96.7667,33.277],[-96.768,33.2728],[-96.7676,33.2716],[-96.7707,33.2703],[-96.7713,33.2693],[-96.7711,33.2674],[-96.7699,33.2655],[-96.77,33.2635],[-96.7713,33.2615],[-96.7774,33.2597],[-96.7789,33.2586],[-96.7754,33.2562],[-96.7726,33.2533],[-96.7742,33.248],[-96.7783,33.2448],[-96.7836,33.2438],[-96.7823,33.2415],[-96.7847,33.239],[-96.7855,33.2358],[-96.785,33.2332],[-96.782,33.2327],[-96.7807,33.2302],[-96.7764,33.2309],[-96.7757,33.2304],[-96.7743,33.2267],[-96.7741,33.2227],[-96.7698,33.2199],[-96.7682,33.2195],[-96.7674,33.2154],[-96.7676,33.2079],[-96.7634,33.2042],[-96.7598,33.1986],[-96.7541,33.2018],[-96.7517,33.2045],[-96.7497,33.2031],[-96.7459,33.2034],[-96.7442,33.2058],[-96.7421,33.207],[-96.7366,33.2056],[-96.7359,33.2049],[-96.7366,33.2038],[-96.7365,33.202],[-96.7343,33.2],[-96.7325,33.1968],[-96.7294,33.1951],[-96.7291,33.1919],[-96.7261,33.1906],[-96.7246,33.1885],[-96.7192,33.1874],[-96.7206,33.1835],[-96.7205,33.179],[-96.7158,33.1778],[-96.7129,33.1754],[-96.711,33.1712],[-96.7101,33.1644],[-96.7082,33.1639],[-96.7041,33.1644],[-96.702,33.166],[-96.701,33.1676],[-96.7003,33.171],[-96.6991,33.1722],[-96.6939,33.1734],[-96.6882,33.1757],[-96.6851,33.1729],[-96.6799,33.171],[-96.6776,33.1733],[-96.6742,33.1745],[-96.6732,33.1753],[-96.6732,33.1781],[-96.6691,33.1813],[-96.6669,33.1857],[-96.6627,33.1896],[-96.6582,33.197],[-96.6559,33.1989],[-96.6503,33.2004],[-96.6438,33.2063],[-96.6462,33.2119],[-96.6462,33.2158],[-96.6469,33.2176],[-96.6491,33.2194],[-96.6509,33.2245],[-96.6521,33.226],[-96.6515,33.227]]]},"properties":{"objectid":17249,"tnmid":"{3AAE4C72-F761-4A33-B8AF-5ED7684F25F8}","metasourceid":"{511D2AC8-11BA-45FC-AB98-F69D693D4C44}","sourcedatadesc":"Watershed Boundary Dataset (WBD)","sourceoriginator":"Natural Resources and Conservation Service and U.S. Geological Survey","sourcefeatureid":null,"loaddate":1723704945000,"referencegnis_ids":"1376832","areaacres":30733.92,"areasqkm":124.38,"states":"TX","huc12":"120301060206","name":"Upper Wilson Creek","hutype":"S","humod":"NM","tohuc":"120301060207","noncontributingareaacres":0,"noncontributingareasqkm":0,"globalid":"{BC331077-E29C-11E2-8094-0021280458E6}","shape_Length":72512.70350855881,"shape_Area":178276203.8817823}},{"type":"Feature","id":18103,"geometry":{"type":"Polygon","coordinates":[[[-97.4683,33.1043],[-97.4716,33.1085],[-97.4726,33.108],[-97.4753,33.1081],[-97.4824,33.1203],[-97.483,33.124],[-97.4872,33.126],[-97.4891,33.1279],[-97.4916,33.1284],[-97.4936,33.1262],[-97.4956,33.128],[-97.4991,33.1273],[-97.5001,33.1268],[-97.5013,33.1249],[-97.5031,33.1254],[-97.5059,33.1278],[-97.5055,33.1314],[-97.5072,33.1333],[-97.5071,33.1364],[-97.5079,33.1381],[-97.507,33.1411],[-97.5059,33.1424],[-97.5081,33.1491],[-97.5077,33.1519],[-97.5086,33.1527],[-97.5115,33.153],[-97.5132,33.1539],[-97.52,33.1538],[-97.5211,33.1536],[-97.522,33.1513],[-97.5248,33.1525],[-97.5297,33.1513],[-97.5308,33.1507],[-97.5308,33.1491],[-97.534,33.1483],[-97.5347,33.1433],[-97.5384,33.1433],[-97.5415,33.1404],[-97.5407,33.1394],[-97.5417,33.1342],[-97.5433,33.1304],[-97.544,33.1216],[-97.5467,33.1209],[-97.5479,33.1143],[-97.5513,33.1135],[-97.553,33.112],[-97.5527,33.107],[-97.5541,33.1032],[-97.5555,33.1013],[-97.5556,33.0998],[-97.5566,33.0995],[-97.5578,33.0913],[-97.5587,33.0904],[-97.5587,33.0834],[-97.5636,33.0803],[-97.5664,33.08],[-97.5698,33.0763],[-97.5717,33.0756],[-97.5769,33.0765],[-97.5773,33.0753],[-97.58,33.0725],[-97.5793,33.0714],[-97.5792,33.0682],[-97.5823,33.0644],[-97.5818,33.0636],[-97.5829,33.0623],[-97.5845,33.0619],[-97.586,33.0599],[-97.5903,33.0592],[-97.5912,33.0561],[-97.5963,33.0532],[-97.5974,33.0535],[-97.5996,33.0502],[-97.5999,33.0456],[-97.6006,33.0444],[-97.6062,33.0446],[-97.6082,33.0434],[-97.6136,33.0429],[-97.6164,33.0441],[-97.6182,33.0434],[-97.6213,33.0441],[-97.6233,33.0432],[-97.6296,33.0437],[-97.6314,33.042],[-97.6333,33.0412],[-97.6333,33.0404],[-97.6364,33.04],[-97.6378,33.0405],[-97.6376,33.0383],[-97.6382,33.0369],[-97.6401,33.0369],[-97.6383,33.0335],[-97.6415,33.0324],[-97.6415,33.03],[-97.6421,33.0293],[-97.6416,33.0279],[-97.6402,33.0261],[-97.6384,33.0261],[-97.6367,33.0243],[-97.6372,33.0228],[-97.6363,33.022],[-97.6362,33.0209],[-97.6337,33.0196],[-97.6322,33.0198],[-97.6307,33.0185],[-97.6281,33.018],[-97.6265,33.0159],[-97.6258,33.0165],[-97.6248,33.0163],[-97.6235,33.0168],[-97.6237,33.0151],[-97.6212,33.0146],[-97.6183,33.009],[-97.6138,33.0077],[-97.6125,33.0048],[-97.6078,33.0026],[-97.6059,33],[-97.5996,33.0021],[-97.5968,32.9998],[-97.5878,32.9993],[-97.5845,32.9986],[-97.5811,32.9997],[-97.581,33.0018],[-97.5784,33.0026],[-97.5781,33.0037],[-97.5746,33.0066],[-97.5713,33.0059],[-97.5702,33.0047],[-97.5674,33.0056],[-97.5651,33.0046],[-97.5615,33.006],[-97.5598,33.0058],[-97.5568,33.0078],[-97.5559,33.007],[-97.5542,33.007],[-97.5528,33.0048],[-97.5499,33.0034],[-97.5476,33.0033],[-97.5461,33.0013],[-97.544,33.0022],[-97.5404,33.0006],[-97.5379,33.0005],[-97.5369,32.9979],[-97.5346,32.9967],[-97.5284,32.9952],[-97.5255,32.9956],[-97.5237,32.9936],[-97.5157,32.9907],[-97.515,32.99],[-97.513,32.9899],[-97.5101,32.988],[-97.5067,32.9931],[-97.5074,32.9959],[-97.5022,32.999],[-97.4982,32.9994],[-97.4971,33.0007],[-97.4965,33.0032],[-97.4923,33.0055],[-97.4928,33.0075],[-97.4948,33.0088],[-97.4947,33.0103],[-97.4938,33.0118],[-97.492,33.0131],[-97.4913,33.0164],[-97.4911,33.018],[-97.4921,33.0185],[-97.4919,33.0207],[-97.4927,33.0218],[-97.4923,33.0226],[-97.4894,33.0242],[-97.4908,33.0258],[-97.4894,33.027],[-97.4894,33.028],[-97.4881,33.0288],[-97.4877,33.0304],[-97.4836,33.0322],[-97.4832,33.0353],[-97.48,33.0371],[-97.4797,33.0387],[-97.4776,33.0405],[-97.4755,33.0413],[-97.4732,33.0409],[-97.4719,33.0414],[-97.4708,33.0433],[-97.4721,33.0448],[-97.4697,33.0478],[-97.4697,33.0489],[-97.4722,33.0525],[-97.4722,33.0543],[-97.4698,33.056],[-97.4687,33.0581],[-97.4722,33.0637],[-97.4724,33.0662],[-97.4737,33.0686],[-97.4729,33.0692],[-97.473,33.0732],[-97.4716,33.0784],[-97.4726,33.083],[-97.4704,33.085],[-97.4704,33.0859],[-97.4728,33.0899],[-97.4685,33.093],[-97.4689,33.0949],[-97.4705,33.0957],[-97.4708,33.0984],[-97.4692,33.1],[-97.4685,33.1],[-97.4679,33.103],[-97.4683,33.1043]]]},"properties":{"objectid":18103,"tnmid":"{CFB95241-1D0F-4B7E-86CE-95A54ADAE8ED}","metasourceid":"{511D2AC8-11BA-45FC-AB98-F69D693D4C44}","sourcedatadesc":"Watershed Boundary Dataset (WBD)","sourceoriginator":"Natural Resources and Conservation Service and U.S. Geological Survey","sourcefeatureid":null,"loaddate":1723704945000,"referencegnis_ids":"1372636,1373517","areaacres":38016.86,"areasqkm":153.85,"states":"TX","huc12":"120301010605","name":"Blue Creek-Eagle Mountain Lake","hutype":"S","humod":"RS","tohuc":"120301010606","noncontributingareaacres":0,"noncontributingareasqkm":0,"globalid":"{BD6C9668-E29C-11E2-8094-0021280458E6}","shape_Length":78536.99941327036,"shape_Area":219626275.68679857}},{"type":"Feature","id":18107,"geometry":{"type":"Polygon","coordinates":[[[-97.5678,33.2118],[-97.5691,33.2184],[-97.5717,33.2189],[-97.5739,33.2204],[-97.5737,33.2165],[-97.576,33.2136],[-97.5764,33.2109],[-97.5777,33.2091],[-97.578,33.2065],[-97.5775,33.2056],[-97.5783,33.2037],[-97.5776,33.2024],[-97.5787,33.202],[-97.58,33.2002],[-97.5841,33.1986],[-97.585,33.1964],[-97.585,33.1944],[-97.5842,33.1939],[-97.5852,33.192],[-97.5834,33.19],[-97.5829,33.188],[-97.5832,33.1853],[-97.5838,33.1849],[-97.5809,33.1798],[-97.581,33.1782],[-97.582,33.176],[-97.5814,33.1724],[-97.5841,33.1677],[-97.5834,33.165],[-97.5839,33.1631],[-97.5855,33.1614],[-97.5873,33.1619],[-97.5891,33.1611],[-97.5889,33.1603],[-97.5896,33.16],[-97.5918,33.1609],[-97.5952,33.1609],[-97.5965,33.1592],[-97.5973,33.1561],[-97.6022,33.1545],[-97.603,33.1535],[-97.6063,33.1531],[-97.6076,33.1523],[-97.6094,33.1498],[-97.6094,33.1484],[-97.6117,33.1476],[-97.6124,33.1486],[-97.6135,33.1482],[-97.6147,33.1487],[-97.6183,33.1475],[-97.6203,33.1484],[-97.6217,33.1457],[-97.624,33.1466],[-97.6248,33.146],[-97.6264,33.1429],[-97.6315,33.1424],[-97.6388,33.1441],[-97.6396,33.1467],[-97.6416,33.1452],[-97.653,33.1532],[-97.6543,33.1535],[-97.655,33.1526],[-97.6572,33.1519],[-97.6586,33.1528],[-97.6596,33.1543],[-97.6565,33.1576],[-97.6564,33.1586],[-97.6571,33.1596],[-97.6601,33.1603],[-97.6623,33.1588],[-97.6654,33.1589],[-97.6669,33.1598],[-97.6682,33.1589],[-97.6706,33.1594],[-97.6717,33.1587],[-97.6739,33.1592],[-97.6774,33.1565],[-97.6785,33.1569],[-97.6813,33.156],[-97.687,33.157],[-97.688,33.1549],[-97.69,33.153],[-97.69,33.1508],[-97.6916,33.1479],[-97.6917,33.1467],[-97.6929,33.1452],[-97.6931,33.1434],[-97.6942,33.1427],[-97.699,33.1417],[-97.7049,33.1444],[-97.7057,33.1426],[-97.7057,33.1411],[-97.705,33.1404],[-97.7043,33.1368],[-97.7016,33.1354],[-97.7,33.1328],[-97.697,33.13],[-97.6959,33.1272],[-97.6918,33.126],[-97.689,33.1231],[-97.6863,33.1215],[-97.6842,33.1187],[-97.6826,33.119],[-97.6801,33.1172],[-97.6758,33.1193],[-97.6746,33.1183],[-97.6692,33.1195],[-97.6673,33.1208],[-97.6646,33.1177],[-97.6606,33.1166],[-97.6585,33.1153],[-97.6581,33.1115],[-97.6559,33.1077],[-97.6555,33.1051],[-97.6533,33.1006],[-97.6503,33.1016],[-97.6483,33.105],[-97.6462,33.1057],[-97.6359,33.1039],[-97.6333,33.1052],[-97.6269,33.1071],[-97.6239,33.1068],[-97.6218,33.1059],[-97.6219,33.1036],[-97.6233,33.1011],[-97.6209,33.098],[-97.6211,33.0938],[-97.6229,33.0924],[-97.6224,33.0886],[-97.6237,33.0882],[-97.6243,33.0869],[-97.6268,33.0865],[-97.6279,33.0849],[-97.6297,33.0842],[-97.6301,33.0832],[-97.6312,33.0836],[-97.6331,33.0826],[-97.6336,33.0829],[-97.637,33.082],[-97.6382,33.081],[-97.6384,33.0798],[-97.6395,33.0793],[-97.6427,33.0783],[-97.6445,33.0788],[-97.6458,33.0771],[-97.6476,33.0766],[-97.6482,33.0755],[-97.6467,33.074],[-97.6474,33.0727],[-97.65,33.0716],[-97.6507,33.0682],[-97.6522,33.0661],[-97.6516,33.0643],[-97.6486,33.0624],[-97.6486,33.0599],[-97.6498,33.0596],[-97.6493,33.0573],[-97.6503,33.0541],[-97.6489,33.0508],[-97.6501,33.0497],[-97.6491,33.0486],[-97.6473,33.048],[-97.6456,33.0449],[-97.6414,33.0444],[-97.6378,33.0405],[-97.6364,33.04],[-97.6333,33.0404],[-97.6333,33.0412],[-97.6314,33.042],[-97.6296,33.0437],[-97.6233,33.0432],[-97.6213,33.0441],[-97.6182,33.0434],[-97.6164,33.0441],[-97.6136,33.0429],[-97.6082,33.0434],[-97.6062,33.0446],[-97.6006,33.0444],[-97.5999,33.0456],[-97.5996,33.0502],[-97.5974,33.0535],[-97.5963,33.0532],[-97.5912,33.0561],[-97.5903,33.0592],[-97.586,33.0599],[-97.5845,33.0619],[-97.5829,33.0623],[-97.5818,33.0636],[-97.5823,33.0644],[-97.5792,33.0682],[-97.5793,33.0714],[-97.58,33.0725],[-97.5773,33.0753],[-97.5769,33.0765],[-97.5717,33.0756],[-97.5698,33.0763],[-97.5664,33.08],[-97.5636,33.0803],[-97.5587,33.0834],[-97.5587,33.0904],[-97.5578,33.0913],[-97.5566,33.0995],[-97.5556,33.0998],[-97.5555,33.1013],[-97.5541,33.1032],[-97.5527,33.107],[-97.553,33.112],[-97.5513,33.1135],[-97.5479,33.1143],[-97.5467,33.1209],[-97.544,33.1216],[-97.5433,33.1304],[-97.5417,33.1342],[-97.5407,33.1394],[-97.5415,33.1404],[-97.5384,33.1433],[-97.5347,33.1433],[-97.534,33.1483],[-97.5308,33.1491],[-97.5303,33.151],[-97.5323,33.1536],[-97.5323,33.1557],[-97.533,33.157],[-97.5357,33.1587],[-97.5397,33.1594],[-97.5403,33.1608],[-97.5442,33.1607],[-97.5466,33.1616],[-97.547,33.1633],[-97.545,33.1659],[-97.5446,33.1672],[-97.5478,33.1714],[-97.5466,33.1753],[-97.5465,33.1791],[-97.5477,33.1806],[-97.5495,33.181],[-97.5511,33.1823],[-97.5523,33.1871],[-97.5553,33.1897],[-97.5632,33.2006],[-97.567,33.2006],[-97.5679,33.2019],[-97.5683,33.203],[-97.5678,33.2118]]]},"properties":{"objectid":18107,"tnmid":"{2770044B-603C-45B6-B710-597CED87BB82}","metasourceid":"{511D2AC8-11BA-45FC-AB98-F69D693D4C44}","sourcedatadesc":"Watershed Boundary Dataset (WBD)","sourceoriginator":"Natural Resources and Conservation Service and U.S. Geological Survey","sourcefeatureid":null,"loaddate":1723704945000,"referencegnis_ids":"1349434,1383210","areaacres":32114.4,"areasqkm":129.96,"states":"TX","huc12":"120301010604","name":"Walnut Creek-West Fork Trinity River","hutype":"S","humod":"NM","tohuc":"120301010605","noncontributingareaacres":0,"noncontributingareasqkm":0,"globalid":"{BD6C7810-E29C-11E2-8094-0021280458E6}","shape_Length":91114.33414251723,"shape_Area":185780700.81091195}},{"type":"Feature","id":18109,"geometry":{"type":"Polygon","coordinates":[[[-97.466,33.0461],[-97.4677,33.0466],[-97.4697,33.0489],[-97.4697,33.0478],[-97.4721,33.0448],[-97.4708,33.0433],[-97.4719,33.0414],[-97.4732,33.0409],[-97.4755,33.0413],[-97.4776,33.0405],[-97.4797,33.0387],[-97.48,33.0371],[-97.4832,33.0353],[-97.4836,33.0322],[-97.4877,33.0304],[-97.4881,33.0288],[-97.4894,33.028],[-97.4894,33.027],[-97.4908,33.0258],[-97.4894,33.0242],[-97.4923,33.0226],[-97.4927,33.0218],[-97.4919,33.0207],[-97.4921,33.0185],[-97.4911,33.018],[-97.4913,33.0164],[-97.492,33.0131],[-97.4938,33.0118],[-97.4947,33.0103],[-97.4948,33.0088],[-97.4928,33.0075],[-97.4923,33.0055],[-97.4965,33.0032],[-97.4971,33.0007],[-97.4982,32.9994],[-97.5022,32.999],[-97.5074,32.9959],[-97.5067,32.9931],[-97.5101,32.988],[-97.513,32.9899],[-97.515,32.99],[-97.5157,32.9907],[-97.5237,32.9936],[-97.5255,32.9956],[-97.5284,32.9952],[-97.5346,32.9967],[-97.5369,32.9979],[-97.5379,33.0005],[-97.5404,33.0006],[-97.544,33.0022],[-97.5461,33.0013],[-97.5476,33.0033],[-97.5499,33.0034],[-97.5528,33.0048],[-97.5542,33.007],[-97.5559,33.007],[-97.5568,33.0078],[-97.5598,33.0058],[-97.5615,33.006],[-97.5651,33.0046],[-97.5674,33.0056],[-97.5702,33.0047],[-97.5713,33.0059],[-97.5746,33.0066],[-97.5781,33.0037],[-97.5784,33.0026],[-97.581,33.0018],[-97.5811,32.9997],[-97.5819,32.9992],[-97.5845,32.9986],[-97.5974,33.0001],[-97.597,32.9979],[-97.5926,32.991],[-97.59,32.989],[-97.5872,32.9892],[-97.586,32.9877],[-97.5823,32.9856],[-97.582,32.9848],[-97.5828,32.9822],[-97.5813,32.9801],[-97.5797,32.98],[-97.578,32.9784],[-97.5746,32.9783],[-97.5741,32.9756],[-97.5731,32.9742],[-97.5702,32.9735],[-97.5679,32.9713],[-97.5637,32.9709],[-97.5618,32.9686],[-97.5582,32.9683],[-97.5541,32.9653],[-97.5503,32.9659],[-97.5502,32.9646],[-97.5474,32.9601],[-97.5455,32.9595],[-97.5431,32.9576],[-97.5441,32.9566],[-97.5441,32.9533],[-97.5423,32.9482],[-97.543,32.9467],[-97.5426,32.9456],[-97.5396,32.9438],[-97.5365,32.9398],[-97.534,32.9395],[-97.5323,32.9384],[-97.53,32.9379],[-97.5292,32.9364],[-97.5246,32.9365],[-97.5219,32.9379],[-97.5205,32.9364],[-97.5176,32.9361],[-97.5036,32.9396],[-97.5021,32.9409],[-97.501,32.9444],[-97.499,32.9455],[-97.4963,32.9457],[-97.4949,32.9451],[-97.4918,32.9406],[-97.4892,32.9395],[-97.4876,32.938],[-97.4853,32.9368],[-97.484,32.9383],[-97.4823,32.9385],[-97.4742,32.9268],[-97.4701,32.9259],[-97.4677,32.9264],[-97.4659,32.9255],[-97.4645,32.9229],[-97.4626,32.923],[-97.4594,32.9216],[-97.4577,32.9222],[-97.4563,32.9212],[-97.4551,32.9227],[-97.4524,32.9234],[-97.4521,32.9258],[-97.4503,32.9267],[-97.4446,32.9266],[-97.4443,32.9277],[-97.4429,32.9288],[-97.4426,32.9306],[-97.4388,32.9341],[-97.4352,32.9305],[-97.4312,32.9325],[-97.431,32.9337],[-97.4287,32.9363],[-97.426,32.937],[-97.4236,32.9432],[-97.4254,32.9469],[-97.4252,32.9486],[-97.4203,32.9501],[-97.4162,32.9502],[-97.4094,32.9579],[-97.4092,32.9606],[-97.4116,32.9643],[-97.412,32.9705],[-97.4093,32.9734],[-97.4084,32.9763],[-97.4071,32.9782],[-97.4092,32.981],[-97.4085,32.9829],[-97.4091,32.9878],[-97.4109,32.9893],[-97.4121,32.9922],[-97.4135,32.9933],[-97.4172,32.9935],[-97.4193,32.9958],[-97.42,32.9978],[-97.4198,33.0008],[-97.4186,33.0038],[-97.419,33.0047],[-97.4211,33.0061],[-97.422,33.0084],[-97.4253,33.0108],[-97.4281,33.011],[-97.4289,33.0116],[-97.4299,33.0131],[-97.4295,33.0156],[-97.4304,33.0166],[-97.4354,33.0177],[-97.4373,33.0194],[-97.4392,33.0186],[-97.441,33.0193],[-97.4455,33.0277],[-97.4489,33.0322],[-97.4525,33.0324],[-97.4555,33.035],[-97.4546,33.0393],[-97.4559,33.0412],[-97.4576,33.0429],[-97.458,33.0425],[-97.4605,33.0439],[-97.4622,33.0458],[-97.466,33.0461]]]},"properties":{"objectid":18109,"tnmid":"{DEBF99A5-3291-4F76-9108-1D25C8A5B9DE}","metasourceid":"{511D2AC8-11BA-45FC-AB98-F69D693D4C44}","sourcedatadesc":"Watershed Boundary Dataset (WBD)","sourceoriginator":"Natural Resources and Conservation Service and U.S. Geological Survey","sourcefeatureid":null,"loaddate":1723704945000,"referencegnis_ids":"1338405,1373517","areaacres":30530.02,"areasqkm":123.55,"states":"TX","huc12":"120301010606","name":"Indian Creek-Eagle Mountain Lake","hutype":"S","humod":"RS","tohuc":"120301010610","noncontributingareaacres":0,"noncontributingareasqkm":0,"globalid":"{BD6CAD6C-E29C-11E2-8094-0021280458E6}","shape_Length":73227.77450774497,"shape_Area":176053112.52628922}},{"type":"Feature","id":28628,"geometry":{"type":"Polygon","coordinates":[[[-96.7598,33.1986],[-96.7634,33.2042],[-96.7676,33.2079],[-96.7674,33.2154],[-96.7682,33.2195],[-96.7698,33.2199],[-96.7741,33.2227],[-96.7743,33.2267],[-96.7757,33.2304],[-96.7764,33.2309],[-96.7802,33.2301],[-96.782,33.2327],[-96.785,33.2332],[-96.7896,33.2313],[-96.7929,33.2253],[-96.7936,33.2251],[-96.8005,33.2261],[-96.8108,33.2228],[-96.8233,33.2221],[-96.8317,33.2227],[-96.8359,33.224],[-96.8491,33.2198],[-96.8607,33.2191],[-96.8792,33.2122],[-96.8876,33.2115],[-96.8939,33.209],[-96.8958,33.2072],[-96.9002,33.2054],[-96.9041,33.2029],[-96.9107,33.2004],[-96.9132,33.1982],[-96.9229,33.1949],[-96.9244,33.1933],[-96.9273,33.1927],[-96.9298,33.1904],[-96.9298,33.1874],[-96.9316,33.1853],[-96.9333,33.1801],[-96.9278,33.1771],[-96.9249,33.1738],[-96.9236,33.1734],[-96.9218,33.1737],[-96.918,33.1759],[-96.915,33.1763],[-96.9104,33.1755],[-96.9061,33.1792],[-96.9017,33.18],[-96.9003,33.1829],[-96.8973,33.1834],[-96.8964,33.1851],[-96.8895,33.1858],[-96.8868,33.1868],[-96.8841,33.1889],[-96.8794,33.1941],[-96.8751,33.1952],[-96.8718,33.1975],[-96.8703,33.1968],[-96.8681,33.1934],[-96.8642,33.1941],[-96.8559,33.1945],[-96.8534,33.1936],[-96.8526,33.1925],[-96.8521,33.1892],[-96.8443,33.1885],[-96.84,33.1873],[-96.8387,33.1865],[-96.8356,33.1823],[-96.8298,33.1815],[-96.8283,33.1781],[-96.8204,33.1791],[-96.8187,33.1778],[-96.8159,33.1735],[-96.8133,33.1681],[-96.8114,33.1678],[-96.8086,33.1691],[-96.8076,33.1669],[-96.8037,33.1671],[-96.802,33.1657],[-96.7999,33.162],[-96.7952,33.1607],[-96.7914,33.1569],[-96.7882,33.1551],[-96.7847,33.1561],[-96.7811,33.156],[-96.7787,33.1631],[-96.7699,33.1686],[-96.771,33.1767],[-96.7699,33.1783],[-96.7696,33.1892],[-96.7627,33.1938],[-96.7598,33.1986]]]},"properties":{"objectid":28628,"tnmid":"{F21E656A-133E-4886-85E7-64F15A771D2C}","metasourceid":"{511D2AC8-11BA-45FC-AB98-F69D693D4C44}","sourcedatadesc":"Watershed Boundary Dataset (WBD)","sourceoriginator":"Natural Resources and Conservation Service and U.S. Geological Survey","sourcefeatureid":null,"loaddate":1723704945000,"referencegnis_ids":"1343536,1385437","areaacres":15933.87,"areasqkm":64.48,"states":"TX","huc12":"120301030904","name":"Panther Creek-Lake Lewisville","hutype":"S","humod":"RS","tohuc":"120301030905","noncontributingareaacres":0,"noncontributingareasqkm":0,"globalid":"{BE317EFC-E29C-11E2-8094-0021280458E6}","shape_Length":54849.34365844224,"shape_Area":92337291.10219476}},{"type":"Feature","id":28691,"geometry":{"type":"Polygon","coordinates":[[[-96.4748,32.8756],[-96.4781,32.8791],[-96.4807,32.8792],[-96.4836,32.8805],[-96.4857,32.8794],[-96.489,32.8797],[-96.4901,32.8785],[-96.4902,32.874],[-96.4918,32.8702],[-96.4949,32.8672],[-96.4974,32.8638],[-96.5025,32.8629],[-96.5056,32.862],[-96.5071,32.8609],[-96.5077,32.8598],[-96.5071,32.8584],[-96.5074,32.8569],[-96.5088,32.8556],[-96.5094,32.8557],[-96.5104,32.8568],[-96.5103,32.861],[-96.5098,32.8622],[-96.5051,32.8658],[-96.5043,32.8671],[-96.5045,32.8694],[-96.5095,32.8691],[-96.5144,32.8714],[-96.5181,32.872],[-96.5191,32.8728],[-96.5228,32.8824],[-96.5232,32.8838],[-96.5221,32.8866],[-96.524,32.889],[-96.5239,32.8922],[-96.5272,32.8984],[-96.5301,32.8913],[-96.532,32.8898],[-96.5321,32.8872],[-96.5343,32.8864],[-96.5376,32.8865],[-96.5387,32.8852],[-96.538,32.8819],[-96.5393,32.88],[-96.5457,32.8764],[-96.5487,32.8768],[-96.5452,32.8688],[-96.5435,32.8672],[-96.5434,32.8652],[-96.545,32.8631],[-96.5463,32.8623],[-96.5503,32.862],[-96.5521,32.8603],[-96.5614,32.8608],[-96.5685,32.8597],[-96.5701,32.8602],[-96.5713,32.8617],[-96.5714,32.8632],[-96.5723,32.8633],[-96.5764,32.8617],[-96.5788,32.8591],[-96.5841,32.8553],[-96.5784,32.8543],[-96.5748,32.8511],[-96.5699,32.851],[-96.5664,32.8486],[-96.5638,32.8485],[-96.5635,32.8446],[-96.5629,32.8433],[-96.5567,32.8383],[-96.5558,32.8345],[-96.5525,32.8332],[-96.5493,32.8306],[-96.5491,32.8251],[-96.5449,32.8215],[-96.5449,32.8204],[-96.5433,32.8197],[-96.5405,32.8159],[-96.5375,32.8156],[-96.5362,32.8144],[-96.5348,32.8144],[-96.5336,32.8112],[-96.5315,32.8095],[-96.5307,32.8075],[-96.4933,32.7997],[-96.4903,32.8015],[-96.4854,32.803],[-96.4808,32.8033],[-96.4716,32.8054],[-96.4684,32.805],[-96.4676,32.8076],[-96.4693,32.8145],[-96.4668,32.8172],[-96.4679,32.8202],[-96.4676,32.8231],[-96.4639,32.8261],[-96.4636,32.8279],[-96.4648,32.8324],[-96.467,32.8351],[-96.4669,32.8371],[-96.4699,32.8402],[-96.4704,32.8413],[-96.4703,32.8514],[-96.4694,32.8527],[-96.4694,32.8548],[-96.4743,32.8595],[-96.4729,32.8619],[-96.4729,32.8649],[-96.4747,32.8697],[-96.4748,32.8756]]]},"properties":{"objectid":28691,"tnmid":"{D746AF7D-D942-40C8-8C65-559D78C6C17A}","metasourceid":"{511D2AC8-11BA-45FC-AB98-F69D693D4C44}","sourcedatadesc":"Watershed Boundary Dataset (WBD)","sourceoriginator":"Natural Resources and Conservation Service and U.S. Geological Survey","sourcefeatureid":null,"loaddate":1723704945000,"referencegnis_ids":"1375858,1375647","areaacres":15497.63,"areasqkm":62.72,"states":"TX","huc12":"120301060409","name":"Rush Creek-Ray Hubbard Lake","hutype":"S","humod":"DM,RS,LE","tohuc":"120301060503","noncontributingareaacres":0,"noncontributingareasqkm":0,"globalid":"{BC4C7CA6-E29C-11E2-8094-0021280458E6}","shape_Length":52986.70775022316,"shape_Area":89094957.89848371}},{"type":"Feature","id":28724,"geometry":{"type":"Polygon","coordinates":[[[-97.4239,32.8701],[-97.4273,32.8667],[-97.4289,32.8661],[-97.4328,32.8667],[-97.4351,32.866],[-97.4364,32.8672],[-97.4378,32.8671],[-97.4391,32.8628],[-97.4413,32.8623],[-97.4426,32.8627],[-97.4437,32.866],[-97.4467,32.8667],[-97.4471,32.8678],[-97.4488,32.8688],[-97.4506,32.8684],[-97.4558,32.874],[-97.4579,32.8732],[-97.459,32.8745],[-97.4604,32.8738],[-97.4746,32.8767],[-97.4773,32.8788],[-97.4792,32.8775],[-97.4803,32.8757],[-97.4822,32.8749],[-97.4834,32.871],[-97.4848,32.8703],[-97.4853,32.8692],[-97.4879,32.8692],[-97.4898,32.8705],[-97.4928,32.8711],[-97.4949,32.8727],[-97.4963,32.8703],[-97.5049,32.8654],[-97.5071,32.865],[-97.509,32.8657],[-97.5102,32.8634],[-97.5121,32.8623],[-97.5132,32.8623],[-97.5166,32.8645],[-97.5186,32.8646],[-97.5197,32.8641],[-97.52,32.8628],[-97.5245,32.8605],[-97.5291,32.8609],[-97.5303,32.8618],[-97.5327,32.8614],[-97.535,32.8624],[-97.5429,32.8619],[-97.5453,32.8602],[-97.5436,32.8578],[-97.5436,32.8563],[-97.5452,32.8536],[-97.5447,32.8528],[-97.5425,32.852],[-97.5421,32.8507],[-97.5403,32.8493],[-97.5311,32.846],[-97.5298,32.8444],[-97.5305,32.8411],[-97.5286,32.8378],[-97.5256,32.836],[-97.523,32.8361],[-97.5216,32.8341],[-97.5148,32.831],[-97.5095,32.8269],[-97.5041,32.8252],[-97.4973,32.8246],[-97.4968,32.8234],[-97.4953,32.8231],[-97.4916,32.8241],[-97.4845,32.8235],[-97.4827,32.8244],[-97.4821,32.8262],[-97.4807,32.827],[-97.4797,32.8267],[-97.4791,32.8254],[-97.4759,32.8243],[-97.4747,32.8229],[-97.4724,32.8225],[-97.473,32.8206],[-97.4724,32.8167],[-97.4729,32.8159],[-97.4727,32.8118],[-97.4636,32.8038],[-97.4604,32.8024],[-97.4567,32.8023],[-97.4523,32.8007],[-97.4504,32.8016],[-97.4445,32.8021],[-97.4412,32.8041],[-97.4338,32.8038],[-97.4323,32.8048],[-97.4295,32.8032],[-97.4268,32.8038],[-97.4256,32.8033],[-97.424,32.8053],[-97.422,32.806],[-97.4182,32.8061],[-97.4167,32.8051],[-97.4123,32.8056],[-97.4113,32.8085],[-97.4092,32.8115],[-97.4094,32.8123],[-97.4114,32.8129],[-97.4119,32.8137],[-97.4127,32.8183],[-97.4181,32.8225],[-97.4181,32.8247],[-97.4205,32.8274],[-97.4198,32.8291],[-97.42,32.8323],[-97.4218,32.8351],[-97.4212,32.8379],[-97.422,32.8396],[-97.4205,32.844],[-97.4229,32.8515],[-97.4252,32.8535],[-97.4253,32.8558],[-97.4248,32.8612],[-97.4207,32.8639],[-97.4205,32.8693],[-97.422,32.8701],[-97.4239,32.8701]]]},"properties":{"objectid":28724,"tnmid":"{863C39CC-9739-4309-9FD6-903C34447EEC}","metasourceid":"{511D2AC8-11BA-45FC-AB98-F69D693D4C44}","sourcedatadesc":"Watershed Boundary Dataset (WBD)","sourceoriginator":"Natural Resources and Conservation Service and U.S. Geological Survey","sourcefeatureid":null,"loaddate":1723704945000,"referencegnis_ids":"1383210,1339528","areaacres":15448.51,"areasqkm":62.52,"states":"TX","huc12":"120301020101","name":"West Fork Trinity River-Lake Worth","hutype":"S","humod":"NM","tohuc":"120301020104","noncontributingareaacres":0,"noncontributingareasqkm":0,"globalid":"{BD8E04E8-E29C-11E2-8094-0021280458E6}","shape_Length":49067.881129273854,"shape_Area":88810958.07563417}},{"type":"Feature","id":28763,"geometry":{"type":"Polygon","coordinates":[[[-97.4123,32.8056],[-97.4167,32.8051],[-97.4182,32.8061],[-97.422,32.806],[-97.424,32.8053],[-97.4256,32.8033],[-97.4268,32.8038],[-97.4295,32.8032],[-97.4323,32.8048],[-97.4338,32.8038],[-97.4412,32.8041],[-97.4445,32.8021],[-97.4504,32.8016],[-97.4519,32.8008],[-97.4567,32.8023],[-97.4592,32.8021],[-97.4636,32.8038],[-97.4727,32.8118],[-97.4729,32.8159],[-97.4724,32.8167],[-97.473,32.8206],[-97.4724,32.8225],[-97.4747,32.8229],[-97.4765,32.8247],[-97.4791,32.8254],[-97.4801,32.827],[-97.4818,32.8264],[-97.4827,32.8244],[-97.4845,32.8235],[-97.4916,32.8241],[-97.4963,32.8232],[-97.4973,32.8246],[-97.5062,32.8258],[-97.5095,32.8269],[-97.5127,32.829],[-97.5129,32.8265],[-97.5118,32.8199],[-97.5104,32.8193],[-97.5087,32.8199],[-97.5064,32.8185],[-97.5045,32.8147],[-97.5021,32.8134],[-97.5008,32.8114],[-97.4987,32.8117],[-97.4888,32.8068],[-97.4881,32.8053],[-97.4902,32.7992],[-97.4911,32.7987],[-97.4926,32.7992],[-97.4941,32.7983],[-97.4971,32.7989],[-97.5011,32.7939],[-97.5029,32.7945],[-97.5052,32.7925],[-97.5071,32.792],[-97.5113,32.7896],[-97.5128,32.7872],[-97.5143,32.7865],[-97.5165,32.7868],[-97.5196,32.7884],[-97.5225,32.7911],[-97.5281,32.7894],[-97.5325,32.7905],[-97.5363,32.787],[-97.5367,32.7847],[-97.5411,32.7877],[-97.5426,32.7857],[-97.5451,32.7854],[-97.5464,32.7868],[-97.5471,32.7868],[-97.5501,32.7843],[-97.5512,32.7843],[-97.5523,32.7808],[-97.5565,32.7823],[-97.5588,32.782],[-97.5623,32.7841],[-97.5626,32.7808],[-97.5601,32.7778],[-97.5604,32.7749],[-97.5595,32.774],[-97.5602,32.7722],[-97.5571,32.7695],[-97.5564,32.7672],[-97.5567,32.7658],[-97.5557,32.7631],[-97.55,32.7626],[-97.5478,32.7604],[-97.5439,32.7606],[-97.5418,32.7586],[-97.5412,32.7561],[-97.5389,32.7557],[-97.538,32.7543],[-97.5347,32.7545],[-97.5343,32.7524],[-97.532,32.7508],[-97.5304,32.7511],[-97.5281,32.7564],[-97.5257,32.7552],[-97.5239,32.7568],[-97.5231,32.756],[-97.519,32.7548],[-97.5167,32.7547],[-97.5157,32.7551],[-97.5155,32.7574],[-97.5141,32.7598],[-97.5119,32.7591],[-97.5098,32.7593],[-97.5083,32.7586],[-97.5064,32.7591],[-97.5033,32.758],[-97.4995,32.7602],[-97.4959,32.7639],[-97.4876,32.7601],[-97.4861,32.76],[-97.4842,32.761],[-97.4815,32.761],[-97.4764,32.7597],[-97.4646,32.7635],[-97.4612,32.7666],[-97.4541,32.7682],[-97.4539,32.7693],[-97.453,32.77],[-97.4537,32.7705],[-97.4523,32.7739],[-97.4491,32.7764],[-97.4361,32.7763],[-97.4319,32.7795],[-97.4302,32.7833],[-97.4253,32.7852],[-97.4179,32.7862],[-97.4148,32.7918],[-97.4148,32.795],[-97.4132,32.7957],[-97.4115,32.7977],[-97.411,32.804],[-97.4123,32.8056]]]},"properties":{"objectid":28763,"tnmid":"{EAF9FE34-8D0E-4957-A144-4E8C3DCCBEFB}","metasourceid":"{511D2AC8-11BA-45FC-AB98-F69D693D4C44}","sourcedatadesc":"Watershed Boundary Dataset (WBD)","sourceoriginator":"Natural Resources and Conservation Service and U.S. Geological Survey","sourcefeatureid":null,"loaddate":1723704945000,"referencegnis_ids":"1340250,1383210","areaacres":13361.28,"areasqkm":54.07,"states":"TX","huc12":"120301020104","name":"Live Oak Creek-West Fork Trinity River","hutype":"S","humod":"DM","tohuc":"120301020105","noncontributingareaacres":0,"noncontributingareasqkm":0,"globalid":"{BD8E546E-E29C-11E2-8094-0021280458E6}","shape_Length":57466.15901493582,"shape_Area":76715997.22841035}},{"type":"Feature","id":28769,"geometry":{"type":"Polygon","coordinates":[[[-97.097,32.8493],[-97.0981,32.8525],[-97.0989,32.8527],[-97.1006,32.8512],[-97.1022,32.8515],[-97.1045,32.8509],[-97.1065,32.8518],[-97.1074,32.8555],[-97.1089,32.857],[-97.1122,32.8588],[-97.113,32.858],[-97.1153,32.8576],[-97.118,32.8585],[-97.125,32.8579],[-97.1264,32.8585],[-97.1299,32.8573],[-97.1332,32.857],[-97.1346,32.8548],[-97.1396,32.8538],[-97.1413,32.8542],[-97.1413,32.8525],[-97.1374,32.8509],[-97.137,32.8496],[-97.1378,32.8482],[-97.1376,32.8465],[-97.1349,32.8431],[-97.1376,32.8409],[-97.1368,32.837],[-97.137,32.8311],[-97.1339,32.8263],[-97.1356,32.825],[-97.1324,32.8208],[-97.1276,32.8177],[-97.1276,32.8161],[-97.1287,32.814],[-97.1243,32.8072],[-97.1246,32.8056],[-97.1253,32.8049],[-97.1255,32.8026],[-97.1274,32.802],[-97.1271,32.7984],[-97.1288,32.7963],[-97.1288,32.7953],[-97.1264,32.7896],[-97.1235,32.7878],[-97.1201,32.7814],[-97.1224,32.7777],[-97.1237,32.7771],[-97.1239,32.7752],[-97.1227,32.7712],[-97.1231,32.7691],[-97.1271,32.7642],[-97.1248,32.7589],[-97.1229,32.7576],[-97.1239,32.756],[-97.1217,32.7532],[-97.1175,32.7503],[-97.1166,32.7511],[-97.1112,32.7603],[-97.1107,32.7623],[-97.1112,32.7635],[-97.1105,32.764],[-97.1081,32.7641],[-97.1036,32.7628],[-97.1025,32.7635],[-97.1019,32.7657],[-97.1001,32.7668],[-97.0984,32.7649],[-97.0972,32.7648],[-97.0968,32.7657],[-97.0951,32.7657],[-97.0924,32.764],[-97.0902,32.764],[-97.0855,32.7646],[-97.0797,32.7667],[-97.0742,32.766],[-97.0706,32.7682],[-97.0673,32.7692],[-97.0618,32.7728],[-97.0614,32.7745],[-97.0595,32.7773],[-97.0589,32.7819],[-97.0566,32.7835],[-97.0516,32.7822],[-97.0468,32.782],[-97.0392,32.7831],[-97.0371,32.7817],[-97.0357,32.7821],[-97.0346,32.7835],[-97.0311,32.7841],[-97.0288,32.7825],[-97.0276,32.7783],[-97.0261,32.7768],[-97.0221,32.7748],[-97.0189,32.7748],[-97.0135,32.7723],[-97.0122,32.7725],[-97.0125,32.7735],[-97.0192,32.7789],[-97.0169,32.7818],[-97.0168,32.7846],[-97.0172,32.7924],[-97.0198,32.7954],[-97.0198,32.7969],[-97.0189,32.7979],[-97.0175,32.7981],[-97.0172,32.7993],[-97.0202,32.8023],[-97.0251,32.8029],[-97.0266,32.804],[-97.0279,32.8067],[-97.0283,32.8106],[-97.0327,32.8157],[-97.0337,32.8186],[-97.0355,32.8198],[-97.0424,32.8196],[-97.0433,32.8201],[-97.0459,32.8235],[-97.0494,32.831],[-97.0537,32.8351],[-97.0572,32.8358],[-97.0608,32.838],[-97.0707,32.8393],[-97.0743,32.8386],[-97.0759,32.8392],[-97.0788,32.8389],[-97.083,32.8409],[-97.0848,32.8401],[-97.0875,32.8427],[-97.0929,32.842],[-97.0938,32.8432],[-97.0943,32.8473],[-97.0954,32.8486],[-97.097,32.8493]]]},"properties":{"objectid":28769,"tnmid":"{06C03563-773C-4293-9332-07C1F7F699C2}","metasourceid":"{511D2AC8-11BA-45FC-AB98-F69D693D4C44}","sourcedatadesc":"Watershed Boundary Dataset (WBD)","sourceoriginator":"Natural Resources and Conservation Service and U.S. Geological Survey","sourcefeatureid":null,"loaddate":1723704945000,"referencegnis_ids":"1359853,1383210","areaacres":19221.12,"areasqkm":77.79,"states":"TX","huc12":"120301020701","name":"Hurricane Creek-West Fork Trinity River","hutype":"S","humod":"LE,TF","tohuc":"120301020706","noncontributingareaacres":0,"noncontributingareasqkm":0,"globalid":"{BDAD1257-E29C-11E2-8094-0021280458E6}","shape_Length":56393.23207479452,"shape_Area":110414797.6870436}},{"type":"Feature","id":28783,"geometry":{"type":"Polygon","coordinates":[[[-96.9288,33.2456],[-96.9308,33.2457],[-96.9338,33.2477],[-96.9372,33.2482],[-96.9379,33.2499],[-96.937,33.2515],[-96.9371,33.2529],[-96.9399,33.2586],[-96.9429,33.2605],[-96.9527,33.2634],[-96.9532,33.2648],[-96.9559,33.2668],[-96.9618,33.269],[-96.9647,33.2708],[-96.9656,33.2726],[-96.9657,33.2749],[-96.9685,33.2765],[-96.9686,33.2813],[-96.9705,33.2853],[-96.9729,33.2858],[-96.9734,33.2868],[-96.9726,33.2902],[-96.9716,33.2917],[-96.973,33.2956],[-96.9741,33.2958],[-96.9799,33.2942],[-96.9823,33.2961],[-96.9873,33.2988],[-96.9899,33.2952],[-96.9979,33.2879],[-96.9983,33.2863],[-96.9959,33.283],[-96.9932,33.2829],[-96.9891,33.2805],[-96.9867,33.2809],[-96.9829,33.2796],[-96.9809,33.2775],[-96.9802,33.2732],[-96.9747,33.2726],[-96.9727,33.2686],[-96.9728,33.2588],[-96.971,33.2533],[-96.9701,33.2464],[-96.9721,33.2347],[-96.9734,33.233],[-96.972,33.2295],[-96.9709,33.2174],[-96.9738,33.2133],[-96.9732,33.2117],[-96.971,33.2106],[-96.971,33.2077],[-96.9738,33.2031],[-96.9779,33.2003],[-96.9808,33.1957],[-96.9808,33.1946],[-96.979,33.1917],[-96.9758,33.1921],[-96.973,33.1902],[-96.9716,33.1866],[-96.9689,33.1841],[-96.9672,33.1841],[-96.9636,33.1828],[-96.9603,33.1832],[-96.9576,33.1812],[-96.9562,33.1778],[-96.9536,33.177],[-96.9516,33.1772],[-96.9437,33.1821],[-96.9434,33.1839],[-96.9442,33.1859],[-96.9433,33.1903],[-96.9459,33.1929],[-96.9469,33.1955],[-96.9478,33.2006],[-96.9474,33.2042],[-96.9414,33.2108],[-96.9335,33.2137],[-96.9314,33.2168],[-96.9303,33.22],[-96.9204,33.229],[-96.9177,33.2307],[-96.9157,33.2332],[-96.9156,33.2372],[-96.9229,33.2397],[-96.9271,33.2432],[-96.9288,33.2456]]]},"properties":{"objectid":28783,"tnmid":"{0A5D8D11-26A3-46FA-813F-41A8B92A0E8A}","metasourceid":"{511D2AC8-11BA-45FC-AB98-F69D693D4C44}","sourcedatadesc":"Watershed Boundary Dataset (WBD)","sourceoriginator":"Natural Resources and Conservation Service and U.S. Geological Survey","sourcefeatureid":null,"loaddate":1723704945000,"referencegnis_ids":"1375852,1374579","areaacres":9327.79,"areasqkm":37.75,"states":"TX","huc12":"120301030705","name":"Running Branch-Little Elm Creek","hutype":"S","humod":"RS","tohuc":"120301030905","noncontributingareaacres":0,"noncontributingareasqkm":0,"globalid":"{BE105295-E29C-11E2-8094-0021280458E6}","shape_Length":45355.392189799924,"shape_Area":54099403.563293405}},{"type":"Feature","id":28796,"geometry":{"type":"Polygon","coordinates":[[[-96.9959,33.283],[-96.9983,33.2863],[-97.0012,33.2847],[-97.0019,33.2834],[-97.0059,33.2815],[-97.0101,33.278],[-97.0167,33.2758],[-97.0179,33.2729],[-97.0199,33.2738],[-97.0227,33.2732],[-97.0244,33.2743],[-97.0292,33.2704],[-97.0311,33.2734],[-97.0316,33.2758],[-97.035,33.2765],[-97.0381,33.2785],[-97.0417,33.2749],[-97.0469,33.275],[-97.0476,33.2743],[-97.0482,33.271],[-97.0472,33.2688],[-97.0483,33.2638],[-97.049,33.2637],[-97.0498,33.2625],[-97.0542,33.2616],[-97.0628,33.2641],[-97.0657,33.2636],[-97.0745,33.2653],[-97.0824,33.2646],[-97.0832,33.265],[-97.0834,33.2663],[-97.0873,33.2655],[-97.0895,33.2661],[-97.0939,33.2654],[-97.097,33.2635],[-97.0971,33.2603],[-97.0954,33.259],[-97.0946,33.2567],[-97.0887,33.2536],[-97.0874,33.252],[-97.0871,33.2497],[-97.0837,33.2475],[-97.0828,33.2453],[-97.08,33.2443],[-97.0794,33.2429],[-97.0751,33.2411],[-97.0737,33.239],[-97.0724,33.2317],[-97.0713,33.231],[-97.0672,33.2306],[-97.0664,33.2298],[-97.0664,33.2285],[-97.0678,33.2261],[-97.0669,33.2243],[-97.0636,33.2232],[-97.0558,33.2187],[-97.0519,33.2149],[-97.0511,33.2129],[-97.0455,33.211],[-97.0315,33.1996],[-97.0266,33.199],[-97.0233,33.1991],[-97.0199,33.2001],[-97.0184,33.1996],[-97.0169,33.2011],[-97.017,33.2048],[-97.0155,33.2075],[-97.0138,33.2095],[-97.0112,33.2099],[-97.0099,33.2115],[-97.0094,33.214],[-97.0099,33.2196],[-97.0061,33.2217],[-97.0059,33.2236],[-97.007,33.2254],[-97.0043,33.2293],[-97.0052,33.2325],[-97.0028,33.2333],[-96.9985,33.2367],[-96.9957,33.2401],[-96.9959,33.2447],[-96.9939,33.247],[-96.9939,33.2485],[-96.9949,33.2507],[-96.9976,33.2526],[-96.9951,33.2563],[-96.996,33.2595],[-96.9952,33.2629],[-96.9998,33.2669],[-97.0003,33.2702],[-96.9982,33.2724],[-96.9979,33.2759],[-96.9984,33.2773],[-96.9979,33.279],[-96.9961,33.2804],[-96.9959,33.283]]]},"properties":{"objectid":28796,"tnmid":"{2FBC6161-2AB8-4236-8D3C-61A8540F9E26}","metasourceid":"{511D2AC8-11BA-45FC-AB98-F69D693D4C44}","sourcedatadesc":"Watershed Boundary Dataset (WBD)","sourceoriginator":"Natural Resources and Conservation Service and U.S. Geological Survey","sourcefeatureid":null,"loaddate":1723704945000,"referencegnis_ids":"1348570,1385437","areaacres":12314.78,"areasqkm":49.84,"states":"TX","huc12":"120301030901","name":"Timber Branch-Lake Lewisville","hutype":"S","humod":"RS","tohuc":"120301030902","noncontributingareaacres":0,"noncontributingareasqkm":0,"globalid":"{BE3121C6-E29C-11E2-8094-0021280458E6}","shape_Length":42732.00369370086,"shape_Area":71439690.91315459}},{"type":"Feature","id":28797,"geometry":{"type":"Polygon","coordinates":[[[-96.979,33.1917],[-96.9806,33.1941],[-96.9808,33.1957],[-96.9779,33.2003],[-96.9738,33.2031],[-96.971,33.2077],[-96.971,33.2106],[-96.9732,33.2117],[-96.9738,33.2133],[-96.9709,33.2174],[-96.972,33.2295],[-96.9734,33.233],[-96.9721,33.2347],[-96.9702,33.2446],[-96.9704,33.2503],[-96.9728,33.2588],[-96.9727,33.2686],[-96.9744,33.272],[-96.9755,33.2729],[-96.9802,33.2732],[-96.9809,33.2775],[-96.9829,33.2796],[-96.9867,33.2809],[-96.9891,33.2805],[-96.9932,33.2829],[-96.9959,33.283],[-96.9961,33.2804],[-96.9979,33.279],[-96.9984,33.2773],[-96.9979,33.2759],[-96.9982,33.2724],[-97.0003,33.2702],[-96.9998,33.2669],[-96.9952,33.2629],[-96.996,33.2595],[-96.9951,33.2563],[-96.9976,33.2526],[-96.9949,33.2507],[-96.9939,33.2485],[-96.9939,33.247],[-96.9959,33.2447],[-96.9957,33.2401],[-96.9985,33.2367],[-97.0028,33.2333],[-97.0052,33.2325],[-97.0043,33.2293],[-97.007,33.2254],[-97.0059,33.2236],[-97.0061,33.2217],[-97.0099,33.2196],[-97.0094,33.214],[-97.0099,33.2115],[-97.0112,33.2099],[-97.0138,33.2095],[-97.0155,33.2075],[-97.017,33.2048],[-97.0169,33.2011],[-97.0184,33.1996],[-97.0199,33.2001],[-97.0233,33.1991],[-97.0266,33.199],[-97.0315,33.1996],[-97.0455,33.211],[-97.0511,33.2129],[-97.0519,33.2149],[-97.0558,33.2187],[-97.0636,33.2232],[-97.0669,33.2243],[-97.0678,33.2261],[-97.0664,33.2285],[-97.0664,33.2298],[-97.0672,33.2306],[-97.0713,33.231],[-97.0724,33.2317],[-97.0737,33.239],[-97.0751,33.2411],[-97.0794,33.2429],[-97.08,33.2443],[-97.0828,33.2453],[-97.0837,33.2475],[-97.0871,33.2497],[-97.0874,33.252],[-97.0887,33.2536],[-97.0946,33.2567],[-97.0954,33.259],[-97.0971,33.2603],[-97.0995,33.2596],[-97.1041,33.2618],[-97.1077,33.2613],[-97.1104,33.2628],[-97.1141,33.2631],[-97.1165,33.2643],[-97.1182,33.2624],[-97.1204,33.2575],[-97.1239,33.2575],[-97.1269,33.2583],[-97.13,33.2615],[-97.1337,33.2634],[-97.1404,33.2638],[-97.1423,33.2617],[-97.1438,33.2582],[-97.1466,33.255],[-97.1459,33.2532],[-97.1471,33.2533],[-97.1508,33.2554],[-97.1514,33.2579],[-97.1524,33.2582],[-97.1564,33.2559],[-97.1563,33.2529],[-97.16,33.2506],[-97.1629,33.2518],[-97.1648,33.2506],[-97.1678,33.2511],[-97.1713,33.2505],[-97.1728,33.2531],[-97.1781,33.2557],[-97.1777,33.2504],[-97.1793,33.2486],[-97.1792,33.2457],[-97.1779,33.2433],[-97.1765,33.2426],[-97.1759,33.2394],[-97.1744,33.2376],[-97.1739,33.2355],[-97.1718,33.2331],[-97.1721,33.232],[-97.174,33.2306],[-97.1729,33.2272],[-97.1661,33.2259],[-97.1643,33.2232],[-97.1575,33.2189],[-97.1564,33.2164],[-97.1521,33.2151],[-97.151,33.2116],[-97.1517,33.21],[-97.1516,33.2088],[-97.1498,33.2078],[-97.149,33.2054],[-97.1465,33.2025],[-97.1423,33.2019],[-97.1407,33.1982],[-97.1375,33.1975],[-97.1364,33.1964],[-97.1346,33.1963],[-97.1329,33.194],[-97.1308,33.1928],[-97.1273,33.1926],[-97.1249,33.1937],[-97.1195,33.1934],[-97.1206,33.1919],[-97.1201,33.1903],[-97.1158,33.1869],[-97.1159,33.1853],[-97.1127,33.1838],[-97.1143,33.1818],[-97.1145,33.1778],[-97.1121,33.1733],[-97.1103,33.1738],[-97.1068,33.1734],[-97.1053,33.1714],[-97.1024,33.1703],[-97.1024,33.168],[-97.105,33.1667],[-97.1049,33.1655],[-97.1028,33.1644],[-97.0987,33.1638],[-97.0973,33.1617],[-97.0956,33.161],[-97.0924,33.1627],[-97.0905,33.1623],[-97.0888,33.1603],[-97.0895,33.1565],[-97.0832,33.1544],[-97.0821,33.1549],[-97.0807,33.1543],[-97.0794,33.152],[-97.0776,33.1508],[-97.0767,33.1486],[-97.0774,33.1462],[-97.0766,33.1453],[-97.0742,33.1443],[-97.0734,33.1432],[-97.0717,33.144],[-97.0697,33.1439],[-97.0688,33.1423],[-97.0649,33.1409],[-97.0644,33.138],[-97.0629,33.1368],[-97.0609,33.1364],[-97.0588,33.1346],[-97.0583,33.1331],[-97.0552,33.1338],[-97.0528,33.1293],[-97.053,33.1285],[-97.0515,33.1273],[-97.0495,33.1279],[-97.0473,33.1271],[-97.042,33.1289],[-97.0413,33.1276],[-97.0397,33.1276],[-97.0397,33.1265],[-97.0381,33.1261],[-97.0371,33.124],[-97.0333,33.1212],[-97.0299,33.1202],[-97.0283,33.1178],[-97.024,33.1154],[-97.0238,33.1125],[-97.0187,33.1092],[-97.0176,33.1068],[-97.0153,33.1067],[-97.0137,33.109],[-97.0127,33.1092],[-97.0055,33.1065],[-97.0035,33.105],[-97.003,33.1055],[-97.0002,33.1053],[-96.9929,33.111],[-96.9912,33.1141],[-96.9912,33.1176],[-96.9884,33.1294],[-96.9858,33.1328],[-96.9867,33.1364],[-96.986,33.1391],[-96.9866,33.1404],[-96.9808,33.1433],[-96.9767,33.1497],[-96.9759,33.1507],[-96.9745,33.1507],[-96.9736,33.1518],[-96.9747,33.1588],[-96.9731,33.1628],[-96.9735,33.1692],[-96.9742,33.1725],[-96.9779,33.1769],[-96.9784,33.1828],[-96.9799,33.1872],[-96.979,33.1917]]]},"properties":{"objectid":28797,"tnmid":"{D3FF8225-C13A-4E0B-BB34-01A2F7DE4D3C}","metasourceid":"{511D2AC8-11BA-45FC-AB98-F69D693D4C44}","sourcedatadesc":"Watershed Boundary Dataset (WBD)","sourceoriginator":"Natural Resources and Conservation Service and U.S. Geological Survey","sourcefeatureid":null,"loaddate":1723704945000,"referencegnis_ids":"1343773,1385437","areaacres":44341.33,"areasqkm":179.44,"states":"TX","huc12":"120301030902","name":"Pecan Creek-Lake Lewisville","hutype":"S","humod":"RS","tohuc":"120301030906","noncontributingareaacres":0,"noncontributingareasqkm":0,"globalid":"{BE313FF4-E29C-11E2-8094-0021280458E6}","shape_Length":103544.12071132705,"shape_Area":256950064.9403165}},{"type":"Feature","id":28802,"geometry":{"type":"Polygon","coordinates":[[[-96.7591,33.3347],[-96.767,33.3386],[-96.7693,33.3384],[-96.7716,33.3359],[-96.7715,33.3332],[-96.7726,33.3306],[-96.7755,33.3284],[-96.7761,33.3267],[-96.7777,33.3253],[-96.7824,33.3238],[-96.7887,33.3167],[-96.7924,33.3144],[-96.7967,33.3129],[-96.7993,33.3094],[-96.8023,33.309],[-96.8035,33.3078],[-96.803,33.3042],[-96.8034,33.3036],[-96.8051,33.3037],[-96.8076,33.3049],[-96.8173,33.3041],[-96.8214,33.3046],[-96.8277,33.3074],[-96.8301,33.307],[-96.8341,33.3051],[-96.8381,33.3056],[-96.8388,33.3052],[-96.8396,33.3022],[-96.8408,33.3012],[-96.8464,33.2996],[-96.8475,33.2967],[-96.8505,33.2963],[-96.8519,33.2954],[-96.8527,33.2923],[-96.8588,33.29],[-96.8592,33.2869],[-96.8607,33.2847],[-96.8665,33.2814],[-96.8693,33.2778],[-96.8758,33.2729],[-96.8795,33.2683],[-96.8825,33.2665],[-96.8827,33.2633],[-96.8881,33.2576],[-96.8897,33.2565],[-96.8948,33.2557],[-96.8967,33.2536],[-96.9052,33.2486],[-96.9065,33.247],[-96.9074,33.2418],[-96.9087,33.2405],[-96.9128,33.2391],[-96.9156,33.2372],[-96.9155,33.234],[-96.9165,33.2319],[-96.9303,33.22],[-96.9314,33.2168],[-96.9335,33.2137],[-96.9414,33.2108],[-96.9469,33.2049],[-96.9478,33.2031],[-96.9472,33.1968],[-96.9459,33.1929],[-96.9433,33.1903],[-96.9442,33.1859],[-96.9438,33.1846],[-96.942,33.1833],[-96.9411,33.1807],[-96.9395,33.1787],[-96.9376,33.1787],[-96.9333,33.1801],[-96.9316,33.1853],[-96.9298,33.1874],[-96.9298,33.1904],[-96.9273,33.1927],[-96.9244,33.1933],[-96.9229,33.1949],[-96.9132,33.1982],[-96.9107,33.2004],[-96.9041,33.2029],[-96.9002,33.2054],[-96.8958,33.2072],[-96.8939,33.209],[-96.8876,33.2115],[-96.8792,33.2122],[-96.8607,33.2191],[-96.8491,33.2198],[-96.8359,33.224],[-96.8317,33.2227],[-96.8233,33.2221],[-96.8108,33.2228],[-96.8005,33.2261],[-96.7978,33.226],[-96.7962,33.2252],[-96.7929,33.2253],[-96.7896,33.2313],[-96.785,33.2332],[-96.7855,33.2358],[-96.7847,33.239],[-96.7823,33.2415],[-96.7836,33.2438],[-96.7783,33.2448],[-96.7767,33.2459],[-96.7742,33.248],[-96.7727,33.2527],[-96.7729,33.2538],[-96.7754,33.2562],[-96.7789,33.2586],[-96.7774,33.2597],[-96.7713,33.2615],[-96.77,33.2635],[-96.7699,33.2655],[-96.7711,33.2674],[-96.7713,33.2693],[-96.7707,33.2703],[-96.7676,33.2716],[-96.768,33.2728],[-96.7667,33.277],[-96.767,33.2786],[-96.7687,33.2813],[-96.7633,33.2913],[-96.7648,33.2943],[-96.767,33.2957],[-96.7648,33.3043],[-96.7654,33.3064],[-96.7601,33.31],[-96.7589,33.3136],[-96.7609,33.3171],[-96.7579,33.3222],[-96.7578,33.3252],[-96.7597,33.3263],[-96.7602,33.3273],[-96.7574,33.3297],[-96.7591,33.3317],[-96.7591,33.3347]]]},"properties":{"objectid":28802,"tnmid":"{C9093FDD-BB5A-4AAB-8EC1-5717733A0B88}","metasourceid":"{511D2AC8-11BA-45FC-AB98-F69D693D4C44}","sourcedatadesc":"Watershed Boundary Dataset (WBD)","sourceoriginator":"Natural Resources and Conservation Service and U.S. Geological Survey","sourcefeatureid":null,"loaddate":1723704945000,"referencegnis_ids":"1373415,1385437","areaacres":29441.75,"areasqkm":119.15,"states":"TX","huc12":"120301030903","name":"Doe Branch-Lake Lewisville","hutype":"S","humod":"RS","tohuc":"120301030905","noncontributingareaacres":0,"noncontributingareasqkm":0,"globalid":"{BE31571A-E29C-11E2-8094-0021280458E6}","shape_Length":72378.1483440777,"shape_Area":170846659.06690428}},{"type":"Feature","id":28821,"geometry":{"type":"Polygon","coordinates":[[[-96.7882,33.1551],[-96.7914,33.1569],[-96.7952,33.1607],[-96.7999,33.162],[-96.802,33.1657],[-96.8037,33.1671],[-96.8076,33.1669],[-96.8086,33.1691],[-96.8114,33.1678],[-96.8133,33.1681],[-96.8159,33.1735],[-96.8187,33.1778],[-96.8204,33.1791],[-96.8283,33.1781],[-96.8298,33.1815],[-96.8356,33.1823],[-96.8387,33.1865],[-96.84,33.1873],[-96.8443,33.1885],[-96.8521,33.1892],[-96.8526,33.1925],[-96.8534,33.1936],[-96.8559,33.1945],[-96.8642,33.1941],[-96.8681,33.1934],[-96.8703,33.1968],[-96.8718,33.1975],[-96.8751,33.1952],[-96.8794,33.1941],[-96.8841,33.1889],[-96.8868,33.1868],[-96.8895,33.1858],[-96.8964,33.1851],[-96.8973,33.1834],[-96.9003,33.1829],[-96.9017,33.18],[-96.9061,33.1792],[-96.9104,33.1755],[-96.915,33.1763],[-96.918,33.1759],[-96.9226,33.1734],[-96.9249,33.1738],[-96.9278,33.1771],[-96.9333,33.1801],[-96.9392,33.1784],[-96.9428,33.1838],[-96.9437,33.1834],[-96.9439,33.1817],[-96.9454,33.1814],[-96.9516,33.1772],[-96.9536,33.177],[-96.9562,33.1778],[-96.9576,33.1812],[-96.9603,33.1832],[-96.9636,33.1828],[-96.9672,33.1841],[-96.9689,33.1841],[-96.9716,33.1866],[-96.973,33.1902],[-96.975,33.1918],[-96.979,33.1917],[-96.9795,33.1899],[-96.9799,33.1872],[-96.9784,33.1828],[-96.9779,33.1769],[-96.9742,33.1725],[-96.9735,33.1692],[-96.9731,33.1628],[-96.9747,33.1588],[-96.9736,33.1525],[-96.9745,33.1507],[-96.9732,33.1488],[-96.9734,33.1463],[-96.972,33.1432],[-96.9721,33.1387],[-96.9733,33.135],[-96.977,33.1326],[-96.9779,33.131],[-96.9758,33.1285],[-96.9755,33.1261],[-96.9596,33.1221],[-96.9585,33.1225],[-96.9568,33.1247],[-96.9542,33.1256],[-96.9487,33.1292],[-96.9451,33.1298],[-96.9413,33.1322],[-96.9352,33.1338],[-96.9327,33.1354],[-96.9309,33.1379],[-96.9291,33.1388],[-96.9267,33.1382],[-96.9213,33.1355],[-96.9195,33.1355],[-96.9161,33.1366],[-96.9136,33.14],[-96.9124,33.1407],[-96.9016,33.1439],[-96.9,33.1441],[-96.8964,33.1431],[-96.8921,33.1438],[-96.8843,33.1469],[-96.8825,33.1467],[-96.878,33.143],[-96.8723,33.1396],[-96.866,33.1414],[-96.8631,33.1408],[-96.8537,33.1405],[-96.8494,33.1423],[-96.8459,33.1451],[-96.8414,33.1459],[-96.8317,33.1457],[-96.8296,33.149],[-96.8228,33.1483],[-96.8207,33.1521],[-96.8186,33.1535],[-96.8156,33.1542],[-96.8143,33.1538],[-96.812,33.1513],[-96.8043,33.1498],[-96.7971,33.1512],[-96.7926,33.1513],[-96.7898,33.1505],[-96.7882,33.1551]]]},"properties":{"objectid":28821,"tnmid":"{81BA8631-8E8B-49E3-BACF-EC899DE08CF6}","metasourceid":"{511D2AC8-11BA-45FC-AB98-F69D693D4C44}","sourcedatadesc":"Watershed Boundary Dataset (WBD)","sourceoriginator":"Natural Resources and Conservation Service and U.S. Geological Survey","sourcefeatureid":null,"loaddate":1723704945000,"referencegnis_ids":"1333426,1385437","areaacres":19215.29,"areasqkm":77.76,"states":"TX","huc12":"120301030905","name":"Cottonwood Branch-Lake Lewisville","hutype":"S","humod":"RS,TF","tohuc":"120301030906","noncontributingareaacres":0,"noncontributingareasqkm":0,"globalid":"{BE319843-E29C-11E2-8094-0021280458E6}","shape_Length":62519.77375160651,"shape_Area":111262995.52399461}},{"type":"Feature","id":28851,"geometry":{"type":"Polygon","coordinates":[[[-96.7898,33.1505],[-96.7926,33.1513],[-96.7971,33.1512],[-96.8028,33.15],[-96.8057,33.15],[-96.812,33.1513],[-96.8143,33.1538],[-96.8156,33.1542],[-96.8186,33.1535],[-96.8207,33.1521],[-96.8228,33.1483],[-96.8296,33.149],[-96.8317,33.1457],[-96.8444,33.1455],[-96.8459,33.1451],[-96.8518,33.1409],[-96.8537,33.1405],[-96.8631,33.1408],[-96.866,33.1414],[-96.8723,33.1396],[-96.878,33.143],[-96.8825,33.1467],[-96.8843,33.1469],[-96.8921,33.1438],[-96.8964,33.1431],[-96.9,33.1441],[-96.9016,33.1439],[-96.9124,33.1407],[-96.9136,33.14],[-96.9161,33.1366],[-96.9195,33.1355],[-96.9213,33.1355],[-96.9281,33.1387],[-96.9301,33.1386],[-96.9327,33.1354],[-96.9352,33.1338],[-96.9413,33.1322],[-96.9451,33.1298],[-96.9487,33.1292],[-96.9542,33.1256],[-96.9568,33.1247],[-96.9585,33.1225],[-96.9596,33.1221],[-96.9759,33.1265],[-96.9756,33.1279],[-96.9778,33.1315],[-96.9733,33.135],[-96.9721,33.1387],[-96.972,33.1432],[-96.9734,33.1463],[-96.9735,33.1494],[-96.9745,33.1507],[-96.9759,33.1507],[-96.9808,33.1433],[-96.9867,33.1401],[-96.986,33.1391],[-96.9867,33.1364],[-96.9858,33.1328],[-96.9884,33.1294],[-96.9912,33.1176],[-96.9912,33.1141],[-96.9919,33.1121],[-96.9996,33.1055],[-97.003,33.1055],[-97.0035,33.105],[-97,33.1015],[-96.9954,33.0999],[-96.9964,33.0964],[-96.9943,33.0951],[-96.9931,33.0934],[-96.9927,33.0917],[-96.99,33.0899],[-96.99,33.0891],[-96.9916,33.0877],[-96.998,33.0776],[-96.9984,33.0739],[-96.9991,33.0732],[-97.0002,33.0725],[-97.0032,33.0743],[-97.0141,33.0719],[-97.016,33.0706],[-97.0135,33.0692],[-96.9889,33.0645],[-96.9487,33.0722],[-96.9319,33.0673],[-96.9239,33.0668],[-96.9238,33.0663],[-96.9146,33.0669],[-96.9054,33.0663],[-96.8991,33.0638],[-96.8931,33.0638],[-96.877,33.0661],[-96.868,33.0682],[-96.8637,33.0719],[-96.8599,33.079],[-96.8493,33.0837],[-96.8486,33.0816],[-96.8444,33.0808],[-96.8427,33.0823],[-96.8392,33.0828],[-96.836,33.0824],[-96.8305,33.0844],[-96.8237,33.081],[-96.8215,33.0807],[-96.8162,33.0842],[-96.8145,33.0866],[-96.8136,33.0902],[-96.8135,33.0918],[-96.8148,33.0955],[-96.8119,33.1042],[-96.8157,33.1115],[-96.8155,33.1144],[-96.8145,33.1158],[-96.8089,33.1199],[-96.8065,33.1197],[-96.8035,33.1185],[-96.8002,33.1187],[-96.7976,33.1219],[-96.7976,33.1248],[-96.7954,33.125],[-96.7934,33.1262],[-96.7914,33.1303],[-96.7878,33.1331],[-96.789,33.135],[-96.789,33.1361],[-96.7888,33.1386],[-96.7872,33.1411],[-96.7898,33.1505]]]},"properties":{"objectid":28851,"tnmid":"{B8F33450-888D-4FB3-A2A5-8495C14C2D8D}","metasourceid":"{511D2AC8-11BA-45FC-AB98-F69D693D4C44}","sourcedatadesc":"Watershed Boundary Dataset (WBD)","sourceoriginator":"Natural Resources and Conservation Service and U.S. Geological Survey","sourcefeatureid":null,"loaddate":1723704945000,"referencegnis_ids":"1347918,1385437","areaacres":33487.76,"areasqkm":135.52,"states":"TX","huc12":"120301030906","name":"Stewart Creek-Lake Lewisville","hutype":"S","humod":"RS,DM,TF","tohuc":"120301031001","noncontributingareaacres":0,"noncontributingareasqkm":0,"globalid":"{BE31B856-E29C-11E2-8094-0021280458E6}","shape_Length":78594.51883692914,"shape_Area":193666278.32138804}},{"type":"Feature","id":30615,"geometry":{"type":"Polygon","coordinates":[[[-96.7659,32.8316],[-96.7657,32.8333],[-96.7677,32.8357],[-96.7678,32.8409],[-96.769,32.8483],[-96.7701,32.8496],[-96.7725,32.8504],[-96.7733,32.8525],[-96.7717,32.8561],[-96.7717,32.8581],[-96.7755,32.8617],[-96.7755,32.8632],[-96.7787,32.866],[-96.7794,32.8679],[-96.7875,32.8692],[-96.7882,32.8731],[-96.788,32.8771],[-96.7864,32.8799],[-96.7896,32.8826],[-96.7921,32.8865],[-96.7941,32.8806],[-96.7973,32.8768],[-96.7968,32.8689],[-96.7986,32.8672],[-96.802,32.8656],[-96.8053,32.8566],[-96.81,32.854],[-96.8126,32.8541],[-96.8137,32.8549],[-96.8137,32.8556],[-96.8182,32.8578],[-96.8208,32.8581],[-96.8225,32.8575],[-96.8248,32.8558],[-96.8282,32.8559],[-96.832,32.8574],[-96.8356,32.8557],[-96.8392,32.8549],[-96.842,32.8532],[-96.8469,32.8531],[-96.8628,32.8477],[-96.8635,32.846],[-96.8652,32.8456],[-96.8703,32.8392],[-96.8753,32.8406],[-96.8843,32.8374],[-96.8855,32.8357],[-96.8865,32.8318],[-96.8944,32.8237],[-96.9031,32.8161],[-96.904,32.8142],[-96.9043,32.811],[-96.9031,32.8079],[-96.9014,32.8065],[-96.8887,32.8024],[-96.853,32.8022],[-96.8499,32.8014],[-96.8251,32.7884],[-96.8235,32.787],[-96.8167,32.7774],[-96.8144,32.7707],[-96.813,32.7688],[-96.8085,32.7666],[-96.7973,32.7578],[-96.7951,32.7571],[-96.7891,32.757],[-96.7826,32.7667],[-96.776,32.7736],[-96.7764,32.7746],[-96.7732,32.7804],[-96.7734,32.7907],[-96.774,32.7935],[-96.7745,32.7945],[-96.7753,32.7948],[-96.7757,32.7961],[-96.7757,32.7986],[-96.7778,32.8005],[-96.7777,32.8059],[-96.777,32.8083],[-96.7739,32.8107],[-96.7728,32.8097],[-96.7709,32.8104],[-96.7695,32.8133],[-96.7686,32.8135],[-96.7674,32.8157],[-96.7668,32.8157],[-96.7663,32.8179],[-96.7668,32.8208],[-96.7656,32.8221],[-96.7656,32.8235],[-96.7676,32.8264],[-96.767,32.8304],[-96.7659,32.8316]]]},"properties":{"objectid":30615,"tnmid":"{D92F2839-EED9-4A77-A42F-48921F5A8F3F}","metasourceid":"{511D2AC8-11BA-45FC-AB98-F69D693D4C44}","sourcedatadesc":"Watershed Boundary Dataset (WBD)","sourceoriginator":"Natural Resources and Conservation Service and U.S. Geological Survey","sourcefeatureid":null,"loaddate":1723704945000,"referencegnis_ids":"1348925","areaacres":21892.95,"areasqkm":88.6,"states":"TX","huc12":"120301050101","name":"Turtle Creek","hutype":"M","humod":"TF,PS,LE,UA","tohuc":"120301050102","noncontributingareaacres":0,"noncontributingareasqkm":0,"globalid":"{BBB2ABF3-E29C-11E2-8094-0021280458E6}","shape_Length":55909.842030822234,"shape_Area":125798976.58267269}},{"type":"Feature","id":32126,"geometry":{"type":"Polygon","coordinates":[[[-96.6828,32.7598],[-96.6859,32.7581],[-96.6871,32.7565],[-96.6899,32.7583],[-96.6913,32.7576],[-96.6928,32.7529],[-96.6951,32.7513],[-96.6971,32.7479],[-96.7005,32.7458],[-96.6989,32.7438],[-96.6986,32.7363],[-96.7034,32.7341],[-96.7084,32.7292],[-96.7169,32.7304],[-96.7185,32.7296],[-96.7201,32.7258],[-96.7246,32.7249],[-96.7271,32.7261],[-96.7325,32.7255],[-96.7336,32.7237],[-96.7401,32.7272],[-96.7465,32.736],[-96.748,32.7365],[-96.7508,32.735],[-96.7564,32.736],[-96.7567,32.7388],[-96.7548,32.742],[-96.7579,32.7444],[-96.7598,32.7477],[-96.7747,32.765],[-96.7741,32.767],[-96.7753,32.7689],[-96.7742,32.77],[-96.7742,32.7714],[-96.776,32.7736],[-96.7826,32.7667],[-96.7875,32.7597],[-96.7858,32.7582],[-96.7868,32.7557],[-96.786,32.7525],[-96.7874,32.7509],[-96.7871,32.7494],[-96.7878,32.7472],[-96.7917,32.7447],[-96.7931,32.745],[-96.7928,32.7418],[-96.7933,32.7407],[-96.7947,32.7399],[-96.7956,32.7364],[-96.7954,32.735],[-96.7974,32.7322],[-96.7974,32.7294],[-96.7963,32.7284],[-96.7962,32.7274],[-96.7976,32.7247],[-96.7969,32.7218],[-96.7985,32.7204],[-96.7985,32.719],[-96.7972,32.7179],[-96.7996,32.7162],[-96.8048,32.7161],[-96.8048,32.714],[-96.8037,32.7117],[-96.7978,32.7101],[-96.7957,32.7017],[-96.7927,32.7],[-96.7904,32.6967],[-96.7904,32.696],[-96.7934,32.6949],[-96.7898,32.6865],[-96.7857,32.6791],[-96.7845,32.6734],[-96.7825,32.6704],[-96.7842,32.6658],[-96.7826,32.6646],[-96.7835,32.6587],[-96.7823,32.6545],[-96.7834,32.6464],[-96.7848,32.644],[-96.7882,32.6434],[-96.7917,32.641],[-96.7925,32.6402],[-96.7928,32.6372],[-96.7943,32.6341],[-96.7979,32.6325],[-96.7978,32.6315],[-96.7948,32.6278],[-96.7916,32.6269],[-96.7901,32.6252],[-96.7868,32.6236],[-96.7854,32.6213],[-96.7752,32.614],[-96.7718,32.6125],[-96.7686,32.6139],[-96.7682,32.6162],[-96.7666,32.6168],[-96.7618,32.6205],[-96.7576,32.6224],[-96.7567,32.6224],[-96.7542,32.6202],[-96.7519,32.62],[-96.7502,32.6188],[-96.7389,32.6183],[-96.7358,32.6167],[-96.7335,32.6179],[-96.7315,32.6216],[-96.7295,32.627],[-96.7293,32.6323],[-96.7287,32.6336],[-96.7237,32.6373],[-96.7226,32.6444],[-96.7124,32.6486],[-96.7116,32.6501],[-96.7083,32.6526],[-96.7079,32.6538],[-96.7081,32.6589],[-96.7067,32.6623],[-96.7002,32.6655],[-96.6979,32.6624],[-96.6965,32.6618],[-96.6934,32.6623],[-96.6906,32.6641],[-96.6925,32.6684],[-96.6913,32.6704],[-96.6848,32.6727],[-96.6853,32.6742],[-96.6854,32.6823],[-96.6827,32.6856],[-96.6852,32.6924],[-96.6836,32.6941],[-96.6835,32.6957],[-96.6813,32.6976],[-96.6805,32.6992],[-96.6806,32.7006],[-96.6832,32.7042],[-96.683,32.7119],[-96.6795,32.7174],[-96.6794,32.7223],[-96.6802,32.7238],[-96.6802,32.7278],[-96.6832,32.7313],[-96.6821,32.733],[-96.681,32.7378],[-96.6786,32.7391],[-96.6769,32.7464],[-96.6802,32.7502],[-96.6809,32.7565],[-96.6825,32.7578],[-96.6828,32.7598]]]},"properties":{"objectid":32126,"tnmid":"{ADA7A852-8C3B-4E17-B18C-78AB49471CD4}","metasourceid":"{511D2AC8-11BA-45FC-AB98-F69D693D4C44}","sourcedatadesc":"Watershed Boundary Dataset (WBD)","sourceoriginator":"Natural Resources and Conservation Service and U.S. Geological Survey","sourcefeatureid":null,"loaddate":1723704945000,"referencegnis_ids":"1373725,1348789","areaacres":30309.27,"areasqkm":122.66,"states":"TX","huc12":"120301050108","name":"Fivemile Creek-Trinity River","hutype":"S","humod":"LE,MA,TF,UA","tohuc":"120301050203","noncontributingareaacres":0,"noncontributingareasqkm":0,"globalid":"{BBCE4616-E29C-11E2-8094-0021280458E6}","shape_Length":75412.602923978,"shape_Area":173657319.5812266}},{"type":"Feature","id":32159,"geometry":{"type":"Polygon","coordinates":[[[-96.7875,32.7597],[-96.7891,32.757],[-96.7951,32.7571],[-96.7988,32.7586],[-96.8085,32.7666],[-96.8134,32.7691],[-96.8167,32.7774],[-96.8235,32.787],[-96.8251,32.7884],[-96.8499,32.8014],[-96.853,32.8022],[-96.8887,32.8024],[-96.8995,32.8059],[-96.899,32.8017],[-96.8982,32.8005],[-96.8982,32.7962],[-96.9047,32.7958],[-96.9071,32.7948],[-96.9116,32.7844],[-96.9125,32.7836],[-96.9163,32.783],[-96.9229,32.7807],[-96.9247,32.7786],[-96.9245,32.7672],[-96.9235,32.7659],[-96.9204,32.7644],[-96.9167,32.7614],[-96.916,32.7576],[-96.9123,32.7559],[-96.9108,32.7531],[-96.909,32.7515],[-96.9086,32.7467],[-96.9079,32.745],[-96.9066,32.743],[-96.9054,32.7422],[-96.905,32.7403],[-96.9011,32.7364],[-96.9017,32.7343],[-96.9008,32.7267],[-96.9017,32.7241],[-96.8934,32.7285],[-96.8857,32.7279],[-96.884,32.7263],[-96.8789,32.7245],[-96.8765,32.7242],[-96.8755,32.7217],[-96.8696,32.7185],[-96.8663,32.7182],[-96.8632,32.7194],[-96.854,32.7158],[-96.8519,32.7167],[-96.8483,32.7164],[-96.8436,32.7134],[-96.8399,32.7086],[-96.8388,32.7082],[-96.8348,32.7085],[-96.8322,32.7097],[-96.8296,32.7098],[-96.827,32.7088],[-96.825,32.7096],[-96.8228,32.709],[-96.8202,32.7099],[-96.8179,32.7099],[-96.8131,32.7112],[-96.8118,32.7135],[-96.8104,32.7144],[-96.8048,32.714],[-96.8048,32.7161],[-96.7996,32.7162],[-96.7972,32.7179],[-96.7985,32.719],[-96.7985,32.7204],[-96.7969,32.7218],[-96.7976,32.7247],[-96.7962,32.7274],[-96.7963,32.7284],[-96.7974,32.7294],[-96.7976,32.7314],[-96.7954,32.735],[-96.7956,32.7364],[-96.7947,32.7399],[-96.7933,32.7407],[-96.7928,32.7418],[-96.7931,32.745],[-96.7917,32.7447],[-96.7884,32.7467],[-96.7872,32.7486],[-96.7874,32.7509],[-96.786,32.7525],[-96.7868,32.7557],[-96.7858,32.7582],[-96.7875,32.7597]]]},"properties":{"objectid":32159,"tnmid":"{A6BE3EDB-A93E-4E1B-AFC5-9B59A0F84A97}","metasourceid":"{511D2AC8-11BA-45FC-AB98-F69D693D4C44}","sourcedatadesc":"Watershed Boundary Dataset (WBD)","sourceoriginator":"Natural Resources and Conservation Service and U.S. Geological Survey","sourcefeatureid":null,"loaddate":1723704945000,"referencegnis_ids":"1373195,1348789","areaacres":22448.69,"areasqkm":90.85,"states":"TX","huc12":"120301050102","name":"Coombs Creek-Trinity River","hutype":"S","humod":"TF,PS,UA","tohuc":"120301050108","noncontributingareaacres":0,"noncontributingareasqkm":0,"globalid":"{BBB2CA28-E29C-11E2-8094-0021280458E6}","shape_Length":49906.020208891125,"shape_Area":128811827.3902825}},{"type":"Feature","id":32174,"geometry":{"type":"Polygon","coordinates":[[[-96.6229,33.0388],[-96.6248,33.0378],[-96.6291,33.0332],[-96.6299,33.0294],[-96.6333,33.0236],[-96.6344,33.0206],[-96.6344,33.0184],[-96.6355,33.0163],[-96.6393,33.0133],[-96.6428,33.0148],[-96.6434,33.0157],[-96.6447,33.0226],[-96.6481,33.0261],[-96.652,33.0284],[-96.6496,33.0359],[-96.6543,33.0393],[-96.6558,33.0416],[-96.6567,33.0446],[-96.6588,33.0469],[-96.6573,33.0483],[-96.6574,33.0519],[-96.6584,33.0538],[-96.6622,33.0569],[-96.6644,33.0648],[-96.6642,33.0682],[-96.6666,33.072],[-96.6663,33.0754],[-96.6652,33.0777],[-96.6689,33.0816],[-96.6689,33.0844],[-96.6696,33.0857],[-96.672,33.0873],[-96.6718,33.0918],[-96.6723,33.093],[-96.6765,33.0951],[-96.6775,33.0905],[-96.6791,33.0883],[-96.6822,33.0869],[-96.6858,33.0764],[-96.6873,33.076],[-96.6902,33.0704],[-96.6951,33.0702],[-96.6999,33.0671],[-96.7016,33.0674],[-96.7026,33.0695],[-96.7038,33.0696],[-96.7062,33.0675],[-96.7126,33.0646],[-96.7201,33.0595],[-96.717,33.0578],[-96.717,33.0556],[-96.7185,33.051],[-96.7179,33.048],[-96.7099,33.0418],[-96.7092,33.0409],[-96.7088,33.0381],[-96.7035,33.037],[-96.7046,33.0353],[-96.7018,33.0313],[-96.7018,33.0296],[-96.701,33.0282],[-96.7013,33.0256],[-96.7,33.0244],[-96.6979,33.0202],[-96.697,33.0142],[-96.6903,33.0072],[-96.6882,33.0014],[-96.6835,32.9996],[-96.6796,32.9967],[-96.6715,32.9975],[-96.6676,32.9931],[-96.6652,32.9891],[-96.6586,32.9854],[-96.6574,32.9812],[-96.6544,32.9792],[-96.654,32.9763],[-96.6517,32.9736],[-96.6496,32.9726],[-96.6472,32.9724],[-96.6459,32.9708],[-96.6442,32.9708],[-96.6379,32.9665],[-96.6344,32.9654],[-96.6307,32.9627],[-96.6301,32.9613],[-96.629,32.9606],[-96.6255,32.9602],[-96.6223,32.9607],[-96.6192,32.9593],[-96.6153,32.9601],[-96.6144,32.9623],[-96.6143,32.9652],[-96.6145,32.9694],[-96.6188,32.9758],[-96.6188,32.9776],[-96.6174,32.9786],[-96.6128,32.9789],[-96.611,32.9804],[-96.609,32.9835],[-96.6062,32.9848],[-96.6074,32.9861],[-96.6121,32.9888],[-96.6117,32.9929],[-96.6123,32.9943],[-96.6109,32.9958],[-96.6125,32.9981],[-96.6166,32.9993],[-96.6172,33.0002],[-96.6173,33.0016],[-96.616,33.0049],[-96.6177,33.0086],[-96.6143,33.0134],[-96.6141,33.0196],[-96.6184,33.023],[-96.6206,33.0239],[-96.6209,33.0248],[-96.6201,33.0284],[-96.6212,33.0303],[-96.6218,33.0331],[-96.6213,33.0359],[-96.6229,33.0388]]]},"properties":{"objectid":32174,"tnmid":"{8B60122D-1CFC-4AE5-80D0-219E1F8C5E5D}","metasourceid":"{511D2AC8-11BA-45FC-AB98-F69D693D4C44}","sourcedatadesc":"Watershed Boundary Dataset (WBD)","sourceoriginator":"Natural Resources and Conservation Service and U.S. Geological Survey","sourcefeatureid":null,"loaddate":1723704945000,"referencegnis_ids":"1331334,1345722","areaacres":16256.68,"areasqkm":65.79,"states":"TX","huc12":"120301060406","name":"Brown Branch-Rowlett Creek","hutype":"S","humod":"TF","tohuc":"120301060408","noncontributingareaacres":0,"noncontributingareasqkm":0,"globalid":"{BC4C30CE-E29C-11E2-8094-0021280458E6}","shape_Length":58318.882737985245,"shape_Area":93837086.50411272}},{"type":"Feature","id":32187,"geometry":{"type":"Polygon","coordinates":[[[-96.4986,33.09],[-96.4976,33.0976],[-96.4987,33.0992],[-96.4988,33.1012],[-96.5021,33.1024],[-96.503,33.1039],[-96.503,33.1057],[-96.5051,33.1103],[-96.5053,33.1169],[-96.5069,33.1211],[-96.5088,33.1232],[-96.5106,33.1279],[-96.5106,33.1317],[-96.5095,33.1344],[-96.5121,33.1397],[-96.5138,33.1389],[-96.5197,33.1343],[-96.5235,33.128],[-96.5268,33.128],[-96.5314,33.1271],[-96.5386,33.1206],[-96.5384,33.119],[-96.5397,33.1176],[-96.5435,33.1159],[-96.5507,33.1149],[-96.5543,33.1179],[-96.5564,33.1177],[-96.5582,33.116],[-96.5596,33.116],[-96.569,33.1203],[-96.5784,33.1197],[-96.5846,33.1235],[-96.5885,33.1236],[-96.594,33.1249],[-96.6084,33.13],[-96.6097,33.1292],[-96.6112,33.1266],[-96.6132,33.125],[-96.6162,33.1242],[-96.6194,33.1256],[-96.6214,33.1256],[-96.6243,33.1237],[-96.6338,33.1232],[-96.6355,33.1208],[-96.6379,33.1153],[-96.6344,33.1096],[-96.6334,33.1065],[-96.6346,33.0999],[-96.6329,33.0979],[-96.6289,33.0964],[-96.6274,33.0937],[-96.6238,33.0938],[-96.6152,33.0986],[-96.6114,33.0947],[-96.6048,33.0923],[-96.6021,33.0892],[-96.5965,33.0878],[-96.5948,33.0887],[-96.5938,33.0915],[-96.592,33.094],[-96.5896,33.0941],[-96.5836,33.089],[-96.5821,33.085],[-96.5794,33.0827],[-96.5777,33.0781],[-96.5755,33.0761],[-96.5741,33.0707],[-96.5709,33.0678],[-96.5714,33.0641],[-96.5707,33.0621],[-96.5684,33.062],[-96.5639,33.0601],[-96.5609,33.0538],[-96.5608,33.0519],[-96.5562,33.0506],[-96.5553,33.0458],[-96.5545,33.0446],[-96.5536,33.0446],[-96.5521,33.042],[-96.5522,33.0351],[-96.5486,33.0325],[-96.5477,33.0338],[-96.5452,33.0355],[-96.5432,33.0353],[-96.5403,33.031],[-96.5384,33.03],[-96.534,33.0329],[-96.5321,33.0319],[-96.5316,33.0305],[-96.5306,33.0299],[-96.5283,33.0297],[-96.5244,33.0264],[-96.5215,33.0267],[-96.5184,33.0259],[-96.5141,33.0272],[-96.5102,33.0292],[-96.5047,33.0337],[-96.5018,33.0345],[-96.497,33.0386],[-96.495,33.0384],[-96.4909,33.0361],[-96.4872,33.0351],[-96.478,33.0515],[-96.4823,33.0552],[-96.4893,33.0563],[-96.4906,33.0588],[-96.4944,33.0613],[-96.4953,33.0626],[-96.4954,33.0701],[-96.4985,33.0754],[-96.499,33.0796],[-96.4986,33.0846],[-96.4994,33.0872],[-96.4986,33.09]]]},"properties":{"objectid":32187,"tnmid":"{18049204-963F-41DB-B512-9ADD10F256FA}","metasourceid":"{511D2AC8-11BA-45FC-AB98-F69D693D4C44}","sourcedatadesc":"Watershed Boundary Dataset (WBD)","sourceoriginator":"Natural Resources and Conservation Service and U.S. Geological Survey","sourcefeatureid":null,"loaddate":1723704945000,"referencegnis_ids":"1373547,1339727","areaacres":22201.52,"areasqkm":89.85,"states":"TX","huc12":"120301060208","name":"East Fork Trinity River-Lavon Lake","hutype":"S","humod":"NM","tohuc":"120301060307","noncontributingareaacres":0,"noncontributingareasqkm":0,"globalid":"{BC334585-E29C-11E2-8094-0021280458E6}","shape_Length":61533.48222344716,"shape_Area":128332105.91212288}},{"type":"Feature","id":93632,"geometry":{"type":"Polygon","coordinates":[[[-96.8959,33.0637],[-96.8991,33.0638],[-96.9054,33.0663],[-96.9146,33.0669],[-96.9238,33.0663],[-96.9239,33.0668],[-96.9319,33.0673],[-96.9472,33.0719],[-96.9502,33.0722],[-96.9872,33.0645],[-96.9901,33.0645],[-97.0135,33.0692],[-97.0186,33.0724],[-97.0215,33.0713],[-97.031,33.0713],[-97.0359,33.0687],[-97.0428,33.0695],[-97.0455,33.0658],[-97.0485,33.0664],[-97.0503,33.0703],[-97.0518,33.0708],[-97.0561,33.0697],[-97.059,33.0649],[-97.0591,33.0638],[-97.0586,33.0617],[-97.0553,33.0592],[-97.0552,33.0575],[-97.0517,33.053],[-97.0438,33.0496],[-97.0373,33.0451],[-97.035,33.0448],[-97.0329,33.0422],[-97.0203,33.042],[-97.0174,33.0428],[-97.0106,33.0462],[-97.0073,33.0463],[-97.0057,33.0446],[-97.0051,33.0417],[-97.0041,33.0407],[-97.0028,33.0372],[-97.0012,33.0354],[-96.9965,33.0327],[-96.9966,33.0291],[-96.9938,33.0266],[-96.9854,33.0215],[-96.9821,33.0207],[-96.9791,33.0189],[-96.9785,33.0182],[-96.9793,33.0164],[-96.9764,33.0121],[-96.9611,33.0068],[-96.9525,33.0004],[-96.9463,33.0039],[-96.9403,33.0038],[-96.9391,33.0044],[-96.9356,33.0146],[-96.93,33.0213],[-96.9274,33.0229],[-96.9262,33.0283],[-96.9265,33.0309],[-96.923,33.0323],[-96.9204,33.0343],[-96.9175,33.0395],[-96.9116,33.0417],[-96.908,33.0446],[-96.9071,33.0473],[-96.9076,33.0502],[-96.9043,33.0545],[-96.9041,33.057],[-96.8967,33.0621],[-96.8959,33.0637]]]},"properties":{"objectid":93632,"tnmid":"{3D44F6D5-987A-4152-A307-9C66C424A682}","metasourceid":"{511D2AC8-11BA-45FC-AB98-F69D693D4C44}","sourcedatadesc":"Watershed Boundary Dataset (WBD)","sourceoriginator":"Natural Resources and Conservation Service and U.S. Geological Survey","sourcefeatureid":null,"loaddate":1723704945000,"referencegnis_ids":"1375561,1373653","areaacres":15353.03,"areasqkm":62.13,"states":"TX","huc12":"120301031001","name":"Prairie Creek-Elm Fork Trinity River","hutype":"S","humod":"TF,GC,IT","tohuc":"120301031003","noncontributingareaacres":0,"noncontributingareasqkm":0,"globalid":"{BE31D0CF-E29C-11E2-8094-0021280458E6}","shape_Length":48642.01861768369,"shape_Area":88667029.35902308}},{"type":"Feature","id":94821,"geometry":{"type":"Polygon","coordinates":[[[-97.0035,33.105],[-97.0055,33.1065],[-97.0127,33.1092],[-97.0137,33.109],[-97.0153,33.1067],[-97.0176,33.1068],[-97.0187,33.1092],[-97.0238,33.1125],[-97.024,33.1154],[-97.0283,33.1178],[-97.0299,33.1202],[-97.0333,33.1212],[-97.0371,33.124],[-97.0381,33.1261],[-97.0397,33.1265],[-97.0397,33.1276],[-97.0413,33.1276],[-97.042,33.1289],[-97.0473,33.1271],[-97.0495,33.1279],[-97.0515,33.1273],[-97.053,33.1285],[-97.0528,33.1293],[-97.0552,33.1338],[-97.0583,33.1331],[-97.0588,33.1346],[-97.0609,33.1364],[-97.0629,33.1368],[-97.0644,33.138],[-97.0649,33.1409],[-97.0688,33.1423],[-97.0697,33.1439],[-97.0717,33.144],[-97.0734,33.1432],[-97.0742,33.1443],[-97.0773,33.1458],[-97.0767,33.1486],[-97.0776,33.1508],[-97.0794,33.152],[-97.0807,33.1543],[-97.0821,33.1549],[-97.0832,33.1544],[-97.0895,33.1565],[-97.0888,33.1603],[-97.0905,33.1623],[-97.0924,33.1627],[-97.0956,33.161],[-97.0973,33.1617],[-97.0994,33.1581],[-97.1,33.1551],[-97.1012,33.1548],[-97.1014,33.1542],[-97.101,33.1529],[-97.1021,33.1487],[-97.1015,33.146],[-97.1036,33.1444],[-97.1056,33.1442],[-97.1082,33.1428],[-97.1081,33.1416],[-97.1056,33.1373],[-97.105,33.1343],[-97.1074,33.132],[-97.1079,33.128],[-97.111,33.1267],[-97.1117,33.1254],[-97.1113,33.1235],[-97.1137,33.1195],[-97.1132,33.1148],[-97.111,33.1128],[-97.1086,33.1125],[-97.1088,33.1086],[-97.1075,33.1072],[-97.1141,33.1017],[-97.1132,33.0991],[-97.1169,33.0977],[-97.1168,33.0942],[-97.1176,33.093],[-97.1198,33.0911],[-97.1247,33.0885],[-97.125,33.0864],[-97.1242,33.0852],[-97.1243,33.0842],[-97.1263,33.0812],[-97.1273,33.0767],[-97.1292,33.0746],[-97.1277,33.0722],[-97.1264,33.0717],[-97.1253,33.0728],[-97.1242,33.0725],[-97.1229,33.0682],[-97.1222,33.0678],[-97.1211,33.0688],[-97.1176,33.0696],[-97.1125,33.0719],[-97.1098,33.071],[-97.1086,33.0679],[-97.1063,33.0676],[-97.105,33.0682],[-97.1015,33.0714],[-97.099,33.0719],[-97.0973,33.0737],[-97.0942,33.0739],[-97.0938,33.0721],[-97.0914,33.0701],[-97.0869,33.0693],[-97.0862,33.0704],[-97.0828,33.0711],[-97.0705,33.0716],[-97.0687,33.0706],[-97.0683,33.069],[-97.0651,33.0662],[-97.0612,33.0645],[-97.059,33.0649],[-97.0561,33.0697],[-97.0518,33.0708],[-97.0503,33.0703],[-97.0485,33.0664],[-97.0455,33.0658],[-97.0428,33.0695],[-97.0359,33.0687],[-97.031,33.0713],[-97.0215,33.0713],[-97.0186,33.0724],[-97.016,33.0706],[-97.0141,33.0719],[-97.0032,33.0743],[-97.0002,33.0725],[-96.9984,33.0739],[-96.998,33.0776],[-96.99,33.0899],[-96.9919,33.0908],[-96.9943,33.0951],[-96.9964,33.0964],[-96.9954,33.0999],[-97,33.1015],[-97.0035,33.105]]]},"properties":{"objectid":94821,"tnmid":"{7476241E-1723-48B2-9DD9-BDA529DE1AB4}","metasourceid":"{511D2AC8-11BA-45FC-AB98-F69D693D4C44}","sourcedatadesc":"Watershed Boundary Dataset (WBD)","sourceoriginator":"Natural Resources and Conservation Service and U.S. Geological Survey","sourcefeatureid":null,"loaddate":1723704945000,"referencegnis_ids":"1374054","areaacres":18884.81,"areasqkm":76.42,"states":"TX","huc12":"120301030805","name":"Lower Hickory Creek","hutype":"S","humod":"RS,TF","tohuc":"120301030906","noncontributingareaacres":0,"noncontributingareasqkm":0,"globalid":"{BE310ACB-E29C-11E2-8094-0021280458E6}","shape_Length":54723.99047850392,"shape_Area":109204285.64963725}},{"type":"Feature","id":94910,"geometry":{"type":"Polygon","coordinates":[[[-97.059,33.0649],[-97.0612,33.0645],[-97.0651,33.0662],[-97.0683,33.069],[-97.0687,33.0706],[-97.0705,33.0716],[-97.0828,33.0711],[-97.0862,33.0704],[-97.0869,33.0693],[-97.0914,33.0701],[-97.0938,33.0721],[-97.0942,33.0739],[-97.0973,33.0737],[-97.099,33.0719],[-97.1015,33.0714],[-97.105,33.0682],[-97.1063,33.0676],[-97.1086,33.0679],[-97.1098,33.071],[-97.1125,33.0719],[-97.1176,33.0696],[-97.1211,33.0688],[-97.1222,33.0678],[-97.1229,33.0682],[-97.1238,33.0721],[-97.1253,33.0728],[-97.1264,33.0717],[-97.1269,33.069],[-97.1329,33.0642],[-97.1345,33.0597],[-97.1306,33.0567],[-97.1303,33.0552],[-97.1276,33.0535],[-97.1274,33.0512],[-97.1284,33.0501],[-97.1259,33.0487],[-97.1251,33.0466],[-97.1222,33.0472],[-97.1187,33.0457],[-97.118,33.0468],[-97.1142,33.0468],[-97.1123,33.0481],[-97.1102,33.0467],[-97.1037,33.0457],[-97.1007,33.0428],[-97.0987,33.039],[-97.0932,33.0368],[-97.0906,33.0366],[-97.0903,33.0326],[-97.0921,33.0297],[-97.0942,33.0282],[-97.0941,33.0265],[-97.0899,33.0255],[-97.0881,33.0229],[-97.0865,33.023],[-97.0835,33.0219],[-97.08,33.0221],[-97.0787,33.0213],[-97.0781,33.0166],[-97.0761,33.0154],[-97.0754,33.0146],[-97.0755,33.0132],[-97.0737,33.0119],[-97.0722,33.0113],[-97.0663,33.0149],[-97.0609,33.015],[-97.0577,33.0186],[-97.055,33.0184],[-97.0477,33.0163],[-97.0388,33.0172],[-97.0363,33.0128],[-97.0345,33.0115],[-97.0299,33.011],[-97.0249,33.0086],[-97.0226,33.01],[-97.0202,33.0087],[-97.0172,33.0093],[-97.015,33.0075],[-97.0104,33.0053],[-97.0042,33.007],[-96.9999,33.0072],[-96.9983,33.006],[-96.9971,33.0039],[-96.996,33],[-96.9939,33],[-96.9906,33.0035],[-96.987,33.0037],[-96.9853,33.0045],[-96.9829,33.0021],[-96.9822,32.999],[-96.9764,32.9954],[-96.9732,32.9942],[-96.9658,32.993],[-96.9624,32.9905],[-96.9561,32.9886],[-96.9529,32.9858],[-96.9491,32.9845],[-96.9462,32.988],[-96.9456,32.9897],[-96.9501,32.9902],[-96.9511,32.9909],[-96.9522,32.9943],[-96.9512,32.9975],[-96.9525,33.0004],[-96.9611,33.0068],[-96.9764,33.0121],[-96.9793,33.0164],[-96.9785,33.0182],[-96.9791,33.0189],[-96.9889,33.0234],[-96.9966,33.0291],[-96.9965,33.0327],[-97.0012,33.0354],[-97.0028,33.0372],[-97.0041,33.0407],[-97.0051,33.0417],[-97.0057,33.0446],[-97.0073,33.0463],[-97.0106,33.0462],[-97.0174,33.0428],[-97.0203,33.042],[-97.0329,33.0422],[-97.035,33.0448],[-97.0373,33.0451],[-97.0438,33.0496],[-97.0517,33.053],[-97.0552,33.0575],[-97.0553,33.0592],[-97.0586,33.0617],[-97.059,33.0649]]]},"properties":{"objectid":94910,"tnmid":"{100FE30D-6133-4143-BACD-5407D05A9920}","metasourceid":"{511D2AC8-11BA-45FC-AB98-F69D693D4C44}","sourcedatadesc":"Watershed Boundary Dataset (WBD)","sourceoriginator":"Natural Resources and Conservation Service and U.S. Geological Survey","sourcefeatureid":null,"loaddate":1723704945000,"referencegnis_ids":"1376462","areaacres":14510.11,"areasqkm":58.72,"states":"TX","huc12":"120301031002","name":"Timber Creek","hutype":"S","humod":"IT","tohuc":"120301031003","noncontributingareaacres":0,"noncontributingareasqkm":0,"globalid":"{BE31F0CB-E29C-11E2-8094-0021280458E6}","shape_Length":61039.386598983605,"shape_Area":83779001.22716965}},{"type":"Feature","id":94951,"geometry":{"type":"Polygon","coordinates":[[[-96.8215,33.0807],[-96.8237,33.081],[-96.8305,33.0844],[-96.836,33.0824],[-96.8392,33.0828],[-96.8427,33.0823],[-96.8444,33.0808],[-96.8486,33.0816],[-96.8493,33.0837],[-96.8599,33.079],[-96.8637,33.0719],[-96.868,33.0682],[-96.877,33.0661],[-96.8959,33.0637],[-96.8967,33.0621],[-96.9002,33.0594],[-96.9034,33.0579],[-96.9043,33.0564],[-96.9043,33.0545],[-96.9076,33.0502],[-96.9071,33.0473],[-96.908,33.0446],[-96.9116,33.0417],[-96.9175,33.0395],[-96.9204,33.0343],[-96.923,33.0323],[-96.9265,33.0309],[-96.9262,33.0283],[-96.9274,33.0229],[-96.93,33.0213],[-96.9356,33.0146],[-96.9391,33.0044],[-96.9403,33.0038],[-96.9463,33.0039],[-96.9525,33.0004],[-96.9512,32.9975],[-96.9522,32.9943],[-96.9511,32.9909],[-96.9501,32.9902],[-96.9456,32.9897],[-96.9462,32.988],[-96.9491,32.9845],[-96.9451,32.9811],[-96.9426,32.9771],[-96.9402,32.975],[-96.94,32.9725],[-96.9427,32.9703],[-96.9404,32.9675],[-96.9401,32.9652],[-96.9396,32.9648],[-96.9379,32.9652],[-96.9342,32.968],[-96.9321,32.9684],[-96.9319,32.9708],[-96.9292,32.9734],[-96.9287,32.975],[-96.923,32.9783],[-96.9178,32.9803],[-96.9121,32.9787],[-96.9085,32.9749],[-96.9069,32.9746],[-96.905,32.9757],[-96.9026,32.9788],[-96.9002,32.9795],[-96.8992,32.9807],[-96.8994,32.9834],[-96.8975,32.9848],[-96.8935,32.9834],[-96.8895,32.9831],[-96.8788,32.9891],[-96.8768,32.9869],[-96.8736,32.9857],[-96.868,32.9877],[-96.863,32.9914],[-96.8537,32.9924],[-96.8497,32.9979],[-96.8481,32.9986],[-96.8483,33.0011],[-96.8469,33.0022],[-96.8438,33.0026],[-96.8373,33.0064],[-96.8363,33.0078],[-96.835,33.0174],[-96.838,33.0196],[-96.8386,33.0208],[-96.8404,33.0218],[-96.842,33.025],[-96.8418,33.026],[-96.8402,33.0273],[-96.8366,33.0286],[-96.8329,33.0315],[-96.8317,33.0374],[-96.8264,33.0411],[-96.8258,33.0427],[-96.8258,33.0533],[-96.8238,33.0567],[-96.8234,33.0598],[-96.8253,33.0654],[-96.8255,33.0685],[-96.8248,33.0737],[-96.822,33.0782],[-96.8215,33.0807]]]},"properties":{"objectid":94951,"tnmid":"{B1BD2708-A087-4317-972E-39E0AFA07807}","metasourceid":"{511D2AC8-11BA-45FC-AB98-F69D693D4C44}","sourcedatadesc":"Watershed Boundary Dataset (WBD)","sourceoriginator":"Natural Resources and Conservation Service and U.S. Geological Survey","sourcefeatureid":null,"loaddate":1723704945000,"referencegnis_ids":"1374214,1373653","areaacres":21201.96,"areasqkm":85.8,"states":"TX","huc12":"120301031003","name":"Indian Creek-Elm Fork Trinity River","hutype":"S","humod":"TF,GC","tohuc":"120301031004","noncontributingareaacres":0,"noncontributingareasqkm":0,"globalid":"{BE320977-E29C-11E2-8094-0021280458E6}","shape_Length":54168.52344652701,"shape_Area":122390438.66044605}},{"type":"Feature","id":94967,"geometry":{"type":"Polygon","coordinates":[[[-96.8386,32.9653],[-96.8339,32.9715],[-96.8316,32.9775],[-96.8315,32.9799],[-96.8333,32.9831],[-96.8363,32.9858],[-96.8433,32.99],[-96.844,32.9933],[-96.8454,32.9947],[-96.8467,32.9978],[-96.8481,32.9986],[-96.8497,32.9979],[-96.8537,32.9924],[-96.863,32.9914],[-96.868,32.9877],[-96.8736,32.9857],[-96.8768,32.9869],[-96.8788,32.9891],[-96.8895,32.9831],[-96.8935,32.9834],[-96.8975,32.9848],[-96.8985,32.9845],[-96.8994,32.9834],[-96.8992,32.9807],[-96.9002,32.9795],[-96.9026,32.9788],[-96.905,32.9757],[-96.9069,32.9746],[-96.9085,32.9749],[-96.9121,32.9787],[-96.9178,32.9803],[-96.923,32.9783],[-96.9287,32.975],[-96.9292,32.9734],[-96.9319,32.9708],[-96.9321,32.9684],[-96.9342,32.968],[-96.9379,32.9652],[-96.9396,32.9648],[-96.9413,32.9689],[-96.9427,32.9703],[-96.9446,32.9702],[-96.9474,32.9659],[-96.95,32.966],[-96.953,32.9648],[-96.9608,32.965],[-96.9622,32.9642],[-96.9634,32.9605],[-96.9651,32.9609],[-96.9682,32.9598],[-96.9712,32.9619],[-96.9729,32.9646],[-96.9757,32.966],[-96.9858,32.967],[-96.9875,32.9665],[-96.9901,32.9644],[-96.9942,32.9653],[-96.9965,32.964],[-97.0066,32.9619],[-97.0095,32.9597],[-97.0142,32.958],[-97.02,32.9578],[-97.0273,32.9552],[-97.0298,32.9532],[-97.0338,32.9473],[-97.0337,32.9447],[-97.0351,32.9412],[-97.0382,32.9398],[-97.0392,32.9387],[-97.0401,32.9353],[-97.0419,32.9327],[-97.0459,32.9307],[-97.0463,32.9285],[-97.0487,32.9249],[-97.0517,32.9253],[-97.0547,32.9207],[-97.0579,32.9196],[-97.0603,32.9178],[-97.065,32.9165],[-97.065,32.9143],[-97.063,32.9113],[-97.0515,32.9011],[-97.0482,32.9001],[-97.0458,32.9023],[-97.0449,32.9043],[-97.0434,32.9058],[-97.0395,32.9036],[-97.0369,32.9035],[-97.0367,32.905],[-97.035,32.9075],[-97.034,32.914],[-97.0328,32.9154],[-97.0279,32.9153],[-97.0222,32.9162],[-97.0115,32.9146],[-97.0101,32.9149],[-97.0083,32.924],[-97.0056,32.9256],[-97.0043,32.9281],[-97.004,32.931],[-97.0029,32.9316],[-97.0003,32.9306],[-96.9939,32.926],[-96.9928,32.9256],[-96.9874,32.9275],[-96.9845,32.9266],[-96.9842,32.925],[-96.9818,32.9241],[-96.9803,32.9245],[-96.9781,32.9278],[-96.9748,32.9276],[-96.9723,32.9296],[-96.9702,32.9298],[-96.9701,32.934],[-96.9691,32.9345],[-96.9684,32.937],[-96.9698,32.9389],[-96.9689,32.9415],[-96.9699,32.9429],[-96.9686,32.9442],[-96.9665,32.943],[-96.9639,32.944],[-96.9627,32.9437],[-96.9592,32.9445],[-96.9587,32.9439],[-96.9562,32.9459],[-96.9517,32.9473],[-96.9472,32.9448],[-96.9434,32.9387],[-96.9418,32.9373],[-96.9363,32.9359],[-96.9359,32.9335],[-96.9349,32.932],[-96.9323,32.9308],[-96.9253,32.9307],[-96.9252,32.9354],[-96.9228,32.9375],[-96.9187,32.939],[-96.9183,32.9407],[-96.9169,32.9411],[-96.9146,32.9403],[-96.9112,32.9402],[-96.9054,32.9421],[-96.9028,32.9365],[-96.9008,32.9363],[-96.8958,32.9389],[-96.8933,32.9466],[-96.886,32.9527],[-96.8814,32.9539],[-96.8663,32.9534],[-96.8593,32.954],[-96.8545,32.9574],[-96.8492,32.9568],[-96.8441,32.961],[-96.8406,32.9622],[-96.8386,32.9653]]]},"properties":{"objectid":94967,"tnmid":"{32B78C78-966D-442E-A41A-C66F7F6B9C38}","metasourceid":"{511D2AC8-11BA-45FC-AB98-F69D693D4C44}","sourcedatadesc":"Watershed Boundary Dataset (WBD)","sourceoriginator":"Natural Resources and Conservation Service and U.S. Geological Survey","sourcefeatureid":null,"loaddate":1723704945000,"referencegnis_ids":"1336836,1373653","areaacres":19446.33,"areasqkm":78.7,"states":"TX","huc12":"120301031004","name":"Grapevine Creek-Elm Fork Trinity River","hutype":"S","humod":"TF,GC","tohuc":"120301031005","noncontributingareaacres":0,"noncontributingareasqkm":0,"globalid":"{BE32294D-E29C-11E2-8094-0021280458E6}","shape_Length":76125.92685790587,"shape_Area":112072427.7981196}},{"type":"Feature","id":94968,"geometry":{"type":"Polygon","coordinates":[[[-96.8265,32.9527],[-96.8291,32.959],[-96.8299,32.9646],[-96.8314,32.9654],[-96.8327,32.9653],[-96.8367,32.9638],[-96.8386,32.9653],[-96.8406,32.9622],[-96.8441,32.961],[-96.8492,32.9568],[-96.8545,32.9574],[-96.8593,32.954],[-96.8663,32.9534],[-96.8814,32.9539],[-96.886,32.9527],[-96.8933,32.9466],[-96.8958,32.9389],[-96.9008,32.9363],[-96.9028,32.9365],[-96.9054,32.9421],[-96.9112,32.9402],[-96.9146,32.9403],[-96.9169,32.9411],[-96.9183,32.9407],[-96.9187,32.939],[-96.9228,32.9375],[-96.9252,32.9354],[-96.9253,32.9307],[-96.9323,32.9308],[-96.9349,32.932],[-96.9359,32.9335],[-96.9363,32.9359],[-96.9418,32.9373],[-96.9434,32.9387],[-96.9472,32.9448],[-96.9523,32.9473],[-96.9562,32.9459],[-96.9585,32.9439],[-96.9594,32.9445],[-96.9627,32.9437],[-96.9639,32.944],[-96.9665,32.943],[-96.9682,32.9442],[-96.9695,32.9436],[-96.9699,32.9429],[-96.9689,32.9415],[-96.9698,32.9389],[-96.9684,32.937],[-96.9691,32.9345],[-96.9701,32.934],[-96.9702,32.9298],[-96.9675,32.9259],[-96.9647,32.9241],[-96.9642,32.9221],[-96.9601,32.92],[-96.958,32.9175],[-96.9576,32.9153],[-96.9542,32.9143],[-96.9525,32.913],[-96.9526,32.9088],[-96.9517,32.9039],[-96.9457,32.9008],[-96.9437,32.8985],[-96.9436,32.8949],[-96.9369,32.8876],[-96.9378,32.8834],[-96.9354,32.8825],[-96.9356,32.8808],[-96.9351,32.8805],[-96.9334,32.8817],[-96.9309,32.8769],[-96.931,32.8741],[-96.9189,32.8707],[-96.9183,32.8721],[-96.9159,32.8732],[-96.9116,32.8948],[-96.9081,32.8957],[-96.9041,32.8985],[-96.8998,32.9004],[-96.8963,32.9003],[-96.8962,32.9034],[-96.8947,32.9064],[-96.8889,32.9088],[-96.8845,32.9093],[-96.8783,32.9111],[-96.8692,32.9121],[-96.8663,32.9119],[-96.8634,32.9132],[-96.8513,32.9141],[-96.8496,32.9157],[-96.848,32.9224],[-96.8432,32.9219],[-96.8408,32.9234],[-96.8375,32.9216],[-96.8338,32.9255],[-96.8307,32.9248],[-96.8297,32.9252],[-96.8289,32.9262],[-96.8286,32.929],[-96.8274,32.9305],[-96.8214,32.9318],[-96.8202,32.9329],[-96.8195,32.9366],[-96.8198,32.9446],[-96.822,32.9477],[-96.8255,32.9509],[-96.8265,32.9527]]]},"properties":{"objectid":94968,"tnmid":"{3B4D681A-C1D1-4FD3-A1B5-FE080A01CF7C}","metasourceid":"{511D2AC8-11BA-45FC-AB98-F69D693D4C44}","sourcedatadesc":"Watershed Boundary Dataset (WBD)","sourceoriginator":"Natural Resources and Conservation Service and U.S. Geological Survey","sourcefeatureid":null,"loaddate":1723704945000,"referencegnis_ids":"1335711,1373653","areaacres":15823.84,"areasqkm":64.04,"states":"TX","huc12":"120301031005","name":"Farmers Branch-Elm Fork Trinity River","hutype":"S","humod":"TF,GC,LE","tohuc":"120301031007","noncontributingareaacres":0,"noncontributingareasqkm":0,"globalid":"{BE3241F7-E29C-11E2-8094-0021280458E6}","shape_Length":55277.39042928654,"shape_Area":91138696.75610843}},{"type":"Feature","id":95253,"geometry":{"type":"Polygon","coordinates":[[[-97.2165,33.2057],[-97.2178,33.2059],[-97.2197,33.2086],[-97.2194,33.2113],[-97.2207,33.2146],[-97.2267,33.2222],[-97.2324,33.224],[-97.2343,33.2254],[-97.2377,33.2259],[-97.2392,33.228],[-97.2427,33.2297],[-97.2504,33.2369],[-97.2541,33.2383],[-97.2586,33.2453],[-97.2608,33.2522],[-97.2663,33.2571],[-97.2706,33.26],[-97.2735,33.2597],[-97.283,33.2623],[-97.2853,33.2639],[-97.2887,33.2678],[-97.2922,33.2694],[-97.2955,33.2721],[-97.2971,33.2746],[-97.3003,33.2776],[-97.3025,33.285],[-97.3034,33.2862],[-97.3149,33.2924],[-97.3211,33.2933],[-97.3319,33.2977],[-97.3359,33.3004],[-97.3419,33.3083],[-97.3476,33.3092],[-97.3491,33.3098],[-97.3509,33.3117],[-97.3539,33.3116],[-97.358,33.3141],[-97.3606,33.3143],[-97.3618,33.3151],[-97.3647,33.3157],[-97.3676,33.3186],[-97.3726,33.3205],[-97.3792,33.3267],[-97.3836,33.326],[-97.3852,33.3247],[-97.385,33.3184],[-97.3861,33.3138],[-97.3856,33.3119],[-97.387,33.308],[-97.3783,33.3045],[-97.373,33.2985],[-97.37,33.298],[-97.3673,33.2966],[-97.366,33.295],[-97.3676,33.2879],[-97.3663,33.2852],[-97.3658,33.2823],[-97.3653,33.2713],[-97.3659,33.2686],[-97.3641,33.2662],[-97.3613,33.2654],[-97.3552,33.2611],[-97.3527,33.2621],[-97.3497,33.26],[-97.3461,33.2594],[-97.344,33.2547],[-97.3452,33.2518],[-97.3447,33.2501],[-97.3435,33.2491],[-97.3376,33.2471],[-97.3364,33.2456],[-97.3364,33.241],[-97.3376,33.2382],[-97.334,33.2368],[-97.3311,33.2312],[-97.3325,33.2222],[-97.3321,33.2185],[-97.3287,33.2167],[-97.3272,33.2129],[-97.3219,33.2131],[-97.3181,33.2109],[-97.3166,33.2085],[-97.316,33.2058],[-97.313,33.2031],[-97.3123,33.1979],[-97.3105,33.1939],[-97.2975,33.1913],[-97.289,33.186],[-97.2828,33.1845],[-97.2796,33.1828],[-97.2757,33.1828],[-97.2731,33.1792],[-97.2686,33.1764],[-97.2678,33.1736],[-97.266,33.1742],[-97.2625,33.1726],[-97.2583,33.175],[-97.2565,33.1753],[-97.2512,33.1735],[-97.2522,33.176],[-97.2519,33.1789],[-97.2484,33.1827],[-97.2425,33.1853],[-97.2394,33.1879],[-97.2364,33.1951],[-97.2297,33.1984],[-97.2299,33.2006],[-97.2224,33.2017],[-97.2209,33.2035],[-97.2196,33.2031],[-97.2175,33.2034],[-97.216,33.2045],[-97.2165,33.2057]]]},"properties":{"objectid":95253,"tnmid":"{8859DFBE-B5D6-449B-A8B7-990864719884}","metasourceid":"{511D2AC8-11BA-45FC-AB98-F69D693D4C44}","sourcedatadesc":"Watershed Boundary Dataset (WBD)","sourceoriginator":"Natural Resources and Conservation Service and U.S. Geological Survey","sourcefeatureid":null,"loaddate":1723704945000,"referencegnis_ids":"1376215","areaacres":25250.37,"areasqkm":102.18,"states":"TX","huc12":"120301030802","name":"South Hickory Creek","hutype":"S","humod":"NM","tohuc":"120301030803","noncontributingareaacres":0,"noncontributingareasqkm":0,"globalid":"{BE108DD1-E29C-11E2-8094-0021280458E6}","shape_Length":64545.98502300688,"shape_Area":146475640.8719203}},{"type":"Feature","id":95297,"geometry":{"type":"Polygon","coordinates":[[[-97.2052,33.2777],[-97.2095,33.2768],[-97.2118,33.2779],[-97.2132,33.2771],[-97.215,33.2771],[-97.2168,33.2777],[-97.2182,33.2793],[-97.2207,33.2806],[-97.2251,33.2808],[-97.2302,33.2839],[-97.2322,33.2859],[-97.2334,33.2852],[-97.2363,33.281],[-97.2366,33.2773],[-97.2378,33.2727],[-97.24,33.2689],[-97.239,33.2642],[-97.2398,33.2625],[-97.2383,33.2606],[-97.2391,33.2583],[-97.2371,33.2571],[-97.2377,33.2562],[-97.2368,33.2533],[-97.2373,33.2503],[-97.2345,33.2472],[-97.2326,33.2434],[-97.23,33.242],[-97.227,33.2379],[-97.2232,33.2359],[-97.2181,33.2272],[-97.2154,33.226],[-97.2143,33.2218],[-97.2095,33.2158],[-97.2103,33.2138],[-97.2091,33.2116],[-97.2099,33.2089],[-97.2128,33.2095],[-97.2138,33.209],[-97.2147,33.2071],[-97.2165,33.2061],[-97.216,33.2045],[-97.2164,33.2039],[-97.2189,33.2031],[-97.2209,33.2035],[-97.2224,33.2017],[-97.2299,33.2006],[-97.2297,33.1984],[-97.2372,33.1942],[-97.2394,33.1879],[-97.2425,33.1853],[-97.2484,33.1827],[-97.2513,33.1796],[-97.2522,33.1776],[-97.2517,33.1739],[-97.2492,33.172],[-97.2462,33.1722],[-97.2451,33.1715],[-97.2447,33.1701],[-97.2453,33.1678],[-97.2411,33.1669],[-97.2349,33.1672],[-97.2341,33.1681],[-97.2317,33.1673],[-97.23,33.169],[-97.2299,33.1715],[-97.2293,33.1722],[-97.2227,33.1758],[-97.2219,33.1758],[-97.2206,33.174],[-97.2166,33.1727],[-97.2123,33.1737],[-97.2068,33.1718],[-97.202,33.1732],[-97.1948,33.1727],[-97.1931,33.1717],[-97.1884,33.1712],[-97.1849,33.1724],[-97.1814,33.1711],[-97.1799,33.1691],[-97.1764,33.1687],[-97.1745,33.1693],[-97.1685,33.1692],[-97.1661,33.1702],[-97.1651,33.1718],[-97.1652,33.176],[-97.1628,33.1779],[-97.1617,33.1798],[-97.1613,33.1814],[-97.1623,33.1836],[-97.1607,33.1859],[-97.1606,33.1873],[-97.1575,33.1888],[-97.156,33.1933],[-97.1518,33.1967],[-97.1513,33.2007],[-97.1527,33.2023],[-97.1534,33.2072],[-97.1511,33.2108],[-97.1515,33.2142],[-97.1528,33.2155],[-97.1564,33.2164],[-97.1575,33.2189],[-97.1643,33.2232],[-97.1661,33.2259],[-97.1729,33.2272],[-97.174,33.2306],[-97.1721,33.232],[-97.1718,33.2331],[-97.1739,33.2355],[-97.1744,33.2376],[-97.1759,33.2394],[-97.1765,33.2426],[-97.1779,33.2433],[-97.1792,33.2457],[-97.1793,33.2486],[-97.1777,33.2504],[-97.1781,33.2557],[-97.1838,33.2559],[-97.1845,33.2565],[-97.1843,33.2577],[-97.1867,33.259],[-97.1868,33.2603],[-97.1882,33.2621],[-97.1939,33.262],[-97.1946,33.2632],[-97.2008,33.2668],[-97.2016,33.2683],[-97.2006,33.2714],[-97.2045,33.2756],[-97.2052,33.2777]]]},"properties":{"objectid":95297,"tnmid":"{550BEAD2-6BD1-4063-9AA8-3E0E7D6F649A}","metasourceid":"{511D2AC8-11BA-45FC-AB98-F69D693D4C44}","sourcedatadesc":"Watershed Boundary Dataset (WBD)","sourceoriginator":"Natural Resources and Conservation Service and U.S. Geological Survey","sourcefeatureid":null,"loaddate":1723704945000,"referencegnis_ids":"1374054","areaacres":16657.66,"areasqkm":67.41,"states":"TX","huc12":"120301030803","name":"Upper Hickory Creek","hutype":"S","humod":"NM","tohuc":"120301030804","noncontributingareaacres":0,"noncontributingareasqkm":0,"globalid":"{BE10A4C7-E29C-11E2-8094-0021280458E6}","shape_Length":54221.94593394474,"shape_Area":96576615.68527919}},{"type":"Feature","id":95299,"geometry":{"type":"Polygon","coordinates":[[[-97.0973,33.1617],[-97.0987,33.1638],[-97.1028,33.1644],[-97.1051,33.1657],[-97.105,33.1667],[-97.1024,33.168],[-97.1024,33.1703],[-97.1053,33.1714],[-97.1068,33.1734],[-97.1103,33.1738],[-97.1121,33.1733],[-97.1136,33.1755],[-97.1145,33.177],[-97.1145,33.1812],[-97.1127,33.1838],[-97.1159,33.1853],[-97.1158,33.1869],[-97.1201,33.1903],[-97.1206,33.1919],[-97.1195,33.1934],[-97.1249,33.1937],[-97.1273,33.1926],[-97.1315,33.1931],[-97.1346,33.1963],[-97.1364,33.1964],[-97.1375,33.1975],[-97.1407,33.1982],[-97.1423,33.2019],[-97.1465,33.2025],[-97.149,33.2054],[-97.1498,33.2078],[-97.1516,33.2088],[-97.1517,33.21],[-97.1534,33.2072],[-97.1527,33.2023],[-97.1513,33.2007],[-97.1518,33.1967],[-97.156,33.1933],[-97.1575,33.1888],[-97.1606,33.1873],[-97.1607,33.1859],[-97.1623,33.1836],[-97.1613,33.1814],[-97.1617,33.1798],[-97.1628,33.1779],[-97.1652,33.176],[-97.1648,33.173],[-97.1666,33.1698],[-97.1685,33.1692],[-97.1745,33.1693],[-97.1764,33.1687],[-97.1799,33.1691],[-97.1814,33.1711],[-97.1849,33.1724],[-97.1884,33.1712],[-97.1931,33.1717],[-97.1948,33.1727],[-97.202,33.1732],[-97.2068,33.1718],[-97.2123,33.1737],[-97.2166,33.1727],[-97.2206,33.174],[-97.2219,33.1758],[-97.2227,33.1758],[-97.2293,33.1722],[-97.2299,33.1715],[-97.23,33.169],[-97.2317,33.1673],[-97.2341,33.1681],[-97.2349,33.1672],[-97.2411,33.1669],[-97.2453,33.1678],[-97.2455,33.1658],[-97.2422,33.163],[-97.243,33.161],[-97.2448,33.1594],[-97.2441,33.1578],[-97.2451,33.1555],[-97.245,33.1542],[-97.2443,33.1535],[-97.2404,33.1528],[-97.2365,33.1497],[-97.2382,33.1386],[-97.2327,33.1313],[-97.2309,33.1303],[-97.2222,33.1283],[-97.2207,33.1269],[-97.2204,33.1252],[-97.2192,33.1236],[-97.2126,33.1245],[-97.2076,33.1229],[-97.2058,33.1192],[-97.2058,33.1152],[-97.205,33.1128],[-97.2,33.1072],[-97.1973,33.1074],[-97.1967,33.1047],[-97.1954,33.1041],[-97.1933,33.1045],[-97.19,33.1037],[-97.1859,33.1062],[-97.1834,33.1042],[-97.1791,33.1042],[-97.1736,33.0999],[-97.173,33.0972],[-97.1679,33.0941],[-97.1675,33.0928],[-97.1657,33.0927],[-97.1613,33.0945],[-97.1603,33.0914],[-97.1592,33.0901],[-97.1562,33.0894],[-97.1561,33.087],[-97.1553,33.0862],[-97.1535,33.0859],[-97.1497,33.0867],[-97.1486,33.0853],[-97.1491,33.0836],[-97.1471,33.0811],[-97.1479,33.0757],[-97.1463,33.0737],[-97.1459,33.0714],[-97.1448,33.0695],[-97.1408,33.0675],[-97.1382,33.0647],[-97.134,33.0636],[-97.1319,33.0645],[-97.1269,33.069],[-97.1264,33.0717],[-97.1282,33.0726],[-97.1292,33.0746],[-97.1273,33.0767],[-97.1263,33.0812],[-97.1243,33.0842],[-97.1242,33.0852],[-97.125,33.0864],[-97.1247,33.0885],[-97.1198,33.0911],[-97.1176,33.093],[-97.1168,33.0942],[-97.1169,33.0977],[-97.1132,33.0991],[-97.1141,33.1017],[-97.1075,33.1072],[-97.1088,33.1086],[-97.1086,33.1125],[-97.111,33.1128],[-97.1132,33.1148],[-97.1137,33.1195],[-97.1113,33.1235],[-97.1117,33.1254],[-97.111,33.1267],[-97.1079,33.128],[-97.1074,33.132],[-97.105,33.1343],[-97.1056,33.1373],[-97.1081,33.1416],[-97.1082,33.1428],[-97.1056,33.1442],[-97.1036,33.1444],[-97.1015,33.146],[-97.1021,33.1487],[-97.101,33.1529],[-97.1014,33.1542],[-97.1012,33.1548],[-97.1,33.1551],[-97.0994,33.1581],[-97.0973,33.1617]]]},"properties":{"objectid":95299,"tnmid":"{B9683C6F-FBAD-4743-ACB0-26438ABECDE4}","metasourceid":"{511D2AC8-11BA-45FC-AB98-F69D693D4C44}","sourcedatadesc":"Watershed Boundary Dataset (WBD)","sourceoriginator":"Natural Resources and Conservation Service and U.S. Geological Survey","sourcefeatureid":null,"loaddate":1723704945000,"referencegnis_ids":"1374054","areaacres":27164.77,"areasqkm":109.93,"states":"TX","huc12":"120301030804","name":"Middle Hickory Creek","hutype":"S","humod":"NM","tohuc":"120301030805","noncontributingareaacres":0,"noncontributingareasqkm":0,"globalid":"{BE10C37F-E29C-11E2-8094-0021280458E6}","shape_Length":68043.93645511907,"shape_Area":157215566.62332806}},{"type":"Feature","id":97481,"geometry":{"type":"Polygon","coordinates":[[[-96.921,32.7084],[-96.9246,32.7125],[-96.9253,32.7143],[-96.929,32.7168],[-96.9296,32.72],[-96.9322,32.7226],[-96.9341,32.7266],[-96.9376,32.7284],[-96.9513,32.7375],[-96.9592,32.7379],[-96.9595,32.7387],[-96.9673,32.7419],[-96.9687,32.7436],[-96.9735,32.746],[-97.0001,32.745],[-97.0081,32.7476],[-97.0123,32.7475],[-97.0138,32.747],[-97.014,32.7429],[-97.0149,32.7424],[-97.0224,32.7412],[-97.0238,32.7428],[-97.0268,32.7442],[-97.0318,32.7434],[-97.0327,32.7431],[-97.0339,32.7411],[-97.0388,32.7378],[-97.0427,32.7368],[-97.0456,32.7383],[-97.0474,32.7383],[-97.0649,32.7361],[-97.0656,32.7354],[-97.0688,32.7354],[-97.0705,32.737],[-97.0756,32.738],[-97.0765,32.737],[-97.0786,32.7302],[-97.0844,32.7243],[-97.0851,32.7212],[-97.0832,32.7185],[-97.0833,32.7138],[-97.0851,32.7115],[-97.0923,32.7089],[-97.093,32.7082],[-97.0935,32.7057],[-97.0827,32.7047],[-97.0744,32.7022],[-97.0695,32.7027],[-97.0592,32.7007],[-97.0558,32.6988],[-97.0456,32.7009],[-97.0328,32.6975],[-97.0255,32.7003],[-97.0222,32.7028],[-97.0155,32.6994],[-97.0105,32.6983],[-97.003,32.7018],[-96.9991,32.702],[-96.9963,32.7013],[-96.9866,32.6955],[-96.9852,32.6957],[-96.9839,32.6977],[-96.9808,32.6997],[-96.9766,32.6983],[-96.9749,32.6987],[-96.9721,32.6976],[-96.9715,32.6968],[-96.9716,32.6941],[-96.9709,32.6929],[-96.9665,32.6904],[-96.9601,32.6904],[-96.9576,32.6912],[-96.9541,32.6908],[-96.9477,32.6872],[-96.9416,32.6852],[-96.9382,32.6822],[-96.9343,32.6817],[-96.9346,32.6778],[-96.9341,32.6763],[-96.9326,32.6755],[-96.9306,32.673],[-96.9285,32.6723],[-96.9283,32.671],[-96.9271,32.6699],[-96.9275,32.668],[-96.9269,32.6665],[-96.9289,32.662],[-96.9201,32.6617],[-96.913,32.6639],[-96.9091,32.6672],[-96.9084,32.6702],[-96.9129,32.6754],[-96.9142,32.6783],[-96.9147,32.6816],[-96.913,32.6834],[-96.9129,32.6851],[-96.9152,32.6865],[-96.9178,32.6868],[-96.9198,32.6881],[-96.9198,32.689],[-96.9174,32.6907],[-96.9151,32.6963],[-96.9164,32.6982],[-96.9192,32.6991],[-96.9211,32.7016],[-96.9242,32.7035],[-96.9239,32.7062],[-96.9217,32.7074],[-96.921,32.7084]]]},"properties":{"objectid":97481,"tnmid":"{2C39282B-292C-42D2-B368-3C60C0A6C0A9}","metasourceid":"{511D2AC8-11BA-45FC-AB98-F69D693D4C44}","sourcedatadesc":"Watershed Boundary Dataset (WBD)","sourceoriginator":"Natural Resources and Conservation Service and U.S. Geological Survey","sourcefeatureid":null,"loaddate":1723704945000,"referencegnis_ids":"1333474,1342165","areaacres":18857.11,"areasqkm":76.31,"states":"TX","huc12":"120301020607","name":"Cottonwood Creek-Mountain Creek Lake","hutype":"S","humod":"DM","tohuc":"120301020706","noncontributingareaacres":0,"noncontributingareasqkm":0,"globalid":"{BDACF42D-E29C-11E2-8094-0021280458E6}","shape_Length":59329.19898962113,"shape_Area":108101783.66894034}},{"type":"Feature","id":97511,"geometry":{"type":"Polygon","coordinates":[[[-97.0125,32.7722],[-97.0189,32.7748],[-97.0221,32.7748],[-97.0261,32.7768],[-97.0276,32.7783],[-97.0288,32.7825],[-97.0311,32.7841],[-97.0346,32.7835],[-97.0357,32.7821],[-97.0371,32.7817],[-97.0392,32.7831],[-97.0468,32.782],[-97.0516,32.7822],[-97.0566,32.7835],[-97.0589,32.7819],[-97.0595,32.7773],[-97.0614,32.7745],[-97.0618,32.7728],[-97.0673,32.7692],[-97.0706,32.7682],[-97.0742,32.766],[-97.0797,32.7667],[-97.0855,32.7646],[-97.0916,32.7639],[-97.0951,32.7657],[-97.0968,32.7657],[-97.0972,32.7648],[-97.0984,32.7649],[-97.1001,32.7668],[-97.1019,32.7657],[-97.1025,32.7635],[-97.1036,32.7628],[-97.1081,32.7641],[-97.1111,32.7637],[-97.1112,32.7603],[-97.113,32.7579],[-97.1151,32.7533],[-97.1166,32.7511],[-97.1199,32.7486],[-97.1203,32.747],[-97.1191,32.7426],[-97.1222,32.7406],[-97.1209,32.7384],[-97.1253,32.7364],[-97.1261,32.7329],[-97.1288,32.7335],[-97.131,32.7312],[-97.1311,32.7283],[-97.1289,32.7274],[-97.1289,32.7255],[-97.1265,32.7234],[-97.128,32.72],[-97.1329,32.7182],[-97.1331,32.7141],[-97.1311,32.7093],[-97.1343,32.7019],[-97.1311,32.6993],[-97.1327,32.698],[-97.1334,32.6957],[-97.13,32.694],[-97.1309,32.6892],[-97.1274,32.6879],[-97.1275,32.6864],[-97.1304,32.6838],[-97.1303,32.6819],[-97.1265,32.6803],[-97.1246,32.675],[-97.1192,32.6749],[-97.1176,32.6754],[-97.1146,32.6785],[-97.1119,32.6801],[-97.1105,32.683],[-97.1081,32.6838],[-97.1074,32.6894],[-97.1088,32.6924],[-97.1061,32.6948],[-97.1037,32.6987],[-97.0989,32.6973],[-97.097,32.6979],[-97.0958,32.6993],[-97.093,32.7082],[-97.0918,32.7093],[-97.0851,32.7115],[-97.0833,32.7138],[-97.0832,32.7185],[-97.0851,32.7212],[-97.0844,32.7243],[-97.0786,32.7302],[-97.0761,32.7377],[-97.0705,32.737],[-97.0688,32.7354],[-97.0656,32.7354],[-97.0649,32.7361],[-97.0554,32.7375],[-97.0456,32.7383],[-97.0455,32.7413],[-97.0441,32.7433],[-97.0409,32.7456],[-97.0389,32.7494],[-97.0342,32.7515],[-97.0326,32.7547],[-97.0291,32.7574],[-97.0287,32.7587],[-97.0264,32.7588],[-97.026,32.7599],[-97.0253,32.76],[-97.02,32.76],[-97.0139,32.7649],[-97.0134,32.7673],[-97.0121,32.7692],[-97.0125,32.7722]]]},"properties":{"objectid":97511,"tnmid":"{CEB94EB2-4C8D-47F2-80CC-0585FCD0F162}","metasourceid":"{511D2AC8-11BA-45FC-AB98-F69D693D4C44}","sourcedatadesc":"Watershed Boundary Dataset (WBD)","sourceoriginator":"Natural Resources and Conservation Service and U.S. Geological Survey","sourcefeatureid":null,"loaddate":1723704945000,"referencegnis_ids":"1338794","areaacres":13580.93,"areasqkm":54.96,"states":"TX","huc12":"120301020702","name":"Johnson Creek","hutype":"S","humod":"LE","tohuc":"120301020706","noncontributingareaacres":0,"noncontributingareasqkm":0,"globalid":"{BDAD2937-E29C-11E2-8094-0021280458E6}","shape_Length":51301.39477667543,"shape_Area":77896343.67415293}},{"type":"Feature","id":97512,"geometry":{"type":"Polygon","coordinates":[[[-97.1542,32.9518],[-97.1553,32.9499],[-97.1601,32.9491],[-97.1612,32.9493],[-97.1628,32.9523],[-97.1638,32.9527],[-97.1647,32.9527],[-97.1661,32.951],[-97.1685,32.9517],[-97.1719,32.9509],[-97.1734,32.9478],[-97.1785,32.9446],[-97.1804,32.9468],[-97.1864,32.949],[-97.1886,32.949],[-97.189,32.951],[-97.1883,32.9544],[-97.1908,32.9556],[-97.1928,32.9552],[-97.1946,32.956],[-97.1965,32.9587],[-97.201,32.9582],[-97.2037,32.9593],[-97.206,32.9593],[-97.2082,32.9586],[-97.21,32.9571],[-97.2148,32.9571],[-97.2162,32.9585],[-97.2158,32.9603],[-97.2173,32.9626],[-97.2166,32.9649],[-97.2175,32.9658],[-97.2218,32.9643],[-97.222,32.9618],[-97.2275,32.9582],[-97.2284,32.9562],[-97.2312,32.955],[-97.2323,32.9523],[-97.2367,32.9526],[-97.2391,32.9534],[-97.2421,32.9524],[-97.2439,32.9538],[-97.2467,32.9536],[-97.2511,32.9546],[-97.2516,32.9532],[-97.2575,32.9507],[-97.2643,32.9504],[-97.2715,32.9542],[-97.2719,32.9565],[-97.2752,32.9523],[-97.2755,32.9505],[-97.2773,32.9484],[-97.2769,32.9448],[-97.2781,32.9436],[-97.2817,32.9452],[-97.2868,32.9451],[-97.2908,32.9476],[-97.2916,32.9466],[-97.2923,32.9433],[-97.2935,32.9425],[-97.295,32.9426],[-97.3,32.944],[-97.3025,32.9464],[-97.3076,32.9493],[-97.3116,32.9481],[-97.313,32.9464],[-97.3209,32.9432],[-97.3241,32.941],[-97.3285,32.9428],[-97.3294,32.9428],[-97.3325,32.9408],[-97.3377,32.9424],[-97.3397,32.9422],[-97.3406,32.9415],[-97.3363,32.9394],[-97.3352,32.9375],[-97.332,32.9351],[-97.3235,32.9333],[-97.321,32.9312],[-97.3197,32.9274],[-97.3183,32.926],[-97.3163,32.9284],[-97.3136,32.9291],[-97.3047,32.9284],[-97.3014,32.9274],[-97.2962,32.929],[-97.2909,32.9286],[-97.2877,32.927],[-97.2863,32.9243],[-97.2838,32.9234],[-97.2829,32.9223],[-97.2803,32.9217],[-97.2779,32.92],[-97.2783,32.9182],[-97.2743,32.9169],[-97.27,32.9188],[-97.2676,32.918],[-97.265,32.9182],[-97.2624,32.9161],[-97.2593,32.9159],[-97.2575,32.9147],[-97.2555,32.9143],[-97.2536,32.9112],[-97.2503,32.9155],[-97.2472,32.9136],[-97.2434,32.9145],[-97.2401,32.9117],[-97.2321,32.9117],[-97.2303,32.9133],[-97.2291,32.9164],[-97.2283,32.9151],[-97.2234,32.914],[-97.2214,32.9159],[-97.2185,32.9127],[-97.2148,32.9114],[-97.2123,32.9117],[-97.2096,32.911],[-97.2011,32.9153],[-97.2014,32.9134],[-97.1989,32.9109],[-97.198,32.9076],[-97.1947,32.9064],[-97.1931,32.9073],[-97.193,32.908],[-97.1912,32.9075],[-97.1892,32.9078],[-97.1887,32.9091],[-97.1868,32.908],[-97.1807,32.9068],[-97.1787,32.9087],[-97.1781,32.9114],[-97.1729,32.9058],[-97.1724,32.9033],[-97.17,32.9015],[-97.1701,32.9003],[-97.1689,32.8983],[-97.1666,32.8983],[-97.165,32.9001],[-97.163,32.9001],[-97.1624,32.901],[-97.1599,32.901],[-97.1581,32.9017],[-97.154,32.8994],[-97.1509,32.9006],[-97.1501,32.8995],[-97.1514,32.8973],[-97.1502,32.8959],[-97.1489,32.8956],[-97.1474,32.8932],[-97.1444,32.8923],[-97.1433,32.8914],[-97.1416,32.8944],[-97.1396,32.8954],[-97.1389,32.8984],[-97.1365,32.8975],[-97.129,32.8982],[-97.126,32.8972],[-97.1236,32.8975],[-97.1225,32.8966],[-97.121,32.8966],[-97.12,32.8972],[-97.1195,32.8986],[-97.1181,32.8989],[-97.1149,32.8958],[-97.112,32.8965],[-97.1105,32.8954],[-97.1109,32.8923],[-97.1105,32.8907],[-97.1098,32.8901],[-97.1064,32.8899],[-97.1043,32.8861],[-97.1012,32.8861],[-97.1005,32.8852],[-97.099,32.8856],[-97.0973,32.8848],[-97.0928,32.8874],[-97.0899,32.8862],[-97.0895,32.8848],[-97.0862,32.8838],[-97.0856,32.8832],[-97.0856,32.8813],[-97.0833,32.8808],[-97.0819,32.8793],[-97.0816,32.8777],[-97.0776,32.8762],[-97.0766,32.8746],[-97.0713,32.8716],[-97.0709,32.8696],[-97.0663,32.8671],[-97.0649,32.8625],[-97.0623,32.8607],[-97.0531,32.865],[-97.052,32.8674],[-97.0478,32.8701],[-97.0471,32.8819],[-97.0476,32.8849],[-97.0472,32.8894],[-97.0482,32.8934],[-97.0477,32.8974],[-97.0482,32.9001],[-97.0515,32.9011],[-97.063,32.9113],[-97.0647,32.9134],[-97.065,32.9165],[-97.0698,32.9169],[-97.0718,32.9178],[-97.0737,32.9197],[-97.0776,32.9212],[-97.0805,32.9285],[-97.0821,32.9305],[-97.0843,32.9321],[-97.0865,32.9323],[-97.0891,32.9286],[-97.0928,32.9279],[-97.0942,32.9285],[-97.0949,32.9314],[-97.1,32.9322],[-97.1013,32.9354],[-97.1021,32.9359],[-97.1043,32.936],[-97.1065,32.9347],[-97.1143,32.9363],[-97.1179,32.9336],[-97.1219,32.9355],[-97.1253,32.9347],[-97.1281,32.9413],[-97.1305,32.9421],[-97.1313,32.9431],[-97.1311,32.9444],[-97.1335,32.945],[-97.1366,32.9481],[-97.138,32.9482],[-97.1407,32.9461],[-97.1432,32.9454],[-97.1455,32.9466],[-97.1468,32.9435],[-97.1491,32.9433],[-97.1522,32.9455],[-97.1535,32.9511],[-97.1542,32.9518]]]},"properties":{"objectid":97512,"tnmid":"{0CC5DF8F-811A-4236-9A21-BF6490ABA2C6}","metasourceid":"{511D2AC8-11BA-45FC-AB98-F69D693D4C44}","sourcedatadesc":"Watershed Boundary Dataset (WBD)","sourceoriginator":"Natural Resources and Conservation Service and U.S. Geological Survey","sourcefeatureid":null,"loaddate":1723704945000,"referencegnis_ids":"1372126","areaacres":28262.4,"areasqkm":114.37,"states":"TX","huc12":"120301020703","name":"Big Bear Creek","hutype":"S","humod":"NM","tohuc":"120301020705","noncontributingareaacres":0,"noncontributingareasqkm":0,"globalid":"{BDAD4754-E29C-11E2-8094-0021280458E6}","shape_Length":97572.38007810549,"shape_Area":162769390.53879943}},{"type":"Feature","id":97515,"geometry":{"type":"Polygon","coordinates":[[[-97.0623,32.8607],[-97.0649,32.8625],[-97.0663,32.8671],[-97.0709,32.8696],[-97.0713,32.8716],[-97.0766,32.8746],[-97.0776,32.8762],[-97.0816,32.8777],[-97.0819,32.8793],[-97.0833,32.8808],[-97.0856,32.8813],[-97.0856,32.8832],[-97.0862,32.8838],[-97.0895,32.8848],[-97.0899,32.8862],[-97.0928,32.8874],[-97.0973,32.8848],[-97.099,32.8856],[-97.1005,32.8852],[-97.1012,32.8861],[-97.1043,32.8861],[-97.1064,32.8899],[-97.1098,32.8901],[-97.1105,32.8907],[-97.1109,32.8923],[-97.1105,32.8954],[-97.112,32.8965],[-97.1149,32.8958],[-97.1181,32.8989],[-97.1195,32.8986],[-97.12,32.8972],[-97.121,32.8966],[-97.1225,32.8966],[-97.1236,32.8975],[-97.126,32.8972],[-97.129,32.8982],[-97.1365,32.8975],[-97.1389,32.8984],[-97.1396,32.8954],[-97.1416,32.8944],[-97.1433,32.8914],[-97.1444,32.8923],[-97.1474,32.8932],[-97.1489,32.8956],[-97.1502,32.8959],[-97.1514,32.8973],[-97.1501,32.8995],[-97.1509,32.9006],[-97.154,32.8994],[-97.1581,32.9017],[-97.1599,32.901],[-97.1624,32.901],[-97.163,32.9001],[-97.165,32.9001],[-97.1666,32.8983],[-97.1689,32.8983],[-97.1701,32.9003],[-97.17,32.9015],[-97.1724,32.9033],[-97.1729,32.9058],[-97.1781,32.9114],[-97.1787,32.9087],[-97.1807,32.9068],[-97.1868,32.908],[-97.1887,32.9091],[-97.1892,32.9078],[-97.1912,32.9075],[-97.193,32.908],[-97.1931,32.9073],[-97.1947,32.9064],[-97.198,32.9076],[-97.1989,32.9109],[-97.2014,32.9134],[-97.2011,32.9153],[-97.2096,32.911],[-97.2123,32.9117],[-97.2148,32.9114],[-97.2185,32.9127],[-97.2214,32.9159],[-97.2234,32.914],[-97.2283,32.9151],[-97.2291,32.9164],[-97.2303,32.9133],[-97.2321,32.9117],[-97.2401,32.9117],[-97.2434,32.9145],[-97.2472,32.9136],[-97.2503,32.9155],[-97.2536,32.9112],[-97.2526,32.9099],[-97.252,32.9075],[-97.2541,32.9031],[-97.2507,32.8942],[-97.2457,32.8933],[-97.2395,32.8937],[-97.2378,32.8931],[-97.2356,32.891],[-97.2354,32.8881],[-97.2347,32.8874],[-97.2306,32.8893],[-97.2272,32.8888],[-97.2237,32.8895],[-97.2199,32.8888],[-97.2188,32.8876],[-97.2199,32.8866],[-97.2189,32.8858],[-97.2189,32.8842],[-97.2173,32.8839],[-97.2163,32.8829],[-97.2155,32.8797],[-97.2119,32.8791],[-97.2095,32.8768],[-97.2086,32.8791],[-97.2061,32.8802],[-97.2061,32.8824],[-97.2042,32.8838],[-97.1979,32.884],[-97.1974,32.8835],[-97.198,32.8815],[-97.1954,32.8772],[-97.1954,32.8748],[-97.1961,32.8742],[-97.1957,32.8719],[-97.1929,32.871],[-97.1913,32.8716],[-97.1879,32.8713],[-97.1865,32.8729],[-97.1849,32.8731],[-97.1832,32.8719],[-97.1825,32.8695],[-97.1793,32.8704],[-97.1746,32.87],[-97.1713,32.8706],[-97.1715,32.8681],[-97.1701,32.8661],[-97.1708,32.8627],[-97.1686,32.861],[-97.1639,32.8612],[-97.1636,32.8629],[-97.1576,32.8663],[-97.1569,32.8654],[-97.1573,32.8636],[-97.1565,32.8622],[-97.1531,32.8621],[-97.151,32.8596],[-97.1507,32.8583],[-97.1466,32.8577],[-97.1415,32.8548],[-97.1413,32.8542],[-97.1396,32.8538],[-97.1346,32.8548],[-97.1332,32.857],[-97.1299,32.8573],[-97.1264,32.8585],[-97.125,32.8579],[-97.118,32.8585],[-97.1153,32.8576],[-97.113,32.858],[-97.1122,32.8588],[-97.1089,32.857],[-97.1074,32.8555],[-97.1065,32.8518],[-97.1045,32.8509],[-97.1022,32.8515],[-97.1006,32.8512],[-97.0989,32.8527],[-97.0981,32.8525],[-97.097,32.8493],[-97.0941,32.851],[-97.0945,32.8533],[-97.0922,32.8558],[-97.0902,32.8559],[-97.0895,32.8545],[-97.0846,32.8538],[-97.0829,32.8541],[-97.0818,32.8559],[-97.0789,32.8545],[-97.074,32.8544],[-97.0734,32.8551],[-97.0722,32.855],[-97.0686,32.8521],[-97.0672,32.8522],[-97.0655,32.8532],[-97.0636,32.8564],[-97.0632,32.8594],[-97.0623,32.8607]]]},"properties":{"objectid":97515,"tnmid":"{D5D52D9C-FA5A-4D2F-8AA0-BDF34C5F77AA}","metasourceid":"{511D2AC8-11BA-45FC-AB98-F69D693D4C44}","sourcedatadesc":"Watershed Boundary Dataset (WBD)","sourceoriginator":"Natural Resources and Conservation Service and U.S. Geological Survey","sourcefeatureid":null,"loaddate":1723704945000,"referencegnis_ids":"1374551","areaacres":15280.49,"areasqkm":61.84,"states":"TX","huc12":"120301020704","name":"Little Bear Creek","hutype":"S","humod":"NM","tohuc":"120301020705","noncontributingareaacres":0,"noncontributingareasqkm":0,"globalid":"{BDAD5E5F-E29C-11E2-8094-0021280458E6}","shape_Length":66010.31292788559,"shape_Area":87927437.47231074}},{"type":"Feature","id":97561,"geometry":{"type":"Polygon","coordinates":[[[-97.0369,32.9035],[-97.0395,32.9036],[-97.0434,32.9058],[-97.0449,32.9043],[-97.0458,32.9023],[-97.0482,32.9001],[-97.0477,32.8974],[-97.0482,32.8934],[-97.0472,32.8894],[-97.0476,32.8849],[-97.0471,32.8819],[-97.0478,32.8701],[-97.052,32.8674],[-97.0531,32.865],[-97.0623,32.8607],[-97.0632,32.8594],[-97.0636,32.8564],[-97.0655,32.8532],[-97.0672,32.8522],[-97.0686,32.8521],[-97.0722,32.855],[-97.0734,32.8551],[-97.074,32.8544],[-97.0789,32.8545],[-97.0818,32.8559],[-97.0829,32.8541],[-97.0846,32.8538],[-97.0895,32.8545],[-97.0902,32.8559],[-97.0922,32.8558],[-97.0945,32.8533],[-97.0941,32.851],[-97.097,32.8493],[-97.0954,32.8486],[-97.0943,32.8473],[-97.0933,32.8424],[-97.0916,32.8419],[-97.0875,32.8427],[-97.0848,32.8401],[-97.083,32.8409],[-97.0788,32.8389],[-97.0759,32.8392],[-97.0743,32.8386],[-97.0707,32.8393],[-97.0608,32.838],[-97.0572,32.8358],[-97.0531,32.8347],[-97.0494,32.831],[-97.0459,32.8235],[-97.0433,32.8201],[-97.0424,32.8196],[-97.0355,32.8198],[-97.0344,32.8193],[-97.0329,32.8173],[-97.0323,32.8152],[-97.0308,32.814],[-97.0283,32.8106],[-97.0279,32.8067],[-97.0266,32.804],[-97.0251,32.8029],[-97.0202,32.8023],[-97.0172,32.7993],[-97.0175,32.7981],[-97.0195,32.7975],[-97.0198,32.7954],[-97.0172,32.7924],[-97.0169,32.7818],[-97.016,32.7795],[-97.0145,32.7782],[-96.9971,32.7779],[-96.9971,32.7768],[-96.9985,32.7748],[-96.9906,32.7752],[-96.9859,32.7726],[-96.9832,32.7698],[-96.9791,32.7689],[-96.9658,32.7743],[-96.96,32.7746],[-96.9579,32.7758],[-96.9563,32.7781],[-96.9545,32.7787],[-96.954,32.7807],[-96.9542,32.7815],[-96.9555,32.7825],[-96.9586,32.7833],[-96.9598,32.7846],[-96.9594,32.7998],[-96.9652,32.8026],[-96.9697,32.8028],[-96.9714,32.802],[-96.9746,32.802],[-96.9802,32.804],[-96.9852,32.8043],[-96.9866,32.805],[-96.9889,32.8083],[-96.9894,32.8097],[-96.9889,32.8144],[-96.9898,32.817],[-96.9913,32.8189],[-96.9915,32.8254],[-96.9902,32.8283],[-96.992,32.8312],[-96.9918,32.8348],[-96.9897,32.8362],[-96.9896,32.8395],[-96.9885,32.8416],[-96.989,32.8436],[-96.9912,32.8455],[-96.9917,32.8471],[-96.9942,32.848],[-96.9929,32.8506],[-96.9922,32.8552],[-96.9946,32.8573],[-96.995,32.8595],[-97.0015,32.8603],[-97.0037,32.8626],[-97.0044,32.8647],[-97.0067,32.8673],[-97.0067,32.8697],[-97.0096,32.8713],[-97.0127,32.8746],[-97.016,32.8742],[-97.0201,32.8757],[-97.0229,32.879],[-97.0264,32.8806],[-97.028,32.882],[-97.0294,32.8845],[-97.0321,32.886],[-97.0331,32.8876],[-97.0329,32.8934],[-97.0347,32.8956],[-97.0369,32.9035]]]},"properties":{"objectid":97561,"tnmid":"{FC4ED7AA-D4B8-459C-9AA8-70E7FB10097E}","metasourceid":"{511D2AC8-11BA-45FC-AB98-F69D693D4C44}","sourcedatadesc":"Watershed Boundary Dataset (WBD)","sourceoriginator":"Natural Resources and Conservation Service and U.S. Geological Survey","sourcefeatureid":null,"loaddate":1723704945000,"referencegnis_ids":"1335525,1330224","areaacres":16954.81,"areasqkm":68.61,"states":"TX","huc12":"120301020705","name":"Estelle Creek-Bear Creek","hutype":"S","humod":"TF","tohuc":"120301020706","noncontributingareaacres":0,"noncontributingareasqkm":0,"globalid":"{BDAD7C8C-E29C-11E2-8094-0021280458E6}","shape_Length":60993.896277881184,"shape_Area":97448712.82424338}},{"type":"Feature","id":97563,"geometry":{"type":"Polygon","coordinates":[[[-96.9564,32.8583],[-96.9606,32.8578],[-96.9644,32.8555],[-96.9686,32.8553],[-96.9697,32.8562],[-96.97,32.8585],[-96.971,32.8586],[-96.9729,32.8562],[-96.9749,32.8551],[-96.9749,32.8526],[-96.9744,32.8518],[-96.9751,32.8507],[-96.9831,32.8492],[-96.9842,32.8511],[-96.984,32.8535],[-96.9846,32.8551],[-96.9922,32.8552],[-96.9929,32.8506],[-96.9942,32.848],[-96.9917,32.8471],[-96.9912,32.8455],[-96.989,32.8436],[-96.9885,32.8416],[-96.9896,32.8395],[-96.9897,32.8362],[-96.9918,32.8348],[-96.992,32.8312],[-96.9902,32.8283],[-96.9915,32.8254],[-96.9913,32.8189],[-96.9898,32.817],[-96.9889,32.8144],[-96.9894,32.8097],[-96.9889,32.8083],[-96.9866,32.805],[-96.9852,32.8043],[-96.9802,32.804],[-96.9746,32.802],[-96.9714,32.802],[-96.9697,32.8028],[-96.9652,32.8026],[-96.9594,32.7998],[-96.9598,32.7846],[-96.9586,32.7833],[-96.9555,32.7825],[-96.9542,32.7815],[-96.9545,32.7787],[-96.9563,32.7781],[-96.9577,32.776],[-96.96,32.7746],[-96.9658,32.7743],[-96.9791,32.7689],[-96.9832,32.7698],[-96.9859,32.7726],[-96.9906,32.7752],[-96.9985,32.7748],[-96.9971,32.7768],[-96.9971,32.7779],[-97.0134,32.7779],[-97.016,32.7795],[-97.0169,32.7818],[-97.0192,32.7794],[-97.0191,32.7785],[-97.0168,32.7772],[-97.012,32.773],[-97.0126,32.7719],[-97.0121,32.7692],[-97.0134,32.7673],[-97.0139,32.7649],[-97.02,32.76],[-97.0253,32.76],[-97.026,32.7599],[-97.0264,32.7588],[-97.0287,32.7587],[-97.0291,32.7574],[-97.0326,32.7547],[-97.0342,32.7515],[-97.0389,32.7494],[-97.0409,32.7456],[-97.0441,32.7433],[-97.0455,32.7413],[-97.0456,32.7383],[-97.0427,32.7368],[-97.0388,32.7378],[-97.0339,32.7411],[-97.0327,32.7431],[-97.0268,32.7442],[-97.0238,32.7428],[-97.0224,32.7412],[-97.0167,32.7419],[-97.014,32.7429],[-97.0138,32.747],[-97.0123,32.7475],[-97.0081,32.7476],[-97.0001,32.745],[-96.9735,32.746],[-96.9687,32.7436],[-96.9673,32.7419],[-96.9595,32.7387],[-96.9592,32.7379],[-96.9513,32.7375],[-96.9376,32.7284],[-96.9349,32.7274],[-96.9332,32.7253],[-96.9322,32.7226],[-96.9296,32.72],[-96.929,32.7168],[-96.9253,32.7143],[-96.9246,32.7125],[-96.921,32.7084],[-96.9159,32.711],[-96.9139,32.7134],[-96.9122,32.7186],[-96.9094,32.7209],[-96.9018,32.7234],[-96.9008,32.7267],[-96.9017,32.7343],[-96.901,32.7358],[-96.9016,32.7373],[-96.905,32.7403],[-96.9054,32.7422],[-96.9066,32.743],[-96.9079,32.745],[-96.9086,32.7467],[-96.909,32.7515],[-96.9108,32.7531],[-96.913,32.7565],[-96.916,32.7576],[-96.9167,32.7614],[-96.9204,32.7644],[-96.9235,32.7659],[-96.9245,32.7672],[-96.9247,32.7786],[-96.9237,32.7802],[-96.9218,32.7812],[-96.9125,32.7836],[-96.9112,32.7849],[-96.9087,32.7919],[-96.9071,32.7948],[-96.9047,32.7958],[-96.8982,32.7962],[-96.8982,32.7983],[-96.9054,32.8006],[-96.906,32.8032],[-96.9069,32.8025],[-96.9122,32.8035],[-96.9135,32.805],[-96.9149,32.8052],[-96.9157,32.8061],[-96.9157,32.8073],[-96.9202,32.8109],[-96.9236,32.8101],[-96.9244,32.8088],[-96.9292,32.8074],[-96.9379,32.8104],[-96.9401,32.8161],[-96.94,32.8211],[-96.9421,32.8241],[-96.9425,32.8263],[-96.9445,32.8283],[-96.9443,32.8386],[-96.9425,32.8407],[-96.9425,32.8417],[-96.9445,32.845],[-96.9446,32.8497],[-96.9477,32.8517],[-96.9512,32.851],[-96.9533,32.8517],[-96.954,32.8526],[-96.9571,32.854],[-96.9564,32.8583]]]},"properties":{"objectid":97563,"tnmid":"{B6D9FEE9-40AF-4ECB-949F-15DBF157B33A}","metasourceid":"{511D2AC8-11BA-45FC-AB98-F69D693D4C44}","sourcedatadesc":"Watershed Boundary Dataset (WBD)","sourceoriginator":"Natural Resources and Conservation Service and U.S. Geological Survey","sourcefeatureid":null,"loaddate":1723704945000,"referencegnis_ids":"1334236,1383210","areaacres":21604.53,"areasqkm":87.43,"states":"TX","huc12":"120301020706","name":"Delaware Creek-West Fork Trinity River","hutype":"S","humod":"TF,UA","tohuc":"120301050102","noncontributingareaacres":0,"noncontributingareasqkm":0,"globalid":"{BDAD9383-E29C-11E2-8094-0021280458E6}","shape_Length":83997.08642959376,"shape_Area":124034413.20372558}},{"type":"Feature","id":97936,"geometry":{"type":"Polygon","coordinates":[[[-97.6402,33.0261],[-97.6425,33.0256],[-97.6438,33.0263],[-97.6449,33.0254],[-97.6473,33.0276],[-97.6499,33.0244],[-97.6544,33.0255],[-97.6557,33.0267],[-97.6591,33.027],[-97.6611,33.0252],[-97.6638,33.0247],[-97.664,33.0255],[-97.6648,33.0255],[-97.6656,33.0243],[-97.6669,33.0246],[-97.668,33.024],[-97.6681,33.0202],[-97.6693,33.0203],[-97.6721,33.0226],[-97.6734,33.0221],[-97.6764,33.0241],[-97.679,33.0239],[-97.6816,33.0263],[-97.6843,33.027],[-97.685,33.0264],[-97.6846,33.0256],[-97.685,33.0245],[-97.687,33.0236],[-97.687,33.0218],[-97.686,33.0189],[-97.6871,33.0166],[-97.6842,33.0164],[-97.6823,33.0142],[-97.6809,33.015],[-97.6783,33.0143],[-97.6779,33.0124],[-97.6792,33.0113],[-97.6794,33.0092],[-97.6773,33.0063],[-97.6732,33.0042],[-97.6741,33.0025],[-97.6733,32.9987],[-97.6718,32.999],[-97.6698,32.9981],[-97.6672,32.9942],[-97.6642,32.9941],[-97.663,32.9927],[-97.6627,32.9909],[-97.6606,32.9892],[-97.6612,32.9884],[-97.6608,32.9867],[-97.657,32.9864],[-97.6544,32.9848],[-97.6545,32.9834],[-97.6514,32.9833],[-97.6504,32.983],[-97.6507,32.9821],[-97.6475,32.9813],[-97.6447,32.9784],[-97.6407,32.9763],[-97.6403,32.9752],[-97.6351,32.9746],[-97.6316,32.9721],[-97.6277,32.9706],[-97.6257,32.9688],[-97.6224,32.968],[-97.6202,32.9661],[-97.6176,32.9651],[-97.6156,32.9651],[-97.6135,32.9661],[-97.6125,32.9656],[-97.6122,32.9637],[-97.6131,32.9621],[-97.6141,32.9621],[-97.6146,32.9605],[-97.6166,32.9587],[-97.6162,32.9568],[-97.6167,32.9511],[-97.6185,32.9502],[-97.6202,32.9502],[-97.6215,32.9513],[-97.6246,32.9514],[-97.6257,32.9529],[-97.6271,32.9518],[-97.6272,32.9504],[-97.63,32.9473],[-97.6302,32.9432],[-97.6319,32.9405],[-97.6327,32.938],[-97.6341,32.9369],[-97.6423,32.9334],[-97.6454,32.9295],[-97.6471,32.9292],[-97.6482,32.9274],[-97.646,32.9254],[-97.6464,32.9243],[-97.6459,32.9227],[-97.6431,32.922],[-97.6424,32.9209],[-97.6391,32.9217],[-97.6371,32.9211],[-97.6327,32.9189],[-97.6304,32.917],[-97.6281,32.9175],[-97.6134,32.9175],[-97.6095,32.9156],[-97.6071,32.9175],[-97.6034,32.9169],[-97.6017,32.9158],[-97.6006,32.9163],[-97.597,32.9141],[-97.5937,32.9142],[-97.5906,32.9127],[-97.5877,32.9137],[-97.5856,32.9127],[-97.5818,32.9127],[-97.5808,32.915],[-97.5789,32.9165],[-97.5758,32.9175],[-97.5726,32.915],[-97.5702,32.9152],[-97.5656,32.9132],[-97.5604,32.9131],[-97.5545,32.911],[-97.5537,32.9097],[-97.5482,32.9055],[-97.5461,32.906],[-97.5451,32.9055],[-97.5432,32.9023],[-97.5414,32.9019],[-97.5398,32.8995],[-97.5371,32.8984],[-97.535,32.8961],[-97.5306,32.8939],[-97.5271,32.8909],[-97.5246,32.8923],[-97.5174,32.8999],[-97.5181,32.9021],[-97.5149,32.9088],[-97.5161,32.9111],[-97.515,32.9137],[-97.5198,32.9181],[-97.5229,32.924],[-97.5271,32.9282],[-97.5272,32.9292],[-97.5263,32.9307],[-97.5285,32.934],[-97.5296,32.9377],[-97.534,32.9395],[-97.5365,32.9398],[-97.5396,32.9438],[-97.5426,32.9456],[-97.543,32.9467],[-97.5423,32.9482],[-97.5441,32.9533],[-97.5441,32.9566],[-97.5432,32.9578],[-97.5474,32.9601],[-97.5505,32.966],[-97.5541,32.9653],[-97.5582,32.9683],[-97.5618,32.9686],[-97.5637,32.9709],[-97.5679,32.9713],[-97.5702,32.9735],[-97.5731,32.9742],[-97.5741,32.9756],[-97.5746,32.9783],[-97.5782,32.9785],[-97.5797,32.98],[-97.5811,32.98],[-97.5825,32.9813],[-97.5828,32.9825],[-97.582,32.9851],[-97.5826,32.9859],[-97.586,32.9877],[-97.5872,32.9892],[-97.59,32.989],[-97.5926,32.991],[-97.5958,32.9955],[-97.5974,33.0001],[-97.5996,33.0021],[-97.6059,33],[-97.6078,33.0026],[-97.6125,33.0048],[-97.6138,33.0077],[-97.6183,33.009],[-97.6212,33.0146],[-97.6237,33.0151],[-97.6235,33.0168],[-97.6248,33.0163],[-97.6258,33.0165],[-97.6265,33.0159],[-97.6281,33.018],[-97.6307,33.0185],[-97.6322,33.0198],[-97.6337,33.0196],[-97.6362,33.0209],[-97.6363,33.022],[-97.6372,33.0228],[-97.6367,33.0243],[-97.6384,33.0261],[-97.6402,33.0261]]]},"properties":{"objectid":97936,"tnmid":"{0C67EA19-B9F6-4AA5-9805-A9208FE8E1B1}","metasourceid":"{511D2AC8-11BA-45FC-AB98-F69D693D4C44}","sourcedatadesc":"Watershed Boundary Dataset (WBD)","sourceoriginator":"Natural Resources and Conservation Service and U.S. Geological Survey","sourcefeatureid":null,"loaddate":1723704945000,"referencegnis_ids":"1376631","areaacres":23769.07,"areasqkm":96.19,"states":"TX","huc12":"120301010608","name":"Lower Walnut Creek","hutype":"S","humod":"RS","tohuc":"120301010610","noncontributingareaacres":0,"noncontributingareasqkm":0,"globalid":"{BD8DADB1-E29C-11E2-8094-0021280458E6}","shape_Length":74205.48067713276,"shape_Area":137005603.1308334}},{"type":"Feature","id":97961,"geometry":{"type":"Polygon","coordinates":[[[-97.6482,32.9274],[-97.6515,32.9274],[-97.6515,32.9266],[-97.6528,32.9259],[-97.6522,32.9256],[-97.6532,32.9241],[-97.6558,32.9232],[-97.6541,32.9214],[-97.6569,32.9193],[-97.6602,32.9199],[-97.6612,32.9211],[-97.6641,32.9217],[-97.6652,32.9231],[-97.6662,32.922],[-97.6698,32.9216],[-97.6713,32.918],[-97.671,32.9156],[-97.6745,32.9166],[-97.6751,32.9162],[-97.6751,32.9136],[-97.6778,32.9106],[-97.6777,32.909],[-97.6789,32.9087],[-97.6806,32.9065],[-97.6826,32.9064],[-97.6837,32.9036],[-97.6873,32.9017],[-97.6877,32.8992],[-97.6945,32.8975],[-97.699,32.8952],[-97.7036,32.8916],[-97.7047,32.892],[-97.7061,32.8909],[-97.7057,32.8883],[-97.7052,32.8879],[-97.7069,32.8847],[-97.7061,32.8834],[-97.7039,32.882],[-97.7022,32.8782],[-97.7021,32.8765],[-97.7011,32.8758],[-97.6995,32.876],[-97.696,32.8775],[-97.6942,32.8752],[-97.6932,32.8748],[-97.6922,32.8772],[-97.6898,32.8794],[-97.6888,32.8814],[-97.6857,32.8813],[-97.6844,32.8807],[-97.6788,32.884],[-97.6754,32.8822],[-97.6725,32.8817],[-97.6715,32.883],[-97.6691,32.8842],[-97.6659,32.8816],[-97.6633,32.881],[-97.659,32.8814],[-97.656,32.8798],[-97.6542,32.8802],[-97.6504,32.8826],[-97.6433,32.8779],[-97.6405,32.8744],[-97.636,32.8744],[-97.6335,32.8724],[-97.6311,32.8721],[-97.629,32.8734],[-97.6223,32.8731],[-97.6206,32.8759],[-97.6194,32.8767],[-97.6172,32.8761],[-97.6094,32.8772],[-97.6092,32.8793],[-97.6057,32.8794],[-97.6001,32.8784],[-97.5976,32.8805],[-97.5946,32.8797],[-97.5896,32.882],[-97.5881,32.8809],[-97.5854,32.8768],[-97.5822,32.8754],[-97.5778,32.8759],[-97.5781,32.874],[-97.5771,32.8723],[-97.5697,32.8706],[-97.5685,32.8671],[-97.5622,32.8642],[-97.5559,32.8588],[-97.5481,32.8587],[-97.5462,32.8593],[-97.5429,32.8619],[-97.5431,32.8637],[-97.5418,32.8686],[-97.5396,32.872],[-97.5316,32.8764],[-97.5288,32.8803],[-97.5271,32.8814],[-97.525,32.8812],[-97.5247,32.882],[-97.5246,32.883],[-97.527,32.8878],[-97.5271,32.8909],[-97.5306,32.8939],[-97.535,32.8961],[-97.5371,32.8984],[-97.5398,32.8995],[-97.5414,32.9019],[-97.5432,32.9023],[-97.5451,32.9055],[-97.5461,32.906],[-97.5482,32.9055],[-97.5537,32.9097],[-97.5545,32.911],[-97.5604,32.9131],[-97.5656,32.9132],[-97.5702,32.9152],[-97.5726,32.915],[-97.5758,32.9175],[-97.5789,32.9165],[-97.5808,32.915],[-97.5818,32.9127],[-97.5833,32.9124],[-97.5856,32.9127],[-97.5877,32.9137],[-97.5906,32.9127],[-97.5937,32.9142],[-97.597,32.9141],[-97.6006,32.9163],[-97.6017,32.9158],[-97.6034,32.9169],[-97.6071,32.9175],[-97.6095,32.9156],[-97.6134,32.9175],[-97.6281,32.9175],[-97.6304,32.917],[-97.6327,32.9189],[-97.6371,32.9211],[-97.6391,32.9217],[-97.6424,32.9209],[-97.6431,32.922],[-97.6459,32.9227],[-97.6464,32.9243],[-97.646,32.9254],[-97.6482,32.9274]]]},"properties":{"objectid":97961,"tnmid":"{BEC753B8-5250-415E-8783-478DD3172535}","metasourceid":"{511D2AC8-11BA-45FC-AB98-F69D693D4C44}","sourcedatadesc":"Watershed Boundary Dataset (WBD)","sourceoriginator":"Natural Resources and Conservation Service and U.S. Geological Survey","sourcefeatureid":null,"loaddate":1723704945000,"referencegnis_ids":"1329795","areaacres":16804.37,"areasqkm":68,"states":"TX","huc12":"120301010609","name":"Ash Creek","hutype":"S","humod":"RS","tohuc":"120301010610","noncontributingareaacres":0,"noncontributingareasqkm":0,"globalid":"{BD8DCCAD-E29C-11E2-8094-0021280458E6}","shape_Length":57493.54937394799,"shape_Area":96720389.69094329}},{"type":"Feature","id":97963,"geometry":{"type":"Polygon","coordinates":[[[-97.4162,32.9502],[-97.4203,32.9501],[-97.4252,32.9486],[-97.4254,32.9469],[-97.4236,32.9432],[-97.424,32.9414],[-97.426,32.937],[-97.429,32.936],[-97.431,32.9337],[-97.4312,32.9325],[-97.4355,32.9305],[-97.4388,32.9341],[-97.4426,32.9306],[-97.4429,32.9288],[-97.4443,32.9277],[-97.4446,32.9266],[-97.4503,32.9267],[-97.4521,32.9258],[-97.4524,32.9234],[-97.4551,32.9227],[-97.4563,32.9212],[-97.4577,32.9222],[-97.4594,32.9216],[-97.4626,32.923],[-97.4645,32.9229],[-97.4659,32.9255],[-97.4677,32.9264],[-97.4701,32.9259],[-97.4742,32.9268],[-97.4823,32.9385],[-97.484,32.9383],[-97.4853,32.9368],[-97.4876,32.938],[-97.4892,32.9395],[-97.4918,32.9406],[-97.4949,32.9451],[-97.4963,32.9457],[-97.499,32.9455],[-97.501,32.9444],[-97.5021,32.9409],[-97.5041,32.9394],[-97.5176,32.9361],[-97.5205,32.9364],[-97.5219,32.9379],[-97.5246,32.9365],[-97.5292,32.9364],[-97.5285,32.934],[-97.5263,32.9307],[-97.5272,32.9292],[-97.5271,32.9282],[-97.5229,32.924],[-97.5198,32.9181],[-97.515,32.9137],[-97.5161,32.9111],[-97.5149,32.9088],[-97.5181,32.9021],[-97.5174,32.8999],[-97.5246,32.8923],[-97.5271,32.8909],[-97.527,32.8878],[-97.5246,32.883],[-97.525,32.8812],[-97.5271,32.8814],[-97.5288,32.8803],[-97.5316,32.8764],[-97.5396,32.872],[-97.5418,32.8686],[-97.5431,32.8637],[-97.5429,32.8619],[-97.535,32.8624],[-97.5327,32.8614],[-97.5303,32.8618],[-97.5291,32.8609],[-97.5245,32.8605],[-97.52,32.8628],[-97.5197,32.8641],[-97.5186,32.8646],[-97.5166,32.8645],[-97.5132,32.8623],[-97.5121,32.8623],[-97.5102,32.8634],[-97.509,32.8657],[-97.5071,32.865],[-97.5049,32.8654],[-97.4963,32.8703],[-97.4949,32.8727],[-97.4928,32.8711],[-97.4898,32.8705],[-97.4879,32.8692],[-97.4853,32.8692],[-97.4848,32.8703],[-97.4834,32.871],[-97.4822,32.8749],[-97.4803,32.8757],[-97.4792,32.8775],[-97.4773,32.8788],[-97.4746,32.8767],[-97.4604,32.8738],[-97.459,32.8745],[-97.4579,32.8732],[-97.4558,32.874],[-97.4506,32.8684],[-97.4488,32.8688],[-97.4471,32.8678],[-97.4467,32.8667],[-97.4437,32.866],[-97.4426,32.8627],[-97.4413,32.8623],[-97.4391,32.8628],[-97.4383,32.8664],[-97.4373,32.8673],[-97.4351,32.866],[-97.4328,32.8667],[-97.4304,32.866],[-97.4273,32.8667],[-97.4239,32.8701],[-97.424,32.8741],[-97.423,32.8756],[-97.4249,32.8788],[-97.4246,32.8816],[-97.4141,32.8891],[-97.412,32.8896],[-97.4099,32.8892],[-97.4084,32.8898],[-97.4074,32.892],[-97.4053,32.8936],[-97.4054,32.8954],[-97.4043,32.8962],[-97.4035,32.8984],[-97.4042,32.9004],[-97.404,32.904],[-97.4017,32.9053],[-97.4042,32.919],[-97.4145,32.9327],[-97.419,32.9415],[-97.4194,32.9436],[-97.419,32.9465],[-97.4162,32.9502]]]},"properties":{"objectid":97963,"tnmid":"{88BFD568-1ED2-4F1B-A31B-C01DB071053A}","metasourceid":"{511D2AC8-11BA-45FC-AB98-F69D693D4C44}","sourcedatadesc":"Watershed Boundary Dataset (WBD)","sourceoriginator":"Natural Resources and Conservation Service and U.S. Geological Survey","sourcefeatureid":null,"loaddate":1723704945000,"referencegnis_ids":"1334512,380990","areaacres":19207.24,"areasqkm":77.73,"states":"TX","huc12":"120301010610","name":"Dosier Creek-Eagle Mountain Creek","hutype":"M","humod":"RS,DM","tohuc":"120301020101","noncontributingareaacres":0,"noncontributingareasqkm":0,"globalid":"{BD8DE456-E29C-11E2-8094-0021280458E6}","shape_Length":61211.266583537516,"shape_Area":110569118.91049893}},{"type":"Feature","id":98028,"geometry":{"type":"Polygon","coordinates":[[[-97.3384,32.7601],[-97.3374,32.7607],[-97.338,32.7614],[-97.3446,32.7664],[-97.3438,32.7706],[-97.3443,32.7714],[-97.3465,32.7721],[-97.3494,32.7694],[-97.3508,32.7691],[-97.3538,32.7714],[-97.3588,32.7713],[-97.3626,32.774],[-97.3646,32.7747],[-97.3651,32.7777],[-97.3664,32.779],[-97.3664,32.7801],[-97.368,32.781],[-97.3681,32.7826],[-97.3689,32.7836],[-97.3706,32.7845],[-97.3708,32.7871],[-97.3693,32.7885],[-97.369,32.7901],[-97.372,32.7915],[-97.3737,32.7965],[-97.3805,32.8007],[-97.3849,32.8011],[-97.3867,32.8063],[-97.3909,32.8075],[-97.393,32.8092],[-97.3948,32.8096],[-97.3986,32.8085],[-97.4021,32.8088],[-97.4065,32.8068],[-97.4113,32.8085],[-97.4123,32.8056],[-97.411,32.804],[-97.4115,32.7977],[-97.4132,32.7957],[-97.4148,32.795],[-97.4148,32.7918],[-97.4179,32.7862],[-97.4253,32.7852],[-97.4302,32.7833],[-97.4319,32.7795],[-97.4361,32.7763],[-97.4499,32.7761],[-97.4523,32.7739],[-97.4537,32.7705],[-97.453,32.77],[-97.4539,32.7693],[-97.4541,32.7682],[-97.4612,32.7666],[-97.4646,32.7635],[-97.4764,32.7597],[-97.4815,32.761],[-97.4842,32.761],[-97.4861,32.76],[-97.4876,32.7601],[-97.4959,32.7639],[-97.4995,32.7602],[-97.5033,32.758],[-97.5064,32.7591],[-97.5083,32.7586],[-97.5098,32.7593],[-97.5119,32.7591],[-97.5141,32.7598],[-97.5155,32.7574],[-97.5157,32.7551],[-97.519,32.7548],[-97.5191,32.7538],[-97.516,32.7516],[-97.5152,32.7498],[-97.5135,32.749],[-97.5136,32.7471],[-97.5119,32.7452],[-97.5085,32.7444],[-97.5079,32.743],[-97.5043,32.7426],[-97.5029,32.7412],[-97.4992,32.7436],[-97.4974,32.7434],[-97.4905,32.7403],[-97.4892,32.7392],[-97.4868,32.7392],[-97.4853,32.7385],[-97.4844,32.7397],[-97.4821,32.741],[-97.4809,32.7404],[-97.4775,32.7405],[-97.4743,32.7384],[-97.4701,32.7385],[-97.4693,32.7403],[-97.4672,32.7404],[-97.4662,32.7399],[-97.4652,32.7378],[-97.4638,32.7369],[-97.4627,32.7349],[-97.463,32.733],[-97.4614,32.7305],[-97.4603,32.7293],[-97.4566,32.7284],[-97.4556,32.7254],[-97.4543,32.7248],[-97.4517,32.725],[-97.4492,32.7236],[-97.4445,32.7252],[-97.4412,32.7222],[-97.4361,32.7215],[-97.4352,32.7224],[-97.4347,32.7248],[-97.4316,32.7261],[-97.4311,32.7279],[-97.4292,32.7289],[-97.4292,32.7307],[-97.4254,32.7321],[-97.4244,32.7334],[-97.4198,32.7323],[-97.4189,32.7325],[-97.4171,32.7343],[-97.4147,32.7336],[-97.409,32.735],[-97.4073,32.7356],[-97.4059,32.7386],[-97.4017,32.737],[-97.3918,32.7443],[-97.3849,32.7452],[-97.3814,32.7471],[-97.3787,32.7467],[-97.374,32.7484],[-97.3691,32.7488],[-97.3564,32.7521],[-97.3504,32.7547],[-97.3469,32.7618],[-97.343,32.7586],[-97.3406,32.7605],[-97.3384,32.7601]]]},"properties":{"objectid":98028,"tnmid":"{EFF0D2CC-A160-4B06-8DB1-58D7558DD45F}","metasourceid":"{511D2AC8-11BA-45FC-AB98-F69D693D4C44}","sourcedatadesc":"Watershed Boundary Dataset (WBD)","sourceoriginator":"Natural Resources and Conservation Service and U.S. Geological Survey","sourcefeatureid":null,"loaddate":1723704945000,"referencegnis_ids":"1335712,1383210","areaacres":17308.97,"areasqkm":70.05,"states":"TX","huc12":"120301020105","name":"Farmers Branch-West Fork Trinity River","hutype":"S","humod":"NM","tohuc":"120301020501","noncontributingareaacres":0,"noncontributingareasqkm":0,"globalid":"{BD8E72C3-E29C-11E2-8094-0021280458E6}","shape_Length":58090.202843285995,"shape_Area":99330620.48871756}},{"type":"Feature","id":98032,"geometry":{"type":"Polygon","coordinates":[[[-97.5453,32.8602],[-97.5481,32.8587],[-97.5559,32.8588],[-97.5622,32.8642],[-97.5685,32.8671],[-97.5697,32.8706],[-97.5771,32.8723],[-97.5781,32.874],[-97.5778,32.8759],[-97.5822,32.8754],[-97.5854,32.8768],[-97.5881,32.8809],[-97.5896,32.882],[-97.5946,32.8797],[-97.5976,32.8805],[-97.6001,32.8784],[-97.6057,32.8794],[-97.6092,32.8793],[-97.6092,32.8769],[-97.6057,32.8751],[-97.6057,32.8733],[-97.605,32.8727],[-97.6008,32.8713],[-97.5986,32.8697],[-97.5983,32.8686],[-97.5941,32.8668],[-97.5931,32.8655],[-97.5904,32.8658],[-97.5891,32.8636],[-97.5892,32.8615],[-97.5901,32.8596],[-97.5897,32.8578],[-97.5907,32.8556],[-97.5902,32.8539],[-97.5932,32.8509],[-97.5927,32.8475],[-97.595,32.8451],[-97.5953,32.8421],[-97.5947,32.8401],[-97.5978,32.8379],[-97.6026,32.8365],[-97.6079,32.8367],[-97.6106,32.839],[-97.6132,32.8395],[-97.6153,32.8366],[-97.6198,32.838],[-97.6207,32.8375],[-97.6219,32.8348],[-97.6251,32.8347],[-97.6273,32.8337],[-97.6317,32.8352],[-97.6334,32.8367],[-97.6376,32.8364],[-97.6389,32.837],[-97.642,32.842],[-97.6467,32.8396],[-97.6504,32.8417],[-97.6519,32.8441],[-97.6556,32.8446],[-97.6552,32.8431],[-97.6578,32.8406],[-97.6611,32.8417],[-97.6618,32.8382],[-97.6628,32.8369],[-97.6651,32.8359],[-97.6671,32.8265],[-97.6614,32.8223],[-97.6622,32.821],[-97.6624,32.8194],[-97.662,32.8189],[-97.6592,32.8181],[-97.6569,32.816],[-97.6576,32.812],[-97.6567,32.8109],[-97.6555,32.8102],[-97.6505,32.8104],[-97.6472,32.8063],[-97.6438,32.8048],[-97.6429,32.8012],[-97.639,32.7998],[-97.6381,32.7988],[-97.6329,32.7975],[-97.6291,32.7984],[-97.6275,32.801],[-97.6248,32.8019],[-97.6224,32.8042],[-97.6219,32.8064],[-97.623,32.8097],[-97.6203,32.8102],[-97.6188,32.8077],[-97.6172,32.8073],[-97.6154,32.8083],[-97.6129,32.8068],[-97.6105,32.8062],[-97.6091,32.8041],[-97.609,32.8024],[-97.6053,32.8036],[-97.6029,32.8025],[-97.6026,32.8003],[-97.6008,32.7989],[-97.5986,32.7996],[-97.5946,32.7992],[-97.5869,32.7938],[-97.5837,32.7956],[-97.5829,32.7948],[-97.5819,32.7908],[-97.5807,32.7897],[-97.5786,32.7907],[-97.5764,32.7943],[-97.5754,32.7932],[-97.5752,32.7905],[-97.5728,32.7889],[-97.5725,32.7878],[-97.5706,32.7863],[-97.571,32.7847],[-97.5682,32.7827],[-97.5623,32.7841],[-97.5588,32.782],[-97.5565,32.7823],[-97.5523,32.7808],[-97.5512,32.7843],[-97.5501,32.7843],[-97.5471,32.7868],[-97.5464,32.7868],[-97.5451,32.7854],[-97.5426,32.7857],[-97.5411,32.7877],[-97.5367,32.7847],[-97.5363,32.787],[-97.5325,32.7905],[-97.5281,32.7894],[-97.5225,32.7911],[-97.5196,32.7884],[-97.5165,32.7868],[-97.5143,32.7865],[-97.5128,32.7872],[-97.5113,32.7896],[-97.5071,32.792],[-97.5052,32.7925],[-97.5029,32.7945],[-97.5011,32.7939],[-97.4971,32.7989],[-97.4941,32.7983],[-97.4926,32.7992],[-97.4911,32.7987],[-97.4902,32.7992],[-97.4881,32.8053],[-97.4888,32.8068],[-97.4987,32.8117],[-97.5008,32.8114],[-97.5021,32.8134],[-97.5045,32.8147],[-97.5064,32.8185],[-97.5087,32.8199],[-97.5104,32.8193],[-97.5118,32.8199],[-97.5129,32.8265],[-97.5127,32.829],[-97.5148,32.831],[-97.5216,32.8341],[-97.523,32.8361],[-97.5256,32.836],[-97.5286,32.8378],[-97.5305,32.8411],[-97.5298,32.8444],[-97.5311,32.846],[-97.5403,32.8493],[-97.5421,32.8507],[-97.5425,32.852],[-97.5447,32.8528],[-97.5452,32.8536],[-97.5436,32.8563],[-97.5436,32.8578],[-97.5453,32.8602]]]},"properties":{"objectid":98032,"tnmid":"{DB866719-D945-408B-BCBF-F0D325EAE7CF}","metasourceid":"{511D2AC8-11BA-45FC-AB98-F69D693D4C44}","sourcedatadesc":"Watershed Boundary Dataset (WBD)","sourceoriginator":"Natural Resources and Conservation Service and U.S. Geological Survey","sourcefeatureid":null,"loaddate":1723704945000,"referencegnis_ids":"1376122,1350595","areaacres":21866.23,"areasqkm":88.49,"states":"TX","huc12":"120301020103","name":"Silver Creek-Lake Worth","hutype":"S","humod":"NM","tohuc":"120301020104","noncontributingareaacres":0,"noncontributingareasqkm":0,"globalid":"{BD8E3CC6-E29C-11E2-8094-0021280458E6}","shape_Length":70383.76425719804,"shape_Area":125655244.55165404}},{"type":"Feature","id":98045,"geometry":{"type":"Polygon","coordinates":[[[-97.5609,32.6882],[-97.5664,32.6885],[-97.5693,32.6896],[-97.5756,32.7017],[-97.5777,32.7024],[-97.5794,32.7041],[-97.5847,32.703],[-97.5852,32.7049],[-97.5872,32.7066],[-97.5862,32.7095],[-97.5867,32.71],[-97.5885,32.7105],[-97.5936,32.7105],[-97.5944,32.7137],[-97.5975,32.7157],[-97.5984,32.7202],[-97.5977,32.7219],[-97.5982,32.7268],[-97.6,32.7295],[-97.6015,32.7291],[-97.6048,32.7206],[-97.6088,32.7182],[-97.6128,32.718],[-97.6155,32.7159],[-97.6204,32.7096],[-97.6212,32.7071],[-97.6211,32.7054],[-97.6247,32.7043],[-97.6256,32.7025],[-97.6309,32.6985],[-97.6318,32.6962],[-97.6317,32.6933],[-97.6345,32.692],[-97.6351,32.6911],[-97.6339,32.6879],[-97.6341,32.686],[-97.6353,32.6847],[-97.6345,32.6816],[-97.635,32.6796],[-97.6346,32.6782],[-97.6366,32.6754],[-97.641,32.6736],[-97.6444,32.6744],[-97.6472,32.6742],[-97.6501,32.6718],[-97.6538,32.6703],[-97.6637,32.6734],[-97.6698,32.6732],[-97.6788,32.6689],[-97.6815,32.6701],[-97.6856,32.6689],[-97.686,32.6678],[-97.6846,32.6653],[-97.6807,32.6641],[-97.6769,32.6613],[-97.6739,32.6625],[-97.6721,32.6611],[-97.6716,32.6586],[-97.6695,32.6579],[-97.6645,32.659],[-97.6633,32.656],[-97.6614,32.6558],[-97.6597,32.6565],[-97.6583,32.6552],[-97.6545,32.6551],[-97.6538,32.6525],[-97.6531,32.652],[-97.6473,32.653],[-97.6456,32.6506],[-97.6441,32.6503],[-97.6427,32.6489],[-97.641,32.6489],[-97.6394,32.6502],[-97.6372,32.6493],[-97.635,32.65],[-97.6345,32.6495],[-97.6326,32.6495],[-97.6316,32.6487],[-97.6296,32.6495],[-97.6285,32.6482],[-97.628,32.6456],[-97.6264,32.6451],[-97.625,32.6455],[-97.6236,32.6482],[-97.6222,32.6491],[-97.6197,32.6471],[-97.6197,32.646],[-97.619,32.6454],[-97.6168,32.6459],[-97.6153,32.6455],[-97.6154,32.6415],[-97.6134,32.6397],[-97.6107,32.6393],[-97.6094,32.6414],[-97.6089,32.6414],[-97.608,32.6409],[-97.608,32.6374],[-97.6073,32.6364],[-97.6032,32.6366],[-97.5972,32.6348],[-97.5935,32.6316],[-97.5942,32.6273],[-97.5935,32.6266],[-97.5917,32.6259],[-97.5875,32.6261],[-97.5842,32.6231],[-97.5816,32.6182],[-97.5789,32.6185],[-97.5731,32.6143],[-97.5699,32.6135],[-97.5702,32.6107],[-97.569,32.6089],[-97.5674,32.6079],[-97.5648,32.6083],[-97.5643,32.6106],[-97.5633,32.6111],[-97.5609,32.6101],[-97.5604,32.6076],[-97.5565,32.6049],[-97.5544,32.6047],[-97.5525,32.6072],[-97.5491,32.6049],[-97.5444,32.605],[-97.5406,32.6012],[-97.5324,32.6027],[-97.5299,32.6021],[-97.5274,32.6006],[-97.5215,32.6028],[-97.5165,32.6011],[-97.5118,32.6022],[-97.5078,32.604],[-97.5056,32.6083],[-97.5042,32.6092],[-97.5015,32.609],[-97.4955,32.6069],[-97.4959,32.6127],[-97.4973,32.6163],[-97.4969,32.6205],[-97.4992,32.6233],[-97.4978,32.6267],[-97.5004,32.629],[-97.5008,32.6332],[-97.5044,32.6327],[-97.5094,32.6331],[-97.5112,32.6347],[-97.5132,32.6351],[-97.5145,32.6389],[-97.5179,32.6405],[-97.5211,32.6407],[-97.5241,32.6443],[-97.5277,32.645],[-97.5296,32.6439],[-97.5329,32.649],[-97.5353,32.6477],[-97.5383,32.6483],[-97.5426,32.653],[-97.5447,32.6526],[-97.5456,32.6531],[-97.5465,32.6554],[-97.5483,32.657],[-97.5466,32.6611],[-97.5476,32.664],[-97.5492,32.6657],[-97.5496,32.6672],[-97.5525,32.6682],[-97.5603,32.6745],[-97.562,32.6775],[-97.5614,32.6811],[-97.5628,32.6824],[-97.5609,32.6882]]]},"properties":{"objectid":98045,"tnmid":"{23C68469-A630-44C9-932F-F2BCA99E419B}","metasourceid":"{511D2AC8-11BA-45FC-AB98-F69D693D4C44}","sourcedatadesc":"Watershed Boundary Dataset (WBD)","sourceoriginator":"Natural Resources and Conservation Service and U.S. Geological Survey","sourcefeatureid":null,"loaddate":1723704945000,"referencegnis_ids":"1331332,1384272","areaacres":23602.54,"areasqkm":95.52,"states":"TX","huc12":"120301020208","name":"Brown Branch-Clear Fork Trinity River","hutype":"S","humod":"NM","tohuc":"120301020305","noncontributingareaacres":0,"noncontributingareasqkm":0,"globalid":"{BD8F4875-E29C-11E2-8094-0021280458E6}","shape_Length":71130.70468341307,"shape_Area":135129192.6075502}},{"type":"Feature","id":98047,"geometry":{"type":"Polygon","coordinates":[[[-97.6856,32.6689],[-97.6906,32.6701],[-97.6918,32.6714],[-97.6939,32.6715],[-97.6952,32.6724],[-97.6979,32.6714],[-97.6998,32.6715],[-97.7009,32.6724],[-97.7019,32.6748],[-97.7033,32.6747],[-97.7059,32.6756],[-97.7085,32.6739],[-97.7103,32.674],[-97.7123,32.6755],[-97.7154,32.6755],[-97.7194,32.6768],[-97.7246,32.6757],[-97.7272,32.6727],[-97.7287,32.6725],[-97.7305,32.6736],[-97.7316,32.6761],[-97.7335,32.6768],[-97.734,32.6738],[-97.7362,32.6702],[-97.7345,32.668],[-97.7301,32.6649],[-97.7297,32.6623],[-97.7307,32.6608],[-97.7339,32.6593],[-97.7362,32.66],[-97.7377,32.6596],[-97.7384,32.6579],[-97.7374,32.655],[-97.7384,32.6505],[-97.7354,32.6483],[-97.7324,32.6488],[-97.7301,32.645],[-97.727,32.6455],[-97.7247,32.642],[-97.7208,32.6396],[-97.7158,32.638],[-97.7137,32.6365],[-97.7011,32.6336],[-97.6956,32.633],[-97.6946,32.6323],[-97.6918,32.6257],[-97.6859,32.6264],[-97.6846,32.6253],[-97.6819,32.6255],[-97.6807,32.6267],[-97.6782,32.6261],[-97.676,32.6278],[-97.6713,32.6278],[-97.6707,32.6286],[-97.6689,32.6272],[-97.6681,32.6249],[-97.667,32.6245],[-97.6654,32.625],[-97.6624,32.6236],[-97.657,32.6192],[-97.6538,32.6205],[-97.6528,32.6194],[-97.6505,32.6186],[-97.6439,32.6201],[-97.6414,32.6196],[-97.6408,32.6179],[-97.6384,32.6187],[-97.6362,32.6182],[-97.6329,32.6186],[-97.6303,32.6182],[-97.6295,32.6154],[-97.6277,32.6157],[-97.6235,32.6141],[-97.6227,32.6162],[-97.6192,32.6138],[-97.6194,32.6125],[-97.6187,32.6116],[-97.6172,32.6119],[-97.6148,32.6091],[-97.6128,32.6088],[-97.6129,32.6079],[-97.6114,32.606],[-97.6076,32.606],[-97.6061,32.6052],[-97.6011,32.6044],[-97.6002,32.6034],[-97.5977,32.6024],[-97.5971,32.6],[-97.5944,32.6],[-97.592,32.6018],[-97.5905,32.599],[-97.5892,32.5983],[-97.585,32.5989],[-97.5828,32.5955],[-97.5822,32.5931],[-97.5812,32.5922],[-97.5782,32.5927],[-97.5775,32.5938],[-97.5752,32.5923],[-97.5756,32.5903],[-97.5751,32.5896],[-97.5721,32.5888],[-97.5696,32.5867],[-97.5572,32.5851],[-97.558,32.5832],[-97.5623,32.5825],[-97.5628,32.5819],[-97.5624,32.5796],[-97.5607,32.5774],[-97.56,32.5752],[-97.5611,32.5743],[-97.5618,32.5724],[-97.5614,32.5705],[-97.5654,32.569],[-97.5646,32.5677],[-97.5652,32.5655],[-97.5638,32.5635],[-97.5642,32.5594],[-97.561,32.5566],[-97.5578,32.5549],[-97.5524,32.5566],[-97.5496,32.5557],[-97.548,32.5582],[-97.546,32.5598],[-97.5378,32.5613],[-97.5358,32.5628],[-97.5318,32.5617],[-97.5271,32.5629],[-97.5256,32.5657],[-97.5258,32.5682],[-97.5248,32.5694],[-97.517,32.5731],[-97.5164,32.5751],[-97.5121,32.5756],[-97.5108,32.578],[-97.5091,32.5788],[-97.5079,32.5802],[-97.5074,32.5847],[-97.505,32.5871],[-97.5053,32.5903],[-97.5023,32.5893],[-97.5,32.5918],[-97.4996,32.5945],[-97.4969,32.5965],[-97.4942,32.5959],[-97.4915,32.5962],[-97.4885,32.5993],[-97.4906,32.6044],[-97.4953,32.6072],[-97.4962,32.6069],[-97.5024,32.6092],[-97.5052,32.6088],[-97.5078,32.604],[-97.5118,32.6022],[-97.5165,32.6011],[-97.5215,32.6028],[-97.5274,32.6006],[-97.5299,32.6021],[-97.5324,32.6027],[-97.5406,32.6012],[-97.5444,32.605],[-97.5491,32.6049],[-97.5525,32.6072],[-97.5544,32.6047],[-97.5565,32.6049],[-97.5604,32.6076],[-97.5609,32.6101],[-97.5633,32.6111],[-97.5643,32.6106],[-97.5648,32.6083],[-97.5674,32.6079],[-97.569,32.6089],[-97.5702,32.6107],[-97.5699,32.6135],[-97.5731,32.6143],[-97.5789,32.6185],[-97.5816,32.6182],[-97.5842,32.6231],[-97.5875,32.6261],[-97.5917,32.6259],[-97.5935,32.6266],[-97.5942,32.6273],[-97.5935,32.6316],[-97.5972,32.6348],[-97.6032,32.6366],[-97.6073,32.6364],[-97.608,32.6374],[-97.608,32.6409],[-97.6089,32.6414],[-97.6094,32.6414],[-97.6107,32.6393],[-97.6134,32.6397],[-97.6154,32.6415],[-97.6153,32.6455],[-97.6168,32.6459],[-97.619,32.6454],[-97.6197,32.646],[-97.6197,32.6471],[-97.6222,32.6491],[-97.6236,32.6482],[-97.625,32.6455],[-97.6264,32.6451],[-97.628,32.6456],[-97.6285,32.6482],[-97.6296,32.6495],[-97.6316,32.6487],[-97.6326,32.6495],[-97.6345,32.6495],[-97.635,32.65],[-97.6372,32.6493],[-97.6394,32.6502],[-97.6417,32.6488],[-97.6432,32.6491],[-97.6441,32.6503],[-97.6456,32.6506],[-97.6473,32.653],[-97.6531,32.652],[-97.6538,32.6525],[-97.6545,32.6551],[-97.6583,32.6552],[-97.6597,32.6565],[-97.6614,32.6558],[-97.6633,32.656],[-97.6643,32.6587],[-97.6652,32.6591],[-97.6667,32.6583],[-97.6697,32.6579],[-97.6716,32.6586],[-97.6721,32.6611],[-97.6739,32.6625],[-97.6769,32.6613],[-97.6807,32.6641],[-97.6846,32.6653],[-97.686,32.6678],[-97.6856,32.6689]]]},"properties":{"objectid":98047,"tnmid":"{566EB023-2183-4119-8449-0C0287B65187}","metasourceid":"{511D2AC8-11BA-45FC-AB98-F69D693D4C44}","sourcedatadesc":"Watershed Boundary Dataset (WBD)","sourceoriginator":"Natural Resources and Conservation Service and U.S. Geological Survey","sourcefeatureid":null,"loaddate":1723704945000,"referencegnis_ids":"1384239","areaacres":20740.17,"areasqkm":83.93,"states":"TX","huc12":"120301020302","name":"Bear Creek","hutype":"S","humod":"NM","tohuc":"120301020305","noncontributingareaacres":0,"noncontributingareasqkm":0,"globalid":"{BD8F7D71-E29C-11E2-8094-0021280458E6}","shape_Length":87649.9686460142,"shape_Area":118650399.20419466}},{"type":"Feature","id":98049,"geometry":{"type":"Polygon","coordinates":[[[-97.4656,32.6032],[-97.4665,32.6041],[-97.4664,32.6073],[-97.473,32.6092],[-97.4788,32.6075],[-97.4815,32.6032],[-97.4852,32.6027],[-97.4862,32.6019],[-97.4868,32.6002],[-97.4881,32.5997],[-97.4913,32.5963],[-97.4942,32.5959],[-97.4969,32.5965],[-97.4996,32.5945],[-97.5,32.5918],[-97.5023,32.5893],[-97.5053,32.5903],[-97.5051,32.5869],[-97.5074,32.5847],[-97.5074,32.5813],[-97.5091,32.5788],[-97.5108,32.578],[-97.5127,32.5752],[-97.5164,32.5751],[-97.517,32.5731],[-97.5248,32.5694],[-97.5258,32.5682],[-97.5255,32.5664],[-97.5261,32.5642],[-97.528,32.5624],[-97.5326,32.5617],[-97.5358,32.5628],[-97.5378,32.5613],[-97.546,32.5598],[-97.548,32.5582],[-97.5496,32.5557],[-97.5524,32.5566],[-97.555,32.5561],[-97.5571,32.5548],[-97.5602,32.556],[-97.5635,32.5591],[-97.5651,32.5598],[-97.567,32.5585],[-97.5675,32.5551],[-97.5699,32.5528],[-97.5714,32.5519],[-97.5795,32.5497],[-97.5799,32.5492],[-97.5788,32.547],[-97.5789,32.5454],[-97.5793,32.544],[-97.5812,32.5421],[-97.5856,32.5399],[-97.5883,32.5372],[-97.595,32.5359],[-97.6012,32.5292],[-97.6013,32.5277],[-97.5966,32.5231],[-97.5963,32.5184],[-97.5954,32.5163],[-97.5951,32.5138],[-97.5958,32.512],[-97.5949,32.5096],[-97.5903,32.5061],[-97.5852,32.5066],[-97.5832,32.5052],[-97.5821,32.5021],[-97.5785,32.499],[-97.5785,32.495],[-97.5725,32.4935],[-97.5714,32.4925],[-97.5687,32.4934],[-97.5645,32.4929],[-97.5626,32.4934],[-97.5616,32.4942],[-97.5602,32.4978],[-97.557,32.5],[-97.5559,32.4998],[-97.5544,32.4983],[-97.5464,32.4984],[-97.545,32.4961],[-97.5427,32.495],[-97.5389,32.4951],[-97.5371,32.4961],[-97.5363,32.498],[-97.5348,32.4983],[-97.5317,32.4962],[-97.5301,32.494],[-97.5224,32.4945],[-97.5203,32.4952],[-97.5185,32.4975],[-97.5157,32.4986],[-97.5079,32.4959],[-97.5037,32.4899],[-97.4994,32.487],[-97.4967,32.4882],[-97.4938,32.4882],[-97.4898,32.4894],[-97.4896,32.4932],[-97.4915,32.4959],[-97.4908,32.501],[-97.4889,32.502],[-97.4879,32.5049],[-97.4869,32.5058],[-97.4857,32.5064],[-97.4836,32.5056],[-97.4815,32.5059],[-97.4783,32.509],[-97.4783,32.5116],[-97.4762,32.5135],[-97.4773,32.5157],[-97.4718,32.5232],[-97.473,32.5257],[-97.473,32.5276],[-97.4747,32.5292],[-97.4743,32.5305],[-97.4723,32.5323],[-97.4757,32.5382],[-97.475,32.5425],[-97.4766,32.5454],[-97.4766,32.5478],[-97.4756,32.5523],[-97.4739,32.5536],[-97.4737,32.5595],[-97.4704,32.5646],[-97.4699,32.5673],[-97.4703,32.5727],[-97.4731,32.5768],[-97.4729,32.5784],[-97.4708,32.5827],[-97.4709,32.5852],[-97.4722,32.5889],[-97.4721,32.5954],[-97.469,32.5985],[-97.469,32.6005],[-97.4658,32.6012],[-97.4656,32.6032]]]},"properties":{"objectid":98049,"tnmid":"{A09758D3-37F9-4DDE-A2F4-36B9E6E9DFE3}","metasourceid":"{511D2AC8-11BA-45FC-AB98-F69D693D4C44}","sourcedatadesc":"Watershed Boundary Dataset (WBD)","sourceoriginator":"Natural Resources and Conservation Service and U.S. Geological Survey","sourcefeatureid":null,"loaddate":1723704945000,"referencegnis_ids":"1342314","areaacres":22637.59,"areasqkm":91.61,"states":"TX","huc12":"120301020303","name":"Mustang Creek","hutype":"S","humod":"NM","tohuc":"120301020305","noncontributingareaacres":0,"noncontributingareasqkm":0,"globalid":"{BD8F9479-E29C-11E2-8094-0021280458E6}","shape_Length":58937.44671856244,"shape_Area":129265407.27143343}},{"type":"Feature","id":98051,"geometry":{"type":"Polygon","coordinates":[[[-97.4094,32.5918],[-97.4132,32.5932],[-97.414,32.5979],[-97.4161,32.6003],[-97.418,32.5998],[-97.4198,32.6004],[-97.4219,32.6002],[-97.4227,32.5998],[-97.4236,32.5972],[-97.4257,32.598],[-97.4287,32.5968],[-97.4354,32.5971],[-97.438,32.5964],[-97.4473,32.5962],[-97.4494,32.603],[-97.4525,32.6036],[-97.4564,32.6063],[-97.4597,32.606],[-97.4605,32.6072],[-97.4626,32.6082],[-97.4664,32.6073],[-97.4665,32.6041],[-97.4656,32.6032],[-97.4657,32.6014],[-97.469,32.6005],[-97.469,32.5985],[-97.4721,32.5954],[-97.4722,32.5889],[-97.4709,32.5852],[-97.4708,32.5827],[-97.4729,32.5784],[-97.4731,32.5768],[-97.4703,32.5727],[-97.4699,32.5673],[-97.4704,32.5646],[-97.4737,32.5595],[-97.4739,32.5536],[-97.4756,32.5523],[-97.4767,32.5472],[-97.4766,32.5454],[-97.475,32.5425],[-97.4757,32.5382],[-97.4723,32.5323],[-97.4743,32.5305],[-97.4747,32.5292],[-97.473,32.5276],[-97.473,32.5257],[-97.4718,32.5232],[-97.4773,32.5157],[-97.4762,32.5135],[-97.4783,32.5116],[-97.4783,32.509],[-97.4815,32.5059],[-97.4836,32.5056],[-97.4857,32.5064],[-97.4879,32.5049],[-97.4889,32.502],[-97.4908,32.501],[-97.4915,32.4959],[-97.4896,32.4932],[-97.4901,32.4902],[-97.4896,32.4888],[-97.4872,32.4858],[-97.4811,32.486],[-97.4759,32.4879],[-97.4733,32.488],[-97.4707,32.4805],[-97.4662,32.4782],[-97.4635,32.4738],[-97.463,32.4684],[-97.4598,32.465],[-97.4589,32.4594],[-97.4563,32.4577],[-97.4492,32.457],[-97.4479,32.4582],[-97.4476,32.4608],[-97.4466,32.4619],[-97.4445,32.4627],[-97.4425,32.4628],[-97.4392,32.4613],[-97.4378,32.4614],[-97.4356,32.4634],[-97.4364,32.4651],[-97.4351,32.466],[-97.4333,32.466],[-97.4311,32.4644],[-97.4303,32.4626],[-97.4287,32.4624],[-97.4276,32.461],[-97.4245,32.4633],[-97.4213,32.461],[-97.4185,32.461],[-97.4172,32.4618],[-97.4169,32.4632],[-97.4142,32.4648],[-97.4129,32.4696],[-97.4086,32.4709],[-97.4111,32.4769],[-97.4131,32.4793],[-97.4114,32.4809],[-97.4088,32.4816],[-97.4103,32.487],[-97.4061,32.4904],[-97.4055,32.4931],[-97.4063,32.4965],[-97.4037,32.4979],[-97.4022,32.5028],[-97.4028,32.5045],[-97.3997,32.5072],[-97.3992,32.5087],[-97.4006,32.512],[-97.403,32.5137],[-97.4039,32.5171],[-97.4049,32.5184],[-97.4031,32.5221],[-97.4035,32.5239],[-97.4053,32.5252],[-97.4064,32.5275],[-97.4048,32.5282],[-97.4053,32.53],[-97.4043,32.5307],[-97.3998,32.5308],[-97.4015,32.5333],[-97.4018,32.5372],[-97.4012,32.5383],[-97.4021,32.5398],[-97.4023,32.542],[-97.4009,32.5442],[-97.398,32.5451],[-97.3967,32.5463],[-97.3996,32.5469],[-97.4032,32.5495],[-97.4088,32.5567],[-97.4087,32.5585],[-97.4053,32.5634],[-97.4063,32.5645],[-97.4087,32.565],[-97.4097,32.5668],[-97.4101,32.5722],[-97.4086,32.576],[-97.4088,32.5817],[-97.4106,32.5873],[-97.4094,32.5918]]]},"properties":{"objectid":98051,"tnmid":"{F0F49DB0-DCB5-49BD-8CB8-E0196C5C0948}","metasourceid":"{511D2AC8-11BA-45FC-AB98-F69D693D4C44}","sourcedatadesc":"Watershed Boundary Dataset (WBD)","sourceoriginator":"Natural Resources and Conservation Service and U.S. Geological Survey","sourcefeatureid":null,"loaddate":1723704945000,"referencegnis_ids":"1345367","areaacres":24119.16,"areasqkm":97.61,"states":"TX","huc12":"120301020304","name":"Rock Creek","hutype":"S","humod":"NM","tohuc":"120301020305","noncontributingareaacres":0,"noncontributingareasqkm":0,"globalid":"{BD8FB292-E29C-11E2-8094-0021280458E6}","shape_Length":61207.66023588358,"shape_Area":137704949.2263498}},{"type":"Feature","id":98053,"geometry":{"type":"Polygon","coordinates":[[[-97.4779,32.6727],[-97.4794,32.6726],[-97.4803,32.6704],[-97.481,32.6702],[-97.4828,32.6713],[-97.4847,32.6708],[-97.4871,32.6719],[-97.4894,32.6714],[-97.491,32.6702],[-97.495,32.6723],[-97.4955,32.6715],[-97.4983,32.6717],[-97.5005,32.6731],[-97.5019,32.6715],[-97.5048,32.6721],[-97.5069,32.6734],[-97.5086,32.6726],[-97.5101,32.6742],[-97.5132,32.6743],[-97.5137,32.6725],[-97.517,32.6723],[-97.5168,32.6701],[-97.5179,32.669],[-97.5214,32.669],[-97.5234,32.6709],[-97.5331,32.6726],[-97.5355,32.6752],[-97.5435,32.6796],[-97.5457,32.6798],[-97.5512,32.6817],[-97.5548,32.6871],[-97.5566,32.688],[-97.5609,32.6882],[-97.5628,32.6824],[-97.5614,32.6811],[-97.562,32.6775],[-97.5608,32.6751],[-97.5537,32.6691],[-97.5501,32.6676],[-97.5476,32.664],[-97.5466,32.6611],[-97.5483,32.657],[-97.5465,32.6554],[-97.5453,32.6528],[-97.5426,32.653],[-97.5383,32.6483],[-97.5353,32.6477],[-97.5329,32.649],[-97.5296,32.6439],[-97.5277,32.645],[-97.5241,32.6443],[-97.5211,32.6407],[-97.5179,32.6405],[-97.5145,32.6389],[-97.5132,32.6351],[-97.5112,32.6347],[-97.5094,32.6331],[-97.5044,32.6327],[-97.5008,32.6332],[-97.5004,32.629],[-97.4978,32.6267],[-97.4992,32.6233],[-97.4969,32.6205],[-97.4973,32.6163],[-97.4959,32.6127],[-97.4953,32.6072],[-97.4903,32.6042],[-97.4885,32.5993],[-97.4868,32.6002],[-97.4862,32.6019],[-97.4852,32.6027],[-97.4815,32.6032],[-97.4788,32.6075],[-97.4722,32.6092],[-97.4664,32.6073],[-97.4622,32.6081],[-97.4597,32.606],[-97.4564,32.6063],[-97.4525,32.6036],[-97.4494,32.603],[-97.4478,32.5967],[-97.446,32.596],[-97.438,32.5964],[-97.4354,32.5971],[-97.4287,32.5968],[-97.4262,32.598],[-97.4236,32.5972],[-97.4227,32.5998],[-97.4219,32.6002],[-97.4198,32.6004],[-97.418,32.5998],[-97.4161,32.6003],[-97.414,32.5979],[-97.4132,32.5932],[-97.4094,32.5918],[-97.4086,32.5938],[-97.4059,32.5966],[-97.4036,32.5983],[-97.3993,32.6],[-97.3981,32.6023],[-97.4009,32.6072],[-97.3963,32.6088],[-97.3909,32.6128],[-97.3904,32.614],[-97.391,32.6185],[-97.3893,32.6195],[-97.3872,32.6196],[-97.387,32.6204],[-97.388,32.6235],[-97.3879,32.6265],[-97.3887,32.6277],[-97.395,32.6283],[-97.3994,32.6315],[-97.4017,32.6316],[-97.4027,32.638],[-97.402,32.6413],[-97.404,32.6413],[-97.4057,32.6399],[-97.4167,32.6373],[-97.4182,32.6389],[-97.4214,32.6353],[-97.4247,32.6362],[-97.4254,32.6373],[-97.4252,32.6399],[-97.4284,32.6436],[-97.4356,32.6454],[-97.4378,32.6448],[-97.4415,32.6454],[-97.4422,32.6465],[-97.4437,32.647],[-97.4467,32.6509],[-97.4656,32.6564],[-97.4677,32.6602],[-97.4723,32.6653],[-97.4743,32.6702],[-97.4779,32.6727]]]},"properties":{"objectid":98053,"tnmid":"{8BCEFECA-8B65-402E-B2FA-D5A0061CEF48}","metasourceid":"{511D2AC8-11BA-45FC-AB98-F69D693D4C44}","sourcedatadesc":"Watershed Boundary Dataset (WBD)","sourceoriginator":"Natural Resources and Conservation Service and U.S. Geological Survey","sourcefeatureid":null,"loaddate":1723704945000,"referencegnis_ids":"1334808,1330411","areaacres":17974.73,"areasqkm":72.74,"states":"TX","huc12":"120301020305","name":"Dutch Branch-Benbrook Lake","hutype":"S","humod":"DM","tohuc":"120301020307","noncontributingareaacres":0,"noncontributingareasqkm":0,"globalid":"{BD8FC98D-E29C-11E2-8094-0021280458E6}","shape_Length":62206.693359331715,"shape_Area":102864262.97209218}},{"type":"Feature","id":98055,"geometry":{"type":"Polygon","coordinates":[[[-97.5623,32.7841],[-97.5682,32.7827],[-97.571,32.7847],[-97.5706,32.7863],[-97.5725,32.7878],[-97.5728,32.7889],[-97.5752,32.7905],[-97.5754,32.7932],[-97.5764,32.7943],[-97.5786,32.7907],[-97.5807,32.7897],[-97.5819,32.7908],[-97.5829,32.7948],[-97.5837,32.7956],[-97.5869,32.7938],[-97.5946,32.7992],[-97.5986,32.7996],[-97.6008,32.7989],[-97.6026,32.8003],[-97.6029,32.8025],[-97.6053,32.8036],[-97.609,32.8024],[-97.6091,32.8041],[-97.6105,32.8062],[-97.6129,32.8068],[-97.6154,32.8083],[-97.6172,32.8073],[-97.6188,32.8077],[-97.6205,32.8102],[-97.623,32.8097],[-97.6219,32.8059],[-97.6224,32.8042],[-97.6237,32.8028],[-97.6275,32.801],[-97.6291,32.7984],[-97.6313,32.7977],[-97.6329,32.7975],[-97.6381,32.7988],[-97.6381,32.7946],[-97.6399,32.7939],[-97.6403,32.7928],[-97.6402,32.789],[-97.6383,32.7859],[-97.6329,32.7826],[-97.6344,32.7787],[-97.6341,32.7759],[-97.6325,32.7736],[-97.6311,32.7735],[-97.6273,32.7704],[-97.628,32.768],[-97.6294,32.7661],[-97.6291,32.7623],[-97.6271,32.7603],[-97.6273,32.7579],[-97.6247,32.7556],[-97.6203,32.7547],[-97.6188,32.7526],[-97.618,32.7495],[-97.6204,32.7479],[-97.6207,32.7465],[-97.6192,32.7407],[-97.6156,32.7391],[-97.6122,32.7392],[-97.6105,32.7371],[-97.6099,32.7348],[-97.6067,32.7347],[-97.6071,32.7309],[-97.6056,32.7285],[-97.6,32.7295],[-97.5994,32.7289],[-97.5982,32.7268],[-97.5977,32.7219],[-97.5984,32.7202],[-97.5975,32.7157],[-97.5944,32.7137],[-97.5936,32.7105],[-97.5885,32.7105],[-97.5867,32.71],[-97.5862,32.7095],[-97.5872,32.7066],[-97.5852,32.7049],[-97.5847,32.703],[-97.5794,32.7041],[-97.5777,32.7024],[-97.5756,32.7017],[-97.5693,32.6896],[-97.5664,32.6885],[-97.5566,32.688],[-97.5548,32.6871],[-97.5512,32.6817],[-97.5457,32.6798],[-97.5435,32.6796],[-97.5355,32.6752],[-97.5331,32.6726],[-97.5234,32.6709],[-97.5214,32.669],[-97.5179,32.669],[-97.5168,32.6701],[-97.517,32.6723],[-97.5137,32.6725],[-97.5132,32.6743],[-97.5101,32.6742],[-97.5086,32.6726],[-97.5069,32.6734],[-97.5048,32.6721],[-97.5019,32.6715],[-97.5005,32.6731],[-97.4983,32.6717],[-97.4955,32.6715],[-97.495,32.6723],[-97.491,32.6702],[-97.4894,32.6714],[-97.4871,32.6719],[-97.4847,32.6708],[-97.4828,32.6713],[-97.481,32.6702],[-97.4803,32.6704],[-97.4794,32.6726],[-97.4767,32.673],[-97.4748,32.6748],[-97.4715,32.6747],[-97.467,32.6774],[-97.465,32.6802],[-97.4649,32.6816],[-97.463,32.6838],[-97.462,32.6837],[-97.4608,32.6816],[-97.4576,32.6803],[-97.4559,32.6807],[-97.4549,32.6817],[-97.4545,32.6844],[-97.4536,32.6859],[-97.4513,32.6868],[-97.4451,32.6855],[-97.4414,32.6834],[-97.4399,32.6841],[-97.4386,32.6853],[-97.4379,32.6851],[-97.4353,32.6888],[-97.431,32.6925],[-97.431,32.6939],[-97.4286,32.6955],[-97.4334,32.6986],[-97.4375,32.7041],[-97.4378,32.7055],[-97.4368,32.7074],[-97.4373,32.7091],[-97.4408,32.7117],[-97.4425,32.7167],[-97.4456,32.7194],[-97.448,32.72],[-97.4476,32.7242],[-97.4492,32.7236],[-97.4517,32.725],[-97.4543,32.7248],[-97.4559,32.7256],[-97.4571,32.7288],[-97.4603,32.7293],[-97.463,32.733],[-97.4627,32.7349],[-97.4638,32.7369],[-97.4652,32.7378],[-97.4663,32.74],[-97.4693,32.7403],[-97.4701,32.7385],[-97.4743,32.7384],[-97.4775,32.7405],[-97.4809,32.7404],[-97.4821,32.741],[-97.4844,32.7397],[-97.4853,32.7385],[-97.4868,32.7392],[-97.4892,32.7392],[-97.4905,32.7403],[-97.4974,32.7434],[-97.4992,32.7436],[-97.5029,32.7412],[-97.5043,32.7426],[-97.5079,32.743],[-97.5085,32.7444],[-97.5119,32.7452],[-97.5136,32.7471],[-97.5133,32.7487],[-97.5152,32.7498],[-97.516,32.7516],[-97.5191,32.7538],[-97.5193,32.7553],[-97.5231,32.756],[-97.5239,32.7568],[-97.5257,32.7552],[-97.5282,32.7564],[-97.5304,32.7511],[-97.532,32.7508],[-97.5343,32.7524],[-97.5347,32.7545],[-97.538,32.7543],[-97.5389,32.7557],[-97.5412,32.7561],[-97.5418,32.7586],[-97.5439,32.7606],[-97.5478,32.7604],[-97.55,32.7626],[-97.5557,32.7631],[-97.5567,32.7658],[-97.5564,32.7672],[-97.5571,32.7695],[-97.5602,32.7722],[-97.5595,32.774],[-97.5604,32.7749],[-97.5601,32.7778],[-97.5626,32.7808],[-97.5623,32.7841]]]},"properties":{"objectid":98055,"tnmid":"{8CA8315A-F46C-419F-B838-43D5220D66D2}","metasourceid":"{511D2AC8-11BA-45FC-AB98-F69D693D4C44}","sourcedatadesc":"Watershed Boundary Dataset (WBD)","sourceoriginator":"Natural Resources and Conservation Service and U.S. Geological Survey","sourcefeatureid":null,"loaddate":1723704945000,"referencegnis_ids":"1341047","areaacres":35365.42,"areasqkm":143.12,"states":"TX","huc12":"120301020306","name":"Marys Creek","hutype":"S","humod":"NM","tohuc":"120301020307","noncontributingareaacres":0,"noncontributingareasqkm":0,"globalid":"{BD8FE7BE-E29C-11E2-8094-0021280458E6}","shape_Length":80269.99945685339,"shape_Area":202805172.3914864}},{"type":"Feature","id":98056,"geometry":{"type":"Polygon","coordinates":[[[-97.3384,32.7601],[-97.3406,32.7605],[-97.343,32.7586],[-97.3469,32.7618],[-97.3504,32.7547],[-97.3564,32.7521],[-97.3691,32.7488],[-97.374,32.7484],[-97.3787,32.7467],[-97.3814,32.7471],[-97.3849,32.7452],[-97.3918,32.7443],[-97.4017,32.737],[-97.4059,32.7386],[-97.4073,32.7356],[-97.409,32.735],[-97.4147,32.7336],[-97.4171,32.7343],[-97.4189,32.7325],[-97.4198,32.7323],[-97.4244,32.7334],[-97.4254,32.7321],[-97.4292,32.7307],[-97.4292,32.7289],[-97.4311,32.7279],[-97.4316,32.7261],[-97.4347,32.7248],[-97.4352,32.7224],[-97.4361,32.7215],[-97.4412,32.7222],[-97.4445,32.7252],[-97.4464,32.725],[-97.4476,32.7242],[-97.448,32.72],[-97.4456,32.7194],[-97.4425,32.7167],[-97.4408,32.7117],[-97.4373,32.7091],[-97.4368,32.7074],[-97.4378,32.7055],[-97.4375,32.7041],[-97.4334,32.6986],[-97.4286,32.6955],[-97.431,32.6939],[-97.431,32.6925],[-97.4353,32.6888],[-97.4379,32.6851],[-97.4386,32.6853],[-97.4414,32.6834],[-97.4451,32.6855],[-97.4513,32.6868],[-97.4536,32.6859],[-97.4545,32.6844],[-97.4549,32.6817],[-97.4559,32.6807],[-97.4576,32.6803],[-97.4608,32.6816],[-97.462,32.6837],[-97.463,32.6838],[-97.4649,32.6816],[-97.465,32.6802],[-97.467,32.6774],[-97.4715,32.6747],[-97.475,32.6748],[-97.4767,32.673],[-97.4779,32.6727],[-97.4743,32.6702],[-97.4723,32.6653],[-97.4677,32.6602],[-97.4656,32.6564],[-97.4467,32.6509],[-97.4437,32.647],[-97.4422,32.6465],[-97.4415,32.6454],[-97.4378,32.6448],[-97.4356,32.6454],[-97.4284,32.6436],[-97.4252,32.6399],[-97.4254,32.6373],[-97.4247,32.6362],[-97.4214,32.6353],[-97.4182,32.6389],[-97.4167,32.6373],[-97.4057,32.6399],[-97.404,32.6413],[-97.402,32.6413],[-97.4,32.6467],[-97.3962,32.6481],[-97.3931,32.6482],[-97.3917,32.6511],[-97.3886,32.6503],[-97.3861,32.6545],[-97.3859,32.6571],[-97.383,32.6606],[-97.382,32.6608],[-97.3783,32.6592],[-97.3763,32.6624],[-97.3738,32.6638],[-97.3726,32.6676],[-97.3709,32.668],[-97.3691,32.6672],[-97.3667,32.6685],[-97.3638,32.6685],[-97.3613,32.67],[-97.3607,32.6709],[-97.3607,32.6741],[-97.3625,32.6777],[-97.3604,32.6812],[-97.3585,32.6807],[-97.3523,32.6816],[-97.3504,32.681],[-97.3486,32.6818],[-97.3502,32.6848],[-97.351,32.6895],[-97.3503,32.6909],[-97.3482,32.6923],[-97.3474,32.6939],[-97.3453,32.6936],[-97.3431,32.6952],[-97.3433,32.6974],[-97.3422,32.6987],[-97.3422,32.7],[-97.3394,32.7031],[-97.3389,32.7065],[-97.3339,32.7125],[-97.3338,32.7152],[-97.3322,32.7187],[-97.329,32.7204],[-97.329,32.7242],[-97.3317,32.7257],[-97.332,32.7269],[-97.3302,32.7314],[-97.3295,32.7352],[-97.3262,32.7398],[-97.3275,32.741],[-97.3276,32.743],[-97.3287,32.7437],[-97.3301,32.7435],[-97.3322,32.7462],[-97.3317,32.7506],[-97.3346,32.7533],[-97.3332,32.7559],[-97.3376,32.7572],[-97.3385,32.7581],[-97.3384,32.7601]]]},"properties":{"objectid":98056,"tnmid":"{5AC52291-3027-461D-872F-4DD61BB78A0A}","metasourceid":"{511D2AC8-11BA-45FC-AB98-F69D693D4C44}","sourcedatadesc":"Watershed Boundary Dataset (WBD)","sourceoriginator":"Natural Resources and Conservation Service and U.S. Geological Survey","sourcefeatureid":null,"loaddate":1723704945000,"referencegnis_ids":"1333190,1384272","areaacres":25064.77,"areasqkm":101.43,"states":"TX","huc12":"120301020307","name":"Lake Como-Clear Fork Trinity River","hutype":"S","humod":"NM","tohuc":"120301020501","noncontributingareaacres":0,"noncontributingareasqkm":0,"globalid":"{BD8FFEA6-E29C-11E2-8094-0021280458E6}","shape_Length":63378.488982445706,"shape_Area":143633600.54742345}},{"type":"Feature","id":98058,"geometry":{"type":"Polygon","coordinates":[[[-97.3295,32.5714],[-97.332,32.5716],[-97.3442,32.5653],[-97.348,32.5656],[-97.3489,32.564],[-97.3491,32.5577],[-97.3479,32.5538],[-97.3517,32.5509],[-97.3555,32.5507],[-97.3626,32.5479],[-97.3651,32.5431],[-97.3669,32.5439],[-97.3707,32.5441],[-97.3767,32.5408],[-97.3849,32.5409],[-97.3875,32.54],[-97.3901,32.5414],[-97.3926,32.5409],[-97.3955,32.5463],[-97.3967,32.5463],[-97.4019,32.5433],[-97.4024,32.5406],[-97.4012,32.5383],[-97.4018,32.5372],[-97.4019,32.5351],[-97.4013,32.5326],[-97.3997,32.5309],[-97.4043,32.5307],[-97.4053,32.53],[-97.4048,32.5282],[-97.4064,32.5275],[-97.4053,32.5252],[-97.4035,32.5239],[-97.4031,32.5221],[-97.4049,32.5184],[-97.4039,32.5171],[-97.403,32.5137],[-97.4006,32.512],[-97.3995,32.5102],[-97.3993,32.508],[-97.4028,32.5045],[-97.4022,32.5028],[-97.4037,32.4979],[-97.4063,32.4965],[-97.4055,32.4931],[-97.4061,32.4904],[-97.4103,32.487],[-97.4088,32.4816],[-97.4114,32.4809],[-97.4131,32.4793],[-97.4111,32.4769],[-97.4086,32.4709],[-97.4055,32.4721],[-97.4044,32.4741],[-97.4041,32.4766],[-97.4025,32.4769],[-97.4006,32.4757],[-97.3965,32.4705],[-97.3943,32.4707],[-97.3938,32.4716],[-97.3924,32.4717],[-97.3908,32.4704],[-97.3885,32.4699],[-97.3876,32.4687],[-97.3883,32.4658],[-97.3875,32.4634],[-97.3876,32.4624],[-97.3886,32.4616],[-97.3885,32.4599],[-97.3861,32.4577],[-97.3828,32.4577],[-97.3796,32.4558],[-97.3787,32.4557],[-97.3769,32.4577],[-97.3738,32.4564],[-97.3683,32.4563],[-97.3667,32.4573],[-97.3649,32.4601],[-97.3618,32.4626],[-97.3593,32.4621],[-97.3581,32.4598],[-97.3566,32.4589],[-97.3526,32.4587],[-97.3517,32.4566],[-97.3531,32.4542],[-97.3531,32.4526],[-97.3503,32.4518],[-97.3486,32.4503],[-97.3465,32.4497],[-97.3433,32.4502],[-97.3432,32.445],[-97.3426,32.4419],[-97.3391,32.4413],[-97.3336,32.4387],[-97.3323,32.4417],[-97.3317,32.442],[-97.3275,32.4397],[-97.3243,32.442],[-97.3239,32.4454],[-97.322,32.4455],[-97.3178,32.447],[-97.317,32.449],[-97.3175,32.4516],[-97.3113,32.4509],[-97.3088,32.4513],[-97.3078,32.4522],[-97.3047,32.4521],[-97.3043,32.4535],[-97.3001,32.4572],[-97.2966,32.457],[-97.2956,32.4583],[-97.2935,32.4585],[-97.2926,32.4579],[-97.2925,32.4559],[-97.29,32.452],[-97.2863,32.4533],[-97.2842,32.4531],[-97.282,32.4524],[-97.2814,32.4508],[-97.2739,32.4528],[-97.2738,32.4541],[-97.2722,32.4567],[-97.2731,32.4615],[-97.2743,32.4632],[-97.2716,32.4643],[-97.2731,32.4672],[-97.2722,32.4689],[-97.2718,32.4724],[-97.2728,32.4743],[-97.2732,32.4782],[-97.274,32.4792],[-97.2741,32.4805],[-97.2728,32.483],[-97.269,32.4837],[-97.2691,32.485],[-97.2678,32.4864],[-97.2707,32.4912],[-97.2705,32.492],[-97.2695,32.4937],[-97.2676,32.4928],[-97.2618,32.4939],[-97.2615,32.4953],[-97.2623,32.4987],[-97.2604,32.4998],[-97.2593,32.4993],[-97.2572,32.4996],[-97.2547,32.5071],[-97.2571,32.5152],[-97.2599,32.516],[-97.2616,32.5192],[-97.2648,32.5182],[-97.2655,32.5191],[-97.2649,32.5233],[-97.2611,32.524],[-97.2588,32.5265],[-97.2599,32.5312],[-97.2563,32.5341],[-97.2566,32.5375],[-97.2561,32.5397],[-97.2578,32.5404],[-97.2589,32.5429],[-97.2609,32.5436],[-97.2601,32.5453],[-97.2613,32.5472],[-97.2629,32.5478],[-97.2662,32.5476],[-97.2707,32.5491],[-97.2735,32.551],[-97.2765,32.548],[-97.2783,32.5479],[-97.2796,32.5489],[-97.281,32.549],[-97.2822,32.5473],[-97.2833,32.5469],[-97.2866,32.5482],[-97.2905,32.5532],[-97.2928,32.5577],[-97.296,32.5607],[-97.3006,32.56],[-97.3035,32.562],[-97.3077,32.5605],[-97.3208,32.5636],[-97.3233,32.5661],[-97.3238,32.5686],[-97.3251,32.5701],[-97.3282,32.5715],[-97.3295,32.5714]]]},"properties":{"objectid":98058,"tnmid":"{FA4FB6FB-618B-4B61-879B-1DCEC6CA55B6}","metasourceid":"{511D2AC8-11BA-45FC-AB98-F69D693D4C44}","sourcedatadesc":"Watershed Boundary Dataset (WBD)","sourceoriginator":"Natural Resources and Conservation Service and U.S. Geological Survey","sourcefeatureid":null,"loaddate":1723704945000,"referencegnis_ids":"1344662,1376597","areaacres":35779.65,"areasqkm":144.8,"states":"TX","huc12":"120301020401","name":"Quil Miller Creek-Village Creek","hutype":"S","humod":"NM","tohuc":"120301020402","noncontributingareaacres":0,"noncontributingareasqkm":0,"globalid":"{BD901CD7-E29C-11E2-8094-0021280458E6}","shape_Length":74521.50398678842,"shape_Area":204164642.34483406}},{"type":"Feature","id":98084,"geometry":{"type":"Polygon","coordinates":[[[-97.2097,32.6732],[-97.2087,32.6744],[-97.2068,32.6749],[-97.2063,32.6768],[-97.2045,32.6788],[-97.2035,32.6788],[-97.2032,32.6806],[-97.2009,32.6826],[-97.2007,32.6843],[-97.2012,32.6851],[-97.1983,32.6866],[-97.1947,32.6901],[-97.1934,32.6904],[-97.1934,32.6914],[-97.1947,32.6928],[-97.1939,32.6997],[-97.1971,32.7041],[-97.1959,32.7054],[-97.1941,32.7116],[-97.191,32.7133],[-97.191,32.7154],[-97.1919,32.7171],[-97.206,32.7265],[-97.206,32.7272],[-97.2091,32.7297],[-97.2071,32.7336],[-97.2056,32.7345],[-97.2048,32.7359],[-97.2057,32.7381],[-97.2089,32.7386],[-97.2102,32.7409],[-97.2137,32.7418],[-97.2158,32.741],[-97.2203,32.7435],[-97.2239,32.7437],[-97.2268,32.7423],[-97.2299,32.7429],[-97.2312,32.7426],[-97.2304,32.7387],[-97.231,32.7376],[-97.2363,32.736],[-97.2376,32.7333],[-97.2404,32.7343],[-97.2464,32.7329],[-97.2496,32.7338],[-97.2515,32.7331],[-97.2552,32.7345],[-97.2572,32.7345],[-97.261,32.7309],[-97.2614,32.7277],[-97.266,32.725],[-97.266,32.7237],[-97.2631,32.7182],[-97.261,32.7179],[-97.2605,32.7166],[-97.2636,32.7156],[-97.2659,32.713],[-97.2704,32.7109],[-97.2722,32.7108],[-97.2729,32.71],[-97.2732,32.7077],[-97.2756,32.707],[-97.2759,32.7032],[-97.2746,32.7013],[-97.2748,32.6997],[-97.2766,32.6984],[-97.2763,32.6965],[-97.283,32.695],[-97.2854,32.6927],[-97.288,32.6917],[-97.2897,32.6919],[-97.2905,32.6913],[-97.2902,32.6884],[-97.2883,32.685],[-97.2887,32.6818],[-97.2872,32.6796],[-97.2873,32.6762],[-97.2862,32.6739],[-97.2819,32.671],[-97.2788,32.6699],[-97.2755,32.6701],[-97.2751,32.6724],[-97.2742,32.673],[-97.2703,32.6722],[-97.2688,32.671],[-97.2666,32.6667],[-97.2598,32.6641],[-97.2577,32.6617],[-97.2555,32.6613],[-97.2542,32.6604],[-97.2527,32.6605],[-97.2509,32.6594],[-97.249,32.6599],[-97.2464,32.6627],[-97.2447,32.6629],[-97.243,32.6608],[-97.2416,32.6636],[-97.2377,32.6651],[-97.2362,32.6682],[-97.2367,32.6692],[-97.2363,32.6711],[-97.2371,32.673],[-97.2366,32.6747],[-97.2357,32.6758],[-97.2313,32.6769],[-97.2312,32.6783],[-97.2257,32.6789],[-97.2144,32.6739],[-97.2109,32.6739],[-97.2097,32.6732]]]},"properties":{"objectid":98084,"tnmid":"{660562C3-D5F8-4147-9A57-2D2EE4B2EDF1}","metasourceid":"{511D2AC8-11BA-45FC-AB98-F69D693D4C44}","sourcedatadesc":"Watershed Boundary Dataset (WBD)","sourceoriginator":"Natural Resources and Conservation Service and U.S. Geological Survey","sourcefeatureid":null,"loaddate":1723704945000,"referencegnis_ids":"1350055,1329681","areaacres":13159.68,"areasqkm":53.26,"states":"TX","huc12":"120301020404","name":"Wildcat Branch-Lake Arlington","hutype":"S","humod":"DM,GC","tohuc":"120301020405","noncontributingareaacres":0,"noncontributingareasqkm":0,"globalid":"{BDAB7FD1-E29C-11E2-8094-0021280458E6}","shape_Length":42275.88733631904,"shape_Area":75417256.76407458}},{"type":"Feature","id":98085,"geometry":{"type":"Polygon","coordinates":[[[-97.34,32.6088],[-97.3448,32.6086],[-97.3474,32.6057],[-97.3488,32.6051],[-97.3544,32.6048],[-97.3572,32.6037],[-97.366,32.6022],[-97.3722,32.6019],[-97.379,32.6059],[-97.3811,32.6081],[-97.3857,32.611],[-97.3868,32.6136],[-97.3884,32.615],[-97.3905,32.615],[-97.3909,32.6128],[-97.3948,32.6097],[-97.4006,32.6075],[-97.401,32.6068],[-97.3981,32.6023],[-97.3982,32.6015],[-97.3993,32.6],[-97.4036,32.5983],[-97.4059,32.5966],[-97.4086,32.5938],[-97.4106,32.5873],[-97.4088,32.5817],[-97.4086,32.576],[-97.4101,32.5722],[-97.4097,32.5668],[-97.4087,32.565],[-97.4063,32.5645],[-97.4053,32.5634],[-97.4087,32.5585],[-97.4088,32.5567],[-97.4032,32.5495],[-97.3996,32.5469],[-97.3951,32.5462],[-97.3947,32.5444],[-97.3926,32.5409],[-97.3901,32.5414],[-97.3875,32.54],[-97.3849,32.5409],[-97.3767,32.5408],[-97.3707,32.5441],[-97.3669,32.5439],[-97.3651,32.5431],[-97.3626,32.5479],[-97.3555,32.5507],[-97.3517,32.5509],[-97.3479,32.5538],[-97.3491,32.5577],[-97.3489,32.564],[-97.348,32.5656],[-97.3442,32.5653],[-97.3311,32.5718],[-97.3282,32.5715],[-97.3251,32.5701],[-97.3238,32.5686],[-97.3228,32.5654],[-97.3195,32.5632],[-97.3077,32.5605],[-97.3035,32.562],[-97.3006,32.56],[-97.296,32.5607],[-97.2928,32.5577],[-97.2905,32.5532],[-97.2866,32.5482],[-97.2833,32.5469],[-97.2822,32.5473],[-97.281,32.549],[-97.2796,32.5489],[-97.2783,32.5479],[-97.2765,32.548],[-97.2735,32.551],[-97.2707,32.5491],[-97.2662,32.5476],[-97.2629,32.5478],[-97.2613,32.5472],[-97.2592,32.5494],[-97.2553,32.5514],[-97.2527,32.5551],[-97.2492,32.5546],[-97.2466,32.5556],[-97.2445,32.5555],[-97.2439,32.5561],[-97.2423,32.5599],[-97.2444,32.5617],[-97.2443,32.564],[-97.2453,32.5658],[-97.2453,32.567],[-97.2424,32.5694],[-97.2447,32.5713],[-97.246,32.5749],[-97.2518,32.5771],[-97.2549,32.5771],[-97.258,32.5802],[-97.263,32.5822],[-97.2637,32.5843],[-97.2714,32.5843],[-97.2752,32.5865],[-97.2787,32.5874],[-97.2806,32.5889],[-97.2816,32.5921],[-97.2825,32.593],[-97.2962,32.5938],[-97.3022,32.5971],[-97.3072,32.598],[-97.3197,32.6026],[-97.3224,32.6031],[-97.3296,32.6018],[-97.3337,32.6025],[-97.3376,32.6039],[-97.34,32.6088]]]},"properties":{"objectid":98085,"tnmid":"{D1E24BF7-A95F-4202-AD1C-5F87836ED102}","metasourceid":"{511D2AC8-11BA-45FC-AB98-F69D693D4C44}","sourcedatadesc":"Watershed Boundary Dataset (WBD)","sourceoriginator":"Natural Resources and Conservation Service and U.S. Geological Survey","sourcefeatureid":null,"loaddate":1723704945000,"referencegnis_ids":"1334211,1376597","areaacres":18660.29,"areasqkm":75.52,"states":"TX","huc12":"120301020402","name":"Deer Creek-Village Creek","hutype":"S","humod":"NM","tohuc":"120301020403","noncontributingareaacres":0,"noncontributingareasqkm":0,"globalid":"{BD9033E2-E29C-11E2-8094-0021280458E6}","shape_Length":57005.70576921971,"shape_Area":106645250.4548451}},{"type":"Feature","id":98088,"geometry":{"type":"Polygon","coordinates":[[[-97.2097,32.6732],[-97.2109,32.6739],[-97.2144,32.6739],[-97.2257,32.6789],[-97.2312,32.6783],[-97.2313,32.6769],[-97.2357,32.6758],[-97.2366,32.6747],[-97.2371,32.673],[-97.2363,32.6711],[-97.2367,32.6692],[-97.2362,32.6682],[-97.2377,32.6651],[-97.2416,32.6636],[-97.243,32.6608],[-97.2447,32.6629],[-97.2464,32.6627],[-97.249,32.6599],[-97.2509,32.6594],[-97.2527,32.6605],[-97.2542,32.6604],[-97.2555,32.6613],[-97.2577,32.6617],[-97.2598,32.6641],[-97.2666,32.6667],[-97.2688,32.671],[-97.2703,32.6722],[-97.2748,32.6729],[-97.2758,32.6699],[-97.2788,32.6699],[-97.2819,32.671],[-97.2862,32.6739],[-97.2873,32.6762],[-97.2872,32.6796],[-97.2923,32.6747],[-97.2948,32.6683],[-97.3033,32.6631],[-97.3065,32.6595],[-97.3133,32.6567],[-97.3147,32.6546],[-97.3153,32.6518],[-97.3182,32.65],[-97.3196,32.6483],[-97.3197,32.6465],[-97.3217,32.6446],[-97.3217,32.6427],[-97.3242,32.6376],[-97.3245,32.6351],[-97.3238,32.6323],[-97.3242,32.6314],[-97.3292,32.6254],[-97.3303,32.622],[-97.3343,32.6187],[-97.3366,32.6118],[-97.3377,32.6101],[-97.34,32.6088],[-97.3387,32.6052],[-97.3376,32.6039],[-97.331,32.6018],[-97.3224,32.6031],[-97.3197,32.6026],[-97.3072,32.598],[-97.3022,32.5971],[-97.2962,32.5938],[-97.2825,32.593],[-97.2816,32.5921],[-97.2806,32.5889],[-97.2787,32.5874],[-97.2752,32.5865],[-97.2714,32.5843],[-97.2637,32.5843],[-97.263,32.5822],[-97.258,32.5802],[-97.2549,32.5771],[-97.2518,32.5771],[-97.2485,32.5755],[-97.2473,32.5774],[-97.2447,32.5789],[-97.2433,32.5809],[-97.2448,32.5835],[-97.2414,32.5853],[-97.2395,32.5902],[-97.2369,32.59],[-97.236,32.5916],[-97.2331,32.5902],[-97.231,32.5906],[-97.2285,32.5961],[-97.2244,32.5989],[-97.2238,32.6005],[-97.2219,32.6016],[-97.2204,32.6019],[-97.2196,32.6006],[-97.2179,32.5996],[-97.2161,32.6005],[-97.2144,32.6029],[-97.2119,32.6025],[-97.2109,32.6046],[-97.2089,32.6047],[-97.2066,32.6061],[-97.2046,32.6063],[-97.2033,32.6074],[-97.2005,32.6074],[-97.2009,32.6099],[-97.2002,32.6118],[-97.201,32.6147],[-97.2042,32.6157],[-97.2054,32.6172],[-97.2046,32.6188],[-97.2025,32.6188],[-97.2025,32.6212],[-97.2,32.621],[-97.1993,32.6218],[-97.2009,32.6262],[-97.2004,32.6316],[-97.201,32.6325],[-97.1988,32.6367],[-97.1995,32.6389],[-97.1988,32.6402],[-97.1989,32.643],[-97.2038,32.6451],[-97.204,32.6484],[-97.2092,32.6523],[-97.2085,32.6551],[-97.2093,32.6594],[-97.2076,32.6611],[-97.2075,32.6625],[-97.2054,32.6634],[-97.2054,32.6646],[-97.2075,32.665],[-97.2099,32.6666],[-97.2102,32.6685],[-97.2092,32.6709],[-97.2097,32.6732]]]},"properties":{"objectid":98088,"tnmid":"{E73568BC-2F33-460D-A5E9-8D2DD36F7F84}","metasourceid":"{511D2AC8-11BA-45FC-AB98-F69D693D4C44}","sourcedatadesc":"Watershed Boundary Dataset (WBD)","sourceoriginator":"Natural Resources and Conservation Service and U.S. Geological Survey","sourcefeatureid":null,"loaddate":1723704945000,"referencegnis_ids":"1376597,1329681","areaacres":23821.06,"areasqkm":96.4,"states":"TX","huc12":"120301020403","name":"Village Creek-Lake Arlington","hutype":"S","humod":"GC","tohuc":"120301020404","noncontributingareaacres":0,"noncontributingareasqkm":0,"globalid":"{BD9051E8-E29C-11E2-8094-0021280458E6}","shape_Length":56772.06468489238,"shape_Area":136299423.369794}},{"type":"Feature","id":98096,"geometry":{"type":"Polygon","coordinates":[[[-97.3927,32.8791],[-97.3943,32.8815],[-97.3966,32.8879],[-97.4007,32.8919],[-97.4053,32.8936],[-97.4074,32.892],[-97.4084,32.8898],[-97.4099,32.8892],[-97.412,32.8896],[-97.4141,32.8891],[-97.4204,32.8849],[-97.4249,32.8809],[-97.4249,32.8788],[-97.423,32.8756],[-97.424,32.8741],[-97.4239,32.8701],[-97.422,32.8701],[-97.4205,32.8693],[-97.4207,32.8639],[-97.4248,32.8612],[-97.4253,32.8558],[-97.4252,32.8535],[-97.4229,32.8515],[-97.4205,32.844],[-97.422,32.8396],[-97.4212,32.8379],[-97.4218,32.8351],[-97.42,32.8323],[-97.4198,32.8291],[-97.4205,32.8274],[-97.4181,32.8247],[-97.4181,32.8225],[-97.4127,32.8183],[-97.4114,32.8129],[-97.4094,32.8123],[-97.4095,32.8106],[-97.4113,32.8085],[-97.4065,32.8068],[-97.4021,32.8088],[-97.3986,32.8085],[-97.3948,32.8096],[-97.393,32.8092],[-97.3909,32.8075],[-97.3871,32.8067],[-97.3864,32.806],[-97.3863,32.8044],[-97.3849,32.8011],[-97.3805,32.8007],[-97.3737,32.7965],[-97.372,32.7915],[-97.369,32.7901],[-97.3693,32.7885],[-97.3708,32.7871],[-97.3706,32.7845],[-97.3689,32.7836],[-97.3681,32.7826],[-97.368,32.781],[-97.3664,32.7801],[-97.3664,32.779],[-97.3651,32.7777],[-97.3646,32.7747],[-97.3626,32.774],[-97.3588,32.7713],[-97.3538,32.7714],[-97.3508,32.7691],[-97.3494,32.7694],[-97.3465,32.7721],[-97.3438,32.771],[-97.3446,32.7664],[-97.3374,32.7607],[-97.3384,32.7601],[-97.3386,32.7586],[-97.3376,32.7572],[-97.3332,32.7559],[-97.3346,32.7533],[-97.3317,32.7506],[-97.3322,32.7462],[-97.3301,32.7435],[-97.3287,32.7437],[-97.3276,32.743],[-97.327,32.7403],[-97.322,32.7377],[-97.3214,32.7377],[-97.3211,32.7391],[-97.3192,32.7391],[-97.3189,32.7355],[-97.3123,32.7361],[-97.3105,32.7371],[-97.3092,32.7387],[-97.3056,32.7392],[-97.3019,32.7422],[-97.3017,32.7446],[-97.2993,32.7488],[-97.3018,32.7514],[-97.3025,32.7529],[-97.3035,32.7569],[-97.3028,32.7591],[-97.3034,32.76],[-97.3033,32.7618],[-97.3047,32.7641],[-97.3053,32.7697],[-97.3115,32.7742],[-97.3124,32.7804],[-97.3116,32.7822],[-97.3124,32.7837],[-97.312,32.7874],[-97.3134,32.7886],[-97.3147,32.7913],[-97.3146,32.7957],[-97.3157,32.7969],[-97.3157,32.7977],[-97.319,32.7984],[-97.3193,32.7993],[-97.3237,32.8026],[-97.3221,32.8044],[-97.3226,32.8064],[-97.3233,32.8071],[-97.3206,32.8087],[-97.3202,32.8115],[-97.3261,32.8185],[-97.3272,32.8218],[-97.3282,32.8231],[-97.3357,32.8271],[-97.341,32.828],[-97.3421,32.8304],[-97.3427,32.8358],[-97.3467,32.8382],[-97.3491,32.8412],[-97.3555,32.8414],[-97.3617,32.8454],[-97.3621,32.8462],[-97.3617,32.8502],[-97.3629,32.8524],[-97.3654,32.8551],[-97.3666,32.8581],[-97.3699,32.8598],[-97.3761,32.8687],[-97.3787,32.8698],[-97.3889,32.872],[-97.3902,32.873],[-97.3912,32.877],[-97.3927,32.8791]]]},"properties":{"objectid":98096,"tnmid":"{5202D484-0C5E-4104-8120-ACEFD2B7D4C0}","metasourceid":"{511D2AC8-11BA-45FC-AB98-F69D693D4C44}","sourcedatadesc":"Watershed Boundary Dataset (WBD)","sourceoriginator":"Natural Resources and Conservation Service and U.S. Geological Survey","sourcefeatureid":null,"loaddate":1723704945000,"referencegnis_ids":"1374800,1383210","areaacres":21021.9,"areasqkm":85.07,"states":"TX","huc12":"120301020501","name":"Marine Creek-West Fork Trinity River","hutype":"S","humod":"NM","tohuc":"120301020504","noncontributingareaacres":0,"noncontributingareasqkm":0,"globalid":"{BDABB4DC-E29C-11E2-8094-0021280458E6}","shape_Length":61833.721063167824,"shape_Area":120785042.22687705}},{"type":"Feature","id":98100,"geometry":{"type":"Polygon","coordinates":[[[-97.1271,32.7642],[-97.1302,32.7646],[-97.1307,32.7658],[-97.1323,32.7667],[-97.1356,32.7653],[-97.1365,32.7642],[-97.1386,32.7643],[-97.1407,32.7673],[-97.142,32.7707],[-97.1414,32.7723],[-97.1424,32.7751],[-97.1462,32.7768],[-97.1496,32.7758],[-97.1536,32.7726],[-97.1548,32.7708],[-97.1579,32.7696],[-97.1599,32.7698],[-97.1607,32.7688],[-97.1636,32.7713],[-97.1653,32.7705],[-97.167,32.7715],[-97.1686,32.7708],[-97.1686,32.7694],[-97.1697,32.7686],[-97.1742,32.768],[-97.1757,32.7682],[-97.177,32.7703],[-97.1817,32.7691],[-97.1856,32.7711],[-97.1885,32.7712],[-97.1897,32.7726],[-97.1905,32.7762],[-97.1921,32.7766],[-97.1937,32.7749],[-97.1961,32.7742],[-97.1938,32.7698],[-97.1971,32.7666],[-97.197,32.7628],[-97.1994,32.7602],[-97.2107,32.76],[-97.2127,32.7575],[-97.2152,32.7577],[-97.2195,32.7596],[-97.224,32.7594],[-97.2265,32.7564],[-97.2264,32.7539],[-97.2239,32.7508],[-97.2252,32.7488],[-97.2229,32.7438],[-97.2203,32.7435],[-97.2158,32.741],[-97.2141,32.7418],[-97.2115,32.7413],[-97.2097,32.7406],[-97.2089,32.7386],[-97.2057,32.7381],[-97.2048,32.7359],[-97.2056,32.7345],[-97.2071,32.7336],[-97.2091,32.7297],[-97.206,32.7272],[-97.206,32.7265],[-97.1919,32.7171],[-97.191,32.7154],[-97.191,32.7133],[-97.1941,32.7116],[-97.1959,32.7054],[-97.1971,32.7041],[-97.1939,32.6997],[-97.1947,32.6928],[-97.1934,32.6914],[-97.1934,32.6904],[-97.1947,32.6901],[-97.1983,32.6866],[-97.2012,32.6851],[-97.2007,32.6843],[-97.2009,32.6826],[-97.2032,32.6806],[-97.2035,32.6788],[-97.2045,32.6788],[-97.2063,32.6768],[-97.2068,32.6749],[-97.2087,32.6744],[-97.2097,32.6732],[-97.2093,32.6704],[-97.2102,32.6685],[-97.2099,32.6666],[-97.2075,32.665],[-97.2054,32.6646],[-97.2054,32.6634],[-97.2075,32.6625],[-97.2076,32.6611],[-97.2093,32.6594],[-97.2085,32.6551],[-97.2092,32.6523],[-97.204,32.6484],[-97.2038,32.6451],[-97.1989,32.643],[-97.1988,32.6402],[-97.1995,32.6389],[-97.1988,32.6367],[-97.201,32.6325],[-97.2004,32.6316],[-97.2009,32.6262],[-97.1993,32.6218],[-97.2,32.621],[-97.2025,32.6212],[-97.2025,32.6188],[-97.2046,32.6188],[-97.2054,32.6172],[-97.2042,32.6157],[-97.201,32.6147],[-97.2002,32.6118],[-97.2009,32.6106],[-97.2009,32.608],[-97.199,32.6052],[-97.1939,32.6056],[-97.1908,32.6049],[-97.1886,32.6056],[-97.183,32.6036],[-97.1787,32.6055],[-97.1782,32.6077],[-97.1763,32.6098],[-97.169,32.6122],[-97.1622,32.6125],[-97.1601,32.614],[-97.1555,32.6149],[-97.1531,32.6141],[-97.1505,32.6119],[-97.1465,32.6131],[-97.1429,32.6109],[-97.1378,32.6101],[-97.1361,32.6107],[-97.1338,32.6138],[-97.1333,32.6163],[-97.1358,32.62],[-97.1337,32.625],[-97.1299,32.6286],[-97.1299,32.6346],[-97.129,32.6373],[-97.1321,32.6409],[-97.1325,32.6421],[-97.1295,32.6452],[-97.1291,32.6474],[-97.1274,32.6486],[-97.1282,32.6511],[-97.1303,32.6532],[-97.1293,32.6553],[-97.1315,32.6574],[-97.1313,32.6614],[-97.1298,32.6665],[-97.1284,32.6683],[-97.1252,32.67],[-97.1242,32.6732],[-97.1265,32.6803],[-97.1307,32.6824],[-97.13,32.6845],[-97.1275,32.6864],[-97.1274,32.6879],[-97.1309,32.6892],[-97.13,32.694],[-97.1334,32.6957],[-97.1327,32.698],[-97.1311,32.6993],[-97.1343,32.7019],[-97.1311,32.7093],[-97.1331,32.7141],[-97.1329,32.7182],[-97.128,32.72],[-97.1266,32.7228],[-97.1272,32.7244],[-97.1289,32.7255],[-97.1289,32.7274],[-97.1314,32.7289],[-97.131,32.7312],[-97.1288,32.7335],[-97.1261,32.7329],[-97.1253,32.7364],[-97.1209,32.7384],[-97.1222,32.7406],[-97.1191,32.7426],[-97.1203,32.747],[-97.1199,32.7486],[-97.1175,32.7503],[-97.1217,32.7532],[-97.1239,32.756],[-97.1229,32.7576],[-97.1248,32.7589],[-97.1271,32.7642]]]},"properties":{"objectid":98100,"tnmid":"{74B67133-6CA8-4606-B864-86BA048D4888}","metasourceid":"{511D2AC8-11BA-45FC-AB98-F69D693D4C44}","sourcedatadesc":"Watershed Boundary Dataset (WBD)","sourceoriginator":"Natural Resources and Conservation Service and U.S. Geological Survey","sourcefeatureid":null,"loaddate":1723704945000,"referencegnis_ids":"1345757,1376597","areaacres":31007.29,"areasqkm":125.48,"states":"TX","huc12":"120301020405","name":"Rush Creek-Village Creek","hutype":"S","humod":"GC","tohuc":"120301020506","noncontributingareaacres":0,"noncontributingareasqkm":0,"globalid":"{BDAB9DE8-E29C-11E2-8094-0021280458E6}","shape_Length":77304.64795993057,"shape_Area":177669755.91463065}},{"type":"Feature","id":98101,"geometry":{"type":"Polygon","coordinates":[[[-97.2572,32.7345],[-97.2583,32.7358],[-97.2576,32.7377],[-97.2578,32.7408],[-97.2692,32.7421],[-97.2713,32.7438],[-97.2751,32.7444],[-97.2771,32.7456],[-97.2824,32.7447],[-97.2867,32.7471],[-97.2906,32.7482],[-97.2952,32.7511],[-97.2981,32.749],[-97.2993,32.7488],[-97.3017,32.7446],[-97.3019,32.7422],[-97.3029,32.741],[-97.3038,32.741],[-97.3056,32.7392],[-97.3092,32.7387],[-97.3105,32.7371],[-97.3123,32.7361],[-97.3189,32.7355],[-97.3192,32.7391],[-97.3211,32.7391],[-97.3214,32.7377],[-97.322,32.7377],[-97.3241,32.7385],[-97.3252,32.7397],[-97.3262,32.7398],[-97.3295,32.7352],[-97.3302,32.7314],[-97.332,32.7269],[-97.3317,32.7257],[-97.329,32.7242],[-97.329,32.7204],[-97.3322,32.7187],[-97.3338,32.7152],[-97.3339,32.7125],[-97.3389,32.7065],[-97.3394,32.7031],[-97.3422,32.7],[-97.3422,32.6987],[-97.3433,32.6974],[-97.3431,32.6952],[-97.3453,32.6936],[-97.3474,32.6939],[-97.3482,32.6923],[-97.3503,32.6909],[-97.351,32.6895],[-97.351,32.6878],[-97.3496,32.6833],[-97.3487,32.6824],[-97.3488,32.6815],[-97.3504,32.681],[-97.3535,32.6816],[-97.3585,32.6807],[-97.3604,32.6812],[-97.3625,32.6777],[-97.3607,32.6741],[-97.3607,32.6709],[-97.3613,32.67],[-97.3638,32.6685],[-97.3667,32.6685],[-97.3691,32.6672],[-97.3709,32.668],[-97.3726,32.6676],[-97.3738,32.6638],[-97.3763,32.6624],[-97.3783,32.6592],[-97.382,32.6608],[-97.383,32.6606],[-97.3859,32.6571],[-97.3861,32.6545],[-97.3886,32.6503],[-97.3917,32.6511],[-97.3931,32.6482],[-97.3993,32.6471],[-97.4007,32.6458],[-97.4027,32.638],[-97.4017,32.6316],[-97.3994,32.6315],[-97.395,32.6283],[-97.3894,32.6281],[-97.3879,32.6265],[-97.388,32.6235],[-97.387,32.62],[-97.391,32.6185],[-97.3905,32.615],[-97.3884,32.615],[-97.3868,32.6136],[-97.3857,32.611],[-97.3811,32.6081],[-97.379,32.6059],[-97.3722,32.6019],[-97.366,32.6022],[-97.3572,32.6037],[-97.3544,32.6048],[-97.3488,32.6051],[-97.3474,32.6057],[-97.3448,32.6086],[-97.341,32.6086],[-97.3377,32.6101],[-97.3366,32.6118],[-97.3343,32.6187],[-97.3303,32.622],[-97.3292,32.6254],[-97.3242,32.6314],[-97.3238,32.6323],[-97.3245,32.6351],[-97.3242,32.6376],[-97.3217,32.6427],[-97.3217,32.6446],[-97.3197,32.6465],[-97.3196,32.6483],[-97.3182,32.65],[-97.3153,32.6518],[-97.3142,32.6557],[-97.3124,32.6573],[-97.3065,32.6595],[-97.3033,32.6631],[-97.2948,32.6683],[-97.2923,32.6747],[-97.2872,32.6796],[-97.2887,32.6818],[-97.2883,32.685],[-97.2902,32.6884],[-97.2903,32.6916],[-97.287,32.6919],[-97.283,32.695],[-97.2763,32.6965],[-97.2766,32.6984],[-97.2748,32.6997],[-97.2746,32.7013],[-97.2759,32.7032],[-97.2756,32.707],[-97.2732,32.7077],[-97.2729,32.71],[-97.2722,32.7108],[-97.2704,32.7109],[-97.2659,32.713],[-97.2636,32.7156],[-97.2605,32.7166],[-97.261,32.7179],[-97.2631,32.7182],[-97.266,32.7237],[-97.266,32.725],[-97.2614,32.7277],[-97.261,32.7309],[-97.2572,32.7345]]]},"properties":{"objectid":98101,"tnmid":"{3D378E84-DB3B-4F1C-A518-B0972C526B31}","metasourceid":"{511D2AC8-11BA-45FC-AB98-F69D693D4C44}","sourcedatadesc":"Watershed Boundary Dataset (WBD)","sourceoriginator":"Natural Resources and Conservation Service and U.S. Geological Survey","sourcefeatureid":null,"loaddate":1723704945000,"referencegnis_ids":"1376357","areaacres":23684.25,"areasqkm":95.85,"states":"TX","huc12":"120301020502","name":"Headwaters Sycamore Creek","hutype":"S","humod":"NM","tohuc":"120301020504","noncontributingareaacres":0,"noncontributingareasqkm":0,"globalid":"{BDABD30A-E29C-11E2-8094-0021280458E6}","shape_Length":64392.57361220091,"shape_Area":135655160.254815}},{"type":"Feature","id":98103,"geometry":{"type":"Polygon","coordinates":[[[-97.3406,32.9415],[-97.3418,32.941],[-97.3438,32.9379],[-97.3448,32.9378],[-97.3459,32.9385],[-97.348,32.9422],[-97.352,32.9445],[-97.3555,32.9421],[-97.3576,32.9416],[-97.3614,32.9438],[-97.3634,32.944],[-97.3659,32.9431],[-97.3686,32.9405],[-97.3721,32.94],[-97.3759,32.9421],[-97.3817,32.9439],[-97.385,32.9432],[-97.3882,32.9412],[-97.3948,32.9446],[-97.3991,32.9452],[-97.4041,32.9498],[-97.4055,32.9525],[-97.4118,32.955],[-97.4183,32.9477],[-97.4194,32.9436],[-97.4153,32.934],[-97.4037,32.9177],[-97.4017,32.9053],[-97.404,32.904],[-97.4042,32.9004],[-97.4035,32.8984],[-97.4043,32.8962],[-97.4054,32.8954],[-97.4053,32.8936],[-97.4007,32.8919],[-97.3966,32.8879],[-97.3943,32.8815],[-97.3927,32.8791],[-97.3895,32.8822],[-97.3863,32.884],[-97.3817,32.8854],[-97.3711,32.8834],[-97.368,32.8818],[-97.3666,32.8802],[-97.3633,32.8801],[-97.363,32.8757],[-97.3596,32.8744],[-97.3512,32.869],[-97.3431,32.8672],[-97.3405,32.8658],[-97.3352,32.8606],[-97.3325,32.8598],[-97.3261,32.8544],[-97.3203,32.8535],[-97.3173,32.8496],[-97.3116,32.8507],[-97.3074,32.8475],[-97.3054,32.8476],[-97.3035,32.849],[-97.3014,32.8455],[-97.2973,32.8454],[-97.2958,32.8462],[-97.2939,32.8443],[-97.2899,32.8428],[-97.2857,32.8359],[-97.2772,32.8276],[-97.277,32.8238],[-97.274,32.8225],[-97.2716,32.8225],[-97.2674,32.8201],[-97.2657,32.8136],[-97.2588,32.8118],[-97.2554,32.8082],[-97.2542,32.805],[-97.2528,32.8049],[-97.2515,32.803],[-97.2498,32.8025],[-97.2483,32.8007],[-97.2454,32.8009],[-97.2441,32.7988],[-97.2423,32.7979],[-97.2429,32.7942],[-97.2416,32.7934],[-97.2379,32.793],[-97.2377,32.7924],[-97.2374,32.7884],[-97.2386,32.7856],[-97.238,32.7847],[-97.236,32.7838],[-97.2341,32.7843],[-97.2316,32.7883],[-97.2277,32.7898],[-97.2269,32.7911],[-97.2277,32.7928],[-97.2291,32.7937],[-97.2289,32.7982],[-97.2277,32.8025],[-97.2259,32.8037],[-97.2254,32.8067],[-97.2244,32.8082],[-97.2242,32.8159],[-97.2225,32.8197],[-97.2252,32.8212],[-97.2251,32.8224],[-97.2267,32.8252],[-97.231,32.8292],[-97.231,32.8357],[-97.2318,32.8372],[-97.2351,32.8403],[-97.2378,32.8415],[-97.2398,32.8435],[-97.2429,32.8453],[-97.2407,32.8469],[-97.2401,32.8525],[-97.2368,32.8544],[-97.2362,32.8575],[-97.2367,32.8605],[-97.2339,32.8631],[-97.2338,32.8642],[-97.2377,32.8692],[-97.2382,32.871],[-97.2377,32.8773],[-97.2342,32.881],[-97.2349,32.8831],[-97.2347,32.8874],[-97.2354,32.8881],[-97.2356,32.891],[-97.2369,32.8927],[-97.2395,32.8937],[-97.2457,32.8933],[-97.2507,32.8942],[-97.2541,32.9031],[-97.2521,32.907],[-97.2521,32.9087],[-97.2545,32.9135],[-97.2555,32.9143],[-97.2575,32.9147],[-97.2593,32.9159],[-97.2624,32.9161],[-97.265,32.9182],[-97.2676,32.918],[-97.27,32.9188],[-97.2743,32.9169],[-97.2783,32.9182],[-97.2779,32.92],[-97.2803,32.9217],[-97.2829,32.9223],[-97.2838,32.9234],[-97.2863,32.9243],[-97.2877,32.927],[-97.2909,32.9286],[-97.2962,32.929],[-97.3014,32.9274],[-97.3047,32.9284],[-97.3136,32.9291],[-97.3163,32.9284],[-97.3183,32.926],[-97.3197,32.9274],[-97.321,32.9312],[-97.3235,32.9333],[-97.332,32.9351],[-97.3352,32.9375],[-97.3363,32.9394],[-97.3406,32.9415]]]},"properties":{"objectid":98103,"tnmid":"{66E6FF48-A399-4AB9-91DA-1A5DB7CF8682}","metasourceid":"{511D2AC8-11BA-45FC-AB98-F69D693D4C44}","sourcedatadesc":"Watershed Boundary Dataset (WBD)","sourceoriginator":"Natural Resources and Conservation Service and U.S. Geological Survey","sourcefeatureid":null,"loaddate":1723704945000,"referencegnis_ids":"1350012,1372549","areaacres":35849.37,"areasqkm":145.08,"states":"TX","huc12":"120301020503","name":"Whites Branch-Big Fossil Creek","hutype":"S","humod":"NM","tohuc":"120301020504","noncontributingareaacres":0,"noncontributingareasqkm":0,"globalid":"{BDABE9FE-E29C-11E2-8094-0021280458E6}","shape_Length":81453.37274505933,"shape_Area":206294286.35605323}},{"type":"Feature","id":98105,"geometry":{"type":"Polygon","coordinates":[[[-97.2341,32.7843],[-97.236,32.7838],[-97.238,32.7847],[-97.2386,32.7856],[-97.2374,32.7884],[-97.2377,32.7924],[-97.2379,32.793],[-97.2416,32.7934],[-97.2429,32.7942],[-97.2423,32.7979],[-97.2441,32.7988],[-97.2454,32.8009],[-97.2483,32.8007],[-97.2498,32.8025],[-97.2515,32.803],[-97.2528,32.8049],[-97.2542,32.805],[-97.2554,32.8082],[-97.2588,32.8118],[-97.2657,32.8136],[-97.2674,32.8201],[-97.2716,32.8225],[-97.274,32.8225],[-97.277,32.8238],[-97.2772,32.8276],[-97.2857,32.8359],[-97.2893,32.8422],[-97.291,32.8435],[-97.2939,32.8443],[-97.2958,32.8462],[-97.2973,32.8454],[-97.3014,32.8455],[-97.3035,32.849],[-97.3054,32.8476],[-97.3074,32.8475],[-97.3116,32.8507],[-97.3173,32.8496],[-97.3203,32.8535],[-97.3261,32.8544],[-97.3325,32.8598],[-97.3352,32.8606],[-97.3405,32.8658],[-97.3431,32.8672],[-97.3512,32.869],[-97.3596,32.8744],[-97.363,32.8757],[-97.3633,32.8801],[-97.3666,32.8802],[-97.368,32.8818],[-97.3711,32.8834],[-97.3817,32.8854],[-97.3863,32.884],[-97.3895,32.8822],[-97.3927,32.8791],[-97.3912,32.877],[-97.3902,32.873],[-97.3889,32.872],[-97.3787,32.8698],[-97.3761,32.8687],[-97.3699,32.8598],[-97.3666,32.8581],[-97.3654,32.8551],[-97.3629,32.8524],[-97.3617,32.8502],[-97.3621,32.8462],[-97.3617,32.8454],[-97.3555,32.8414],[-97.3491,32.8412],[-97.3467,32.8382],[-97.3427,32.8358],[-97.3421,32.8304],[-97.341,32.828],[-97.3357,32.8271],[-97.3282,32.8231],[-97.3272,32.8218],[-97.3261,32.8185],[-97.3199,32.8108],[-97.3206,32.8087],[-97.3233,32.8071],[-97.3226,32.8064],[-97.3221,32.8044],[-97.3237,32.8026],[-97.3193,32.7993],[-97.319,32.7984],[-97.3157,32.7977],[-97.3157,32.7969],[-97.3146,32.7957],[-97.3147,32.7913],[-97.3134,32.7886],[-97.312,32.7874],[-97.3124,32.7837],[-97.3116,32.7822],[-97.3124,32.7804],[-97.3115,32.7742],[-97.3053,32.7697],[-97.3047,32.7641],[-97.3033,32.7618],[-97.3034,32.76],[-97.3028,32.7591],[-97.3035,32.7569],[-97.3025,32.7529],[-97.3018,32.7514],[-97.2993,32.7488],[-97.2948,32.7511],[-97.2906,32.7482],[-97.2867,32.7471],[-97.2824,32.7447],[-97.2771,32.7456],[-97.2751,32.7444],[-97.2713,32.7438],[-97.2692,32.7421],[-97.2578,32.7408],[-97.2581,32.7354],[-97.2572,32.7345],[-97.2552,32.7345],[-97.2525,32.7332],[-97.2496,32.7338],[-97.2464,32.7329],[-97.2404,32.7343],[-97.2375,32.7333],[-97.2363,32.736],[-97.231,32.7376],[-97.2304,32.7387],[-97.2312,32.7426],[-97.2299,32.7429],[-97.2268,32.7423],[-97.2229,32.7438],[-97.2252,32.7488],[-97.2239,32.7508],[-97.2268,32.7547],[-97.2265,32.7564],[-97.2244,32.7583],[-97.224,32.7602],[-97.2279,32.7617],[-97.2283,32.763],[-97.2305,32.7655],[-97.2296,32.7685],[-97.23,32.7709],[-97.229,32.7736],[-97.2292,32.7769],[-97.2299,32.7794],[-97.232,32.7803],[-97.2321,32.7823],[-97.2341,32.7843]]]},"properties":{"objectid":98105,"tnmid":"{0F6E9DDD-A270-4622-A520-8373791B1633}","metasourceid":"{511D2AC8-11BA-45FC-AB98-F69D693D4C44}","sourcedatadesc":"Watershed Boundary Dataset (WBD)","sourceoriginator":"Natural Resources and Conservation Service and U.S. Geological Survey","sourcefeatureid":null,"loaddate":1723704945000,"referencegnis_ids":"1376357,1383210","areaacres":22344.41,"areasqkm":90.42,"states":"TX","huc12":"120301020504","name":"Sycamore Creek-West Fork Trinity River","hutype":"S","humod":"NM","tohuc":"120301020506","noncontributingareaacres":0,"noncontributingareasqkm":0,"globalid":"{BDAC0822-E29C-11E2-8094-0021280458E6}","shape_Length":67318.0413133588,"shape_Area":128341414.18691269}},{"type":"Feature","id":98107,"geometry":{"type":"Polygon","coordinates":[[[-97.1413,32.8542],[-97.1415,32.8548],[-97.1466,32.8577],[-97.1507,32.8583],[-97.151,32.8596],[-97.1531,32.8621],[-97.1565,32.8622],[-97.1573,32.8636],[-97.1569,32.8654],[-97.1576,32.8663],[-97.1636,32.8629],[-97.1639,32.8612],[-97.1686,32.861],[-97.1708,32.8627],[-97.1701,32.8661],[-97.1715,32.8681],[-97.1713,32.8706],[-97.1746,32.87],[-97.1793,32.8704],[-97.1825,32.8695],[-97.1832,32.8719],[-97.1849,32.8731],[-97.1865,32.8729],[-97.1879,32.8713],[-97.1913,32.8716],[-97.1929,32.871],[-97.1957,32.8719],[-97.1961,32.8742],[-97.1954,32.8748],[-97.1954,32.8772],[-97.198,32.8815],[-97.1974,32.8835],[-97.1979,32.884],[-97.2042,32.8838],[-97.2061,32.8824],[-97.2061,32.8802],[-97.2086,32.8791],[-97.2095,32.8768],[-97.2119,32.8791],[-97.2155,32.8797],[-97.2163,32.8829],[-97.2173,32.8839],[-97.2189,32.8842],[-97.2189,32.8858],[-97.2199,32.8866],[-97.2188,32.8876],[-97.2199,32.8888],[-97.2237,32.8895],[-97.2272,32.8888],[-97.2306,32.8893],[-97.2347,32.8874],[-97.2349,32.8831],[-97.2342,32.881],[-97.2377,32.8773],[-97.2381,32.8703],[-97.2338,32.8642],[-97.2339,32.8631],[-97.2367,32.8605],[-97.2362,32.8575],[-97.2368,32.8544],[-97.2401,32.8525],[-97.2407,32.8469],[-97.2429,32.8453],[-97.2398,32.8435],[-97.2378,32.8415],[-97.2351,32.8403],[-97.2318,32.8372],[-97.231,32.8357],[-97.231,32.8292],[-97.2267,32.8252],[-97.2251,32.8224],[-97.2252,32.8212],[-97.2225,32.8197],[-97.2198,32.8195],[-97.2173,32.8173],[-97.2135,32.8163],[-97.2086,32.8132],[-97.206,32.8128],[-97.2044,32.8134],[-97.202,32.8125],[-97.1995,32.813],[-97.1981,32.8106],[-97.1971,32.8068],[-97.1945,32.8065],[-97.1923,32.8034],[-97.1892,32.8021],[-97.1821,32.7968],[-97.1797,32.7968],[-97.1772,32.7979],[-97.1758,32.7979],[-97.1538,32.7936],[-97.1465,32.7952],[-97.1405,32.7951],[-97.1372,32.797],[-97.1338,32.7969],[-97.1324,32.7981],[-97.1304,32.7984],[-97.1294,32.7983],[-97.128,32.7971],[-97.1271,32.7984],[-97.1274,32.802],[-97.1255,32.8026],[-97.1253,32.8049],[-97.1243,32.8064],[-97.1287,32.814],[-97.1276,32.8161],[-97.1276,32.8177],[-97.1324,32.8208],[-97.1356,32.825],[-97.1339,32.8263],[-97.137,32.8311],[-97.1368,32.837],[-97.1376,32.8409],[-97.1349,32.8431],[-97.1376,32.8465],[-97.1378,32.8482],[-97.137,32.8496],[-97.1374,32.8509],[-97.1413,32.8525],[-97.1413,32.8542]]]},"properties":{"objectid":98107,"tnmid":"{6EB2DBF1-FB1B-4B20-AB8A-4AE1FD180CA4}","metasourceid":"{511D2AC8-11BA-45FC-AB98-F69D693D4C44}","sourcedatadesc":"Watershed Boundary Dataset (WBD)","sourceoriginator":"Natural Resources and Conservation Service and U.S. Geological Survey","sourcefeatureid":null,"loaddate":1723704945000,"referencegnis_ids":"1376612","areaacres":17671.35,"areasqkm":71.51,"states":"TX","huc12":"120301020505","name":"Headwaters Walker Branch","hutype":"S","humod":"NM","tohuc":"120301020506","noncontributingareaacres":0,"noncontributingareasqkm":0,"globalid":"{BDAC1F07-E29C-11E2-8094-0021280458E6}","shape_Length":49617.51365283083,"shape_Area":101583331.53700194}},{"type":"Feature","id":98125,"geometry":{"type":"Polygon","coordinates":[[[-96.9146,32.5039],[-96.9187,32.5062],[-96.9194,32.5069],[-96.9196,32.5098],[-96.9241,32.5136],[-96.926,32.5145],[-96.9278,32.517],[-96.9344,32.5187],[-96.9359,32.5197],[-96.9368,32.5224],[-96.9363,32.5247],[-96.9387,32.5274],[-96.9416,32.5277],[-96.9429,32.5287],[-96.9452,32.5314],[-96.9455,32.5339],[-96.9499,32.5364],[-96.9538,32.5354],[-96.9562,32.536],[-96.9594,32.5403],[-96.9601,32.5443],[-96.963,32.5519],[-96.9639,32.5528],[-96.9648,32.5531],[-96.9698,32.5515],[-96.9745,32.5539],[-96.9766,32.549],[-96.9764,32.5379],[-96.9768,32.5373],[-96.979,32.537],[-96.9804,32.5353],[-96.9802,32.534],[-96.9776,32.5314],[-96.9766,32.5289],[-96.9773,32.5278],[-96.9797,32.5276],[-96.9798,32.5259],[-96.9829,32.5231],[-96.9835,32.5218],[-96.9864,32.5223],[-96.9872,32.5218],[-96.9873,32.5159],[-96.9891,32.5137],[-96.9885,32.5131],[-96.9881,32.5105],[-96.9902,32.5065],[-96.9901,32.502],[-96.9888,32.4997],[-96.9925,32.4948],[-96.9923,32.4924],[-96.9909,32.4891],[-96.9932,32.4835],[-96.9962,32.4824],[-96.9968,32.4789],[-96.9993,32.4747],[-96.9991,32.4728],[-97.0008,32.4688],[-96.9983,32.4655],[-96.9984,32.4633],[-97.0004,32.4591],[-97.0031,32.4565],[-97.0059,32.4512],[-97.006,32.4497],[-97.0076,32.4479],[-97.0075,32.4457],[-97.009,32.4392],[-97.0075,32.4371],[-97.006,32.4328],[-96.9987,32.4336],[-96.9941,32.4294],[-96.9872,32.427],[-96.9814,32.4224],[-96.9784,32.4227],[-96.9761,32.4243],[-96.9714,32.423],[-96.9654,32.4231],[-96.9651,32.421],[-96.9605,32.4176],[-96.9579,32.414],[-96.9523,32.413],[-96.9496,32.4135],[-96.951,32.4149],[-96.9512,32.4172],[-96.945,32.4243],[-96.9424,32.4257],[-96.9416,32.4273],[-96.9396,32.427],[-96.9383,32.4275],[-96.9368,32.4309],[-96.9328,32.4312],[-96.9318,32.4318],[-96.931,32.4327],[-96.931,32.4343],[-96.926,32.4365],[-96.922,32.443],[-96.9181,32.4438],[-96.9133,32.4492],[-96.9136,32.4548],[-96.9114,32.4584],[-96.9117,32.4612],[-96.9106,32.4675],[-96.9118,32.473],[-96.9089,32.4828],[-96.9095,32.4861],[-96.913,32.4869],[-96.9139,32.4888],[-96.9139,32.4945],[-96.9153,32.4969],[-96.9146,32.5039]]]},"properties":{"objectid":98125,"tnmid":"{A17E9331-9CBB-4F07-BD5F-A0440D25A210}","metasourceid":"{511D2AC8-11BA-45FC-AB98-F69D693D4C44}","sourcedatadesc":"Watershed Boundary Dataset (WBD)","sourceoriginator":"Natural Resources and Conservation Service and U.S. Geological Survey","sourcefeatureid":null,"loaddate":1723704945000,"referencegnis_ids":"1376662","areaacres":22109.21,"areasqkm":89.47,"states":"TX","huc12":"120301090301","name":"Headwaters Waxahachie Creek","hutype":"S","humod":"NM","tohuc":"120301090302","noncontributingareaacres":0,"noncontributingareasqkm":0,"globalid":"{BD9068D0-E29C-11E2-8094-0021280458E6}","shape_Length":52198.96245255449,"shape_Area":126080495.78091474}},{"type":"Feature","id":98126,"geometry":{"type":"Polygon","coordinates":[[[-96.8872,32.4928],[-96.8905,32.4952],[-96.891,32.4966],[-96.8925,32.4959],[-96.8947,32.492],[-96.899,32.4947],[-96.9041,32.4949],[-96.9065,32.4982],[-96.9083,32.504],[-96.9146,32.5039],[-96.9153,32.4969],[-96.9139,32.4945],[-96.9139,32.4888],[-96.913,32.4869],[-96.9095,32.4861],[-96.9089,32.4828],[-96.9118,32.473],[-96.9106,32.4675],[-96.9117,32.4612],[-96.9114,32.4584],[-96.9136,32.4548],[-96.9133,32.4492],[-96.9181,32.4438],[-96.922,32.443],[-96.926,32.4365],[-96.931,32.4343],[-96.931,32.4327],[-96.9318,32.4318],[-96.9328,32.4312],[-96.9368,32.4309],[-96.9383,32.4275],[-96.9396,32.427],[-96.9416,32.4273],[-96.9424,32.4257],[-96.945,32.4243],[-96.9463,32.4223],[-96.9509,32.4178],[-96.951,32.4149],[-96.942,32.4073],[-96.9399,32.4075],[-96.9374,32.4065],[-96.9369,32.4057],[-96.9379,32.4043],[-96.9376,32.404],[-96.9332,32.4034],[-96.9317,32.4024],[-96.9289,32.4026],[-96.9243,32.3988],[-96.9213,32.3987],[-96.9182,32.3975],[-96.9099,32.3968],[-96.9077,32.3959],[-96.9079,32.3905],[-96.907,32.3873],[-96.9028,32.3865],[-96.8978,32.384],[-96.8952,32.384],[-96.8931,32.3819],[-96.89,32.3765],[-96.8838,32.376],[-96.8813,32.3736],[-96.875,32.3698],[-96.8718,32.3669],[-96.8683,32.3654],[-96.8642,32.3654],[-96.8591,32.3635],[-96.856,32.3585],[-96.8498,32.3572],[-96.8402,32.3569],[-96.8355,32.354],[-96.8301,32.3518],[-96.8152,32.3473],[-96.8123,32.3458],[-96.8097,32.3455],[-96.8062,32.3424],[-96.8052,32.3431],[-96.8031,32.3424],[-96.8008,32.347],[-96.8026,32.3494],[-96.8013,32.3523],[-96.8016,32.354],[-96.8051,32.3566],[-96.8036,32.3578],[-96.8023,32.3607],[-96.8026,32.3651],[-96.8041,32.3689],[-96.808,32.3711],[-96.8129,32.3719],[-96.8159,32.3756],[-96.818,32.3764],[-96.8227,32.38],[-96.8236,32.384],[-96.8266,32.3859],[-96.8296,32.3908],[-96.8329,32.3929],[-96.8343,32.3951],[-96.843,32.3992],[-96.8533,32.4144],[-96.8527,32.4187],[-96.854,32.4237],[-96.8564,32.426],[-96.8575,32.4295],[-96.8596,32.4314],[-96.8618,32.4363],[-96.8666,32.4403],[-96.8678,32.4442],[-96.8714,32.4466],[-96.8714,32.4487],[-96.873,32.4523],[-96.8759,32.4544],[-96.8814,32.4536],[-96.8851,32.4561],[-96.8867,32.458],[-96.8857,32.4604],[-96.8832,32.4633],[-96.8837,32.468],[-96.8848,32.4714],[-96.8861,32.4729],[-96.8864,32.4759],[-96.8879,32.4795],[-96.8895,32.4809],[-96.8915,32.4814],[-96.8922,32.4827],[-96.8896,32.4885],[-96.8875,32.4906],[-96.8872,32.4928]]]},"properties":{"objectid":98126,"tnmid":"{BE025FC6-34CF-49CC-965F-5307F9FBAFD7}","metasourceid":"{511D2AC8-11BA-45FC-AB98-F69D693D4C44}","sourcedatadesc":"Watershed Boundary Dataset (WBD)","sourceoriginator":"Natural Resources and Conservation Service and U.S. Geological Survey","sourcefeatureid":null,"loaddate":1723704945000,"referencegnis_ids":"1376662","areaacres":21690.33,"areasqkm":87.78,"states":"TX","huc12":"120301090302","name":"Upper Waxahachie Creek","hutype":"S","humod":"NM","tohuc":"120301090304","noncontributingareaacres":0,"noncontributingareasqkm":0,"globalid":"{BD90870E-E29C-11E2-8094-0021280458E6}","shape_Length":65856.66159076316,"shape_Area":123515796.69082078}},{"type":"Feature","id":98129,"geometry":{"type":"Polygon","coordinates":[[[-96.9891,32.5137],[-96.9954,32.5147],[-96.9985,32.5135],[-97.0025,32.5133],[-97.0049,32.5136],[-97.0096,32.5156],[-97.0175,32.5159],[-97.0239,32.5168],[-97.0248,32.5193],[-97.026,32.5199],[-97.0264,32.5224],[-97.0297,32.5239],[-97.0327,32.529],[-97.0344,32.5293],[-97.0356,32.5303],[-97.0358,32.5337],[-97.0368,32.5342],[-97.0372,32.5358],[-97.0409,32.5343],[-97.0435,32.5347],[-97.0465,32.5331],[-97.0523,32.5333],[-97.0543,32.5323],[-97.0539,32.5312],[-97.0547,32.5282],[-97.0541,32.5259],[-97.0549,32.5236],[-97.0573,32.522],[-97.0592,32.5227],[-97.0596,32.5201],[-97.0625,32.519],[-97.0639,32.5126],[-97.0647,32.5115],[-97.0683,32.5091],[-97.0744,32.5067],[-97.0772,32.5037],[-97.0812,32.5019],[-97.082,32.5007],[-97.0839,32.5],[-97.0856,32.4984],[-97.087,32.4957],[-97.0912,32.4959],[-97.0943,32.4951],[-97.0943,32.4922],[-97.0967,32.4894],[-97.0956,32.4874],[-97.0955,32.4851],[-97.0978,32.478],[-97.0985,32.4736],[-97.0978,32.4659],[-97.099,32.4558],[-97.0968,32.4531],[-97.0992,32.4489],[-97.0992,32.4472],[-97.0964,32.4396],[-97.099,32.4374],[-97.0979,32.4321],[-97.1015,32.4291],[-97.1013,32.428],[-97.0988,32.4272],[-97.0949,32.4245],[-97.0928,32.4249],[-97.0888,32.4216],[-97.0864,32.4223],[-97.0827,32.4219],[-97.0787,32.4249],[-97.0759,32.4258],[-97.0735,32.4258],[-97.074,32.4222],[-97.0728,32.4188],[-97.0688,32.4162],[-97.067,32.414],[-97.0643,32.414],[-97.0633,32.4133],[-97.0663,32.4096],[-97.0664,32.408],[-97.0654,32.4074],[-97.0601,32.4089],[-97.0548,32.408],[-97.053,32.4152],[-97.0489,32.4171],[-97.039,32.4196],[-97.0336,32.4189],[-97.0317,32.4178],[-97.0287,32.4187],[-97.026,32.4219],[-97.0268,32.4236],[-97.0267,32.4251],[-97.024,32.4265],[-97.024,32.4281],[-97.0258,32.4331],[-97.0251,32.4354],[-97.0245,32.4357],[-97.0227,32.434],[-97.0199,32.4339],[-97.0173,32.4378],[-97.0171,32.4401],[-97.0133,32.4377],[-97.011,32.4374],[-97.0086,32.438],[-97.009,32.4408],[-97.0075,32.4457],[-97.0076,32.4479],[-97.006,32.4497],[-97.0059,32.4512],[-97.0031,32.4565],[-97.0004,32.4591],[-96.9982,32.4642],[-96.9988,32.4664],[-97.0008,32.4688],[-96.9991,32.4728],[-96.9993,32.4747],[-96.9968,32.4789],[-96.9962,32.4824],[-96.9932,32.4835],[-96.9909,32.4891],[-96.9923,32.4924],[-96.9925,32.4944],[-96.9888,32.4997],[-96.9901,32.502],[-96.9901,32.507],[-96.9881,32.5105],[-96.9885,32.5131],[-96.9891,32.5137]]]},"properties":{"objectid":98129,"tnmid":"{431C9924-D4DA-4F35-AD32-E4A4147524E0}","metasourceid":"{511D2AC8-11BA-45FC-AB98-F69D693D4C44}","sourcedatadesc":"Watershed Boundary Dataset (WBD)","sourceoriginator":"Natural Resources and Conservation Service and U.S. Geological Survey","sourcefeatureid":null,"loaddate":1723704945000,"referencegnis_ids":"1347347","areaacres":23834.41,"areasqkm":96.45,"states":"TX","huc12":"120301020602","name":"Soap Creek","hutype":"S","humod":"NM","tohuc":"120301020603","noncontributingareaacres":0,"noncontributingareasqkm":0,"globalid":"{BDAC7232-E29C-11E2-8094-0021280458E6}","shape_Length":55256.70447997523,"shape_Area":135901660.18534297}},{"type":"Feature","id":98139,"geometry":{"type":"Polygon","coordinates":[[[-97.128,32.7971],[-97.1294,32.7983],[-97.1304,32.7984],[-97.1324,32.7981],[-97.1338,32.7969],[-97.1372,32.797],[-97.1405,32.7951],[-97.1465,32.7952],[-97.1538,32.7936],[-97.1758,32.7979],[-97.1772,32.7979],[-97.1797,32.7968],[-97.1821,32.7968],[-97.1892,32.8021],[-97.1923,32.8034],[-97.1945,32.8065],[-97.1971,32.8068],[-97.1981,32.8106],[-97.1995,32.813],[-97.202,32.8125],[-97.2044,32.8134],[-97.206,32.8128],[-97.2086,32.8132],[-97.2135,32.8163],[-97.2173,32.8173],[-97.2198,32.8195],[-97.2225,32.8197],[-97.2242,32.8159],[-97.2244,32.8082],[-97.2254,32.8067],[-97.2259,32.8037],[-97.2277,32.8025],[-97.2289,32.7982],[-97.2291,32.7937],[-97.2277,32.7928],[-97.2269,32.7911],[-97.2277,32.7898],[-97.2316,32.7883],[-97.2341,32.7843],[-97.2321,32.7823],[-97.232,32.7803],[-97.2299,32.7794],[-97.2292,32.7769],[-97.229,32.7736],[-97.23,32.7709],[-97.2296,32.7685],[-97.2305,32.7655],[-97.2283,32.763],[-97.2279,32.7617],[-97.224,32.7602],[-97.224,32.7594],[-97.2195,32.7596],[-97.2152,32.7577],[-97.2127,32.7575],[-97.2107,32.76],[-97.2006,32.7599],[-97.1986,32.7608],[-97.197,32.7628],[-97.1971,32.7666],[-97.1938,32.7698],[-97.1961,32.7742],[-97.1937,32.7749],[-97.1921,32.7766],[-97.1905,32.7762],[-97.1897,32.7726],[-97.1885,32.7712],[-97.1856,32.7711],[-97.1817,32.7691],[-97.177,32.7703],[-97.1757,32.7682],[-97.1742,32.768],[-97.1697,32.7686],[-97.1686,32.7694],[-97.1686,32.7708],[-97.167,32.7715],[-97.1653,32.7705],[-97.1636,32.7713],[-97.1607,32.7688],[-97.1599,32.7698],[-97.1579,32.7696],[-97.156,32.7702],[-97.1503,32.7753],[-97.1473,32.7769],[-97.1424,32.7751],[-97.1414,32.7723],[-97.142,32.7707],[-97.1407,32.7673],[-97.1386,32.7643],[-97.1365,32.7642],[-97.1356,32.7653],[-97.1323,32.7667],[-97.1307,32.7658],[-97.1302,32.7646],[-97.1271,32.7642],[-97.1231,32.7691],[-97.1227,32.7712],[-97.1239,32.7752],[-97.1237,32.7771],[-97.1224,32.7777],[-97.1201,32.7814],[-97.1235,32.7878],[-97.126,32.7892],[-97.1271,32.7908],[-97.1288,32.7953],[-97.128,32.7971]]]},"properties":{"objectid":98139,"tnmid":"{AB89398A-3B15-44DB-8E41-7F4B74AAADC2}","metasourceid":"{511D2AC8-11BA-45FC-AB98-F69D693D4C44}","sourcedatadesc":"Watershed Boundary Dataset (WBD)","sourceoriginator":"Natural Resources and Conservation Service and U.S. Geological Survey","sourcefeatureid":null,"loaddate":1723704945000,"referencegnis_ids":"1376612,1383210","areaacres":9583.18,"areasqkm":38.78,"states":"TX","huc12":"120301020506","name":"Walker Branch-West Fork Trinity River","hutype":"S","humod":"GC","tohuc":"120301020701","noncontributingareaacres":0,"noncontributingareasqkm":0,"globalid":"{BDAC3D2A-E29C-11E2-8094-0021280458E6}","shape_Length":43471.16244411965,"shape_Area":55023274.12858618}},{"type":"Feature","id":98140,"geometry":{"type":"Polygon","coordinates":[[[-97.1572,32.5435],[-97.1604,32.5436],[-97.163,32.5405],[-97.168,32.5391],[-97.1691,32.5343],[-97.1683,32.5297],[-97.175,32.5248],[-97.1767,32.5224],[-97.1764,32.5198],[-97.1734,32.5177],[-97.1734,32.5164],[-97.176,32.5129],[-97.176,32.5104],[-97.178,32.5041],[-97.1782,32.5016],[-97.1814,32.4981],[-97.1801,32.4926],[-97.1805,32.4913],[-97.1823,32.4897],[-97.1862,32.4905],[-97.1873,32.4902],[-97.1899,32.4878],[-97.1905,32.4847],[-97.1923,32.4815],[-97.1922,32.4777],[-97.1947,32.4738],[-97.1969,32.4734],[-97.1991,32.4718],[-97.1999,32.4696],[-97.1987,32.4679],[-97.2017,32.4649],[-97.2118,32.464],[-97.2142,32.4629],[-97.2156,32.4604],[-97.2152,32.456],[-97.2193,32.4528],[-97.2192,32.4493],[-97.221,32.4478],[-97.2245,32.4464],[-97.2247,32.4451],[-97.2262,32.444],[-97.226,32.4399],[-97.2237,32.4378],[-97.2219,32.4347],[-97.2189,32.4339],[-97.2193,32.4302],[-97.2167,32.4299],[-97.2144,32.4266],[-97.2103,32.4258],[-97.2042,32.4279],[-97.1987,32.4251],[-97.1966,32.4225],[-97.1947,32.4164],[-97.1896,32.4162],[-97.1887,32.4148],[-97.1844,32.4147],[-97.1796,32.413],[-97.1785,32.4137],[-97.1751,32.4138],[-97.1726,32.4152],[-97.1714,32.4153],[-97.1689,32.4142],[-97.1658,32.411],[-97.1604,32.4106],[-97.1585,32.4112],[-97.1559,32.4136],[-97.1558,32.4177],[-97.1549,32.4208],[-97.1533,32.4217],[-97.1522,32.4232],[-97.1514,32.4259],[-97.1489,32.4278],[-97.1487,32.4301],[-97.1505,32.4345],[-97.1469,32.4376],[-97.142,32.4348],[-97.1391,32.4354],[-97.1367,32.4375],[-97.1352,32.4375],[-97.134,32.4351],[-97.1312,32.4337],[-97.1296,32.4315],[-97.1275,32.4261],[-97.125,32.4254],[-97.1232,32.426],[-97.1202,32.4257],[-97.1182,32.424],[-97.1159,32.4189],[-97.1143,32.4176],[-97.1132,32.4172],[-97.1074,32.4179],[-97.1048,32.4201],[-97.1048,32.4236],[-97.1026,32.4255],[-97.1013,32.428],[-97.1015,32.4291],[-97.0982,32.4315],[-97.0983,32.4355],[-97.0991,32.437],[-97.0964,32.4396],[-97.0992,32.4472],[-97.0992,32.4489],[-97.0968,32.4531],[-97.099,32.4558],[-97.0978,32.4659],[-97.0985,32.4736],[-97.0978,32.478],[-97.0955,32.4851],[-97.0956,32.4874],[-97.0967,32.4894],[-97.0943,32.4922],[-97.0943,32.4951],[-97.0912,32.4959],[-97.087,32.4957],[-97.0856,32.4984],[-97.0839,32.5],[-97.082,32.5007],[-97.0812,32.5019],[-97.0772,32.5037],[-97.0744,32.5067],[-97.0683,32.5091],[-97.0647,32.5115],[-97.0639,32.5126],[-97.0625,32.519],[-97.0596,32.5201],[-97.0592,32.5227],[-97.0573,32.522],[-97.0549,32.5236],[-97.0541,32.5259],[-97.0546,32.5292],[-97.0539,32.5316],[-97.0543,32.5323],[-97.056,32.5321],[-97.0617,32.5267],[-97.0704,32.5265],[-97.0737,32.5272],[-97.0781,32.5297],[-97.0836,32.5281],[-97.088,32.528],[-97.0977,32.5308],[-97.1101,32.5381],[-97.1144,32.5379],[-97.121,32.5408],[-97.123,32.5392],[-97.1255,32.5384],[-97.1294,32.5397],[-97.1336,32.5392],[-97.1351,32.5405],[-97.1383,32.5414],[-97.1421,32.541],[-97.1437,32.5418],[-97.1447,32.5412],[-97.1466,32.5421],[-97.1522,32.5428],[-97.1557,32.5421],[-97.1572,32.5435]]]},"properties":{"objectid":98140,"tnmid":"{BDC2A148-01D9-42E3-89CA-0E4C9498C543}","metasourceid":"{511D2AC8-11BA-45FC-AB98-F69D693D4C44}","sourcedatadesc":"Watershed Boundary Dataset (WBD)","sourceoriginator":"Natural Resources and Conservation Service and U.S. Geological Survey","sourcefeatureid":null,"loaddate":1723704945000,"referencegnis_ids":"1342164","areaacres":31869.73,"areasqkm":128.97,"states":"TX","huc12":"120301020601","name":"Headwaters Mountain Creek","hutype":"S","humod":"NM","tohuc":"120301020603","noncontributingareaacres":0,"noncontributingareasqkm":0,"globalid":"{BDAC5426-E29C-11E2-8094-0021280458E6}","shape_Length":71549.77859939146,"shape_Area":181743712.11585042}},{"type":"Feature","id":98142,"geometry":{"type":"Polygon","coordinates":[[[-96.9757,32.6405],[-96.9782,32.642],[-96.9941,32.6446],[-96.9986,32.6447],[-97.0038,32.6436],[-97.0026,32.6428],[-97,32.6385],[-96.998,32.6374],[-96.998,32.6363],[-96.9969,32.6352],[-97.0015,32.6332],[-97.0028,32.6279],[-97.0055,32.6257],[-97.0114,32.6252],[-97.0128,32.6245],[-97.0137,32.6235],[-97.0157,32.6189],[-97.0209,32.6162],[-97.0271,32.6144],[-97.0367,32.6155],[-97.0422,32.6143],[-97.0446,32.6101],[-97.0473,32.6096],[-97.0492,32.6086],[-97.0534,32.6035],[-97.0528,32.6025],[-97.0531,32.5998],[-97.0546,32.5986],[-97.0554,32.597],[-97.0554,32.5933],[-97.0566,32.5913],[-97.0588,32.5908],[-97.0642,32.5877],[-97.0642,32.5863],[-97.0681,32.5814],[-97.07,32.5804],[-97.0732,32.58],[-97.0758,32.5775],[-97.0775,32.5768],[-97.0822,32.5764],[-97.0845,32.575],[-97.0898,32.5733],[-97.0924,32.5699],[-97.0963,32.5706],[-97.1005,32.5676],[-97.1065,32.5672],[-97.1103,32.5678],[-97.1166,32.5622],[-97.1169,32.5581],[-97.1184,32.5573],[-97.127,32.5567],[-97.1314,32.5575],[-97.1353,32.5549],[-97.1369,32.5514],[-97.1373,32.5484],[-97.1419,32.5458],[-97.1436,32.5435],[-97.1437,32.5418],[-97.1421,32.541],[-97.1383,32.5414],[-97.1351,32.5405],[-97.1336,32.5392],[-97.1294,32.5397],[-97.1255,32.5384],[-97.123,32.5392],[-97.121,32.5408],[-97.1144,32.5379],[-97.1101,32.5381],[-97.0977,32.5308],[-97.09,32.5284],[-97.0836,32.5281],[-97.0781,32.5297],[-97.0737,32.5272],[-97.0698,32.5264],[-97.0617,32.5267],[-97.056,32.5321],[-97.0538,32.5323],[-97.0523,32.5333],[-97.0465,32.5331],[-97.0435,32.5347],[-97.0409,32.5343],[-97.0374,32.5359],[-97.0368,32.5342],[-97.0358,32.5337],[-97.0356,32.5303],[-97.0344,32.5293],[-97.0327,32.529],[-97.0297,32.5239],[-97.0264,32.5224],[-97.026,32.5199],[-97.0248,32.5193],[-97.0239,32.5168],[-97.0175,32.5159],[-97.0096,32.5156],[-97.0049,32.5136],[-97.0025,32.5133],[-96.9985,32.5135],[-96.9954,32.5147],[-96.9891,32.5137],[-96.9873,32.5159],[-96.987,32.5221],[-96.9835,32.5218],[-96.9829,32.5231],[-96.9798,32.5259],[-96.9797,32.5276],[-96.9773,32.5278],[-96.9766,32.5289],[-96.9776,32.5314],[-96.9805,32.5347],[-96.979,32.537],[-96.9768,32.5373],[-96.9764,32.5379],[-96.9767,32.5466],[-96.976,32.5511],[-96.9745,32.5539],[-96.9721,32.5619],[-96.9698,32.5637],[-96.9683,32.5665],[-96.9667,32.5678],[-96.9638,32.5729],[-96.9637,32.5744],[-96.9606,32.5764],[-96.9612,32.5864],[-96.9624,32.5885],[-96.9618,32.5921],[-96.9634,32.5958],[-96.9589,32.5965],[-96.9583,32.5996],[-96.9549,32.6022],[-96.9524,32.6026],[-96.9523,32.6048],[-96.95,32.606],[-96.9493,32.6089],[-96.9518,32.6112],[-96.9542,32.6124],[-96.9586,32.6132],[-96.9607,32.6169],[-96.9609,32.6206],[-96.9563,32.626],[-96.9567,32.6299],[-96.9538,32.6305],[-96.9527,32.6319],[-96.9533,32.6331],[-96.9532,32.6348],[-96.9549,32.6363],[-96.9549,32.6375],[-96.9582,32.6379],[-96.9614,32.6357],[-96.9647,32.6353],[-96.9661,32.6361],[-96.9684,32.636],[-96.9715,32.6376],[-96.9722,32.6393],[-96.9757,32.6405]]]},"properties":{"objectid":98142,"tnmid":"{8F133392-B34F-4820-B94D-90997F785D7D}","metasourceid":"{511D2AC8-11BA-45FC-AB98-F69D693D4C44}","sourcedatadesc":"Watershed Boundary Dataset (WBD)","sourceoriginator":"Natural Resources and Conservation Service and U.S. Geological Survey","sourcefeatureid":null,"loaddate":1723704945000,"referencegnis_ids":"1340676,1342164","areaacres":32136.32,"areasqkm":130.05,"states":"TX","huc12":"120301020603","name":"Low Branch-Mountain Creek","hutype":"S","humod":"NM","tohuc":"120301020606","noncontributingareaacres":0,"noncontributingareasqkm":0,"globalid":"{BDAC892B-E29C-11E2-8094-0021280458E6}","shape_Length":72685.54334350255,"shape_Area":183646362.44672602}},{"type":"Feature","id":98144,"geometry":{"type":"Polygon","coordinates":[[[-97.183,32.6036],[-97.1886,32.6056],[-97.1908,32.6049],[-97.1939,32.6056],[-97.199,32.6052],[-97.2005,32.6074],[-97.2033,32.6074],[-97.2046,32.6063],[-97.2066,32.6061],[-97.2089,32.6047],[-97.2109,32.6046],[-97.2119,32.6025],[-97.2144,32.6029],[-97.2161,32.6005],[-97.2179,32.5996],[-97.2196,32.6006],[-97.2204,32.6019],[-97.2219,32.6016],[-97.2238,32.6005],[-97.2244,32.5989],[-97.2285,32.5961],[-97.231,32.5906],[-97.2331,32.5902],[-97.236,32.5916],[-97.2369,32.59],[-97.2395,32.5902],[-97.2414,32.5853],[-97.2447,32.5837],[-97.2433,32.5809],[-97.2447,32.5789],[-97.2473,32.5774],[-97.2485,32.5755],[-97.2458,32.5748],[-97.2447,32.5713],[-97.2424,32.5694],[-97.2452,32.5674],[-97.2453,32.5658],[-97.2443,32.564],[-97.2444,32.5617],[-97.2423,32.5595],[-97.2445,32.5555],[-97.2466,32.5556],[-97.2492,32.5546],[-97.2527,32.5551],[-97.2553,32.5514],[-97.2592,32.5494],[-97.2613,32.5472],[-97.2601,32.5453],[-97.2609,32.5436],[-97.2589,32.5429],[-97.2578,32.5404],[-97.2561,32.5397],[-97.2566,32.5375],[-97.2563,32.5341],[-97.2599,32.5312],[-97.2588,32.5265],[-97.2611,32.524],[-97.2649,32.5233],[-97.2653,32.5215],[-97.265,32.5183],[-97.2616,32.5192],[-97.2599,32.516],[-97.2575,32.5156],[-97.2567,32.5148],[-97.2567,32.5128],[-97.2548,32.5081],[-97.2551,32.5052],[-97.2572,32.4996],[-97.2593,32.4993],[-97.2604,32.4998],[-97.2623,32.4987],[-97.2615,32.4953],[-97.2618,32.4939],[-97.2676,32.4928],[-97.2695,32.4937],[-97.27,32.4931],[-97.2707,32.4912],[-97.2678,32.4864],[-97.2691,32.485],[-97.269,32.4837],[-97.2728,32.483],[-97.2741,32.4805],[-97.274,32.4792],[-97.2732,32.4782],[-97.2728,32.4743],[-97.2718,32.4724],[-97.2722,32.4689],[-97.2731,32.4672],[-97.2716,32.4643],[-97.2743,32.4632],[-97.2731,32.4615],[-97.2722,32.4567],[-97.2738,32.4541],[-97.2739,32.4528],[-97.2688,32.4513],[-97.2675,32.4501],[-97.2667,32.448],[-97.263,32.4496],[-97.2587,32.4492],[-97.2576,32.4482],[-97.2573,32.4465],[-97.2543,32.4455],[-97.253,32.4442],[-97.2469,32.4432],[-97.243,32.4418],[-97.2411,32.444],[-97.2307,32.4418],[-97.2271,32.4429],[-97.2247,32.4451],[-97.2245,32.4464],[-97.221,32.4478],[-97.2192,32.4493],[-97.2193,32.4528],[-97.2152,32.456],[-97.2156,32.4604],[-97.2142,32.4629],[-97.2118,32.464],[-97.2017,32.4649],[-97.1987,32.4679],[-97.1999,32.4696],[-97.1991,32.4718],[-97.1969,32.4734],[-97.1947,32.4738],[-97.1922,32.4777],[-97.1923,32.4815],[-97.1905,32.4847],[-97.1899,32.4878],[-97.1873,32.4902],[-97.1862,32.4905],[-97.1823,32.4897],[-97.1805,32.4913],[-97.1801,32.4926],[-97.1814,32.4981],[-97.1782,32.5016],[-97.178,32.5041],[-97.176,32.5104],[-97.176,32.5129],[-97.1734,32.5164],[-97.1734,32.5177],[-97.1764,32.5198],[-97.1767,32.5224],[-97.175,32.5248],[-97.1683,32.5297],[-97.1691,32.5343],[-97.168,32.5391],[-97.163,32.5405],[-97.1604,32.5436],[-97.1572,32.5435],[-97.1578,32.5468],[-97.1573,32.549],[-97.1592,32.5544],[-97.1628,32.5601],[-97.1624,32.5623],[-97.1638,32.565],[-97.1631,32.5669],[-97.1658,32.5693],[-97.1679,32.5701],[-97.168,32.5733],[-97.1703,32.5749],[-97.1704,32.5768],[-97.1678,32.5819],[-97.1679,32.5831],[-97.1695,32.5849],[-97.1706,32.5891],[-97.1728,32.5898],[-97.1743,32.5889],[-97.1774,32.5887],[-97.1789,32.5901],[-97.1792,32.5916],[-97.1803,32.5933],[-97.1797,32.5956],[-97.1838,32.5988],[-97.1839,32.6009],[-97.183,32.6036]]]},"properties":{"objectid":98144,"tnmid":"{EDA096DD-4A1D-46DE-86CD-B5AF4349882A}","metasourceid":"{511D2AC8-11BA-45FC-AB98-F69D693D4C44}","sourcedatadesc":"Watershed Boundary Dataset (WBD)","sourceoriginator":"Natural Resources and Conservation Service and U.S. Geological Survey","sourcefeatureid":null,"loaddate":1723704945000,"referencegnis_ids":"1339128,1376630","areaacres":31105.07,"areasqkm":125.88,"states":"TX","huc12":"120301020604","name":"King Branch-Walnut Creek","hutype":"S","humod":"NM","tohuc":"120301020605","noncontributingareaacres":0,"noncontributingareasqkm":0,"globalid":"{BDACA74D-E29C-11E2-8094-0021280458E6}","shape_Length":68560.74378455934,"shape_Area":177568877.1543394}},{"type":"Feature","id":98146,"geometry":{"type":"Polygon","coordinates":[[[-96.9969,32.6352],[-96.998,32.6363],[-96.998,32.6374],[-97,32.6385],[-97.0026,32.6428],[-97.0041,32.6436],[-97.0128,32.6405],[-97.0167,32.6408],[-97.0196,32.6401],[-97.0258,32.6399],[-97.0297,32.64],[-97.0386,32.6432],[-97.0456,32.6446],[-97.0535,32.6424],[-97.0583,32.6427],[-97.0636,32.6455],[-97.0715,32.6444],[-97.0755,32.6456],[-97.0805,32.6444],[-97.0899,32.6435],[-97.0957,32.6421],[-97.1094,32.6461],[-97.1137,32.6458],[-97.1274,32.6486],[-97.1291,32.6474],[-97.1295,32.6452],[-97.1325,32.6421],[-97.1321,32.6409],[-97.129,32.6373],[-97.1299,32.6346],[-97.1295,32.6311],[-97.1299,32.6286],[-97.1337,32.625],[-97.1358,32.62],[-97.1331,32.6154],[-97.1361,32.6107],[-97.1378,32.6101],[-97.1414,32.6104],[-97.1465,32.6131],[-97.1505,32.6119],[-97.1531,32.6141],[-97.1555,32.6149],[-97.1601,32.614],[-97.1622,32.6125],[-97.169,32.6122],[-97.1763,32.6098],[-97.1782,32.6077],[-97.1787,32.6055],[-97.183,32.6036],[-97.184,32.5999],[-97.1832,32.598],[-97.1797,32.5956],[-97.1802,32.5926],[-97.1778,32.589],[-97.1743,32.5889],[-97.1722,32.5898],[-97.1706,32.5891],[-97.1695,32.5849],[-97.1678,32.5828],[-97.1704,32.5768],[-97.1703,32.5749],[-97.168,32.5733],[-97.1679,32.5701],[-97.1658,32.5693],[-97.1631,32.5669],[-97.1638,32.565],[-97.1624,32.5623],[-97.1628,32.5601],[-97.1592,32.5544],[-97.1573,32.549],[-97.1578,32.5468],[-97.1572,32.5435],[-97.1557,32.5421],[-97.1522,32.5428],[-97.1442,32.5413],[-97.1436,32.5435],[-97.1419,32.5458],[-97.1373,32.5484],[-97.1369,32.5514],[-97.1353,32.5549],[-97.1314,32.5575],[-97.127,32.5567],[-97.1184,32.5573],[-97.1169,32.5581],[-97.1166,32.5622],[-97.1103,32.5678],[-97.1065,32.5672],[-97.1005,32.5676],[-97.0963,32.5706],[-97.0924,32.5699],[-97.0898,32.5733],[-97.0845,32.575],[-97.0822,32.5764],[-97.0775,32.5768],[-97.0758,32.5775],[-97.0732,32.58],[-97.07,32.5804],[-97.0681,32.5814],[-97.0642,32.5863],[-97.0642,32.5877],[-97.0588,32.5908],[-97.0566,32.5913],[-97.0554,32.5933],[-97.0554,32.597],[-97.0546,32.5986],[-97.0531,32.5998],[-97.0528,32.6025],[-97.0534,32.6035],[-97.0492,32.6086],[-97.0473,32.6096],[-97.0446,32.6101],[-97.0422,32.6143],[-97.0367,32.6155],[-97.0271,32.6144],[-97.0209,32.6162],[-97.0157,32.6189],[-97.0137,32.6235],[-97.0128,32.6245],[-97.0114,32.6252],[-97.0055,32.6257],[-97.0028,32.6279],[-97.0015,32.6332],[-96.9969,32.6352]]]},"properties":{"objectid":98146,"tnmid":"{E1651DAF-550E-4614-B707-889A8D46A50A}","metasourceid":"{511D2AC8-11BA-45FC-AB98-F69D693D4C44}","sourcedatadesc":"Watershed Boundary Dataset (WBD)","sourceoriginator":"Natural Resources and Conservation Service and U.S. Geological Survey","sourcefeatureid":null,"loaddate":1723704945000,"referencegnis_ids":"1340762,1376630","areaacres":24525.5,"areasqkm":99.25,"states":"TX","huc12":"120301020605","name":"Lynn Creek-Walnut Creek","hutype":"S","humod":"NM","tohuc":"120301020606","noncontributingareaacres":0,"noncontributingareasqkm":0,"globalid":"{BDACBF1E-E29C-11E2-8094-0021280458E6}","shape_Length":63283.80976604663,"shape_Area":140252727.03575495}},{"type":"Feature","id":98148,"geometry":{"type":"Polygon","coordinates":[[[-97.0747,32.7023],[-97.0827,32.7047],[-97.0935,32.7057],[-97.0958,32.6993],[-97.097,32.6979],[-97.0989,32.6973],[-97.1037,32.6987],[-97.1061,32.6948],[-97.1088,32.6924],[-97.1074,32.6894],[-97.1081,32.6838],[-97.1105,32.683],[-97.1119,32.6801],[-97.1146,32.6785],[-97.1176,32.6754],[-97.1192,32.6749],[-97.1246,32.675],[-97.1242,32.673],[-97.1252,32.67],[-97.1289,32.6679],[-97.1304,32.6654],[-97.1316,32.658],[-97.1293,32.6553],[-97.1303,32.6532],[-97.1282,32.6511],[-97.1274,32.6486],[-97.1137,32.6458],[-97.1094,32.6461],[-97.0957,32.6421],[-97.0899,32.6435],[-97.0805,32.6444],[-97.0755,32.6456],[-97.0715,32.6444],[-97.0636,32.6455],[-97.0583,32.6427],[-97.0562,32.6424],[-97.0535,32.6424],[-97.0456,32.6446],[-97.0431,32.6444],[-97.0297,32.64],[-97.0196,32.6401],[-97.0167,32.6408],[-97.0128,32.6405],[-97.0041,32.6436],[-96.9954,32.6447],[-96.9782,32.642],[-96.9765,32.6408],[-96.9722,32.6393],[-96.9712,32.6374],[-96.9684,32.636],[-96.9661,32.6361],[-96.9647,32.6353],[-96.9614,32.6357],[-96.9582,32.6379],[-96.9549,32.6375],[-96.9543,32.6392],[-96.956,32.6455],[-96.9553,32.6472],[-96.9511,32.6461],[-96.9483,32.6466],[-96.9479,32.6485],[-96.9471,32.6491],[-96.942,32.6498],[-96.9409,32.6505],[-96.9401,32.6545],[-96.9354,32.6524],[-96.932,32.6537],[-96.9297,32.6552],[-96.9285,32.657],[-96.929,32.6609],[-96.9269,32.6665],[-96.9275,32.668],[-96.9271,32.6699],[-96.9283,32.671],[-96.9285,32.6723],[-96.9306,32.673],[-96.9326,32.6755],[-96.9341,32.6763],[-96.9346,32.6778],[-96.9343,32.6817],[-96.9382,32.6822],[-96.9416,32.6852],[-96.9477,32.6872],[-96.9541,32.6908],[-96.9576,32.6912],[-96.9601,32.6904],[-96.9665,32.6904],[-96.9709,32.6929],[-96.9716,32.6941],[-96.9715,32.6968],[-96.9721,32.6976],[-96.9749,32.6987],[-96.9766,32.6983],[-96.9808,32.6997],[-96.9827,32.6987],[-96.9859,32.6955],[-96.9881,32.6961],[-96.9963,32.7013],[-97.0007,32.7021],[-97.003,32.7018],[-97.0105,32.6983],[-97.0155,32.6994],[-97.0222,32.7028],[-97.0255,32.7003],[-97.0328,32.6975],[-97.0456,32.7009],[-97.0558,32.6988],[-97.0592,32.7007],[-97.0695,32.7027],[-97.0747,32.7023]]]},"properties":{"objectid":98148,"tnmid":"{C1EA8D4F-1E68-4D1D-B5E9-BFAF2720FADD}","metasourceid":"{511D2AC8-11BA-45FC-AB98-F69D693D4C44}","sourcedatadesc":"Watershed Boundary Dataset (WBD)","sourceoriginator":"Natural Resources and Conservation Service and U.S. Geological Survey","sourcefeatureid":null,"loaddate":1723704945000,"referencegnis_ids":"1335821,1342165","areaacres":26273.53,"areasqkm":106.33,"states":"TX","huc12":"120301020606","name":"Fish Creek-Mountain Creek Lake","hutype":"S","humod":"NM","tohuc":"120301020607","noncontributingareaacres":0,"noncontributingareasqkm":0,"globalid":"{BDACDD3C-E29C-11E2-8094-0021280458E6}","shape_Length":60503.90351561116,"shape_Area":150468707.72396612}}]}