{"type":"FeatureCollection","features":[{"type":"Feature","properties":{"metro":"phoenix","AQ_NAME":"Other rocks","ROCK_TYPE":"999"},"geometry":{"type":"Polygon","coordinates":[[[-112.96817028861733,34.024402636941886],[-112.97840128862686,34.02896163694618],[-112.99986228864691,34.0257796369433],[-113.01689928866267,34.027801636945014],[-113.01934828866501,34.030475636947585],[-113.02375028866913,34.041972636958235],[-113.01900528866463,34.04571163696187],[-112.97902728862755,34.04860663696445],[-112.97785333007691,34.05],[-112.94344238001185,34.05],[-112.94299328859393,34.03572063695242],[-112.9488372885994,34.02878163694595],[-112.96817028861733,34.024402636941886]]]}},{"type":"Feature","properties":{"metro":"phoenix","AQ_NAME":"Basin and Range basin-fill aquifers","ROCK_NAME":"Unconsolidated sand and gravel aquifers","ROCK_TYPE":"100"},"geometry":{"type":"Polygon","coordinates":[[[-111.63266728737358,33.900504636826554],[-111.64849828738829,33.90591463683154],[-111.66517628740394,33.9157566368408],[-111.68785128742502,33.93689363686053],[-111.70873228744449,33.93100363685494],[-111.72037528745523,33.93395263685761],[-111.73526728746924,33.94403063686718],[-111.7472842874804,33.96662163688802],[-111.72856128746298,34.01010163692854],[-111.73397828746783,34.03662463695332],[-111.72976071228327,34.05],[-111.70088667096212,34.05],[-111.69901228743538,34.045959636961925],[-111.67839828741626,34.035144636952054],[-111.66555028740413,34.017207636935154],[-111.65509828739437,34.01105863692942],[-111.64555328738561,34.00024463691943],[-111.63300328737387,34.00195663692102],[-111.62674728736806,34.00735063692605],[-111.61064128735302,34.00954463692801],[-111.60464428734758,34.00733163692598],[-111.60285228734574,33.99848563691785],[-111.60766628735018,33.98571063690588],[-111.60347028734645,33.983253636903555],[-111.59242228733615,33.983241636903585],[-111.59213228733574,33.97268263689375],[-111.60735328734995,33.947883636870756],[-111.61302928735518,33.92136363684608],[-111.6109392873534,33.911041636836444],[-111.620186287362,33.90220663682817],[-111.63266728737358,33.900504636826554]]]}},{"type":"Feature","properties":{"metro":"phoenix","AQ_NAME":"Other rocks","ROCK_TYPE":"999"},"geometry":{"type":"Polygon","coordinates":[[[-112.40610528809384,34.03491963695183],[-112.40704328809466,34.039337636955906],[-112.40345028809134,34.03985263695631],[-112.40101628808907,34.03716263695378],[-112.40610528809384,34.03491963695183]]]}},{"type":"Feature","properties":{"metro":"phoenix","AQ_NAME":"Other rocks","ROCK_TYPE":"999"},"geometry":{"type":"Polygon","coordinates":[[[-113.0552062886984,33.98414263690438],[-113.06690228870934,33.986953636907174],[-113.07081628871288,34.00459263692346],[-113.06090528870368,34.018222636936116],[-113.03656028868113,34.02487963694239],[-113.02845028867341,34.02153363693924],[-113.02568028867086,34.01738763693538],[-113.02210228866761,34.0012126369204],[-113.0449672886889,33.99629163691566],[-113.0552062886984,33.98414263690438]]]}},{"type":"Feature","properties":{"metro":"phoenix","AQ_NAME":"Basin and Range basin-fill aquifers","ROCK_NAME":"Unconsolidated sand and gravel aquifers","ROCK_TYPE":"100"},"geometry":{"type":"Polygon","coordinates":[[[-113.15,32.95],[-113.15,34.05],[-112.66505826532,34.05],[-112.66450528833457,34.04467763696084],[-112.66909828833877,34.031871636948836],[-112.67707828834637,34.02615763694348],[-112.68961328835803,34.02433363694195],[-112.6952662883632,34.02502463694259],[-112.73706604965228,34.05],[-112.76530517239598,34.05],[-112.76396228842714,34.04383463696013],[-112.74662028841112,34.023601636941294],[-112.73744228840246,34.00672863692557],[-112.74073828840551,33.988033636908085],[-112.7381822884031,33.9762686368972],[-112.72849228839414,33.96554163688711],[-112.71596528838245,33.96736863688875],[-112.68842328835672,34.001743636920764],[-112.68334928835202,34.00399763692303],[-112.67197428834152,34.00262063692162],[-112.66942628833908,33.99084863691064],[-112.67908428834812,33.975784636896606],[-112.67653628834569,33.96401563688573],[-112.6424412883141,33.93407063685777],[-112.63619228830817,33.913726636838874],[-112.60619328828034,33.87710963680479],[-112.59811428827265,33.87373363680172],[-112.58740228826264,33.87528563680303],[-112.57524828825149,33.90436163683012],[-112.56610828824296,33.91327663683842],[-112.550056288228,33.915599636840625],[-112.53484328821378,33.913246636838494],[-112.52191928820184,33.904491636830244],[-112.49855828817999,33.87295863680083],[-112.48986028817194,33.86663063679498],[-112.45596328814031,33.87151363679959],[-112.4409412881264,33.86153363679023],[-112.40805828809562,33.819221636750854],[-112.4039912880919,33.80008363673301],[-112.40431228809211,33.7757606367104],[-112.4001002880882,33.773330636708124],[-112.38375828807307,33.77415863670899],[-112.37960028806924,33.77172063670673],[-112.3646312880553,33.735931636673286],[-112.36047328805148,33.73349363667103],[-112.35330228804469,33.734519636672076],[-112.35039528804191,33.737972636675295],[-112.35047128804217,33.74706663668371],[-112.33335128802605,33.76165363669725],[-112.33583828802853,33.773433636708205],[-112.33027628802324,33.781818636716025],[-112.32135728801495,33.78308863671714],[-112.30332928799817,33.7674596367026],[-112.2908862879865,33.76923363670426],[-112.28414128798022,33.78081463671515],[-112.2866282879827,33.79259463672611],[-112.29412828798968,33.80214663673496],[-112.32406628801755,33.82214763675347],[-112.3283542880215,33.83367163676439],[-112.3163532880103,33.855106636784285],[-112.29213728798777,33.87979163680734],[-112.29766828799279,33.8972056368234],[-112.31579628800978,33.92192063684661],[-112.31829028801212,33.933700636857566],[-112.31570428800978,33.94772363687048],[-112.30281828799775,33.97382363689485],[-112.3044512879992,33.99027663691027],[-112.30749528800197,33.99590663691538],[-112.31830628801208,34.00346763692255],[-112.33146628802433,34.00462763692349],[-112.35114328804275,34.00181963692103],[-112.37561828806543,34.00439063692329],[-112.40179428808983,34.02340363694111],[-112.40610528809384,34.03491963695183],[-112.40101628808907,34.03716263695378],[-112.37953228806919,34.0402336369566],[-112.37499144320985,34.05],[-112.34720151484987,34.05],[-112.23900628793831,33.97682163689774],[-112.24000528793931,33.95544863687769],[-112.23380328793337,33.92599463685019],[-112.24087528794007,33.9158896368408],[-112.25035828794876,33.90848163683404],[-112.25532528795338,33.89716363682351],[-112.2501072879486,33.881217636808515],[-112.24384328794281,33.877555636805255],[-112.2238842879242,33.87887163680648],[-112.20584128790733,33.8981096368243],[-112.18449428788745,33.910232636835644],[-112.16334528786774,33.914733636839856],[-112.14019028784628,33.927097636851386],[-112.13305628783951,33.92810463685237],[-112.1318742878384,33.93130063685521],[-112.1282802878352,33.93180863685575],[-112.11995728782745,33.936015636859565],[-112.09998328780875,33.937309636860846],[-112.0973132878064,33.93313263685695],[-112.10112028780986,33.92501863684947],[-112.11718728782489,33.922756636847225],[-112.12227628782966,33.92052463684513],[-112.12165828782895,33.91757963684245],[-112.13018028783699,33.90576563683135],[-112.12802128783483,33.895454636821796],[-112.11242628782043,33.87339063680133],[-112.09924328780812,33.863113636791695],[-112.08672328779653,33.864875636793386],[-112.0787122877889,33.87055163679861],[-112.08664728779627,33.899757636825825],[-112.08459428779452,33.90763063683312],[-112.07338728778404,33.924365636848734],[-112.05464128776657,33.93154563685539],[-112.04386928775648,33.92395363684841],[-112.03957328775255,33.90333163682908],[-112.01837928773284,33.8987236368248],[-112.00761428772284,33.89112863681794],[-112.00218228771769,33.88279763680998],[-111.98007928769721,33.873756636801545],[-111.97444128769189,33.873027636801],[-111.96520228768327,33.87279863680078],[-111.92613228764685,33.86156863679025],[-111.88669628761022,33.83976763676992],[-111.87865428760256,33.83633463676688],[-111.8619922875871,33.83561663676619],[-111.85334028757916,33.82923863676024],[-111.8512272875771,33.81891963675048],[-111.86245728758763,33.80220363673493],[-111.87252828759688,33.77958663671393],[-111.8839952876076,33.737064636674404],[-111.87798328760209,33.725772636663805],[-111.85353828757934,33.71400863665281],[-111.85203528757779,33.70663863664595],[-111.8632282875883,33.68082463662199],[-111.86258728758776,33.65969063660236],[-111.83773028756445,33.60098663654753],[-111.82558428755328,33.59508863654219],[-111.80090328753022,33.59093463653835],[-111.79729428752694,33.573242636521854],[-111.78659828751688,33.56563163651458],[-111.77117928750249,33.56169863651098],[-111.76788328749944,33.545478636496],[-111.75300628748573,33.535407636486525],[-111.7046432874406,33.53147163648282],[-111.68685128742413,33.53392363648504],[-111.66995228740825,33.540798636491445],[-111.66397828740264,33.54768363649805],[-111.6657642874045,33.556529636506184],[-111.67412528741215,33.56144363651083],[-111.7332002874673,33.582107636530054],[-111.74568928747885,33.58947763653691],[-111.75348628748611,33.62781563657268],[-111.77789328750873,33.64869663659215],[-111.77970928751051,33.66663363660882],[-111.77320828750453,33.68875163662938],[-111.77500928750624,33.6976016366375],[-111.78662828751703,33.70963263664885],[-111.79023728752031,33.72732963666522],[-111.78173028751235,33.77548563671007],[-111.79438028752429,33.83739463676784],[-111.7913892875215,33.84083963677108],[-111.78246328751311,33.84207163677206],[-111.77088128750233,33.83912263676939],[-111.76400028749595,33.84158663677158],[-111.75986528749195,33.848216636777806],[-111.76047528749268,33.86025663678902],[-111.7542422874867,33.86566163679413],[-111.74350728747686,33.867137636795405],[-111.73307028746717,33.86099263678966],[-111.72383128745855,33.851657636781056],[-111.72143528745619,33.83986263677002],[-111.71663628745182,33.83446163676513],[-111.67253128741072,33.81626863674819],[-111.638580287379,33.793639636726994],[-111.61805728735999,33.764625636699975],[-111.59306328733669,33.740768636677785],[-111.59068328733451,33.72896963666676],[-111.59632128733983,33.72062663665906],[-111.59663428734007,33.71300463665193],[-111.58802028733203,33.70660363664592],[-111.5663142873118,33.69895963663885],[-111.5588682873049,33.68027463662156],[-111.5505672872971,33.67534663661695],[-111.54315228729024,33.674842636616404],[-111.52711528727536,33.6770246366184],[-111.52053028726914,33.68094663662214],[-111.49886328724892,33.6823766366233],[-111.48249828723374,33.673988636615604],[-111.47093228722292,33.66191863660447],[-111.46054828721321,33.65575363659855],[-111.45,33.65203895797392],[-111.45,33.58434906901198],[-111.49034128724111,33.58504463653276],[-111.53220328728003,33.59299063654021],[-111.54678328729369,33.5925176365397],[-111.55629728730241,33.585162636532914],[-111.55863928730469,33.57878063652697],[-111.55660228730267,33.55026663650028],[-111.56102728730684,33.54511663649555],[-111.59250628733616,33.53777663648884],[-111.60345428734627,33.528701636480264],[-111.61205328735446,33.526008636477854],[-111.62189528736349,33.52920563648081],[-111.62690728736811,33.53610263648716],[-111.63938128737982,33.534385636485695],[-111.6559902873953,33.51694863646935],[-111.67259228741068,33.50859863646156],[-111.67969528741742,33.49852763645208],[-111.68143428741905,33.4891896364436],[-111.67343928741161,33.48574463644036],[-111.6651382874038,33.48991763644426],[-111.65033728739013,33.48892163644314],[-111.63013428737122,33.47047763642604],[-111.61176328735405,33.46086863641722],[-111.58837928733237,33.462562636418625],[-111.5818172873262,33.466487636422244],[-111.5587162873046,33.469646636425296],[-111.55102528729753,33.46767063642346],[-111.5243372872726,33.45312463640994],[-111.49797028724811,33.43095363638918],[-111.46305828721552,33.420551636379514],[-111.45032528720367,33.411666636371365],[-111.45,33.410027370702466],[-111.45,33.38665815661486],[-111.45956428721229,33.375556636337706],[-111.45542928720852,33.36399463632688],[-111.45,33.3613865767958],[-111.45,32.95],[-113.15,32.95]],[[-113.00965928865594,33.326991636292405],[-113.00048828864738,33.32685063629219],[-112.9957882886431,33.330592636295705],[-112.99982428864678,33.34062963630504],[-113.00900228865544,33.34077463630524],[-113.01510628866117,33.33530063630019],[-113.01381728865977,33.3294106362946],[-113.00965928865594,33.326991636292405]],[[-111.9544672876732,33.53617863648719],[-111.94139128766119,33.534976636486135],[-111.94380928766327,33.54677163649717],[-111.94830328766761,33.55069363650068],[-111.9589842876776,33.54919863649934],[-111.95980828767824,33.54453263649498],[-111.9544672876732,33.53617863648719]],[[-112.52362028820335,33.164901636141394],[-112.51996628819984,33.1563266361336],[-112.50793428818884,33.15959963613659],[-112.5070872881879,33.16427563614093],[-112.50384528818495,33.16626763614272],[-112.50393628818506,33.17536963615112],[-112.51664728819674,33.17503363615083],[-112.5178072881979,33.171825636148014],[-112.52099628820088,33.169841636145975],[-112.52362028820335,33.164901636141394]],[[-112.62022428829323,33.12189863610138],[-112.61332728828688,33.11531063609527],[-112.59711428827177,33.11617263609605],[-112.59246028826738,33.11989163609951],[-112.59256728826745,33.128993636108135],[-112.61761428829095,33.12683863610596],[-112.62022428829323,33.12189863610138]],[[-112.89055628854499,33.4101296363699],[-112.88635228854105,33.40771863636769],[-112.87397728852966,33.4095576363693],[-112.87104828852694,33.41303263637246],[-112.87296328852858,33.42185963638076],[-112.87781528853316,33.42721963638587],[-112.88407128853896,33.43084763638922],[-112.89797228855195,33.427261636385765],[-112.89055628854499,33.4101296363699]],[[-113.02355928866905,33.47385363642911],[-113.01934828866501,33.47144663642689],[-113.01047528865683,33.47277463642831],[-113.00597428865262,33.485607636440136],[-113.01099428865723,33.500053636453686],[-113.0222392886676,33.501407636454815],[-113.02662628867188,33.496192636449905],[-113.02819828867337,33.486839636441346],[-113.02355928866905,33.47385363642911]],[[-111.96857428768635,33.50690463645992],[-111.95368228767256,33.49685663645073],[-111.94270328766243,33.49687963645056],[-111.93978928765955,33.50032063645381],[-111.94394728766338,33.51187163646455],[-111.9579242876764,33.51749463646979],[-111.96180728768013,33.51846663647075],[-111.97661628769401,33.51942063647175],[-111.97480028769223,33.510581636463485],[-111.96857428768635,33.50690463645992]],[[-112.334190288027,33.0876046360695],[-112.31907628801287,33.07611863605871],[-112.30815928800257,33.076179636058896],[-112.30343628799824,33.07989463606236],[-112.30529028799992,33.08873763607062],[-112.32014428801381,33.09874363607992],[-112.32960528802255,33.100414636081496],[-112.33604428802869,33.096450636077634],[-112.334190288027,33.0876046360695]],[[-112.80336028846386,33.556735636506346],[-112.79346428845474,33.55363863650359],[-112.78733028844886,33.559100636508674],[-112.78540028844714,33.56697463651585],[-112.78425628844616,33.57018663651888],[-112.78310428844497,33.573394636521925],[-112.78354628844545,33.58395763653175],[-112.78776528844924,33.58637663653394],[-112.79664628845762,33.58506763653281],[-112.79779828845858,33.58185563652978],[-112.8006822884613,33.578391636526476],[-112.80182628846251,33.57518763652365],[-112.80527528846574,33.56556663651463],[-112.80336028846386,33.556735636506346]],[[-112.25038928794879,33.69915363663904],[-112.24296528794207,33.6986926366385],[-112.23350528793321,33.706107636645584],[-112.23423728793387,33.718135636656825],[-112.24290428794188,33.72449063666272],[-112.2518162879503,33.72322463666137],[-112.26270328796045,33.71408463665284],[-112.26115428795879,33.70672263664619],[-112.25038928794879,33.69915363663904]],[[-112.9804682886288,33.43623363639426],[-112.97452528862323,33.43408163639219],[-112.9568022886067,33.4367296363946],[-112.9569472886069,33.44582363640302],[-112.95256028860285,33.45103463640794],[-112.95659628860653,33.46107063641739],[-112.97081728861986,33.458949636415355],[-112.97839328862688,33.45174063640866],[-112.98111728862932,33.439174636396956],[-112.9804682886288,33.43623363639426]],[[-112.54850028822648,33.024543636010776],[-112.53524028821425,33.02192263600841],[-112.52813728820752,33.0229606360092],[-112.52526128820477,33.02642063601252],[-112.52922028820853,33.036475636021805],[-112.53605628821492,33.04307563602811],[-112.54196128822036,33.04524963603012],[-112.55611428823363,33.04317863602819],[-112.55899028823637,33.03971863602487],[-112.55711328823463,33.03087663601673],[-112.54850028822648,33.024543636010776]],[[-111.9543232876731,33.43761863639543],[-111.94514428766456,33.43738963639521],[-111.93890428765872,33.44281363640039],[-111.94132228766102,33.454608636411194],[-111.95411728767294,33.463428636419394],[-111.96330228768147,33.46365763641961],[-111.97127528768897,33.457988636414484],[-111.9680252876858,33.45086263640769],[-111.9543232876731,33.43761863639543]],[[-112.05484728776673,33.6585806366013],[-112.04232028775505,33.65124163659448],[-112.02983128774349,33.65299563659596],[-112.02721428774112,33.6579136366006],[-112.029350287743,33.66822863661014],[-112.04070328775356,33.678768636620134],[-112.05139928776362,33.677261636618596],[-112.05877728777045,33.66863963661058],[-112.05484728776673,33.6585806366013]],[[-113.04495228868882,33.92947363685357],[-113.0365292886811,33.92465163684915],[-113.0079722886544,33.92889763685298],[-112.99855828864565,33.9363786368599],[-112.99985528864681,33.94225663686552],[-113.00615728865273,33.94587363686878],[-113.01866928866434,33.94401563686711],[-113.02694728867209,33.93974663686299],[-113.04331228868728,33.93882763686224],[-113.04625728869019,33.93535263685908],[-113.04495228868882,33.92947363685357]],[[-111.80820428753714,32.98020163596948],[-111.79699728752666,32.97873263596807],[-111.781418287512,32.99153563597997],[-111.7788162875097,32.99644863598451],[-111.78060128751144,33.00530263599285],[-111.78647628751673,33.007518635994984],[-111.80236828753164,33.00529863599286],[-111.8141482875426,32.991512635979916],[-111.81266028754112,32.98413463597308],[-111.80820428753714,32.98020163596948]],[[-112.13822928784452,33.8121296367442],[-112.1250992878322,33.810951636743084],[-112.12038428782785,33.814647636746486],[-112.11802628782561,33.821044636752504],[-112.12289428783015,33.83552163676609],[-112.13336228783987,33.8416286367717],[-112.1515122878568,33.840583636770816],[-112.15859228786348,33.83048263676142],[-112.15283928785811,33.82067863675229],[-112.13822928784452,33.8121296367442]],[[-112.7596202884231,33.32925763629464],[-112.73387928839907,33.32849863629394],[-112.72241228838857,33.33474763629965],[-112.71335628838006,33.34367763630803],[-112.7155682883822,33.35398463631759],[-112.74922928841352,33.349021636312955],[-112.75923128842282,33.344508636308774],[-112.76509128842827,33.3375666363022],[-112.76382428842703,33.331676636296834],[-112.7596202884231,33.32925763629464]],[[-112.76007828842353,33.5008466364543],[-112.75025128841435,33.49773363645136],[-112.74405628840873,33.50320463645653],[-112.74934428841357,33.519134636471335],[-112.76689128842986,33.54085163649165],[-112.77315528843565,33.54448363649499],[-112.78061628844262,33.54489863649542],[-112.78382128844578,33.5429116364935],[-112.78675828844848,33.539440636490326],[-112.78484328844661,33.53060563648205],[-112.76857028843142,33.51477863646733],[-112.76007828842353,33.5008466364543]],[[-113.10234028874243,33.53194063648334],[-113.09812128873841,33.52953763648111],[-113.06149328870424,33.538074636489],[-113.04860728869221,33.54608963649639],[-113.050552288694,33.554912636504696],[-113.08524328872636,33.554267636504164],[-113.09558128873596,33.55119363650124],[-113.10429428874409,33.54076763649164],[-113.10234028874243,33.53194063648334]],[[-112.44038428812587,33.14208563612033],[-112.43300628811903,33.14163963611986],[-112.42510228811147,33.14734263612513],[-112.42967228811585,33.16034663613732],[-112.44953928813425,33.16809463614436],[-112.46202828814603,33.17539263615117],[-112.46709428815075,33.18225063615773],[-112.475937288159,33.18096563615654],[-112.47971328816243,33.17281763614892],[-112.47513628815818,33.15981663613684],[-112.45558128813991,33.15354963613095],[-112.44038428812587,33.14208563612033]],[[-112.37403828806396,33.6329196365773],[-112.36779028805813,33.62926463657391],[-112.35710128804817,33.630798636575264],[-112.35069228804218,33.64385563658743],[-112.35497328804627,33.655383636598344],[-112.34731328803923,33.66254763660504],[-112.34918228804099,33.67138663661308],[-112.3554382880468,33.67504163661647],[-112.36402928805478,33.67229063661398],[-112.38081328807039,33.65622363659895],[-112.38135528807084,33.65007763659332],[-112.37917328806884,33.63976663658377],[-112.37403828806396,33.6329196365773]],[[-112.27123228796836,32.96911663595915],[-112.26405328796159,32.95192763594309],[-112.25137328794972,32.952232635943346],[-112.24671928794555,32.955940635946945],[-112.24475828794357,32.97292663596272],[-112.23452728793404,32.98502763597389],[-112.23876228793802,32.996570635984654],[-112.25437928795259,32.992801635981095],[-112.26578528796313,32.98660663597548],[-112.27160628796855,32.979694635969054],[-112.27123228796836,32.96911663595915]],[[-111.94909628766823,33.803798636736474],[-111.91986828764107,33.786647636720545],[-111.90735628762945,33.78839063672217],[-111.90829428763027,33.80190263673467],[-111.93249528765273,33.82126963675273],[-111.94293928766251,33.82739663675852],[-111.95186628767078,33.82614863675735],[-111.95813728767666,33.820728636752165],[-111.95393328767273,33.81828263674993],[-111.94909628766823,33.803798636736474]],[[-112.05725828776895,33.76742563670268],[-112.05131528776337,33.76522863670061],[-112.04474628775733,33.769183636704156],[-112.04837828776067,33.77777063671215],[-112.05380228776585,33.786109636720084],[-112.06425428777561,33.79221763672581],[-112.08660928779636,33.79362463672692],[-112.09382628780304,33.81080663674311],[-112.10187528781057,33.8142246367463],[-112.11407428782195,33.810989636743216],[-112.11131328781926,33.797729636730764],[-112.10085328780951,33.79161863672516],[-112.08773028779729,33.79043163672395],[-112.08235928779231,33.78209263671624],[-112.05725828776895,33.76742563670268]],[[-112.58931728826451,33.19935263617367],[-112.56828328824486,33.19483163616928],[-112.56330828824025,33.197078636171454],[-112.55775428823517,33.20548963617921],[-112.55995128823724,33.21579763618888],[-112.58319128825883,33.23062863620271],[-112.59559628827037,33.22881363620104],[-112.6064372882804,33.21963163619239],[-112.60392028827823,33.20784363618145],[-112.58931728826451,33.19935263617367]],[[-113.06690228870934,33.986953636907174],[-113.0552062886984,33.98414263690438],[-113.0449672886889,33.99629163691566],[-113.02210228866761,34.0012126369204],[-113.02568028867086,34.01738763693538],[-113.02845028867341,34.02153363693924],[-113.03656028868113,34.02487963694239],[-113.06090528870368,34.018222636936116],[-113.07081628871288,34.00459263692346],[-113.06690228870934,33.986953636907174]],[[-112.17510228787864,32.952556635943665],[-112.16211728786675,32.95137363594267],[-112.15744828786228,32.955081635946044],[-112.15897328786377,32.96245563595289],[-112.17704028788057,32.97961063596881],[-112.1983642879004,32.99477363598294],[-112.2013622879033,33.00041563598825],[-112.207611287909,33.004081635991724],[-112.22140528792193,33.000583635988505],[-112.21626328791717,32.98461563597357],[-112.21154028791261,32.97921763596855],[-112.17510228787864,32.952556635943665]],[[-112.43346428811947,33.074741636057524],[-112.42019628810704,33.07211263605495],[-112.38277428807214,33.076022636058724],[-112.37154428806161,33.0746116360574],[-112.36301428805382,33.077361636060004],[-112.35866528804968,33.08254663606476],[-112.36051928805136,33.091392636073124],[-112.36672928805729,33.095050636076394],[-112.40748628809524,33.098262636079426],[-112.42694128811331,33.09543963607689],[-112.43453228812041,33.08825663607013],[-112.43679028812244,33.08185563606412],[-112.43346428811947,33.074741636057524]],[[-112.09570328780478,33.731685636669226],[-112.05721328776895,33.705257636644774],[-112.04650928775891,33.706760636646095],[-112.04383828775644,33.711688636650706],[-112.05139928776362,33.730338636667966],[-112.0720292877827,33.75018263668653],[-112.08816528779789,33.75701163669282],[-112.10240928781104,33.755000636690966],[-112.10323328781192,33.741241636678296],[-112.09570328780478,33.731685636669226]],[[-112.90671528856024,33.38372063634529],[-112.89768228855178,33.3789296363409],[-112.89400528854821,33.3801036363418],[-112.8946302885488,33.382343636343876],[-112.89969628855351,33.38779863634909],[-112.90456428855805,33.39002963635107],[-112.91223928856516,33.39125463635219],[-112.91661828856945,33.393298636354075],[-112.92601028857803,33.40485363636503],[-112.92857328858054,33.416622636375905],[-112.92534628857743,33.43533663639323],[-112.92987828858168,33.43922463639706],[-112.95741228860743,33.422958636381736],[-112.96826128861744,33.39702563635774],[-112.96730028861657,33.39260863635354],[-112.95148428860193,33.38737463634857],[-112.91983028857226,33.38813363634927],[-112.9143602885672,33.38701963634844],[-112.90671528856024,33.38372063634529]],[[-112.17212628787593,33.72847363666642],[-112.14318128784907,33.71284863665187],[-112.12858628783533,33.71339463665231],[-112.12720528783416,33.7242086366623],[-112.13709228784342,33.736461636673766],[-112.17295828787678,33.75868563669451],[-112.18849228789122,33.771655636706555],[-112.19746428789949,33.77038163670545],[-112.20037828790237,33.766937636702096],[-112.19729628789946,33.752204636688475],[-112.17212628787593,33.72847363666642]],[[-112.22071028792129,33.102409636083166],[-112.21034228791154,33.09630563607766],[-112.19266528789512,33.09883863608002],[-112.18891128789164,33.106963636087585],[-112.190445287893,33.11433763609443],[-112.21603428791695,33.141036636119225],[-112.23918928793842,33.1559376361331],[-112.24803128794679,33.15466663613188],[-112.25355528795171,33.14628563612405],[-112.25202228795047,33.13891563611719],[-112.24311028794205,33.13108463611002],[-112.24189028794103,33.125186636104445],[-112.22071028792129,33.102409636083166]],[[-112.1583862878631,33.00353663599117],[-112.14147928784746,32.99228663598069],[-112.13265228783916,32.993549635981935],[-112.12976028783646,32.99699763598505],[-112.13188928783848,33.0073206359948],[-112.15332028785838,33.0406956360257],[-112.16251328786711,33.050010636034585],[-112.18360128788663,33.06369763604721],[-112.19416028789647,33.06218763604579],[-112.19679228789892,33.05725463604131],[-112.18723328788997,33.03736463602263],[-112.16401628786844,33.01335863600025],[-112.1583862878631,33.00353663599117]],[[-112.18206828788516,33.661838636604216],[-112.15882828786357,33.656028636598876],[-112.146347287852,33.657794636600556],[-112.1437382878496,33.66271963660506],[-112.14798728785354,33.674247636615746],[-112.15663928786148,33.68061063662185],[-112.18285328788602,33.69206663663249],[-112.18896528789173,33.71243263665133],[-112.2024462879042,33.72417463666238],[-112.21228028791347,33.72732963666522],[-112.2166752879175,33.72215263666044],[-112.21308928791404,33.71356163665246],[-112.20060728790259,33.68044263662159],[-112.19251228789494,33.66793863660996],[-112.18206828788516,33.661838636604216]],[[-113.1404722887778,33.04117563602631],[-113.12541228876375,33.038898636024214],[-113.11127428875056,33.04103863602609],[-113.1055222887453,33.04799263603263],[-113.11052728874984,33.06244663604616],[-113.13844328877599,33.0734256360563],[-113.14668228878372,33.085861636067875],[-113.15,33.08666796183282],[-113.15,33.048840391908925],[-113.14918528878593,33.04745863603216],[-113.1404722887778,33.04117563602631]],[[-111.68595128742322,32.98661463597546],[-111.67623128741411,32.96520663595538],[-111.66355128740224,32.965446635955686],[-111.65446428739392,32.983394635972445],[-111.65623428739559,33.00135063598918],[-111.7099072874455,33.0424536360274],[-111.72433428745899,33.041965636027044],[-111.73198728746615,33.03483563602026],[-111.72788228746231,33.02326963600967],[-111.70723728744292,33.01096763599821],[-111.70130928743743,32.99965663598755],[-111.68595128742322,32.98661463597546]],[[-112.61610428828953,33.14529063612326],[-112.60982528828367,33.14165863611993],[-112.59392528826879,33.14398963612189],[-112.58043628825635,33.14900163612674],[-112.54380828822218,33.17411063615009],[-112.53945928821804,33.179298636154954],[-112.54102328821955,33.18666463616182],[-112.55431328823192,33.189281636164196],[-112.56284328823995,33.18651563616163],[-112.58105428825684,33.17777263615335],[-112.59873928827324,33.17518263615102],[-112.60648328828051,33.177085636152924],[-112.61365528828719,33.185150636160415],[-112.62165828829461,33.188533636163584],[-112.63374328830582,33.18523763616031],[-112.63808428830998,33.18004563615568],[-112.63703128830889,33.16652663614309],[-112.63258328830489,33.16262063613931],[-112.62102528829405,33.15976363613663],[-112.61610428828953,33.14529063612326]],[[-112.97840128862686,34.02896163694618],[-112.96817028861733,34.024402636941886],[-112.9488372885994,34.02878163694595],[-112.94299328859393,34.03572063695242],[-112.94344238001185,34.05],[-112.97785333007691,34.05],[-112.97902728862755,34.04860663696445],[-113.01900528866463,34.04571163696187],[-113.02375028866913,34.041972636958235],[-113.01934828866501,34.030475636947585],[-113.01689928866267,34.027801636945014],[-112.99986228864691,34.0257796369433],[-112.97840128862686,34.02896163694618]],[[-113.02803828867309,33.3607176363239],[-113.01961528866536,33.355899636319464],[-113.00515028865175,33.356551636319864],[-113.00045028864747,33.36029463632349],[-113.00334928865004,33.37353863633575],[-113.00756028865408,33.375949636337964],[-113.02222428866776,33.40110363636154],[-113.01950828866507,33.41367363637323],[-113.0067362886532,33.430785636389146],[-113.00867428865513,33.439609636397336],[-113.01499928866087,33.44322563640071],[-113.03369128867848,33.444980636402306],[-113.04947628869309,33.45021463640728],[-113.06401028870664,33.449550636406684],[-113.0680162887104,33.44287063640036],[-113.06121828870391,33.41197163637162],[-113.06765028870996,33.407966636367746],[-113.07316628871513,33.39953963636003],[-113.0694352887117,33.390975636352096],[-113.04044328868463,33.37557563633777],[-113.02803828867309,33.3607176363239]],[[-111.55922728730525,33.06175563604552],[-111.5465392872934,33.05287963603723],[-111.53033428727827,33.05358863603783],[-111.51470228726362,33.066352636049714],[-111.51058228725992,33.07297863605595],[-111.51234428726161,33.081836636064054],[-111.52883128727694,33.09170563607336],[-111.53413428728186,33.109176636089614],[-111.53858228728586,33.11311763609319],[-111.54653128729342,33.11657763609651],[-111.55716728730317,33.1151156360952],[-111.5745622873194,33.120303636099834],[-111.58073428732519,33.12400463610334],[-111.5878452873319,33.1321296361109],[-111.58902728733301,33.138030636116355],[-111.59519928733857,33.14173163611986],[-111.6040572873469,33.14051463611872],[-111.62147528736318,33.127494636106576],[-111.63122528737222,33.11249963609271],[-111.62767028736903,33.10389363608465],[-111.61556228735753,33.09797663607924],[-111.60642228734923,33.097720636078975],[-111.59489428733832,33.103858636084624],[-111.58075728732524,33.10580463608653],[-111.57073228731588,33.101116636082],[-111.56540728731102,33.09275463607423],[-111.55922728730525,33.06175563604552]],[[-112.00717928772247,33.809326636741616],[-111.99642228771245,33.801730636734646],[-111.98216228769911,33.80372663673643],[-111.96197528768016,33.82170463675311],[-111.9661792876841,33.824149636755465],[-111.97437328769183,33.854843636783926],[-111.98303228769987,33.8612136367899],[-111.98867028770519,33.86194263679067],[-112.01402328772883,33.85991663678874],[-112.03878828775191,33.87311963680099],[-112.05043028776254,33.87604163680385],[-112.06649828777768,33.87378263680171],[-112.06947328778028,33.87033463679836],[-112.07379928778437,33.84698063677661],[-112.07139628778214,33.8442876367742],[-112.05472528776659,33.843597636773666],[-112.04093928775387,33.83036763676114],[-112.03530128774855,33.829643636760466],[-112.01657128773104,33.83681463676726],[-112.01206228772685,33.83289763676362],[-112.00717928772247,33.809326636741616]],[[-111.85245528757832,32.992214635980645],[-111.84332228756966,32.99197763598045],[-111.82360828755145,33.01142863599853],[-111.80921128753789,33.02103463600747],[-111.77178928750322,33.03384063601948],[-111.76592228749769,33.040725636025854],[-111.76860028750025,33.054008636038134],[-111.77275828750408,33.05646563604046],[-111.79222128752212,33.05374863603788],[-111.80722828753619,33.04710363603181],[-111.81636828754472,33.047344636031994],[-111.82432528755203,33.05078163603525],[-111.8314512875586,33.058887636042755],[-111.84232328756889,33.058883636042765],[-111.85589628758157,33.053947636038174],[-111.87000228759462,33.04286563602773],[-111.88031728760416,33.03989763602499],[-111.8929142876159,33.021438636007815],[-111.89170828761485,33.015537636002364],[-111.88552828760908,33.01185263599905],[-111.87284128759734,33.01211963599917],[-111.8586352875841,32.995902635984066],[-111.85245528757832,32.992214635980645]],[[-112.021766287736,33.525215636477014],[-112.01579328773028,33.52302163647505],[-111.9998012877154,33.525268636476994],[-111.99151628770778,33.52946463648095],[-111.97616528769345,33.543754636494214],[-111.97380028769135,33.55015163650023],[-111.97565428769303,33.568092636516894],[-111.98223828769915,33.57323063652166],[-112.0119402877267,33.575134636523444],[-112.02679428774059,33.585174636532884],[-112.03670528774978,33.59743163654434],[-112.04917128776151,33.604778636551146],[-112.07264728778341,33.60298963654941],[-112.07566028778615,33.608630636554835],[-112.08189428779201,33.612296636558085],[-112.09048428779988,33.609569636555534],[-112.09284228780211,33.60317263654974],[-112.08524328779504,33.57542463652385],[-112.06439228777572,33.56320163651253],[-112.04686728775937,33.558082636507606],[-112.03696428775015,33.54582563649615],[-112.0330962877465,33.53575563648678],[-112.021766287736,33.525215636477014]],[[-113.00765297863164,32.95],[-113.00747728865394,32.957870635948666],[-113.00026728864736,32.96656063595674],[-112.99177528863925,32.96936063595945],[-112.98252828863065,32.976837635966376],[-112.98058328862885,32.984729635973736],[-112.98669428863468,32.99597963598421],[-112.96903228861811,33.015361636002126],[-112.97223628862116,33.030078636016015],[-112.98167428862985,33.04842763603301],[-113.01266528865881,33.081783636064074],[-113.02499428867031,33.07992963606239],[-113.03015928867512,33.07002263605318],[-113.02835128867332,33.053569636037764],[-113.02146928866705,33.047004636031716],[-113.0195392886651,33.03816963602344],[-113.03267628867752,33.01490063600181],[-113.0289762886739,33.006336635993875],[-113.02655828867182,33.003654635991325],[-113.02001228866561,32.99856163598656],[-113.01647928866237,32.98236463597141],[-113.02433028866972,32.97661963596602],[-113.0275572886726,32.97461363596426],[-113.02868628867373,32.97140163596123],[-113.03395128867851,32.970607635960505],[-113.03664428868115,32.95803463594871],[-113.03434859095492,32.95],[-113.00765297863164,32.95]],[[-111.67191328741023,33.097778636079056],[-111.66010328739912,33.09334163607491],[-111.6521452873917,33.09899563608019],[-111.65041328739017,33.1083336360889],[-111.65687528739613,33.122608636102086],[-111.65628028739548,33.12875363610783],[-111.62680028736804,33.144958636122965],[-111.62179528736351,33.15626563613341],[-111.62387128736532,33.16659563614303],[-111.63539128737602,33.1695516361458],[-111.63657428737724,33.17545663615124],[-111.62889828737002,33.19168063616644],[-111.62978328737086,33.196109636170604],[-111.63596328737663,33.19980663617389],[-111.65190128739141,33.197604636171945],[-111.66932628740778,33.18458563615991],[-111.68674428742383,33.18065663615607],[-111.69268828742952,33.18287263615821],[-111.70065328743681,33.195415636169855],[-111.7109982874465,33.20156863617558],[-111.723419287458,33.19984463617402],[-111.74701728748005,33.1814036361568],[-111.75704928748951,33.16787363614435],[-111.75466128748712,33.156074636133326],[-111.74842828748137,33.15238563612979],[-111.73160528746575,33.15017363612765],[-111.72097028745588,33.14255163612074],[-111.71888728745398,33.132221636111126],[-111.72357928745828,33.119434636099186],[-111.7211992874561,33.10763163608817],[-111.71353928744884,33.10565963608633],[-111.69732628743373,33.11549363609538],[-111.68313628742067,33.11745863609735],[-111.67636128741424,33.11080963609106],[-111.67191328741023,33.097778636079056]],[[-112.06039428777194,33.287650636255876],[-112.05091828776312,33.285957636254125],[-112.03501928774836,33.29731363626479],[-112.00494428772026,33.310657636277256],[-112.00228928771776,33.31558263628176],[-112.00471528772005,33.327377636292795],[-112.01866928773302,33.33299663629805],[-112.01957728773391,33.337421636302224],[-112.01335128772803,33.342849636307164],[-112.00096928771654,33.34459663630878],[-111.98234528769922,33.351764636315465],[-111.97111528768869,33.35941663632252],[-111.96702528768492,33.36605863632872],[-111.96823928768617,33.371951636334416],[-111.97235828768999,33.37440863633651],[-112.02060728773495,33.36913263633164],[-112.03891728775193,33.360481636323584],[-112.06879428777984,33.35474363631829],[-112.11498228782284,33.357307636320684],[-112.12991328783664,33.359348636322466],[-112.1577222878625,33.35367563631735],[-112.1637572878683,33.34582163630989],[-112.16421528786873,33.34084363630541],[-112.16616028787053,33.336994636301824],[-112.14173928784771,33.32770963629309],[-112.1555402878605,33.315124636281325],[-112.14662928785219,33.30728563627417],[-112.13715328784338,33.30559963627252],[-112.13261428783926,33.29258363626036],[-112.1204452878278,33.28672763625491],[-112.09894528780774,33.29736363626489],[-112.0814662877915,33.301360636268555],[-112.06039428777194,33.287650636255876]],[[-112.43676028812251,32.995273635983494],[-112.43086228811694,32.99309563598149],[-112.42026528810698,32.99463663598294],[-112.4162292881033,33.00129663598909],[-112.42074628810747,33.01431263600125],[-112.44327528812846,33.02622963601243],[-112.44451928812964,33.032123636017786],[-112.44110128812645,33.041736636026826],[-112.44327528812846,33.05205163603637],[-112.44979828813462,33.05718263604126],[-112.4628062881468,33.05832263604225],[-112.4711002881545,33.063190636046784],[-112.47652428815945,33.07151763605452],[-112.47421228815733,33.07792663606051],[-112.46537828814917,33.07921563606169],[-112.46103628814512,33.084403636066554],[-112.46694928815054,33.112403636092495],[-112.47200728815528,33.11926263609894],[-112.50176228818304,33.11340663609349],[-112.51122328819179,33.11506663609498],[-112.51749428819767,33.1187096360984],[-112.53211928821133,33.13632163611487],[-112.54429628822254,33.1421356361202],[-112.55491628823256,33.14058263611878],[-112.56365228824052,33.1301916361092],[-112.55780028823528,33.11129363609166],[-112.56361428824061,33.10436963608504],[-112.57181528824822,33.10012863608108],[-112.60605628828012,33.09814863607926],[-112.6082992882823,33.09174363607326],[-112.60323328827758,33.084888636067035],[-112.5923082882673,33.08496863606706],[-112.58812728826342,33.08254663606476],[-112.58687628826215,33.07665263605918],[-112.59063728826573,33.068500636051795],[-112.5852052882608,33.060184636043914],[-112.57256328824883,33.0605206360442],[-112.56111928823816,33.06675363605018],[-112.54695928822503,33.068824636051886],[-112.52742028820694,33.06256863604608],[-112.51494628819523,33.055274636039485],[-112.49710128817856,33.03965363602492],[-112.49523128817691,33.03080763601656],[-112.49926028818072,33.02414363601042],[-112.49770328817931,33.01677663600344],[-112.49358328817539,33.014339636001296],[-112.46851328815205,33.01647163600319],[-112.4525532881371,33.0096856359969],[-112.43676028812251,32.995273635983494]],[[-112.28539637524224,32.95],[-112.29290728798856,32.95080163594207],[-112.29910228799417,32.95446763594555],[-112.30419128799895,32.96132663595199],[-112.30249028799744,32.97068763596053],[-112.30641928800105,32.980750635970026],[-112.32321128801664,32.98287963597204],[-112.33559428802823,32.981090635970304],[-112.3330532880259,32.96019363595087],[-112.3426662880347,32.95424663594531],[-112.41353628810089,32.971309635961234],[-112.45809128814221,32.975456635964974],[-112.48735828816962,32.98486363597385],[-112.50353228818472,32.98402063597291],[-112.50792728818874,32.97882063596808],[-112.50334928818438,32.96581263595613],[-112.47107728815445,32.950775635942136],[-112.46611821798336,32.95],[-112.28539637524224,32.95]],[[-112.64277628831428,33.42391163638263],[-112.63705428830895,33.41411963637347],[-112.6210482882941,33.41646163637574],[-112.61312128828672,33.42217663638098],[-112.59769428827235,33.44417163640151],[-112.58882128826417,33.445468636402666],[-112.57370028824994,33.44311863640064],[-112.56608628824279,33.4502986364073],[-112.56292728823996,33.4613916364176],[-112.5538942882315,33.47029863642592],[-112.53435528821342,33.473136636428535],[-112.52820628820768,33.47859163643352],[-112.52588628820536,33.48500063643951],[-112.5278702882074,33.5029296364562],[-112.51136028819201,33.511398636464264],[-112.5070872881879,33.525680636477546],[-112.51252028819295,33.559810636509155],[-112.51177228819233,33.57358163652202],[-112.50717928818813,33.58638763653403],[-112.49985528818115,33.59504363654219],[-112.49932128818068,33.601188636547704],[-112.50236528818346,33.606819636553155],[-112.50862928818947,33.610469636556445],[-112.51019328819075,33.61783263656321],[-112.49607828817761,33.62898263657371],[-112.49796328817933,33.637817636581985],[-112.50811728818894,33.64241763658629],[-112.52684828820634,33.64426063658789],[-112.57964328825551,33.63355663657785],[-112.58916428826433,33.63520763657948],[-112.60348528827762,33.642230636585964],[-112.63016528830258,33.63833963658249],[-112.63468928830684,33.642230636585964],[-112.64716328831832,33.640411636584304],[-112.65594528832662,33.63002063657473],[-112.6663432883363,33.61027863655636],[-112.66722128833703,33.58889363653634],[-112.65853928832894,33.58256863653037],[-112.64044928831208,33.58369863653161],[-112.63450628830651,33.58152763652947],[-112.62913528830154,33.55650363650625],[-112.62039928829358,33.55018663650026],[-112.60410328827834,33.55104463650105],[-112.60011328827454,33.541000636491844],[-112.62984428830237,33.500217636453726],[-112.63236228830465,33.48618363644073],[-112.62274128829563,33.4754376364308],[-112.62116228829427,33.4680786364238],[-112.63737528830939,33.44140663639905],[-112.64277628831428,33.42391163638263]],[[-112.17139428787527,33.13679463611538],[-112.16310928786766,33.131904636110676],[-112.14897928785444,33.13391863611264],[-112.1457752878514,33.14500463612285],[-112.14943728785488,33.162696636139344],[-112.1637952878682,33.18797663616306],[-112.18349428788656,33.21248263618577],[-112.18875928789157,33.24664263621753],[-112.19620528789847,33.25620663622658],[-112.2089922879104,33.265003636234724],[-112.27703828797371,33.30231863626955],[-112.28603328798204,33.31924463628525],[-112.29023728798597,33.35658663631989],[-112.29708128799234,33.36319363632606],[-112.30719028800172,33.36781663633042],[-112.3196262880133,33.36602763632868],[-112.36675228805734,33.37290563633519],[-112.39646128808499,33.3838046363453],[-112.41068228809809,33.381748636343445],[-112.4241482881107,33.367660636330356],[-112.45212528813681,33.3529816363166],[-112.46028128814442,33.33965263630421],[-112.45212528813681,33.32717163629263],[-112.43578328812146,33.31890863628496],[-112.42420928811066,33.316032636282216],[-112.38752028807653,33.31525763628156],[-112.36824828805857,33.310451636277094],[-112.35186728804342,33.302181636269324],[-112.34231528803457,33.29141663625933],[-112.33348828802627,33.266876636236475],[-112.32510328801845,33.252902636223325],[-112.2433702879423,33.202400636176435],[-112.17139428787527,33.13679463611538]],[[-112.6914212883596,33.811572636743676],[-112.68898728835734,33.80889163674124],[-112.68186928835075,33.80992863674214],[-112.66204828833224,33.82041563675193],[-112.65261028832356,33.827861636758826],[-112.64302028831457,33.84292263677298],[-112.64428728831581,33.84880463677837],[-112.6536332883245,33.85807063678703],[-112.65522728832593,33.86542463679393],[-112.65238228832322,33.877986636805645],[-112.65492228832568,33.88975563681652],[-112.65798928832851,33.89538163682187],[-112.673683288343,33.90827163683389],[-112.68025228834927,33.9300806368542],[-112.6970672883649,33.93976963686305],[-112.74592628841037,33.93566863685942],[-112.79086328845233,33.947303636870174],[-112.81018828847027,33.942943636866175],[-112.84119428849908,33.92472463684908],[-112.8519132885092,33.92314563684772],[-112.85609428851308,33.92556763684979],[-112.85834528851501,33.935859636859504],[-112.847496288505,33.94505263686801],[-112.83382428849222,33.950099636872665],[-112.82360828848277,33.96223063688399],[-112.82617928848504,33.9739956368951],[-112.84121728849914,33.98392863690424],[-112.85907728851566,33.98130063690178],[-112.86510428852148,33.96674763688816],[-112.87583128853134,33.96516763688669],[-112.88392628853899,33.968532636889904],[-112.89465328854885,33.96694963688833],[-112.90279428855638,33.95359763687611],[-112.9026492885564,33.944507636867456],[-112.91206328856515,33.92034163684502],[-112.92083728857324,33.90993463683526],[-112.9338532885854,33.90193163682784],[-112.9520112886023,33.90076063682682],[-112.98347428863167,33.90975963683513],[-112.99951128864654,33.90737563683297],[-113.01850928866429,33.884807636811956],[-113.04716528869085,33.87294763680097],[-113.05607628869916,33.87161663679967],[-113.10003628874006,33.87871563680619],[-113.11607328875516,33.876315636804065],[-113.1207962887595,33.87256963680056],[-113.12058228875935,33.863490636791994],[-113.11606628875506,33.859603636788506],[-113.05429028869753,33.85517463678434],[-113.03810128868258,33.84847263677807],[-113.03583528868035,33.838180636768584],[-113.04246528868657,33.8265576367578],[-113.0408402886851,33.81920663675078],[-113.02851828867347,33.81344563674543],[-113.00358628865024,33.817161636749006],[-112.95558128860557,33.8501166367796],[-112.92140228857374,33.853660636782934],[-112.89561428854972,33.84533263677508],[-112.8601992885167,33.8262636367574],[-112.82878128848756,33.817230636748945],[-112.8002552884609,33.82143063675289],[-112.78339428844538,33.82846063675947],[-112.76229828842565,33.833076636763735],[-112.73894528840378,33.844089636774015],[-112.72644028839227,33.845920636775645],[-112.72325128838929,33.831207636761974],[-112.7190242883853,33.82878463675979],[-112.68875128835703,33.83321363676396],[-112.6914212883596,33.811572636743676]],[[-113.12129928875993,33.59292263654015],[-113.10224128874233,33.57298663652159],[-113.0915752887322,33.574588636523],[-113.08529628872634,33.58769263653517],[-113.08789028872889,33.616176636561704],[-113.0859912887272,33.624057636569205],[-113.07206728871415,33.627662636572495],[-113.06513928870777,33.621105636566426],[-113.05105628869455,33.61561563656119],[-113.03892528868323,33.618949636564366],[-113.02098128866646,33.62923463657398],[-113.00857528865504,33.63108863657567],[-112.99531528864259,33.62091063656612],[-112.97543328862412,33.622356636567474],[-112.93728628858867,33.59917063654598],[-112.92456028857669,33.59954063654618],[-112.91842628857103,33.60501463655146],[-112.89171628854615,33.60897863655509],[-112.83007828848872,33.595313636542414],[-112.811981288472,33.59646963654336],[-112.81211128847212,33.60556363655178],[-112.83418228849268,33.631160636575714],[-112.85158528850889,33.64377563658741],[-112.88958728854413,33.65789763660064],[-112.90251928855628,33.666614636608756],[-112.9128422885658,33.68027463662156],[-112.91638228856914,33.69645663663641],[-112.91262028856568,33.704608636644025],[-112.91551928856825,33.71784963665641],[-112.93190028858362,33.71693763665553],[-112.94368028859458,33.71215063665113],[-112.94789928859859,33.71456163665334],[-112.95761828860759,33.74198163667893],[-112.96454628861397,33.74854263668499],[-112.9901352886377,33.76448063669977],[-113.00824728865473,33.78001363671433],[-113.02751928867269,33.77561963671019],[-113.03560628868013,33.778968636713444],[-113.04227428868649,33.784053636718],[-113.0511782886947,33.782722636716926],[-113.05552628869873,33.777515636711996],[-113.05422228869747,33.77163363670661],[-113.0440212886881,33.7670826367023],[-113.03952028868389,33.7631946366987],[-113.03611028868067,33.75611163669214],[-113.04452528868842,33.7442166366809],[-113.03787228868237,33.72242363666078],[-113.0433502886874,33.7140126366528],[-113.05403928869737,33.71241363665149],[-113.06179028870451,33.71429063665323],[-113.07296028871497,33.723251636661416],[-113.07833128871994,33.73916263667638],[-113.0796282887211,33.76176063669732],[-113.08874528872957,33.769508636704586],[-113.13742028877505,33.76524763670068],[-113.14035028877765,33.7617686366973],[-113.15,33.75911206818075],[-113.15,33.6101470785936],[-113.14670528878355,33.599735636546484],[-113.12129928875993,33.59292263654015]],[[-113.15,32.95],[-113.06530747399192,32.95],[-113.0662992887087,32.952030635943174],[-113.05608328869926,32.97182463596164],[-113.04291528868703,32.97837863596783],[-113.04006928868421,32.981849635971],[-113.03716228868166,32.985328635974156],[-113.03909328868349,32.99416363598243],[-113.04919428869289,32.998718635986734],[-113.07547028871727,33.002353635990175],[-113.08175628872323,33.005966635993445],[-113.08498428872622,33.02068663600721],[-113.09299428873351,33.02403663601035],[-113.10852828874818,33.02016463600671],[-113.13529228877292,33.00089663598874],[-113.15,33.00170074543853],[-113.15,32.95]],[[-113.15,34.05],[-113.15,34.01913316997229],[-113.14959728878625,34.01864263693665],[-113.13935828877675,34.01409863693243],[-113.12797528876627,34.01276763693113],[-113.11404428875312,34.01636863693443],[-113.1026682887425,34.03173863694883],[-113.07391328871586,34.04361763695988],[-113.06774928871005,34.04909163696493],[-113.06795107852629,34.05],[-113.15,34.05]],[[-112.76565528842866,33.035083636020545],[-112.7225802883886,33.0125846359997],[-112.71198228837875,33.01415263600097],[-112.70760328837468,33.01936363600589],[-112.7086412883757,33.049602636034024],[-112.69674728836458,33.062000636045696],[-112.69895128836652,33.07231163605525],[-112.72789028839361,33.09690863607807],[-112.74379728840836,33.137103636115626],[-112.7601852884236,33.14532063612319],[-112.76291628842614,33.149474636127024],[-112.76418328842738,33.15536463613262],[-112.75624128841991,33.16110263613791],[-112.74930528841355,33.17124163614744],[-112.75183828841591,33.18302563615839],[-112.77993028844207,33.2031786361772],[-112.7912522884526,33.23037763620255],[-112.80232228846285,33.239372636210874],[-112.80797528846824,33.240054636211426],[-112.82147228848066,33.23500863620666],[-112.82808728848681,33.22339263619597],[-112.81835128847774,33.20356363617748],[-112.81612428847575,33.19325263616793],[-112.81904628847838,33.18978163616475],[-112.83139028848996,33.187946636162906],[-112.86643228852267,33.19792963617215],[-112.89067028854515,33.20039763617456],[-112.8993302885533,33.20670663618034],[-112.89855928855263,33.2113796361848],[-112.89208228854659,33.21538563618856],[-112.88151528853655,33.216960636189924],[-112.87586228853138,33.21628163618925],[-112.87171928852763,33.21385963618718],[-112.85690328851365,33.213027636186325],[-112.85398128851102,33.2165036361896],[-112.8573532885141,33.22359863619613],[-112.86332728851971,33.22574663619821],[-112.868934288525,33.22643263619875],[-112.87313128852884,33.22885163620094],[-112.9105602885636,33.24150863621276],[-112.91586328856874,33.25743063622758],[-112.95993828860969,33.27516563624408],[-112.99241628864002,33.30678163627363],[-113.00305128864989,33.305187636272194],[-113.00640128865302,33.295562636263185],[-113.0209202886665,33.29490263626258],[-113.03553028868009,33.30335263627035],[-113.04793528869163,33.30148663626869],[-113.05403928869737,33.29600863626365],[-113.06434628870693,33.292938636260715],[-113.11991128875866,33.3043246362713],[-113.14402028878112,33.2976416362651],[-113.15,33.2977273820832],[-113.15,33.193128913123765],[-113.13317128877111,33.182197636157525],[-113.12261928876114,33.183795636159175],[-113.11955228875831,33.19490463616944],[-113.09805328873836,33.213359636186624],[-113.08566328872689,33.215228636188385],[-113.076172288718,33.21361963618688],[-113.007545288654,33.19202463616671],[-112.99613228864337,33.18157163615706],[-112.98793028863565,33.15239763612976],[-112.99372128864115,33.12872363610768],[-112.99803928864526,33.123515636102866],[-112.99902328864619,33.11120263609155],[-112.99467428864205,33.0996936360807],[-112.98602328863399,33.093391636074784],[-112.96804828861718,33.094570636076014],[-112.95307928860325,33.101375636082366],[-112.93160228858324,33.10307263608388],[-112.91940328857186,33.097301636078555],[-112.9160232885688,33.09020263607181],[-112.90560128855918,33.08416363606625],[-112.89613328855035,33.08253863606478],[-112.88375828853873,33.08438463606649],[-112.8565062885134,33.076289636058846],[-112.85122728850843,33.07707563605959],[-112.84430728850202,33.08722663606909],[-112.8171382884766,33.08822963607008],[-112.81376628847352,33.09785463607909],[-112.80348228846401,33.100902636081855],[-112.79280828845413,33.07664863605919],[-112.77402528843663,33.06576163604905],[-112.77041628843313,33.040454636025515],[-112.76565528842866,33.035083636020545]]]}},{"type":"Feature","properties":{"metro":"phoenix","AQ_NAME":"Other rocks","ROCK_TYPE":"999"},"geometry":{"type":"Polygon","coordinates":[[[-111.45,34.05],[-111.45,33.3613865767958],[-111.45542928720852,33.36399463632688],[-111.45956428721229,33.375556636337706],[-111.45,33.38665815661486],[-111.45,33.410027370702466],[-111.45032528720367,33.411666636371365],[-111.46305828721552,33.420551636379514],[-111.49797028724811,33.43095363638918],[-111.5243372872726,33.45312463640994],[-111.55102528729753,33.46767063642346],[-111.5587162873046,33.469646636425296],[-111.5818172873262,33.466487636422244],[-111.58837928733237,33.462562636418625],[-111.61176328735405,33.46086863641722],[-111.63013428737122,33.47047763642604],[-111.65033728739013,33.48892163644314],[-111.6651382874038,33.48991763644426],[-111.67969528741742,33.49852763645208],[-111.67259228741068,33.50859863646156],[-111.6559902873953,33.51694863646935],[-111.63938128737982,33.534385636485695],[-111.62690728736811,33.53610263648716],[-111.62189528736349,33.52920563648081],[-111.61205328735446,33.526008636477854],[-111.60345428734627,33.528701636480264],[-111.59250628733616,33.53777663648884],[-111.56102728730684,33.54511663649555],[-111.55660228730267,33.55026663650028],[-111.55863928730469,33.57878063652697],[-111.55629728730241,33.585162636532914],[-111.54678328729369,33.5925176365397],[-111.53220328728003,33.59299063654021],[-111.49034128724111,33.58504463653276],[-111.45,33.58434906901198],[-111.45,33.65203895797392],[-111.46054828721321,33.65575363659855],[-111.47093228722292,33.66191863660447],[-111.48249828723374,33.673988636615604],[-111.49886328724892,33.6823766366233],[-111.52053028726914,33.68094663662214],[-111.52711528727536,33.6770246366184],[-111.54315228729024,33.674842636616404],[-111.5505672872971,33.67534663661695],[-111.5588682873049,33.68027463662156],[-111.5663142873118,33.69895963663885],[-111.58802028733203,33.70660363664592],[-111.59663428734007,33.71300463665193],[-111.59632128733983,33.72062663665906],[-111.59068328733451,33.72896963666676],[-111.59306328733669,33.740768636677785],[-111.61805728735999,33.764625636699975],[-111.638580287379,33.793640636727105],[-111.67253128741072,33.81626863674819],[-111.71663628745182,33.83446163676513],[-111.72143528745619,33.83986263677002],[-111.72383128745855,33.851657636781056],[-111.73307028746717,33.86099263678966],[-111.74350728747686,33.867137636795405],[-111.7542422874867,33.86566163679413],[-111.76047528749268,33.86025663678902],[-111.75986528749195,33.848216636777806],[-111.76400028749595,33.84158663677158],[-111.77088128750233,33.83912263676939],[-111.78246328751311,33.84207163677206],[-111.7913892875215,33.84083963677108],[-111.79438028752429,33.83739463676784],[-111.78173028751235,33.77548563671007],[-111.79023728752031,33.72732963666522],[-111.78662828751703,33.70963263664885],[-111.77500928750624,33.6976016366375],[-111.77320828750453,33.68875163662938],[-111.77970928751051,33.66663363660882],[-111.77789328750873,33.64869663659215],[-111.75348628748611,33.62781563657268],[-111.74568928747885,33.58947763653691],[-111.7332002874673,33.582107636530054],[-111.67412528741215,33.56144363651083],[-111.6657642874045,33.556529636506184],[-111.66397828740264,33.54768363649805],[-111.66995228740825,33.540798636491445],[-111.68685128742413,33.53392363648504],[-111.7046432874406,33.53147163648282],[-111.75300628748573,33.535407636486525],[-111.76788328749944,33.545478636496],[-111.77117928750249,33.56169863651098],[-111.78659828751688,33.56563163651458],[-111.79729428752694,33.573242636521854],[-111.80090328753022,33.59093463653835],[-111.82558428755328,33.59508863654219],[-111.83773028756445,33.60098663654753],[-111.86258728758776,33.65969063660236],[-111.8632282875883,33.68082463662199],[-111.85203528757779,33.70663863664595],[-111.85353828757934,33.71400863665281],[-111.87798328760209,33.725772636663805],[-111.8839952876076,33.737064636674404],[-111.87252828759688,33.77958663671393],[-111.86245728758763,33.80220363673493],[-111.8512272875771,33.81891963675048],[-111.85334028757916,33.82923863676024],[-111.8619922875871,33.83561663676619],[-111.87865428760256,33.83633463676688],[-111.88669628761022,33.83976763676992],[-111.92613228764685,33.86156863679025],[-111.96520228768327,33.87279863680078],[-111.97444128769189,33.873027636801],[-111.98007928769721,33.873756636801545],[-112.00218228771769,33.88279763680998],[-112.00761428772284,33.89112863681794],[-112.01837928773284,33.8987236368248],[-112.03957328775255,33.90333163682908],[-112.04386928775648,33.92395363684841],[-112.05464128776657,33.93154563685539],[-112.07338728778404,33.924365636848734],[-112.08459428779452,33.90763063683312],[-112.08664728779627,33.899757636825825],[-112.0787122877889,33.87055163679861],[-112.08672328779653,33.864875636793386],[-112.09924328780812,33.863113636791695],[-112.11242628782043,33.87339063680133],[-112.12802128783483,33.895454636821796],[-112.13018028783699,33.90576563683135],[-112.12165828782895,33.91757963684245],[-112.12227628782966,33.92052463684513],[-112.11718728782489,33.922756636847225],[-112.10112028780986,33.92501863684947],[-112.0973132878064,33.93313263685695],[-112.09998328780875,33.937309636860846],[-112.11995728782745,33.936015636859565],[-112.1282802878352,33.93180863685575],[-112.1318742878384,33.93130063685521],[-112.13305628783951,33.92810463685237],[-112.14019028784628,33.927097636851386],[-112.16334528786774,33.914733636839856],[-112.18449428788745,33.910232636835644],[-112.20584128790733,33.8981096368243],[-112.2238842879242,33.87887163680648],[-112.24384328794281,33.877555636805255],[-112.2501072879486,33.881217636808515],[-112.25532528795338,33.89716363682351],[-112.25035828794876,33.90848163683404],[-112.24087528794007,33.9158896368408],[-112.23380328793337,33.92599463685019],[-112.24000528793931,33.95544863687769],[-112.23900628793831,33.97682163689774],[-112.34720151484987,34.05],[-112.37499144320985,34.05],[-112.37953228806919,34.0402336369566],[-112.40101628808907,34.03716263695378],[-112.40345028809134,34.03985263695631],[-112.40704328809466,34.039337636955906],[-112.40610528809384,34.03491963695183],[-112.40179428808983,34.02340363694111],[-112.37561828806543,34.00439063692329],[-112.35114328804275,34.00181963692103],[-112.33146628802433,34.00462763692349],[-112.31830628801208,34.00346763692255],[-112.30749528800197,33.99590663691538],[-112.3044512879992,33.99027663691027],[-112.30281828799775,33.97382363689485],[-112.31570428800978,33.94772363687048],[-112.31829028801212,33.933700636857566],[-112.31579628800978,33.92192063684661],[-112.29766828799279,33.8972056368234],[-112.29213728798777,33.87979163680734],[-112.3163532880103,33.855106636784285],[-112.3283542880215,33.83367163676439],[-112.32406628801755,33.82214763675347],[-112.29412828798968,33.80214663673496],[-112.2866282879827,33.79259463672611],[-112.28414128798022,33.78081463671515],[-112.2908862879865,33.76923363670426],[-112.30332928799817,33.7674596367026],[-112.32135728801495,33.78308863671714],[-112.33027628802324,33.781818636716025],[-112.33583828802853,33.773433636708205],[-112.33335128802605,33.76165363669725],[-112.35047128804217,33.74706663668371],[-112.35039528804191,33.737972636675295],[-112.35330228804469,33.734519636672076],[-112.36047328805148,33.73349363667103],[-112.3646312880553,33.735931636673286],[-112.37960028806924,33.77172063670673],[-112.38375828807307,33.77415863670899],[-112.4001002880882,33.773330636708124],[-112.40431228809211,33.7757606367104],[-112.4039912880919,33.80008363673301],[-112.40805828809562,33.819221636750854],[-112.4409412881264,33.86153363679023],[-112.45596328814031,33.87151363679959],[-112.48986028817194,33.86663063679498],[-112.49855828817999,33.87295863680083],[-112.52191928820184,33.904491636830244],[-112.53484328821378,33.913246636838494],[-112.550056288228,33.915599636840625],[-112.56610828824296,33.91327663683842],[-112.57524828825149,33.90436163683012],[-112.58740228826264,33.87528563680303],[-112.59811428827265,33.87373363680172],[-112.60619328828034,33.87710963680479],[-112.63619228830817,33.913726636838874],[-112.6424412883141,33.93407063685777],[-112.67653628834569,33.96401563688573],[-112.67908428834812,33.975784636896606],[-112.66942628833908,33.99084863691064],[-112.67197428834152,34.00262063692162],[-112.68334928835202,34.00399763692303],[-112.68842328835672,34.001743636920764],[-112.71596528838245,33.96736863688875],[-112.72849228839414,33.96554163688711],[-112.7381822884031,33.9762686368972],[-112.74073828840551,33.988033636908085],[-112.73744228840246,34.00672863692557],[-112.74662028841112,34.023601636941294],[-112.76396228842714,34.04383463696013],[-112.76530517239598,34.05],[-112.73706604965228,34.05],[-112.6952662883632,34.02502463694259],[-112.68961328835803,34.02433363694195],[-112.67707828834637,34.02615763694348],[-112.66909828833877,34.031871636948836],[-112.66450528833457,34.04467763696084],[-112.66505826532,34.05],[-111.45,34.05]],[[-111.64257828738278,34.049121636964855],[-111.63611739915933,34.05],[-111.64528426096192,34.05],[-111.64257828738278,34.049121636964855]],[[-111.63266728737358,33.900504636826554],[-111.620186287362,33.90220663682817],[-111.6109392873534,33.911041636836444],[-111.61302928735518,33.92136363684608],[-111.60735328734995,33.947883636870756],[-111.59213228733574,33.97268263689375],[-111.59242228733615,33.983241636903585],[-111.60347028734645,33.983253636903555],[-111.60766628735018,33.98571063690588],[-111.60285228734574,33.99848563691785],[-111.60464428734758,34.00733163692598],[-111.61064128735302,34.00954463692801],[-111.62674728736806,34.00735063692605],[-111.63300328737387,34.00195663692102],[-111.64555328738561,34.00024463691943],[-111.65509828739437,34.01105863692942],[-111.66555028740413,34.017207636935154],[-111.67839828741626,34.035144636952054],[-111.69901228743538,34.045959636961925],[-111.70088667096212,34.05],[-111.72976071228327,34.05],[-111.73397828746783,34.03662463695332],[-111.72856128746298,34.01010163692854],[-111.7472842874804,33.96662163688802],[-111.73526728746924,33.94403063686718],[-111.72037528745523,33.93395263685761],[-111.70873228744449,33.93100363685494],[-111.68785128742502,33.93689363686053],[-111.66517628740394,33.9157566368408],[-111.64849828738829,33.90591463683154],[-111.63266728737358,33.900504636826554]]]}},{"type":"Feature","properties":{"metro":"phoenix","AQ_NAME":"Basin and Range basin-fill aquifers","ROCK_NAME":"Unconsolidated sand and gravel aquifers","ROCK_TYPE":"100"},"geometry":{"type":"Polygon","coordinates":[[[-111.64257828738278,34.049121636964855],[-111.64528426096192,34.05],[-111.63611739915933,34.05],[-111.64257828738278,34.049121636964855]]]}},{"type":"Feature","properties":{"metro":"phoenix","AQ_NAME":"Other rocks","ROCK_TYPE":"999"},"geometry":{"type":"Polygon","coordinates":[[[-113.15,34.05],[-113.06795107852629,34.05],[-113.06774928871005,34.04909163696493],[-113.07391328871586,34.04361763695988],[-113.1026682887425,34.03173863694883],[-113.11404428875312,34.01636863693443],[-113.12797528876627,34.01276763693113],[-113.13935828877675,34.01409863693243],[-113.14959728878625,34.01864263693665],[-113.15,34.01913316997229],[-113.15,34.05]]]}},{"type":"Feature","properties":{"metro":"phoenix","AQ_NAME":"Other rocks","ROCK_TYPE":"999"},"geometry":{"type":"Polygon","coordinates":[[[-112.68898728835734,33.80889163674124],[-112.6914212883596,33.811572636743676],[-112.68875128835703,33.83321363676396],[-112.7190242883853,33.82878463675979],[-112.72325128838929,33.831207636761974],[-112.72644028839227,33.845920636775645],[-112.73894528840378,33.844089636774015],[-112.76229828842565,33.833076636763735],[-112.78339428844538,33.82846063675947],[-112.8002552884609,33.82143063675289],[-112.82878128848756,33.817230636748945],[-112.8601992885167,33.8262636367574],[-112.89561428854972,33.84533263677508],[-112.92140228857374,33.853660636782934],[-112.95558128860557,33.8501166367796],[-113.00358628865024,33.817161636749006],[-113.02851828867347,33.81344563674543],[-113.0408402886851,33.81920663675078],[-113.04246528868657,33.8265576367578],[-113.03583528868035,33.838180636768584],[-113.03810128868258,33.84847263677807],[-113.05429028869753,33.85517463678434],[-113.11606628875506,33.859603636788506],[-113.12058228875935,33.863490636791994],[-113.1207962887595,33.87256963680056],[-113.11607328875516,33.876315636804065],[-113.10003628874006,33.87871563680619],[-113.05607628869916,33.87161663679967],[-113.04716528869085,33.87294763680097],[-113.01850928866429,33.884807636811956],[-112.99951128864654,33.90737563683297],[-112.98347428863167,33.90975963683513],[-112.9520112886023,33.90076063682682],[-112.9338532885854,33.90193163682784],[-112.92083728857324,33.90993463683526],[-112.91206328856515,33.92034163684502],[-112.9026492885564,33.944507636867456],[-112.90279428855638,33.95359763687611],[-112.89465328854885,33.96694963688833],[-112.88392628853899,33.968532636889904],[-112.87583128853134,33.96516763688669],[-112.86510428852148,33.96674763688816],[-112.85907728851566,33.98130063690178],[-112.84121728849914,33.98392863690424],[-112.82617928848504,33.9739956368951],[-112.82360828848277,33.96223063688399],[-112.83382428849222,33.950099636872665],[-112.847496288505,33.94505263686801],[-112.85834528851501,33.935859636859504],[-112.85609428851308,33.92556763684979],[-112.8519132885092,33.92314563684772],[-112.84119428849908,33.92472463684908],[-112.81018828847027,33.942943636866175],[-112.79086328845233,33.947303636870174],[-112.74592628841037,33.93566863685942],[-112.6970672883649,33.93976963686305],[-112.68025228834927,33.9300806368542],[-112.673683288343,33.90827163683389],[-112.65798928832851,33.89538163682187],[-112.65492228832568,33.88975563681652],[-112.65238228832322,33.877986636805645],[-112.65522728832593,33.86542463679393],[-112.6536332883245,33.85807063678703],[-112.64428728831581,33.84880463677837],[-112.64302028831457,33.84292263677298],[-112.65261028832356,33.827861636758826],[-112.66204828833224,33.82041563675193],[-112.68186928835075,33.80992863674214],[-112.68898728835734,33.80889163674124]]]}},{"type":"Feature","properties":{"metro":"phoenix","AQ_NAME":"Other rocks","ROCK_TYPE":"999"},"geometry":{"type":"Polygon","coordinates":[[[-113.0365292886811,33.92465163684915],[-113.04495228868882,33.92947363685357],[-113.04625728869019,33.93535263685908],[-113.04331228868728,33.93882763686224],[-113.02694728867209,33.93974663686299],[-113.01866928866434,33.94401563686711],[-113.00615728865273,33.94587363686878],[-112.99985528864681,33.94225663686552],[-112.99855828864565,33.9363786368599],[-113.0079722886544,33.92889763685298],[-113.0365292886811,33.92465163684915]]]}},{"type":"Feature","properties":{"metro":"phoenix","AQ_NAME":"Other rocks","ROCK_TYPE":"999"},"geometry":{"type":"Polygon","coordinates":[[[-111.99642228771245,33.801730636734646],[-112.00717928772247,33.809326636741616],[-112.01206228772685,33.83289763676362],[-112.01657128773104,33.83681463676726],[-112.03530128774855,33.829643636760466],[-112.04093928775387,33.83036763676114],[-112.05472528776659,33.843597636773666],[-112.07139628778214,33.8442876367742],[-112.07379928778437,33.84698063677661],[-112.06947328778028,33.87033463679836],[-112.06649828777768,33.87378263680171],[-112.05043028776254,33.87604163680385],[-112.03878828775191,33.87311963680099],[-112.01402328772883,33.85991663678874],[-111.98867028770519,33.86194263679067],[-111.98303228769987,33.8612136367899],[-111.97437328769183,33.854843636783926],[-111.9661792876841,33.824149636755465],[-111.96197528768016,33.82170463675311],[-111.98216228769911,33.80372663673643],[-111.99642228771245,33.801730636734646]]]}},{"type":"Feature","properties":{"metro":"phoenix","AQ_NAME":"Other rocks","ROCK_TYPE":"999"},"geometry":{"type":"Polygon","coordinates":[[[-112.1250992878322,33.810951636743084],[-112.13822928784452,33.8121296367442],[-112.15283928785811,33.82067863675229],[-112.15859228786348,33.83048263676142],[-112.1515122878568,33.840583636770816],[-112.13336228783987,33.8416286367717],[-112.12289428783015,33.83552163676609],[-112.11802628782561,33.821044636752504],[-112.12038428782785,33.814647636746486],[-112.1250992878322,33.810951636743084]]]}},{"type":"Feature","properties":{"metro":"phoenix","AQ_NAME":"Other rocks","ROCK_TYPE":"999"},"geometry":{"type":"Polygon","coordinates":[[[-111.91986828764107,33.786647636720545],[-111.94909628766823,33.803798636736474],[-111.95393328767273,33.81828263674993],[-111.95813728767666,33.820728636752165],[-111.95186628767078,33.82614863675735],[-111.94293928766251,33.82739663675852],[-111.93249528765273,33.82126963675273],[-111.90829428763027,33.80190263673467],[-111.90735628762945,33.78839063672217],[-111.91986828764107,33.786647636720545]]]}},{"type":"Feature","properties":{"metro":"phoenix","AQ_NAME":"Other rocks","ROCK_TYPE":"999"},"geometry":{"type":"Polygon","coordinates":[[[-112.05131528776337,33.76522863670061],[-112.05725828776895,33.76742563670268],[-112.08235928779231,33.78209263671624],[-112.08773028779729,33.79043163672395],[-112.10085328780951,33.79161863672516],[-112.11131328781926,33.797729636730764],[-112.11407428782195,33.810989636743216],[-112.10187528781057,33.8142246367463],[-112.09382628780304,33.81080663674311],[-112.08660928779636,33.79362463672692],[-112.06425428777561,33.79221763672581],[-112.05380228776585,33.786109636720084],[-112.04837828776067,33.77777063671215],[-112.04474628775733,33.769183636704156],[-112.05131528776337,33.76522863670061]]]}},{"type":"Feature","properties":{"metro":"phoenix","AQ_NAME":"Other rocks","ROCK_TYPE":"999"},"geometry":{"type":"Polygon","coordinates":[[[-113.10224128874233,33.57298663652159],[-113.12129928875993,33.59292263654015],[-113.14670528878355,33.599735636546484],[-113.15,33.6101470785936],[-113.15,33.75911206818075],[-113.14035028877765,33.7617686366973],[-113.13742028877505,33.76524763670068],[-113.08874528872957,33.769508636704586],[-113.0796282887211,33.76176063669732],[-113.07833128871994,33.73916263667638],[-113.07296028871497,33.723251636661416],[-113.06179028870451,33.71429063665323],[-113.05403928869737,33.71241363665149],[-113.0433502886874,33.7140126366528],[-113.03787228868237,33.72242363666078],[-113.04452528868842,33.7442166366809],[-113.03611028868067,33.75611163669214],[-113.03952028868389,33.7631946366987],[-113.0440212886881,33.7670826367023],[-113.05422228869747,33.77163363670661],[-113.05552628869873,33.777515636711996],[-113.0511782886947,33.782722636716926],[-113.04227428868649,33.784053636718],[-113.03560628868013,33.778968636713444],[-113.02751928867269,33.77561963671019],[-113.00824728865473,33.78001363671433],[-112.9901352886377,33.76448063669977],[-112.96454628861397,33.74854263668499],[-112.95761828860759,33.74198163667893],[-112.94789928859859,33.71456163665334],[-112.94368028859458,33.71215063665113],[-112.93190028858362,33.71693763665553],[-112.91551928856825,33.71784963665641],[-112.91262028856568,33.704608636644025],[-112.91638228856914,33.69645663663641],[-112.9128422885658,33.68027463662156],[-112.90251928855628,33.666614636608756],[-112.88958728854413,33.65789763660064],[-112.85158528850889,33.64377563658741],[-112.83418228849268,33.631160636575714],[-112.81211128847212,33.60556363655178],[-112.811981288472,33.59646963654336],[-112.83007828848872,33.595313636542414],[-112.89171628854615,33.60897863655509],[-112.91842628857103,33.60501463655146],[-112.92456028857669,33.59954063654618],[-112.93728628858867,33.59917063654598],[-112.97543328862412,33.622356636567474],[-112.99531528864259,33.62091063656612],[-113.00857528865504,33.63108863657567],[-113.02098128866646,33.62923463657398],[-113.03892528868323,33.618949636564366],[-113.05105628869455,33.61561563656119],[-113.06513928870777,33.621105636566426],[-113.07206728871415,33.627662636572495],[-113.0859912887272,33.624057636569205],[-113.08789028872889,33.616176636561704],[-113.08529628872634,33.58769263653517],[-113.0915752887322,33.574588636523],[-113.10224128874233,33.57298663652159]]]}},{"type":"Feature","properties":{"metro":"phoenix","AQ_NAME":"Other rocks","ROCK_TYPE":"999"},"geometry":{"type":"Polygon","coordinates":[[[-112.14318128784907,33.71284863665187],[-112.17212628787593,33.72847363666642],[-112.19729628789946,33.752204636688475],[-112.20037828790237,33.766937636702096],[-112.19746428789949,33.77038163670545],[-112.18849228789122,33.771655636706555],[-112.17295828787678,33.75868563669451],[-112.13709228784342,33.736461636673766],[-112.12720528783416,33.7242086366623],[-112.12858628783533,33.71339463665231],[-112.14318128784907,33.71284863665187]]]}},{"type":"Feature","properties":{"metro":"phoenix","AQ_NAME":"Other rocks","ROCK_TYPE":"999"},"geometry":{"type":"Polygon","coordinates":[[[-112.05721328776895,33.705257636644774],[-112.09570328780478,33.731685636669226],[-112.10323328781192,33.741241636678296],[-112.10240928781104,33.755000636690966],[-112.08816528779789,33.75701163669282],[-112.0720292877827,33.75018263668653],[-112.05139928776362,33.730338636667966],[-112.04383828775644,33.711688636650706],[-112.04650928775891,33.706760636646095],[-112.05721328776895,33.705257636644774]]]}},{"type":"Feature","properties":{"metro":"phoenix","AQ_NAME":"Other rocks","ROCK_TYPE":"999"},"geometry":{"type":"Polygon","coordinates":[[[-112.15882828786357,33.656028636598876],[-112.18206828788516,33.661838636604216],[-112.19251228789494,33.66793863660996],[-112.20060728790259,33.68044263662159],[-112.21308928791404,33.71356163665246],[-112.2166752879175,33.72215263666044],[-112.21228028791347,33.72732963666522],[-112.2024462879042,33.72417463666238],[-112.18896528789173,33.71243263665133],[-112.18285328788602,33.69206663663249],[-112.15663928786148,33.68061063662185],[-112.14798728785354,33.674247636615746],[-112.1437382878496,33.66271963660506],[-112.146347287852,33.657794636600556],[-112.15882828786357,33.656028636598876]]]}},{"type":"Feature","properties":{"metro":"phoenix","AQ_NAME":"Other rocks","ROCK_TYPE":"999"},"geometry":{"type":"Polygon","coordinates":[[[-112.24296528794207,33.6986926366385],[-112.25038928794879,33.69915363663904],[-112.26115428795879,33.70672263664619],[-112.26270328796045,33.71408463665284],[-112.2518162879503,33.72322463666137],[-112.24290428794188,33.72449063666272],[-112.23423728793387,33.718135636656825],[-112.23350528793321,33.706107636645584],[-112.24296528794207,33.6986926366385]]]}},{"type":"Feature","properties":{"metro":"phoenix","AQ_NAME":"Other rocks","ROCK_TYPE":"999"},"geometry":{"type":"Polygon","coordinates":[[[-112.04232028775505,33.65124163659448],[-112.05484728776673,33.6585806366013],[-112.05877728777045,33.66864063661069],[-112.05139928776362,33.677261636618596],[-112.04070328775356,33.678768636620134],[-112.029350287743,33.66822863661014],[-112.02721428774112,33.6579136366006],[-112.02983128774349,33.65299563659596],[-112.04232028775505,33.65124163659448]]]}},{"type":"Feature","properties":{"metro":"phoenix","AQ_NAME":"Other rocks","ROCK_TYPE":"999"},"geometry":{"type":"Polygon","coordinates":[[[-112.36779028805813,33.62926463657391],[-112.37403828806396,33.6329196365773],[-112.37917328806884,33.63976663658377],[-112.38135528807084,33.65007763659332],[-112.38081328807039,33.65622363659895],[-112.36402928805478,33.67229063661398],[-112.3554382880468,33.67504163661647],[-112.34918228804099,33.67138663661308],[-112.34731328803923,33.66254763660504],[-112.35497328804627,33.655383636598344],[-112.35069228804218,33.64385563658743],[-112.35710128804817,33.630798636575264],[-112.36779028805813,33.62926463657391]]]}},{"type":"Feature","properties":{"metro":"phoenix","AQ_NAME":"Other rocks","ROCK_TYPE":"999"},"geometry":{"type":"Polygon","coordinates":[[[-112.63705428830895,33.41411963637347],[-112.64277628831428,33.42391163638263],[-112.63737528830939,33.44140663639905],[-112.62116228829427,33.4680786364238],[-112.62274128829563,33.4754376364308],[-112.63236228830465,33.48618363644073],[-112.62984428830237,33.500217636453726],[-112.60011328827454,33.541000636491844],[-112.60410328827834,33.55104463650105],[-112.62039928829358,33.55018663650026],[-112.62913528830154,33.55650363650625],[-112.63450628830651,33.58152763652947],[-112.64044928831208,33.58369863653161],[-112.65853928832894,33.58256863653037],[-112.66722128833703,33.58889363653634],[-112.6663432883363,33.61027863655636],[-112.65594528832662,33.63002063657473],[-112.64716328831832,33.640411636584304],[-112.63468928830684,33.642230636585964],[-112.63016528830258,33.63833963658249],[-112.60348528827762,33.642230636585964],[-112.58916428826433,33.63520763657948],[-112.57964328825551,33.63355663657785],[-112.52684828820634,33.64426063658789],[-112.50811728818894,33.64241763658629],[-112.49796328817933,33.637817636581985],[-112.49607828817761,33.62898263657371],[-112.51019328819075,33.61783263656321],[-112.50862928818947,33.610469636556445],[-112.50236528818346,33.606819636553155],[-112.49932128818068,33.601188636547704],[-112.49985528818115,33.59504363654219],[-112.50717928818813,33.58638763653403],[-112.51177228819233,33.57358163652202],[-112.51252028819295,33.559810636509155],[-112.5070872881879,33.525680636477546],[-112.51136028819201,33.511398636464264],[-112.5278702882074,33.5029296364562],[-112.52588628820536,33.48500063643951],[-112.52820628820768,33.47859163643352],[-112.53435528821342,33.473136636428535],[-112.5538942882315,33.47029863642592],[-112.56292728823996,33.4613916364176],[-112.56608628824279,33.4502986364073],[-112.57370028824994,33.44311863640064],[-112.58882128826417,33.445468636402666],[-112.59769428827235,33.44417163640151],[-112.61312128828672,33.42217663638098],[-112.6210482882941,33.41646163637574],[-112.63705428830895,33.41411963637347]]]}},{"type":"Feature","properties":{"metro":"phoenix","AQ_NAME":"Other rocks","ROCK_TYPE":"999"},"geometry":{"type":"Polygon","coordinates":[[[-112.01579328773028,33.52302163647505],[-112.021766287736,33.525215636477014],[-112.0330962877465,33.53575563648678],[-112.03696428775015,33.54582563649615],[-112.04686728775937,33.558082636507606],[-112.06439228777572,33.56320163651253],[-112.08524328779504,33.57542463652385],[-112.09284228780211,33.60317263654974],[-112.09048428779988,33.609569636555534],[-112.08189428779201,33.612296636558085],[-112.07566028778615,33.608630636554835],[-112.07264728778341,33.60298963654941],[-112.04917128776151,33.604778636551146],[-112.03670528774978,33.59743163654434],[-112.02679428774059,33.585174636532884],[-112.0119402877267,33.575134636523444],[-111.98223828769915,33.57323063652166],[-111.97565428769303,33.568092636516894],[-111.97380028769135,33.55015163650023],[-111.97616528769345,33.543754636494214],[-111.99151628770778,33.52946463648095],[-111.9998012877154,33.525268636476994],[-112.01579328773028,33.52302163647505]]]}},{"type":"Feature","properties":{"metro":"phoenix","AQ_NAME":"Other rocks","ROCK_TYPE":"999"},"geometry":{"type":"Polygon","coordinates":[[[-112.79346428845474,33.55363863650359],[-112.80336028846386,33.556735636506346],[-112.80527528846574,33.56556663651463],[-112.80182628846251,33.57518763652365],[-112.8006822884613,33.578391636526476],[-112.79779828845858,33.58185563652978],[-112.79664628845762,33.58506763653281],[-112.78776528844924,33.58637663653394],[-112.78354628844545,33.58395763653175],[-112.78310428844497,33.573394636521925],[-112.78425628844616,33.57018663651888],[-112.78540028844714,33.56697463651585],[-112.78733028844886,33.559100636508674],[-112.79346428845474,33.55363863650359]]]}},{"type":"Feature","properties":{"metro":"phoenix","AQ_NAME":"Other rocks","ROCK_TYPE":"999"},"geometry":{"type":"Polygon","coordinates":[[[-113.09812128873841,33.52953763648111],[-113.10234028874243,33.53194063648334],[-113.10429428874409,33.54076763649164],[-113.09558128873596,33.55119363650124],[-113.08524328872636,33.554267636504164],[-113.050552288694,33.554912636504696],[-113.04860728869221,33.54608963649639],[-113.06149328870424,33.538074636489],[-113.09812128873841,33.52953763648111]]]}},{"type":"Feature","properties":{"metro":"phoenix","AQ_NAME":"Other rocks","ROCK_TYPE":"999"},"geometry":{"type":"Polygon","coordinates":[[[-111.94139128766119,33.534976636486135],[-111.9544672876732,33.53617863648719],[-111.95980828767824,33.54453263649498],[-111.9589842876776,33.54919863649934],[-111.94830328766761,33.55069363650068],[-111.94380928766327,33.54677163649717],[-111.94139128766119,33.534976636486135]]]}},{"type":"Feature","properties":{"metro":"phoenix","AQ_NAME":"Other rocks","ROCK_TYPE":"999"},"geometry":{"type":"Polygon","coordinates":[[[-112.75025128841435,33.49773363645136],[-112.76007828842353,33.5008466364543],[-112.76857028843142,33.51477863646733],[-112.78484328844661,33.53060563648205],[-112.78675828844848,33.539440636490326],[-112.78382128844578,33.5429116364935],[-112.78061628844262,33.54489863649542],[-112.77315528843565,33.54448363649499],[-112.76689128842986,33.54085163649165],[-112.74934428841357,33.519134636471335],[-112.74405628840873,33.50320463645653],[-112.75025128841435,33.49773363645136]]]}},{"type":"Feature","properties":{"metro":"phoenix","AQ_NAME":"Other rocks","ROCK_TYPE":"999"},"geometry":{"type":"Polygon","coordinates":[[[-111.95368228767256,33.49685663645073],[-111.96857428768635,33.50690463645992],[-111.97480028769223,33.510581636463485],[-111.97661628769401,33.51942063647175],[-111.96180728768013,33.51846663647075],[-111.9579242876764,33.51749463646979],[-111.94394728766338,33.51187163646455],[-111.93978928765955,33.50032063645381],[-111.94270328766243,33.49687963645056],[-111.95368228767256,33.49685663645073]]]}},{"type":"Feature","properties":{"metro":"phoenix","AQ_NAME":"Other rocks","ROCK_TYPE":"999"},"geometry":{"type":"Polygon","coordinates":[[[-112.7225802883886,33.0125846359997],[-112.76565528842866,33.035083636020545],[-112.77041628843313,33.040454636025515],[-112.77402528843663,33.06576163604905],[-112.79280828845413,33.07664863605919],[-112.80348228846401,33.100902636081855],[-112.81376628847352,33.09785463607909],[-112.8171382884766,33.08822963607008],[-112.84430728850202,33.08722663606909],[-112.85122728850843,33.07707563605959],[-112.8565062885134,33.076289636058846],[-112.88375828853873,33.08438463606649],[-112.89613328855035,33.08253863606478],[-112.90560128855918,33.08416363606625],[-112.9160232885688,33.09020263607181],[-112.91940328857186,33.097301636078555],[-112.93160228858324,33.10307263608388],[-112.95307928860325,33.101375636082366],[-112.96804828861718,33.094570636076014],[-112.98602328863399,33.093391636074784],[-112.99467428864205,33.0996936360807],[-112.99902328864619,33.11120263609155],[-112.99803928864526,33.123515636102866],[-112.99372128864115,33.12872363610768],[-112.98793028863565,33.15239763612976],[-112.99613228864337,33.18157163615706],[-113.007545288654,33.19202463616671],[-113.076172288718,33.21361963618688],[-113.08566328872689,33.215228636188385],[-113.09805328873836,33.213359636186624],[-113.11955228875831,33.19490463616944],[-113.12261928876114,33.183795636159175],[-113.13317128877111,33.182197636157525],[-113.15,33.193128913123765],[-113.15,33.2977273820832],[-113.14402028878112,33.2976416362651],[-113.11991128875866,33.3043246362713],[-113.06434628870693,33.292938636260715],[-113.05403928869737,33.29600863626365],[-113.04793528869163,33.30148663626869],[-113.03553028868009,33.30335263627035],[-113.0209202886665,33.29490263626258],[-113.00640128865302,33.295562636263185],[-113.00305128864989,33.305187636272194],[-112.99241628864002,33.30678163627363],[-112.95993828860969,33.27516563624408],[-112.91586328856874,33.25743063622758],[-112.9105602885636,33.24150863621276],[-112.87313128852884,33.22885163620094],[-112.868934288525,33.22643263619875],[-112.86332728851971,33.22574663619821],[-112.8573532885141,33.22359863619613],[-112.85398128851102,33.2165036361896],[-112.85690328851365,33.213027636186325],[-112.87171928852763,33.21385963618718],[-112.87586228853138,33.21628163618925],[-112.88151528853655,33.216960636189924],[-112.89208228854659,33.21538563618856],[-112.89855928855263,33.2113796361848],[-112.8993302885533,33.20670663618034],[-112.89067028854515,33.20039763617456],[-112.86643228852267,33.19792963617215],[-112.83139028848996,33.187946636162906],[-112.81904628847838,33.18978163616475],[-112.81612428847575,33.19325263616793],[-112.81835128847774,33.20356363617748],[-112.82808728848681,33.22339263619597],[-112.82147228848066,33.23500863620666],[-112.80797528846824,33.240054636211426],[-112.80232228846285,33.239372636210874],[-112.7912522884526,33.23037763620255],[-112.77993028844207,33.2031786361772],[-112.75183828841591,33.18302563615839],[-112.74930528841355,33.17124163614744],[-112.75624128841991,33.16110263613791],[-112.76418328842738,33.15536463613262],[-112.76291628842614,33.149474636127024],[-112.7601852884236,33.14532063612319],[-112.74379728840836,33.137103636115626],[-112.72789028839361,33.09690863607807],[-112.69895128836652,33.07231163605525],[-112.69674728836458,33.062000636045696],[-112.7086412883757,33.049602636034024],[-112.70760328837468,33.01936363600589],[-112.71198228837875,33.01415263600097],[-112.7225802883886,33.0125846359997]]]}},{"type":"Feature","properties":{"metro":"phoenix","AQ_NAME":"Other rocks","ROCK_TYPE":"999"},"geometry":{"type":"Polygon","coordinates":[[[-113.01934828866501,33.47144663642689],[-113.02355928866905,33.47385363642911],[-113.02819828867337,33.486839636441346],[-113.02662628867188,33.496192636449905],[-113.0222392886676,33.501407636454815],[-113.01099428865723,33.500053636453686],[-113.00597428865262,33.485607636440136],[-113.01047528865683,33.47277463642831],[-113.01934828866501,33.47144663642689]]]}},{"type":"Feature","properties":{"metro":"phoenix","AQ_NAME":"Other rocks","ROCK_TYPE":"999"},"geometry":{"type":"Polygon","coordinates":[[[-111.6651382874038,33.48991763644426],[-111.67343928741161,33.48574463644036],[-111.68143428741905,33.4891896364436],[-111.67969528741742,33.49852763645208],[-111.6651382874038,33.48991763644426]]]}},{"type":"Feature","properties":{"metro":"phoenix","AQ_NAME":"Other rocks","ROCK_TYPE":"999"},"geometry":{"type":"Polygon","coordinates":[[[-111.94514428766456,33.43738963639521],[-111.9543232876731,33.43761863639543],[-111.9680252876858,33.45086263640769],[-111.97127528768897,33.457988636414484],[-111.96330228768147,33.46365763641961],[-111.95411728767294,33.463428636419394],[-111.94132228766102,33.454608636411194],[-111.93890428765872,33.44281363640039],[-111.94514428766456,33.43738963639521]]]}},{"type":"Feature","properties":{"metro":"phoenix","AQ_NAME":"Other rocks","ROCK_TYPE":"999"},"geometry":{"type":"Polygon","coordinates":[[[-112.97452528862323,33.43408163639219],[-112.9804682886288,33.43623363639426],[-112.98111728862932,33.439174636396956],[-112.97839328862688,33.45174063640866],[-112.97081728861986,33.458949636415355],[-112.95659628860653,33.46107063641739],[-112.95256028860285,33.45103463640794],[-112.9569472886069,33.44582363640302],[-112.9568022886067,33.4367296363946],[-112.97452528862323,33.43408163639219]]]}},{"type":"Feature","properties":{"metro":"phoenix","AQ_NAME":"Other rocks","ROCK_TYPE":"999"},"geometry":{"type":"Polygon","coordinates":[[[-113.01961528866536,33.355899636319464],[-113.02803828867309,33.3607176363239],[-113.04044328868463,33.37557563633777],[-113.0694352887117,33.390975636352096],[-113.07316628871513,33.39953963636003],[-113.06765028870996,33.407966636367746],[-113.06121828870391,33.41197163637162],[-113.0680162887104,33.44287063640036],[-113.06401028870664,33.449550636406684],[-113.04947628869309,33.45021463640728],[-113.03369128867848,33.444980636402306],[-113.01499928866087,33.44322563640071],[-113.00867428865513,33.439609636397336],[-113.0067362886532,33.430785636389146],[-113.01950828866507,33.41367363637323],[-113.02222428866776,33.40110363636154],[-113.00756028865408,33.375949636337964],[-113.00334928865004,33.37353863633575],[-113.00045028864747,33.36029463632349],[-113.00515028865175,33.356551636319864],[-113.01961528866536,33.355899636319464]]]}},{"type":"Feature","properties":{"metro":"phoenix","AQ_NAME":"Other rocks","ROCK_TYPE":"999"},"geometry":{"type":"Polygon","coordinates":[[[-112.89768228855178,33.3789296363409],[-112.90671528856024,33.38372063634529],[-112.9143602885672,33.38701963634844],[-112.91983028857226,33.38813363634927],[-112.95148428860193,33.38737463634857],[-112.96730028861657,33.39260863635354],[-112.96826128861744,33.39702563635774],[-112.95741228860743,33.422958636381736],[-112.92987828858168,33.43922463639706],[-112.92534628857743,33.43533663639323],[-112.92857328858054,33.416622636375905],[-112.92601028857803,33.40485363636503],[-112.91661828856945,33.393298636354075],[-112.91223928856516,33.39125463635219],[-112.90456428855805,33.39002963635107],[-112.89969628855351,33.38779863634909],[-112.8946302885488,33.382343636343876],[-112.89400528854821,33.3801036363418],[-112.89768228855178,33.3789296363409]]]}},{"type":"Feature","properties":{"metro":"phoenix","AQ_NAME":"Other rocks","ROCK_TYPE":"999"},"geometry":{"type":"Polygon","coordinates":[[[-112.88635228854105,33.40771863636769],[-112.89055628854499,33.4101296363699],[-112.89797228855195,33.427261636385765],[-112.88407128853896,33.43084763638922],[-112.87781528853316,33.42721963638587],[-112.87296328852858,33.42185963638076],[-112.87104828852694,33.41303263637246],[-112.87397728852966,33.4095576363693],[-112.88635228854105,33.40771863636769]]]}},{"type":"Feature","properties":{"metro":"phoenix","AQ_NAME":"Other rocks","ROCK_TYPE":"999"},"geometry":{"type":"Polygon","coordinates":[[[-112.16310928786766,33.131904636110676],[-112.17139428787527,33.13679463611538],[-112.2433702879423,33.202400636176435],[-112.32510328801845,33.252902636223325],[-112.33348828802627,33.266876636236475],[-112.34231528803457,33.29141663625933],[-112.35186728804342,33.302181636269324],[-112.36824828805857,33.310451636277094],[-112.38752028807653,33.31525763628156],[-112.42420928811066,33.316032636282216],[-112.43578328812146,33.31890863628496],[-112.45212528813681,33.32717163629263],[-112.46028128814442,33.33965263630421],[-112.45212528813681,33.3529816363166],[-112.4241482881107,33.367660636330356],[-112.41068228809809,33.381748636343445],[-112.39646128808499,33.3838046363453],[-112.36675228805734,33.37290563633519],[-112.3196262880133,33.36602763632868],[-112.30719028800172,33.36781663633042],[-112.29708128799234,33.36319363632606],[-112.29023728798597,33.35658663631989],[-112.28603328798204,33.31924463628525],[-112.27703828797371,33.30231863626955],[-112.2089922879104,33.265003636234724],[-112.19620528789847,33.25620663622658],[-112.18875928789157,33.24664263621753],[-112.18349428788656,33.21248263618577],[-112.1637952878682,33.18797663616306],[-112.14943728785488,33.162696636139344],[-112.1457752878514,33.14500463612285],[-112.14897928785444,33.13391863611264],[-112.16310928786766,33.131904636110676]]]}},{"type":"Feature","properties":{"metro":"phoenix","AQ_NAME":"Other rocks","ROCK_TYPE":"999"},"geometry":{"type":"Polygon","coordinates":[[[-112.05091828776312,33.285957636254125],[-112.06039428777194,33.287650636255876],[-112.0814662877915,33.301360636268555],[-112.09894528780774,33.29736363626489],[-112.1204452878278,33.28672763625491],[-112.13261428783926,33.29258363626036],[-112.13715328784338,33.30559963627252],[-112.14662928785219,33.30728563627417],[-112.1555402878605,33.315124636281325],[-112.14173928784771,33.32770963629309],[-112.16616028787053,33.336994636301824],[-112.16421528786873,33.34084363630541],[-112.1637572878683,33.34582163630989],[-112.1577222878625,33.35367563631735],[-112.12991328783664,33.359348636322466],[-112.11498228782284,33.357307636320684],[-112.06879428777984,33.35474363631829],[-112.03891728775193,33.360481636323584],[-112.02060728773495,33.36913263633164],[-111.97235828768999,33.37440863633651],[-111.96823928768617,33.371951636334416],[-111.96702528768492,33.36605863632872],[-111.97111528768869,33.35941663632252],[-111.98234528769922,33.351764636315465],[-112.00096928771654,33.34459663630878],[-112.01335128772803,33.342849636307164],[-112.01957728773391,33.337421636302224],[-112.01866928773302,33.33299663629805],[-112.00471528772005,33.327377636292795],[-112.00228928771776,33.31558263628176],[-112.00494428772026,33.310657636277256],[-112.03501928774836,33.29731363626479],[-112.05091828776312,33.285957636254125]]]}},{"type":"Feature","properties":{"metro":"phoenix","AQ_NAME":"Other rocks","ROCK_TYPE":"999"},"geometry":{"type":"Polygon","coordinates":[[[-112.73387928839907,33.32849863629394],[-112.7596202884231,33.32925763629464],[-112.76382428842703,33.331676636296834],[-112.76509128842827,33.3375666363022],[-112.75923128842282,33.344508636308774],[-112.74922928841352,33.349021636312955],[-112.7155682883822,33.35398463631759],[-112.71335628838006,33.34367763630803],[-112.72241228838857,33.33474763629965],[-112.73387928839907,33.32849863629394]]]}},{"type":"Feature","properties":{"metro":"phoenix","AQ_NAME":"Other rocks","ROCK_TYPE":"999"},"geometry":{"type":"Polygon","coordinates":[[[-113.00048828864738,33.32685063629219],[-113.00965928865594,33.326991636292405],[-113.01381728865977,33.3294106362946],[-113.01510628866117,33.33530063630019],[-113.00900228865544,33.34077463630524],[-112.99982428864678,33.34062963630504],[-112.9957882886431,33.330592636295705],[-113.00048828864738,33.32685063629219]]]}},{"type":"Feature","properties":{"metro":"phoenix","AQ_NAME":"Other rocks","ROCK_TYPE":"999"},"geometry":{"type":"Polygon","coordinates":[[[-112.56828328824486,33.19483163616928],[-112.58931728826451,33.19935263617367],[-112.60392028827823,33.20784363618145],[-112.6064372882804,33.21963163619239],[-112.59559628827037,33.22881363620104],[-112.58319128825883,33.23062863620271],[-112.55995128823724,33.21579763618888],[-112.55775428823517,33.20548963617921],[-112.56330828824025,33.197078636171454],[-112.56828328824486,33.19483163616928]]]}},{"type":"Feature","properties":{"metro":"phoenix","AQ_NAME":"Other rocks","ROCK_TYPE":"999"},"geometry":{"type":"Polygon","coordinates":[[[-111.66010328739912,33.09334163607491],[-111.67191328741023,33.097778636079056],[-111.67636128741424,33.11080963609106],[-111.68313628742067,33.11745863609735],[-111.69732628743373,33.11549363609538],[-111.71353928744884,33.10565963608633],[-111.7211992874561,33.10763163608817],[-111.72357928745828,33.119434636099186],[-111.71888728745398,33.132221636111126],[-111.72097028745588,33.14255163612074],[-111.73160528746575,33.15017363612765],[-111.74842828748137,33.15238563612979],[-111.75466128748712,33.156074636133326],[-111.75704928748951,33.16787363614435],[-111.74701728748005,33.1814036361568],[-111.723419287458,33.19984463617402],[-111.7109982874465,33.20156863617558],[-111.70065328743681,33.195415636169855],[-111.69268828742952,33.18287263615821],[-111.68674428742383,33.18065663615607],[-111.66932628740778,33.18458563615991],[-111.65190128739141,33.197604636171945],[-111.63596328737663,33.19980663617389],[-111.62978328737086,33.196109636170604],[-111.62889828737002,33.19168063616644],[-111.63657428737724,33.17545663615124],[-111.63539128737602,33.1695516361458],[-111.62387128736532,33.16659563614303],[-111.62179528736351,33.15626563613341],[-111.62680028736804,33.144958636122965],[-111.65628028739548,33.12875363610783],[-111.65687528739613,33.122608636102086],[-111.65041328739017,33.1083336360889],[-111.6521452873917,33.09899563608019],[-111.66010328739912,33.09334163607491]]]}},{"type":"Feature","properties":{"metro":"phoenix","AQ_NAME":"Other rocks","ROCK_TYPE":"999"},"geometry":{"type":"Polygon","coordinates":[[[-112.60982528828367,33.14165863611993],[-112.61610428828953,33.14529063612326],[-112.62102528829405,33.15976363613663],[-112.63258328830489,33.16262063613931],[-112.63703128830889,33.16652663614309],[-112.63808428830998,33.18004563615568],[-112.63374328830582,33.18523763616031],[-112.62165828829461,33.188533636163584],[-112.61365528828719,33.185150636160415],[-112.60648328828051,33.177085636152924],[-112.59873928827324,33.17518263615102],[-112.58105428825684,33.17777263615335],[-112.56284328823995,33.18651563616163],[-112.55431328823192,33.189281636164196],[-112.54102328821955,33.18666463616182],[-112.53945928821804,33.179298636154954],[-112.54380828822218,33.17411063615009],[-112.58043628825635,33.14900163612674],[-112.59392528826879,33.14398963612189],[-112.60982528828367,33.14165863611993]]]}},{"type":"Feature","properties":{"metro":"phoenix","AQ_NAME":"Other rocks","ROCK_TYPE":"999"},"geometry":{"type":"Polygon","coordinates":[[[-112.43300628811903,33.14163963611986],[-112.44038428812587,33.14208563612033],[-112.45558128813991,33.15354963613095],[-112.47513628815818,33.15981663613684],[-112.47971328816243,33.17281763614892],[-112.475937288159,33.18096563615654],[-112.46709428815075,33.18225063615773],[-112.46202828814603,33.17539263615117],[-112.44953928813425,33.16809463614436],[-112.42967228811585,33.16034663613732],[-112.42510228811147,33.14734263612513],[-112.43300628811903,33.14163963611986]]]}},{"type":"Feature","properties":{"metro":"phoenix","AQ_NAME":"Other rocks","ROCK_TYPE":"999"},"geometry":{"type":"Polygon","coordinates":[[[-112.51996628819984,33.1563266361336],[-112.52362028820335,33.164901636141394],[-112.52099628820088,33.169841636145975],[-112.5178072881979,33.171825636148014],[-112.51664728819674,33.17503363615083],[-112.50393628818506,33.17536963615112],[-112.50384528818495,33.16626763614272],[-112.5070872881879,33.16427563614093],[-112.50793428818884,33.15959963613659],[-112.51996628819984,33.1563266361336]]]}},{"type":"Feature","properties":{"metro":"phoenix","AQ_NAME":"Other rocks","ROCK_TYPE":"999"},"geometry":{"type":"Polygon","coordinates":[[[-112.21034228791154,33.09630563607766],[-112.22071028792129,33.102409636083166],[-112.24189028794103,33.125186636104445],[-112.24311028794205,33.13108463611002],[-112.25202228795047,33.13891563611719],[-112.25355528795171,33.14628563612405],[-112.24803128794679,33.15466663613188],[-112.23918928793842,33.1559376361331],[-112.21603428791695,33.141036636119225],[-112.190445287893,33.11433763609443],[-112.18891128789164,33.106963636087585],[-112.19266528789512,33.09883863608002],[-112.21034228791154,33.09630563607766]]]}},{"type":"Feature","properties":{"metro":"phoenix","AQ_NAME":"Other rocks","ROCK_TYPE":"999"},"geometry":{"type":"Polygon","coordinates":[[[-112.43086228811694,32.99309563598149],[-112.43676028812251,32.995273635983494],[-112.4525532881371,33.0096856359969],[-112.46851328815205,33.01647163600319],[-112.49358328817539,33.014339636001296],[-112.49770328817931,33.01677663600344],[-112.49926028818072,33.02414363601042],[-112.49523128817691,33.03080763601656],[-112.49710128817856,33.03965363602492],[-112.51494628819523,33.055274636039485],[-112.52742028820694,33.06256863604608],[-112.54695928822503,33.068824636051886],[-112.56111928823816,33.06675363605018],[-112.57256328824883,33.0605206360442],[-112.5852052882608,33.060184636043914],[-112.59063728826573,33.068500636051795],[-112.58687628826215,33.07665263605918],[-112.58812728826342,33.08254663606476],[-112.5923082882673,33.08496863606706],[-112.60323328827758,33.084888636067035],[-112.6082992882823,33.09174363607326],[-112.60605628828012,33.09814863607926],[-112.57181528824822,33.10012863608108],[-112.56361428824061,33.10436963608504],[-112.55780028823528,33.11129363609166],[-112.56365228824052,33.1301916361092],[-112.55491628823256,33.14058263611878],[-112.54429628822254,33.1421356361202],[-112.53211928821133,33.13632163611487],[-112.51749428819767,33.1187096360984],[-112.51122328819179,33.11506663609498],[-112.50176228818304,33.11340663609349],[-112.47200728815528,33.11926263609894],[-112.46694928815054,33.112403636092495],[-112.46103628814512,33.084403636066554],[-112.46537828814917,33.07921563606169],[-112.47421228815733,33.07792663606051],[-112.47652428815945,33.07151763605452],[-112.4711002881545,33.063190636046784],[-112.4628062881468,33.05832263604225],[-112.44979828813462,33.05718263604126],[-112.44327528812846,33.05205163603637],[-112.44110128812645,33.041736636026826],[-112.44451928812964,33.032123636017786],[-112.44327528812846,33.02622963601243],[-112.42074628810747,33.01431263600125],[-112.4162292881033,33.00129663598909],[-112.42026528810698,32.99463663598294],[-112.43086228811694,32.99309563598149]]]}},{"type":"Feature","properties":{"metro":"phoenix","AQ_NAME":"Other rocks","ROCK_TYPE":"999"},"geometry":{"type":"Polygon","coordinates":[[[-111.5465392872934,33.05287963603723],[-111.55922728730525,33.06175563604552],[-111.56540728731102,33.09275463607423],[-111.57073228731588,33.101116636082],[-111.58075728732524,33.10580463608653],[-111.59489428733832,33.103858636084624],[-111.60642228734923,33.097720636078975],[-111.61556228735753,33.09797663607924],[-111.62767028736903,33.10389363608465],[-111.63122528737222,33.11249963609271],[-111.62147528736318,33.127494636106576],[-111.6040572873469,33.14051463611872],[-111.59519928733857,33.14173163611986],[-111.58902728733301,33.138030636116355],[-111.5878452873319,33.1321296361109],[-111.58073428732519,33.12400463610334],[-111.5745622873194,33.120303636099834],[-111.55716728730317,33.1151156360952],[-111.54653128729342,33.11657763609651],[-111.53858228728586,33.11311763609319],[-111.53413428728186,33.109176636089614],[-111.52883128727694,33.09170563607336],[-111.51234428726161,33.081836636064054],[-111.51058228725992,33.07297863605595],[-111.51470228726362,33.066352636049714],[-111.53033428727827,33.05358863603783],[-111.5465392872934,33.05287963603723]]]}},{"type":"Feature","properties":{"metro":"phoenix","AQ_NAME":"Other rocks","ROCK_TYPE":"999"},"geometry":{"type":"Polygon","coordinates":[[[-112.61332728828688,33.11531063609527],[-112.62022428829323,33.12189863610138],[-112.61761428829095,33.12683863610596],[-112.59256728826745,33.128993636108135],[-112.59246028826738,33.11989163609951],[-112.59711428827177,33.11617263609605],[-112.61332728828688,33.11531063609527]]]}},{"type":"Feature","properties":{"metro":"phoenix","AQ_NAME":"Other rocks","ROCK_TYPE":"999"},"geometry":{"type":"Polygon","coordinates":[[[-112.31907628801287,33.07611863605871],[-112.334190288027,33.0876046360695],[-112.33604428802869,33.096450636077634],[-112.32960528802255,33.100414636081496],[-112.32014428801381,33.09874363607992],[-112.30529028799992,33.08873763607062],[-112.30343628799824,33.07989463606236],[-112.30815928800257,33.076179636058896],[-112.31907628801287,33.07611863605871]]]}},{"type":"Feature","properties":{"metro":"phoenix","AQ_NAME":"Other rocks","ROCK_TYPE":"999"},"geometry":{"type":"Polygon","coordinates":[[[-112.42019628810704,33.07211263605495],[-112.43346428811947,33.074741636057524],[-112.43679028812244,33.08185563606412],[-112.43453228812041,33.08825663607013],[-112.42694128811331,33.09543963607689],[-112.40748628809524,33.098262636079426],[-112.36672928805729,33.095050636076394],[-112.36051928805136,33.091392636073124],[-112.35866528804968,33.08254663606476],[-112.36301428805382,33.077361636060004],[-112.37154428806161,33.0746116360574],[-112.38277428807214,33.076022636058724],[-112.42019628810704,33.07211263605495]]]}},{"type":"Feature","properties":{"metro":"phoenix","AQ_NAME":"Other rocks","ROCK_TYPE":"999"},"geometry":{"type":"Polygon","coordinates":[[[-113.12541228876375,33.038898636024214],[-113.1404722887778,33.04117563602631],[-113.14918528878593,33.04745863603216],[-113.15,33.048840391908925],[-113.15,33.08666796183282],[-113.14668228878372,33.085861636067875],[-113.13844328877599,33.0734256360563],[-113.11052728874984,33.06244663604616],[-113.1055222887453,33.04799263603263],[-113.11127428875056,33.04103863602609],[-113.12541228876375,33.038898636024214]]]}},{"type":"Feature","properties":{"metro":"phoenix","AQ_NAME":"Other rocks","ROCK_TYPE":"999"},"geometry":{"type":"Polygon","coordinates":[[[-113.03434859095492,32.95],[-113.03664428868115,32.95803463594871],[-113.03395128867851,32.970607635960505],[-113.02868628867373,32.97140163596123],[-113.0275572886726,32.97461363596426],[-113.02433028866972,32.97661963596602],[-113.01647928866237,32.98236463597141],[-113.02001228866561,32.99856163598656],[-113.02655828867182,33.003654635991325],[-113.0289762886739,33.006336635993875],[-113.03267628867752,33.01490063600181],[-113.0195392886651,33.03816963602344],[-113.02146928866705,33.047004636031716],[-113.02835128867332,33.053569636037764],[-113.03015928867512,33.07002263605318],[-113.02499428867031,33.07992963606239],[-113.01266528865881,33.081783636064074],[-112.98167428862985,33.04842763603301],[-112.97223628862116,33.030078636016015],[-112.96903228861811,33.015361636002126],[-112.98669428863468,32.99597963598421],[-112.98058328862885,32.984729635973736],[-112.98252828863065,32.976837635966376],[-112.99177528863925,32.96936063595945],[-113.00026728864736,32.96656063595674],[-113.00747728865394,32.957870635948666],[-113.00765297863164,32.95],[-113.03434859095492,32.95]]]}},{"type":"Feature","properties":{"metro":"phoenix","AQ_NAME":"Other rocks","ROCK_TYPE":"999"},"geometry":{"type":"Polygon","coordinates":[[[-112.14147928784746,32.99228663598069],[-112.1583862878631,33.00353663599117],[-112.16401628786844,33.01335863600025],[-112.18723328788997,33.03736463602263],[-112.19679228789892,33.05725463604131],[-112.19416028789647,33.06218763604579],[-112.18360128788663,33.06369763604721],[-112.16251328786711,33.050010636034585],[-112.15332028785838,33.0406956360257],[-112.13188928783848,33.0073206359948],[-112.12976028783646,32.99699763598505],[-112.13265228783916,32.993549635981935],[-112.14147928784746,32.99228663598069]]]}},{"type":"Feature","properties":{"metro":"phoenix","AQ_NAME":"Other rocks","ROCK_TYPE":"999"},"geometry":{"type":"Polygon","coordinates":[[[-111.84332228756966,32.99197763598045],[-111.85245528757832,32.992214635980645],[-111.8586352875841,32.995902635984066],[-111.87284128759734,33.01211963599917],[-111.88552828760908,33.01185263599905],[-111.89170828761485,33.015537636002364],[-111.8929142876159,33.021438636007815],[-111.88031728760416,33.03989763602499],[-111.87000228759462,33.04286563602773],[-111.85589628758157,33.053947636038174],[-111.84232328756889,33.058883636042765],[-111.8314512875586,33.058887636042755],[-111.82432528755203,33.05078163603525],[-111.81636828754472,33.047344636031994],[-111.80722828753619,33.04710363603181],[-111.79222128752212,33.05374863603788],[-111.77275828750408,33.05646563604046],[-111.76860028750025,33.054008636038134],[-111.76592228749769,33.040725636025854],[-111.77178928750322,33.03384063601948],[-111.80921128753789,33.02103463600747],[-111.82360828755145,33.01142863599853],[-111.84332228756966,32.99197763598045]]]}},{"type":"Feature","properties":{"metro":"phoenix","AQ_NAME":"Other rocks","ROCK_TYPE":"999"},"geometry":{"type":"Polygon","coordinates":[[[-113.15,32.95],[-113.15,33.00170074543853],[-113.13529228877292,33.00089663598874],[-113.10852828874818,33.02016463600671],[-113.09299428873351,33.02403663601035],[-113.08498428872622,33.02068663600721],[-113.08175628872323,33.005966635993445],[-113.07547028871727,33.002353635990175],[-113.04919428869289,32.998718635986734],[-113.03909328868349,32.99416363598243],[-113.03716228868166,32.985328635974156],[-113.04006928868421,32.981849635971],[-113.04291528868703,32.97837863596783],[-113.05608328869926,32.97182463596164],[-113.0662992887087,32.952030635943174],[-113.06530747399192,32.95],[-113.15,32.95]]]}},{"type":"Feature","properties":{"metro":"phoenix","AQ_NAME":"Other rocks","ROCK_TYPE":"999"},"geometry":{"type":"Polygon","coordinates":[[[-112.53524028821425,33.02192263600841],[-112.54850028822648,33.024543636010776],[-112.55711328823463,33.03087663601673],[-112.55899028823637,33.03971863602487],[-112.55611428823363,33.04317863602819],[-112.54196128822036,33.04524963603012],[-112.53605628821492,33.04307563602811],[-112.52922028820853,33.036475636021805],[-112.52526128820477,33.02642063601252],[-112.52813728820752,33.0229606360092],[-112.53524028821425,33.02192263600841]]]}},{"type":"Feature","properties":{"metro":"phoenix","AQ_NAME":"Other rocks","ROCK_TYPE":"999"},"geometry":{"type":"Polygon","coordinates":[[[-111.67623128741411,32.96520663595538],[-111.68595128742322,32.98661463597546],[-111.70130928743743,32.99965663598755],[-111.70723728744292,33.01096763599821],[-111.72788228746231,33.02326963600967],[-111.73198728746615,33.03483563602026],[-111.72433428745899,33.041965636027044],[-111.7099072874455,33.0424536360274],[-111.65623428739559,33.00135063598918],[-111.65446428739392,32.983394635972445],[-111.66355128740224,32.965446635955686],[-111.67623128741411,32.96520663595538]]]}},{"type":"Feature","properties":{"metro":"phoenix","AQ_NAME":"Other rocks","ROCK_TYPE":"999"},"geometry":{"type":"Polygon","coordinates":[[[-111.79699728752666,32.97873263596807],[-111.80820428753714,32.98020163596948],[-111.81266028754112,32.98413463597308],[-111.8141482875426,32.991512635979916],[-111.80236828753164,33.00529863599286],[-111.78647628751673,33.007518635994984],[-111.78060128751144,33.00530263599285],[-111.7788162875097,32.99644863598451],[-111.781418287512,32.99153563597997],[-111.79699728752666,32.97873263596807]]]}},{"type":"Feature","properties":{"metro":"phoenix","AQ_NAME":"Other rocks","ROCK_TYPE":"999"},"geometry":{"type":"Polygon","coordinates":[[[-112.16211728786675,32.95137363594267],[-112.17510228787864,32.952556635943665],[-112.21154028791261,32.97921763596855],[-112.21626328791717,32.98461563597357],[-112.22140528792193,33.000583635988505],[-112.207611287909,33.004081635991724],[-112.2013622879033,33.00041563598825],[-112.1983642879004,32.99477363598294],[-112.17704028788057,32.97961063596881],[-112.15897328786377,32.96245563595289],[-112.15744828786228,32.955081635946044],[-112.16211728786675,32.95137363594267]]]}},{"type":"Feature","properties":{"metro":"phoenix","AQ_NAME":"Other rocks","ROCK_TYPE":"999"},"geometry":{"type":"Polygon","coordinates":[[[-112.26405328796159,32.95192763594309],[-112.27123228796836,32.96911663595915],[-112.27160628796855,32.979694635969054],[-112.26578528796313,32.98660663597548],[-112.25437928795259,32.992801635981095],[-112.23876228793802,32.996570635984654],[-112.23452728793404,32.98502763597389],[-112.24475828794357,32.97292663596272],[-112.24671928794555,32.955940635946945],[-112.25137328794972,32.952232635943346],[-112.26405328796159,32.95192763594309]]]}},{"type":"Feature","properties":{"metro":"phoenix","AQ_NAME":"Other rocks","ROCK_TYPE":"999"},"geometry":{"type":"Polygon","coordinates":[[[-112.46611821798336,32.95],[-112.47107728815445,32.950775635942136],[-112.50334928818438,32.96581263595613],[-112.50792728818874,32.97882063596808],[-112.50353228818472,32.98402063597291],[-112.48735828816962,32.98486363597385],[-112.45809128814221,32.975456635964974],[-112.41353628810089,32.971309635961234],[-112.3426662880347,32.95424663594531],[-112.3330532880259,32.96019363595087],[-112.33559428802823,32.981090635970304],[-112.32321128801664,32.98287963597204],[-112.30641928800105,32.980750635970026],[-112.30249028799744,32.97068763596053],[-112.30419128799895,32.96132663595199],[-112.29910228799417,32.95446763594555],[-112.29290728798856,32.95080163594207],[-112.28539637524224,32.95],[-112.46611821798336,32.95]]]}}]}