{"type":"FeatureCollection","features":[{"type":"Feature","properties":{"huc12":"150601050308","name":"Deer Creek"},"geometry":{"type":"Polygon","coordinates":[[[-111.4449,34.0774],[-111.4484,34.0776],[-111.4527,34.0756],[-111.4565,34.0681],[-111.4569,34.0648],[-111.4615,34.0627],[-111.4629,34.0594],[-111.4688,34.0596],[-111.4727,34.0581],[-111.4726,34.0544],[-111.4688,34.0477],[-111.4724,34.042],[-111.4793,34.0396],[-111.4808,34.0406],[-111.4837,34.0401],[-111.4867,34.0358],[-111.4933,34.0379],[-111.495,34.0319],[-111.4977,34.029],[-111.4952,34.0237],[-111.4975,34.0182],[-111.4961,34.0143],[-111.5006,34.0087],[-111.4996,34.0043],[-111.4969,34.0036],[-111.4971,34.0019],[-111.4952,33.9996],[-111.4852,34.0022],[-111.4775,34.0025],[-111.4723,34.0049],[-111.4702,34.0028],[-111.4667,34.0064],[-111.4593,34.0025],[-111.4541,34.0047],[-111.4494,34.0001],[-111.4448,34.0008],[-111.4358,34.0076],[-111.4266,34.0063],[-111.4156,34.0105],[-111.4106,34.0194],[-111.4029,34.0191],[-111.392,34.0278],[-111.3916,34.0294],[-111.3884,34.0306],[-111.3859,34.0299],[-111.3775,34.0343],[-111.3689,34.0428],[-111.3697,34.0462],[-111.3672,34.0504],[-111.3416,34.0695],[-111.3388,34.0754],[-111.3418,34.0742],[-111.3456,34.0746],[-111.3654,34.0611],[-111.3748,34.0644],[-111.3781,34.0682],[-111.3864,34.0641],[-111.3891,34.0603],[-111.3946,34.0579],[-111.4021,34.0567],[-111.4083,34.0597],[-111.4216,34.0701],[-111.4279,34.0728],[-111.4399,34.0723],[-111.4434,34.0745],[-111.4449,34.0774]]]}},{"type":"Feature","properties":{"huc12":"150601050402","name":"Slate Creek"},"geometry":{"type":"Polygon","coordinates":[[[-111.3759,33.9923],[-111.3791,33.9929],[-111.3841,33.9912],[-111.3861,33.9919],[-111.3967,33.99],[-111.4034,33.9909],[-111.4085,33.9879],[-111.4134,33.9873],[-111.4253,33.9888],[-111.4337,33.9857],[-111.4332,33.9839],[-111.4347,33.9808],[-111.4417,33.9781],[-111.4451,33.9743],[-111.4482,33.9731],[-111.449,33.9687],[-111.4526,33.9655],[-111.4528,33.9621],[-111.448,33.9582],[-111.4515,33.9539],[-111.4523,33.9487],[-111.4473,33.9413],[-111.4481,33.938],[-111.4471,33.9347],[-111.4516,33.934],[-111.4522,33.9328],[-111.4493,33.9295],[-111.4515,33.9246],[-111.451,33.9199],[-111.4374,33.9161],[-111.4309,33.9237],[-111.4259,33.926],[-111.4054,33.9195],[-111.4068,33.9134],[-111.405,33.9123],[-111.4019,33.9132],[-111.3938,33.9123],[-111.3895,33.9153],[-111.3742,33.9133],[-111.3654,33.9189],[-111.358,33.9185],[-111.353,33.9238],[-111.336,33.9305],[-111.3339,33.934],[-111.3266,33.9355],[-111.3215,33.9334],[-111.3163,33.936],[-111.3113,33.9361],[-111.3075,33.9377],[-111.3075,33.9396],[-111.3096,33.9384],[-111.3132,33.9384],[-111.3277,33.949],[-111.3365,33.951],[-111.3393,33.9549],[-111.3458,33.9571],[-111.3498,33.9613],[-111.3529,33.9678],[-111.3613,33.9701],[-111.3611,33.9736],[-111.3598,33.9751],[-111.3637,33.9797],[-111.3662,33.9797],[-111.3741,33.985],[-111.3769,33.9913],[-111.3759,33.9923]]]}},{"type":"Feature","properties":{"huc12":"150503030603","name":"Pima Butte-Santa Cruz Wash"},"geometry":{"type":"Polygon","coordinates":[[[-111.8245,33.1023],[-111.828,33.1055],[-111.8555,33.1103],[-111.9051,33.1106],[-111.9052,33.1141],[-111.9188,33.122],[-111.9397,33.1214],[-111.9398,33.1229],[-111.9432,33.125],[-111.9572,33.1249],[-111.9614,33.1227],[-111.9614,33.1248],[-111.9788,33.1248],[-111.9868,33.132],[-111.9939,33.1346],[-112.0008,33.139],[-112.0083,33.1396],[-112.0156,33.1439],[-112.0185,33.1471],[-112.0307,33.1436],[-112.0279,33.1387],[-112.0241,33.1376],[-112.0231,33.1354],[-112.0048,33.1246],[-112.0024,33.1168],[-111.9951,33.1122],[-111.9942,33.103],[-111.9897,33.0979],[-111.9845,33.0878],[-111.9753,33.0746],[-111.9663,33.0654],[-111.9355,33.066],[-111.9235,33.0799],[-111.9135,33.0851],[-111.8962,33.0975],[-111.8823,33.1031],[-111.8586,33.1063],[-111.8245,33.1023]]]}},{"type":"Feature","properties":{"huc12":"150503030605","name":"Sacaton Mountains-Santa Cruz Wash"},"geometry":{"type":"Polygon","coordinates":[[[-112.0789,33.1839],[-112.1198,33.1876],[-112.1316,33.1865],[-112.1395,33.1894],[-112.1346,33.1834],[-112.1211,33.178],[-112.1111,33.1711],[-112.1019,33.1685],[-112.1022,33.1721],[-112.0977,33.1708],[-112.0955,33.1673],[-112.0847,33.1608],[-112.0822,33.1577],[-112.0777,33.1584],[-112.073,33.1558],[-112.0628,33.1555],[-112.0584,33.151],[-112.058,33.1476],[-112.0452,33.1398],[-112.0444,33.1381],[-112.0451,33.1295],[-112.043,33.125],[-112.0341,33.1152],[-112.0323,33.1034],[-112.028,33.1002],[-112.0221,33.0898],[-112.0169,33.0897],[-112.0138,33.0882],[-112.0105,33.0779],[-111.9963,33.0728],[-111.996,33.0221],[-111.9798,33.0037],[-111.9769,33.0022],[-111.968,32.9922],[-111.962,32.9812],[-111.9565,32.9756],[-111.9424,32.968],[-111.9379,32.9611],[-111.9203,32.9491],[-111.9112,32.9389],[-111.9007,32.9399],[-111.8947,32.9344],[-111.8866,32.9338],[-111.8862,32.939],[-111.87,32.9457],[-111.8685,32.9461],[-111.8628,32.9428],[-111.8436,32.9623],[-111.8382,32.9722],[-111.8191,32.9874],[-111.8186,32.9916],[-111.8159,32.994],[-111.8085,32.9969],[-111.8072,33.0003],[-111.8087,33.002],[-111.8065,33.0031],[-111.8052,33.0072],[-111.8088,33.0134],[-111.8112,33.015],[-111.8179,33.0123],[-111.8195,33.0146],[-111.8281,33.0155],[-111.8275,33.0186],[-111.8354,33.0234],[-111.8365,33.02],[-111.8413,33.0177],[-111.842,33.0162],[-111.8474,33.0157],[-111.8519,33.0129],[-111.8597,33.0149],[-111.8782,33.0167],[-111.8793,33.014],[-111.8839,33.0111],[-111.9035,33.0102],[-111.9043,33.011],[-111.9007,33.0204],[-111.8986,33.0328],[-111.9157,33.0324],[-111.9264,33.0364],[-111.9394,33.039],[-111.956,33.0465],[-111.9669,33.053],[-111.9752,33.0591],[-111.9789,33.0635],[-111.9791,33.0654],[-111.9663,33.0654],[-111.9766,33.0762],[-111.9852,33.0889],[-111.9897,33.0979],[-111.9942,33.103],[-111.9951,33.1122],[-112.0024,33.1168],[-112.0055,33.1252],[-112.0231,33.1354],[-112.0241,33.1376],[-112.0279,33.1387],[-112.0305,33.1425],[-112.0295,33.1445],[-112.0226,33.1466],[-112.0236,33.1483],[-112.0207,33.1525],[-112.0199,33.1571],[-112.0302,33.1623],[-112.0385,33.1639],[-112.0495,33.1716],[-112.0586,33.1732],[-112.0789,33.1839]]]}},{"type":"Feature","properties":{"huc12":"150501000710","name":"Cholla Mountain"},"geometry":{"type":"Polygon","coordinates":[[[-111.4033,33.1194],[-111.4044,33.1209],[-111.4045,33.1329],[-111.4203,33.1526],[-111.4343,33.174],[-111.4983,33.1332],[-111.4987,33.1316],[-111.4964,33.1275],[-111.5079,33.1186],[-111.5168,33.1051],[-111.5182,33.1007],[-111.5155,33.099],[-111.5152,33.0961],[-111.5088,33.0921],[-111.5079,33.0859],[-111.5092,33.0729],[-111.5069,33.0728],[-111.5033,33.0666],[-111.5025,33.0624],[-111.5039,33.0542],[-111.5109,33.0436],[-111.5112,33.0406],[-111.5166,33.0364],[-111.5175,33.0342],[-111.5157,33.0321],[-111.5174,33.0279],[-111.5158,33.0264],[-111.5196,33.024],[-111.5198,33.0202],[-111.5156,33.02],[-111.5152,33.0247],[-111.4949,33.0372],[-111.4833,33.0421],[-111.4815,33.046],[-111.4751,33.0505],[-111.4736,33.0568],[-111.4655,33.0629],[-111.4608,33.0692],[-111.4505,33.0767],[-111.4447,33.0776],[-111.4435,33.0837],[-111.4404,33.0862],[-111.441,33.089],[-111.4397,33.0905],[-111.4281,33.0926],[-111.4201,33.0925],[-111.4194,33.0964],[-111.416,33.101],[-111.4091,33.1046],[-111.4009,33.1047],[-111.3967,33.1029],[-111.3942,33.1003],[-111.3898,33.1025],[-111.385,33.1005],[-111.3742,33.0991],[-111.3734,33.1044],[-111.3654,33.105],[-111.3619,33.1098],[-111.3574,33.1096],[-111.3548,33.1121],[-111.3543,33.1157],[-111.3505,33.1169],[-111.3591,33.1183],[-111.3841,33.1183],[-111.3878,33.1215],[-111.3915,33.1194],[-111.4033,33.1194]]]}},{"type":"Feature","properties":{"huc12":"150701010205","name":"Lum Wash-Gila River"},"geometry":{"type":"Polygon","coordinates":[[[-112.478,33.5227],[-112.479,33.5225],[-112.4788,33.516],[-112.4774,33.5144],[-112.477,33.5087],[-112.4788,33.5021],[-112.4788,33.4574],[-112.48,33.4567],[-112.4811,33.4506],[-112.4942,33.4505],[-112.501,33.4545],[-112.504,33.4577],[-112.5047,33.4612],[-112.5069,33.4612],[-112.5172,33.4769],[-112.5248,33.4793],[-112.5271,33.4784],[-112.5231,33.4774],[-112.5206,33.4727],[-112.5256,33.4653],[-112.5257,33.4614],[-112.5303,33.4568],[-112.5463,33.4492],[-112.5453,33.4448],[-112.5474,33.4269],[-112.5473,33.4048],[-112.5389,33.38],[-112.5383,33.3561],[-112.5312,33.3496],[-112.528,33.3519],[-112.5215,33.3534],[-112.5102,33.3493],[-112.5086,33.3479],[-112.509,33.3438],[-112.5075,33.3416],[-112.4965,33.3309],[-112.4947,33.3269],[-112.4892,33.3204],[-112.4825,33.3149],[-112.4753,33.3119],[-112.4675,33.3117],[-112.4651,33.3145],[-112.4583,33.317],[-112.4525,33.3168],[-112.4478,33.3144],[-112.4441,33.315],[-112.4441,33.3124],[-112.4425,33.3104],[-112.4335,33.3083],[-112.4305,33.3049],[-112.423,33.3048],[-112.4093,33.3011],[-112.3713,33.3036],[-112.3553,33.3011],[-112.3572,33.3041],[-112.3598,33.3048],[-112.3607,33.3072],[-112.3816,33.3157],[-112.3831,33.3177],[-112.404,33.3279],[-112.4179,33.3285],[-112.4226,33.3315],[-112.4298,33.3328],[-112.4327,33.3379],[-112.436,33.3404],[-112.4395,33.3405],[-112.4418,33.3421],[-112.4471,33.3418],[-112.4469,33.35],[-112.4503,33.3516],[-112.455,33.3655],[-112.453,33.3675],[-112.4576,33.3719],[-112.4604,33.3769],[-112.4384,33.4003],[-112.4336,33.403],[-112.4266,33.4046],[-112.4268,33.4117],[-112.4279,33.4148],[-112.435,33.4222],[-112.4369,33.4281],[-112.4373,33.4388],[-112.4416,33.4507],[-112.4442,33.452],[-112.4442,33.4537],[-112.4474,33.4574],[-112.4596,33.4698],[-112.4614,33.473],[-112.4617,33.4775],[-112.4696,33.4865],[-112.47,33.5216],[-112.478,33.5227]]]}},{"type":"Feature","properties":{"huc12":"150701010204","name":"White Tanks FRS #4"},"geometry":{"type":"Polygon","coordinates":[[[-112.5499,33.5437],[-112.5533,33.5462],[-112.5557,33.5445],[-112.5555,33.5403],[-112.557,33.5364],[-112.5562,33.5336],[-112.5613,33.5287],[-112.562,33.523],[-112.5609,33.52],[-112.5639,33.5139],[-112.5681,33.5116],[-112.5688,33.5088],[-112.5718,33.5075],[-112.5677,33.4984],[-112.5623,33.4967],[-112.56,33.4936],[-112.5546,33.491],[-112.5512,33.4863],[-112.5474,33.4889],[-112.5451,33.4886],[-112.5328,33.4824],[-112.529,33.4783],[-112.5244,33.4793],[-112.5172,33.4769],[-112.5069,33.4612],[-112.5047,33.4612],[-112.504,33.4577],[-112.4942,33.4505],[-112.4811,33.4506],[-112.48,33.4567],[-112.4788,33.4574],[-112.4788,33.5021],[-112.477,33.5087],[-112.479,33.5225],[-112.47,33.5216],[-112.47,33.5336],[-112.471,33.5341],[-112.4819,33.5258],[-112.4818,33.5228],[-112.4875,33.5229],[-112.496,33.5201],[-112.4978,33.5178],[-112.5034,33.5169],[-112.5141,33.521],[-112.5148,33.5276],[-112.5164,33.531],[-112.5184,33.5322],[-112.5226,33.5326],[-112.5384,33.5423],[-112.5428,33.5424],[-112.5464,33.5444],[-112.5499,33.5437]]]}},{"type":"Feature","properties":{"huc12":"150701010206","name":"Buckeye Valley-Gila River"},"geometry":{"type":"Polygon","coordinates":[[[-112.5559,33.4469],[-112.5565,33.4494],[-112.5568,33.4469],[-112.5607,33.4448],[-112.5823,33.4381],[-112.594,33.4383],[-112.598,33.4415],[-112.6011,33.4404],[-112.6005,33.4389],[-112.6027,33.4356],[-112.6107,33.4327],[-112.6271,33.4301],[-112.6318,33.4305],[-112.6357,33.4325],[-112.6323,33.4276],[-112.6319,33.4203],[-112.6275,33.409],[-112.6341,33.4063],[-112.6426,33.4047],[-112.6423,33.362],[-112.6415,33.3564],[-112.6385,33.3514],[-112.6381,33.3434],[-112.6494,33.3367],[-112.6517,33.3348],[-112.6518,33.3321],[-112.6497,33.3248],[-112.6457,33.3207],[-112.6271,33.3151],[-112.6306,33.3081],[-112.6303,33.3019],[-112.6291,33.2997],[-112.6252,33.3],[-112.6254,33.2978],[-112.6205,33.2934],[-112.6223,33.2924],[-112.6207,33.2918],[-112.6214,33.2905],[-112.6204,33.2896],[-112.6233,33.2816],[-112.6221,33.2807],[-112.6217,33.2768],[-112.6292,33.2683],[-112.6225,33.2639],[-112.6185,33.2672],[-112.6128,33.267],[-112.6056,33.2695],[-112.5981,33.2687],[-112.5932,33.2723],[-112.5875,33.2706],[-112.5873,33.2672],[-112.5769,33.265],[-112.5684,33.267],[-112.5601,33.2712],[-112.5559,33.2757],[-112.5567,33.2774],[-112.5548,33.2889],[-112.5561,33.2918],[-112.5547,33.2969],[-112.5517,33.2982],[-112.5508,33.3008],[-112.5471,33.3019],[-112.5509,33.3086],[-112.552,33.316],[-112.5452,33.3151],[-112.5443,33.3188],[-112.5404,33.3215],[-112.5376,33.3215],[-112.5368,33.3254],[-112.5309,33.3265],[-112.5287,33.3251],[-112.5257,33.3271],[-112.5224,33.3274],[-112.5202,33.33],[-112.5218,33.3485],[-112.5233,33.3495],[-112.5314,33.3487],[-112.5387,33.3572],[-112.5389,33.38],[-112.5473,33.4048],[-112.5474,33.4269],[-112.5453,33.4448],[-112.5463,33.4492],[-112.5559,33.4469]]]}},{"type":"Feature","properties":{"huc12":"150601060113","name":"Saguaro Lake-Salt River"},"geometry":{"type":"Polygon","coordinates":[[[-111.4359,33.5663],[-111.4406,33.5606],[-111.4502,33.5619],[-111.4561,33.5662],[-111.4615,33.5652],[-111.4667,33.5667],[-111.4703,33.5652],[-111.4739,33.5665],[-111.4738,33.5717],[-111.4686,33.5734],[-111.4628,33.5732],[-111.4636,33.5775],[-111.4624,33.5789],[-111.4643,33.5865],[-111.4619,33.5936],[-111.4593,33.5956],[-111.459,33.6016],[-111.4628,33.6083],[-111.4629,33.615],[-111.4654,33.6183],[-111.4701,33.6201],[-111.4707,33.6218],[-111.475,33.6247],[-111.4777,33.6304],[-111.4799,33.6404],[-111.4788,33.6486],[-111.4821,33.6423],[-111.4841,33.6283],[-111.4908,33.6195],[-111.5052,33.5912],[-111.501,33.5844],[-111.5011,33.5785],[-111.4992,33.5768],[-111.5002,33.5748],[-111.5048,33.5734],[-111.5056,33.5714],[-111.5116,33.5685],[-111.5174,33.5696],[-111.5172,33.5746],[-111.5213,33.5746],[-111.5246,33.5764],[-111.5329,33.5779],[-111.5348,33.5801],[-111.5384,33.5807],[-111.5395,33.5827],[-111.5438,33.5841],[-111.5517,33.5843],[-111.5522,33.5823],[-111.5563,33.58],[-111.5494,33.5699],[-111.5424,33.569],[-111.5413,33.5656],[-111.5311,33.5676],[-111.5245,33.5628],[-111.5236,33.5589],[-111.5243,33.5571],[-111.5185,33.552],[-111.5184,33.548],[-111.5169,33.5467],[-111.515,33.5461],[-111.5129,33.5486],[-111.5153,33.554],[-111.5146,33.556],[-111.51,33.5562],[-111.5067,33.5518],[-111.5005,33.5469],[-111.4995,33.5442],[-111.4976,33.5441],[-111.4957,33.5414],[-111.4936,33.5423],[-111.4903,33.5364],[-111.4868,33.5358],[-111.4828,33.5383],[-111.478,33.536],[-111.4766,33.5368],[-111.4713,33.5358],[-111.4666,33.528],[-111.4636,33.5261],[-111.4622,33.5234],[-111.4641,33.5223],[-111.4605,33.5156],[-111.4546,33.5121],[-111.4512,33.5082],[-111.4485,33.5119],[-111.4504,33.5145],[-111.4471,33.5215],[-111.4525,33.5253],[-111.4558,33.5305],[-111.4564,33.5359],[-111.4505,33.5386],[-111.4535,33.5411],[-111.4497,33.5413],[-111.4484,33.5426],[-111.4515,33.5482],[-111.4475,33.5492],[-111.4475,33.5506],[-111.4443,33.5502],[-111.4426,33.5562],[-111.4312,33.5581],[-111.4329,33.5634],[-111.4359,33.5663]]]}},{"type":"Feature","properties":{"huc12":"150601060201","name":"Pinnacle Peak-Paradise Valley"},"geometry":{"type":"Polygon","coordinates":[[[-111.8282,33.8415],[-111.828,33.8332],[-111.8304,33.8266],[-111.8481,33.8048],[-111.8706,33.7926],[-111.881,33.789],[-111.8833,33.7868],[-111.8863,33.7803],[-111.8895,33.7775],[-111.8967,33.7758],[-111.9122,33.7677],[-111.9146,33.7647],[-111.948,33.7469],[-111.966,33.7405],[-111.9787,33.7314],[-111.9991,33.7205],[-112.0159,33.7145],[-112.0269,33.7028],[-112.0308,33.6894],[-112.0296,33.681],[-112.0265,33.6791],[-112.0121,33.6761],[-112.0059,33.668],[-112.0004,33.6645],[-111.9612,33.6516],[-111.944,33.6426],[-111.8719,33.6277],[-111.8602,33.6149],[-111.8517,33.6031],[-111.8494,33.6036],[-111.8419,33.6098],[-111.8365,33.6084],[-111.8314,33.6113],[-111.8289,33.6113],[-111.8267,33.6128],[-111.8277,33.6155],[-111.8269,33.6181],[-111.8175,33.623],[-111.8162,33.6248],[-111.8128,33.6252],[-111.8065,33.6288],[-111.7972,33.628],[-111.7937,33.6291],[-111.792,33.6309],[-111.7997,33.6389],[-111.8077,33.6414],[-111.8121,33.6443],[-111.8121,33.6534],[-111.8137,33.6571],[-111.8175,33.6593],[-111.8176,33.6633],[-111.8151,33.6657],[-111.8142,33.6687],[-111.815,33.6723],[-111.8121,33.6731],[-111.812,33.6763],[-111.8084,33.6789],[-111.8147,33.6849],[-111.812,33.6897],[-111.813,33.695],[-111.8118,33.6963],[-111.8125,33.7018],[-111.8155,33.7064],[-111.8198,33.7188],[-111.828,33.7257],[-111.8274,33.7329],[-111.8294,33.7391],[-111.8294,33.7449],[-111.8323,33.7478],[-111.8324,33.7535],[-111.8353,33.7578],[-111.8344,33.7618],[-111.8321,33.7648],[-111.8313,33.7698],[-111.8274,33.772],[-111.8221,33.7812],[-111.8236,33.7839],[-111.8198,33.7951],[-111.821,33.7988],[-111.8199,33.8053],[-111.8212,33.8115],[-111.8195,33.8134],[-111.8202,33.8227],[-111.819,33.8245],[-111.8219,33.8259],[-111.8223,33.8285],[-111.8244,33.8304],[-111.8263,33.8391],[-111.8282,33.8415]]]}},{"type":"Feature","properties":{"huc12":"150602030503","name":"Horseshoe Reservoir-Verde River"},"geometry":{"type":"Polygon","coordinates":[[[-111.715,34.0823],[-111.7172,34.0808],[-111.7211,34.0807],[-111.7257,34.0839],[-111.7287,34.0829],[-111.7355,34.0838],[-111.739,34.0835],[-111.7406,34.0808],[-111.7443,34.0798],[-111.7506,34.0813],[-111.7583,34.0803],[-111.7602,34.0783],[-111.7651,34.077],[-111.7657,34.0747],[-111.7688,34.0725],[-111.7756,34.0705],[-111.7758,34.0679],[-111.7775,34.0667],[-111.7773,34.0641],[-111.7745,34.0594],[-111.7666,34.0508],[-111.7671,34.0446],[-111.766,34.0423],[-111.7717,34.0397],[-111.7768,34.0406],[-111.7793,34.0394],[-111.7785,34.0353],[-111.7737,34.027],[-111.7749,34.0239],[-111.7702,34.019],[-111.7664,34.0177],[-111.7646,34.0142],[-111.7661,34.0087],[-111.762,34.006],[-111.7553,33.9983],[-111.7521,33.9989],[-111.7457,33.9967],[-111.7407,33.9968],[-111.7357,33.9918],[-111.724,33.9937],[-111.7235,33.9917],[-111.7283,33.987],[-111.7221,33.9848],[-111.7168,33.9855],[-111.7121,33.9834],[-111.7063,33.9838],[-111.6994,33.9821],[-111.6879,33.9757],[-111.684,33.9774],[-111.6788,33.9878],[-111.68,33.9918],[-111.676,33.9945],[-111.6745,33.9973],[-111.664,34.0074],[-111.6707,34.0075],[-111.6725,34.0059],[-111.6745,34.0063],[-111.6766,34.0093],[-111.6811,34.0094],[-111.6951,34.0053],[-111.7136,33.9969],[-111.7213,33.998],[-111.7232,33.9992],[-111.7231,34.0005],[-111.7205,34.0023],[-111.7123,34.0037],[-111.698,34.0129],[-111.6716,34.023],[-111.6697,34.026],[-111.661,34.0254],[-111.6601,34.0273],[-111.6531,34.0302],[-111.6529,34.0344],[-111.6478,34.0367],[-111.6454,34.0358],[-111.6451,34.0392],[-111.6409,34.0401],[-111.6361,34.0451],[-111.6501,34.0453],[-111.6512,34.043],[-111.6558,34.0439],[-111.6661,34.0401],[-111.672,34.04],[-111.675,34.0427],[-111.6738,34.0451],[-111.6779,34.0482],[-111.6807,34.0478],[-111.6833,34.0503],[-111.6858,34.0563],[-111.69,34.0586],[-111.6954,34.0587],[-111.6989,34.0647],[-111.7006,34.0714],[-111.707,34.0709],[-111.7107,34.0685],[-111.716,34.0723],[-111.7167,34.0745],[-111.7132,34.0792],[-111.715,34.0823]]]}},{"type":"Feature","properties":{"huc12":"150602030509","name":"Bartlett Reservoir-Verde River"},"geometry":{"type":"Polygon","coordinates":[[[-111.5325,33.91],[-111.5381,33.9109],[-111.5443,33.9136],[-111.5467,33.9162],[-111.5495,33.9164],[-111.5513,33.919],[-111.5546,33.9191],[-111.5582,33.9219],[-111.5674,33.9226],[-111.5704,33.9221],[-111.5741,33.9195],[-111.5745,33.9244],[-111.5768,33.928],[-111.5779,33.9351],[-111.5824,33.9396],[-111.5852,33.9446],[-111.5916,33.9452],[-111.602,33.9396],[-111.6035,33.9364],[-111.609,33.9319],[-111.6219,33.9281],[-111.623,33.925],[-111.6266,33.9237],[-111.6313,33.919],[-111.6337,33.9189],[-111.634,33.9137],[-111.6388,33.9133],[-111.648,33.9154],[-111.651,33.9134],[-111.6531,33.9177],[-111.6515,33.9188],[-111.6523,33.9207],[-111.6558,33.9213],[-111.6658,33.9177],[-111.6694,33.9149],[-111.6747,33.9147],[-111.6763,33.9107],[-111.6819,33.9076],[-111.685,33.9031],[-111.6921,33.8988],[-111.6939,33.8939],[-111.6986,33.8908],[-111.6987,33.8881],[-111.6946,33.8867],[-111.6907,33.8829],[-111.6878,33.882],[-111.6856,33.8778],[-111.6955,33.8707],[-111.6943,33.8637],[-111.6954,33.8569],[-111.6904,33.8579],[-111.6864,33.8569],[-111.6835,33.8517],[-111.6796,33.85],[-111.6736,33.8418],[-111.6671,33.8426],[-111.6637,33.8407],[-111.6624,33.8382],[-111.6589,33.8379],[-111.6522,33.8341],[-111.6482,33.8288],[-111.6432,33.8285],[-111.6407,33.8248],[-111.6391,33.8266],[-111.6364,33.8258],[-111.6317,33.8189],[-111.6323,33.814],[-111.6351,33.8099],[-111.6339,33.8053],[-111.6347,33.8031],[-111.6336,33.8021],[-111.6308,33.8028],[-111.6237,33.8013],[-111.6163,33.8021],[-111.6134,33.799],[-111.6099,33.7983],[-111.6072,33.7999],[-111.6037,33.7973],[-111.596,33.8001],[-111.5883,33.7973],[-111.5792,33.7984],[-111.5773,33.7962],[-111.5737,33.7966],[-111.5688,33.7932],[-111.5647,33.7936],[-111.5631,33.7982],[-111.5628,33.8057],[-111.5603,33.8076],[-111.5588,33.8121],[-111.5613,33.8214],[-111.5662,33.8228],[-111.5686,33.828],[-111.5726,33.8311],[-111.5692,33.8324],[-111.5696,33.8352],[-111.5825,33.8413],[-111.5835,33.8435],[-111.5912,33.8488],[-111.593,33.852],[-111.596,33.8525],[-111.5981,33.8559],[-111.6014,33.8575],[-111.6042,33.8609],[-111.6028,33.8626],[-111.5917,33.8632],[-111.5889,33.8672],[-111.582,33.8718],[-111.578,33.873],[-111.5741,33.8724],[-111.5684,33.876],[-111.5642,33.877],[-111.5612,33.876],[-111.5588,33.88],[-111.552,33.8849],[-111.5419,33.8851],[-111.5399,33.888],[-111.5409,33.8904],[-111.5384,33.8965],[-111.5391,33.8973],[-111.5329,33.9036],[-111.5325,33.91]]]}},{"type":"Feature","properties":{"huc12":"150602030602","name":"Mud Springs-Rock Creek"},"geometry":{"type":"Polygon","coordinates":[[[-111.3892,33.7759],[-111.3997,33.7742],[-111.4105,33.777],[-111.4109,33.7749],[-111.4126,33.7745],[-111.4216,33.7769],[-111.4258,33.7756],[-111.4274,33.7717],[-111.4293,33.7701],[-111.4291,33.7686],[-111.4343,33.7668],[-111.4396,33.7659],[-111.4421,33.7672],[-111.445,33.7647],[-111.4558,33.7698],[-111.4601,33.7671],[-111.4693,33.767],[-111.4804,33.7593],[-111.4845,33.7605],[-111.492,33.7597],[-111.4962,33.7531],[-111.4985,33.7518],[-111.5021,33.752],[-111.5026,33.7494],[-111.501,33.7467],[-111.5071,33.7438],[-111.5075,33.74],[-111.5125,33.7372],[-111.512,33.7304],[-111.5031,33.726],[-111.4948,33.7295],[-111.485,33.7257],[-111.48,33.7256],[-111.4776,33.7228],[-111.475,33.7222],[-111.4733,33.7242],[-111.4706,33.7237],[-111.4698,33.7264],[-111.4646,33.7272],[-111.4626,33.7309],[-111.4602,33.7313],[-111.4587,33.7296],[-111.4567,33.7314],[-111.4532,33.7294],[-111.4504,33.7303],[-111.445,33.728],[-111.4419,33.7286],[-111.4372,33.7322],[-111.4339,33.7315],[-111.4313,33.7324],[-111.4226,33.7401],[-111.4216,33.7471],[-111.42,33.7491],[-111.4103,33.7508],[-111.4024,33.7491],[-111.3947,33.752],[-111.3868,33.7501],[-111.3863,33.7529],[-111.3846,33.7534],[-111.3826,33.7579],[-111.3822,33.7609],[-111.3834,33.7629],[-111.3872,33.7634],[-111.3893,33.7705],[-111.3866,33.7732],[-111.3892,33.7759]]]}},{"type":"Feature","properties":{"huc12":"150602030705","name":"East End"},"geometry":{"type":"Polygon","coordinates":[[[-111.7806,33.7155],[-111.7863,33.7155],[-111.7897,33.7131],[-111.8068,33.7124],[-111.8162,33.7089],[-111.8126,33.7023],[-111.8118,33.6966],[-111.813,33.695],[-111.812,33.6897],[-111.8147,33.6855],[-111.8128,33.6826],[-111.8084,33.6789],[-111.8055,33.6782],[-111.8004,33.6797],[-111.7968,33.6777],[-111.7915,33.68],[-111.7776,33.679],[-111.7693,33.6766],[-111.7649,33.6714],[-111.7577,33.6692],[-111.7418,33.6681],[-111.7357,33.6663],[-111.7276,33.667],[-111.7174,33.6629],[-111.7124,33.6575],[-111.7038,33.6561],[-111.6948,33.6506],[-111.6889,33.651],[-111.6858,33.6495],[-111.6809,33.6496],[-111.6763,33.6468],[-111.6743,33.6474],[-111.674,33.6537],[-111.6785,33.6562],[-111.6791,33.6605],[-111.7024,33.6727],[-111.7038,33.6766],[-111.7099,33.684],[-111.7134,33.6859],[-111.7156,33.6899],[-111.732,33.6941],[-111.7419,33.6953],[-111.7435,33.699],[-111.758,33.7081],[-111.7806,33.7155]]]}},{"type":"Feature","properties":{"huc12":"150601060301","name":"Bulldog Wash"},"geometry":{"type":"Polygon","coordinates":[[[-111.6407,33.5005],[-111.6422,33.5022],[-111.6507,33.4994],[-111.6533,33.4964],[-111.657,33.4948],[-111.66,33.4969],[-111.6638,33.4976],[-111.6708,33.4965],[-111.6753,33.4977],[-111.6767,33.5002],[-111.6823,33.494],[-111.682,33.4713],[-111.6742,33.4569],[-111.6569,33.4413],[-111.6414,33.4332],[-111.6387,33.4329],[-111.6223,33.4432],[-111.6185,33.4408],[-111.5957,33.441],[-111.5948,33.4394],[-111.5838,33.4411],[-111.581,33.4432],[-111.5807,33.445],[-111.5676,33.4434],[-111.5611,33.4392],[-111.5519,33.4414],[-111.5386,33.4316],[-111.5336,33.4332],[-111.5287,33.4316],[-111.51,33.4449],[-111.5074,33.4485],[-111.5091,33.4652],[-111.5122,33.4741],[-111.5109,33.4755],[-111.5132,33.4797],[-111.5168,33.4825],[-111.5229,33.4751],[-111.5282,33.4795],[-111.5354,33.4813],[-111.5396,33.4803],[-111.5396,33.4772],[-111.5417,33.4765],[-111.544,33.4717],[-111.548,33.4769],[-111.5496,33.4743],[-111.5585,33.4715],[-111.5661,33.4767],[-111.5712,33.4833],[-111.5777,33.4814],[-111.5826,33.4844],[-111.5886,33.4826],[-111.5969,33.486],[-111.5994,33.4924],[-111.6255,33.4953],[-111.6366,33.5004],[-111.6407,33.5005]]]}},{"type":"Feature","properties":{"huc12":"150602030706","name":"Lousley Hill-Verde River"},"geometry":{"type":"Polygon","coordinates":[[[-111.7866,33.7315],[-111.8052,33.728],[-111.8117,33.7251],[-111.8158,33.7216],[-111.8207,33.722],[-111.8232,33.721],[-111.8216,33.721],[-111.8198,33.7188],[-111.8162,33.7089],[-111.8068,33.7124],[-111.7897,33.7131],[-111.7866,33.7154],[-111.7813,33.7157],[-111.758,33.7081],[-111.7435,33.699],[-111.7419,33.6953],[-111.732,33.6941],[-111.7156,33.6899],[-111.7134,33.6859],[-111.7099,33.684],[-111.7038,33.6766],[-111.7024,33.6727],[-111.6791,33.6605],[-111.6785,33.6562],[-111.674,33.6537],[-111.6743,33.6474],[-111.6682,33.6483],[-111.6653,33.6514],[-111.6568,33.6556],[-111.6521,33.6553],[-111.6476,33.6574],[-111.6429,33.6555],[-111.6364,33.6563],[-111.6337,33.6594],[-111.6301,33.6604],[-111.6285,33.6644],[-111.6293,33.667],[-111.6253,33.6696],[-111.6256,33.6723],[-111.6241,33.6748],[-111.6153,33.6779],[-111.6094,33.682],[-111.6084,33.6833],[-111.6091,33.6864],[-111.6076,33.6887],[-111.6047,33.6915],[-111.5962,33.6953],[-111.5946,33.6968],[-111.593,33.7021],[-111.5898,33.7049],[-111.6097,33.7078],[-111.6166,33.7104],[-111.6257,33.7099],[-111.6296,33.7115],[-111.6431,33.7092],[-111.6471,33.7108],[-111.6538,33.7102],[-111.663,33.7186],[-111.6717,33.7206],[-111.691,33.7221],[-111.7009,33.7207],[-111.7271,33.7235],[-111.7461,33.7277],[-111.7574,33.7268],[-111.778,33.7309],[-111.7866,33.7315]]]}},{"type":"Feature","properties":{"huc12":"150601060305","name":"Tempe Town Lake-Salt River"},"geometry":{"type":"Polygon","coordinates":[[[-111.8089,33.5026],[-111.8213,33.5058],[-111.8453,33.5151],[-111.8608,33.5248],[-111.874,33.5278],[-111.8745,33.4878],[-111.8826,33.4876],[-111.8827,33.4844],[-111.891,33.4758],[-111.892,33.4625],[-111.8947,33.4624],[-111.8975,33.4584],[-111.9005,33.4584],[-111.9005,33.4511],[-111.9028,33.4458],[-111.9072,33.4408],[-111.9143,33.44],[-111.9174,33.4347],[-111.9199,33.4344],[-111.9168,33.4399],[-111.92,33.4403],[-111.9247,33.4464],[-111.9264,33.4549],[-111.9302,33.4578],[-111.936,33.4583],[-111.9393,33.4637],[-111.9427,33.4548],[-111.9395,33.45],[-111.9403,33.4482],[-111.9387,33.4441],[-111.941,33.4396],[-111.9483,33.4352],[-111.949,33.4275],[-111.9473,33.4239],[-111.9457,33.4222],[-111.9402,33.4217],[-111.9285,33.4151],[-111.9263,33.4074],[-111.9158,33.399],[-111.9101,33.3968],[-111.8929,33.3944],[-111.8939,33.4018],[-111.8929,33.4151],[-111.896,33.4168],[-111.8962,33.4193],[-111.8988,33.4202],[-111.8977,33.4219],[-111.8929,33.4225],[-111.8918,33.437],[-111.8768,33.4294],[-111.877,33.4251],[-111.8758,33.4239],[-111.8779,33.4203],[-111.8754,33.4149],[-111.8573,33.4151],[-111.8393,33.4125],[-111.756,33.4154],[-111.7546,33.4197],[-111.7704,33.4432],[-111.7895,33.4599],[-111.7873,33.4634],[-111.78,33.4666],[-111.7608,33.4669],[-111.7543,33.4706],[-111.748,33.4768],[-111.7328,33.4774],[-111.7296,33.4764],[-111.7296,33.4739],[-111.7277,33.4711],[-111.7189,33.4664],[-111.7187,33.4601],[-111.7009,33.4573],[-111.6932,33.458],[-111.6927,33.4591],[-111.6757,33.4594],[-111.682,33.4713],[-111.6824,33.4744],[-111.6823,33.4946],[-111.6776,33.4984],[-111.6797,33.5033],[-111.6807,33.5023],[-111.6838,33.5047],[-111.6888,33.5059],[-111.692,33.5178],[-111.6985,33.5161],[-111.7071,33.5109],[-111.7121,33.5114],[-111.7281,33.5084],[-111.7412,33.5086],[-111.7582,33.5164],[-111.7643,33.5108],[-111.7759,33.5133],[-111.7792,33.5112],[-111.7832,33.5112],[-111.7858,33.5086],[-111.7939,33.5047],[-111.7998,33.5046],[-111.8036,33.5064],[-111.807,33.5029],[-111.8089,33.5026]]]}},{"type":"Feature","properties":{"huc12":"150701010106","name":"Youngker Tank"},"geometry":{"type":"Polygon","coordinates":[[[-112.4264,33.2359],[-112.4284,33.2357],[-112.4342,33.2283],[-112.448,33.2146],[-112.458,33.2106],[-112.4711,33.202],[-112.4718,33.1998],[-112.4685,33.1956],[-112.4706,33.1944],[-112.4708,33.1927],[-112.4736,33.1915],[-112.4774,33.1828],[-112.4733,33.1803],[-112.4678,33.1803],[-112.4596,33.1727],[-112.4535,33.1708],[-112.453,33.1692],[-112.4504,33.1681],[-112.4499,33.1657],[-112.4441,33.1653],[-112.4431,33.1612],[-112.4388,33.1605],[-112.4386,33.1566],[-112.4332,33.1564],[-112.4289,33.1533],[-112.4293,33.1469],[-112.4254,33.1452],[-112.4114,33.1496],[-112.4115,33.1621],[-112.4135,33.1752],[-112.4096,33.1938],[-112.41,33.2],[-112.4044,33.2033],[-112.4033,33.2076],[-112.4044,33.2151],[-112.411,33.2227],[-112.4133,33.2275],[-112.4244,33.2328],[-112.4264,33.2359]]]}},{"type":"Feature","properties":{"huc12":"150701010408","name":"Gila Bend Municipal Airport"},"geometry":{"type":"Polygon","coordinates":[[[-112.6884,33.0001],[-112.7029,33.0003],[-112.7117,32.9963],[-112.7183,32.996],[-112.7201,32.9947],[-112.7177,32.9874],[-112.7032,32.9765],[-112.7008,32.9722],[-112.7003,32.9674],[-112.6962,32.9624],[-112.6961,32.9608],[-112.6902,32.9556],[-112.6855,32.9542],[-112.6703,32.9432],[-112.658,32.9374],[-112.6499,32.9312],[-112.6423,32.9277],[-112.6274,32.915],[-112.6108,32.9053],[-112.5971,32.9024],[-112.5861,32.9052],[-112.5739,32.9029],[-112.5707,32.9038],[-112.5675,32.9083],[-112.5696,32.9167],[-112.5775,32.9247],[-112.5771,32.9274],[-112.5835,32.9313],[-112.5846,32.9333],[-112.5817,32.9355],[-112.5816,32.9383],[-112.5845,32.9423],[-112.5903,32.9455],[-112.5916,32.949],[-112.6133,32.9605],[-112.6151,32.9629],[-112.6264,32.9642],[-112.6344,32.9683],[-112.6448,32.9683],[-112.6555,32.9718],[-112.6614,32.9778],[-112.6727,32.9834],[-112.6722,32.9908],[-112.6884,33.0001]]]}},{"type":"Feature","properties":{"huc12":"150701010709","name":"Painted Rock Reservoir-Gila River"},"geometry":{"type":"Polygon","coordinates":[[[-112.8456,33.0783],[-112.849,33.0653],[-112.8492,33.0588],[-112.8527,33.056],[-112.8539,33.0511],[-112.8579,33.0447],[-112.8589,33.0478],[-112.8582,33.0501],[-112.8599,33.0523],[-112.8574,33.0574],[-112.858,33.0601],[-112.8598,33.0611],[-112.8583,33.0652],[-112.8589,33.0691],[-112.8632,33.0711],[-112.8645,33.0775],[-112.8628,33.091],[-112.8651,33.1036],[-112.8625,33.1124],[-112.8629,33.1215],[-112.8651,33.1253],[-112.863,33.1296],[-112.867,33.1363],[-112.8693,33.1363],[-112.8678,33.1421],[-112.8683,33.1468],[-112.8745,33.1519],[-112.8788,33.1591],[-112.883,33.162],[-112.8861,33.1584],[-112.8856,33.1555],[-112.8873,33.153],[-112.885,33.1457],[-112.8884,33.1453],[-112.8889,33.1439],[-112.8884,33.1408],[-112.8838,33.1355],[-112.8843,33.1326],[-112.8816,33.1244],[-112.8822,33.1168],[-112.8858,33.1092],[-112.8819,33.1048],[-112.8825,33.1013],[-112.8804,33.0962],[-112.8854,33.0851],[-112.8852,33.0769],[-112.8862,33.0743],[-112.8962,33.0687],[-112.898,33.0661],[-112.9028,33.0636],[-112.906,33.0591],[-112.9106,33.0574],[-112.912,33.0598],[-112.9118,33.0624],[-112.9181,33.0667],[-112.9247,33.0747],[-112.9251,33.0844],[-112.928,33.0952],[-112.9334,33.0978],[-112.9433,33.1093],[-112.9473,33.1103],[-112.9537,33.1186],[-112.9578,33.1176],[-112.9598,33.1154],[-112.9641,33.1138],[-112.9689,33.1137],[-112.9739,33.1161],[-112.9837,33.1166],[-112.9888,33.1145],[-112.9914,33.0996],[-112.9875,33.0924],[-112.9872,33.0871],[-112.9941,33.0856],[-112.9952,33.0833],[-112.9941,33.0812],[-112.9949,33.0785],[-112.9979,33.0782],[-113.0012,33.0758],[-113.0075,33.0796],[-113.0219,33.0679],[-113.0209,33.0656],[-113.0228,33.0637],[-113.0209,33.0586],[-113.0212,33.0558],[-113.0229,33.0558],[-113.0234,33.0543],[-113.0226,33.0521],[-113.0238,33.0486],[-113.0198,33.0441],[-113.0194,33.0389],[-113.0174,33.0371],[-113.0112,33.0365],[-113.0093,33.0348],[-113.0068,33.0353],[-113.0041,33.0329],[-112.9958,33.0309],[-112.9904,33.0279],[-112.9855,33.0281],[-112.9745,33.0329],[-112.971,33.0384],[-112.9734,33.0415],[-112.9729,33.0426],[-112.9648,33.0422],[-112.9622,33.0404],[-112.959,33.0367],[-112.9566,33.0281],[-112.9537,33.0234],[-112.9549,33.0201],[-112.9464,33.0133],[-112.9408,33.0016],[-112.9396,32.9971],[-112.9402,32.9881],[-112.9366,32.9822],[-112.9356,32.9729],[-112.9305,32.9645],[-112.9255,32.9623],[-112.9246,32.9476],[-112.905,32.9473],[-112.8931,32.9409],[-112.888,32.9409],[-112.888,32.9351],[-112.8686,32.9348],[-112.851,32.9385],[-112.8447,32.9386],[-112.8448,32.9411],[-112.8397,32.9474],[-112.8286,32.9515],[-112.8255,32.956],[-112.8256,32.9597],[-112.8187,32.9677],[-112.8157,32.9747],[-112.8137,32.9751],[-112.8039,32.9864],[-112.8021,32.9901],[-112.8033,32.9918],[-112.8021,32.9981],[-112.7993,33],[-112.7923,32.9982],[-112.7875,32.9928],[-112.7835,32.9904],[-112.7823,32.9845],[-112.7807,32.9828],[-112.7788,32.9872],[-112.7751,32.9879],[-112.7785,32.9707],[-112.7779,32.9654],[-112.7762,32.9644],[-112.7773,32.9596],[-112.7752,32.9541],[-112.7728,32.9521],[-112.7679,32.9614],[-112.762,32.9648],[-112.7619,32.9677],[-112.7591,32.97],[-112.7595,32.9877],[-112.7582,32.992],[-112.7568,32.9927],[-112.7565,32.9997],[-112.757,33.0026],[-112.7604,33.0074],[-112.7604,33.0114],[-112.7552,33.0157],[-112.7551,33.0205],[-112.7518,33.0241],[-112.7519,33.0257],[-112.7546,33.0269],[-112.7576,33.0353],[-112.766,33.0405],[-112.7635,33.0423],[-112.7659,33.0465],[-112.7613,33.051],[-112.7569,33.0597],[-112.7536,33.062],[-112.7467,33.0591],[-112.7383,33.06],[-112.7301,33.066],[-112.7306,33.0679],[-112.7343,33.0704],[-112.7343,33.0728],[-112.7396,33.0754],[-112.7397,33.0765],[-112.7387,33.0778],[-112.7347,33.0781],[-112.7338,33.0807],[-112.7288,33.0843],[-112.7298,33.0856],[-112.7379,33.0835],[-112.7404,33.0814],[-112.7484,33.08],[-112.751,33.0784],[-112.7525,33.075],[-112.7641,33.0726],[-112.7745,33.0644],[-112.7821,33.0633],[-112.7875,33.0608],[-112.7972,33.0546],[-112.8024,33.0483],[-112.8098,33.0429],[-112.8157,33.0367],[-112.8207,33.0273],[-112.8252,33.0251],[-112.8285,33.026],[-112.8355,33.0311],[-112.8371,33.0357],[-112.8306,33.0443],[-112.8221,33.0489],[-112.82,33.0514],[-112.8137,33.0688],[-112.8206,33.0633],[-112.8236,33.0569],[-112.8308,33.0472],[-112.8414,33.0411],[-112.8455,33.0402],[-112.8473,33.0416],[-112.8418,33.0476],[-112.8424,33.0514],[-112.8382,33.0636],[-112.8402,33.072],[-112.8456,33.0783]]]}},{"type":"Feature","properties":{"huc12":"150701020514","name":"Lake Pleasant-Agua Fria River"},"geometry":{"type":"Polygon","coordinates":[[[-112.2274,33.9768],[-112.2296,33.9761],[-112.2287,33.9736],[-112.2297,33.9715],[-112.2282,33.9689],[-112.2291,33.9663],[-112.2342,33.964],[-112.2365,33.9569],[-112.244,33.9576],[-112.2449,33.9601],[-112.2561,33.9662],[-112.2582,33.9704],[-112.2605,33.9702],[-112.2689,33.9767],[-112.2708,33.9771],[-112.2718,33.975],[-112.2698,33.9668],[-112.2638,33.9608],[-112.2657,33.9583],[-112.2643,33.9571],[-112.2637,33.952],[-112.2589,33.9476],[-112.2597,33.9446],[-112.2541,33.9363],[-112.2533,33.9319],[-112.248,33.9325],[-112.246,33.9294],[-112.2495,33.9238],[-112.255,33.9197],[-112.2533,33.915],[-112.2542,33.9119],[-112.2627,33.9052],[-112.2657,33.9094],[-112.2678,33.9097],[-112.2705,33.9161],[-112.2682,33.918],[-112.2682,33.9196],[-112.2761,33.9278],[-112.2762,33.9307],[-112.278,33.9326],[-112.278,33.9348],[-112.2807,33.9364],[-112.2809,33.9409],[-112.2832,33.9452],[-112.2876,33.9469],[-112.2976,33.9569],[-112.3011,33.9612],[-112.3032,33.9665],[-112.3085,33.9698],[-112.3109,33.9658],[-112.3137,33.9645],[-112.3112,33.9599],[-112.3119,33.9574],[-112.3101,33.953],[-112.3127,33.95],[-112.3131,33.9397],[-112.3146,33.9356],[-112.3111,33.9333],[-112.3081,33.9283],[-112.3076,33.9261],[-112.3087,33.9248],[-112.3062,33.9183],[-112.2984,33.9094],[-112.293,33.9094],[-112.2907,33.9073],[-112.2891,33.9051],[-112.2891,33.8991],[-112.2826,33.8935],[-112.2837,33.8918],[-112.2858,33.8914],[-112.2861,33.8883],[-112.2912,33.8855],[-112.2954,33.8855],[-112.2975,33.8833],[-112.3034,33.8817],[-112.3022,33.8794],[-112.3041,33.8777],[-112.3124,33.8775],[-112.3228,33.8731],[-112.3189,33.8695],[-112.3178,33.8633],[-112.3154,33.8629],[-112.309,33.858],[-112.3067,33.8588],[-112.3008,33.8556],[-112.2883,33.8533],[-112.2828,33.8499],[-112.2799,33.8496],[-112.2772,33.8471],[-112.2524,33.8483],[-112.2495,33.8568],[-112.2444,33.8636],[-112.2445,33.8678],[-112.248,33.8703],[-112.2491,33.8732],[-112.2482,33.8759],[-112.2418,33.8802],[-112.2409,33.8838],[-112.2318,33.8819],[-112.2287,33.8838],[-112.2284,33.886],[-112.2246,33.8896],[-112.2209,33.891],[-112.2168,33.8908],[-112.2181,33.8967],[-112.2151,33.8979],[-112.2066,33.9095],[-112.2082,33.9156],[-112.2062,33.9177],[-112.204,33.9293],[-112.2017,33.9343],[-112.2018,33.942],[-112.198,33.9451],[-112.1978,33.9477],[-112.2043,33.9496],[-112.2122,33.955],[-112.2031,33.9624],[-112.2068,33.9726],[-112.2124,33.973],[-112.216,33.9758],[-112.22,33.9767],[-112.2274,33.9768]]]}},{"type":"Feature","properties":{"huc12":"150701020902","name":"Big Spring-Agua Fria River"},"geometry":{"type":"Polygon","coordinates":[[[-112.2854,33.851],[-112.285,33.8466],[-112.2816,33.8441],[-112.2764,33.8436],[-112.2759,33.835],[-112.2769,33.8337],[-112.2903,33.8391],[-112.2981,33.8443],[-112.3118,33.8407],[-112.3215,33.844],[-112.3252,33.8405],[-112.3296,33.8425],[-112.3353,33.8409],[-112.3387,33.8437],[-112.3384,33.8459],[-112.3442,33.8475],[-112.345,33.8517],[-112.3517,33.8543],[-112.3543,33.8529],[-112.3556,33.8497],[-112.3597,33.8473],[-112.3633,33.852],[-112.3631,33.8538],[-112.3675,33.8519],[-112.3733,33.8539],[-112.3777,33.8527],[-112.381,33.8549],[-112.3832,33.8541],[-112.3859,33.8504],[-112.3891,33.8493],[-112.3909,33.8455],[-112.3901,33.8436],[-112.3786,33.8377],[-112.3803,33.8317],[-112.3825,33.8312],[-112.3819,33.83],[-112.3786,33.8274],[-112.3744,33.8271],[-112.372,33.8238],[-112.369,33.8241],[-112.3705,33.8202],[-112.3724,33.8199],[-112.3733,33.8182],[-112.3696,33.8142],[-112.3636,33.8117],[-112.3593,33.8116],[-112.3557,33.8078],[-112.3448,33.801],[-112.3381,33.7998],[-112.3367,33.798],[-112.3322,33.8],[-112.3315,33.7979],[-112.3292,33.7969],[-112.326,33.7982],[-112.319,33.7946],[-112.3168,33.7913],[-112.3035,33.7843],[-112.2984,33.7859],[-112.2915,33.7817],[-112.2876,33.7826],[-112.2849,33.7809],[-112.2792,33.7801],[-112.2743,33.7817],[-112.2649,33.7821],[-112.2591,33.793],[-112.2607,33.8003],[-112.2535,33.8023],[-112.2524,33.8079],[-112.2511,33.8092],[-112.2518,33.8487],[-112.2586,33.8473],[-112.2747,33.8469],[-112.2854,33.851]]]}},{"type":"Feature","properties":{"huc12":"150701040503","name":"Big Horn Peak"},"geometry":{"type":"Polygon","coordinates":[[[-113.1127,33.7056],[-113.1143,33.7079],[-113.1179,33.7087],[-113.1195,33.7118],[-113.1304,33.7108],[-113.1307,33.7092],[-113.1335,33.7088],[-113.135,33.7066],[-113.1399,33.7061],[-113.1422,33.7004],[-113.1419,33.6974],[-113.1475,33.6981],[-113.1499,33.6948],[-113.1559,33.6948],[-113.1624,33.6909],[-113.1679,33.685],[-113.1684,33.6817],[-113.1716,33.6767],[-113.1786,33.6733],[-113.1888,33.6646],[-113.195,33.6618],[-113.2012,33.6615],[-113.2091,33.6578],[-113.2137,33.6518],[-113.2333,33.6352],[-113.2462,33.6183],[-113.252,33.5891],[-113.2171,33.586],[-113.1895,33.5888],[-113.1592,33.5865],[-113.1485,33.5793],[-113.1336,33.574],[-113.125,33.5728],[-113.1134,33.5676],[-113.1112,33.5622],[-113.1009,33.5556],[-113.0975,33.5483],[-113.0928,33.5438],[-113.0792,33.5487],[-113.0805,33.5519],[-113.0787,33.5617],[-113.077,33.5645],[-113.0776,33.5692],[-113.076,33.578],[-113.0779,33.5921],[-113.0811,33.6009],[-113.0873,33.6048],[-113.0938,33.6139],[-113.0998,33.6167],[-113.1007,33.6194],[-113.099,33.6201],[-113.1018,33.621],[-113.1019,33.6225],[-113.1034,33.622],[-113.1049,33.6242],[-113.1093,33.6256],[-113.1125,33.6285],[-113.1139,33.6286],[-113.1158,33.6265],[-113.1166,33.6231],[-113.1199,33.6232],[-113.1219,33.6247],[-113.1239,33.6226],[-113.1286,33.6226],[-113.1326,33.6245],[-113.1352,33.6228],[-113.137,33.624],[-113.138,33.6294],[-113.1415,33.6346],[-113.1476,33.6353],[-113.1535,33.6402],[-113.1516,33.6422],[-113.1498,33.6498],[-113.1462,33.6567],[-113.1431,33.6575],[-113.141,33.6564],[-113.1402,33.6588],[-113.1432,33.6601],[-113.1408,33.663],[-113.1384,33.6644],[-113.1336,33.6637],[-113.1291,33.6672],[-113.1275,33.6712],[-113.1293,33.6746],[-113.1263,33.6793],[-113.1234,33.6803],[-113.1208,33.6851],[-113.1207,33.6869],[-113.1234,33.6897],[-113.1183,33.6941],[-113.1198,33.6965],[-113.1191,33.7023],[-113.1127,33.7056]]]}},{"type":"Feature","properties":{"huc12":"150701020907","name":"White Tank Number Three Wash"},"geometry":{"type":"Polygon","coordinates":[[[-112.4482,33.5802],[-112.4573,33.5805],[-112.4698,33.5853],[-112.4701,33.5876],[-112.4755,33.5896],[-112.479,33.5829],[-112.4841,33.5792],[-112.4753,33.5729],[-112.4707,33.5671],[-112.4696,33.4865],[-112.4617,33.4775],[-112.4614,33.473],[-112.4596,33.4698],[-112.4474,33.4574],[-112.4442,33.4537],[-112.4442,33.452],[-112.4416,33.4507],[-112.4373,33.4388],[-112.4369,33.4281],[-112.435,33.4222],[-112.4272,33.4136],[-112.4265,33.401],[-112.421,33.4014],[-112.4152,33.3986],[-112.4068,33.3981],[-112.4052,33.3999],[-112.3869,33.3975],[-112.3868,33.4063],[-112.381,33.4065],[-112.3802,33.412],[-112.3734,33.415],[-112.3683,33.4157],[-112.3621,33.4191],[-112.3621,33.4208],[-112.3579,33.4209],[-112.3577,33.4233],[-112.355,33.4266],[-112.3496,33.4297],[-112.3497,33.436],[-112.3449,33.4394],[-112.3433,33.4466],[-112.3426,33.457],[-112.341,33.4613],[-112.3407,33.48],[-112.3339,33.4845],[-112.3339,33.4886],[-112.3293,33.4931],[-112.3268,33.5007],[-112.3329,33.5084],[-112.3316,33.5117],[-112.3428,33.5121],[-112.3478,33.5134],[-112.356,33.513],[-112.3592,33.5145],[-112.3618,33.5132],[-112.3612,33.5196],[-112.364,33.5232],[-112.3624,33.5252],[-112.3654,33.5298],[-112.3615,33.5308],[-112.371,33.5391],[-112.3752,33.5472],[-112.3754,33.5512],[-112.3846,33.5517],[-112.385,33.5582],[-112.3935,33.5578],[-112.395,33.5618],[-112.4019,33.5663],[-112.426,33.5666],[-112.4272,33.5675],[-112.4271,33.5751],[-112.4282,33.5761],[-112.4482,33.5802]]]}},{"type":"Feature","properties":{"huc12":"150701030506","name":"White Tank Mountians"},"geometry":{"type":"Polygon","coordinates":[[[-112.618,33.5749],[-112.632,33.5808],[-112.6566,33.569],[-112.6658,33.5683],[-112.6781,33.5642],[-112.702,33.5506],[-112.7084,33.5449],[-112.7162,33.5427],[-112.7247,33.5281],[-112.7248,33.522],[-112.7272,33.5169],[-112.7311,33.4982],[-112.7353,33.4928],[-112.7361,33.4876],[-112.7405,33.4841],[-112.7421,33.4801],[-112.7472,33.4747],[-112.7481,33.4677],[-112.7494,33.4664],[-112.75,33.4569],[-112.6579,33.4361],[-112.6355,33.4327],[-112.6322,33.4306],[-112.6276,33.4301],[-112.6071,33.4336],[-112.6023,33.4359],[-112.6005,33.4389],[-112.6011,33.4404],[-112.598,33.4415],[-112.594,33.4383],[-112.5813,33.4382],[-112.5576,33.4462],[-112.5565,33.4494],[-112.5559,33.4469],[-112.5528,33.4472],[-112.543,33.4503],[-112.5303,33.4568],[-112.5256,33.4615],[-112.5256,33.4653],[-112.5206,33.4726],[-112.5228,33.477],[-112.525,33.4784],[-112.529,33.4783],[-112.5328,33.4824],[-112.5451,33.4886],[-112.5474,33.4889],[-112.5512,33.4863],[-112.5546,33.491],[-112.56,33.4936],[-112.5623,33.4967],[-112.5677,33.4983],[-112.5718,33.5074],[-112.5686,33.509],[-112.5679,33.5118],[-112.5637,33.5141],[-112.5609,33.5201],[-112.562,33.523],[-112.5613,33.5287],[-112.5562,33.5337],[-112.5567,33.5388],[-112.5592,33.545],[-112.5642,33.5504],[-112.5668,33.5515],[-112.5692,33.555],[-112.5695,33.5582],[-112.5681,33.5599],[-112.5707,33.5652],[-112.5701,33.5693],[-112.5754,33.5709],[-112.579,33.5754],[-112.5932,33.575],[-112.5957,33.5712],[-112.5992,33.5697],[-112.6035,33.5738],[-112.6086,33.5761],[-112.6115,33.5763],[-112.6141,33.5744],[-112.618,33.5749]]]}},{"type":"Feature","properties":{"huc12":"150701040502","name":"Desert Rose Mine"},"geometry":{"type":"Polygon","coordinates":[[[-113.117,33.7169],[-113.1185,33.7188],[-113.1206,33.7191],[-113.1218,33.7232],[-113.128,33.7264],[-113.13,33.7263],[-113.1354,33.7299],[-113.1348,33.7334],[-113.1382,33.7343],[-113.1371,33.7407],[-113.1404,33.7421],[-113.141,33.7441],[-113.1471,33.7443],[-113.1498,33.7471],[-113.1537,33.7453],[-113.159,33.737],[-113.1635,33.737],[-113.1647,33.7335],[-113.1598,33.7278],[-113.1737,33.7189],[-113.175,33.7132],[-113.1778,33.7106],[-113.1806,33.7099],[-113.1882,33.6981],[-113.2028,33.6875],[-113.2049,33.6823],[-113.2113,33.6794],[-113.2115,33.6777],[-113.2159,33.6745],[-113.2204,33.668],[-113.2254,33.6647],[-113.2377,33.6515],[-113.239,33.6485],[-113.2366,33.6459],[-113.2386,33.6427],[-113.2469,33.6363],[-113.2617,33.6276],[-113.263,33.6223],[-113.2668,33.6175],[-113.2647,33.6091],[-113.2659,33.6024],[-113.2654,33.5933],[-113.2666,33.5894],[-113.2629,33.5879],[-113.252,33.5891],[-113.2462,33.6183],[-113.2333,33.6352],[-113.2137,33.6518],[-113.2091,33.6578],[-113.2012,33.6615],[-113.195,33.6618],[-113.1888,33.6646],[-113.1786,33.6733],[-113.1716,33.6767],[-113.1684,33.6817],[-113.1679,33.685],[-113.1624,33.6909],[-113.1559,33.6948],[-113.1499,33.6948],[-113.1475,33.6981],[-113.1419,33.6974],[-113.1422,33.7004],[-113.1399,33.7061],[-113.135,33.7066],[-113.1335,33.7088],[-113.1307,33.7092],[-113.1304,33.7108],[-113.119,33.7113],[-113.1163,33.7137],[-113.117,33.7169]]]}},{"type":"Feature","properties":{"huc12":"150701040507","name":"Saddle Mountain"},"geometry":{"type":"Polygon","coordinates":[[[-113.0792,33.5487],[-113.0921,33.5436],[-113.0978,33.5488],[-113.1023,33.5474],[-113.1224,33.5293],[-113.1215,33.5273],[-113.1119,33.525],[-113.0996,33.5163],[-113.0926,33.5088],[-113.0877,33.5],[-113.0667,33.4801],[-113.0667,33.4715],[-113.0729,33.4674],[-113.0759,33.4635],[-113.0882,33.4556],[-113.097,33.4459],[-113.0992,33.436],[-113.0985,33.4287],[-113.102,33.4178],[-113.1012,33.4108],[-113.1027,33.4085],[-113.1091,33.406],[-113.1073,33.4011],[-113.0956,33.4018],[-113.0814,33.4008],[-113.0778,33.4024],[-113.07,33.4012],[-113.0654,33.4038],[-113.0612,33.4044],[-113.054,33.4104],[-113.0482,33.4125],[-113.0473,33.4184],[-113.0452,33.4221],[-113.0481,33.4257],[-113.0443,33.4285],[-113.0395,33.429],[-113.0407,33.432],[-113.0371,33.4358],[-113.0385,33.439],[-113.0401,33.4398],[-113.0394,33.4422],[-113.0345,33.4458],[-113.028,33.4534],[-113.0267,33.459],[-113.0224,33.465],[-113.0209,33.4719],[-113.0223,33.4754],[-113.0193,33.4795],[-113.0221,33.4807],[-113.0246,33.4875],[-113.0234,33.4891],[-113.025,33.4901],[-113.0253,33.4964],[-113.03,33.5135],[-113.0317,33.5139],[-113.0352,33.5185],[-113.0385,33.5319],[-113.0437,33.5412],[-113.0471,33.5436],[-113.0528,33.5416],[-113.0526,33.5223],[-113.0537,33.5217],[-113.0544,33.5118],[-113.0651,33.4891],[-113.0696,33.4845],[-113.067,33.5034],[-113.0635,33.5077],[-113.0588,33.5211],[-113.0629,33.5249],[-113.0624,33.5267],[-113.0652,33.5295],[-113.0655,33.533],[-113.06,33.5366],[-113.062,33.5403],[-113.0683,33.5454],[-113.0749,33.548],[-113.0773,33.547],[-113.0792,33.5487]]]}},{"type":"Feature","properties":{"huc12":"150701040602","name":"Tonopah Airport"},"geometry":{"type":"Polygon","coordinates":[[[-112.984,33.6223],[-112.9912,33.6309],[-112.9926,33.6416],[-112.9999,33.649],[-113.0035,33.6504],[-113.0081,33.6546],[-113.0084,33.6586],[-113.0126,33.6617],[-113.0125,33.664],[-113.0219,33.6636],[-113.0268,33.6694],[-113.0319,33.671],[-113.0328,33.6802],[-113.0292,33.6822],[-113.0349,33.6845],[-113.037,33.6884],[-113.0397,33.6881],[-113.0413,33.6898],[-113.0442,33.6892],[-113.0445,33.6918],[-113.0415,33.6957],[-113.0472,33.6985],[-113.0484,33.7003],[-113.0537,33.6906],[-113.0512,33.6803],[-113.0518,33.6784],[-113.0493,33.6735],[-113.0499,33.6695],[-113.0517,33.6677],[-113.0503,33.6619],[-113.0532,33.6599],[-113.0506,33.6565],[-113.051,33.6539],[-113.0491,33.6498],[-113.053,33.6395],[-113.0522,33.6338],[-113.0476,33.6288],[-113.0477,33.6224],[-113.0448,33.6146],[-113.0418,33.6113],[-113.0388,33.6034],[-113.03,33.5922],[-113.0214,33.5849],[-113.0056,33.5591],[-112.9953,33.5626],[-112.9944,33.562],[-112.9863,33.5488],[-112.9765,33.5411],[-112.9688,33.5305],[-112.9541,33.5155],[-112.9464,33.5154],[-112.9428,33.5136],[-112.9274,33.5031],[-112.9215,33.495],[-112.9177,33.4933],[-112.9198,33.5054],[-112.9234,33.5115],[-112.9313,33.517],[-112.9425,33.5274],[-112.9516,33.5392],[-112.9584,33.5537],[-112.9766,33.5739],[-112.9843,33.5997],[-112.9854,33.616],[-112.984,33.6223]]]}},{"type":"Feature","properties":{"huc12":"150503030602","name":"Sacaton Butte"},"geometry":{"type":"Polygon","coordinates":[[[-111.8245,33.1023],[-111.8586,33.1063],[-111.8823,33.1031],[-111.8962,33.0975],[-111.9135,33.0851],[-111.9235,33.0799],[-111.9355,33.066],[-111.9789,33.0654],[-111.9791,33.064],[-111.9752,33.0591],[-111.9626,33.0502],[-111.9412,33.0396],[-111.9264,33.0364],[-111.9157,33.0324],[-111.8986,33.0328],[-111.8778,33.0541],[-111.8624,33.0613],[-111.8491,33.0656],[-111.832,33.0678],[-111.8191,33.0677],[-111.8014,33.0652],[-111.8064,33.0719],[-111.8064,33.1009],[-111.8245,33.1023]]]}},{"type":"Feature","properties":{"huc12":"150503030604","name":"Casa Grande Valley-Santa Rosa Wash"},"geometry":{"type":"Polygon","coordinates":[[[-111.9112,32.9389],[-111.9203,32.9491],[-111.9379,32.9611],[-111.9424,32.968],[-111.9565,32.9756],[-111.962,32.9812],[-111.968,32.9922],[-111.9769,33.0022],[-111.9798,33.0037],[-111.996,33.0221],[-111.9963,33.0728],[-112.0105,33.0779],[-112.0138,33.0882],[-112.0169,33.0897],[-112.0221,33.0898],[-112.028,33.1002],[-112.0323,33.1034],[-112.0341,33.1152],[-112.043,33.125],[-112.0451,33.1295],[-112.0444,33.1381],[-112.0452,33.1398],[-112.058,33.1476],[-112.0584,33.151],[-112.0628,33.1555],[-112.073,33.1558],[-112.0777,33.1584],[-112.0822,33.1577],[-112.0847,33.1608],[-112.0955,33.1673],[-112.0977,33.1708],[-112.1022,33.1721],[-112.1019,33.1685],[-112.0803,33.1502],[-112.0762,33.1284],[-112.0768,33.1241],[-112.0718,33.1182],[-112.0692,33.111],[-112.0702,33.1095],[-112.0693,33.1073],[-112.0659,33.1049],[-112.0666,33.1014],[-112.0628,33.0965],[-112.0626,33.0866],[-112.0614,33.0839],[-112.0626,33.0682],[-112.0615,33.0648],[-112.0535,33.06],[-112.0432,33.0573],[-112.0419,33.0541],[-112.0319,33.0472],[-112.0318,33.0424],[-112.0204,33.0299],[-112.0186,33.0286],[-112.0137,33.0283],[-112.0138,33],[-112.0051,32.9992],[-112.0052,32.9701],[-112.0062,32.9671],[-112.0051,32.9552],[-111.9993,32.9548],[-111.9982,32.95],[-111.9926,32.9377],[-111.9929,32.934],[-111.9868,32.928],[-111.9865,32.9232],[-111.9817,32.92],[-111.9812,32.9119],[-111.9753,32.8978],[-111.9767,32.8906],[-111.9724,32.885],[-111.9723,32.8793],[-111.9469,32.8794],[-111.9463,32.898],[-111.9394,32.8911],[-111.9371,32.8844],[-111.9332,32.8799],[-111.9286,32.8593],[-111.9151,32.8504],[-111.9075,32.8504],[-111.9096,32.8633],[-111.9096,32.8798],[-111.9119,32.8807],[-111.9121,32.8828],[-111.9112,32.9389]]]}},{"type":"Feature","properties":{"huc12":"150501000809","name":"Town of Queen Creek-Queen Creek"},"geometry":{"type":"Polygon","coordinates":[[[-111.7001,33.2635],[-111.726,33.2632],[-111.7292,33.2577],[-111.7295,33.2496],[-111.7319,33.2472],[-111.7373,33.2343],[-111.7203,33.2486],[-111.6519,33.2487],[-111.6395,33.2385],[-111.6345,33.2379],[-111.6345,33.2269],[-111.5904,33.227],[-111.5506,33.1853],[-111.5388,33.1894],[-111.5232,33.1888],[-111.5118,33.1899],[-111.5025,33.1872],[-111.4953,33.1903],[-111.4814,33.1915],[-111.4637,33.1983],[-111.4533,33.1999],[-111.4264,33.2106],[-111.4219,33.2145],[-111.4189,33.2197],[-111.4154,33.2227],[-111.4149,33.2276],[-111.4128,33.2317],[-111.4092,33.235],[-111.4055,33.2454],[-111.3977,33.2535],[-111.3922,33.2566],[-111.364,33.2671],[-111.3354,33.2744],[-111.3288,33.2729],[-111.3286,33.2712],[-111.324,33.2689],[-111.3231,33.2662],[-111.317,33.2729],[-111.3136,33.2732],[-111.3127,33.2693],[-111.3113,33.2685],[-111.299,33.2706],[-111.2965,33.2718],[-111.2955,33.2747],[-111.2883,33.2771],[-111.2879,33.287],[-111.2865,33.29],[-111.2823,33.288],[-111.2658,33.2863],[-111.2638,33.288],[-111.2634,33.2902],[-111.27,33.2949],[-111.274,33.2961],[-111.2756,33.2987],[-111.2727,33.304],[-111.2742,33.3128],[-111.2729,33.3149],[-111.2736,33.3166],[-111.2694,33.3209],[-111.2667,33.3218],[-111.2629,33.3207],[-111.258,33.3238],[-111.2566,33.3302],[-111.2595,33.3342],[-111.255,33.3393],[-111.2547,33.3419],[-111.2562,33.3446],[-111.2575,33.3438],[-111.2625,33.3451],[-111.2702,33.3369],[-111.2706,33.3337],[-111.2751,33.3335],[-111.2764,33.3314],[-111.2794,33.3302],[-111.2854,33.3312],[-111.2895,33.3297],[-111.2926,33.3229],[-111.2948,33.3222],[-111.2982,33.314],[-111.3006,33.3124],[-111.3013,33.3085],[-111.3044,33.3077],[-111.3062,33.3042],[-111.3091,33.3034],[-111.3109,33.2992],[-111.3138,33.2978],[-111.3144,33.295],[-111.3149,33.2973],[-111.3123,33.3048],[-111.313,33.3088],[-111.3191,33.3135],[-111.3204,33.3172],[-111.3222,33.3173],[-111.323,33.3155],[-111.3217,33.3118],[-111.3169,33.3059],[-111.3197,33.3016],[-111.3251,33.2972],[-111.3335,33.294],[-111.3472,33.2923],[-111.349,33.29],[-111.3569,33.2865],[-111.3621,33.2822],[-111.3726,33.28],[-111.3807,33.2759],[-111.3921,33.2742],[-111.41,33.265],[-111.4235,33.264],[-111.4251,33.2624],[-111.4291,33.2622],[-111.4347,33.2596],[-111.4449,33.2581],[-111.4523,33.2545],[-111.4832,33.2506],[-111.4856,33.2531],[-111.4947,33.2523],[-111.4982,33.255],[-111.4988,33.2571],[-111.5081,33.2524],[-111.5166,33.2502],[-111.5255,33.2496],[-111.5363,33.2456],[-111.5449,33.2479],[-111.5499,33.2515],[-111.5576,33.2522],[-111.5725,33.2567],[-111.6335,33.2559],[-111.6405,33.2601],[-111.6475,33.2623],[-111.651,33.2619],[-111.6851,33.2661],[-111.7001,33.2635]]]}},{"type":"Feature","properties":{"huc12":"150501000904","name":"Town of Santan"},"geometry":{"type":"Polygon","coordinates":[[[-111.737,33.2343],[-111.7379,33.233],[-111.7381,33.2229],[-111.7521,33.2048],[-111.8082,33.2045],[-111.8181,33.2035],[-111.84,33.1945],[-111.8805,33.1821],[-111.8844,33.1784],[-111.8882,33.1686],[-111.8882,33.1636],[-111.8753,33.1617],[-111.8689,33.1545],[-111.8606,33.1561],[-111.8543,33.1546],[-111.8505,33.1552],[-111.8496,33.1557],[-111.8496,33.1612],[-111.8078,33.1612],[-111.8055,33.1573],[-111.7957,33.1564],[-111.7859,33.1502],[-111.7774,33.1514],[-111.7711,33.1432],[-111.7606,33.1421],[-111.7524,33.1334],[-111.7502,33.136],[-111.7436,33.1355],[-111.7349,33.1375],[-111.7291,33.1433],[-111.7201,33.1488],[-111.7152,33.155],[-111.7081,33.157],[-111.7066,33.159],[-111.7041,33.1597],[-111.7023,33.1635],[-111.7067,33.1679],[-111.7053,33.1691],[-111.7016,33.1675],[-111.6911,33.1681],[-111.6892,33.1647],[-111.6898,33.1635],[-111.6876,33.1621],[-111.6869,33.1594],[-111.6826,33.1564],[-111.682,33.154],[-111.6787,33.1546],[-111.6778,33.1527],[-111.6743,33.1517],[-111.6738,33.1545],[-111.6651,33.1625],[-111.6655,33.1701],[-111.6732,33.1773],[-111.6788,33.1884],[-111.6815,33.1997],[-111.6875,33.202],[-111.6912,33.2086],[-111.6987,33.2155],[-111.7022,33.2172],[-111.7033,33.2193],[-111.7066,33.2193],[-111.7159,33.2264],[-111.7274,33.2292],[-111.737,33.2343]]]}},{"type":"Feature","properties":{"huc12":"150501001002","name":"Ciyt of Coolidge-McClellan Wash"},"geometry":{"type":"Polygon","coordinates":[[[-111.5177,32.9915],[-111.5398,32.9916],[-111.5416,32.9949],[-111.5491,32.9953],[-111.5501,33.0021],[-111.5766,33.0022],[-111.5838,33.0072],[-111.584,33.0312],[-111.5911,33.0316],[-111.5922,33.0343],[-111.6079,33.0343],[-111.609,33.0414],[-111.6257,33.0415],[-111.6343,33.0487],[-111.6386,33.0488],[-111.6563,33.0534],[-111.6643,33.0592],[-111.6766,33.0597],[-111.6777,33.0813],[-111.6869,33.0835],[-111.686,33.0582],[-111.6801,33.0453],[-111.6803,33.0391],[-111.6835,33.0315],[-111.6887,33.0243],[-111.689,33.0213],[-111.6945,33.0173],[-111.6928,33.0156],[-111.6815,33.0178],[-111.6804,33.0169],[-111.6807,33.0143],[-111.6789,33.0142],[-111.6687,33.0178],[-111.6646,33.0214],[-111.6617,33.0264],[-111.6457,33.0204],[-111.6402,33.0206],[-111.632,33.0259],[-111.6314,33.0303],[-111.6333,33.0337],[-111.6324,33.0357],[-111.6265,33.028],[-111.6227,33.0116],[-111.6171,33.0071],[-111.6091,32.9965],[-111.6039,32.992],[-111.6026,32.9752],[-111.597,32.9637],[-111.597,32.9516],[-111.5955,32.9453],[-111.5891,32.9355],[-111.5693,32.9125],[-111.567,32.9075],[-111.5668,32.8965],[-111.5643,32.8944],[-111.5583,32.8942],[-111.558,32.8711],[-111.5496,32.865],[-111.5496,32.8377],[-111.5486,32.8377],[-111.5486,32.8358],[-111.541,32.8358],[-111.541,32.8286],[-111.5324,32.8286],[-111.5325,32.807],[-111.5239,32.8067],[-111.5238,32.7628],[-111.4986,32.7628],[-111.4986,32.744],[-111.4877,32.7261],[-111.4873,32.7224],[-111.4855,32.72],[-111.4853,32.7128],[-111.4774,32.7122],[-111.4643,32.7049],[-111.4642,32.7415],[-111.4725,32.749],[-111.4808,32.7503],[-111.4814,32.7608],[-111.484,32.7647],[-111.4851,32.7702],[-111.4894,32.774],[-111.4909,32.7834],[-111.4938,32.7854],[-111.4939,32.7879],[-111.4937,32.7917],[-111.4889,32.7995],[-111.4813,32.8022],[-111.4712,32.8032],[-111.471,32.8071],[-111.4733,32.8159],[-111.4701,32.8219],[-111.4695,32.8262],[-111.4646,32.8299],[-111.4643,32.832],[-111.4622,32.8335],[-111.4637,32.8362],[-111.4756,32.8364],[-111.4818,32.8399],[-111.4862,32.8402],[-111.4892,32.8418],[-111.4901,32.8602],[-111.4866,32.8657],[-111.4837,32.8674],[-111.4653,32.8691],[-111.4568,32.8737],[-111.4586,32.8882],[-111.4584,32.902],[-111.4532,32.9118],[-111.4519,32.9293],[-111.446,32.9369],[-111.4443,32.9448],[-111.4471,32.9448],[-111.4468,32.9545],[-111.4409,32.9662],[-111.4807,32.9665],[-111.4815,32.9915],[-111.5177,32.9915]]]}},{"type":"Feature","properties":{"huc12":"150501001004","name":"Santan Mountains-Gila River"},"geometry":{"type":"Polygon","coordinates":[[[-111.6743,33.1517],[-111.6778,33.1527],[-111.6787,33.1546],[-111.682,33.154],[-111.6826,33.1564],[-111.6869,33.1594],[-111.6876,33.1621],[-111.6898,33.1635],[-111.6892,33.1647],[-111.6911,33.1681],[-111.7015,33.1675],[-111.7013,33.1643],[-111.6971,33.1582],[-111.6982,33.1508],[-111.7047,33.1469],[-111.7075,33.1474],[-111.7099,33.1456],[-111.7147,33.1455],[-111.7231,33.1417],[-111.7237,33.1392],[-111.7315,33.1348],[-111.7375,33.1271],[-111.7377,33.1018],[-111.7462,33.0783],[-111.7511,33.0731],[-111.7518,33.059],[-111.7378,33.0549],[-111.7262,33.0475],[-111.7259,33.0446],[-111.7278,33.0425],[-111.7322,33.0424],[-111.7326,33.0406],[-111.7351,33.0401],[-111.7326,33.0346],[-111.7336,33.0317],[-111.7249,33.0305],[-111.721,33.0318],[-111.7194,33.0337],[-111.7159,33.0286],[-111.7132,33.0292],[-111.7078,33.0251],[-111.7076,33.0232],[-111.7057,33.0217],[-111.7055,33.0185],[-111.7007,33.0166],[-111.6945,33.0173],[-111.689,33.0212],[-111.6887,33.0243],[-111.6835,33.0315],[-111.6803,33.0391],[-111.6801,33.0453],[-111.686,33.0582],[-111.6866,33.0907],[-111.6847,33.092],[-111.684,33.0953],[-111.6766,33.1017],[-111.6723,33.1077],[-111.6669,33.1108],[-111.6618,33.1196],[-111.6561,33.1236],[-111.6536,33.1273],[-111.6553,33.1304],[-111.6605,33.1343],[-111.6609,33.1367],[-111.664,33.1375],[-111.6635,33.1402],[-111.6609,33.1422],[-111.6629,33.1433],[-111.6633,33.1452],[-111.6661,33.145],[-111.6683,33.1467],[-111.6724,33.1472],[-111.673,33.151],[-111.6743,33.1517]]]}},{"type":"Feature","properties":{"huc12":"150503030601","name":"Agency Peak"},"geometry":{"type":"Polygon","coordinates":[[[-111.8014,33.0652],[-111.8205,33.0677],[-111.8413,33.0668],[-111.8498,33.0654],[-111.8726,33.0571],[-111.8788,33.0531],[-111.8983,33.0339],[-111.9007,33.0204],[-111.9043,33.0105],[-111.8839,33.0111],[-111.8793,33.014],[-111.8782,33.0167],[-111.8597,33.0149],[-111.8519,33.0129],[-111.8474,33.0157],[-111.842,33.0162],[-111.8413,33.0177],[-111.8365,33.02],[-111.8354,33.0234],[-111.8275,33.0186],[-111.8281,33.0155],[-111.8195,33.0146],[-111.8179,33.0123],[-111.8112,33.015],[-111.8088,33.0134],[-111.8052,33.0072],[-111.8065,33.0031],[-111.8087,33.002],[-111.8072,33.0003],[-111.8088,32.9976],[-111.8045,32.9967],[-111.8006,32.9991],[-111.7809,32.9999],[-111.7714,33.0029],[-111.7645,33.0026],[-111.7603,33.0008],[-111.7508,33.0013],[-111.7462,33.0045],[-111.7454,33.0084],[-111.7408,33.0104],[-111.7332,33.0114],[-111.7323,33.0103],[-111.7339,33.0089],[-111.733,33.0073],[-111.7249,33.0097],[-111.7178,33.0102],[-111.713,33.0135],[-111.7105,33.0117],[-111.708,33.0128],[-111.7051,33.0198],[-111.7086,33.0258],[-111.7132,33.0292],[-111.7159,33.0286],[-111.7194,33.0338],[-111.721,33.0318],[-111.7249,33.0305],[-111.7336,33.0317],[-111.7326,33.0346],[-111.7351,33.0401],[-111.7326,33.0406],[-111.7322,33.0424],[-111.7281,33.0423],[-111.7258,33.0452],[-111.7274,33.049],[-111.7378,33.0549],[-111.7565,33.0601],[-111.7752,33.0582],[-111.8014,33.0652]]]}},{"type":"Feature","properties":{"huc12":"150501000808","name":"Town of Germann-Roosevelt Canal"},"geometry":{"type":"Polygon","coordinates":[[[-111.533,33.3579],[-111.535,33.3592],[-111.5462,33.3545],[-111.5485,33.3579],[-111.5596,33.3537],[-111.5666,33.3532],[-111.5729,33.3511],[-111.5861,33.3523],[-111.5996,33.3513],[-111.6097,33.3478],[-111.6119,33.34],[-111.614,33.3375],[-111.634,33.3349],[-111.645,33.3348],[-111.6562,33.3311],[-111.6829,33.3308],[-111.6837,33.3234],[-111.6829,33.3212],[-111.6844,33.3164],[-111.6885,33.3061],[-111.6911,33.304],[-111.6941,33.297],[-111.7055,33.2864],[-111.7101,33.2793],[-111.7144,33.2771],[-111.7172,33.2725],[-111.7218,33.2691],[-111.726,33.2632],[-111.6961,33.2637],[-111.6851,33.2661],[-111.651,33.2619],[-111.6475,33.2623],[-111.6405,33.2601],[-111.6335,33.2559],[-111.5725,33.2567],[-111.5576,33.2522],[-111.5499,33.2515],[-111.5449,33.2479],[-111.5363,33.2456],[-111.5255,33.2496],[-111.5166,33.2502],[-111.5081,33.2524],[-111.4988,33.2571],[-111.5015,33.2678],[-111.5019,33.2782],[-111.5056,33.2867],[-111.5143,33.2867],[-111.5227,33.304],[-111.5283,33.3268],[-111.5434,33.3503],[-111.5368,33.3542],[-111.5368,33.356],[-111.5345,33.358],[-111.533,33.3579]]]}},{"type":"Feature","properties":{"huc12":"150701020706","name":"Trilby Wash Basin"},"geometry":{"type":"Polygon","coordinates":[[[-112.4385,33.6823],[-112.4446,33.6826],[-112.453,33.6862],[-112.4675,33.6978],[-112.4643,33.69],[-112.4585,33.6844],[-112.4579,33.6801],[-112.4492,33.6711],[-112.4465,33.6588],[-112.458,33.6559],[-112.4799,33.6554],[-112.4941,33.6517],[-112.5105,33.6428],[-112.5202,33.6411],[-112.5352,33.635],[-112.5352,33.6296],[-112.5372,33.6277],[-112.5434,33.627],[-112.5462,33.6248],[-112.554,33.6252],[-112.557,33.6282],[-112.5608,33.6256],[-112.564,33.6208],[-112.5679,33.6195],[-112.5695,33.6155],[-112.5746,33.6159],[-112.5764,33.613],[-112.5826,33.6119],[-112.5851,33.6101],[-112.5866,33.6041],[-112.5896,33.6009],[-112.5958,33.6013],[-112.5962,33.5978],[-112.5949,33.5949],[-112.5894,33.5905],[-112.5905,33.5859],[-112.5872,33.5815],[-112.5875,33.5783],[-112.5836,33.5746],[-112.579,33.5754],[-112.5745,33.5779],[-112.571,33.5758],[-112.5637,33.5766],[-112.5531,33.5817],[-112.5492,33.5868],[-112.5462,33.5851],[-112.532,33.5837],[-112.53,33.5843],[-112.5304,33.588],[-112.5278,33.5891],[-112.5248,33.5877],[-112.5109,33.5903],[-112.5062,33.5902],[-112.5042,33.5882],[-112.4938,33.5844],[-112.4897,33.5807],[-112.4848,33.5791],[-112.4822,33.5805],[-112.479,33.5829],[-112.4664,33.6037],[-112.463,33.6171],[-112.463,33.6312],[-112.4583,33.6437],[-112.45,33.6564],[-112.4414,33.6571],[-112.4349,33.6612],[-112.4333,33.667],[-112.4232,33.6773],[-112.4233,33.6909],[-112.429,33.6887],[-112.4299,33.6823],[-112.4385,33.6823]]]}},{"type":"Feature","properties":{"huc12":"150701020903","name":"Padelford Wash-McMicken Dam Outlet Channel"},"geometry":{"type":"Polygon","coordinates":[[[-112.4388,33.8926],[-112.4395,33.8958],[-112.4418,33.8954],[-112.4435,33.8926],[-112.4491,33.894],[-112.452,33.8926],[-112.4576,33.8877],[-112.4577,33.8845],[-112.4617,33.8797],[-112.4622,33.8682],[-112.4635,33.8664],[-112.4618,33.8613],[-112.4651,33.8473],[-112.4678,33.8438],[-112.4694,33.8305],[-112.4684,33.8123],[-112.4657,33.8044],[-112.4604,33.798],[-112.46,33.7952],[-112.4562,33.7889],[-112.4552,33.777],[-112.4528,33.7734],[-112.4519,33.764],[-112.4488,33.7541],[-112.4456,33.7489],[-112.4446,33.7395],[-112.4338,33.7382],[-112.4303,33.7282],[-112.4274,33.7236],[-112.425,33.7131],[-112.4218,33.7112],[-112.4221,33.7077],[-112.4261,33.7057],[-112.4261,33.7041],[-112.4255,33.6994],[-112.423,33.6945],[-112.4232,33.6774],[-112.4198,33.6769],[-112.4072,33.6863],[-112.3896,33.694],[-112.3391,33.7061],[-112.3305,33.7101],[-112.3369,33.7154],[-112.34,33.7224],[-112.3433,33.723],[-112.345,33.7264],[-112.3508,33.7313],[-112.3552,33.7306],[-112.3581,33.7377],[-112.3656,33.7427],[-112.3633,33.7466],[-112.3629,33.7511],[-112.3695,33.7563],[-112.3701,33.7598],[-112.3754,33.7681],[-112.3759,33.7775],[-112.3819,33.783],[-112.3796,33.7876],[-112.3845,33.7932],[-112.391,33.7937],[-112.3948,33.7957],[-112.392,33.7984],[-112.3915,33.8004],[-112.3878,33.8027],[-112.3876,33.8066],[-112.3848,33.8062],[-112.3833,33.8078],[-112.3795,33.8083],[-112.3772,33.8066],[-112.3744,33.8071],[-112.376,33.8102],[-112.3712,33.8161],[-112.3733,33.8183],[-112.3724,33.8199],[-112.3705,33.8202],[-112.369,33.8241],[-112.372,33.8238],[-112.3744,33.8271],[-112.3786,33.8274],[-112.3819,33.83],[-112.3825,33.8312],[-112.3803,33.8317],[-112.3786,33.8376],[-112.3905,33.844],[-112.3909,33.8461],[-112.3886,33.852],[-112.3911,33.8601],[-112.3984,33.8671],[-112.3995,33.8698],[-112.4021,33.8713],[-112.4036,33.8746],[-112.4079,33.8768],[-112.413,33.8763],[-112.4157,33.8776],[-112.4192,33.8753],[-112.4224,33.8784],[-112.4288,33.8774],[-112.4316,33.8803],[-112.4328,33.8856],[-112.4353,33.8856],[-112.4374,33.8876],[-112.437,33.8893],[-112.4397,33.8911],[-112.4388,33.8926]]]}},{"type":"Feature","properties":{"huc12":"150501000803","name":"Peralta Canyon"},"geometry":{"type":"Polygon","coordinates":[[[-111.5056,33.2867],[-111.5067,33.2893],[-111.5041,33.2902],[-111.4941,33.2928],[-111.4818,33.2931],[-111.465,33.2999],[-111.4575,33.306],[-111.4448,33.3133],[-111.421,33.3174],[-111.3982,33.3263],[-111.3934,33.3256],[-111.3792,33.3309],[-111.3672,33.3331],[-111.3642,33.3403],[-111.3594,33.3447],[-111.3608,33.3472],[-111.3579,33.3495],[-111.3583,33.3538],[-111.3531,33.3591],[-111.3545,33.3632],[-111.3542,33.3695],[-111.3601,33.3719],[-111.3521,33.3786],[-111.3502,33.3788],[-111.3499,33.3817],[-111.3467,33.3833],[-111.3462,33.3904],[-111.3423,33.3922],[-111.3424,33.3956],[-111.3444,33.3967],[-111.3443,33.3985],[-111.3466,33.4011],[-111.3465,33.4065],[-111.3529,33.4123],[-111.3627,33.4164],[-111.3665,33.4139],[-111.3633,33.4098],[-111.3703,33.4086],[-111.3738,33.4049],[-111.3789,33.4066],[-111.3819,33.4062],[-111.3833,33.4037],[-111.3783,33.3973],[-111.3814,33.3948],[-111.3808,33.3913],[-111.3846,33.3829],[-111.385,33.3803],[-111.3824,33.3753],[-111.386,33.3736],[-111.3854,33.3708],[-111.3793,33.3624],[-111.382,33.3581],[-111.3835,33.3594],[-111.3889,33.3562],[-111.3929,33.357],[-111.3985,33.3539],[-111.41,33.3515],[-111.4153,33.3483],[-111.422,33.3475],[-111.4297,33.3421],[-111.4353,33.3406],[-111.443,33.3323],[-111.445,33.328],[-111.4507,33.3262],[-111.4568,33.3205],[-111.4812,33.3171],[-111.4943,33.3124],[-111.5011,33.3076],[-111.5137,33.3053],[-111.5208,33.3016],[-111.5141,33.2864],[-111.5056,33.2867]]]}},{"type":"Feature","properties":{"huc12":"150501000806","name":"Siphon Draw-Powerline Dam"},"geometry":{"type":"Polygon","coordinates":[[[-111.4842,33.4545],[-111.4903,33.4543],[-111.4918,33.4526],[-111.4948,33.4525],[-111.4986,33.4481],[-111.5034,33.4475],[-111.5061,33.4445],[-111.5153,33.4247],[-111.5173,33.4213],[-111.5202,33.4203],[-111.5243,33.4128],[-111.5254,33.4051],[-111.5254,33.3886],[-111.5317,33.3851],[-111.5371,33.3777],[-111.5421,33.3755],[-111.5452,33.3711],[-111.5474,33.3636],[-111.5487,33.3636],[-111.5497,33.3658],[-111.5463,33.3745],[-111.5456,33.3822],[-111.5426,33.3855],[-111.5382,33.3974],[-111.5312,33.4076],[-111.5309,33.411],[-111.5413,33.4029],[-111.5432,33.3981],[-111.5606,33.3781],[-111.5609,33.3657],[-111.551,33.3617],[-111.5464,33.3546],[-111.5352,33.3592],[-111.532,33.3574],[-111.5277,33.36],[-111.5193,33.3623],[-111.4872,33.3618],[-111.4776,33.3652],[-111.467,33.3734],[-111.4649,33.3706],[-111.4631,33.3713],[-111.461,33.3701],[-111.4581,33.3715],[-111.4534,33.3697],[-111.4533,33.3735],[-111.4516,33.3761],[-111.4457,33.3758],[-111.4459,33.38],[-111.4403,33.3854],[-111.4346,33.3851],[-111.4334,33.3902],[-111.4263,33.3989],[-111.4218,33.4017],[-111.4211,33.4039],[-111.4169,33.4066],[-111.4097,33.4086],[-111.4072,33.4082],[-111.4007,33.411],[-111.4003,33.4154],[-111.4068,33.4195],[-111.4085,33.4234],[-111.4147,33.4276],[-111.4292,33.4306],[-111.4416,33.44],[-111.4519,33.44],[-111.4534,33.4435],[-111.4617,33.4498],[-111.4677,33.4511],[-111.473,33.4502],[-111.4842,33.4545]]]}},{"type":"Feature","properties":{"huc12":"150501000805","name":"Vineyard Road Dam"},"geometry":{"type":"Polygon","coordinates":[[[-111.3957,33.4083],[-111.4011,33.411],[-111.4072,33.4082],[-111.4097,33.4086],[-111.4184,33.4058],[-111.4213,33.4037],[-111.4218,33.4017],[-111.4263,33.3989],[-111.4334,33.3902],[-111.4346,33.3851],[-111.4403,33.3854],[-111.4459,33.38],[-111.4457,33.3758],[-111.4516,33.3761],[-111.4533,33.3735],[-111.4534,33.3697],[-111.4581,33.3715],[-111.461,33.3701],[-111.4631,33.3713],[-111.4649,33.3706],[-111.4669,33.3734],[-111.4776,33.3652],[-111.4872,33.3618],[-111.5197,33.3622],[-111.5277,33.36],[-111.532,33.3574],[-111.5345,33.358],[-111.5368,33.356],[-111.5368,33.3542],[-111.5434,33.3507],[-111.5283,33.3268],[-111.5211,33.3007],[-111.5163,33.3044],[-111.5011,33.3076],[-111.4943,33.3124],[-111.4812,33.3171],[-111.4568,33.3205],[-111.4507,33.3262],[-111.445,33.328],[-111.443,33.3323],[-111.4353,33.3406],[-111.4297,33.3421],[-111.422,33.3475],[-111.4153,33.3483],[-111.41,33.3515],[-111.3985,33.3539],[-111.3929,33.357],[-111.3889,33.3562],[-111.3835,33.3594],[-111.3819,33.3581],[-111.3793,33.3624],[-111.3854,33.3708],[-111.386,33.3736],[-111.3824,33.3753],[-111.385,33.3803],[-111.3846,33.3829],[-111.3808,33.3913],[-111.3814,33.3948],[-111.3783,33.3973],[-111.3831,33.4036],[-111.3893,33.407],[-111.3929,33.4065],[-111.3957,33.4083]]]}},{"type":"Feature","properties":{"huc12":"150701010203","name":"White Tanks FRS #3"},"geometry":{"type":"Polygon","coordinates":[[[-112.5062,33.5902],[-112.5248,33.5877],[-112.5278,33.5891],[-112.5304,33.588],[-112.53,33.5843],[-112.532,33.5837],[-112.5462,33.5851],[-112.5492,33.5868],[-112.5531,33.5817],[-112.5634,33.5766],[-112.571,33.5758],[-112.5745,33.5779],[-112.579,33.5754],[-112.5754,33.5709],[-112.5701,33.5693],[-112.5707,33.5652],[-112.5681,33.5599],[-112.5695,33.5582],[-112.5692,33.555],[-112.5668,33.5515],[-112.5642,33.5504],[-112.5592,33.545],[-112.5567,33.5388],[-112.5555,33.5403],[-112.5557,33.5445],[-112.5534,33.5462],[-112.5499,33.5437],[-112.5464,33.5444],[-112.5428,33.5424],[-112.5384,33.5423],[-112.5226,33.5326],[-112.5164,33.531],[-112.5139,33.5208],[-112.5045,33.5171],[-112.4986,33.5175],[-112.496,33.5201],[-112.4875,33.5229],[-112.4818,33.5228],[-112.4819,33.5258],[-112.471,33.5341],[-112.4707,33.5671],[-112.4753,33.5729],[-112.4841,33.5792],[-112.4897,33.5807],[-112.4938,33.5844],[-112.5042,33.5882],[-112.5062,33.5902]]]}},{"type":"Feature","properties":{"huc12":"150501000903","name":"Goldmine Mountain"},"geometry":{"type":"Polygon","coordinates":[[[-111.5836,33.2198],[-111.5904,33.227],[-111.6345,33.2269],[-111.6345,33.2379],[-111.6395,33.2385],[-111.6519,33.2487],[-111.7203,33.2486],[-111.7373,33.2338],[-111.7274,33.2292],[-111.7159,33.2264],[-111.7066,33.2193],[-111.7033,33.2193],[-111.7022,33.2172],[-111.6987,33.2155],[-111.6912,33.2086],[-111.6875,33.202],[-111.6815,33.1997],[-111.6788,33.1884],[-111.6732,33.1773],[-111.6655,33.1701],[-111.6651,33.1625],[-111.6738,33.1545],[-111.6743,33.1517],[-111.673,33.151],[-111.6724,33.1472],[-111.6683,33.1467],[-111.6661,33.145],[-111.6637,33.1455],[-111.6628,33.1435],[-111.6539,33.1496],[-111.654,33.1513],[-111.6519,33.153],[-111.65,33.1525],[-111.6482,33.1545],[-111.6448,33.153],[-111.6399,33.1544],[-111.6322,33.1695],[-111.6206,33.1785],[-111.6188,33.1822],[-111.618,33.197],[-111.6169,33.1987],[-111.6173,33.2191],[-111.5836,33.2198]]]}},{"type":"Feature","properties":{"huc12":"150501001001","name":"Sacaton Mountains"},"geometry":{"type":"Polygon","coordinates":[[[-111.5498,32.8533],[-111.5496,32.865],[-111.558,32.8711],[-111.5583,32.8942],[-111.5643,32.8944],[-111.5668,32.8965],[-111.567,32.9075],[-111.5693,32.9125],[-111.5891,32.9355],[-111.5955,32.9453],[-111.597,32.9516],[-111.597,32.9637],[-111.6026,32.9752],[-111.6039,32.992],[-111.6091,32.9965],[-111.6171,33.0071],[-111.6227,33.0116],[-111.6258,33.0268],[-111.6323,33.0357],[-111.6333,33.0337],[-111.6314,33.0303],[-111.632,33.0259],[-111.6402,33.0206],[-111.6457,33.0204],[-111.6617,33.0264],[-111.6646,33.0214],[-111.6687,33.0178],[-111.6789,33.0142],[-111.6807,33.0143],[-111.6804,33.0169],[-111.6815,33.0178],[-111.692,33.0157],[-111.6942,33.0171],[-111.695,33.015],[-111.6925,33.0101],[-111.6871,33.0084],[-111.6843,33.0039],[-111.6826,33.0031],[-111.6765,33.0043],[-111.6741,33.0027],[-111.6734,33.0002],[-111.675,32.9961],[-111.6712,32.9885],[-111.6704,32.9828],[-111.6736,32.9757],[-111.6742,32.9696],[-111.6777,32.9684],[-111.6797,32.966],[-111.679,32.9455],[-111.6688,32.927],[-111.6677,32.9217],[-111.6681,32.9143],[-111.6662,32.9125],[-111.6678,32.9119],[-111.6677,32.9075],[-111.6617,32.9001],[-111.6532,32.895],[-111.6488,32.8811],[-111.6452,32.8785],[-111.6452,32.8692],[-111.6371,32.8652],[-111.6367,32.8477],[-111.6309,32.8493],[-111.626,32.8477],[-111.625,32.8449],[-111.6208,32.8444],[-111.619,32.8449],[-111.614,32.8501],[-111.6027,32.8503],[-111.5976,32.8541],[-111.5863,32.8541],[-111.5826,32.8519],[-111.5782,32.8516],[-111.5679,32.8547],[-111.5576,32.8557],[-111.554,32.8537],[-111.5512,32.8545],[-111.5498,32.8533]]]}},{"type":"Feature","properties":{"huc12":"150501001003","name":"Little Gila River-Gila River"},"geometry":{"type":"Polygon","coordinates":[[[-111.5182,33.1007],[-111.5247,33.1075],[-111.5366,33.1127],[-111.5423,33.1123],[-111.5471,33.1166],[-111.5496,33.115],[-111.5575,33.114],[-111.5597,33.1122],[-111.5608,33.1165],[-111.5632,33.1185],[-111.5681,33.1274],[-111.5801,33.1369],[-111.5894,33.1402],[-111.5908,33.1387],[-111.5983,33.1361],[-111.5998,33.1331],[-111.6052,33.1306],[-111.6096,33.1303],[-111.611,33.1313],[-111.6153,33.1293],[-111.6184,33.1295],[-111.6194,33.1315],[-111.6239,33.1325],[-111.6254,33.1347],[-111.6235,33.1389],[-111.6256,33.1436],[-111.6292,33.1462],[-111.6282,33.1497],[-111.6373,33.148],[-111.6395,33.1465],[-111.6471,33.1501],[-111.6488,33.1532],[-111.6515,33.1531],[-111.6588,33.1453],[-111.6629,33.1435],[-111.6609,33.1422],[-111.6635,33.1402],[-111.664,33.1375],[-111.6609,33.1367],[-111.661,33.1349],[-111.6553,33.1304],[-111.6538,33.1269],[-111.6561,33.1236],[-111.6618,33.1196],[-111.6669,33.1108],[-111.6723,33.1077],[-111.6766,33.1017],[-111.684,33.0953],[-111.6847,33.092],[-111.6866,33.0907],[-111.6865,33.0836],[-111.6777,33.0813],[-111.6766,33.0597],[-111.6643,33.0592],[-111.6563,33.0534],[-111.6386,33.0488],[-111.6343,33.0487],[-111.6257,33.0415],[-111.609,33.0414],[-111.6079,33.0343],[-111.5922,33.0343],[-111.5911,33.0316],[-111.584,33.0312],[-111.5838,33.0072],[-111.5766,33.0022],[-111.5501,33.0021],[-111.5491,32.9953],[-111.5416,32.9949],[-111.5398,32.9916],[-111.5177,32.9915],[-111.52,33.0052],[-111.5196,33.024],[-111.5158,33.0264],[-111.5174,33.0279],[-111.5157,33.0321],[-111.5175,33.0342],[-111.5166,33.0364],[-111.5112,33.0406],[-111.5109,33.0436],[-111.5039,33.0542],[-111.5025,33.0624],[-111.5033,33.0666],[-111.5069,33.0728],[-111.5092,33.0729],[-111.5079,33.0859],[-111.5088,33.0921],[-111.5152,33.0961],[-111.5155,33.099],[-111.5182,33.1007]]]}},{"type":"Feature","properties":{"huc12":"150501001103","name":"Firebird Lake"},"geometry":{"type":"Polygon","coordinates":[[[-112.0346,33.3427],[-112.0478,33.3426],[-112.0496,33.3389],[-112.055,33.3376],[-112.0645,33.3327],[-112.0612,33.331],[-112.0455,33.3372],[-112.0406,33.3375],[-112.0345,33.3298],[-112.0348,33.3278],[-112.0313,33.3267],[-112.0319,33.3249],[-112.0276,33.3222],[-112.0217,33.3223],[-112.0221,33.3185],[-112.0152,33.3155],[-112.0144,33.3129],[-112.0153,33.3114],[-112.0202,33.3087],[-112.0187,33.3065],[-112.0204,33.304],[-112.0199,33.2987],[-112.0287,33.2872],[-112.0333,33.253],[-112.03,33.2505],[-112.024,33.2508],[-112.0185,33.2486],[-112.012,33.2481],[-112.0091,33.2446],[-112.0043,33.2428],[-111.9933,33.2431],[-111.9775,33.2402],[-111.966,33.241],[-111.9543,33.2452],[-111.936,33.2565],[-111.9172,33.2623],[-111.9144,33.2639],[-111.9127,33.2671],[-111.8976,33.2699],[-111.8302,33.2686],[-111.8065,33.2659],[-111.7823,33.2694],[-111.7316,33.2655],[-111.726,33.2632],[-111.7218,33.2691],[-111.7172,33.2725],[-111.7144,33.2771],[-111.7101,33.2793],[-111.7065,33.2849],[-111.7596,33.285],[-111.7684,33.2833],[-111.8243,33.2827],[-111.8404,33.2877],[-111.8766,33.2875],[-111.8934,33.2927],[-111.9414,33.2914],[-111.9457,33.2903],[-111.9593,33.2831],[-111.9657,33.2823],[-111.9678,33.2841],[-111.9722,33.3015],[-111.9841,33.3114],[-111.9896,33.3193],[-111.9949,33.3186],[-111.9985,33.3257],[-112.0023,33.329],[-112.0122,33.3322],[-112.017,33.3394],[-112.0277,33.3404],[-112.03,33.3422],[-112.0346,33.3427]]]}},{"type":"Feature","properties":{"huc12":"150501001005","name":"Gila Butte-Gila River"},"geometry":{"type":"Polygon","coordinates":[[[-111.7051,33.1691],[-111.7067,33.1679],[-111.7023,33.1635],[-111.7041,33.1597],[-111.7066,33.159],[-111.7081,33.157],[-111.7152,33.155],[-111.7201,33.1488],[-111.7291,33.1433],[-111.7349,33.1375],[-111.7436,33.1355],[-111.7502,33.136],[-111.7522,33.1335],[-111.7606,33.1421],[-111.7711,33.1432],[-111.7774,33.1514],[-111.7859,33.1502],[-111.7957,33.1564],[-111.8055,33.1573],[-111.8078,33.1612],[-111.8496,33.1612],[-111.8496,33.1557],[-111.8505,33.1552],[-111.8543,33.1546],[-111.8606,33.1561],[-111.8689,33.1545],[-111.8753,33.1617],[-111.8882,33.1636],[-111.8939,33.1576],[-111.8953,33.1526],[-111.8937,33.1467],[-111.8889,33.1446],[-111.872,33.1405],[-111.8589,33.1416],[-111.8586,33.1396],[-111.8494,33.1368],[-111.8493,33.1356],[-111.8444,33.1353],[-111.8235,33.1176],[-111.8235,33.1021],[-111.8064,33.1009],[-111.8064,33.0719],[-111.8014,33.0652],[-111.7739,33.0581],[-111.7571,33.0601],[-111.7518,33.059],[-111.7509,33.0737],[-111.7462,33.0783],[-111.7377,33.1018],[-111.7375,33.1271],[-111.7315,33.1348],[-111.7237,33.1392],[-111.7231,33.1417],[-111.7147,33.1455],[-111.7099,33.1456],[-111.7075,33.1474],[-111.7047,33.1469],[-111.6977,33.1515],[-111.6971,33.1583],[-111.6983,33.1586],[-111.6991,33.1622],[-111.7013,33.1643],[-111.7012,33.1672],[-111.7051,33.1691]]]}},{"type":"Feature","properties":{"huc12":"150501001101","name":"City of Chandler"},"geometry":{"type":"Polygon","coordinates":[[[-111.6828,33.3311],[-111.6812,33.3372],[-111.6822,33.3512],[-111.6842,33.3586],[-111.688,33.3637],[-111.6929,33.3747],[-111.696,33.3767],[-111.7013,33.3863],[-111.7677,33.3861],[-111.7677,33.3727],[-111.7734,33.3617],[-111.7736,33.3573],[-111.9571,33.3563],[-111.9567,33.3586],[-111.972,33.3605],[-111.9789,33.3644],[-111.9934,33.3587],[-112.0069,33.3576],[-112.0157,33.3511],[-112.0217,33.3497],[-112.0262,33.346],[-112.0312,33.3451],[-112.0346,33.3427],[-112.03,33.3422],[-112.0277,33.3404],[-112.017,33.3394],[-112.0122,33.3322],[-112.0023,33.329],[-111.9985,33.3257],[-111.9949,33.3186],[-111.9896,33.3193],[-111.9841,33.3114],[-111.9722,33.3015],[-111.9678,33.2841],[-111.9648,33.2821],[-111.9574,33.2838],[-111.9457,33.2903],[-111.9414,33.2914],[-111.8934,33.2927],[-111.8766,33.2875],[-111.8404,33.2877],[-111.8243,33.2827],[-111.7684,33.2833],[-111.7596,33.285],[-111.7065,33.2849],[-111.6941,33.297],[-111.6911,33.304],[-111.6885,33.3061],[-111.6829,33.3212],[-111.6837,33.3234],[-111.6828,33.3311]]]}},{"type":"Feature","properties":{"huc12":"150501001102","name":"Town of Ocotillo"},"geometry":{"type":"Polygon","coordinates":[[[-111.726,33.2632],[-111.7316,33.2655],[-111.7823,33.2694],[-111.8065,33.2659],[-111.8302,33.2686],[-111.8976,33.2699],[-111.9127,33.2671],[-111.9144,33.2639],[-111.9172,33.2623],[-111.936,33.2565],[-111.9543,33.2452],[-111.9672,33.2408],[-111.9787,33.2402],[-111.9933,33.2431],[-112.0043,33.2428],[-112.0091,33.2446],[-112.012,33.2481],[-112.0185,33.2486],[-112.024,33.2508],[-112.03,33.2505],[-112.0331,33.2523],[-112.0349,33.2504],[-112.0343,33.2487],[-112.0266,33.2441],[-112.0185,33.242],[-112.0108,33.2369],[-111.9762,33.2207],[-111.9438,33.2177],[-111.9126,33.2088],[-111.8846,33.205],[-111.8401,33.2076],[-111.8343,33.2102],[-111.8238,33.2189],[-111.8065,33.2209],[-111.7924,33.2288],[-111.7746,33.2335],[-111.7377,33.2339],[-111.7319,33.2472],[-111.7295,33.2496],[-111.7292,33.2577],[-111.726,33.2632]]]}},{"type":"Feature","properties":{"huc12":"150501001104","name":"Pima Butte-Gila River"},"geometry":{"type":"Polygon","coordinates":[[[-111.8614,33.1877],[-111.882,33.1893],[-111.9049,33.195],[-111.9237,33.1932],[-111.9365,33.1889],[-111.9448,33.1879],[-111.9795,33.2018],[-112.0015,33.2026],[-112.0313,33.2077],[-112.0539,33.2084],[-112.0573,33.2076],[-112.0599,33.209],[-112.075,33.209],[-112.0867,33.2109],[-112.096,33.2102],[-112.0959,33.1972],[-112.0925,33.1932],[-112.0757,33.1817],[-112.0684,33.1792],[-112.0586,33.1732],[-112.0495,33.1716],[-112.0385,33.1639],[-112.0302,33.1623],[-112.0219,33.1587],[-112.0195,33.1561],[-112.0235,33.1487],[-112.0226,33.1466],[-112.0182,33.147],[-112.0156,33.1439],[-112.0083,33.1396],[-112.0006,33.1389],[-111.9939,33.1346],[-111.9868,33.132],[-111.9791,33.1249],[-111.9614,33.1248],[-111.9614,33.1227],[-111.9572,33.1249],[-111.9432,33.125],[-111.9398,33.1229],[-111.9397,33.1214],[-111.9188,33.122],[-111.9052,33.1141],[-111.9051,33.1106],[-111.8555,33.1103],[-111.828,33.1055],[-111.8235,33.1021],[-111.8235,33.1176],[-111.8444,33.1353],[-111.8493,33.1356],[-111.8494,33.1368],[-111.8586,33.1396],[-111.8589,33.1416],[-111.8728,33.1406],[-111.8937,33.1467],[-111.8953,33.1526],[-111.8949,33.1557],[-111.8918,33.1606],[-111.8882,33.1636],[-111.8882,33.1686],[-111.8834,33.1798],[-111.8792,33.1828],[-111.8614,33.1877]]]}},{"type":"Feature","properties":{"huc12":"150501001105","name":"South Mountain"},"geometry":{"type":"Polygon","coordinates":[[[-112.0331,33.2523],[-112.0287,33.2872],[-112.0199,33.2987],[-112.0204,33.304],[-112.0187,33.3065],[-112.0201,33.3088],[-112.0163,33.3103],[-112.0144,33.3129],[-112.0154,33.3158],[-112.0222,33.3186],[-112.0217,33.3223],[-112.0276,33.3222],[-112.0319,33.3249],[-112.0313,33.3267],[-112.0348,33.3278],[-112.0345,33.3298],[-112.0407,33.3375],[-112.0455,33.3372],[-112.0612,33.331],[-112.0669,33.3327],[-112.0688,33.3306],[-112.0738,33.3298],[-112.0736,33.3274],[-112.0763,33.3264],[-112.0789,33.3288],[-112.0828,33.33],[-112.0937,33.3267],[-112.0949,33.323],[-112.105,33.3225],[-112.1262,33.3121],[-112.1284,33.3116],[-112.1297,33.3137],[-112.1324,33.3149],[-112.1479,33.3079],[-112.1605,33.3063],[-112.1663,33.3018],[-112.1677,33.2983],[-112.1766,33.2875],[-112.1758,33.2819],[-112.1712,33.2796],[-112.1694,33.2754],[-112.1554,33.2698],[-112.1519,33.2707],[-112.1385,33.264],[-112.1271,33.2566],[-112.1039,33.2491],[-112.0969,33.2455],[-112.0656,33.2378],[-112.0484,33.2357],[-112.027,33.2305],[-112.0062,33.2299],[-111.9976,33.2314],[-112.0108,33.2369],[-112.0185,33.242],[-112.0266,33.2441],[-112.0343,33.2487],[-112.0349,33.2504],[-112.0331,33.2523]]]}},{"type":"Feature","properties":{"huc12":"150501000709","name":"Bogart Wash"},"geometry":{"type":"Polygon","coordinates":[[[-111.4173,32.9955],[-111.4255,32.9958],[-111.4332,33.0014],[-111.4408,33.0038],[-111.4614,33.0041],[-111.4629,33.0074],[-111.4673,33.0073],[-111.4704,33.0098],[-111.4696,33.0079],[-111.4707,33.0003],[-111.4612,32.9934],[-111.4519,32.9783],[-111.4391,32.9684],[-111.4468,32.9545],[-111.447,32.9447],[-111.4443,32.9448],[-111.4428,32.9477],[-111.4391,32.9457],[-111.4311,32.9445],[-111.4129,32.9436],[-111.413,32.9263],[-111.4121,32.9253],[-111.4034,32.9222],[-111.3788,32.9184],[-111.3707,32.9146],[-111.3644,32.9132],[-111.352,32.9048],[-111.3338,32.8976],[-111.3242,32.8965],[-111.3071,32.8866],[-111.2884,32.8794],[-111.257,32.8785],[-111.2459,32.8799],[-111.2388,32.8823],[-111.2175,32.8819],[-111.2121,32.8845],[-111.2048,32.883],[-111.2041,32.8856],[-111.1938,32.8857],[-111.1765,32.8916],[-111.1686,32.8924],[-111.1607,32.8914],[-111.1476,32.8941],[-111.1401,32.8936],[-111.1385,32.8925],[-111.1372,32.8929],[-111.1371,32.8952],[-111.1338,32.8961],[-111.1342,32.8971],[-111.1289,32.8997],[-111.1238,32.9],[-111.1233,32.9018],[-111.1193,32.904],[-111.115,32.9003],[-111.112,32.8949],[-111.1025,32.8884],[-111.098,32.8883],[-111.0987,32.8907],[-111.0957,32.8929],[-111.0943,32.8961],[-111.095,32.9082],[-111.0986,32.9149],[-111.1035,32.9166],[-111.1083,32.9157],[-111.1138,32.9183],[-111.1066,32.922],[-111.106,32.9279],[-111.1202,32.9356],[-111.1233,32.9348],[-111.124,32.9319],[-111.1263,32.9295],[-111.1435,32.929],[-111.1464,32.9267],[-111.1519,32.9268],[-111.1559,32.9242],[-111.1672,32.9237],[-111.1797,32.9205],[-111.2022,32.9239],[-111.2178,32.9284],[-111.227,32.9297],[-111.2387,32.9343],[-111.2551,32.937],[-111.2624,32.9354],[-111.27,32.9373],[-111.285,32.933],[-111.2889,32.933],[-111.2933,32.9354],[-111.3048,32.9375],[-111.316,32.9365],[-111.328,32.9385],[-111.333,32.9369],[-111.3468,32.9384],[-111.3507,32.9402],[-111.3589,32.9405],[-111.3636,32.9421],[-111.375,32.9499],[-111.3848,32.9539],[-111.3873,32.9585],[-111.3985,32.9686],[-111.4002,32.9735],[-111.4025,32.9752],[-111.404,32.9807],[-111.4087,32.9852],[-111.4144,32.9937],[-111.4173,32.9955]]]}},{"type":"Feature","properties":{"huc12":"150501000711","name":"Town of Adamsville-Gila River"},"geometry":{"type":"Polygon","coordinates":[[[-111.3942,33.1003],[-111.3967,33.1029],[-111.4009,33.1047],[-111.4095,33.1045],[-111.416,33.101],[-111.4194,33.0964],[-111.4201,33.0925],[-111.4281,33.0926],[-111.4397,33.0905],[-111.441,33.089],[-111.4404,33.0862],[-111.4435,33.0837],[-111.4447,33.0776],[-111.4505,33.0767],[-111.4608,33.0692],[-111.4655,33.0629],[-111.4736,33.0568],[-111.4751,33.0505],[-111.4815,33.046],[-111.4833,33.0421],[-111.4949,33.0372],[-111.5152,33.0247],[-111.5155,33.0201],[-111.5198,33.0202],[-111.52,33.0052],[-111.5177,32.9915],[-111.4815,32.9915],[-111.4807,32.9665],[-111.4409,32.9662],[-111.4391,32.9684],[-111.4519,32.9783],[-111.4612,32.9934],[-111.4707,33.0003],[-111.4696,33.0079],[-111.4704,33.0098],[-111.4673,33.0073],[-111.4629,33.0074],[-111.4614,33.0041],[-111.4408,33.0038],[-111.4332,33.0014],[-111.4255,32.9958],[-111.4173,32.9955],[-111.4172,32.9998],[-111.4198,33.0043],[-111.4256,33.0084],[-111.4261,33.0108],[-111.429,33.0116],[-111.4287,33.0133],[-111.4305,33.0167],[-111.431,33.031],[-111.4376,33.0329],[-111.4326,33.038],[-111.4353,33.0471],[-111.4321,33.0518],[-111.4305,33.0584],[-111.4271,33.0592],[-111.4248,33.0629],[-111.4178,33.0658],[-111.4169,33.069],[-111.4147,33.0698],[-111.4113,33.0739],[-111.4105,33.0846],[-111.4052,33.0882],[-111.4034,33.0926],[-111.3977,33.096],[-111.3942,33.1003]]]}},{"type":"Feature","properties":{"huc12":"150501000807","name":"Double Knolls-Roosevelt Canal"},"geometry":{"type":"Polygon","coordinates":[[[-111.7013,33.4573],[-111.7187,33.4601],[-111.7189,33.4664],[-111.7277,33.4711],[-111.7298,33.4765],[-111.7444,33.4774],[-111.748,33.4768],[-111.7493,33.4754],[-111.7443,33.4658],[-111.7378,33.4453],[-111.7242,33.4207],[-111.7112,33.4062],[-111.7087,33.3978],[-111.7027,33.3907],[-111.6962,33.3769],[-111.6929,33.3747],[-111.688,33.3637],[-111.6844,33.3588],[-111.6822,33.3512],[-111.6812,33.3372],[-111.6829,33.3308],[-111.6754,33.3302],[-111.6562,33.3311],[-111.645,33.3348],[-111.634,33.3349],[-111.614,33.3375],[-111.6119,33.34],[-111.6097,33.3478],[-111.6034,33.3502],[-111.5865,33.3523],[-111.572,33.3513],[-111.5666,33.3532],[-111.5596,33.3537],[-111.5485,33.3579],[-111.551,33.3617],[-111.5609,33.3657],[-111.5612,33.377],[-111.5432,33.3981],[-111.5413,33.4029],[-111.5309,33.411],[-111.5255,33.4192],[-111.5261,33.4289],[-111.5132,33.4401],[-111.5111,33.4442],[-111.5287,33.4316],[-111.5336,33.4332],[-111.5386,33.4316],[-111.5519,33.4414],[-111.5611,33.4392],[-111.5676,33.4434],[-111.5807,33.445],[-111.581,33.4432],[-111.5838,33.4411],[-111.5948,33.4394],[-111.5957,33.441],[-111.6185,33.4408],[-111.6223,33.4432],[-111.6402,33.4327],[-111.6569,33.4413],[-111.6716,33.454],[-111.6757,33.4594],[-111.6927,33.4591],[-111.6932,33.458],[-111.7013,33.4573]]]}},{"type":"Feature","properties":{"huc12":"150501000802","name":"Apache Land Tank-Rittenhouse Dam"},"geometry":{"type":"Polygon","coordinates":[[[-111.3471,33.4324],[-111.3576,33.4313],[-111.3583,33.429],[-111.3562,33.4269],[-111.3566,33.4257],[-111.3588,33.4268],[-111.362,33.4256],[-111.3656,33.4269],[-111.368,33.4257],[-111.3644,33.4213],[-111.3627,33.4164],[-111.3529,33.4123],[-111.3465,33.4065],[-111.3466,33.4011],[-111.3443,33.3985],[-111.3444,33.3967],[-111.3424,33.3956],[-111.3423,33.393],[-111.3462,33.3904],[-111.3467,33.3833],[-111.3499,33.3817],[-111.3501,33.3789],[-111.3521,33.3786],[-111.3601,33.3719],[-111.3542,33.3695],[-111.3545,33.3632],[-111.3531,33.3591],[-111.3583,33.3538],[-111.3579,33.3495],[-111.3608,33.3472],[-111.3594,33.3447],[-111.3642,33.3403],[-111.3672,33.3331],[-111.3792,33.3309],[-111.3934,33.3256],[-111.3982,33.3263],[-111.421,33.3174],[-111.4411,33.3145],[-111.4575,33.306],[-111.465,33.2999],[-111.4812,33.2933],[-111.4967,33.2925],[-111.5066,33.2894],[-111.5019,33.2782],[-111.5015,33.2678],[-111.4982,33.255],[-111.4947,33.2523],[-111.4854,33.2531],[-111.4832,33.2506],[-111.4523,33.2545],[-111.4449,33.2581],[-111.4347,33.2596],[-111.4291,33.2622],[-111.4251,33.2624],[-111.4235,33.264],[-111.4104,33.2649],[-111.3921,33.2742],[-111.3807,33.2759],[-111.3726,33.28],[-111.3621,33.2822],[-111.3569,33.2865],[-111.349,33.29],[-111.3472,33.2923],[-111.3335,33.294],[-111.3257,33.2969],[-111.3197,33.3016],[-111.3192,33.3038],[-111.3172,33.3043],[-111.3169,33.3067],[-111.3204,33.3096],[-111.323,33.3155],[-111.3227,33.317],[-111.3204,33.3172],[-111.3193,33.3202],[-111.3176,33.321],[-111.3217,33.3227],[-111.3204,33.3282],[-111.3144,33.3334],[-111.3137,33.3359],[-111.3201,33.3409],[-111.3336,33.3469],[-111.3315,33.3581],[-111.3335,33.3638],[-111.3297,33.366],[-111.3295,33.3759],[-111.3239,33.3838],[-111.3195,33.384],[-111.317,33.3864],[-111.3149,33.3864],[-111.3115,33.3837],[-111.3098,33.3863],[-111.3049,33.3883],[-111.3054,33.3951],[-111.3073,33.3976],[-111.3037,33.4021],[-111.3039,33.4069],[-111.3059,33.4105],[-111.3127,33.4121],[-111.3172,33.4168],[-111.3187,33.4147],[-111.3222,33.4144],[-111.3305,33.4152],[-111.3306,33.4169],[-111.3354,33.4159],[-111.3432,33.4173],[-111.3477,33.4222],[-111.347,33.4245],[-111.3487,33.4302],[-111.3471,33.4324]]]}},{"type":"Feature","properties":{"huc12":"150501000901","name":"Superior Tank"},"geometry":{"type":"Polygon","coordinates":[[[-111.2637,33.2882],[-111.2665,33.2859],[-111.2686,33.2858],[-111.2735,33.2878],[-111.2823,33.288],[-111.2865,33.29],[-111.2879,33.287],[-111.2885,33.2768],[-111.2955,33.2747],[-111.2965,33.2718],[-111.3002,33.2702],[-111.3116,33.2686],[-111.3136,33.2732],[-111.317,33.2729],[-111.3231,33.2662],[-111.324,33.2689],[-111.3286,33.2712],[-111.3288,33.2729],[-111.3354,33.2744],[-111.364,33.2671],[-111.3922,33.2566],[-111.3977,33.2535],[-111.4055,33.2454],[-111.4092,33.235],[-111.4128,33.2317],[-111.4149,33.2276],[-111.4154,33.2227],[-111.4232,33.213],[-111.4357,33.2063],[-111.4506,33.2011],[-111.4547,33.1964],[-111.4679,33.1905],[-111.4775,33.1816],[-111.4862,33.1769],[-111.4915,33.172],[-111.4928,33.1661],[-111.4951,33.1627],[-111.5017,33.1619],[-111.5054,33.1559],[-111.5099,33.1516],[-111.5158,33.1513],[-111.5169,33.15],[-111.502,33.1346],[-111.4984,33.133],[-111.3704,33.2146],[-111.3459,33.2196],[-111.3441,33.225],[-111.3167,33.2333],[-111.314,33.2354],[-111.2916,33.2397],[-111.2842,33.2396],[-111.2703,33.2435],[-111.2562,33.241],[-111.2491,33.243],[-111.2417,33.243],[-111.2359,33.2446],[-111.2282,33.2507],[-111.2222,33.2533],[-111.2219,33.2549],[-111.2238,33.2567],[-111.2264,33.2567],[-111.2291,33.2618],[-111.2297,33.2645],[-111.2285,33.2691],[-111.2323,33.2706],[-111.2302,33.2747],[-111.235,33.2764],[-111.2435,33.2755],[-111.2456,33.279],[-111.2511,33.2787],[-111.2587,33.2884],[-111.2637,33.2882]]]}},{"type":"Feature","properties":{"huc12":"150501000902","name":"Town of Magma"},"geometry":{"type":"Polygon","coordinates":[[[-111.451,33.2009],[-111.4646,33.198],[-111.4814,33.1915],[-111.4953,33.1903],[-111.5025,33.1872],[-111.5118,33.1899],[-111.5232,33.1888],[-111.5388,33.1894],[-111.5504,33.1852],[-111.5836,33.2198],[-111.6167,33.2195],[-111.6169,33.1987],[-111.618,33.197],[-111.6188,33.1822],[-111.6207,33.1784],[-111.6253,33.1759],[-111.626,33.174],[-111.6322,33.1695],[-111.6399,33.1544],[-111.6448,33.153],[-111.6482,33.1545],[-111.6489,33.1532],[-111.6471,33.1501],[-111.6395,33.1465],[-111.6373,33.148],[-111.6282,33.1497],[-111.6292,33.1462],[-111.6256,33.1436],[-111.6235,33.1389],[-111.6254,33.1347],[-111.6239,33.1325],[-111.6194,33.1315],[-111.6184,33.1295],[-111.6153,33.1293],[-111.611,33.1313],[-111.6096,33.1303],[-111.6052,33.1306],[-111.5998,33.1331],[-111.5983,33.1361],[-111.5891,33.1402],[-111.5797,33.1367],[-111.5715,33.1309],[-111.5668,33.1255],[-111.5632,33.1185],[-111.5608,33.1165],[-111.5597,33.1122],[-111.5575,33.114],[-111.5496,33.115],[-111.5471,33.1166],[-111.5423,33.1123],[-111.5366,33.1127],[-111.5247,33.1075],[-111.5182,33.1007],[-111.5168,33.1051],[-111.5079,33.1186],[-111.4964,33.1275],[-111.4984,33.133],[-111.502,33.1346],[-111.5166,33.1507],[-111.5099,33.1516],[-111.5054,33.1559],[-111.5017,33.1619],[-111.4951,33.1627],[-111.4928,33.1661],[-111.4919,33.1714],[-111.4862,33.1769],[-111.4775,33.1816],[-111.4679,33.1905],[-111.4539,33.1969],[-111.451,33.2009]]]}},{"type":"Feature","properties":{"huc12":"150602030408","name":"Horse Creek"},"geometry":{"type":"Polygon","coordinates":[[[-111.565,34.1027],[-111.5696,34.1061],[-111.573,34.107],[-111.5863,34.1014],[-111.5905,34.097],[-111.5993,34.0968],[-111.6025,34.0979],[-111.6042,34.0948],[-111.6086,34.0954],[-111.6169,34.0908],[-111.6196,34.0917],[-111.6211,34.0905],[-111.6306,34.0902],[-111.6358,34.0925],[-111.6421,34.0926],[-111.6485,34.0849],[-111.6555,34.084],[-111.6587,34.0858],[-111.6663,34.0786],[-111.6714,34.0784],[-111.6797,34.081],[-111.6807,34.0797],[-111.6826,34.08],[-111.6853,34.083],[-111.6902,34.0853],[-111.6969,34.0788],[-111.7059,34.0775],[-111.707,34.0763],[-111.7057,34.0748],[-111.7071,34.0711],[-111.7006,34.0714],[-111.6989,34.0647],[-111.6954,34.0587],[-111.69,34.0586],[-111.6858,34.0563],[-111.6833,34.0503],[-111.6807,34.0478],[-111.6779,34.0482],[-111.6738,34.0451],[-111.675,34.0427],[-111.672,34.04],[-111.6661,34.0401],[-111.6558,34.0439],[-111.6512,34.043],[-111.6501,34.0453],[-111.6359,34.0451],[-111.6337,34.047],[-111.6323,34.0519],[-111.6335,34.0545],[-111.6291,34.0645],[-111.6237,34.0668],[-111.6182,34.0661],[-111.6169,34.0687],[-111.6127,34.0711],[-111.608,34.0708],[-111.6069,34.0766],[-111.5976,34.076],[-111.593,34.0784],[-111.5901,34.0779],[-111.5867,34.08],[-111.5869,34.0827],[-111.5854,34.0843],[-111.5727,34.087],[-111.5671,34.0932],[-111.5672,34.0964],[-111.5642,34.1001],[-111.565,34.1027]]]}},{"type":"Feature","properties":{"huc12":"150602030501","name":"Deadman Creek"},"geometry":{"type":"Polygon","coordinates":[[[-111.5057,34.1359],[-111.5139,34.1335],[-111.517,34.1301],[-111.5213,34.1324],[-111.5275,34.1315],[-111.5238,34.1251],[-111.5239,34.1226],[-111.5249,34.1197],[-111.5306,34.1165],[-111.5336,34.1184],[-111.5351,34.1216],[-111.548,34.1258],[-111.5499,34.122],[-111.5548,34.1205],[-111.5552,34.1125],[-111.5611,34.1095],[-111.5624,34.1045],[-111.565,34.1029],[-111.5642,34.1001],[-111.5672,34.0964],[-111.5671,34.0932],[-111.5723,34.0873],[-111.5854,34.0843],[-111.5869,34.0827],[-111.5867,34.08],[-111.5901,34.0779],[-111.593,34.0784],[-111.5976,34.076],[-111.6069,34.0766],[-111.608,34.0708],[-111.6127,34.0711],[-111.6169,34.0687],[-111.6182,34.0661],[-111.6237,34.0668],[-111.6285,34.0649],[-111.6335,34.0545],[-111.6323,34.0519],[-111.6339,34.0467],[-111.6409,34.0401],[-111.6451,34.0392],[-111.6454,34.0358],[-111.6478,34.0367],[-111.6529,34.0344],[-111.6531,34.0302],[-111.6601,34.0273],[-111.661,34.0254],[-111.6697,34.026],[-111.6716,34.023],[-111.698,34.0129],[-111.7123,34.0037],[-111.721,34.0021],[-111.7232,33.9992],[-111.7173,33.9969],[-111.7125,33.9971],[-111.6951,34.0053],[-111.6801,34.0096],[-111.6766,34.0093],[-111.6745,34.0063],[-111.6725,34.0059],[-111.6707,34.0075],[-111.664,34.0074],[-111.6611,34.011],[-111.6572,34.0121],[-111.6561,34.0142],[-111.6515,34.0129],[-111.6479,34.0135],[-111.6446,34.0205],[-111.6388,34.0192],[-111.6281,34.0214],[-111.6262,34.0204],[-111.6235,34.0228],[-111.6207,34.0231],[-111.6199,34.0274],[-111.6159,34.0283],[-111.6129,34.0306],[-111.6096,34.0303],[-111.6061,34.0316],[-111.6043,34.0335],[-111.6047,34.0377],[-111.5933,34.0392],[-111.5902,34.0437],[-111.5907,34.0485],[-111.5873,34.051],[-111.5781,34.0504],[-111.5708,34.0536],[-111.5644,34.0547],[-111.564,34.0563],[-111.5605,34.058],[-111.56,34.06],[-111.5556,34.0616],[-111.5527,34.0646],[-111.5442,34.064],[-111.5421,34.0659],[-111.5345,34.0662],[-111.525,34.0703],[-111.5193,34.0648],[-111.518,34.0559],[-111.5132,34.054],[-111.5103,34.0547],[-111.5033,34.0508],[-111.4987,34.0472],[-111.4968,34.0431],[-111.4935,34.0404],[-111.4932,34.038],[-111.4867,34.0358],[-111.4837,34.0401],[-111.4808,34.0406],[-111.4793,34.0396],[-111.4729,34.0416],[-111.4688,34.0477],[-111.4726,34.0544],[-111.4727,34.0581],[-111.4688,34.0596],[-111.4629,34.0594],[-111.4613,34.0661],[-111.4647,34.0694],[-111.4645,34.0724],[-111.4789,34.0836],[-111.4781,34.087],[-111.4814,34.09],[-111.4821,34.0926],[-111.4862,34.0952],[-111.4834,34.0993],[-111.4796,34.101],[-111.479,34.1034],[-111.476,34.1052],[-111.472,34.1103],[-111.4718,34.1122],[-111.4749,34.115],[-111.4752,34.1187],[-111.4801,34.1189],[-111.4814,34.12],[-111.4821,34.1248],[-111.4796,34.1297],[-111.4807,34.131],[-111.492,34.1309],[-111.4936,34.134],[-111.5057,34.1359]]]}},{"type":"Feature","properties":{"huc12":"150602030502","name":"Lime Creek"},"geometry":{"type":"Polygon","coordinates":[[[-111.7756,34.0705],[-111.777,34.0711],[-111.7792,34.076],[-111.7762,34.0831],[-111.7808,34.0863],[-111.782,34.0933],[-111.7949,34.1092],[-111.8027,34.1087],[-111.8076,34.107],[-111.8186,34.1103],[-111.8199,34.1146],[-111.8303,34.1109],[-111.8403,34.1114],[-111.8575,34.101],[-111.8615,34.0993],[-111.8697,34.099],[-111.8723,34.0962],[-111.8741,34.097],[-111.8766,34.0961],[-111.884,34.1001],[-111.8856,34.1031],[-111.8877,34.1037],[-111.8905,34.102],[-111.8918,34.0945],[-111.8951,34.0941],[-111.9005,34.09],[-111.8994,34.0868],[-111.8873,34.0815],[-111.8852,34.0621],[-111.8798,34.0576],[-111.8782,34.052],[-111.8752,34.0488],[-111.8686,34.0531],[-111.8675,34.0558],[-111.8631,34.0571],[-111.8595,34.0545],[-111.8595,34.0509],[-111.8577,34.0475],[-111.8531,34.0479],[-111.8499,34.0467],[-111.846,34.0476],[-111.8469,34.0447],[-111.8448,34.042],[-111.846,34.0403],[-111.8456,34.0366],[-111.8435,34.0344],[-111.843,34.0311],[-111.8403,34.0301],[-111.8398,34.027],[-111.8349,34.0235],[-111.8338,34.0187],[-111.8226,34.0086],[-111.822,34.0057],[-111.8182,34.0017],[-111.8153,33.9951],[-111.8126,33.9944],[-111.8119,33.991],[-111.8074,33.9863],[-111.8053,33.9846],[-111.8001,33.9838],[-111.798,33.9812],[-111.7937,33.9806],[-111.7935,33.9776],[-111.7961,33.9755],[-111.7923,33.9693],[-111.7857,33.9673],[-111.7702,33.969],[-111.765,33.9776],[-111.7598,33.9805],[-111.7479,33.9789],[-111.7413,33.9809],[-111.7376,33.9795],[-111.735,33.9827],[-111.732,33.9834],[-111.732,33.9849],[-111.7284,33.9868],[-111.7229,33.9928],[-111.7245,33.9937],[-111.7357,33.9918],[-111.7407,33.9968],[-111.7457,33.9967],[-111.7521,33.9989],[-111.7553,33.9983],[-111.762,34.006],[-111.7661,34.0087],[-111.7646,34.0142],[-111.7664,34.0177],[-111.7702,34.019],[-111.775,34.0241],[-111.7737,34.027],[-111.7776,34.0333],[-111.7794,34.0389],[-111.7768,34.0406],[-111.7717,34.0397],[-111.766,34.0423],[-111.7671,34.0446],[-111.7666,34.0508],[-111.7745,34.0594],[-111.7773,34.0641],[-111.7775,34.0667],[-111.7758,34.0679],[-111.7756,34.0705]]]}},{"type":"Feature","properties":{"huc12":"150601060110","name":"Cottonwood Creek"},"geometry":{"type":"Polygon","coordinates":[[[-111.3652,33.7426],[-111.3724,33.7455],[-111.3731,33.7493],[-111.3802,33.7488],[-111.3808,33.745],[-111.3844,33.7389],[-111.3837,33.7348],[-111.3857,33.7312],[-111.3884,33.7304],[-111.3882,33.7278],[-111.3916,33.7253],[-111.3951,33.7265],[-111.4032,33.7177],[-111.4079,33.7164],[-111.4098,33.7143],[-111.414,33.7138],[-111.4151,33.7083],[-111.4176,33.7071],[-111.4162,33.7044],[-111.4182,33.7019],[-111.4181,33.6993],[-111.421,33.6956],[-111.425,33.6941],[-111.4278,33.6905],[-111.4349,33.6855],[-111.4451,33.6849],[-111.452,33.677],[-111.4624,33.6804],[-111.4705,33.6799],[-111.4684,33.6766],[-111.4701,33.6753],[-111.474,33.6669],[-111.4723,33.664],[-111.475,33.659],[-111.474,33.6568],[-111.4782,33.6529],[-111.4799,33.6399],[-111.4752,33.6249],[-111.4707,33.6218],[-111.4701,33.6201],[-111.4654,33.6183],[-111.4629,33.615],[-111.4628,33.6083],[-111.459,33.6018],[-111.4591,33.597],[-111.4619,33.5936],[-111.4643,33.5865],[-111.4624,33.5789],[-111.4636,33.5775],[-111.4628,33.5731],[-111.4686,33.5734],[-111.4738,33.5717],[-111.4738,33.5664],[-111.4703,33.5652],[-111.4667,33.5667],[-111.4615,33.5652],[-111.4561,33.5662],[-111.4502,33.5619],[-111.4404,33.5606],[-111.4363,33.5652],[-111.436,33.5698],[-111.4294,33.5761],[-111.4299,33.5786],[-111.4185,33.5806],[-111.417,33.5788],[-111.4179,33.5781],[-111.4171,33.5761],[-111.4102,33.5757],[-111.4066,33.5741],[-111.3993,33.575],[-111.3985,33.5779],[-111.395,33.5791],[-111.394,33.5808],[-111.3942,33.5832],[-111.3992,33.5904],[-111.4124,33.5947],[-111.4157,33.593],[-111.419,33.5931],[-111.4216,33.5898],[-111.4258,33.5898],[-111.4286,33.5878],[-111.437,33.5863],[-111.4393,33.5879],[-111.4395,33.5909],[-111.4421,33.5915],[-111.4379,33.5998],[-111.4349,33.6004],[-111.4336,33.6045],[-111.4288,33.6083],[-111.4233,33.6155],[-111.4202,33.617],[-111.4179,33.6204],[-111.4182,33.6247],[-111.4147,33.6268],[-111.4139,33.6299],[-111.4104,33.633],[-111.3986,33.6375],[-111.3976,33.6411],[-111.3927,33.6449],[-111.3876,33.6462],[-111.3801,33.6524],[-111.3765,33.6545],[-111.3746,33.6542],[-111.3726,33.6563],[-111.3578,33.6598],[-111.3512,33.6586],[-111.3452,33.6591],[-111.3427,33.6577],[-111.3323,33.66],[-111.3254,33.6636],[-111.3298,33.674],[-111.3256,33.6843],[-111.3314,33.6885],[-111.3336,33.692],[-111.3344,33.6971],[-111.3382,33.7027],[-111.337,33.7089],[-111.3385,33.7159],[-111.3363,33.7204],[-111.3434,33.7248],[-111.3442,33.7273],[-111.347,33.7297],[-111.3544,33.7333],[-111.3558,33.738],[-111.3582,33.7404],[-111.3652,33.7426]]]}},{"type":"Feature","properties":{"huc12":"150601060304","name":"City of Mesa"},"geometry":{"type":"Polygon","coordinates":[[[-111.7482,33.4734],[-111.7493,33.4754],[-111.7543,33.4706],[-111.7608,33.4669],[-111.7805,33.4665],[-111.7873,33.4634],[-111.7897,33.4605],[-111.7704,33.4432],[-111.7546,33.4197],[-111.756,33.4154],[-111.8393,33.4125],[-111.8573,33.4151],[-111.8754,33.4149],[-111.8779,33.4203],[-111.8758,33.4239],[-111.877,33.4251],[-111.8768,33.4294],[-111.8837,33.4323],[-111.8903,33.437],[-111.8921,33.4369],[-111.8929,33.4225],[-111.8977,33.4219],[-111.8988,33.4202],[-111.8962,33.4193],[-111.896,33.4168],[-111.8928,33.4148],[-111.8939,33.4018],[-111.8919,33.3903],[-111.8945,33.3566],[-111.7736,33.3573],[-111.7734,33.3617],[-111.7677,33.3727],[-111.7677,33.3861],[-111.7013,33.3863],[-111.7027,33.3907],[-111.7091,33.3986],[-111.7112,33.4062],[-111.7242,33.4207],[-111.7378,33.4453],[-111.7443,33.4658],[-111.7482,33.4734]]]}},{"type":"Feature","properties":{"huc12":"150601060306","name":"City of Phoenix-Salt River"},"geometry":{"type":"Polygon","coordinates":[[[-112.0986,33.5716],[-112.1075,33.5733],[-112.1113,33.5714],[-112.1172,33.5713],[-112.1177,33.5673],[-112.1206,33.5638],[-112.1236,33.5564],[-112.1241,33.5383],[-112.1226,33.5285],[-112.123,33.5186],[-112.1242,33.515],[-112.1243,33.4962],[-112.12,33.4914],[-112.1198,33.4844],[-112.1173,33.4797],[-112.1172,33.4767],[-112.1205,33.473],[-112.1235,33.4661],[-112.1177,33.4629],[-112.126,33.4624],[-112.1263,33.4586],[-112.1344,33.4586],[-112.1389,33.4567],[-112.139,33.4515],[-112.1362,33.4498],[-112.1358,33.4467],[-112.1432,33.4404],[-112.1435,33.4116],[-112.1422,33.4077],[-112.1358,33.4044],[-112.1256,33.3938],[-112.1055,33.3772],[-112.0866,33.3705],[-112.0841,33.3682],[-112.0835,33.3656],[-112.0677,33.3552],[-112.065,33.3516],[-112.0659,33.348],[-112.0643,33.3457],[-112.058,33.3442],[-112.0597,33.3348],[-112.055,33.3376],[-112.0495,33.339],[-112.0478,33.3426],[-112.0432,33.3421],[-112.04,33.3434],[-112.0359,33.3423],[-112.0312,33.3451],[-112.0281,33.3452],[-112.0217,33.3497],[-112.0157,33.3511],[-112.0069,33.3576],[-111.9934,33.3587],[-111.9789,33.3644],[-111.972,33.3605],[-111.9567,33.3586],[-111.9571,33.3563],[-111.8945,33.3566],[-111.892,33.3938],[-111.9034,33.3966],[-111.9101,33.3968],[-111.9158,33.399],[-111.9263,33.4074],[-111.9285,33.4151],[-111.9402,33.4217],[-111.9458,33.4223],[-111.9488,33.4266],[-111.9483,33.4352],[-111.941,33.4396],[-111.9387,33.4439],[-111.9403,33.4482],[-111.9395,33.45],[-111.9427,33.4548],[-111.9382,33.4673],[-111.9544,33.467],[-111.9564,33.4684],[-111.9545,33.4703],[-111.9553,33.4729],[-111.9488,33.4731],[-111.9482,33.4759],[-111.9508,33.4812],[-111.9466,33.4874],[-111.9477,33.5018],[-111.9525,33.5102],[-111.9693,33.5181],[-111.9742,33.5165],[-111.9804,33.5186],[-111.981,33.5163],[-111.9865,33.5149],[-111.989,33.5114],[-111.9932,33.5091],[-112.0016,33.5144],[-112.014,33.5189],[-112.0191,33.5222],[-112.0294,33.524],[-112.0305,33.5257],[-112.0366,33.5288],[-112.0496,33.543],[-112.0574,33.5461],[-112.0618,33.5517],[-112.0617,33.5551],[-112.0628,33.5566],[-112.0727,33.5604],[-112.0801,33.5677],[-112.0986,33.5716]]]}},{"type":"Feature","properties":{"huc12":"150601060202","name":"Upper Indian Bend Wash"},"geometry":{"type":"Polygon","coordinates":[[[-111.909,33.6353],[-111.944,33.6426],[-111.9612,33.6516],[-111.9979,33.6636],[-112.004,33.6497],[-112.0156,33.6372],[-112.0218,33.6326],[-112.0261,33.6246],[-112.0262,33.6149],[-112.0284,33.6126],[-112.028,33.6096],[-112.0299,33.608],[-112.0323,33.6091],[-112.044,33.6057],[-112.0431,33.6009],[-112.0463,33.598],[-112.0447,33.5971],[-112.0423,33.5979],[-112.041,33.5964],[-112.0389,33.5973],[-112.0353,33.5938],[-112.0369,33.5896],[-112.0394,33.5881],[-112.0389,33.5859],[-112.0408,33.5851],[-112.0428,33.5815],[-112.0379,33.5775],[-112.0355,33.5783],[-112.025,33.5736],[-112.0178,33.5728],[-112.0145,33.564],[-112.0112,33.5627],[-112.0134,33.5608],[-112.0141,33.557],[-112.0199,33.5517],[-112.021,33.5473],[-112.0175,33.549],[-112.0145,33.5485],[-112.0084,33.5443],[-112.009,33.543],[-112.004,33.5427],[-111.9967,33.5474],[-111.9946,33.5519],[-111.9915,33.5536],[-111.9899,33.5533],[-111.9869,33.5497],[-111.9824,33.5483],[-111.9816,33.5446],[-111.9732,33.5417],[-111.97,33.5451],[-111.965,33.5427],[-111.9618,33.5428],[-111.9596,33.5472],[-111.9578,33.5484],[-111.953,33.5448],[-111.9472,33.5457],[-111.9387,33.5558],[-111.9388,33.5721],[-111.9345,33.5723],[-111.9344,33.5745],[-111.9232,33.575],[-111.9216,33.5854],[-111.9193,33.5893],[-111.92,33.5933],[-111.9189,33.5965],[-111.919,33.6054],[-111.9129,33.6207],[-111.908,33.625],[-111.9093,33.6289],[-111.909,33.6353]]]}},{"type":"Feature","properties":{"huc12":"150601060112","name":"Jones Canyon"},"geometry":{"type":"Polygon","coordinates":[[[-111.474,33.6669],[-111.4793,33.6667],[-111.4875,33.6703],[-111.4964,33.6691],[-111.5026,33.6665],[-111.5092,33.6664],[-111.5131,33.6677],[-111.5163,33.6707],[-111.5176,33.6704],[-111.5205,33.6648],[-111.5238,33.6627],[-111.5263,33.6589],[-111.5284,33.6539],[-111.5281,33.6505],[-111.5356,33.6394],[-111.5363,33.6349],[-111.5381,33.6322],[-111.5361,33.6295],[-111.5381,33.6205],[-111.542,33.614],[-111.5499,33.6103],[-111.5529,33.6032],[-111.556,33.6005],[-111.5554,33.5954],[-111.5539,33.5932],[-111.5547,33.5883],[-111.557,33.588],[-111.5583,33.5848],[-111.5563,33.58],[-111.5522,33.5823],[-111.5517,33.5843],[-111.5438,33.5841],[-111.5395,33.5827],[-111.5384,33.5807],[-111.5348,33.5801],[-111.5329,33.5779],[-111.5246,33.5764],[-111.5213,33.5746],[-111.5172,33.5746],[-111.5174,33.5696],[-111.5116,33.5685],[-111.5056,33.5714],[-111.5048,33.5734],[-111.5002,33.5748],[-111.4992,33.5768],[-111.5011,33.5785],[-111.501,33.5844],[-111.5052,33.5912],[-111.4908,33.6195],[-111.4841,33.6283],[-111.481,33.6457],[-111.4788,33.6486],[-111.4782,33.6529],[-111.474,33.6568],[-111.475,33.659],[-111.4722,33.6649],[-111.474,33.6669]]]}},{"type":"Feature","properties":{"huc12":"150601060203","name":"McDowell Mountains"},"geometry":{"type":"Polygon","coordinates":[[[-111.7919,33.6305],[-111.7972,33.628],[-111.8066,33.6288],[-111.8128,33.6252],[-111.8162,33.6248],[-111.8175,33.623],[-111.8269,33.6181],[-111.8277,33.6155],[-111.8267,33.6128],[-111.8289,33.6113],[-111.8314,33.6113],[-111.8365,33.6084],[-111.8419,33.6098],[-111.8506,33.6031],[-111.8529,33.6036],[-111.8581,33.6119],[-111.8645,33.6082],[-111.8662,33.6007],[-111.8715,33.6006],[-111.874,33.5968],[-111.8741,33.5825],[-111.8807,33.5786],[-111.8866,33.5726],[-111.8913,33.5638],[-111.8912,33.5315],[-111.8877,33.5295],[-111.8704,33.5276],[-111.8617,33.5251],[-111.8444,33.5147],[-111.8174,33.5045],[-111.8068,33.5031],[-111.8053,33.5051],[-111.8065,33.506],[-111.8066,33.5137],[-111.8048,33.5188],[-111.8047,33.5326],[-111.8008,33.5394],[-111.7996,33.5527],[-111.7955,33.5652],[-111.7996,33.5661],[-111.8054,33.5719],[-111.7957,33.5793],[-111.791,33.5876],[-111.7873,33.6039],[-111.7915,33.6095],[-111.7894,33.6164],[-111.7912,33.6184],[-111.7907,33.62],[-111.7928,33.6263],[-111.7919,33.6305]]]}},{"type":"Feature","properties":{"huc12":"150601060204","name":"Lower Indian Bend Wash"},"geometry":{"type":"Polygon","coordinates":[[[-111.8581,33.6119],[-111.8719,33.6277],[-111.909,33.6353],[-111.9093,33.6289],[-111.908,33.625],[-111.9129,33.6207],[-111.919,33.6054],[-111.9189,33.5965],[-111.92,33.5933],[-111.9193,33.5893],[-111.9216,33.5854],[-111.9232,33.575],[-111.9344,33.5745],[-111.9345,33.5723],[-111.9388,33.5721],[-111.9387,33.5558],[-111.9466,33.5461],[-111.953,33.5448],[-111.9578,33.5484],[-111.9613,33.5445],[-111.9614,33.5431],[-111.9583,33.5415],[-111.9576,33.5369],[-111.9586,33.5159],[-111.9599,33.5141],[-111.9525,33.5102],[-111.948,33.5025],[-111.9465,33.4903],[-111.9471,33.4861],[-111.9508,33.4812],[-111.9482,33.4759],[-111.9488,33.4731],[-111.9553,33.4729],[-111.9545,33.4703],[-111.9564,33.4684],[-111.9544,33.467],[-111.9382,33.4674],[-111.9394,33.4633],[-111.9385,33.4612],[-111.9358,33.4582],[-111.9317,33.4583],[-111.9272,33.4559],[-111.9247,33.4464],[-111.92,33.4403],[-111.9168,33.4399],[-111.9199,33.4344],[-111.9174,33.4347],[-111.9143,33.44],[-111.9072,33.4408],[-111.9028,33.4458],[-111.9005,33.4511],[-111.9005,33.4584],[-111.8975,33.4584],[-111.8947,33.4624],[-111.892,33.4625],[-111.8916,33.4748],[-111.8827,33.4844],[-111.8826,33.4876],[-111.8745,33.4878],[-111.874,33.5278],[-111.8877,33.5295],[-111.8915,33.5319],[-111.8913,33.5638],[-111.8866,33.5726],[-111.8807,33.5786],[-111.8741,33.5825],[-111.874,33.5968],[-111.8727,33.5996],[-111.8662,33.6007],[-111.8648,33.6079],[-111.8581,33.6119]]]}},{"type":"Feature","properties":{"huc12":"150601060302","name":"Bulldog Canyon-Salt River"},"geometry":{"type":"Polygon","coordinates":[[[-111.5263,33.6589],[-111.5335,33.6516],[-111.5358,33.6438],[-111.5431,33.6396],[-111.5499,33.6391],[-111.5547,33.6366],[-111.5647,33.637],[-111.5701,33.6323],[-111.5787,33.6302],[-111.5821,33.6327],[-111.5823,33.6354],[-111.5858,33.6371],[-111.5847,33.6323],[-111.587,33.6304],[-111.5887,33.6326],[-111.5972,33.6304],[-111.5988,33.6254],[-111.603,33.6209],[-111.6062,33.6145],[-111.6072,33.6102],[-111.6057,33.6064],[-111.608,33.5958],[-111.6148,33.5932],[-111.6188,33.59],[-111.6262,33.5812],[-111.6268,33.5779],[-111.6296,33.5768],[-111.6295,33.5745],[-111.6457,33.5713],[-111.6487,33.5679],[-111.6511,33.5679],[-111.654,33.5658],[-111.6562,33.5614],[-111.655,33.5552],[-111.6608,33.5467],[-111.6668,33.5497],[-111.6766,33.551],[-111.6818,33.5503],[-111.683,33.5483],[-111.6847,33.5489],[-111.6881,33.5456],[-111.6916,33.546],[-111.6937,33.5444],[-111.694,33.541],[-111.6922,33.5387],[-111.6928,33.5372],[-111.6851,33.5331],[-111.6864,33.5317],[-111.686,33.5297],[-111.6886,33.5269],[-111.6894,33.5185],[-111.6918,33.5172],[-111.6888,33.5059],[-111.6838,33.5047],[-111.6807,33.5023],[-111.6797,33.5033],[-111.6786,33.4991],[-111.6776,33.4984],[-111.6765,33.5001],[-111.6754,33.4978],[-111.6708,33.4965],[-111.6638,33.4976],[-111.6601,33.497],[-111.657,33.4948],[-111.6533,33.4964],[-111.651,33.4993],[-111.6422,33.5022],[-111.6406,33.5004],[-111.6366,33.5004],[-111.6255,33.4953],[-111.6139,33.4933],[-111.6056,33.4938],[-111.6026,33.492],[-111.6001,33.4926],[-111.5989,33.4921],[-111.5969,33.486],[-111.5886,33.4826],[-111.5826,33.4844],[-111.5777,33.4814],[-111.5712,33.4833],[-111.5661,33.4767],[-111.5585,33.4715],[-111.5496,33.4743],[-111.548,33.4769],[-111.544,33.4717],[-111.5417,33.4765],[-111.5396,33.4772],[-111.5396,33.4803],[-111.5354,33.4813],[-111.5282,33.4795],[-111.5228,33.4752],[-111.5168,33.4825],[-111.5202,33.4873],[-111.5244,33.4883],[-111.5256,33.4968],[-111.5297,33.4966],[-111.535,33.498],[-111.5369,33.5002],[-111.5439,33.5017],[-111.5475,33.505],[-111.5469,33.5068],[-111.5485,33.5094],[-111.5428,33.5123],[-111.5419,33.515],[-111.5443,33.5192],[-111.5379,33.5212],[-111.5307,33.5292],[-111.5274,33.5275],[-111.5247,33.5281],[-111.521,33.5313],[-111.5169,33.5317],[-111.5138,33.5351],[-111.5161,33.5367],[-111.5149,33.5405],[-111.5177,33.5443],[-111.5168,33.5466],[-111.5184,33.5482],[-111.518,33.5511],[-111.5242,33.5569],[-111.5244,33.5626],[-111.5311,33.5676],[-111.5413,33.5656],[-111.5424,33.569],[-111.5507,33.5709],[-111.5584,33.5841],[-111.5572,33.5878],[-111.5546,33.5886],[-111.5539,33.5934],[-111.5554,33.5954],[-111.5559,33.6007],[-111.5529,33.6032],[-111.5499,33.6103],[-111.542,33.614],[-111.5381,33.6205],[-111.5361,33.6295],[-111.538,33.6324],[-111.5363,33.6349],[-111.5355,33.6395],[-111.5281,33.6505],[-111.5284,33.6539],[-111.5263,33.6589]]]}},{"type":"Feature","properties":{"huc12":"150601060303","name":"Sawik Mountain"},"geometry":{"type":"Polygon","coordinates":[[[-111.7634,33.6055],[-111.7662,33.6081],[-111.7692,33.6079],[-111.7724,33.6057],[-111.7757,33.6098],[-111.782,33.61],[-111.7844,33.6145],[-111.7862,33.6156],[-111.7894,33.6164],[-111.7905,33.6142],[-111.7915,33.6094],[-111.7873,33.604],[-111.791,33.5876],[-111.7957,33.5793],[-111.8054,33.5719],[-111.7996,33.5661],[-111.7955,33.5652],[-111.7996,33.5527],[-111.8008,33.5394],[-111.8047,33.5326],[-111.8064,33.5056],[-111.8029,33.5064],[-111.7998,33.5046],[-111.7939,33.5047],[-111.7858,33.5086],[-111.7832,33.5112],[-111.7792,33.5112],[-111.7759,33.5133],[-111.7648,33.5107],[-111.7582,33.5164],[-111.7412,33.5086],[-111.7271,33.5084],[-111.7121,33.5114],[-111.7071,33.5109],[-111.6985,33.5161],[-111.6894,33.5184],[-111.6886,33.5269],[-111.686,33.5297],[-111.6864,33.5317],[-111.6851,33.5331],[-111.6906,33.5352],[-111.6928,33.5372],[-111.6924,33.5395],[-111.694,33.541],[-111.7001,33.543],[-111.7041,33.547],[-111.7017,33.5496],[-111.7048,33.5571],[-111.7119,33.558],[-111.7114,33.5592],[-111.7146,33.5635],[-111.7165,33.5642],[-111.7159,33.5664],[-111.7185,33.5686],[-111.7282,33.5722],[-111.729,33.5742],[-111.7353,33.5695],[-111.7424,33.5701],[-111.7451,33.5723],[-111.7456,33.5756],[-111.7484,33.5782],[-111.7526,33.5773],[-111.7548,33.5798],[-111.7571,33.5798],[-111.7596,33.5862],[-111.7626,33.5884],[-111.7633,33.597],[-111.7616,33.6004],[-111.7634,33.6055]]]}},{"type":"Feature","properties":{"huc12":"150601060307","name":"Town of Santa Maria-Salt River"},"geometry":{"type":"Polygon","coordinates":[[[-112.186,33.4637],[-112.1867,33.4483],[-112.1893,33.4454],[-112.1918,33.4442],[-112.221,33.4443],[-112.221,33.4267],[-112.2238,33.4229],[-112.2299,33.4217],[-112.2356,33.4169],[-112.2463,33.4111],[-112.2521,33.4104],[-112.2627,33.4066],[-112.2723,33.4064],[-112.2722,33.3923],[-112.3011,33.3917],[-112.3035,33.3813],[-112.2886,33.3785],[-112.2855,33.3763],[-112.2728,33.3773],[-112.2656,33.3767],[-112.249,33.3683],[-112.2277,33.36],[-112.2106,33.3626],[-112.1647,33.3629],[-112.1576,33.3628],[-112.1537,33.361],[-112.133,33.3589],[-112.1221,33.3505],[-112.1195,33.3383],[-112.117,33.3349],[-112.1096,33.3403],[-112.1042,33.3414],[-112.1026,33.3362],[-112.0999,33.3353],[-112.0988,33.3304],[-112.0983,33.325],[-112.0998,33.3224],[-112.0949,33.323],[-112.0937,33.3267],[-112.0826,33.33],[-112.0761,33.3265],[-112.0736,33.3274],[-112.0737,33.3299],[-112.0688,33.3306],[-112.0669,33.3327],[-112.0597,33.3348],[-112.058,33.3442],[-112.0643,33.3457],[-112.0659,33.348],[-112.065,33.3516],[-112.0677,33.3552],[-112.0835,33.3656],[-112.0841,33.3682],[-112.0866,33.3705],[-112.1055,33.3772],[-112.1256,33.3938],[-112.1358,33.4044],[-112.1426,33.4083],[-112.1435,33.4116],[-112.1431,33.4409],[-112.1358,33.4467],[-112.1362,33.4498],[-112.139,33.4515],[-112.1389,33.4567],[-112.1344,33.4586],[-112.1263,33.4586],[-112.126,33.4624],[-112.1344,33.4635],[-112.1482,33.4622],[-112.186,33.4637]]]}},{"type":"Feature","properties":{"huc12":"150503030206","name":"North Branch Santa Cruz Wash"},"geometry":{"type":"Polygon","coordinates":[[[-111.7049,33.0185],[-111.7091,33.0119],[-111.713,33.0135],[-111.7178,33.0102],[-111.7249,33.0097],[-111.733,33.0073],[-111.7339,33.0089],[-111.7323,33.0103],[-111.7332,33.0114],[-111.7409,33.0104],[-111.7454,33.0084],[-111.7462,33.0045],[-111.7508,33.0013],[-111.7603,33.0008],[-111.7645,33.0026],[-111.7719,33.0028],[-111.7784,33.0002],[-111.8004,32.9992],[-111.8031,32.9968],[-111.8071,32.9971],[-111.8135,32.9955],[-111.8186,32.9916],[-111.8191,32.9874],[-111.8382,32.9722],[-111.8436,32.9623],[-111.8628,32.9428],[-111.869,32.9461],[-111.8867,32.9384],[-111.8858,32.9231],[-111.8676,32.9068],[-111.861,32.9039],[-111.8473,32.8941],[-111.8255,32.8937],[-111.7916,32.8645],[-111.7915,32.8494],[-111.7864,32.8441],[-111.7836,32.836],[-111.7792,32.8328],[-111.7721,32.8311],[-111.7712,32.8298],[-111.7656,32.8299],[-111.7621,32.8283],[-111.752,32.8184],[-111.7443,32.8052],[-111.7392,32.7929],[-111.7265,32.7816],[-111.7217,32.7802],[-111.7134,32.7813],[-111.7087,32.7838],[-111.7053,32.7884],[-111.7016,32.7891],[-111.6966,32.7949],[-111.6957,32.7993],[-111.6996,32.8025],[-111.7025,32.8021],[-111.7052,32.8033],[-111.7091,32.8146],[-111.6997,32.8157],[-111.6997,32.8171],[-111.6887,32.8213],[-111.6884,32.8784],[-111.69,32.8848],[-111.7052,32.9106],[-111.7051,32.9178],[-111.7049,32.9107],[-111.7031,32.9091],[-111.6932,32.9093],[-111.687,32.9111],[-111.6776,32.9109],[-111.6729,32.9068],[-111.6693,32.906],[-111.667,32.9065],[-111.6678,32.9119],[-111.6662,32.9125],[-111.6681,32.9143],[-111.6677,32.9217],[-111.6688,32.927],[-111.679,32.9455],[-111.6797,32.966],[-111.6777,32.9684],[-111.6742,32.9696],[-111.6736,32.9757],[-111.6704,32.9828],[-111.6712,32.9885],[-111.675,32.9961],[-111.6734,33.0002],[-111.6741,33.0027],[-111.6765,33.0043],[-111.6826,33.0031],[-111.6843,33.0039],[-111.6871,33.0084],[-111.6925,33.0101],[-111.695,33.015],[-111.6944,33.0172],[-111.7007,33.0166],[-111.7049,33.0185]]]}},{"type":"Feature","properties":{"huc12":"150503030405","name":"Antelope Peak-Vekol Wash"},"geometry":{"type":"Polygon","coordinates":[[[-112.1641,32.9443],[-112.1609,32.9473],[-112.1615,32.953],[-112.1582,32.9555],[-112.1631,32.9586],[-112.1637,32.9604],[-112.169,32.9629],[-112.1746,32.9606],[-112.1766,32.9621],[-112.1789,32.9669],[-112.1956,32.9633],[-112.2053,32.9679],[-112.2259,32.9503],[-112.23,32.944],[-112.2382,32.9359],[-112.2504,32.9188],[-112.2524,32.9132],[-112.2469,32.9186],[-112.2462,32.9207],[-112.242,32.9227],[-112.228,32.9381],[-112.2197,32.9403],[-112.2297,32.9265],[-112.2388,32.9193],[-112.241,32.9126],[-112.2456,32.907],[-112.2493,32.899],[-112.2515,32.8983],[-112.2522,32.8939],[-112.2541,32.8919],[-112.2588,32.8781],[-112.2575,32.8762],[-112.2596,32.8721],[-112.2571,32.8587],[-112.2527,32.8504],[-112.255,32.8392],[-112.2539,32.832],[-112.2553,32.8234],[-112.2523,32.8122],[-112.2521,32.8054],[-112.2555,32.7963],[-112.2585,32.7921],[-112.2575,32.7861],[-112.2609,32.7754],[-112.2609,32.7697],[-112.2634,32.76],[-112.2652,32.7574],[-112.2594,32.7584],[-112.2543,32.761],[-112.2439,32.7667],[-112.2399,32.7707],[-112.2129,32.7698],[-112.1991,32.7723],[-112.1829,32.7718],[-112.1798,32.7697],[-112.1814,32.768],[-112.1818,32.7645],[-112.176,32.7639],[-112.1731,32.762],[-112.171,32.7626],[-112.1563,32.7521],[-112.1508,32.7518],[-112.1492,32.7558],[-112.1448,32.7561],[-112.1425,32.7597],[-112.1394,32.7666],[-112.1415,32.7704],[-112.1444,32.7717],[-112.1449,32.7815],[-112.1532,32.783],[-112.1536,32.7854],[-112.1561,32.7866],[-112.1652,32.7873],[-112.1655,32.7939],[-112.1634,32.7957],[-112.1579,32.7965],[-112.1559,32.8103],[-112.1518,32.8185],[-112.1524,32.8225],[-112.1482,32.8248],[-112.1524,32.8284],[-112.1528,32.8314],[-112.1618,32.8356],[-112.1681,32.8434],[-112.1662,32.8486],[-112.1683,32.8551],[-112.1642,32.8595],[-112.1598,32.8592],[-112.1599,32.8614],[-112.1623,32.8646],[-112.1665,32.8643],[-112.1704,32.8659],[-112.1715,32.8692],[-112.1686,32.8726],[-112.1716,32.8763],[-112.1693,32.8791],[-112.1694,32.8809],[-112.1708,32.8827],[-112.1768,32.8846],[-112.1754,32.8882],[-112.1803,32.8953],[-112.1844,32.8957],[-112.1923,32.9],[-112.1965,32.9116],[-112.1951,32.9194],[-112.1909,32.9252],[-112.174,32.9387],[-112.1641,32.9443]]]}},{"type":"Feature","properties":{"huc12":"150503030501","name":"Table Top Mountains"},"geometry":{"type":"Polygon","coordinates":[[[-112.0301,32.9569],[-112.0324,32.9378],[-112.0325,32.9053],[-112.0354,32.9015],[-112.0357,32.8946],[-112.0399,32.8923],[-112.0415,32.8866],[-112.0477,32.8763],[-112.0533,32.8727],[-112.0557,32.8686],[-112.062,32.8632],[-112.0631,32.8609],[-112.0731,32.8543],[-112.0869,32.841],[-112.0943,32.8395],[-112.1077,32.8338],[-112.119,32.8336],[-112.1285,32.825],[-112.1394,32.8199],[-112.1471,32.8085],[-112.1497,32.8033],[-112.15,32.7976],[-112.1468,32.7911],[-112.1442,32.7899],[-112.1458,32.7888],[-112.1465,32.7853],[-112.1446,32.781],[-112.1444,32.7717],[-112.1415,32.7704],[-112.1394,32.7666],[-112.1432,32.7586],[-112.1372,32.7521],[-112.1285,32.7487],[-112.1251,32.7493],[-112.1247,32.7525],[-112.1183,32.7509],[-112.1145,32.7516],[-112.1134,32.7549],[-112.1101,32.7562],[-112.1093,32.7611],[-112.1066,32.7659],[-112.1078,32.7681],[-112.1063,32.7704],[-112.1087,32.7727],[-112.1066,32.7754],[-112.1095,32.7802],[-112.1068,32.7843],[-112.1002,32.7882],[-112.0954,32.7971],[-112.0904,32.7963],[-112.0877,32.7974],[-112.0718,32.8131],[-112.0593,32.8192],[-112.0462,32.8225],[-112.0426,32.8248],[-112.0363,32.8324],[-112.0323,32.8441],[-112.0319,32.8501],[-112.028,32.8502],[-112.0253,32.8574],[-112.0198,32.8648],[-112.0152,32.865],[-112.0077,32.8728],[-111.9987,32.8793],[-111.9723,32.8793],[-111.9724,32.885],[-111.9767,32.8906],[-111.9753,32.8978],[-111.9812,32.9119],[-111.9815,32.9194],[-111.9865,32.9232],[-111.9868,32.928],[-111.9929,32.934],[-111.9926,32.9377],[-111.9982,32.95],[-111.9993,32.9548],[-112.0301,32.9569]]]}},{"type":"Feature","properties":{"huc12":"150503030505","name":"Hidden Valley-Vekol Wash"},"geometry":{"type":"Polygon","coordinates":[[[-112.0791,33.0468],[-112.0852,33.0613],[-112.0861,33.0666],[-112.0921,33.0674],[-112.0974,33.0667],[-112.0988,33.0655],[-112.1025,33.0584],[-112.1018,33.0524],[-112.104,33.0398],[-112.1069,33.0351],[-112.1146,33.0279],[-112.1142,33.0161],[-112.1167,32.9978],[-112.1195,32.9952],[-112.1256,32.993],[-112.1306,32.9946],[-112.1358,32.9938],[-112.1389,32.9956],[-112.1428,32.9945],[-112.1461,32.9956],[-112.1477,32.9988],[-112.1534,32.9971],[-112.158,32.9986],[-112.1584,33.0011],[-112.1635,33.0061],[-112.1641,33.0138],[-112.1693,33.0192],[-112.1734,33.0208],[-112.1734,33.0166],[-112.1759,33.0167],[-112.1778,33.0148],[-112.1897,33.0113],[-112.1964,33.0077],[-112.2047,33.0072],[-112.2153,32.9942],[-112.2159,32.9888],[-112.2092,32.9833],[-112.2076,32.9839],[-112.1996,32.9788],[-112.1998,32.9767],[-112.2033,32.975],[-112.2032,32.9719],[-112.2053,32.9679],[-112.1956,32.9633],[-112.1789,32.9669],[-112.1766,32.9621],[-112.1746,32.9606],[-112.169,32.9629],[-112.1637,32.9604],[-112.1631,32.9586],[-112.1582,32.9555],[-112.1615,32.953],[-112.1609,32.9473],[-112.1641,32.9443],[-112.1519,32.946],[-112.1433,32.9494],[-112.1375,32.9576],[-112.1333,32.9597],[-112.1302,32.9666],[-112.1094,32.988],[-112.1065,32.9967],[-112.0969,33.0022],[-112.0877,33.0103],[-112.0834,33.0199],[-112.0801,33.0326],[-112.08,33.046],[-112.0791,33.0468]]]}},{"type":"Feature","properties":{"huc12":"150503030502","name":"150503030502"},"geometry":{"type":"Polygon","coordinates":[[[-112.1633,32.8379],[-112.1573,32.8404],[-112.1559,32.8428],[-112.1483,32.8412],[-112.1434,32.8439],[-112.1424,32.8425],[-112.1358,32.8478],[-112.132,32.8463],[-112.1364,32.8442],[-112.1358,32.8405],[-112.1377,32.8378],[-112.1366,32.8348],[-112.1128,32.8407],[-112.1093,32.8458],[-112.1029,32.8464],[-112.098,32.8493],[-112.0793,32.8682],[-112.0714,32.8697],[-112.0701,32.876],[-112.073,32.883],[-112.0707,32.8904],[-112.0664,32.8972],[-112.0666,32.9157],[-112.0512,32.9301],[-112.0497,32.9301],[-112.0484,32.9563],[-112.0656,32.9546],[-112.1022,32.9543],[-112.1316,32.9457],[-112.1455,32.946],[-112.1496,32.9471],[-112.1641,32.9443],[-112.174,32.9387],[-112.1909,32.9252],[-112.1951,32.9194],[-112.1965,32.9124],[-112.1924,32.9001],[-112.1785,32.8937],[-112.1753,32.8882],[-112.1768,32.8846],[-112.1708,32.8827],[-112.1694,32.8808],[-112.1693,32.8791],[-112.1716,32.8763],[-112.1686,32.8726],[-112.1715,32.8692],[-112.1704,32.8659],[-112.1665,32.8643],[-112.1623,32.8646],[-112.1599,32.8614],[-112.1598,32.8592],[-112.1642,32.8595],[-112.1683,32.8549],[-112.1662,32.8486],[-112.1682,32.8436],[-112.1633,32.8379]]]}},{"type":"Feature","properties":{"huc12":"150503030503","name":"Antelope Wash"},"geometry":{"type":"Polygon","coordinates":[[[-112.0301,32.9569],[-112.0302,33.0146],[-112.0558,33.0154],[-112.0569,33.0344],[-112.0778,33.0351],[-112.0783,33.0458],[-112.0796,33.0468],[-112.0801,33.0326],[-112.0834,33.0199],[-112.0877,33.0103],[-112.0969,33.0022],[-112.1065,32.9967],[-112.1094,32.988],[-112.1302,32.9666],[-112.1336,32.9593],[-112.1375,32.9576],[-112.1424,32.9501],[-112.1496,32.9471],[-112.1455,32.946],[-112.1316,32.9457],[-112.1022,32.9543],[-112.0656,32.9546],[-112.0486,32.9565],[-112.0497,32.9301],[-112.0512,32.9301],[-112.0666,32.9157],[-112.0664,32.8972],[-112.0707,32.8904],[-112.073,32.883],[-112.0701,32.876],[-112.0714,32.8697],[-112.0793,32.8682],[-112.098,32.8493],[-112.1029,32.8464],[-112.1093,32.8458],[-112.1128,32.8407],[-112.1366,32.8348],[-112.1377,32.8378],[-112.1358,32.8405],[-112.1364,32.8442],[-112.132,32.8463],[-112.1358,32.8478],[-112.1424,32.8425],[-112.1434,32.8439],[-112.1483,32.8412],[-112.1559,32.8428],[-112.1573,32.8404],[-112.1633,32.8379],[-112.1608,32.8349],[-112.1528,32.8314],[-112.1524,32.8284],[-112.1482,32.8248],[-112.1524,32.8225],[-112.1518,32.8185],[-112.1559,32.8103],[-112.1579,32.7965],[-112.1634,32.7957],[-112.1655,32.7939],[-112.1651,32.7871],[-112.1561,32.7866],[-112.1536,32.7854],[-112.1532,32.783],[-112.1459,32.7821],[-112.1459,32.7886],[-112.1442,32.7899],[-112.1468,32.7911],[-112.1497,32.7961],[-112.15,32.8018],[-112.1434,32.815],[-112.1394,32.8199],[-112.1285,32.825],[-112.1184,32.8339],[-112.1077,32.8338],[-112.0943,32.8395],[-112.0869,32.841],[-112.0731,32.8543],[-112.0631,32.8609],[-112.062,32.8632],[-112.0557,32.8686],[-112.0533,32.8727],[-112.0477,32.8763],[-112.0415,32.8866],[-112.0399,32.8923],[-112.0357,32.8946],[-112.0354,32.9015],[-112.0325,32.9053],[-112.0324,32.9378],[-112.0301,32.9569]]]}},{"type":"Feature","properties":{"huc12":"150503030504","name":"Palo Verde Mountains"},"geometry":{"type":"Polygon","coordinates":[[[-112.0974,33.0667],[-112.0993,33.0677],[-112.1079,33.0636],[-112.1342,33.0656],[-112.144,33.0698],[-112.15,33.0741],[-112.1567,33.0761],[-112.2106,33.0699],[-112.2139,33.062],[-112.2198,33.0542],[-112.2183,33.0199],[-112.2148,33.0041],[-112.2153,32.9942],[-112.2047,33.0072],[-112.1964,33.0077],[-112.1897,33.0113],[-112.1778,33.0148],[-112.1759,33.0167],[-112.1734,33.0166],[-112.1734,33.0208],[-112.1693,33.0192],[-112.1641,33.0138],[-112.1635,33.0061],[-112.1584,33.0011],[-112.158,32.9986],[-112.1534,32.9971],[-112.1477,32.9988],[-112.1461,32.9956],[-112.1412,32.9942],[-112.1389,32.9956],[-112.134,32.9935],[-112.1306,32.9946],[-112.1266,32.9928],[-112.1195,32.9952],[-112.1167,32.9978],[-112.1148,33.0092],[-112.1146,33.0279],[-112.1069,33.0351],[-112.104,33.0398],[-112.1019,33.0512],[-112.1023,33.0592],[-112.0974,33.0667]]]}},{"type":"Feature","properties":{"huc12":"150503030506","name":"Montezumas Head-Vekol Wash"},"geometry":{"type":"Polygon","coordinates":[[[-112.1394,33.1897],[-112.1451,33.1806],[-112.1554,33.1742],[-112.1625,33.1728],[-112.1697,33.1686],[-112.1726,33.1641],[-112.1776,33.1611],[-112.1783,33.1591],[-112.177,33.1581],[-112.1771,33.1562],[-112.1817,33.1545],[-112.1824,33.1526],[-112.1848,33.1519],[-112.1868,33.1494],[-112.1862,33.1459],[-112.1938,33.145],[-112.199,33.1402],[-112.1997,33.1365],[-112.2076,33.1338],[-112.2191,33.1266],[-112.2233,33.1257],[-112.2222,33.123],[-112.2164,33.1191],[-112.213,33.1149],[-112.2074,33.1115],[-112.2038,33.1117],[-112.2025,33.1099],[-112.2037,33.1081],[-112.2027,33.1034],[-112.2055,33.0998],[-112.207,33.0928],[-112.2055,33.0851],[-112.2016,33.081],[-112.2034,33.0787],[-112.2071,33.0794],[-112.2071,33.0771],[-112.2099,33.0762],[-112.2116,33.0736],[-112.2106,33.0699],[-112.1567,33.0761],[-112.15,33.0741],[-112.144,33.0698],[-112.1329,33.0654],[-112.1079,33.0636],[-112.0993,33.0677],[-112.0974,33.0667],[-112.0861,33.0666],[-112.0852,33.0613],[-112.0783,33.0458],[-112.0781,33.0353],[-112.0569,33.0344],[-112.0558,33.0154],[-112.0302,33.0146],[-112.0301,32.9569],[-112.0051,32.9552],[-112.0062,32.9671],[-112.0052,32.9701],[-112.0051,32.9992],[-112.0138,33],[-112.0137,33.0283],[-112.0186,33.0286],[-112.0204,33.0299],[-112.0318,33.0424],[-112.0319,33.0472],[-112.0419,33.0541],[-112.0432,33.0573],[-112.0535,33.06],[-112.0615,33.0648],[-112.0626,33.0682],[-112.0614,33.0839],[-112.0626,33.0866],[-112.0628,33.0965],[-112.0666,33.1014],[-112.0659,33.1049],[-112.0693,33.1073],[-112.0702,33.1095],[-112.0692,33.111],[-112.0718,33.1182],[-112.0768,33.1241],[-112.0762,33.1284],[-112.0807,33.1509],[-112.1004,33.1676],[-112.1111,33.1711],[-112.1211,33.178],[-112.1346,33.1834],[-112.1394,33.1897]]]}},{"type":"Feature","properties":{"huc12":"150302040101","name":"Headwaters Bullard Wash"},"geometry":{"type":"Polygon","coordinates":[[[-113.1156,34.0348],[-113.113,34.0406],[-113.1066,34.0422],[-113.1043,34.0442],[-113.1085,34.0474],[-113.1058,34.0494],[-113.1052,34.052],[-113.1062,34.0569],[-113.1086,34.0592],[-113.0999,34.069],[-113.0879,34.0884],[-113.0758,34.1119],[-113.0707,34.1244],[-113.0657,34.1488],[-113.0552,34.1803],[-113.051,34.1826],[-113.0514,34.1833],[-113.062,34.1857],[-113.0834,34.1772],[-113.0904,34.1763],[-113.0962,34.1725],[-113.1072,34.1713],[-113.1182,34.1684],[-113.1218,34.1688],[-113.1292,34.1665],[-113.1476,34.1652],[-113.1589,34.1609],[-113.1778,34.1484],[-113.1875,34.145],[-113.1941,34.1402],[-113.2134,34.1327],[-113.2191,34.127],[-113.2294,34.1233],[-113.2355,34.1189],[-113.2402,34.1123],[-113.2442,34.1091],[-113.2473,34.103],[-113.2553,34.0958],[-113.2677,34.093],[-113.2722,34.0946],[-113.275,34.0898],[-113.28,34.0849],[-113.28,34.084],[-113.2744,34.0836],[-113.2703,34.0805],[-113.2649,34.0831],[-113.262,34.0831],[-113.2561,34.0793],[-113.2519,34.0802],[-113.2485,34.0788],[-113.2443,34.0806],[-113.231,34.0789],[-113.2261,34.0801],[-113.224,34.0781],[-113.219,34.078],[-113.2152,34.0798],[-113.2097,34.0797],[-113.1979,34.0745],[-113.1953,34.0723],[-113.195,34.07],[-113.19,34.0668],[-113.187,34.067],[-113.1863,34.0643],[-113.1817,34.0607],[-113.1752,34.0595],[-113.1749,34.0573],[-113.1715,34.0553],[-113.1706,34.0521],[-113.1658,34.051],[-113.1602,34.0457],[-113.1544,34.0436],[-113.1521,34.0386],[-113.1394,34.0336],[-113.1355,34.0364],[-113.1309,34.0355],[-113.129,34.0372],[-113.1156,34.0348]]]}},{"type":"Feature","properties":{"huc12":"150501000804","name":"Weekes Wash"},"geometry":{"type":"Polygon","coordinates":[[[-111.5309,33.411],[-111.5312,33.4076],[-111.5382,33.3974],[-111.5426,33.3855],[-111.5456,33.3822],[-111.5463,33.3745],[-111.5497,33.3658],[-111.5483,33.3633],[-111.5421,33.3755],[-111.5371,33.3777],[-111.5317,33.3851],[-111.5254,33.3886],[-111.5254,33.4051],[-111.5243,33.4128],[-111.5202,33.4203],[-111.5171,33.4215],[-111.5085,33.4375],[-111.5061,33.4445],[-111.5036,33.4474],[-111.4988,33.4479],[-111.4951,33.4524],[-111.4918,33.4526],[-111.4903,33.4543],[-111.4842,33.4545],[-111.473,33.4502],[-111.4677,33.4511],[-111.4617,33.4498],[-111.4534,33.4435],[-111.4519,33.44],[-111.448,33.4396],[-111.4475,33.4445],[-111.4441,33.4521],[-111.448,33.4601],[-111.4467,33.4618],[-111.4494,33.4656],[-111.4436,33.4686],[-111.4461,33.4726],[-111.4429,33.4759],[-111.4435,33.4797],[-111.4416,33.4799],[-111.4426,33.4839],[-111.4448,33.4841],[-111.4457,33.486],[-111.4479,33.485],[-111.4511,33.4858],[-111.4524,33.4883],[-111.4561,33.4854],[-111.4585,33.486],[-111.4618,33.4849],[-111.4708,33.4887],[-111.476,33.488],[-111.4821,33.4901],[-111.4888,33.4848],[-111.4886,33.4833],[-111.4908,33.4846],[-111.493,33.4815],[-111.496,33.485],[-111.4993,33.4835],[-111.502,33.4853],[-111.5054,33.4853],[-111.5092,33.4879],[-111.5149,33.486],[-111.5171,33.483],[-111.5132,33.4797],[-111.5109,33.4755],[-111.5122,33.4741],[-111.5091,33.4652],[-111.5074,33.4485],[-111.5132,33.4401],[-111.5261,33.4289],[-111.5255,33.4192],[-111.5309,33.411]]]}},{"type":"Feature","properties":{"huc12":"150601060108","name":"Canyon Lake-Salt River"},"geometry":{"type":"Polygon","coordinates":[[[-111.4402,33.4391],[-111.429,33.4385],[-111.4215,33.4413],[-111.4193,33.4449],[-111.4164,33.446],[-111.418,33.4505],[-111.4159,33.4531],[-111.4177,33.4563],[-111.4136,33.4591],[-111.4157,33.4622],[-111.4115,33.4652],[-111.412,33.4686],[-111.4153,33.4729],[-111.4114,33.4756],[-111.4195,33.4824],[-111.4216,33.4899],[-111.4259,33.4915],[-111.4263,33.4955],[-111.4286,33.4984],[-111.4274,33.5021],[-111.432,33.5066],[-111.4348,33.5124],[-111.4342,33.5135],[-111.4327,33.5132],[-111.4327,33.5162],[-111.4363,33.5215],[-111.4343,33.5225],[-111.4341,33.5283],[-111.43,33.529],[-111.4299,33.5325],[-111.4273,33.5345],[-111.4274,33.5369],[-111.4236,33.5359],[-111.4226,33.5416],[-111.4154,33.5407],[-111.4137,33.5432],[-111.4072,33.5423],[-111.4025,33.5451],[-111.3987,33.5437],[-111.395,33.545],[-111.3932,33.5484],[-111.386,33.5487],[-111.3825,33.5516],[-111.381,33.5505],[-111.3732,33.5505],[-111.371,33.5532],[-111.363,33.5492],[-111.3619,33.5517],[-111.3601,33.552],[-111.3564,33.5491],[-111.352,33.5483],[-111.3492,33.5492],[-111.3378,33.5458],[-111.334,33.5482],[-111.344,33.5572],[-111.3491,33.5564],[-111.3506,33.5586],[-111.3538,33.559],[-111.3555,33.5637],[-111.3593,33.5652],[-111.3581,33.5724],[-111.3539,33.5767],[-111.352,33.5765],[-111.3448,33.5707],[-111.3349,33.5703],[-111.3311,33.5711],[-111.3303,33.5749],[-111.3265,33.5795],[-111.3325,33.5821],[-111.3367,33.5879],[-111.3433,33.5892],[-111.3453,33.5912],[-111.3452,33.5935],[-111.3505,33.5957],[-111.3499,33.5976],[-111.352,33.6011],[-111.361,33.6067],[-111.3616,33.6097],[-111.3643,33.6111],[-111.3597,33.6156],[-111.3608,33.6188],[-111.3591,33.6214],[-111.366,33.617],[-111.3819,33.612],[-111.3884,33.6085],[-111.3905,33.6087],[-111.3913,33.6038],[-111.3952,33.5996],[-111.3941,33.5981],[-111.3953,33.5958],[-111.3942,33.5934],[-111.3983,33.5897],[-111.3942,33.5832],[-111.3941,33.5805],[-111.3985,33.5779],[-111.3989,33.5753],[-111.4066,33.5741],[-111.4102,33.5757],[-111.4171,33.5761],[-111.4179,33.5781],[-111.417,33.5788],[-111.4185,33.5806],[-111.4299,33.5786],[-111.4294,33.5761],[-111.436,33.5698],[-111.4363,33.567],[-111.4329,33.5634],[-111.4312,33.5581],[-111.4425,33.5563],[-111.4443,33.5502],[-111.4475,33.5506],[-111.4475,33.5492],[-111.4515,33.5482],[-111.4484,33.5426],[-111.4497,33.5413],[-111.4535,33.5413],[-111.4505,33.5387],[-111.4564,33.5359],[-111.456,33.5309],[-111.4522,33.5249],[-111.4471,33.5214],[-111.4504,33.5146],[-111.4485,33.5119],[-111.4513,33.5081],[-111.4504,33.5068],[-111.4524,33.5025],[-111.4476,33.4958],[-111.4502,33.4936],[-111.4507,33.4899],[-111.4526,33.4883],[-111.4511,33.4858],[-111.4479,33.485],[-111.4457,33.486],[-111.4448,33.4841],[-111.4426,33.4839],[-111.4416,33.4803],[-111.4435,33.4797],[-111.4429,33.4759],[-111.4461,33.4726],[-111.4436,33.4686],[-111.4494,33.4656],[-111.4467,33.4618],[-111.448,33.4601],[-111.4441,33.4522],[-111.4475,33.4445],[-111.4477,33.4403],[-111.4434,33.4405],[-111.4402,33.4391]]]}},{"type":"Feature","properties":{"huc12":"150701010201","name":"Corgett Wash"},"geometry":{"type":"Polygon","coordinates":[[[-112.451,33.3654],[-112.453,33.3675],[-112.455,33.366],[-112.4503,33.3516],[-112.4469,33.35],[-112.4469,33.3417],[-112.4418,33.3421],[-112.4395,33.3405],[-112.436,33.3404],[-112.4327,33.3379],[-112.4298,33.3328],[-112.4226,33.3315],[-112.4179,33.3285],[-112.404,33.3279],[-112.3831,33.3177],[-112.3816,33.3157],[-112.3639,33.309],[-112.3604,33.307],[-112.3598,33.3048],[-112.3572,33.3041],[-112.3553,33.3011],[-112.3503,33.2986],[-112.3477,33.2944],[-112.3412,33.2927],[-112.3335,33.2877],[-112.3279,33.2889],[-112.3229,33.2926],[-112.3206,33.2996],[-112.321,33.306],[-112.3271,33.3106],[-112.3326,33.3106],[-112.3367,33.3201],[-112.3418,33.324],[-112.3398,33.3281],[-112.3471,33.3346],[-112.3558,33.3342],[-112.36,33.3354],[-112.3699,33.3425],[-112.3708,33.3449],[-112.3761,33.3432],[-112.3822,33.3459],[-112.3831,33.3451],[-112.3828,33.3418],[-112.3851,33.3395],[-112.3867,33.3414],[-112.39,33.3405],[-112.3931,33.342],[-112.3921,33.3431],[-112.3933,33.3446],[-112.3927,33.3459],[-112.3949,33.348],[-112.3971,33.3461],[-112.4015,33.3464],[-112.4039,33.3432],[-112.4074,33.343],[-112.4134,33.3479],[-112.4139,33.3508],[-112.4158,33.3528],[-112.4237,33.3545],[-112.4276,33.3588],[-112.4297,33.3572],[-112.4332,33.3587],[-112.4341,33.3572],[-112.4376,33.3564],[-112.4412,33.3572],[-112.451,33.3654]]]}},{"type":"Feature","properties":{"huc12":"150701040103","name":"Wood Spurger Tank"},"geometry":{"type":"Polygon","coordinates":[[[-113.1421,33.9896],[-113.1586,33.9741],[-113.1593,33.972],[-113.1499,33.9727],[-113.1432,33.9755],[-113.1047,33.9991],[-113.0914,34.0118],[-113.0857,34.0146],[-113.0749,34.0087],[-113.0727,34.0023],[-113.0722,34.0039],[-113.0671,34.007],[-113.0686,34.0085],[-113.0674,34.0104],[-113.0691,34.0137],[-113.0685,34.0205],[-113.0703,34.0226],[-113.0555,34.023],[-113.0532,34.0314],[-113.0473,34.042],[-113.0398,34.0462],[-113.0341,34.0477],[-113.0314,34.0469],[-113.0286,34.049],[-113.0239,34.0483],[-113.0227,34.047],[-113.0141,34.0491],[-113.0105,34.0511],[-113.0068,34.0562],[-112.9834,34.0711],[-112.9815,34.0756],[-112.978,34.0793],[-112.9763,34.0801],[-112.9671,34.079],[-112.9684,34.0798],[-112.9676,34.0819],[-112.9702,34.0841],[-112.9764,34.0864],[-112.9758,34.0895],[-112.9796,34.0928],[-112.9801,34.099],[-112.9894,34.1057],[-112.9933,34.1129],[-112.9834,34.1227],[-112.967,34.1447],[-112.9653,34.1501],[-112.9633,34.1703],[-112.9603,34.1816],[-112.9523,34.203],[-112.9526,34.2122],[-112.9583,34.2144],[-112.9616,34.2139],[-112.9668,34.2172],[-112.9698,34.2159],[-112.9724,34.2168],[-112.9736,34.2155],[-112.9786,34.2157],[-112.98,34.2135],[-112.9841,34.2145],[-112.9953,34.2106],[-113.0029,34.2105],[-113.0066,34.2124],[-113.0123,34.2084],[-113.0211,34.2095],[-113.032,34.2068],[-113.0369,34.2007],[-113.0416,34.2021],[-113.0422,34.1912],[-113.0437,34.1867],[-113.0552,34.1803],[-113.0657,34.1488],[-113.0707,34.1244],[-113.0758,34.1119],[-113.0879,34.0884],[-113.0999,34.069],[-113.1086,34.0592],[-113.1062,34.0569],[-113.1052,34.052],[-113.1058,34.0494],[-113.1085,34.0474],[-113.1043,34.0442],[-113.1066,34.0422],[-113.113,34.0406],[-113.1157,34.0355],[-113.1132,34.0347],[-113.1101,34.0362],[-113.1073,34.0322],[-113.1067,34.0297],[-113.1134,34.0133],[-113.109,34.0102],[-113.1217,34.0001],[-113.1421,33.9896]]]}},{"type":"Feature","properties":{"huc12":"150701040105","name":"Sixteen Tank-Centennial Wash"},"geometry":{"type":"Polygon","coordinates":[[[-113.1421,33.9896],[-113.1217,34.0001],[-113.109,34.0102],[-113.1134,34.0133],[-113.1067,34.0297],[-113.1088,34.0352],[-113.1101,34.0362],[-113.1132,34.0347],[-113.123,34.0353],[-113.129,34.0372],[-113.1309,34.0355],[-113.1355,34.0364],[-113.1397,34.0337],[-113.1522,34.0387],[-113.1544,34.0436],[-113.1602,34.0457],[-113.1658,34.051],[-113.1706,34.0521],[-113.1715,34.0553],[-113.1749,34.0573],[-113.1752,34.0595],[-113.1817,34.0607],[-113.1863,34.0643],[-113.187,34.067],[-113.19,34.0668],[-113.195,34.07],[-113.1953,34.0723],[-113.1979,34.0745],[-113.2097,34.0797],[-113.2152,34.0798],[-113.2186,34.078],[-113.218,34.0723],[-113.2144,34.0717],[-113.2106,34.0673],[-113.2169,34.0554],[-113.214,34.0514],[-113.2072,34.0325],[-113.208,34.0312],[-113.2109,34.0307],[-113.2106,34.0281],[-113.2029,34.016],[-113.2014,34.0029],[-113.196,34.0032],[-113.1934,34.0015],[-113.1941,33.9865],[-113.2025,33.9865],[-113.2026,33.974],[-113.2114,33.9718],[-113.1793,33.9723],[-113.1421,33.9896]]]}},{"type":"Feature","properties":{"huc12":"150601060111","name":"Willow Springs Canyon"},"geometry":{"type":"Polygon","coordinates":[[[-111.5171,33.483],[-111.5144,33.4864],[-111.5094,33.488],[-111.5054,33.4853],[-111.502,33.4853],[-111.4993,33.4835],[-111.496,33.485],[-111.493,33.4815],[-111.4908,33.4846],[-111.4886,33.4833],[-111.4888,33.4848],[-111.4822,33.4901],[-111.476,33.488],[-111.4708,33.4887],[-111.464,33.4866],[-111.4625,33.4849],[-111.4585,33.486],[-111.4563,33.4853],[-111.451,33.4895],[-111.4502,33.4936],[-111.4476,33.4958],[-111.4524,33.5024],[-111.4504,33.5068],[-111.4512,33.5082],[-111.4546,33.5121],[-111.4605,33.5156],[-111.4641,33.5223],[-111.4622,33.5234],[-111.4636,33.5261],[-111.4666,33.528],[-111.4711,33.5357],[-111.4766,33.5368],[-111.478,33.536],[-111.4828,33.5383],[-111.4868,33.5358],[-111.4903,33.5364],[-111.4936,33.5423],[-111.4957,33.5414],[-111.4976,33.5441],[-111.4995,33.5442],[-111.5005,33.5469],[-111.5067,33.5518],[-111.51,33.5562],[-111.5146,33.556],[-111.5153,33.554],[-111.5129,33.5486],[-111.515,33.5461],[-111.5169,33.5467],[-111.5178,33.5453],[-111.5149,33.5405],[-111.5161,33.5367],[-111.5138,33.5351],[-111.5169,33.5317],[-111.521,33.5313],[-111.5247,33.5281],[-111.5274,33.5275],[-111.5307,33.5292],[-111.5379,33.5212],[-111.5443,33.5192],[-111.5419,33.515],[-111.5428,33.5123],[-111.5485,33.5094],[-111.5469,33.5068],[-111.5475,33.505],[-111.5439,33.5017],[-111.5369,33.5002],[-111.535,33.498],[-111.5297,33.4966],[-111.5257,33.4969],[-111.5256,33.4932],[-111.5238,33.4899],[-111.5244,33.4883],[-111.5202,33.4873],[-111.5171,33.483]]]}},{"type":"Feature","properties":{"huc12":"150501001106","name":"Lone Butte Ranch-Gila River"},"geometry":{"type":"Polygon","coordinates":[[[-111.8614,33.1877],[-111.815,33.204],[-111.7521,33.2048],[-111.7381,33.2229],[-111.7377,33.2339],[-111.7746,33.2335],[-111.7924,33.2288],[-111.8065,33.2209],[-111.8238,33.2189],[-111.8343,33.2102],[-111.8401,33.2076],[-111.8846,33.205],[-111.9126,33.2088],[-111.9438,33.2177],[-111.9762,33.2207],[-111.9976,33.2314],[-112.0062,33.2299],[-112.027,33.2305],[-112.0484,33.2357],[-112.064,33.2375],[-112.087,33.2428],[-112.1271,33.2566],[-112.1385,33.264],[-112.1519,33.2707],[-112.1554,33.2698],[-112.169,33.2753],[-112.1804,33.2724],[-112.1918,33.2647],[-112.1871,33.2608],[-112.1819,33.2587],[-112.176,33.2584],[-112.1608,33.2538],[-112.1588,33.2524],[-112.1586,33.2478],[-112.1559,33.2439],[-112.146,33.2376],[-112.1242,33.2293],[-112.1205,33.2264],[-112.1113,33.2258],[-112.1014,33.2212],[-112.099,33.2187],[-112.096,33.2102],[-112.0867,33.2109],[-112.075,33.209],[-112.0599,33.209],[-112.0573,33.2076],[-112.0539,33.2084],[-112.0313,33.2077],[-112.0015,33.2026],[-111.9795,33.2018],[-111.9448,33.1879],[-111.9365,33.1889],[-111.9237,33.1932],[-111.9049,33.195],[-111.882,33.1893],[-111.8614,33.1877]]]}},{"type":"Feature","properties":{"huc12":"150501001107","name":"Co-op Village-Gila River"},"geometry":{"type":"Polygon","coordinates":[[[-112.2231,33.2312],[-112.2251,33.2423],[-112.2218,33.2481],[-112.2092,33.2533],[-112.2027,33.2543],[-112.1865,33.2687],[-112.1804,33.2724],[-112.1694,33.2754],[-112.1712,33.2796],[-112.1758,33.2819],[-112.1766,33.2875],[-112.1677,33.2983],[-112.1663,33.3018],[-112.1614,33.3057],[-112.1479,33.3079],[-112.1324,33.3149],[-112.1297,33.3137],[-112.1284,33.3116],[-112.1271,33.3119],[-112.1131,33.3181],[-112.1099,33.3206],[-112.1066,33.3209],[-112.1045,33.3226],[-112.1001,33.3227],[-112.0983,33.325],[-112.0988,33.3304],[-112.0999,33.3353],[-112.1026,33.3362],[-112.1042,33.3414],[-112.1096,33.3403],[-112.1143,33.3363],[-112.1228,33.3322],[-112.1369,33.3309],[-112.1403,33.3326],[-112.1428,33.3361],[-112.1467,33.3374],[-112.1695,33.337],[-112.2051,33.3444],[-112.2092,33.3462],[-112.2107,33.3492],[-112.2416,33.3429],[-112.2697,33.3425],[-112.2754,33.3407],[-112.2832,33.3334],[-112.2976,33.328],[-112.2991,33.3222],[-112.3069,33.3172],[-112.3115,33.317],[-112.3116,33.3131],[-112.3141,33.3102],[-112.3181,33.3102],[-112.3218,33.3075],[-112.3206,33.2996],[-112.3229,33.2926],[-112.3209,33.2907],[-112.3121,33.2876],[-112.3109,33.2845],[-112.3042,33.2837],[-112.3025,33.282],[-112.3035,33.28],[-112.3026,33.2772],[-112.2896,33.2705],[-112.2835,33.2708],[-112.2831,33.2676],[-112.2799,33.265],[-112.2799,33.2632],[-112.2755,33.2579],[-112.2763,33.2563],[-112.2685,33.2566],[-112.2649,33.2541],[-112.2537,33.2534],[-112.2506,33.2498],[-112.2466,33.2496],[-112.242,33.2452],[-112.2396,33.242],[-112.2399,33.2369],[-112.2379,33.2333],[-112.2329,33.2323],[-112.2301,33.2304],[-112.2231,33.2312]]]}},{"type":"Feature","properties":{"huc12":"150501001108","name":"City of Laveen-Gila River"},"geometry":{"type":"Polygon","coordinates":[[[-112.3019,33.3811],[-112.3067,33.3806],[-112.306,33.375],[-112.3107,33.3695],[-112.3102,33.3668],[-112.3117,33.3625],[-112.3132,33.3609],[-112.3153,33.3607],[-112.3163,33.3578],[-112.3223,33.351],[-112.3237,33.3412],[-112.3271,33.3374],[-112.3281,33.3343],[-112.3391,33.3289],[-112.3418,33.3257],[-112.3418,33.324],[-112.3367,33.3201],[-112.3348,33.3169],[-112.3326,33.3106],[-112.3274,33.3107],[-112.3218,33.3072],[-112.3181,33.3102],[-112.3146,33.3098],[-112.3116,33.3131],[-112.3115,33.3169],[-112.3069,33.3172],[-112.2988,33.3224],[-112.2976,33.328],[-112.2832,33.3334],[-112.2744,33.3411],[-112.2647,33.3428],[-112.2393,33.3432],[-112.2139,33.3491],[-112.2107,33.3492],[-112.2092,33.3462],[-112.2051,33.3444],[-112.1695,33.337],[-112.1483,33.3377],[-112.1428,33.3361],[-112.1403,33.3326],[-112.1371,33.3309],[-112.1301,33.3322],[-112.127,33.3311],[-112.1169,33.3349],[-112.1195,33.3383],[-112.1221,33.3505],[-112.133,33.3589],[-112.1537,33.361],[-112.1576,33.3628],[-112.1647,33.3629],[-112.2106,33.3626],[-112.2277,33.36],[-112.249,33.3683],[-112.2656,33.3767],[-112.2728,33.3773],[-112.2855,33.3763],[-112.2886,33.3785],[-112.3019,33.3811]]]}},{"type":"Feature","properties":{"huc12":"150503030606","name":"Butterfly Mountain-Santa Cruz Wash"},"geometry":{"type":"Polygon","coordinates":[[[-112.1776,33.1611],[-112.1726,33.1641],[-112.1694,33.1688],[-112.1625,33.1728],[-112.1554,33.1742],[-112.1451,33.1806],[-112.1421,33.184],[-112.1397,33.1897],[-112.1316,33.1865],[-112.1198,33.1876],[-112.0789,33.1839],[-112.093,33.1935],[-112.0959,33.197],[-112.096,33.2102],[-112.099,33.2187],[-112.1014,33.2212],[-112.1113,33.2258],[-112.1205,33.2264],[-112.1242,33.2293],[-112.146,33.2376],[-112.1559,33.2439],[-112.1586,33.2478],[-112.1588,33.2524],[-112.1608,33.2538],[-112.176,33.2584],[-112.1819,33.2587],[-112.1871,33.2608],[-112.1918,33.2647],[-112.2027,33.2543],[-112.2092,33.2533],[-112.2212,33.2486],[-112.2241,33.2456],[-112.2251,33.2402],[-112.2231,33.2312],[-112.216,33.2294],[-112.2154,33.2179],[-112.2116,33.2101],[-112.2104,33.2032],[-112.2074,33.2006],[-112.2045,33.1892],[-112.1992,33.1871],[-112.1943,33.1804],[-112.1896,33.178],[-112.1864,33.1711],[-112.1819,33.1703],[-112.1817,33.1645],[-112.1776,33.1611]]]}},{"type":"Feature","properties":{"huc12":"150701010107","name":"East Tank-Waterman Wash"},"geometry":{"type":"Polygon","coordinates":[[[-112.4887,33.0932],[-112.4868,33.0928],[-112.484,33.0891],[-112.475,33.0873],[-112.4692,33.0833],[-112.4607,33.0828],[-112.4555,33.0874],[-112.4523,33.0859],[-112.4506,33.0866],[-112.4471,33.0926],[-112.4392,33.1011],[-112.4363,33.1087],[-112.4293,33.1193],[-112.4233,33.1232],[-112.4136,33.14],[-112.4043,33.1479],[-112.3946,33.153],[-112.3888,33.1602],[-112.3755,33.168],[-112.3673,33.1765],[-112.3355,33.1808],[-112.3243,33.181],[-112.3076,33.1848],[-112.292,33.1868],[-112.2848,33.1907],[-112.2599,33.1973],[-112.2564,33.2],[-112.2522,33.2092],[-112.2526,33.2126],[-112.2538,33.2142],[-112.2555,33.2135],[-112.2567,33.2173],[-112.2551,33.2237],[-112.2531,33.225],[-112.251,33.2295],[-112.2394,33.2355],[-112.2396,33.242],[-112.2451,33.2486],[-112.2506,33.2498],[-112.2537,33.2534],[-112.2649,33.2541],[-112.2685,33.2566],[-112.2763,33.2563],[-112.2755,33.2579],[-112.2799,33.2632],[-112.2799,33.265],[-112.2831,33.2676],[-112.2835,33.2708],[-112.2896,33.2705],[-112.3026,33.2772],[-112.3035,33.28],[-112.3025,33.282],[-112.3042,33.2837],[-112.3109,33.2845],[-112.3117,33.2873],[-112.3195,33.2898],[-112.3229,33.2926],[-112.3226,33.2858],[-112.3208,33.2827],[-112.3234,33.2755],[-112.3223,33.2642],[-112.3444,33.2497],[-112.3657,33.2476],[-112.4014,33.2385],[-112.4229,33.2374],[-112.4261,33.2362],[-112.4244,33.2328],[-112.4133,33.2275],[-112.411,33.2227],[-112.4044,33.2151],[-112.4036,33.2123],[-112.4041,33.2038],[-112.41,33.2],[-112.4096,33.1938],[-112.4135,33.1752],[-112.4115,33.1621],[-112.4114,33.1496],[-112.4233,33.1453],[-112.4281,33.1458],[-112.4294,33.1471],[-112.4289,33.1533],[-112.4332,33.1564],[-112.4386,33.1566],[-112.4388,33.1605],[-112.4431,33.1612],[-112.4441,33.1653],[-112.4499,33.1657],[-112.4504,33.1681],[-112.453,33.1692],[-112.4535,33.1708],[-112.4594,33.1727],[-112.4617,33.1694],[-112.4612,33.1682],[-112.465,33.1662],[-112.4648,33.1599],[-112.4672,33.1565],[-112.47,33.1474],[-112.4768,33.1399],[-112.4785,33.1337],[-112.4819,33.1301],[-112.4849,33.1132],[-112.4899,33.1059],[-112.4951,33.1039],[-112.4925,33.1004],[-112.4938,33.0982],[-112.4934,33.0948],[-112.4887,33.0932]]]}},{"type":"Feature","properties":{"huc12":"150701010108","name":"Plug Tank-Waterman Wash"},"geometry":{"type":"Polygon","coordinates":[[[-112.4951,33.1039],[-112.4899,33.1059],[-112.4849,33.1132],[-112.4819,33.1301],[-112.4785,33.1337],[-112.4768,33.1399],[-112.47,33.1474],[-112.4672,33.1565],[-112.4648,33.1599],[-112.465,33.1662],[-112.4612,33.1682],[-112.4617,33.1694],[-112.4595,33.1724],[-112.4678,33.1803],[-112.4733,33.1803],[-112.4774,33.1822],[-112.4739,33.191],[-112.4685,33.1956],[-112.4718,33.1998],[-112.4711,33.202],[-112.458,33.2106],[-112.448,33.2146],[-112.4278,33.236],[-112.4229,33.2374],[-112.4014,33.2385],[-112.3657,33.2476],[-112.3444,33.2497],[-112.3223,33.2642],[-112.3234,33.2755],[-112.3208,33.2827],[-112.3226,33.2858],[-112.3229,33.2926],[-112.3279,33.2889],[-112.3335,33.2877],[-112.3412,33.2927],[-112.3477,33.2944],[-112.3503,33.2986],[-112.3576,33.302],[-112.3802,33.2919],[-112.4118,33.2889],[-112.4197,33.2939],[-112.4249,33.2895],[-112.4397,33.287],[-112.4485,33.2887],[-112.4539,33.2923],[-112.4559,33.2916],[-112.4603,33.2931],[-112.4697,33.2926],[-112.4824,33.294],[-112.4913,33.3006],[-112.4936,33.2997],[-112.4972,33.2905],[-112.5037,33.2842],[-112.5064,33.2787],[-112.5001,33.2487],[-112.5013,33.2259],[-112.4982,33.2144],[-112.4989,33.2051],[-112.5019,33.1989],[-112.5032,33.1919],[-112.5059,33.1888],[-112.5089,33.1808],[-112.5046,33.1747],[-112.5068,33.1738],[-112.5108,33.1681],[-112.5137,33.1679],[-112.5156,33.1697],[-112.519,33.1673],[-112.5158,33.1567],[-112.5112,33.1571],[-112.5116,33.1544],[-112.5102,33.1526],[-112.5117,33.1478],[-112.5094,33.1365],[-112.5132,33.1102],[-112.51,33.1063],[-112.5096,33.1016],[-112.4978,33.1052],[-112.4951,33.1039]]]}},{"type":"Feature","properties":{"huc12":"150701030308","name":"Blue Tank Wash-Hassayampa River"},"geometry":{"type":"Polygon","coordinates":[[[-112.5563,34.0296],[-112.5561,34.0264],[-112.5573,34.0255],[-112.5615,34.0252],[-112.5662,34.0217],[-112.569,34.0223],[-112.572,34.0199],[-112.5747,34.021],[-112.5857,34.0213],[-112.5857,34.0229],[-112.5881,34.0246],[-112.6092,34.0306],[-112.6122,34.0341],[-112.62,34.0364],[-112.6239,34.0401],[-112.6255,34.0402],[-112.628,34.0382],[-112.6292,34.0413],[-112.6315,34.041],[-112.6323,34.0395],[-112.6374,34.0387],[-112.6407,34.041],[-112.6451,34.0375],[-112.6463,34.035],[-112.6535,34.0349],[-112.6559,34.0316],[-112.6602,34.0317],[-112.6661,34.0281],[-112.6689,34.03],[-112.6786,34.0281],[-112.679,34.0299],[-112.6857,34.0297],[-112.6885,34.0316],[-112.7048,34.036],[-112.7095,34.0383],[-112.711,34.0427],[-112.7107,34.0445],[-112.7066,34.0477],[-112.706,34.0516],[-112.7079,34.0548],[-112.7107,34.067],[-112.7062,34.0758],[-112.7089,34.0804],[-112.7152,34.0795],[-112.72,34.0759],[-112.7286,34.0723],[-112.7367,34.0722],[-112.7441,34.0679],[-112.7538,34.0681],[-112.7598,34.0655],[-112.7555,34.059],[-112.7523,34.0584],[-112.7516,34.0518],[-112.7567,34.0451],[-112.7563,34.0431],[-112.762,34.0361],[-112.7647,34.0352],[-112.7702,34.0254],[-112.7659,34.0166],[-112.7579,34.0114],[-112.7544,34.0072],[-112.7489,34.0049],[-112.7453,33.9985],[-112.747,33.9991],[-112.7492,33.9973],[-112.7571,33.9996],[-112.7606,33.9987],[-112.7948,34.0149],[-112.797,34.0148],[-112.7953,34.0132],[-112.7911,33.999],[-112.7858,33.9985],[-112.7818,33.9929],[-112.7707,33.9901],[-112.7638,33.9897],[-112.7591,33.9866],[-112.7473,33.9882],[-112.7439,33.9852],[-112.7409,33.9791],[-112.7366,33.9773],[-112.7344,33.9732],[-112.7272,33.9724],[-112.7202,33.9789],[-112.7162,33.9918],[-112.7127,33.9971],[-112.709,33.9986],[-112.7085,34.0013],[-112.6959,34.0033],[-112.6926,34.0015],[-112.6908,34.0019],[-112.6798,34.0139],[-112.6721,34.0147],[-112.6695,34.0186],[-112.6634,34.0189],[-112.6608,34.0161],[-112.6577,34.0159],[-112.642,34.0173],[-112.6361,34.018],[-112.626,34.0229],[-112.6197,34.0238],[-112.6149,34.0204],[-112.6152,34.0154],[-112.6126,34.0115],[-112.6104,34.0114],[-112.6086,34.0096],[-112.6059,34.0133],[-112.6029,34.0112],[-112.5974,34.0117],[-112.5949,34.0092],[-112.5894,34.0095],[-112.5871,34.0079],[-112.588,34.0048],[-112.5833,34.0044],[-112.5769,33.9994],[-112.5681,34.0035],[-112.5666,34.008],[-112.5634,34.0075],[-112.5547,34.0122],[-112.5473,34.011],[-112.5482,34.0143],[-112.5459,34.0167],[-112.5535,34.0249],[-112.5535,34.0287],[-112.5563,34.0296]]]}},{"type":"Feature","properties":{"huc12":"150701030309","name":"Cemetery Wash-Hassayampa River"},"geometry":{"type":"Polygon","coordinates":[[[-112.6149,34.0193],[-112.6174,34.0229],[-112.621,34.0238],[-112.6295,34.0216],[-112.6361,34.018],[-112.642,34.0173],[-112.6577,34.0159],[-112.6608,34.0161],[-112.6634,34.0189],[-112.6691,34.0186],[-112.6721,34.0147],[-112.6798,34.0139],[-112.6908,34.0019],[-112.6926,34.0015],[-112.6959,34.0033],[-112.7085,34.0013],[-112.709,33.9986],[-112.7127,33.9971],[-112.7162,33.9918],[-112.7186,33.9819],[-112.7259,33.9726],[-112.7286,33.9725],[-112.7299,33.9702],[-112.736,33.9673],[-112.7578,33.9636],[-112.7714,33.9498],[-112.7836,33.946],[-112.7854,33.9432],[-112.7885,33.9427],[-112.788,33.94],[-112.7901,33.9362],[-112.7901,33.9327],[-112.7951,33.9299],[-112.7934,33.9225],[-112.8021,33.9173],[-112.8059,33.9174],[-112.8085,33.9152],[-112.8103,33.9155],[-112.8107,33.9133],[-112.8159,33.9093],[-112.8184,33.9044],[-112.8113,33.9039],[-112.8091,33.9022],[-112.8071,33.8949],[-112.8059,33.8951],[-112.8046,33.8914],[-112.8021,33.892],[-112.8007,33.8903],[-112.7967,33.8898],[-112.7952,33.8849],[-112.7917,33.8861],[-112.7893,33.885],[-112.7842,33.887],[-112.7846,33.892],[-112.7805,33.8952],[-112.779,33.899],[-112.7741,33.8999],[-112.7729,33.9018],[-112.7683,33.9025],[-112.7649,33.9007],[-112.7631,33.9023],[-112.7618,33.9005],[-112.7561,33.899],[-112.7509,33.9005],[-112.746,33.9056],[-112.741,33.9055],[-112.7382,33.904],[-112.7343,33.9074],[-112.7242,33.9108],[-112.7237,33.9155],[-112.7189,33.9169],[-112.7189,33.9211],[-112.7206,33.9251],[-112.7143,33.9318],[-112.7139,33.9337],[-112.7111,33.9333],[-112.7069,33.9351],[-112.7051,33.9373],[-112.7056,33.9403],[-112.6996,33.9427],[-112.6977,33.9457],[-112.6919,33.9449],[-112.6844,33.9547],[-112.6798,33.9556],[-112.6777,33.9598],[-112.6743,33.9612],[-112.6733,33.9634],[-112.6692,33.9648],[-112.6637,33.9717],[-112.6582,33.976],[-112.6543,33.9766],[-112.653,33.9755],[-112.6455,33.981],[-112.6355,33.9831],[-112.6335,33.9916],[-112.6356,33.9932],[-112.6349,33.9999],[-112.6324,33.9999],[-112.6306,34.0027],[-112.6263,34.0043],[-112.6165,34.0058],[-112.6123,34.0095],[-112.6123,34.0114],[-112.6152,34.0154],[-112.6149,34.0193]]]}},{"type":"Feature","properties":{"huc12":"150701030310","name":"San Domingo Wash"},"geometry":{"type":"Polygon","coordinates":[[[-112.5473,34.011],[-112.5547,34.0122],[-112.5634,34.0075],[-112.5669,34.0078],[-112.5681,34.0035],[-112.5771,33.9994],[-112.5756,33.9972],[-112.5779,33.9942],[-112.5757,33.9905],[-112.5798,33.9892],[-112.5811,33.9854],[-112.5898,33.9855],[-112.5998,33.9815],[-112.6003,33.9786],[-112.6042,33.9774],[-112.6194,33.9646],[-112.6187,33.9628],[-112.6207,33.9595],[-112.6229,33.9601],[-112.6254,33.9584],[-112.626,33.9526],[-112.6295,33.9511],[-112.637,33.9428],[-112.6355,33.9396],[-112.6331,33.9381],[-112.6333,33.9363],[-112.636,33.936],[-112.6361,33.934],[-112.6322,33.9319],[-112.6315,33.9224],[-112.6407,33.9142],[-112.6442,33.9076],[-112.6507,33.9037],[-112.6602,33.893],[-112.663,33.8923],[-112.6615,33.8889],[-112.6628,33.8863],[-112.6603,33.8849],[-112.6583,33.8868],[-112.6523,33.8884],[-112.6481,33.8917],[-112.6439,33.893],[-112.6422,33.8963],[-112.6367,33.8997],[-112.6296,33.9088],[-112.6192,33.9132],[-112.6185,33.9146],[-112.6205,33.921],[-112.6174,33.9219],[-112.6156,33.9252],[-112.6131,33.9263],[-112.6131,33.9285],[-112.6101,33.9285],[-112.606,33.9339],[-112.6038,33.9329],[-112.5897,33.9392],[-112.5872,33.9433],[-112.5832,33.944],[-112.582,33.9454],[-112.5752,33.945],[-112.5732,33.9491],[-112.5618,33.9527],[-112.5592,33.9546],[-112.5538,33.9545],[-112.5482,33.9499],[-112.5434,33.9532],[-112.5423,33.9563],[-112.5433,33.9611],[-112.5417,33.9629],[-112.5403,33.9717],[-112.5318,33.9815],[-112.5311,33.9843],[-112.5256,33.9879],[-112.5251,33.9921],[-112.5307,33.9959],[-112.5306,33.9998],[-112.5334,34.0037],[-112.5391,34.0039],[-112.5473,34.011]]]}},{"type":"Feature","properties":{"huc12":"150701030311","name":"Monarch Wash-Hassayampa River"},"geometry":{"type":"Polygon","coordinates":[[[-112.6009,34.0109],[-112.6059,34.0133],[-112.6086,34.0096],[-112.6104,34.0114],[-112.6123,34.0114],[-112.6123,34.0095],[-112.6165,34.0058],[-112.6263,34.0043],[-112.6306,34.0027],[-112.6324,33.9999],[-112.6347,34.0002],[-112.6356,33.9932],[-112.6335,33.9916],[-112.6355,33.9831],[-112.6455,33.981],[-112.653,33.9755],[-112.6543,33.9766],[-112.6582,33.976],[-112.6637,33.9717],[-112.6692,33.9648],[-112.6733,33.9634],[-112.6743,33.9612],[-112.6777,33.9598],[-112.6798,33.9556],[-112.6844,33.9547],[-112.6919,33.9449],[-112.6977,33.9457],[-112.6996,33.9427],[-112.7056,33.9403],[-112.7051,33.9373],[-112.7069,33.9351],[-112.7111,33.9333],[-112.714,33.9337],[-112.7143,33.9318],[-112.7206,33.9249],[-112.7189,33.9211],[-112.7189,33.9168],[-112.7237,33.9155],[-112.7242,33.9108],[-112.7289,33.9099],[-112.7311,33.9077],[-112.736,33.9061],[-112.7349,33.902],[-112.7328,33.9],[-112.7336,33.8957],[-112.7288,33.8902],[-112.7287,33.888],[-112.73,33.8875],[-112.7307,33.8851],[-112.729,33.8859],[-112.7251,33.8846],[-112.7234,33.8823],[-112.7188,33.8832],[-112.7174,33.887],[-112.7107,33.8902],[-112.7089,33.8888],[-112.7031,33.8897],[-112.6985,33.8829],[-112.6943,33.8845],[-112.6889,33.8804],[-112.6838,33.8851],[-112.6798,33.8863],[-112.669,33.8844],[-112.663,33.8846],[-112.6615,33.8889],[-112.663,33.8923],[-112.6602,33.893],[-112.6507,33.9037],[-112.6442,33.9076],[-112.6407,33.9142],[-112.6315,33.9224],[-112.6322,33.9319],[-112.6361,33.934],[-112.636,33.936],[-112.6333,33.9363],[-112.6331,33.9381],[-112.6355,33.9396],[-112.637,33.9428],[-112.6295,33.9511],[-112.626,33.9526],[-112.6256,33.9582],[-112.6229,33.9601],[-112.6207,33.9595],[-112.6187,33.9628],[-112.6194,33.9646],[-112.6042,33.9774],[-112.6003,33.9786],[-112.5998,33.9815],[-112.5898,33.9855],[-112.5812,33.9853],[-112.5798,33.9892],[-112.5757,33.9905],[-112.5779,33.9942],[-112.5756,33.9974],[-112.5807,34.0028],[-112.5847,34.0048],[-112.588,34.0048],[-112.5871,34.0079],[-112.5894,34.0095],[-112.5949,34.0092],[-112.5976,34.0117],[-112.6009,34.0109]]]}},{"type":"Feature","properties":{"huc12":"150701030401","name":"Dead Horse Wash"},"geometry":{"type":"Polygon","coordinates":[[[-112.98,33.7926],[-112.9976,33.7883],[-113.0142,33.7914],[-113.0218,33.7958],[-113.0321,33.7961],[-113.0387,33.7929],[-113.0413,33.7947],[-113.0463,33.7943],[-113.0482,33.7927],[-113.0522,33.793],[-113.0551,33.7967],[-113.0587,33.7982],[-113.0599,33.7965],[-113.0593,33.7941],[-113.0651,33.7891],[-113.0771,33.7851],[-113.0781,33.7822],[-113.0816,33.7792],[-113.0829,33.7707],[-113.0907,33.7657],[-113.0928,33.7621],[-113.092,33.7609],[-113.0951,33.7586],[-113.1005,33.758],[-113.109,33.7546],[-113.1114,33.7516],[-113.1108,33.7501],[-113.1155,33.7437],[-113.1147,33.7418],[-113.1122,33.7417],[-113.1163,33.7356],[-113.1166,33.7329],[-113.1125,33.7295],[-113.1117,33.7234],[-113.1094,33.7217],[-113.1104,33.7192],[-113.1147,33.7188],[-113.117,33.7169],[-113.1163,33.7137],[-113.1191,33.711],[-113.1179,33.7087],[-113.1155,33.7086],[-113.1129,33.7057],[-113.1108,33.7056],[-113.1093,33.7015],[-113.0972,33.6946],[-113.0927,33.6898],[-113.0904,33.6843],[-113.0861,33.6829],[-113.0852,33.6814],[-113.0818,33.6845],[-113.0756,33.6843],[-113.0738,33.6863],[-113.074,33.6885],[-113.0705,33.6913],[-113.0671,33.6908],[-113.0647,33.6917],[-113.059,33.6885],[-113.0574,33.6826],[-113.0516,33.6785],[-113.0534,33.6923],[-113.0476,33.702],[-113.0454,33.7027],[-113.0442,33.7061],[-113.0475,33.7093],[-113.0456,33.7127],[-113.0498,33.719],[-113.0542,33.7213],[-113.056,33.7282],[-113.0572,33.7291],[-113.0558,33.734],[-113.0583,33.7402],[-113.0571,33.7431],[-113.0511,33.7449],[-113.0507,33.7484],[-113.0487,33.75],[-113.0474,33.7543],[-113.0421,33.7543],[-113.0406,33.7567],[-113.0353,33.7582],[-113.0305,33.7581],[-113.0294,33.7608],[-113.0245,33.7629],[-113.02,33.7625],[-113.0199,33.7647],[-113.0165,33.7655],[-113.0186,33.7674],[-113.0175,33.7683],[-113.0188,33.7709],[-113.0149,33.7741],[-113.0139,33.7767],[-113.01,33.7746],[-113.0096,33.7781],[-113.0011,33.7793],[-112.9975,33.7826],[-112.9921,33.7834],[-112.9914,33.7844],[-112.9863,33.7841],[-112.9821,33.7874],[-112.9726,33.7897],[-112.98,33.7926]]]}},{"type":"Feature","properties":{"huc12":"150701030402","name":"Upper Jackrabbit Wash"},"geometry":{"type":"Polygon","coordinates":[[[-113.029,33.8621],[-113.0318,33.8657],[-113.039,33.8665],[-113.044,33.8701],[-113.0452,33.8734],[-113.0508,33.8735],[-113.0553,33.8763],[-113.0706,33.8753],[-113.0753,33.8725],[-113.0791,33.8741],[-113.0897,33.8754],[-113.0921,33.8773],[-113.1027,33.8787],[-113.1108,33.878],[-113.1178,33.8719],[-113.1217,33.8712],[-113.1257,33.8687],[-113.1398,33.8735],[-113.1551,33.8752],[-113.1838,33.8705],[-113.1709,33.8647],[-113.1649,33.8589],[-113.1534,33.8512],[-113.1507,33.8464],[-113.1363,33.8359],[-113.135,33.8247],[-113.1319,33.8194],[-113.1262,33.8135],[-113.1225,33.7962],[-113.1239,33.7873],[-113.1224,33.7757],[-113.1245,33.7689],[-113.1264,33.7674],[-113.1217,33.7644],[-113.1189,33.7601],[-113.1127,33.7572],[-113.112,33.7551],[-113.1097,33.7538],[-113.1005,33.758],[-113.0951,33.7586],[-113.092,33.7609],[-113.0928,33.7621],[-113.0907,33.7657],[-113.0829,33.7707],[-113.0816,33.7792],[-113.0781,33.7822],[-113.0771,33.7851],[-113.0651,33.7891],[-113.0593,33.7941],[-113.0599,33.7965],[-113.0587,33.7982],[-113.0551,33.7967],[-113.0522,33.793],[-113.0482,33.7927],[-113.0463,33.7943],[-113.0413,33.7947],[-113.0387,33.7929],[-113.0321,33.7961],[-113.0218,33.7958],[-113.0142,33.7914],[-112.9976,33.7883],[-112.9796,33.7929],[-112.9786,33.7955],[-112.9802,33.8057],[-112.9884,33.8119],[-112.9897,33.8198],[-112.9948,33.8276],[-113.0007,33.8326],[-113.0028,33.839],[-113.0023,33.8437],[-113.0063,33.8464],[-113.0112,33.8436],[-113.0186,33.8436],[-113.0213,33.8456],[-113.0218,33.8492],[-113.0192,33.8551],[-113.0241,33.8601],[-113.029,33.8621]]]}},{"type":"Feature","properties":{"huc12":"150701020908","name":"City of Glendale-Agua Fria River"},"geometry":{"type":"Polygon","coordinates":[[[-112.1289,33.5704],[-112.1383,33.5738],[-112.1458,33.5681],[-112.1515,33.5675],[-112.1525,33.5655],[-112.1772,33.5459],[-112.1805,33.5458],[-112.1891,33.5422],[-112.1948,33.5421],[-112.2378,33.5235],[-112.2901,33.5225],[-112.3018,33.5129],[-112.3027,33.509],[-112.3062,33.5083],[-112.3194,33.5112],[-112.3316,33.5117],[-112.333,33.5088],[-112.3286,33.5038],[-112.3267,33.4992],[-112.3293,33.4931],[-112.3333,33.4897],[-112.3339,33.4845],[-112.3407,33.48],[-112.341,33.4613],[-112.3426,33.457],[-112.3433,33.4466],[-112.3449,33.4394],[-112.3497,33.436],[-112.3496,33.4297],[-112.355,33.4266],[-112.3577,33.4233],[-112.3579,33.4209],[-112.3621,33.4208],[-112.3621,33.4191],[-112.3683,33.4157],[-112.3734,33.415],[-112.3802,33.412],[-112.381,33.4065],[-112.3868,33.4063],[-112.3869,33.3975],[-112.368,33.3922],[-112.3634,33.3889],[-112.3593,33.3884],[-112.3551,33.3919],[-112.2722,33.3923],[-112.2723,33.4064],[-112.2627,33.4066],[-112.2521,33.4104],[-112.2463,33.4111],[-112.2356,33.4169],[-112.2299,33.4217],[-112.2233,33.4232],[-112.221,33.4267],[-112.221,33.4443],[-112.1918,33.4442],[-112.1893,33.4454],[-112.1867,33.4483],[-112.1866,33.4637],[-112.1482,33.4622],[-112.1344,33.4635],[-112.1178,33.4626],[-112.1235,33.4661],[-112.1205,33.473],[-112.1172,33.4767],[-112.1173,33.4797],[-112.1198,33.4844],[-112.12,33.4914],[-112.1243,33.4962],[-112.1242,33.515],[-112.123,33.5186],[-112.1226,33.5285],[-112.1241,33.5383],[-112.1231,33.5479],[-112.1242,33.5537],[-112.1219,33.5613],[-112.1175,33.5679],[-112.1172,33.5713],[-112.1289,33.5704]]]}},{"type":"Feature","properties":{"huc12":"150702010209","name":"Wild Horse Canyon"},"geometry":{"type":"Polygon","coordinates":[[[-113.1057,32.9941],[-113.1181,32.9971],[-113.1194,33.0039],[-113.1267,33.0076],[-113.132,33.0076],[-113.1345,33.0053],[-113.1381,33.0057],[-113.14,33.0034],[-113.1495,33.0055],[-113.1572,33.0052],[-113.162,33.0086],[-113.1688,33.0096],[-113.1682,33.0083],[-113.1638,33.0075],[-113.1602,33.0033],[-113.1644,32.9958],[-113.1635,32.9919],[-113.1619,32.9891],[-113.1574,32.9892],[-113.1557,32.9875],[-113.1563,32.985],[-113.1541,32.9833],[-113.1564,32.9776],[-113.1555,32.9758],[-113.1568,32.9748],[-113.1535,32.971],[-113.1587,32.9572],[-113.1559,32.9549],[-113.1543,32.9485],[-113.1476,32.95],[-113.1407,32.9465],[-113.1409,32.943],[-113.1351,32.9376],[-113.1295,32.9353],[-113.129,32.9325],[-113.1272,32.9318],[-113.128,32.924],[-113.1309,32.9176],[-113.1297,32.9158],[-113.1328,32.9139],[-113.1307,32.9085],[-113.1357,32.9021],[-113.1445,32.902],[-113.144,32.8983],[-113.1415,32.8953],[-113.146,32.8891],[-113.1449,32.8846],[-113.1423,32.8839],[-113.1319,32.873],[-113.0685,32.8898],[-113.0646,32.8936],[-113.0654,32.8955],[-113.0644,32.8998],[-113.0604,32.9027],[-113.0563,32.9083],[-113.0494,32.9128],[-113.0445,32.913],[-113.04,32.9169],[-113.0375,32.9168],[-113.0338,32.914],[-113.0342,32.9158],[-113.0316,32.9173],[-113.03,32.9205],[-113.0314,32.9234],[-113.0282,32.9271],[-113.0291,32.9317],[-113.0279,32.9336],[-113.0322,32.9384],[-113.0345,32.9386],[-113.0354,32.9369],[-113.0398,32.9361],[-113.0473,32.936],[-113.053,32.9426],[-113.06,32.9453],[-113.062,32.9489],[-113.0699,32.9542],[-113.0705,32.9592],[-113.072,32.9615],[-113.0853,32.9706],[-113.0911,32.9731],[-113.0948,32.9786],[-113.0908,32.9884],[-113.0962,32.9886],[-113.1018,32.9933],[-113.1057,32.9941]]]}},{"type":"Feature","properties":{"huc12":"150702010210","name":"150702010210"},"geometry":{"type":"Polygon","coordinates":[[[-113.1586,32.9579],[-113.1623,32.9579],[-113.1662,32.9615],[-113.1707,32.9623],[-113.172,32.9644],[-113.1727,32.9706],[-113.1715,32.9756],[-113.1749,32.9785],[-113.175,32.9808],[-113.1782,32.984],[-113.1789,32.9892],[-113.1828,32.993],[-113.1864,32.9933],[-113.1883,32.9958],[-113.1911,32.9953],[-113.1957,32.9974],[-113.2027,32.9966],[-113.2044,32.9992],[-113.212,32.997],[-113.2165,33.0001],[-113.2231,32.9954],[-113.2231,32.9929],[-113.2255,32.9916],[-113.2232,32.9862],[-113.22,32.9834],[-113.2179,32.9755],[-113.2213,32.9687],[-113.2204,32.9609],[-113.2222,32.9597],[-113.2223,32.9577],[-113.2287,32.9542],[-113.2259,32.9512],[-113.2261,32.946],[-113.2235,32.9391],[-113.2209,32.9375],[-113.2194,32.9342],[-113.208,32.9249],[-113.209,32.9188],[-113.2046,32.9119],[-113.2024,32.9119],[-113.2003,32.9103],[-113.2002,32.9066],[-113.1981,32.9051],[-113.1934,32.8976],[-113.1816,32.8941],[-113.1681,32.8953],[-113.1633,32.8935],[-113.1541,32.8947],[-113.1517,32.8904],[-113.1469,32.888],[-113.1456,32.8858],[-113.1459,32.8897],[-113.1415,32.8953],[-113.144,32.8983],[-113.1445,32.902],[-113.1357,32.9021],[-113.1307,32.9085],[-113.1328,32.9139],[-113.1297,32.9158],[-113.1309,32.9176],[-113.128,32.924],[-113.1272,32.9318],[-113.129,32.9325],[-113.1295,32.9353],[-113.1351,32.9376],[-113.1409,32.943],[-113.1407,32.9465],[-113.1476,32.95],[-113.1543,32.9485],[-113.1559,32.9549],[-113.1586,32.9579]]]}},{"type":"Feature","properties":{"huc12":"150702010211","name":"Rocky Point-Gila River"},"geometry":{"type":"Polygon","coordinates":[[[-113.1085,33.0364],[-113.1356,33.0429],[-113.1408,33.0454],[-113.1385,33.0513],[-113.1416,33.057],[-113.1451,33.0589],[-113.1577,33.0608],[-113.1586,33.0602],[-113.1573,33.0581],[-113.1572,33.0516],[-113.1618,33.0475],[-113.167,33.0368],[-113.1702,33.035],[-113.1711,33.0297],[-113.1742,33.0283],[-113.1811,33.0321],[-113.1885,33.0234],[-113.2027,33.0203],[-113.2094,33.0286],[-113.2171,33.0248],[-113.2217,33.0255],[-113.2262,33.0244],[-113.2289,33.0198],[-113.2281,33.0113],[-113.2297,33.0088],[-113.2376,33.007],[-113.2548,33.0076],[-113.2578,33.0064],[-113.2615,33.0026],[-113.2672,32.993],[-113.2691,32.985],[-113.2799,32.9813],[-113.2827,32.9792],[-113.2847,32.9755],[-113.2824,32.9743],[-113.2799,32.9758],[-113.2789,32.9785],[-113.2749,32.9783],[-113.2696,32.981],[-113.2611,32.9865],[-113.256,32.9927],[-113.251,32.9959],[-113.2374,32.998],[-113.2255,32.9916],[-113.2231,32.9929],[-113.2231,32.9954],[-113.2199,32.9967],[-113.2168,33.0001],[-113.212,32.997],[-113.2044,32.9992],[-113.2027,32.9966],[-113.1954,32.9973],[-113.1911,32.9953],[-113.1883,32.9958],[-113.1861,32.9932],[-113.1828,32.993],[-113.1784,32.9885],[-113.1782,32.984],[-113.175,32.9808],[-113.1749,32.9785],[-113.1715,32.9756],[-113.1727,32.9706],[-113.172,32.9644],[-113.1707,32.9623],[-113.1662,32.9615],[-113.1623,32.9579],[-113.1586,32.9579],[-113.1535,32.971],[-113.1568,32.9748],[-113.1555,32.9758],[-113.1564,32.9776],[-113.1541,32.9833],[-113.1563,32.985],[-113.1557,32.9875],[-113.1574,32.9892],[-113.1619,32.9891],[-113.1635,32.9919],[-113.1644,32.9958],[-113.1602,33.0033],[-113.1638,33.0075],[-113.1682,33.0083],[-113.1688,33.0096],[-113.162,33.0086],[-113.1572,33.0052],[-113.1495,33.0055],[-113.14,33.0034],[-113.1381,33.0057],[-113.1345,33.0053],[-113.132,33.0076],[-113.1267,33.0076],[-113.1194,33.0039],[-113.1181,32.9971],[-113.1057,32.9941],[-113.1057,33.0012],[-113.1026,33.0045],[-113.1034,33.0091],[-113.1107,33.0146],[-113.1163,33.015],[-113.1098,33.0176],[-113.1007,33.0254],[-113.0988,33.0255],[-113.0985,33.0302],[-113.1085,33.0364]]]}},{"type":"Feature","properties":{"huc12":"150701030202","name":"Town of Matthie"},"geometry":{"type":"Polygon","coordinates":[[[-112.809,34.0264],[-112.8078,34.0285],[-112.809,34.0309],[-112.8089,34.0368],[-112.8073,34.039],[-112.8073,34.043],[-112.8057,34.045],[-112.8057,34.0551],[-112.815,34.0613],[-112.8189,34.0618],[-112.8195,34.0636],[-112.8245,34.0653],[-112.8361,34.0828],[-112.8402,34.0938],[-112.8479,34.1059],[-112.8485,34.1282],[-112.8433,34.1479],[-112.846,34.1636],[-112.8531,34.17],[-112.8522,34.1493],[-112.8568,34.1408],[-112.8555,34.1349],[-112.8567,34.1222],[-112.8599,34.1216],[-112.8613,34.1186],[-112.8603,34.1086],[-112.8622,34.1041],[-112.8628,34.0923],[-112.859,34.0842],[-112.8569,34.0713],[-112.8554,34.0683],[-112.8574,34.0587],[-112.8545,34.0524],[-112.8507,34.0258],[-112.8472,34.0162],[-112.8477,34.0125],[-112.839,34.0069],[-112.8319,34.0054],[-112.8247,33.9987],[-112.819,33.9974],[-112.8121,33.9916],[-112.8064,33.9894],[-112.8036,33.9919],[-112.8044,34.0016],[-112.8057,34.0038],[-112.8038,34.0066],[-112.8039,34.0088],[-112.8077,34.0156],[-112.8085,34.0226],[-112.8104,34.0238],[-112.809,34.0264]]]}},{"type":"Feature","properties":{"huc12":"150701030203","name":"Middle Sols Wash"},"geometry":{"type":"Polygon","coordinates":[[[-112.8531,34.17],[-112.857,34.178],[-112.8628,34.1811],[-112.8653,34.1795],[-112.8707,34.1691],[-112.8707,34.1565],[-112.8741,34.1498],[-112.8752,34.1394],[-112.8773,34.1353],[-112.8973,34.1202],[-112.9197,34.1066],[-112.9233,34.1015],[-112.9311,34.0947],[-112.9436,34.0888],[-112.9482,34.0846],[-112.9525,34.0837],[-112.9528,34.0815],[-112.9526,34.0793],[-112.945,34.0788],[-112.9402,34.0732],[-112.9314,34.0671],[-112.9287,34.0633],[-112.9217,34.0612],[-112.9184,34.054],[-112.9143,34.0504],[-112.9095,34.0437],[-112.9048,34.0261],[-112.9076,34.0026],[-112.8963,33.9849],[-112.8984,33.9714],[-112.896,33.9607],[-112.8964,33.9562],[-112.8933,33.9534],[-112.8987,33.9475],[-112.8964,33.9444],[-112.8961,33.9416],[-112.8938,33.9425],[-112.8886,33.9365],[-112.8814,33.9326],[-112.8791,33.928],[-112.8823,33.923],[-112.8815,33.9195],[-112.8761,33.9146],[-112.8739,33.9175],[-112.87,33.9186],[-112.8691,33.9206],[-112.8642,33.9242],[-112.8573,33.9256],[-112.8588,33.9302],[-112.862,33.9345],[-112.8591,33.9389],[-112.8603,33.9438],[-112.8593,33.9455],[-112.8618,33.9518],[-112.8595,33.9548],[-112.8617,33.9571],[-112.8571,33.9601],[-112.857,33.9647],[-112.8499,33.9667],[-112.8479,33.9703],[-112.8413,33.9707],[-112.8366,33.973],[-112.8354,33.975],[-112.8287,33.9777],[-112.8271,33.9801],[-112.8251,33.9804],[-112.8202,33.9845],[-112.8157,33.9859],[-112.8108,33.9842],[-112.8057,33.9881],[-112.8064,33.9894],[-112.8128,33.992],[-112.819,33.9974],[-112.8247,33.9987],[-112.8319,34.0054],[-112.839,34.0069],[-112.8477,34.0125],[-112.8472,34.0162],[-112.8507,34.0258],[-112.8545,34.0524],[-112.8574,34.0587],[-112.8554,34.0683],[-112.8569,34.0713],[-112.859,34.0842],[-112.8628,34.0923],[-112.8622,34.1041],[-112.8603,34.1086],[-112.8613,34.1186],[-112.8599,34.1216],[-112.8567,34.1222],[-112.8555,34.1349],[-112.8568,34.1408],[-112.8522,34.1493],[-112.8531,34.17]]]}},{"type":"Feature","properties":{"huc12":"150701030204","name":"Lower Sols Wash"},"geometry":{"type":"Polygon","coordinates":[[[-112.797,34.0148],[-112.8095,34.0261],[-112.8104,34.0238],[-112.8085,34.0226],[-112.8077,34.0156],[-112.8039,34.0088],[-112.8038,34.0066],[-112.8057,34.0038],[-112.8033,33.9941],[-112.804,33.9907],[-112.8064,33.9894],[-112.8058,33.9878],[-112.8108,33.9842],[-112.8157,33.9859],[-112.8202,33.9845],[-112.8251,33.9804],[-112.8271,33.9801],[-112.8287,33.9777],[-112.8354,33.975],[-112.8366,33.973],[-112.8413,33.9707],[-112.8479,33.9703],[-112.8499,33.9667],[-112.857,33.9647],[-112.8571,33.9601],[-112.8617,33.9571],[-112.8595,33.9548],[-112.8618,33.9518],[-112.8593,33.9455],[-112.8603,33.9438],[-112.8591,33.9389],[-112.8619,33.9337],[-112.8588,33.9302],[-112.8573,33.9256],[-112.8654,33.9235],[-112.87,33.9186],[-112.8739,33.9175],[-112.8756,33.9147],[-112.8737,33.9147],[-112.8734,33.9122],[-112.8689,33.9088],[-112.8642,33.8918],[-112.8594,33.8943],[-112.857,33.8928],[-112.8552,33.8997],[-112.8522,33.9021],[-112.843,33.9056],[-112.8411,33.9051],[-112.8383,33.9007],[-112.8365,33.9057],[-112.8291,33.9063],[-112.8261,33.9097],[-112.821,33.9028],[-112.8184,33.9044],[-112.8159,33.9093],[-112.8109,33.913],[-112.8103,33.9155],[-112.8085,33.9152],[-112.8059,33.9174],[-112.8021,33.9173],[-112.7934,33.9225],[-112.7951,33.9299],[-112.7901,33.9327],[-112.7901,33.9362],[-112.788,33.94],[-112.7885,33.9427],[-112.7854,33.9432],[-112.7836,33.946],[-112.7714,33.9498],[-112.7578,33.9636],[-112.736,33.9673],[-112.7317,33.969],[-112.7286,33.9721],[-112.7344,33.9732],[-112.7366,33.9773],[-112.7409,33.9791],[-112.7439,33.9852],[-112.7473,33.9882],[-112.7591,33.9866],[-112.7638,33.9897],[-112.7707,33.9901],[-112.7818,33.9929],[-112.7858,33.9985],[-112.7911,33.999],[-112.7953,34.0132],[-112.797,34.0148]]]}},{"type":"Feature","properties":{"huc12":"150701030303","name":"Slim Jim Creek-Hassayampa River"},"geometry":{"type":"Polygon","coordinates":[[[-112.524,34.1635],[-112.5248,34.165],[-112.5218,34.1662],[-112.5222,34.1675],[-112.5245,34.1693],[-112.5263,34.1754],[-112.5304,34.1764],[-112.5338,34.1803],[-112.5334,34.1842],[-112.5349,34.1855],[-112.544,34.1819],[-112.5486,34.178],[-112.5525,34.178],[-112.5545,34.1732],[-112.5586,34.1706],[-112.5626,34.1648],[-112.5677,34.1635],[-112.5694,34.1599],[-112.5735,34.1606],[-112.5785,34.1595],[-112.581,34.1608],[-112.5866,34.159],[-112.5892,34.1607],[-112.5921,34.1607],[-112.5974,34.1594],[-112.5985,34.1572],[-112.6017,34.1561],[-112.6025,34.1538],[-112.6062,34.153],[-112.6113,34.1545],[-112.6099,34.1474],[-112.6114,34.1438],[-112.61,34.1414],[-112.6152,34.1345],[-112.6173,34.1348],[-112.62,34.1313],[-112.6228,34.1315],[-112.6258,34.1293],[-112.624,34.1239],[-112.6284,34.1173],[-112.6332,34.1136],[-112.634,34.1079],[-112.637,34.1053],[-112.6358,34.1041],[-112.6364,34.1015],[-112.6354,34.0989],[-112.6427,34.093],[-112.6444,34.0881],[-112.65,34.0834],[-112.6579,34.0739],[-112.6565,34.0709],[-112.6568,34.0667],[-112.6551,34.0643],[-112.6487,34.0626],[-112.6429,34.0569],[-112.6369,34.0596],[-112.6309,34.0596],[-112.6307,34.061],[-112.6269,34.0623],[-112.625,34.0607],[-112.6203,34.0599],[-112.6176,34.0566],[-112.6189,34.0551],[-112.6148,34.0515],[-112.6114,34.0518],[-112.6098,34.0541],[-112.6047,34.0542],[-112.5999,34.05],[-112.5953,34.051],[-112.5925,34.0531],[-112.5855,34.0514],[-112.5806,34.0534],[-112.5801,34.057],[-112.5766,34.0573],[-112.571,34.055],[-112.5669,34.0506],[-112.5589,34.0471],[-112.5558,34.044],[-112.5519,34.0475],[-112.5523,34.0527],[-112.5464,34.0565],[-112.541,34.0549],[-112.5378,34.0567],[-112.5323,34.0548],[-112.5319,34.0597],[-112.5297,34.0615],[-112.5231,34.0601],[-112.5199,34.0615],[-112.518,34.0654],[-112.5123,34.0694],[-112.5127,34.0712],[-112.5097,34.0729],[-112.5099,34.0766],[-112.5178,34.0818],[-112.5127,34.0859],[-112.5176,34.0941],[-112.5087,34.1005],[-112.5085,34.1027],[-112.5064,34.1049],[-112.5084,34.1066],[-112.5085,34.1089],[-112.5122,34.1146],[-112.5114,34.1193],[-112.5153,34.1217],[-112.5177,34.125],[-112.5164,34.1281],[-112.518,34.1333],[-112.5134,34.1362],[-112.5149,34.1398],[-112.5143,34.1443],[-112.5111,34.1459],[-112.5156,34.1505],[-112.519,34.152],[-112.5248,34.1501],[-112.5332,34.153],[-112.5329,34.1547],[-112.529,34.1557],[-112.5287,34.1577],[-112.5224,34.1604],[-112.522,34.1621],[-112.524,34.1635]]]}},{"type":"Feature","properties":{"huc12":"150701030304","name":"King Solomon Gulch-Hassayampa River"},"geometry":{"type":"Polygon","coordinates":[[[-112.6688,34.1694],[-112.6754,34.1681],[-112.6797,34.1616],[-112.6833,34.1593],[-112.6885,34.1585],[-112.6904,34.1559],[-112.6981,34.1533],[-112.6979,34.1494],[-112.7077,34.1503],[-112.7144,34.1433],[-112.7133,34.1331],[-112.7181,34.124],[-112.7195,34.1131],[-112.7158,34.1087],[-112.7162,34.1048],[-112.7133,34.1021],[-112.7131,34.0997],[-112.7095,34.0952],[-112.7079,34.0902],[-112.7036,34.0847],[-112.7089,34.0804],[-112.7062,34.0758],[-112.7107,34.067],[-112.7079,34.0548],[-112.706,34.0525],[-112.7066,34.0477],[-112.7109,34.0443],[-112.7095,34.0383],[-112.6885,34.0316],[-112.6857,34.0297],[-112.679,34.0299],[-112.6785,34.0281],[-112.6685,34.03],[-112.6661,34.0281],[-112.6602,34.0317],[-112.6559,34.0316],[-112.6535,34.0349],[-112.6463,34.035],[-112.6451,34.0375],[-112.6407,34.041],[-112.6374,34.0387],[-112.6323,34.0395],[-112.6315,34.041],[-112.6292,34.0413],[-112.628,34.0382],[-112.6255,34.0402],[-112.6239,34.0401],[-112.62,34.0364],[-112.6122,34.0341],[-112.6092,34.0306],[-112.5881,34.0246],[-112.5857,34.0229],[-112.5857,34.0213],[-112.5715,34.02],[-112.569,34.0223],[-112.5662,34.0217],[-112.5616,34.0251],[-112.5564,34.0261],[-112.5567,34.0353],[-112.5547,34.0365],[-112.5547,34.0419],[-112.5575,34.0462],[-112.5669,34.0506],[-112.571,34.055],[-112.5784,34.0574],[-112.5804,34.0567],[-112.5806,34.0534],[-112.5855,34.0514],[-112.5925,34.0531],[-112.5953,34.051],[-112.5999,34.05],[-112.6047,34.0542],[-112.6098,34.0541],[-112.6114,34.0518],[-112.6148,34.0515],[-112.6189,34.0551],[-112.6176,34.0566],[-112.6205,34.06],[-112.625,34.0607],[-112.6271,34.0623],[-112.6307,34.061],[-112.6309,34.0596],[-112.6369,34.0596],[-112.644,34.057],[-112.6477,34.062],[-112.6549,34.0641],[-112.6569,34.0685],[-112.6597,34.0694],[-112.6667,34.0773],[-112.6732,34.0957],[-112.6692,34.0998],[-112.6695,34.1019],[-112.6674,34.1056],[-112.6683,34.107],[-112.6678,34.1192],[-112.6658,34.1213],[-112.664,34.1207],[-112.6631,34.1259],[-112.6646,34.1337],[-112.6629,34.1361],[-112.6628,34.1396],[-112.6583,34.1427],[-112.6581,34.148],[-112.6584,34.1514],[-112.6622,34.1531],[-112.662,34.1566],[-112.6639,34.1579],[-112.6643,34.1632],[-112.6676,34.1647],[-112.6672,34.1673],[-112.6688,34.1694]]]}},{"type":"Feature","properties":{"huc12":"150701030306","name":"Antelope Creek"},"geometry":{"type":"Polygon","coordinates":[[[-112.6751,34.2266],[-112.6844,34.2324],[-112.6906,34.2283],[-112.6925,34.225],[-112.7066,34.2192],[-112.7135,34.2179],[-112.7168,34.2196],[-112.7208,34.2194],[-112.7236,34.2211],[-112.7288,34.2178],[-112.73,34.2155],[-112.738,34.2144],[-112.7445,34.2164],[-112.7548,34.2125],[-112.7561,34.2108],[-112.7633,34.2138],[-112.7675,34.2131],[-112.7708,34.217],[-112.7766,34.2142],[-112.781,34.2157],[-112.7877,34.2088],[-112.7927,34.2092],[-112.7996,34.2032],[-112.7982,34.1945],[-112.7995,34.1901],[-112.8053,34.1783],[-112.8084,34.1749],[-112.8091,34.1695],[-112.813,34.1601],[-112.8163,34.1439],[-112.8136,34.1386],[-112.8135,34.1346],[-112.8112,34.1312],[-112.8123,34.1253],[-112.8114,34.1227],[-112.8067,34.1153],[-112.8052,34.1088],[-112.8015,34.1076],[-112.8002,34.1026],[-112.7969,34.0994],[-112.7992,34.0983],[-112.7991,34.0936],[-112.7964,34.089],[-112.7962,34.0844],[-112.7943,34.082],[-112.7948,34.0782],[-112.7921,34.0723],[-112.7927,34.0702],[-112.7882,34.0695],[-112.7829,34.0646],[-112.7834,34.0602],[-112.7821,34.0562],[-112.7875,34.0442],[-112.7873,34.0423],[-112.7887,34.0417],[-112.7889,34.0379],[-112.7812,34.0374],[-112.7784,34.0395],[-112.7757,34.0477],[-112.7687,34.0519],[-112.7684,34.0536],[-112.7694,34.0538],[-112.7802,34.0526],[-112.7804,34.0556],[-112.7766,34.0668],[-112.7738,34.0686],[-112.7711,34.0726],[-112.7624,34.0764],[-112.7531,34.0844],[-112.7527,34.0873],[-112.7502,34.0894],[-112.7452,34.098],[-112.7448,34.1043],[-112.7466,34.1202],[-112.7435,34.1239],[-112.74,34.1369],[-112.7343,34.1428],[-112.7303,34.1505],[-112.7289,34.159],[-112.7291,34.1691],[-112.7229,34.1716],[-112.7202,34.1741],[-112.7107,34.1773],[-112.7113,34.1805],[-112.7053,34.1899],[-112.6988,34.1905],[-112.6975,34.1894],[-112.6883,34.189],[-112.6844,34.1899],[-112.6838,34.1926],[-112.6787,34.1951],[-112.677,34.1978],[-112.6773,34.203],[-112.6752,34.2055],[-112.6762,34.2105],[-112.6721,34.2173],[-112.672,34.2194],[-112.6746,34.2211],[-112.6741,34.2252],[-112.6751,34.2266]]]}},{"type":"Feature","properties":{"huc12":"150701030307","name":"Martinez Creek"},"geometry":{"type":"Polygon","coordinates":[[[-112.8505,34.2712],[-112.855,34.2674],[-112.8602,34.2662],[-112.8621,34.2662],[-112.865,34.2689],[-112.8669,34.268],[-112.8683,34.2615],[-112.8665,34.2568],[-112.8693,34.2499],[-112.8691,34.2449],[-112.8724,34.2434],[-112.873,34.2412],[-112.87,34.2366],[-112.8768,34.2281],[-112.8831,34.2274],[-112.8836,34.226],[-112.8808,34.2235],[-112.8849,34.2212],[-112.888,34.2167],[-112.8817,34.2147],[-112.8857,34.2105],[-112.8879,34.21],[-112.8826,34.2045],[-112.8744,34.2047],[-112.869,34.2113],[-112.8644,34.2124],[-112.8636,34.2164],[-112.8597,34.2211],[-112.852,34.2161],[-112.8486,34.2114],[-112.8506,34.2037],[-112.8557,34.1997],[-112.8579,34.1909],[-112.8626,34.1836],[-112.8628,34.1812],[-112.857,34.178],[-112.8539,34.171],[-112.8459,34.1633],[-112.8433,34.1479],[-112.8485,34.1282],[-112.8478,34.1057],[-112.8402,34.0938],[-112.8361,34.0828],[-112.8245,34.0653],[-112.8195,34.0636],[-112.8189,34.0618],[-112.815,34.0613],[-112.8057,34.0551],[-112.8057,34.0448],[-112.8075,34.0425],[-112.8073,34.039],[-112.8091,34.0342],[-112.8078,34.0285],[-112.809,34.0264],[-112.8075,34.0246],[-112.797,34.0148],[-112.7948,34.0149],[-112.7669,34.0009],[-112.7599,33.9986],[-112.7571,33.9996],[-112.7493,33.9973],[-112.747,33.9991],[-112.7453,33.9985],[-112.7489,34.0049],[-112.7544,34.0072],[-112.7579,34.0114],[-112.7659,34.0166],[-112.7692,34.0216],[-112.7703,34.0257],[-112.7647,34.0352],[-112.762,34.0361],[-112.7563,34.0431],[-112.7567,34.0451],[-112.7516,34.0518],[-112.7524,34.0585],[-112.7553,34.0589],[-112.7591,34.0643],[-112.7612,34.0596],[-112.7684,34.0536],[-112.7687,34.0519],[-112.7757,34.0477],[-112.7784,34.0395],[-112.7812,34.0374],[-112.7891,34.0382],[-112.7887,34.0417],[-112.7873,34.0423],[-112.7875,34.0442],[-112.7821,34.0562],[-112.7834,34.0602],[-112.7829,34.0646],[-112.7882,34.0695],[-112.7927,34.0702],[-112.7921,34.0723],[-112.7948,34.0782],[-112.7943,34.082],[-112.7962,34.0844],[-112.7964,34.089],[-112.7991,34.0936],[-112.7992,34.0983],[-112.7969,34.0994],[-112.8002,34.1026],[-112.8015,34.1076],[-112.8052,34.1088],[-112.8067,34.1153],[-112.8114,34.1227],[-112.8123,34.1253],[-112.8112,34.1312],[-112.8135,34.1346],[-112.8136,34.1386],[-112.8163,34.1439],[-112.813,34.1601],[-112.8091,34.1695],[-112.8084,34.1749],[-112.8053,34.1783],[-112.7995,34.1901],[-112.7982,34.1945],[-112.7996,34.2032],[-112.7927,34.2092],[-112.7877,34.2088],[-112.7844,34.2131],[-112.7815,34.2145],[-112.7823,34.2207],[-112.7927,34.23],[-112.7939,34.2368],[-112.7963,34.2406],[-112.7958,34.2465],[-112.8031,34.2458],[-112.8084,34.2488],[-112.8138,34.2541],[-112.8229,34.2585],[-112.8266,34.2579],[-112.8309,34.262],[-112.8423,34.2661],[-112.8505,34.2712]]]}},{"type":"Feature","properties":{"huc12":"150701040508","name":"Harquahala Plain"},"geometry":{"type":"Polygon","coordinates":[[[-113.0978,33.5488],[-113.1009,33.5556],[-113.1112,33.5622],[-113.1134,33.5676],[-113.125,33.5728],[-113.1336,33.574],[-113.1485,33.5793],[-113.158,33.5861],[-113.1686,33.588],[-113.1762,33.5872],[-113.1883,33.5888],[-113.2104,33.5864],[-113.2101,33.5652],[-113.2055,33.5478],[-113.2063,33.5458],[-113.2163,33.5438],[-113.2375,33.5312],[-113.249,33.5263],[-113.2342,33.5111],[-113.2027,33.4847],[-113.2016,33.482],[-113.2021,33.4791],[-113.2118,33.4681],[-113.2016,33.4646],[-113.188,33.4453],[-113.174,33.4385],[-113.1558,33.4273],[-113.149,33.4216],[-113.1274,33.4211],[-113.1272,33.3993],[-113.1253,33.3969],[-113.1232,33.3968],[-113.1051,33.384],[-113.1039,33.3851],[-113.1032,33.3912],[-113.0997,33.3937],[-113.0957,33.396],[-113.0909,33.3965],[-113.0871,33.3996],[-113.0814,33.4008],[-113.0956,33.4018],[-113.1073,33.4011],[-113.109,33.4044],[-113.1085,33.4066],[-113.1027,33.4085],[-113.1012,33.4108],[-113.102,33.4178],[-113.0985,33.4287],[-113.0992,33.436],[-113.0975,33.445],[-113.0882,33.4556],[-113.0759,33.4635],[-113.0729,33.4674],[-113.0666,33.4717],[-113.0668,33.4803],[-113.0877,33.5],[-113.0926,33.5088],[-113.0992,33.5159],[-113.1119,33.525],[-113.1225,33.5283],[-113.1217,33.5308],[-113.111,33.5406],[-113.1023,33.5474],[-113.0978,33.5488]]]}},{"type":"Feature","properties":{"huc12":"150701040603","name":"Tonopah Desert"},"geometry":{"type":"Polygon","coordinates":[[[-112.9541,33.5155],[-112.9688,33.5305],[-112.9765,33.5411],[-112.9863,33.5488],[-112.9944,33.562],[-112.9953,33.5626],[-113.0082,33.5582],[-112.9917,33.509],[-112.9913,33.5017],[-112.9884,33.4955],[-112.9887,33.4791],[-112.9589,33.479],[-112.9584,33.4759],[-112.9564,33.4752],[-112.9538,33.4716],[-112.9454,33.4688],[-112.9403,33.4649],[-112.9144,33.4643],[-112.9303,33.4656],[-112.9327,33.4744],[-112.9326,33.4849],[-112.9445,33.5048],[-112.9541,33.5155]]]}},{"type":"Feature","properties":{"huc12":"150701040604","name":"Delaney Wash"},"geometry":{"type":"Polygon","coordinates":[[[-113.1108,33.7056],[-113.1191,33.7023],[-113.1198,33.6965],[-113.1183,33.6941],[-113.1234,33.6897],[-113.1207,33.6869],[-113.1208,33.6851],[-113.1234,33.6803],[-113.1263,33.6793],[-113.1293,33.6746],[-113.1275,33.6712],[-113.1291,33.6672],[-113.1336,33.6637],[-113.1384,33.6644],[-113.1408,33.663],[-113.1432,33.6601],[-113.1402,33.6588],[-113.141,33.6564],[-113.1431,33.6575],[-113.1462,33.6567],[-113.1498,33.6498],[-113.1516,33.6422],[-113.1535,33.6402],[-113.1476,33.6353],[-113.1415,33.6346],[-113.138,33.6294],[-113.137,33.624],[-113.1352,33.6228],[-113.1326,33.6245],[-113.1286,33.6226],[-113.1239,33.6226],[-113.1219,33.6247],[-113.1199,33.6232],[-113.1166,33.6231],[-113.116,33.6262],[-113.113,33.6287],[-113.1093,33.6256],[-113.1049,33.6242],[-113.1034,33.622],[-113.1018,33.6225],[-113.1011,33.6206],[-113.0984,33.6201],[-113.0965,33.6226],[-113.0912,33.6214],[-113.0851,33.6173],[-113.0793,33.6156],[-113.0752,33.6089],[-113.0713,33.6067],[-113.0664,33.601],[-113.0619,33.5896],[-113.0554,33.5802],[-113.0552,33.5659],[-113.0538,33.564],[-113.0517,33.5525],[-113.0474,33.5436],[-113.0443,33.542],[-113.0385,33.5319],[-113.0352,33.5185],[-113.0317,33.5139],[-113.03,33.5135],[-113.0253,33.4964],[-113.025,33.4901],[-113.0234,33.4891],[-113.0246,33.4875],[-113.0221,33.4807],[-113.0192,33.48],[-113.0223,33.4754],[-113.0209,33.4719],[-113.0224,33.4651],[-113.0267,33.459],[-113.028,33.4534],[-113.0345,33.4458],[-113.0392,33.4425],[-113.0401,33.4398],[-113.0378,33.4381],[-113.035,33.4391],[-113.0303,33.4443],[-113.0238,33.4472],[-113.0135,33.4447],[-112.988,33.4449],[-112.9848,33.4437],[-112.9832,33.4409],[-112.9776,33.4425],[-112.9603,33.4373],[-112.9543,33.4299],[-112.9524,33.432],[-112.9564,33.4383],[-112.9545,33.4427],[-112.9522,33.4448],[-112.9455,33.4451],[-112.9424,33.4488],[-112.9386,33.4485],[-112.9305,33.4451],[-112.9294,33.4411],[-112.9251,33.4398],[-112.9223,33.4396],[-112.9126,33.4429],[-112.9095,33.4425],[-112.912,33.4464],[-112.921,33.4526],[-112.9244,33.4567],[-112.9318,33.4579],[-112.9367,33.4601],[-112.9371,33.4635],[-112.9397,33.464],[-112.9454,33.4688],[-112.9538,33.4716],[-112.9564,33.4752],[-112.9584,33.4759],[-112.9587,33.4789],[-112.9887,33.4791],[-112.9883,33.4949],[-112.9913,33.5017],[-112.9917,33.509],[-113.0003,33.5325],[-113.0041,33.5481],[-113.0079,33.5554],[-113.0082,33.5582],[-113.0056,33.5591],[-113.0214,33.5849],[-113.03,33.5922],[-113.0388,33.6034],[-113.0477,33.6223],[-113.0477,33.6291],[-113.0522,33.6338],[-113.053,33.6415],[-113.05,33.6452],[-113.0491,33.6502],[-113.051,33.6539],[-113.0506,33.6565],[-113.0532,33.6599],[-113.0503,33.6619],[-113.0517,33.6677],[-113.0499,33.6695],[-113.0498,33.6759],[-113.0574,33.6826],[-113.059,33.6885],[-113.0647,33.6917],[-113.0671,33.6908],[-113.0705,33.6913],[-113.074,33.6885],[-113.0738,33.6863],[-113.0756,33.6843],[-113.0818,33.6845],[-113.0852,33.6814],[-113.0861,33.6829],[-113.0904,33.6843],[-113.0927,33.6898],[-113.0972,33.6946],[-113.1093,33.7015],[-113.1108,33.7056]]]}},{"type":"Feature","properties":{"huc12":"150701030403","name":"Vulture Mountains"},"geometry":{"type":"Polygon","coordinates":[[[-112.9206,33.8905],[-112.9228,33.8927],[-112.9288,33.895],[-112.934,33.8941],[-112.9359,33.8906],[-112.9463,33.8959],[-112.952,33.8916],[-112.961,33.8912],[-112.9679,33.8861],[-112.9709,33.8804],[-112.9737,33.8787],[-112.9764,33.879],[-112.975,33.8749],[-112.9827,33.8748],[-112.9818,33.8727],[-112.983,33.871],[-112.9903,33.8736],[-112.9932,33.8717],[-112.9963,33.8727],[-112.9992,33.8695],[-112.9978,33.8682],[-112.9986,33.8664],[-113.0058,33.8675],[-113.0068,33.8645],[-113.0102,33.8628],[-113.0201,33.8665],[-113.0231,33.8659],[-113.0291,33.8619],[-113.0241,33.8601],[-113.0192,33.8551],[-113.0218,33.8492],[-113.0213,33.8456],[-113.0186,33.8436],[-113.0112,33.8436],[-113.0063,33.8464],[-113.0023,33.8437],[-113.0028,33.839],[-113.0007,33.8326],[-112.9948,33.8276],[-112.9897,33.8198],[-112.9884,33.8119],[-112.9779,33.804],[-112.9674,33.7874],[-112.9598,33.7814],[-112.9513,33.7961],[-112.9498,33.8036],[-112.9457,33.8087],[-112.9455,33.815],[-112.9412,33.8331],[-112.9417,33.8389],[-112.9362,33.8475],[-112.9356,33.8579],[-112.9367,33.861],[-112.9335,33.8627],[-112.9297,33.8611],[-112.9303,33.8623],[-112.9285,33.865],[-112.9295,33.8701],[-112.928,33.8705],[-112.9268,33.8755],[-112.9294,33.8771],[-112.9291,33.8784],[-112.9273,33.8819],[-112.9216,33.8837],[-112.9228,33.8865],[-112.9215,33.8885],[-112.9196,33.8889],[-112.9206,33.8905]]]}},{"type":"Feature","properties":{"huc12":"150701030404","name":"Box Wash"},"geometry":{"type":"Polygon","coordinates":[[[-112.8243,33.9064],[-112.8261,33.9097],[-112.8291,33.9063],[-112.8365,33.9057],[-112.8383,33.9007],[-112.8424,33.9057],[-112.8522,33.9021],[-112.8556,33.8992],[-112.8574,33.8905],[-112.8569,33.8897],[-112.8561,33.8917],[-112.8531,33.8919],[-112.8431,33.8833],[-112.8375,33.8865],[-112.8364,33.8845],[-112.834,33.885],[-112.8339,33.8834],[-112.8308,33.8837],[-112.8277,33.8807],[-112.8248,33.8807],[-112.8204,33.8782],[-112.8214,33.874],[-112.8173,33.8694],[-112.8182,33.8653],[-112.8203,33.8636],[-112.8165,33.8591],[-112.8106,33.8597],[-112.8073,33.8581],[-112.806,33.8535],[-112.8012,33.8493],[-112.8006,33.8469],[-112.7906,33.8361],[-112.7919,33.8331],[-112.7898,33.8248],[-112.7832,33.8151],[-112.7791,33.8036],[-112.7796,33.8004],[-112.7757,33.7954],[-112.7763,33.7914],[-112.7735,33.7802],[-112.7747,33.7681],[-112.7723,33.7642],[-112.7705,33.7522],[-112.7669,33.7478],[-112.7661,33.7447],[-112.7677,33.7333],[-112.7655,33.7261],[-112.765,33.7173],[-112.7675,33.7071],[-112.7668,33.7011],[-112.7727,33.6839],[-112.771,33.6808],[-112.7634,33.6966],[-112.7552,33.7099],[-112.7508,33.7145],[-112.7452,33.7305],[-112.7448,33.7365],[-112.7416,33.7482],[-112.7408,33.7571],[-112.7436,33.766],[-112.7421,33.7769],[-112.7457,33.7816],[-112.7481,33.7873],[-112.7506,33.7985],[-112.7484,33.8023],[-112.7445,33.8024],[-112.7432,33.8149],[-112.7457,33.8236],[-112.7447,33.828],[-112.7491,33.8395],[-112.7486,33.8504],[-112.743,33.8642],[-112.7458,33.8698],[-112.745,33.8707],[-112.7484,33.8742],[-112.7524,33.8749],[-112.7552,33.879],[-112.7621,33.8802],[-112.7694,33.8838],[-112.7732,33.8812],[-112.7773,33.8821],[-112.7802,33.8788],[-112.7814,33.8818],[-112.7842,33.8825],[-112.7842,33.8846],[-112.7917,33.8861],[-112.7952,33.8849],[-112.7967,33.8898],[-112.8007,33.8903],[-112.8021,33.892],[-112.8046,33.8914],[-112.8059,33.8951],[-112.8071,33.8949],[-112.8091,33.9022],[-112.8113,33.9039],[-112.8184,33.9044],[-112.8214,33.9027],[-112.8243,33.9064]]]}},{"type":"Feature","properties":{"huc12":"150701030405","name":"Upper Star Wash"},"geometry":{"type":"Polygon","coordinates":[[[-112.7728,33.6833],[-112.7668,33.7011],[-112.7675,33.7071],[-112.765,33.7177],[-112.7655,33.7261],[-112.7677,33.7333],[-112.7661,33.7447],[-112.7669,33.7478],[-112.7705,33.7522],[-112.7723,33.7642],[-112.7747,33.7681],[-112.7735,33.7802],[-112.7763,33.7914],[-112.7757,33.7954],[-112.7796,33.8004],[-112.7791,33.8036],[-112.7832,33.8151],[-112.7898,33.8248],[-112.7919,33.8331],[-112.7904,33.8352],[-112.7909,33.8366],[-112.8006,33.8469],[-112.8026,33.8509],[-112.806,33.8535],[-112.8073,33.8581],[-112.8106,33.8597],[-112.8165,33.8591],[-112.8203,33.8636],[-112.8182,33.8653],[-112.8173,33.8694],[-112.8214,33.874],[-112.8204,33.8782],[-112.8248,33.8807],[-112.8277,33.8807],[-112.8308,33.8837],[-112.8339,33.8834],[-112.834,33.885],[-112.8362,33.8844],[-112.8376,33.8864],[-112.8429,33.8832],[-112.8414,33.8797],[-112.844,33.8779],[-112.8432,33.8768],[-112.8454,33.8749],[-112.8457,33.8728],[-112.8427,33.8692],[-112.8423,33.8668],[-112.8444,33.8634],[-112.8433,33.8627],[-112.8427,33.8592],[-112.8361,33.8529],[-112.8394,33.8391],[-112.8389,33.8364],[-112.8367,33.8347],[-112.8351,33.8274],[-112.8369,33.8249],[-112.8332,33.824],[-112.8348,33.8217],[-112.8359,33.8154],[-112.8331,33.8134],[-112.8315,33.8088],[-112.829,33.807],[-112.828,33.8043],[-112.8287,33.7978],[-112.8304,33.7965],[-112.8307,33.7934],[-112.8274,33.785],[-112.8273,33.7764],[-112.8213,33.7638],[-112.8177,33.7602],[-112.8135,33.7521],[-112.8093,33.7468],[-112.8051,33.7442],[-112.7943,33.7298],[-112.7927,33.724],[-112.7884,33.7218],[-112.7865,33.7179],[-112.7859,33.7117],[-112.7768,33.7008],[-112.7777,33.6956],[-112.7755,33.6856],[-112.7744,33.6828],[-112.7728,33.6833]]]}},{"type":"Feature","properties":{"huc12":"150701030406","name":"Mill Wash"},"geometry":{"type":"Polygon","coordinates":[[[-112.8571,33.8927],[-112.8594,33.8943],[-112.8642,33.8918],[-112.8683,33.9061],[-112.8715,33.9064],[-112.876,33.9038],[-112.8769,33.9016],[-112.8799,33.902],[-112.8805,33.8996],[-112.8859,33.9009],[-112.8922,33.8945],[-112.8973,33.8933],[-112.8985,33.8884],[-112.9029,33.8864],[-112.903,33.879],[-112.9065,33.8762],[-112.9071,33.8723],[-112.9037,33.869],[-112.904,33.8654],[-112.9054,33.8639],[-112.9058,33.8562],[-112.9026,33.8516],[-112.9023,33.8443],[-112.9052,33.8408],[-112.9,33.8335],[-112.8976,33.8253],[-112.8979,33.7984],[-112.8959,33.79],[-112.8969,33.7828],[-112.8924,33.767],[-112.8935,33.7593],[-112.8924,33.7538],[-112.888,33.7463],[-112.877,33.733],[-112.8637,33.726],[-112.8523,33.7242],[-112.8403,33.7149],[-112.8292,33.7109],[-112.8176,33.6979],[-112.7996,33.6875],[-112.7937,33.6798],[-112.7854,33.6748],[-112.7835,33.6717],[-112.7835,33.6689],[-112.7742,33.6559],[-112.7737,33.6691],[-112.7759,33.674],[-112.7725,33.6771],[-112.7777,33.6953],[-112.7768,33.7008],[-112.7859,33.7117],[-112.7865,33.7179],[-112.7884,33.7218],[-112.7927,33.724],[-112.7943,33.7298],[-112.8051,33.7442],[-112.8093,33.7468],[-112.8135,33.7521],[-112.8177,33.7602],[-112.8213,33.7638],[-112.8273,33.7764],[-112.8274,33.785],[-112.8307,33.7934],[-112.8304,33.7965],[-112.8287,33.7978],[-112.828,33.8043],[-112.829,33.807],[-112.8315,33.8088],[-112.8331,33.8134],[-112.8359,33.8154],[-112.8348,33.8217],[-112.8332,33.824],[-112.8369,33.8249],[-112.8351,33.8274],[-112.8367,33.8347],[-112.8389,33.8364],[-112.8394,33.8391],[-112.8361,33.8529],[-112.8411,33.8566],[-112.8444,33.8634],[-112.8423,33.8669],[-112.843,33.87],[-112.8456,33.8726],[-112.8455,33.8748],[-112.8432,33.8768],[-112.8438,33.8781],[-112.8414,33.8798],[-112.8429,33.8832],[-112.8528,33.8917],[-112.8561,33.8917],[-112.857,33.8898],[-112.8571,33.8927]]]}},{"type":"Feature","properties":{"huc12":"150701030407","name":"Powerline Wash"},"geometry":{"type":"Polygon","coordinates":[[[-112.8941,33.8943],[-112.8982,33.8976],[-112.9034,33.8952],[-112.9096,33.8969],[-112.9096,33.8944],[-112.9126,33.8921],[-112.9191,33.8936],[-112.9192,33.8913],[-112.9206,33.8905],[-112.9196,33.8889],[-112.9215,33.8885],[-112.9228,33.8865],[-112.9216,33.8837],[-112.9273,33.8819],[-112.9291,33.8784],[-112.9294,33.8771],[-112.9268,33.8755],[-112.928,33.8705],[-112.9295,33.8701],[-112.9285,33.865],[-112.9303,33.8623],[-112.9297,33.8611],[-112.9335,33.8627],[-112.9367,33.861],[-112.9356,33.8579],[-112.9364,33.8468],[-112.9417,33.8389],[-112.9405,33.8239],[-112.9425,33.8109],[-112.942,33.8023],[-112.9393,33.7923],[-112.9361,33.7865],[-112.9345,33.7775],[-112.9351,33.7675],[-112.9323,33.755],[-112.9229,33.746],[-112.9047,33.7365],[-112.8882,33.7246],[-112.8744,33.7133],[-112.8709,33.708],[-112.8625,33.704],[-112.8583,33.6994],[-112.8491,33.694],[-112.844,33.6894],[-112.8347,33.6833],[-112.8162,33.6784],[-112.812,33.6735],[-112.8068,33.6708],[-112.8025,33.6663],[-112.7984,33.6653],[-112.7969,33.6606],[-112.7899,33.6504],[-112.7894,33.6471],[-112.7807,33.6413],[-112.7789,33.6377],[-112.7763,33.6507],[-112.7778,33.6537],[-112.7775,33.6608],[-112.7835,33.6689],[-112.7835,33.6717],[-112.7854,33.6748],[-112.7937,33.6798],[-112.7996,33.6875],[-112.8176,33.6979],[-112.8284,33.7104],[-112.8403,33.7149],[-112.8523,33.7242],[-112.8637,33.726],[-112.877,33.733],[-112.888,33.7463],[-112.8924,33.7538],[-112.8935,33.7593],[-112.8924,33.767],[-112.8969,33.7828],[-112.8959,33.79],[-112.8979,33.7984],[-112.8976,33.8253],[-112.9,33.8335],[-112.9052,33.8408],[-112.9023,33.8438],[-112.9026,33.8516],[-112.9053,33.855],[-112.9061,33.8588],[-112.9037,33.869],[-112.9072,33.8726],[-112.9065,33.8762],[-112.903,33.879],[-112.9027,33.8867],[-112.8989,33.8879],[-112.8973,33.8903],[-112.8973,33.8933],[-112.8941,33.8943]]]}},{"type":"Feature","properties":{"huc12":"150701030501","name":"Little San Domingo Wash-Hassayampa River"},"geometry":{"type":"Polygon","coordinates":[[[-112.5545,33.9546],[-112.5592,33.9546],[-112.5618,33.9527],[-112.5709,33.9504],[-112.5737,33.9486],[-112.5752,33.945],[-112.582,33.9454],[-112.5832,33.944],[-112.5872,33.9433],[-112.5897,33.9392],[-112.6038,33.9329],[-112.6066,33.9336],[-112.6101,33.9285],[-112.6131,33.9285],[-112.6131,33.9263],[-112.6156,33.9252],[-112.6174,33.9219],[-112.6205,33.921],[-112.6185,33.9146],[-112.6192,33.9132],[-112.6296,33.9088],[-112.6367,33.8997],[-112.6422,33.8963],[-112.6439,33.893],[-112.6481,33.8917],[-112.6523,33.8884],[-112.6583,33.8868],[-112.6602,33.8849],[-112.6622,33.8857],[-112.6639,33.8843],[-112.669,33.8844],[-112.6798,33.8863],[-112.6838,33.8851],[-112.6888,33.8804],[-112.6943,33.8845],[-112.6985,33.8829],[-112.7031,33.8897],[-112.7089,33.8888],[-112.711,33.8901],[-112.7172,33.8872],[-112.7187,33.8856],[-112.7187,33.8832],[-112.7245,33.8816],[-112.7229,33.8768],[-112.7202,33.8741],[-112.7158,33.8726],[-112.7138,33.8693],[-112.7156,33.8666],[-112.7154,33.8642],[-112.7104,33.8622],[-112.7089,33.8599],[-112.7073,33.853],[-112.71,33.852],[-112.7112,33.8487],[-112.7074,33.8455],[-112.7068,33.8419],[-112.7006,33.8373],[-112.6984,33.8387],[-112.6948,33.8371],[-112.6929,33.8326],[-112.687,33.8258],[-112.6828,33.8228],[-112.6819,33.8205],[-112.6791,33.8202],[-112.6792,33.8186],[-112.6773,33.8172],[-112.6718,33.8193],[-112.6649,33.8192],[-112.6621,33.8169],[-112.6605,33.8181],[-112.6578,33.8175],[-112.6518,33.8191],[-112.6498,33.8225],[-112.6507,33.8273],[-112.6467,33.83],[-112.6473,33.8363],[-112.6452,33.8403],[-112.6466,33.8484],[-112.6363,33.8509],[-112.63,33.8549],[-112.6181,33.8573],[-112.607,33.8684],[-112.5949,33.8838],[-112.5931,33.8943],[-112.5911,33.8949],[-112.5901,33.8984],[-112.5824,33.9049],[-112.5832,33.9147],[-112.5795,33.9174],[-112.5752,33.9249],[-112.5726,33.9252],[-112.5701,33.9271],[-112.5699,33.9312],[-112.567,33.9373],[-112.5653,33.9391],[-112.5616,33.9385],[-112.5622,33.9396],[-112.5561,33.944],[-112.5544,33.9468],[-112.5474,33.9465],[-112.5482,33.9499],[-112.5545,33.9546]]]}},{"type":"Feature","properties":{"huc12":"150701030408","name":"Lower Star Wash"},"geometry":{"type":"Polygon","coordinates":[[[-112.7451,33.6832],[-112.7452,33.6911],[-112.7434,33.6956],[-112.7439,33.7126],[-112.7415,33.717],[-112.7343,33.7422],[-112.7369,33.7503],[-112.7355,33.7608],[-112.7418,33.7745],[-112.7436,33.766],[-112.7408,33.7555],[-112.7452,33.7305],[-112.7508,33.7145],[-112.7552,33.7099],[-112.7634,33.6966],[-112.7707,33.6811],[-112.7728,33.6833],[-112.7744,33.6828],[-112.7726,33.6766],[-112.7759,33.674],[-112.7737,33.6691],[-112.7734,33.6595],[-112.7744,33.6559],[-112.7773,33.66],[-112.7779,33.6543],[-112.7763,33.6507],[-112.7789,33.6377],[-112.7807,33.6413],[-112.7894,33.6471],[-112.7899,33.6504],[-112.7969,33.6606],[-112.7984,33.6653],[-112.8025,33.6663],[-112.8068,33.6708],[-112.812,33.6735],[-112.8162,33.6784],[-112.8347,33.6833],[-112.8579,33.6991],[-112.8625,33.704],[-112.8709,33.708],[-112.8352,33.6716],[-112.8348,33.6676],[-112.8147,33.6521],[-112.7996,33.6307],[-112.7925,33.6256],[-112.7901,33.6211],[-112.7825,33.6154],[-112.7774,33.619],[-112.7759,33.6219],[-112.7751,33.6258],[-112.7763,33.629],[-112.7737,33.634],[-112.7743,33.6365],[-112.7707,33.6445],[-112.771,33.6479],[-112.758,33.6607],[-112.7447,33.6767],[-112.7451,33.6832]]]}},{"type":"Feature","properties":{"huc12":"150701030409","name":"Middle Jackrabbit Wash"},"geometry":{"type":"Polygon","coordinates":[[[-112.9357,33.7817],[-112.9361,33.7865],[-112.9395,33.793],[-112.9422,33.8028],[-112.9425,33.8122],[-112.9405,33.8239],[-112.9412,33.8331],[-112.9455,33.815],[-112.9461,33.8073],[-112.9498,33.8036],[-112.9513,33.7961],[-112.9594,33.7814],[-112.9626,33.7828],[-112.9674,33.7874],[-112.9719,33.7957],[-112.9802,33.8057],[-112.9786,33.7955],[-112.98,33.7926],[-112.973,33.7904],[-112.9729,33.7892],[-112.9821,33.7874],[-112.9863,33.7841],[-112.9914,33.7844],[-112.9921,33.7834],[-112.9975,33.7826],[-113.0011,33.7793],[-113.0096,33.7781],[-113.01,33.7746],[-113.0139,33.7767],[-113.0149,33.7741],[-113.0188,33.7709],[-113.0175,33.7683],[-113.0186,33.7674],[-113.0165,33.7655],[-113.0199,33.7647],[-113.02,33.7625],[-113.0245,33.7629],[-113.0294,33.7608],[-113.0305,33.7581],[-113.0353,33.7582],[-113.0406,33.7567],[-113.0421,33.7543],[-113.0474,33.7543],[-113.0487,33.75],[-113.0507,33.7484],[-113.0511,33.7449],[-113.0571,33.7431],[-113.0583,33.7402],[-113.0558,33.734],[-113.0572,33.7291],[-113.056,33.7282],[-113.0542,33.7213],[-113.0498,33.719],[-113.0456,33.7127],[-113.0474,33.7091],[-113.0446,33.7069],[-113.0446,33.7053],[-113.0372,33.7045],[-113.0273,33.7079],[-113.0224,33.7057],[-113.0178,33.7096],[-113.0128,33.7175],[-113.0061,33.7171],[-113.0069,33.7201],[-113.0039,33.7204],[-113.0023,33.7226],[-113.001,33.7207],[-112.9977,33.7205],[-112.9934,33.7242],[-112.9864,33.7185],[-112.9829,33.7197],[-112.9795,33.7191],[-112.9746,33.7143],[-112.9617,33.7116],[-112.9585,33.7081],[-112.9529,33.7071],[-112.9505,33.7039],[-112.9398,33.6997],[-112.934,33.7],[-112.9064,33.6944],[-112.9009,33.6945],[-112.8622,33.675],[-112.8553,33.6682],[-112.8336,33.6525],[-112.8279,33.6443],[-112.8218,33.6438],[-112.8162,33.6366],[-112.8004,33.625],[-112.7931,33.6155],[-112.7828,33.6108],[-112.7825,33.6154],[-112.7901,33.6211],[-112.7925,33.6256],[-112.7996,33.6307],[-112.8147,33.6521],[-112.8348,33.6676],[-112.8352,33.6716],[-112.848,33.6836],[-112.8561,33.6935],[-112.8667,33.7027],[-112.8744,33.7133],[-112.9047,33.7365],[-112.9229,33.746],[-112.9317,33.7543],[-112.9351,33.767],[-112.9345,33.7775],[-112.9357,33.7817]]]}},{"type":"Feature","properties":{"huc12":"150701030410","name":"Lower Jackrabbit Wash"},"geometry":{"type":"Polygon","coordinates":[[[-112.7601,33.6157],[-112.759,33.6203],[-112.7522,33.6254],[-112.7568,33.6307],[-112.7611,33.643],[-112.7614,33.6475],[-112.7564,33.6631],[-112.771,33.6479],[-112.7707,33.6445],[-112.7743,33.6365],[-112.7737,33.634],[-112.7763,33.629],[-112.7751,33.6258],[-112.7759,33.6219],[-112.7774,33.619],[-112.7825,33.6154],[-112.7831,33.6108],[-112.7931,33.6155],[-112.7976,33.6221],[-112.805,33.628],[-112.8065,33.6305],[-112.8093,33.6311],[-112.8162,33.6366],[-112.8221,33.6441],[-112.8279,33.6443],[-112.8336,33.6525],[-112.8475,33.663],[-112.8418,33.6474],[-112.8326,33.6288],[-112.8314,33.6234],[-112.8171,33.6066],[-112.8125,33.6046],[-112.8096,33.5987],[-112.8047,33.5941],[-112.8056,33.5914],[-112.8007,33.5849],[-112.791,33.5799],[-112.7894,33.5773],[-112.7906,33.5758],[-112.7899,33.5713],[-112.788,33.5711],[-112.7773,33.5597],[-112.7769,33.5579],[-112.7796,33.5515],[-112.7753,33.5426],[-112.7772,33.5367],[-112.7761,33.5321],[-112.7704,33.5264],[-112.7684,33.5274],[-112.7636,33.5266],[-112.7611,33.5191],[-112.7556,33.5132],[-112.7516,33.5118],[-112.7463,33.507],[-112.7426,33.5063],[-112.7415,33.5079],[-112.7419,33.5104],[-112.7483,33.5164],[-112.7493,33.5197],[-112.7541,33.5245],[-112.7564,33.5291],[-112.7566,33.5366],[-112.7554,33.5388],[-112.7568,33.5555],[-112.7628,33.5663],[-112.7602,33.5751],[-112.7607,33.581],[-112.7589,33.5839],[-112.7597,33.5938],[-112.7577,33.6113],[-112.7601,33.6157]]]}},{"type":"Feature","properties":{"huc12":"150701030502","name":"Daggs Wash"},"geometry":{"type":"Polygon","coordinates":[[[-112.7448,33.9052],[-112.7487,33.9037],[-112.7509,33.9005],[-112.7561,33.899],[-112.7618,33.9005],[-112.763,33.9023],[-112.7649,33.9007],[-112.7683,33.9025],[-112.7789,33.8991],[-112.7805,33.8952],[-112.7846,33.892],[-112.7842,33.887],[-112.7879,33.8854],[-112.784,33.8845],[-112.7842,33.8825],[-112.7814,33.8818],[-112.7802,33.8788],[-112.7773,33.8821],[-112.7732,33.8812],[-112.7694,33.8838],[-112.7621,33.8802],[-112.7552,33.879],[-112.7524,33.8749],[-112.7484,33.8742],[-112.745,33.8707],[-112.7458,33.8698],[-112.7429,33.864],[-112.7486,33.8504],[-112.7491,33.8395],[-112.7447,33.828],[-112.7457,33.8236],[-112.7432,33.8149],[-112.7445,33.8024],[-112.7491,33.8018],[-112.7506,33.7977],[-112.7481,33.7873],[-112.7457,33.7816],[-112.7421,33.7769],[-112.7356,33.761],[-112.7369,33.7503],[-112.7343,33.7417],[-112.7415,33.717],[-112.7439,33.7126],[-112.7434,33.6956],[-112.7452,33.6906],[-112.7442,33.6776],[-112.7564,33.6631],[-112.7614,33.6459],[-112.7568,33.6307],[-112.7522,33.6254],[-112.759,33.6203],[-112.76,33.617],[-112.76,33.6142],[-112.7577,33.6113],[-112.7589,33.5977],[-112.7513,33.5978],[-112.7491,33.5998],[-112.747,33.5969],[-112.7423,33.594],[-112.7353,33.5934],[-112.7353,33.5968],[-112.7418,33.6005],[-112.7444,33.6049],[-112.7426,33.6083],[-112.7435,33.6146],[-112.7408,33.6187],[-112.7414,33.6206],[-112.7399,33.6243],[-112.7413,33.6258],[-112.7421,33.6321],[-112.7397,33.6372],[-112.7409,33.6398],[-112.7387,33.6444],[-112.7417,33.6493],[-112.7371,33.6593],[-112.7376,33.6607],[-112.7346,33.6653],[-112.7342,33.6719],[-112.7295,33.6817],[-112.7297,33.6875],[-112.7239,33.6939],[-112.7204,33.701],[-112.716,33.7043],[-112.7157,33.718],[-112.707,33.7313],[-112.7077,33.7395],[-112.7066,33.7456],[-112.7048,33.7484],[-112.7046,33.7624],[-112.7072,33.7648],[-112.7105,33.7727],[-112.7134,33.776],[-112.7177,33.7942],[-112.7248,33.8032],[-112.7276,33.8086],[-112.7302,33.8252],[-112.7345,33.8324],[-112.7357,33.8421],[-112.7405,33.8516],[-112.741,33.8569],[-112.7398,33.8595],[-112.7413,33.8627],[-112.7403,33.8672],[-112.7417,33.8721],[-112.7412,33.8755],[-112.7394,33.8771],[-112.7386,33.8806],[-112.7375,33.8802],[-112.7348,33.8826],[-112.7339,33.8852],[-112.7309,33.8841],[-112.7301,33.8874],[-112.7287,33.888],[-112.7288,33.8903],[-112.7336,33.8957],[-112.7328,33.9],[-112.736,33.9048],[-112.7387,33.904],[-112.741,33.9055],[-112.7448,33.9052]]]}},{"type":"Feature","properties":{"huc12":"150701030503","name":"Wagner Wash"},"geometry":{"type":"Polygon","coordinates":[[[-112.6399,33.7617],[-112.6416,33.7654],[-112.6481,33.7588],[-112.6464,33.7524],[-112.6477,33.7507],[-112.6481,33.742],[-112.6504,33.7372],[-112.65,33.7325],[-112.6537,33.7268],[-112.656,33.7181],[-112.6559,33.7131],[-112.6623,33.7061],[-112.6616,33.7001],[-112.6627,33.6945],[-112.6704,33.6905],[-112.6712,33.6854],[-112.6743,33.6792],[-112.6873,33.6685],[-112.6862,33.6657],[-112.6916,33.6606],[-112.6939,33.6542],[-112.6987,33.6514],[-112.6999,33.6458],[-112.7063,33.6414],[-112.7064,33.6372],[-112.7088,33.6354],[-112.7086,33.6241],[-112.7113,33.6228],[-112.7141,33.6185],[-112.7144,33.6155],[-112.7179,33.6148],[-112.7182,33.6061],[-112.7208,33.6041],[-112.7217,33.5997],[-112.7277,33.5952],[-112.7296,33.592],[-112.7331,33.5906],[-112.7333,33.5888],[-112.7258,33.588],[-112.7194,33.5918],[-112.7182,33.5948],[-112.7151,33.5959],[-112.7109,33.5952],[-112.695,33.5971],[-112.6706,33.5922],[-112.661,33.5919],[-112.6571,33.5897],[-112.6485,33.5926],[-112.6444,33.5977],[-112.6383,33.5985],[-112.6297,33.6037],[-112.6226,33.6031],[-112.6207,33.5979],[-112.6134,33.6011],[-112.6081,33.6059],[-112.6112,33.609],[-112.611,33.6119],[-112.6142,33.6171],[-112.6098,33.6187],[-112.6048,33.6276],[-112.6104,33.6736],[-112.6206,33.7022],[-112.6224,33.721],[-112.6269,33.7314],[-112.6309,33.7472],[-112.6399,33.7617]]]}},{"type":"Feature","properties":{"huc12":"150701030504","name":"Flower Pot Well-Hassayampa River"},"geometry":{"type":"Polygon","coordinates":[[[-112.727,33.8851],[-112.7295,33.8859],[-112.7313,33.884],[-112.7339,33.8852],[-112.7348,33.8826],[-112.7375,33.8802],[-112.7386,33.8806],[-112.7394,33.8771],[-112.7412,33.8755],[-112.7417,33.8721],[-112.7403,33.8672],[-112.7413,33.8627],[-112.7398,33.8595],[-112.741,33.8569],[-112.7406,33.8521],[-112.7357,33.8421],[-112.7345,33.8324],[-112.7298,33.8238],[-112.7276,33.8086],[-112.7248,33.8032],[-112.7177,33.7942],[-112.7134,33.776],[-112.7105,33.7727],[-112.7072,33.7648],[-112.7046,33.7624],[-112.7055,33.757],[-112.7045,33.7534],[-112.7049,33.748],[-112.7065,33.7458],[-112.7076,33.7402],[-112.707,33.7313],[-112.7157,33.718],[-112.716,33.7043],[-112.7204,33.701],[-112.7239,33.6939],[-112.7297,33.6875],[-112.7295,33.6817],[-112.7342,33.6719],[-112.7346,33.6653],[-112.7376,33.6607],[-112.7371,33.6593],[-112.7417,33.6493],[-112.7387,33.6444],[-112.7409,33.6398],[-112.7397,33.6372],[-112.7421,33.6321],[-112.7413,33.6258],[-112.7399,33.6243],[-112.7414,33.6206],[-112.7408,33.6187],[-112.7435,33.6146],[-112.7426,33.6083],[-112.7444,33.6049],[-112.7418,33.6005],[-112.7353,33.5968],[-112.7348,33.5936],[-112.739,33.5937],[-112.7345,33.5902],[-112.7296,33.592],[-112.7277,33.5952],[-112.7217,33.5997],[-112.7208,33.6041],[-112.7182,33.6061],[-112.7179,33.6148],[-112.7144,33.6155],[-112.7141,33.6185],[-112.7113,33.6228],[-112.7086,33.6241],[-112.7087,33.6356],[-112.7064,33.6372],[-112.7065,33.641],[-112.7051,33.6431],[-112.7016,33.6441],[-112.6992,33.6466],[-112.6987,33.6514],[-112.6943,33.6536],[-112.6916,33.6606],[-112.6864,33.6654],[-112.6873,33.6685],[-112.6743,33.6792],[-112.6712,33.6854],[-112.6704,33.6905],[-112.6647,33.6926],[-112.6622,33.6955],[-112.6623,33.7061],[-112.6559,33.7131],[-112.656,33.7181],[-112.6537,33.7268],[-112.65,33.7325],[-112.6504,33.7372],[-112.6481,33.742],[-112.6477,33.7507],[-112.6464,33.7524],[-112.6481,33.7588],[-112.6416,33.765],[-112.6414,33.768],[-112.6434,33.7706],[-112.6425,33.7753],[-112.6399,33.7777],[-112.6402,33.7849],[-112.6374,33.7859],[-112.6345,33.7897],[-112.636,33.7938],[-112.6359,33.7968],[-112.6339,33.799],[-112.6343,33.8062],[-112.6363,33.811],[-112.6342,33.813],[-112.6338,33.8157],[-112.6372,33.8235],[-112.6343,33.8296],[-112.6313,33.8328],[-112.6271,33.8483],[-112.6238,33.8528],[-112.6181,33.8573],[-112.63,33.8549],[-112.6363,33.8509],[-112.6464,33.8486],[-112.6452,33.8403],[-112.6473,33.8363],[-112.6467,33.83],[-112.6507,33.8273],[-112.6498,33.8225],[-112.6518,33.8191],[-112.6578,33.8175],[-112.6605,33.8181],[-112.6621,33.8169],[-112.6649,33.8192],[-112.6718,33.8193],[-112.6773,33.8172],[-112.6792,33.8186],[-112.6791,33.8202],[-112.6819,33.8205],[-112.6828,33.8228],[-112.687,33.8258],[-112.6929,33.8326],[-112.6948,33.8371],[-112.6984,33.8387],[-112.7006,33.8373],[-112.7068,33.8419],[-112.7074,33.8455],[-112.7112,33.8487],[-112.71,33.852],[-112.7073,33.853],[-112.7089,33.8599],[-112.7104,33.8622],[-112.7154,33.8642],[-112.7156,33.8666],[-112.7138,33.8693],[-112.7158,33.8726],[-112.7202,33.8741],[-112.7229,33.8768],[-112.7245,33.8816],[-112.7232,33.8823],[-112.7238,33.8837],[-112.727,33.8851]]]}},{"type":"Feature","properties":{"huc12":"150701030505","name":"Light Hall Well-Hassayampa River"},"geometry":{"type":"Polygon","coordinates":[[[-112.6019,33.598],[-112.6052,33.6012],[-112.6075,33.606],[-112.6167,33.599],[-112.6207,33.5979],[-112.6226,33.6031],[-112.6297,33.6037],[-112.6383,33.5985],[-112.6444,33.5977],[-112.6485,33.5926],[-112.6571,33.5897],[-112.661,33.5919],[-112.6706,33.5922],[-112.695,33.5971],[-112.7023,33.597],[-112.7109,33.5952],[-112.7151,33.5959],[-112.7182,33.5948],[-112.7215,33.5901],[-112.7267,33.5879],[-112.7333,33.5888],[-112.7336,33.5902],[-112.7358,33.5906],[-112.739,33.5943],[-112.7423,33.594],[-112.747,33.5969],[-112.7491,33.5998],[-112.7513,33.5978],[-112.7589,33.5977],[-112.7597,33.5938],[-112.7589,33.5832],[-112.7607,33.581],[-112.7602,33.5751],[-112.7628,33.5663],[-112.7568,33.5555],[-112.7554,33.5388],[-112.7566,33.5366],[-112.7565,33.5299],[-112.7548,33.5255],[-112.7495,33.5201],[-112.7483,33.5164],[-112.7419,33.5104],[-112.7416,33.5075],[-112.7407,33.5075],[-112.7385,33.5111],[-112.7346,33.511],[-112.7272,33.5135],[-112.7235,33.5313],[-112.7162,33.5427],[-112.7084,33.5449],[-112.702,33.5506],[-112.6774,33.5645],[-112.6658,33.5683],[-112.6566,33.569],[-112.6314,33.5809],[-112.618,33.5749],[-112.6141,33.5744],[-112.6115,33.5763],[-112.6086,33.5761],[-112.6035,33.5738],[-112.5992,33.5697],[-112.5957,33.5712],[-112.5932,33.575],[-112.5836,33.5746],[-112.5876,33.5785],[-112.5872,33.5815],[-112.5904,33.5858],[-112.5893,33.5874],[-112.5895,33.5907],[-112.5948,33.5948],[-112.5959,33.5977],[-112.6011,33.5971],[-112.6019,33.598]]]}},{"type":"Feature","properties":{"huc12":"150701030507","name":"Roberts Well-Hassayampa River"},"geometry":{"type":"Polygon","coordinates":[[[-112.7897,33.5713],[-112.7917,33.5707],[-112.7925,33.5688],[-112.8025,33.5691],[-112.8016,33.5676],[-112.8029,33.5648],[-112.7966,33.5535],[-112.7962,33.5443],[-112.7889,33.5271],[-112.7908,33.5224],[-112.791,33.5192],[-112.7896,33.5171],[-112.7908,33.5073],[-112.7871,33.4978],[-112.7893,33.4946],[-112.7891,33.49],[-112.7841,33.4741],[-112.7833,33.4627],[-112.7815,33.4616],[-112.7832,33.4564],[-112.783,33.4433],[-112.7797,33.4355],[-112.7743,33.4275],[-112.7695,33.4233],[-112.765,33.4158],[-112.7636,33.4101],[-112.7639,33.4051],[-112.7595,33.3915],[-112.7595,33.3871],[-112.7522,33.3685],[-112.7547,33.3593],[-112.7545,33.3505],[-112.7451,33.3468],[-112.7375,33.3462],[-112.7251,33.3391],[-112.7158,33.3304],[-112.7129,33.3293],[-112.7116,33.3217],[-112.711,33.3266],[-112.7017,33.3268],[-112.6968,33.3287],[-112.6883,33.3292],[-112.6814,33.333],[-112.6638,33.3315],[-112.6562,33.3351],[-112.6519,33.3346],[-112.6432,33.3409],[-112.6391,33.3424],[-112.6381,33.3434],[-112.6382,33.3496],[-112.6415,33.3564],[-112.6423,33.362],[-112.6426,33.4047],[-112.6341,33.4063],[-112.6275,33.4091],[-112.6319,33.4203],[-112.6321,33.4268],[-112.6353,33.4327],[-112.6579,33.4361],[-112.7498,33.4568],[-112.7494,33.4664],[-112.7481,33.4677],[-112.7472,33.4747],[-112.7421,33.4801],[-112.7405,33.4841],[-112.7361,33.4876],[-112.7353,33.4928],[-112.7298,33.5014],[-112.7295,33.5068],[-112.7272,33.5135],[-112.7346,33.511],[-112.7379,33.5113],[-112.7422,33.5064],[-112.7452,33.5065],[-112.7516,33.5118],[-112.7554,33.5131],[-112.7608,33.5187],[-112.7636,33.5266],[-112.7711,33.5268],[-112.777,33.5345],[-112.7753,33.5426],[-112.7796,33.5516],[-112.7771,33.5591],[-112.788,33.5711],[-112.7897,33.5713]]]}},{"type":"Feature","properties":{"huc12":"150701040101","name":"Forepaugh Tank"},"geometry":{"type":"Polygon","coordinates":[[[-112.9192,33.8935],[-112.9215,33.8973],[-112.9204,33.9008],[-112.9237,33.9015],[-112.9246,33.905],[-112.9299,33.9052],[-112.9335,33.9133],[-112.9389,33.9169],[-112.9549,33.9354],[-112.964,33.943],[-112.9867,33.9547],[-112.9972,33.957],[-113.0152,33.9643],[-113.0201,33.9693],[-113.0322,33.9701],[-113.0403,33.9732],[-113.0518,33.971],[-113.0497,33.9686],[-113.0353,33.9639],[-113.0236,33.9549],[-113.0137,33.943],[-113.0115,33.9424],[-113.0064,33.9331],[-112.9947,33.9241],[-112.9912,33.9228],[-112.9917,33.9174],[-112.9884,33.9133],[-112.9884,33.9114],[-112.9856,33.9112],[-112.9814,33.9059],[-112.9847,33.9044],[-112.9854,33.9025],[-112.9817,33.896],[-112.9855,33.8935],[-112.9892,33.8944],[-112.9902,33.8935],[-112.9879,33.8922],[-112.9871,33.8898],[-112.9846,33.8898],[-112.9833,33.8869],[-112.9798,33.8852],[-112.9804,33.8813],[-112.9777,33.8796],[-112.9732,33.8789],[-112.9701,33.8814],[-112.9679,33.8861],[-112.961,33.8912],[-112.952,33.8916],[-112.9463,33.8959],[-112.9358,33.8906],[-112.9327,33.8946],[-112.9287,33.895],[-112.9228,33.8927],[-112.9203,33.8904],[-112.9192,33.8935]]]}},{"type":"Feature","properties":{"huc12":"150701040102","name":"Big Pemberton Tank"},"geometry":{"type":"Polygon","coordinates":[[[-112.9671,34.079],[-112.9763,34.0801],[-112.978,34.0793],[-112.9815,34.0756],[-112.9834,34.0711],[-113.0068,34.0562],[-113.0105,34.0511],[-113.0141,34.0491],[-113.0227,34.047],[-113.0239,34.0483],[-113.0286,34.049],[-113.0314,34.0469],[-113.0341,34.0477],[-113.0398,34.0462],[-113.0473,34.042],[-113.0532,34.0314],[-113.0555,34.023],[-113.0703,34.0226],[-113.0685,34.0205],[-113.0691,34.0137],[-113.0674,34.0104],[-113.0686,34.0085],[-113.0671,34.007],[-113.0722,34.0039],[-113.0727,34.0023],[-113.0695,33.9996],[-113.0655,33.9908],[-113.0585,33.991],[-113.0578,33.9889],[-113.0542,33.9875],[-113.0549,33.9868],[-113.053,33.9852],[-113.054,33.9845],[-113.0546,33.9738],[-113.0518,33.9713],[-113.0403,33.9732],[-113.0322,33.9701],[-113.0201,33.9693],[-113.0152,33.9643],[-112.9972,33.957],[-112.9867,33.9547],[-112.964,33.943],[-112.9549,33.9354],[-112.9389,33.9169],[-112.9335,33.9133],[-112.9299,33.9052],[-112.9246,33.905],[-112.9237,33.9015],[-112.9204,33.9008],[-112.9215,33.8973],[-112.9192,33.8935],[-112.9126,33.8921],[-112.9096,33.8944],[-112.9096,33.8969],[-112.9034,33.8952],[-112.8982,33.8976],[-112.8966,33.8955],[-112.8928,33.8943],[-112.889,33.8967],[-112.8859,33.9009],[-112.8805,33.8996],[-112.8799,33.902],[-112.8769,33.9016],[-112.8752,33.9044],[-112.8688,33.9066],[-112.8688,33.9087],[-112.8734,33.9122],[-112.8737,33.9147],[-112.8762,33.9146],[-112.8814,33.9192],[-112.8823,33.923],[-112.8791,33.928],[-112.8814,33.9326],[-112.8886,33.9365],[-112.8938,33.9425],[-112.8961,33.9416],[-112.8964,33.9444],[-112.8987,33.9475],[-112.8933,33.9534],[-112.8964,33.9562],[-112.896,33.9607],[-112.8984,33.9714],[-112.8963,33.9849],[-112.9076,34.0026],[-112.9048,34.0261],[-112.9095,34.0437],[-112.9143,34.0504],[-112.9184,34.054],[-112.9217,34.0612],[-112.9287,34.0633],[-112.9314,34.0671],[-112.9402,34.0732],[-112.9451,34.0788],[-112.955,34.0789],[-112.9578,34.0763],[-112.9579,34.0738],[-112.9651,34.0755],[-112.9671,34.079]]]}},{"type":"Feature","properties":{"huc12":"150701040104","name":"Grass Wash"},"geometry":{"type":"Polygon","coordinates":[[[-112.9903,33.8939],[-112.9969,33.8959],[-113.0013,33.9015],[-113.0099,33.9039],[-113.0113,33.9081],[-113.0108,33.914],[-113.0145,33.9145],[-113.0169,33.917],[-113.023,33.9185],[-113.0529,33.9165],[-113.0664,33.919],[-113.0796,33.9196],[-113.0817,33.9185],[-113.0812,33.9173],[-113.085,33.9083],[-113.1243,33.909],[-113.1246,33.9138],[-113.1418,33.9139],[-113.1487,33.8945],[-113.1639,33.8832],[-113.1671,33.8778],[-113.1721,33.8728],[-113.1557,33.8752],[-113.1474,33.8747],[-113.1372,33.8728],[-113.1257,33.8687],[-113.1217,33.8712],[-113.1178,33.8719],[-113.1107,33.878],[-113.1023,33.8787],[-113.0921,33.8773],[-113.0897,33.8754],[-113.0791,33.8741],[-113.0753,33.8725],[-113.0706,33.8753],[-113.0553,33.8763],[-113.0508,33.8735],[-113.0452,33.8734],[-113.044,33.8701],[-113.039,33.8665],[-113.0318,33.8657],[-113.029,33.8621],[-113.0231,33.8659],[-113.0196,33.8666],[-113.0101,33.8628],[-113.0068,33.8645],[-113.0058,33.8675],[-112.9983,33.8665],[-112.9978,33.8682],[-112.9992,33.8695],[-112.9963,33.8727],[-112.9932,33.8717],[-112.9903,33.8736],[-112.9832,33.8709],[-112.9818,33.8725],[-112.9827,33.8748],[-112.975,33.875],[-112.9764,33.879],[-112.9804,33.8813],[-112.9798,33.8852],[-112.9833,33.8869],[-112.9846,33.8898],[-112.9871,33.8898],[-112.9879,33.8922],[-112.9903,33.8939]]]}},{"type":"Feature","properties":{"huc12":"150701040107","name":"Milton Ray Tank-Centennial Wash"},"geometry":{"type":"Polygon","coordinates":[[[-113.2025,34.0058],[-113.228,34.0021],[-113.23,34.0007],[-113.2295,33.9799],[-113.2461,33.9795],[-113.2539,33.976],[-113.2596,33.976],[-113.2712,33.9703],[-113.2806,33.9691],[-113.2814,33.964],[-113.2833,33.963],[-113.2856,34.0014],[-113.294,34.011],[-113.2966,34.0196],[-113.2974,34.031],[-113.3025,34.0417],[-113.31,34.0481],[-113.3122,34.053],[-113.3168,34.0581],[-113.3213,34.0614],[-113.3313,34.0656],[-113.3338,34.0724],[-113.3357,34.0738],[-113.338,34.0741],[-113.3407,34.0712],[-113.349,34.0697],[-113.351,34.0671],[-113.3502,34.0648],[-113.3383,34.0582],[-113.3351,34.0546],[-113.3307,34.0414],[-113.3238,34.035],[-113.3152,34.0148],[-113.3085,33.9948],[-113.3023,33.9692],[-113.2985,33.963],[-113.2957,33.9282],[-113.2931,33.9206],[-113.2904,33.9167],[-113.2834,33.9107],[-113.272,33.8884],[-113.2652,33.8862],[-113.2613,33.8907],[-113.2511,33.8872],[-113.2398,33.8766],[-113.2339,33.874],[-113.2305,33.8692],[-113.2272,33.8684],[-113.2254,33.8647],[-113.2262,33.8618],[-113.2224,33.8591],[-113.2207,33.8529],[-113.2147,33.8515],[-113.2108,33.8562],[-113.2005,33.8598],[-113.2009,33.863],[-113.1957,33.8707],[-113.1784,33.8708],[-113.1721,33.8728],[-113.1671,33.8778],[-113.1639,33.8832],[-113.1487,33.8945],[-113.1418,33.9139],[-113.1246,33.9138],[-113.1243,33.909],[-113.085,33.9083],[-113.0812,33.9173],[-113.0817,33.9185],[-113.0796,33.9196],[-113.0664,33.919],[-113.0529,33.9165],[-113.0248,33.9187],[-113.018,33.9174],[-113.015,33.9147],[-113.0108,33.914],[-113.0113,33.9081],[-113.0102,33.9043],[-113.0012,33.9014],[-112.9962,33.8955],[-112.9855,33.8935],[-112.9817,33.896],[-112.9854,33.9025],[-112.9847,33.9044],[-112.9814,33.9059],[-112.9856,33.9112],[-112.9884,33.9114],[-112.9884,33.9133],[-112.9917,33.9174],[-112.9912,33.9228],[-112.9947,33.9241],[-113.0064,33.9331],[-113.0115,33.9424],[-113.0137,33.943],[-113.0232,33.9544],[-113.0334,33.9625],[-113.0514,33.9695],[-113.0517,33.9713],[-113.0546,33.9738],[-113.054,33.9845],[-113.053,33.9852],[-113.0549,33.9868],[-113.0542,33.9875],[-113.0578,33.9889],[-113.0585,33.991],[-113.0655,33.9908],[-113.0695,33.9996],[-113.0737,34.003],[-113.0749,34.0087],[-113.0849,34.0142],[-113.0906,34.0123],[-113.1047,33.9991],[-113.1224,33.9878],[-113.1327,33.9828],[-113.1471,33.9736],[-113.1554,33.9719],[-113.1594,33.9723],[-113.1421,33.9896],[-113.1793,33.9723],[-113.2114,33.9718],[-113.2026,33.974],[-113.2025,33.9865],[-113.1941,33.9865],[-113.1934,34.0015],[-113.196,34.0032],[-113.2013,34.0028],[-113.2025,34.0058]]]}},{"type":"Feature","properties":{"huc12":"150701040302","name":"Upper Tiger Wash"},"geometry":{"type":"Polygon","coordinates":[[[-113.1831,33.8712],[-113.1957,33.8707],[-113.2009,33.863],[-113.2005,33.8598],[-113.2108,33.8562],[-113.2147,33.8515],[-113.2207,33.8529],[-113.2148,33.8419],[-113.2164,33.84],[-113.2226,33.8376],[-113.2232,33.8361],[-113.2191,33.8254],[-113.2204,33.8226],[-113.2204,33.8101],[-113.2224,33.8059],[-113.2204,33.801],[-113.2195,33.7936],[-113.2238,33.7861],[-113.2258,33.7799],[-113.2203,33.777],[-113.2123,33.7771],[-113.2058,33.7726],[-113.2042,33.7699],[-113.2013,33.7691],[-113.2009,33.767],[-113.1989,33.7663],[-113.1976,33.7603],[-113.1955,33.7574],[-113.1891,33.7542],[-113.1874,33.7516],[-113.1841,33.7517],[-113.1814,33.7501],[-113.1786,33.747],[-113.1796,33.7453],[-113.1784,33.7419],[-113.176,33.7399],[-113.1738,33.7403],[-113.1719,33.7389],[-113.1671,33.7405],[-113.1624,33.7384],[-113.1631,33.737],[-113.1592,33.737],[-113.1537,33.7453],[-113.1495,33.7471],[-113.1475,33.7445],[-113.141,33.7441],[-113.1404,33.7421],[-113.1372,33.7408],[-113.1382,33.7343],[-113.1348,33.7334],[-113.1354,33.7299],[-113.13,33.7263],[-113.128,33.7264],[-113.1217,33.7231],[-113.1205,33.7191],[-113.1185,33.7188],[-113.117,33.7169],[-113.1147,33.7188],[-113.1104,33.7192],[-113.1094,33.7219],[-113.1117,33.7234],[-113.1124,33.7294],[-113.1165,33.7322],[-113.1167,33.7346],[-113.1122,33.7417],[-113.1147,33.7418],[-113.1155,33.7438],[-113.1108,33.7501],[-113.1114,33.7515],[-113.1097,33.7537],[-113.112,33.7551],[-113.1127,33.7572],[-113.1189,33.7601],[-113.1217,33.7644],[-113.1264,33.7674],[-113.1245,33.7689],[-113.1224,33.7757],[-113.1239,33.7873],[-113.1225,33.7962],[-113.1262,33.8135],[-113.1319,33.8194],[-113.135,33.8247],[-113.1363,33.8359],[-113.1507,33.8464],[-113.1534,33.8512],[-113.1649,33.8589],[-113.1709,33.8647],[-113.1826,33.8694],[-113.1838,33.8703],[-113.1831,33.8712]]]}},{"type":"Feature","properties":{"huc12":"150701040505","name":"Burnt Mountain"},"geometry":{"type":"Polygon","coordinates":[[[-113.0581,33.5844],[-113.0619,33.5896],[-113.0667,33.6014],[-113.0713,33.6067],[-113.0752,33.6089],[-113.0793,33.6156],[-113.0951,33.6226],[-113.1007,33.6194],[-113.0995,33.6165],[-113.0936,33.6137],[-113.0873,33.6048],[-113.0811,33.6009],[-113.0779,33.5921],[-113.076,33.5742],[-113.0803,33.5498],[-113.0773,33.547],[-113.0749,33.548],[-113.0683,33.5454],[-113.062,33.5403],[-113.06,33.5366],[-113.0655,33.533],[-113.0652,33.5295],[-113.0624,33.5267],[-113.0629,33.5249],[-113.0588,33.5211],[-113.0635,33.5077],[-113.067,33.5034],[-113.0696,33.4845],[-113.0651,33.4891],[-113.0544,33.5118],[-113.0537,33.5217],[-113.0526,33.5223],[-113.0528,33.5416],[-113.0474,33.5436],[-113.0534,33.5586],[-113.0538,33.564],[-113.0553,33.5663],[-113.0553,33.58],[-113.0581,33.5844]]]}},{"type":"Feature","properties":{"huc12":"150701040506","name":"Eagletail Peak-Centennial Wash"},"geometry":{"type":"Polygon","coordinates":[[[-113.1528,33.4244],[-113.174,33.4385],[-113.1892,33.4461],[-113.2016,33.4646],[-113.2118,33.4681],[-113.214,33.465],[-113.2139,33.4501],[-113.2594,33.45],[-113.2804,33.4427],[-113.3021,33.4403],[-113.3071,33.4362],[-113.3115,33.4399],[-113.322,33.4385],[-113.3261,33.4367],[-113.3279,33.4336],[-113.3307,33.4318],[-113.3324,33.4263],[-113.3244,33.4223],[-113.3222,33.4183],[-113.3154,33.4112],[-113.3105,33.4105],[-113.3053,33.4058],[-113.3055,33.4042],[-113.3008,33.3988],[-113.3042,33.3964],[-113.3046,33.3937],[-113.3016,33.3894],[-113.2981,33.3862],[-113.2945,33.3854],[-113.2942,33.384],[-113.3001,33.3812],[-113.3008,33.3742],[-113.2966,33.373],[-113.2853,33.3638],[-113.2886,33.3592],[-113.2865,33.3554],[-113.2889,33.3544],[-113.2904,33.3521],[-113.2968,33.3504],[-113.2905,33.3459],[-113.2896,33.3406],[-113.2811,33.3351],[-113.2773,33.3344],[-113.2635,33.3373],[-113.2556,33.3372],[-113.2521,33.3387],[-113.2498,33.3417],[-113.2523,33.3432],[-113.2526,33.345],[-113.2497,33.3507],[-113.2497,33.3549],[-113.244,33.3608],[-113.2297,33.3642],[-113.2286,33.3657],[-113.2286,33.372],[-113.2145,33.3843],[-113.1971,33.3911],[-113.1965,33.3991],[-113.162,33.3993],[-113.162,33.4095],[-113.1609,33.4108],[-113.1488,33.4105],[-113.152,33.4158],[-113.1528,33.4244]]]}},{"type":"Feature","properties":{"huc12":"150701040509","name":"Eagletail Mountains-Centennial Wash"},"geometry":{"type":"Polygon","coordinates":[[[-113.0814,33.4008],[-113.0871,33.3996],[-113.0909,33.3965],[-113.0957,33.396],[-113.0997,33.3937],[-113.1032,33.3912],[-113.1039,33.3851],[-113.1051,33.384],[-113.1232,33.3968],[-113.1253,33.3969],[-113.1272,33.3993],[-113.1274,33.4211],[-113.1475,33.4212],[-113.1528,33.4244],[-113.152,33.4158],[-113.1488,33.4105],[-113.1609,33.4108],[-113.162,33.4095],[-113.162,33.3993],[-113.1965,33.3991],[-113.1971,33.3911],[-113.2145,33.3843],[-113.2286,33.372],[-113.2286,33.3657],[-113.2297,33.3642],[-113.244,33.3608],[-113.2497,33.3549],[-113.2497,33.3507],[-113.2526,33.345],[-113.2523,33.3432],[-113.2498,33.3417],[-113.2521,33.3387],[-113.2556,33.3372],[-113.2635,33.3373],[-113.2723,33.335],[-113.2801,33.3347],[-113.279,33.3282],[-113.2804,33.3219],[-113.2725,33.3164],[-113.28,33.3081],[-113.278,33.3069],[-113.278,33.3052],[-113.2799,33.3044],[-113.2776,33.2998],[-113.2778,33.2979],[-113.27,33.2921],[-113.2631,33.2901],[-113.2616,33.2865],[-113.262,33.2838],[-113.2597,33.2807],[-113.2568,33.2807],[-113.2535,33.2853],[-113.2489,33.2867],[-113.2468,33.2911],[-113.2428,33.2954],[-113.2436,33.3055],[-113.2345,33.3329],[-113.2223,33.3479],[-113.2122,33.3629],[-113.0928,33.3629],[-113.0925,33.3684],[-113.09,33.3734],[-113.0814,33.3732],[-113.0693,33.3839],[-113.0727,33.3887],[-113.071,33.3897],[-113.0692,33.394],[-113.0691,33.3987],[-113.071,33.3993],[-113.0712,33.3968],[-113.0728,33.3967],[-113.0738,33.3972],[-113.0734,33.4012],[-113.0778,33.4024],[-113.0814,33.4008]]]}},{"type":"Feature","properties":{"huc12":"150701040601","name":"Old Camp Wash"},"geometry":{"type":"Polygon","coordinates":[[[-113.0257,33.7064],[-113.0283,33.7079],[-113.0372,33.7045],[-113.0452,33.7051],[-113.0454,33.7027],[-113.0471,33.7025],[-113.0484,33.7003],[-113.0472,33.6985],[-113.0415,33.6957],[-113.0445,33.6918],[-113.0442,33.6892],[-113.0413,33.6898],[-113.0397,33.6881],[-113.037,33.6884],[-113.0349,33.6845],[-113.032,33.6825],[-113.0292,33.6823],[-113.0328,33.6802],[-113.0317,33.6707],[-113.0268,33.6694],[-113.0219,33.6636],[-113.0128,33.6643],[-113.0126,33.6617],[-113.0084,33.6586],[-113.0081,33.6546],[-113.0035,33.6504],[-112.9999,33.649],[-112.9927,33.6419],[-112.9913,33.6366],[-112.9916,33.6322],[-112.9898,33.6282],[-112.9863,33.624],[-112.9785,33.6192],[-112.9744,33.6137],[-112.9691,33.5951],[-112.9638,33.5887],[-112.9562,33.5756],[-112.9602,33.5735],[-112.9571,33.5646],[-112.945,33.5499],[-112.9396,33.5467],[-112.9273,33.5289],[-112.9207,33.5238],[-112.9115,33.5129],[-112.9102,33.5343],[-112.9134,33.5488],[-112.9197,33.5601],[-112.9211,33.5659],[-112.9244,33.5696],[-112.926,33.5738],[-112.9368,33.5828],[-112.9386,33.586],[-112.9467,33.5911],[-112.9469,33.5932],[-112.9517,33.5992],[-112.9555,33.6088],[-112.9536,33.6114],[-112.9485,33.6101],[-112.9477,33.6122],[-112.9489,33.6143],[-112.947,33.6176],[-112.9494,33.6198],[-112.9484,33.6236],[-112.9513,33.6333],[-112.9557,33.6384],[-112.9514,33.6487],[-112.9515,33.6503],[-112.9532,33.6514],[-112.9528,33.6576],[-112.9579,33.6601],[-112.9642,33.6588],[-112.9678,33.6597],[-112.9699,33.6629],[-112.9741,33.6645],[-112.9728,33.6671],[-112.9745,33.6698],[-112.9768,33.671],[-112.9799,33.6709],[-112.9866,33.6745],[-112.9892,33.6741],[-112.9921,33.6764],[-113.0004,33.6795],[-113.0034,33.6839],[-113.011,33.6859],[-113.0132,33.6904],[-113.0175,33.6936],[-113.0179,33.7003],[-113.0234,33.7034],[-113.0257,33.7064]]]}},{"type":"Feature","properties":{"huc12":"150701040605","name":"Upper Winters Wash"},"geometry":{"type":"Polygon","coordinates":[[[-112.9095,33.4429],[-112.9093,33.4502],[-112.9026,33.4503],[-112.9023,33.4643],[-112.8985,33.4702],[-112.903,33.4823],[-112.9021,33.4959],[-112.8989,33.5051],[-112.8984,33.5145],[-112.9013,33.5429],[-112.9033,33.5468],[-112.9054,33.5575],[-112.9159,33.5678],[-112.9194,33.5748],[-112.9196,33.5803],[-112.9227,33.5855],[-112.9217,33.5894],[-112.9309,33.6002],[-112.9306,33.6046],[-112.9346,33.6129],[-112.9411,33.6219],[-112.9455,33.6236],[-112.9493,33.6271],[-112.9483,33.6227],[-112.9495,33.62],[-112.947,33.6178],[-112.9489,33.6143],[-112.9477,33.612],[-112.9486,33.61],[-112.9537,33.6113],[-112.9555,33.6088],[-112.9517,33.5992],[-112.9469,33.5932],[-112.9467,33.5911],[-112.9386,33.586],[-112.9368,33.5828],[-112.926,33.5738],[-112.9244,33.5696],[-112.9211,33.5659],[-112.9197,33.5601],[-112.9134,33.5488],[-112.9102,33.5343],[-112.9118,33.5129],[-112.9207,33.5238],[-112.9273,33.5289],[-112.9396,33.5467],[-112.945,33.5499],[-112.9571,33.5646],[-112.9602,33.5735],[-112.9562,33.5756],[-112.9638,33.5887],[-112.9691,33.5951],[-112.9744,33.6137],[-112.9785,33.6192],[-112.984,33.6223],[-112.9854,33.616],[-112.9843,33.5997],[-112.9766,33.5739],[-112.9584,33.5537],[-112.9516,33.5392],[-112.9425,33.5274],[-112.9313,33.517],[-112.9244,33.5126],[-112.9198,33.5054],[-112.9178,33.4933],[-112.9215,33.495],[-112.9274,33.5031],[-112.9428,33.5136],[-112.9464,33.5154],[-112.9541,33.5155],[-112.9445,33.5048],[-112.9326,33.4849],[-112.9327,33.4744],[-112.9303,33.4656],[-112.9144,33.4644],[-112.9403,33.4649],[-112.937,33.4634],[-112.9367,33.4601],[-112.9318,33.4579],[-112.9244,33.4567],[-112.921,33.4526],[-112.912,33.4464],[-112.9095,33.4429]]]}},{"type":"Feature","properties":{"huc12":"150701040606","name":"Coyote Wash"},"geometry":{"type":"Polygon","coordinates":[[[-112.8475,33.663],[-112.8553,33.6682],[-112.8627,33.6754],[-112.9006,33.6944],[-112.9064,33.6944],[-112.934,33.7],[-112.9398,33.6997],[-112.9505,33.7039],[-112.9529,33.7071],[-112.9585,33.7081],[-112.9617,33.7116],[-112.9746,33.7143],[-112.9795,33.7191],[-112.9829,33.7197],[-112.9864,33.7185],[-112.9934,33.7242],[-112.9977,33.7205],[-113.001,33.7207],[-113.0023,33.7226],[-113.0039,33.7204],[-113.0069,33.7201],[-113.0061,33.7171],[-113.0127,33.7176],[-113.0205,33.7064],[-113.0257,33.7064],[-113.0234,33.7034],[-113.0179,33.7003],[-113.0175,33.6936],[-113.0132,33.6904],[-113.011,33.6859],[-113.0034,33.6839],[-113.0004,33.6795],[-112.9921,33.6764],[-112.9892,33.6741],[-112.9866,33.6745],[-112.9799,33.6709],[-112.9768,33.671],[-112.9745,33.6698],[-112.9728,33.6671],[-112.9741,33.6645],[-112.9699,33.6629],[-112.9678,33.6597],[-112.9642,33.6588],[-112.9579,33.6601],[-112.9528,33.6577],[-112.9532,33.6514],[-112.9515,33.6503],[-112.9514,33.6487],[-112.9556,33.6382],[-112.9513,33.6333],[-112.9502,33.6279],[-112.9455,33.6236],[-112.9411,33.6219],[-112.9346,33.6129],[-112.9306,33.6046],[-112.9309,33.6002],[-112.9217,33.5894],[-112.9227,33.5855],[-112.9196,33.5803],[-112.9194,33.5748],[-112.9159,33.5678],[-112.9054,33.5575],[-112.9033,33.5468],[-112.9013,33.5429],[-112.8984,33.5145],[-112.8989,33.5051],[-112.9021,33.4959],[-112.903,33.4823],[-112.8985,33.4702],[-112.9023,33.4643],[-112.9026,33.4503],[-112.9093,33.4502],[-112.9095,33.4429],[-112.9049,33.439],[-112.9017,33.432],[-112.901,33.4269],[-112.899,33.4244],[-112.8962,33.4301],[-112.8978,33.4368],[-112.8964,33.4434],[-112.8922,33.4515],[-112.8941,33.4597],[-112.8926,33.4792],[-112.8851,33.4891],[-112.8841,33.4927],[-112.8767,33.5011],[-112.8756,33.5079],[-112.877,33.5135],[-112.8737,33.5238],[-112.8681,33.5328],[-112.8684,33.5468],[-112.8648,33.5567],[-112.8551,33.5667],[-112.8509,33.5751],[-112.8484,33.584],[-112.8435,33.5885],[-112.836,33.5911],[-112.8333,33.5938],[-112.8329,33.5964],[-112.8303,33.5972],[-112.8279,33.5938],[-112.82,33.5908],[-112.8076,33.5966],[-112.8127,33.6048],[-112.8171,33.6066],[-112.8314,33.6234],[-112.8326,33.6288],[-112.8418,33.6474],[-112.8475,33.663]]]}},{"type":"Feature","properties":{"huc12":"150701020607","name":"Lower Arizona Canal Diversion Channel"},"geometry":{"type":"Polygon","coordinates":[[[-112.1077,33.5737],[-112.117,33.5748],[-112.1154,33.6374],[-112.1119,33.6399],[-112.0997,33.64],[-112.0996,33.6425],[-112.0916,33.6474],[-112.0912,33.6496],[-112.0751,33.6673],[-112.0724,33.673],[-112.0717,33.678],[-112.0658,33.6853],[-112.062,33.6855],[-112.0592,33.6876],[-112.0553,33.6932],[-112.0575,33.6938],[-112.0603,33.6977],[-112.056,33.6994],[-112.0548,33.7016],[-112.0559,33.7115],[-112.0572,33.709],[-112.0666,33.7015],[-112.077,33.6964],[-112.0833,33.691],[-112.0934,33.6902],[-112.1114,33.6821],[-112.1125,33.6808],[-112.1134,33.6696],[-112.1178,33.6679],[-112.1248,33.6625],[-112.1517,33.6618],[-112.1579,33.6593],[-112.1685,33.6577],[-112.1689,33.6545],[-112.1744,33.6544],[-112.1861,33.6476],[-112.1864,33.6388],[-112.1976,33.6385],[-112.2071,33.6325],[-112.2228,33.6328],[-112.219,33.6311],[-112.2097,33.6234],[-112.2043,33.6216],[-112.2025,33.6184],[-112.1915,33.6154],[-112.1862,33.6082],[-112.1822,33.607],[-112.1816,33.604],[-112.1771,33.5997],[-112.1666,33.595],[-112.1634,33.5901],[-112.1596,33.5883],[-112.1565,33.5843],[-112.1375,33.5733],[-112.1289,33.5704],[-112.1227,33.5703],[-112.1113,33.5714],[-112.1077,33.5737]]]}},{"type":"Feature","properties":{"huc12":"150701040607","name":"Fourmile Wash"},"geometry":{"type":"Polygon","coordinates":[[[-112.8157,33.5927],[-112.8204,33.5909],[-112.8279,33.5938],[-112.8311,33.5972],[-112.8335,33.5957],[-112.8333,33.5938],[-112.836,33.5911],[-112.8435,33.5885],[-112.8492,33.5828],[-112.8509,33.5751],[-112.8551,33.5667],[-112.8615,33.561],[-112.8656,33.5552],[-112.8666,33.5494],[-112.8684,33.5468],[-112.8681,33.5328],[-112.8737,33.5238],[-112.877,33.5135],[-112.8756,33.5079],[-112.8767,33.5011],[-112.8841,33.4927],[-112.8851,33.4891],[-112.8926,33.4792],[-112.8941,33.4597],[-112.8922,33.4515],[-112.8962,33.4442],[-112.8978,33.4368],[-112.8951,33.4285],[-112.8969,33.4218],[-112.8957,33.4194],[-112.8923,33.4211],[-112.8877,33.4203],[-112.8837,33.4271],[-112.8849,33.4289],[-112.8828,33.4301],[-112.8801,33.4359],[-112.8756,33.4388],[-112.8737,33.4435],[-112.87,33.4455],[-112.8667,33.4547],[-112.8621,33.4608],[-112.8608,33.4648],[-112.8605,33.4756],[-112.8565,33.4861],[-112.8571,33.4918],[-112.8392,33.5187],[-112.8327,33.5348],[-112.8295,33.5468],[-112.8258,33.5523],[-112.8236,33.5649],[-112.821,33.5688],[-112.8178,33.5807],[-112.8112,33.5866],[-112.8157,33.5927]]]}},{"type":"Feature","properties":{"huc12":"150701020703","name":"Trilby Wash"},"geometry":{"type":"Polygon","coordinates":[[[-112.529,33.9991],[-112.5309,33.9993],[-112.5308,33.9961],[-112.5252,33.9924],[-112.5254,33.9881],[-112.5311,33.9843],[-112.5318,33.9815],[-112.5403,33.9717],[-112.5417,33.9629],[-112.5433,33.9611],[-112.5423,33.9562],[-112.5434,33.9532],[-112.5488,33.9493],[-112.5473,33.9468],[-112.5491,33.9441],[-112.5491,33.9404],[-112.5504,33.9394],[-112.5502,33.9367],[-112.5525,33.9362],[-112.554,33.9316],[-112.5531,33.9292],[-112.5468,33.9228],[-112.547,33.9185],[-112.5518,33.9075],[-112.5544,33.9044],[-112.5616,33.901],[-112.5791,33.895],[-112.5821,33.8911],[-112.5868,33.8882],[-112.5768,33.8731],[-112.5768,33.8655],[-112.578,33.8645],[-112.5738,33.836],[-112.5781,33.8307],[-112.5816,33.8216],[-112.5839,33.819],[-112.5857,33.8102],[-112.5893,33.8021],[-112.5902,33.7933],[-112.586,33.7773],[-112.5856,33.7706],[-112.5824,33.7689],[-112.5774,33.7624],[-112.5687,33.7566],[-112.5696,33.7489],[-112.5623,33.7386],[-112.5585,33.7296],[-112.5297,33.697],[-112.5256,33.6868],[-112.5201,33.6802],[-112.5202,33.6784],[-112.5219,33.6777],[-112.5039,33.6681],[-112.4977,33.6674],[-112.5041,33.6608],[-112.5055,33.656],[-112.5081,33.653],[-112.5098,33.6479],[-112.5089,33.6443],[-112.4941,33.6517],[-112.4834,33.6547],[-112.458,33.6559],[-112.451,33.6575],[-112.4552,33.6653],[-112.4595,33.6696],[-112.4679,33.6723],[-112.4784,33.6832],[-112.4871,33.69],[-112.4933,33.6931],[-112.4993,33.6943],[-112.5071,33.7023],[-112.5253,33.7147],[-112.5315,33.7231],[-112.5364,33.727],[-112.5409,33.735],[-112.5471,33.7417],[-112.5476,33.75],[-112.5519,33.758],[-112.5537,33.767],[-112.5559,33.7715],[-112.5574,33.7812],[-112.5554,33.7832],[-112.5546,33.7888],[-112.5569,33.7953],[-112.5565,33.7991],[-112.5583,33.8077],[-112.5625,33.8164],[-112.5649,33.8376],[-112.5727,33.8579],[-112.5695,33.8661],[-112.5685,33.876],[-112.5639,33.8801],[-112.5613,33.8849],[-112.5611,33.889],[-112.5552,33.8958],[-112.5541,33.8991],[-112.547,33.9024],[-112.5418,33.9083],[-112.5365,33.9089],[-112.5276,33.9132],[-112.5223,33.9095],[-112.5165,33.9094],[-112.5131,33.9059],[-112.5124,33.9089],[-112.5073,33.9142],[-112.5095,33.9178],[-112.5079,33.9195],[-112.4941,33.9237],[-112.5001,33.9328],[-112.4997,33.9359],[-112.5023,33.9401],[-112.5022,33.9433],[-112.5044,33.9459],[-112.5035,33.9502],[-112.5176,33.959],[-112.5099,33.9674],[-112.51,33.972],[-112.5069,33.9734],[-112.5001,33.9805],[-112.5078,33.9873],[-112.51,33.9873],[-112.5117,33.9893],[-112.5118,33.9919],[-112.5194,33.9942],[-112.5262,33.9989],[-112.529,33.9991]]]}},{"type":"Feature","properties":{"huc12":"150701020701","name":"Iona Wash"},"geometry":{"type":"Polygon","coordinates":[[[-112.5535,33.9467],[-112.5622,33.9396],[-112.5616,33.9385],[-112.5653,33.9391],[-112.567,33.9373],[-112.5699,33.9312],[-112.5701,33.9271],[-112.5726,33.9252],[-112.5752,33.9249],[-112.5795,33.9174],[-112.5832,33.9147],[-112.5822,33.9054],[-112.5901,33.8984],[-112.5911,33.8949],[-112.5931,33.8943],[-112.5929,33.8909],[-112.5955,33.8829],[-112.607,33.8684],[-112.6264,33.8495],[-112.6313,33.8328],[-112.6343,33.8296],[-112.6372,33.8235],[-112.6338,33.8157],[-112.6342,33.813],[-112.6363,33.811],[-112.6343,33.8062],[-112.6338,33.7988],[-112.6282,33.7958],[-112.6188,33.7817],[-112.6031,33.7643],[-112.5977,33.7601],[-112.5927,33.7505],[-112.589,33.748],[-112.5691,33.7238],[-112.5585,33.7158],[-112.5473,33.7025],[-112.5356,33.6938],[-112.5322,33.6867],[-112.5285,33.6824],[-112.5213,33.6777],[-112.5201,33.6788],[-112.5205,33.6813],[-112.5256,33.6868],[-112.5297,33.697],[-112.5585,33.7296],[-112.5623,33.7386],[-112.5696,33.7489],[-112.5687,33.7566],[-112.5774,33.7624],[-112.5824,33.7689],[-112.5856,33.7706],[-112.586,33.7773],[-112.5902,33.7933],[-112.5893,33.8021],[-112.5857,33.8102],[-112.5839,33.819],[-112.5816,33.8216],[-112.5781,33.8307],[-112.5738,33.836],[-112.578,33.8645],[-112.5768,33.8655],[-112.5768,33.8731],[-112.5868,33.8882],[-112.5821,33.8911],[-112.5791,33.895],[-112.5616,33.901],[-112.5544,33.9044],[-112.5518,33.9075],[-112.547,33.9185],[-112.5468,33.9228],[-112.554,33.9315],[-112.5525,33.9362],[-112.5502,33.9367],[-112.5504,33.9394],[-112.5491,33.9404],[-112.5491,33.9441],[-112.5477,33.9458],[-112.5535,33.9467]]]}},{"type":"Feature","properties":{"huc12":"150701020702","name":"150701020702"},"geometry":{"type":"Polygon","coordinates":[[[-112.5023,33.6675],[-112.5153,33.6733],[-112.5285,33.6824],[-112.5322,33.6867],[-112.5356,33.6938],[-112.5473,33.7025],[-112.5585,33.7158],[-112.5691,33.7238],[-112.589,33.748],[-112.5927,33.7505],[-112.5967,33.7588],[-112.6188,33.7817],[-112.6279,33.7955],[-112.6339,33.799],[-112.6351,33.798],[-112.636,33.7938],[-112.6345,33.7897],[-112.6374,33.7859],[-112.6402,33.7849],[-112.6399,33.7777],[-112.6425,33.7753],[-112.6433,33.7703],[-112.6414,33.768],[-112.6407,33.7631],[-112.6309,33.7472],[-112.6269,33.7314],[-112.6224,33.721],[-112.6206,33.7022],[-112.6112,33.677],[-112.6048,33.6276],[-112.6098,33.6187],[-112.6142,33.6171],[-112.611,33.6119],[-112.6111,33.6089],[-112.6068,33.6059],[-112.6052,33.6012],[-112.6015,33.5972],[-112.5962,33.5978],[-112.5955,33.6014],[-112.5896,33.6009],[-112.5866,33.6041],[-112.5851,33.6101],[-112.5826,33.6119],[-112.5764,33.613],[-112.5746,33.6159],[-112.5695,33.6155],[-112.5679,33.6195],[-112.564,33.6208],[-112.5608,33.6256],[-112.557,33.6282],[-112.5543,33.6253],[-112.5493,33.6243],[-112.5459,33.6249],[-112.5434,33.627],[-112.5373,33.6276],[-112.5352,33.6296],[-112.5352,33.635],[-112.5202,33.6411],[-112.5101,33.6431],[-112.5089,33.6443],[-112.5091,33.6506],[-112.5055,33.656],[-112.5043,33.6604],[-112.4976,33.6672],[-112.5023,33.6675]]]}},{"type":"Feature","properties":{"huc12":"150701020704","name":"Town of Wittmann"},"geometry":{"type":"Polygon","coordinates":[[[-112.5223,33.9095],[-112.5269,33.9131],[-112.5299,33.913],[-112.5314,33.9111],[-112.5365,33.9089],[-112.5418,33.9083],[-112.547,33.9024],[-112.5541,33.8991],[-112.5552,33.8958],[-112.5611,33.889],[-112.5613,33.8849],[-112.5639,33.8801],[-112.5685,33.876],[-112.5695,33.8661],[-112.5726,33.8586],[-112.5649,33.8376],[-112.5625,33.8164],[-112.5583,33.8077],[-112.5565,33.7991],[-112.5569,33.7953],[-112.5546,33.7888],[-112.5554,33.7832],[-112.5574,33.7807],[-112.5536,33.7636],[-112.5476,33.75],[-112.5471,33.7417],[-112.5409,33.735],[-112.5364,33.727],[-112.5315,33.7231],[-112.5241,33.7133],[-112.5071,33.7023],[-112.4993,33.6943],[-112.4933,33.6931],[-112.4871,33.69],[-112.4784,33.6832],[-112.4679,33.6723],[-112.4587,33.6688],[-112.4552,33.6653],[-112.4513,33.6582],[-112.4479,33.6583],[-112.4461,33.6605],[-112.4478,33.6628],[-112.4478,33.6677],[-112.4492,33.6711],[-112.4579,33.6801],[-112.4585,33.6844],[-112.4643,33.69],[-112.4688,33.6997],[-112.4744,33.7014],[-112.4791,33.7093],[-112.4894,33.7167],[-112.4941,33.7223],[-112.5008,33.7374],[-112.5025,33.7556],[-112.5062,33.7605],[-112.5168,33.7687],[-112.5145,33.7727],[-112.5156,33.7803],[-112.515,33.7841],[-112.5186,33.7918],[-112.519,33.7961],[-112.5212,33.7984],[-112.5228,33.803],[-112.5224,33.8069],[-112.5199,33.8109],[-112.5208,33.8253],[-112.5182,33.8326],[-112.5159,33.8464],[-112.5186,33.8557],[-112.5181,33.8626],[-112.5228,33.8766],[-112.5212,33.8792],[-112.5198,33.8935],[-112.516,33.8978],[-112.5161,33.9001],[-112.5177,33.9016],[-112.5139,33.906],[-112.5169,33.9095],[-112.5223,33.9095]]]}},{"type":"Feature","properties":{"huc12":"150701020705","name":"M E Wash"},"geometry":{"type":"Polygon","coordinates":[[[-112.4899,33.9631],[-112.4932,33.969],[-112.4957,33.9708],[-112.4942,33.9729],[-112.4972,33.9761],[-112.497,33.9784],[-112.5001,33.9805],[-112.5069,33.9734],[-112.51,33.972],[-112.5099,33.9674],[-112.5176,33.959],[-112.5035,33.9502],[-112.5044,33.9459],[-112.5022,33.9433],[-112.5023,33.9401],[-112.4997,33.9359],[-112.5001,33.9328],[-112.4941,33.9237],[-112.5076,33.9197],[-112.5095,33.9178],[-112.5073,33.9142],[-112.5124,33.9089],[-112.5128,33.9061],[-112.5151,33.9056],[-112.5177,33.9016],[-112.5161,33.9001],[-112.516,33.8978],[-112.5198,33.8935],[-112.5212,33.8792],[-112.5227,33.8772],[-112.5223,33.8733],[-112.5181,33.8626],[-112.5186,33.8557],[-112.5159,33.8464],[-112.5182,33.8326],[-112.5208,33.8253],[-112.5199,33.8109],[-112.5224,33.8069],[-112.5228,33.803],[-112.5212,33.7984],[-112.519,33.7961],[-112.5186,33.7918],[-112.515,33.7841],[-112.5156,33.7803],[-112.5145,33.7727],[-112.5168,33.7687],[-112.5062,33.7605],[-112.5025,33.7556],[-112.5008,33.7374],[-112.4941,33.7223],[-112.4894,33.7167],[-112.4791,33.7093],[-112.4744,33.7014],[-112.4691,33.6999],[-112.4536,33.6866],[-112.4467,33.6833],[-112.43,33.6823],[-112.429,33.6887],[-112.4233,33.6909],[-112.4231,33.6948],[-112.4255,33.6994],[-112.4261,33.7056],[-112.4221,33.7077],[-112.4218,33.7112],[-112.425,33.7131],[-112.4274,33.7236],[-112.4303,33.7282],[-112.4338,33.7382],[-112.4446,33.7395],[-112.4456,33.7489],[-112.4488,33.7541],[-112.4519,33.764],[-112.4528,33.7734],[-112.4552,33.777],[-112.4562,33.7889],[-112.4678,33.8098],[-112.4682,33.822],[-112.4695,33.8269],[-112.4678,33.8438],[-112.4651,33.8473],[-112.4618,33.8613],[-112.4635,33.8664],[-112.4622,33.8682],[-112.4617,33.8797],[-112.4591,33.8819],[-112.4577,33.8875],[-112.455,33.8905],[-112.4491,33.894],[-112.4435,33.8926],[-112.4418,33.8954],[-112.4378,33.8967],[-112.4356,33.9007],[-112.4401,33.9048],[-112.4397,33.9072],[-112.4461,33.92],[-112.4446,33.9215],[-112.4456,33.9257],[-112.4437,33.9272],[-112.441,33.9339],[-112.4444,33.9373],[-112.4505,33.9389],[-112.4533,33.9428],[-112.4616,33.9441],[-112.4675,33.949],[-112.4754,33.9511],[-112.4768,33.9563],[-112.4818,33.9593],[-112.4828,33.9614],[-112.4899,33.9631]]]}},{"type":"Feature","properties":{"huc12":"150701020801","name":"Grapevine Canyon-New River"},"geometry":{"type":"Polygon","coordinates":[[[-111.9309,34.0935],[-111.9392,34.0925],[-111.9445,34.0856],[-111.9481,34.0835],[-111.9529,34.0845],[-111.9558,34.0835],[-111.9673,34.075],[-111.9665,34.0719],[-111.9673,34.0709],[-111.9803,34.0674],[-111.9865,34.0638],[-111.9886,34.0579],[-111.9983,34.0588],[-112.001,34.0574],[-112.0003,34.0495],[-112.0044,34.0482],[-112.0059,34.0408],[-112.0053,34.0371],[-112.0114,34.0346],[-112.0132,34.0311],[-112.0181,34.0305],[-112.019,34.0261],[-112.0241,34.0261],[-112.0279,34.0283],[-112.0436,34.0263],[-112.052,34.0199],[-112.0595,34.007],[-112.0592,34.0053],[-112.055,34.0036],[-112.0537,33.9977],[-112.0573,33.994],[-112.0573,33.9888],[-112.062,33.9825],[-112.062,33.979],[-112.0574,33.9703],[-112.0528,33.9662],[-112.048,33.9565],[-112.0448,33.9559],[-112.0386,33.9573],[-112.0342,33.9558],[-112.0255,33.9442],[-112.0209,33.9453],[-112.0141,33.9434],[-112.0108,33.9446],[-112.0077,33.9432],[-112.0062,33.9406],[-111.9914,33.9422],[-111.9749,33.9351],[-111.9735,33.9366],[-111.9721,33.9484],[-111.9706,33.9518],[-111.9523,33.9689],[-111.9438,33.9796],[-111.9405,33.9866],[-111.9341,33.9924],[-111.9297,33.9931],[-111.9306,33.9962],[-111.9297,33.9996],[-111.9234,34.0014],[-111.92,34.005],[-111.9178,34.0038],[-111.9154,34.0045],[-111.9127,34.0082],[-111.9078,34.0081],[-111.8957,34.0148],[-111.8944,34.024],[-111.889,34.0275],[-111.8884,34.034],[-111.8772,34.0448],[-111.875,34.0487],[-111.8782,34.052],[-111.8798,34.0576],[-111.8852,34.0621],[-111.8871,34.0812],[-111.8994,34.0868],[-111.9,34.0907],[-111.9033,34.0903],[-111.9139,34.0931],[-111.9195,34.0913],[-111.9309,34.0935]]]}},{"type":"Feature","properties":{"huc12":"150701020802","name":"Cline Creek"},"geometry":{"type":"Polygon","coordinates":[[[-111.9749,33.9351],[-111.9914,33.9422],[-112.0062,33.9406],[-112.0077,33.9432],[-112.0102,33.9444],[-112.0143,33.9434],[-112.0209,33.9453],[-112.0288,33.9422],[-112.0305,33.9408],[-112.0305,33.9368],[-112.0344,33.9302],[-112.0366,33.9277],[-112.04,33.9267],[-112.0431,33.9218],[-112.0456,33.9202],[-112.0428,33.9198],[-112.0416,33.9171],[-112.0433,33.9142],[-112.0537,33.9037],[-112.0677,33.8939],[-112.0726,33.888],[-112.081,33.8838],[-112.0847,33.8784],[-112.0835,33.878],[-112.0804,33.8807],[-112.0672,33.8841],[-112.0603,33.8799],[-112.0621,33.8763],[-112.0601,33.8725],[-112.0572,33.8695],[-112.053,33.8691],[-112.0515,33.8712],[-112.0528,33.8739],[-112.0444,33.876],[-112.0374,33.88],[-112.0277,33.8831],[-112.0203,33.8828],[-112.0191,33.8843],[-112.0096,33.886],[-112.0022,33.8905],[-111.9922,33.8918],[-111.9862,33.8957],[-111.9829,33.8956],[-111.9852,33.9031],[-111.9801,33.9093],[-111.9853,33.9152],[-111.9863,33.9209],[-111.9847,33.9234],[-111.9802,33.9249],[-111.9768,33.9283],[-111.9764,33.9336],[-111.9749,33.9351]]]}},{"type":"Feature","properties":{"huc12":"150701020803","name":"Upper Skunk Creek"},"geometry":{"type":"Polygon","coordinates":[[[-112.0514,33.9624],[-112.061,33.9632],[-112.0691,33.967],[-112.0717,33.9643],[-112.0753,33.9648],[-112.0806,33.962],[-112.0862,33.961],[-112.0894,33.9564],[-112.088,33.9535],[-112.0908,33.9523],[-112.0937,33.9483],[-112.0902,33.941],[-112.0932,33.9352],[-112.0922,33.93],[-112.1004,33.9275],[-112.0986,33.924],[-112.0957,33.9241],[-112.0907,33.9188],[-112.0911,33.9171],[-112.0941,33.9156],[-112.0933,33.9124],[-112.0987,33.9132],[-112.1041,33.9084],[-112.1092,33.9094],[-112.1112,33.908],[-112.1144,33.9084],[-112.1147,33.9068],[-112.1082,33.9034],[-112.1105,33.9016],[-112.1101,33.8984],[-112.1123,33.8961],[-112.1057,33.8961],[-112.1049,33.8896],[-112.1011,33.887],[-112.103,33.8835],[-112.1026,33.8814],[-112.0983,33.8782],[-112.0948,33.8782],[-112.092,33.8815],[-112.0847,33.8786],[-112.081,33.8838],[-112.0726,33.888],[-112.0671,33.8945],[-112.0511,33.906],[-112.0416,33.917],[-112.0428,33.9198],[-112.0456,33.9202],[-112.0431,33.9218],[-112.04,33.9267],[-112.0366,33.9277],[-112.0344,33.9302],[-112.0305,33.9368],[-112.0304,33.9409],[-112.0247,33.9441],[-112.028,33.9467],[-112.0334,33.9553],[-112.038,33.9572],[-112.0477,33.9564],[-112.0514,33.9624]]]}},{"type":"Feature","properties":{"huc12":"150701020804","name":"Deadman Wash"},"geometry":{"type":"Polygon","coordinates":[[[-112.1123,33.8961],[-112.1161,33.9007],[-112.1197,33.899],[-112.1282,33.8987],[-112.1301,33.8967],[-112.1372,33.8958],[-112.1467,33.8884],[-112.1511,33.8781],[-112.1584,33.867],[-112.1611,33.8645],[-112.1681,33.8619],[-112.1717,33.8585],[-112.1754,33.8495],[-112.1806,33.8455],[-112.1945,33.8266],[-112.1956,33.8218],[-112.1996,33.8192],[-112.2031,33.8078],[-112.21,33.8],[-112.2117,33.7961],[-112.2163,33.7921],[-112.2188,33.7855],[-112.2222,33.7813],[-112.2236,33.7734],[-112.2197,33.7724],[-112.2146,33.7674],[-112.2117,33.768],[-112.2085,33.7641],[-112.2046,33.7653],[-112.1974,33.7638],[-112.197,33.7618],[-112.1941,33.7632],[-112.1881,33.7627],[-112.1842,33.7645],[-112.1831,33.7669],[-112.1782,33.7667],[-112.1679,33.7741],[-112.1637,33.7747],[-112.1602,33.7807],[-112.1552,33.7851],[-112.1484,33.7897],[-112.1419,33.792],[-112.1351,33.7982],[-112.1308,33.8003],[-112.1292,33.8056],[-112.1241,33.8113],[-112.1261,33.8155],[-112.125,33.8226],[-112.1226,33.8224],[-112.1202,33.827],[-112.1003,33.8471],[-112.0936,33.8564],[-112.0937,33.861],[-112.0984,33.871],[-112.0973,33.8732],[-112.0943,33.8741],[-112.0938,33.8765],[-112.0948,33.8782],[-112.0983,33.8782],[-112.1026,33.8814],[-112.103,33.8835],[-112.1011,33.887],[-112.1049,33.8896],[-112.1057,33.8961],[-112.1123,33.8961]]]}},{"type":"Feature","properties":{"huc12":"150701020805","name":"Sweat Canyon-New River"},"geometry":{"type":"Polygon","coordinates":[[[-112.0514,33.9624],[-112.0528,33.9662],[-112.0574,33.9703],[-112.062,33.979],[-112.062,33.9825],[-112.0573,33.9888],[-112.0573,33.994],[-112.0537,33.9977],[-112.055,34.0036],[-112.0592,34.0053],[-112.0617,34.0029],[-112.0659,34.002],[-112.0666,33.9994],[-112.0654,33.9967],[-112.0688,33.9951],[-112.0733,33.9896],[-112.0764,33.9888],[-112.0775,33.9865],[-112.0795,33.9884],[-112.0846,33.9876],[-112.0865,33.989],[-112.088,33.9855],[-112.0914,33.9829],[-112.0954,33.9852],[-112.1199,33.9855],[-112.1238,33.9785],[-112.1234,33.9712],[-112.1245,33.97],[-112.1318,33.9693],[-112.1332,33.9704],[-112.1353,33.969],[-112.1392,33.9692],[-112.1406,33.9683],[-112.1407,33.9642],[-112.1453,33.9626],[-112.1476,33.9645],[-112.1567,33.9646],[-112.1589,33.9627],[-112.1594,33.9586],[-112.1662,33.9552],[-112.1702,33.9552],[-112.1738,33.9573],[-112.1764,33.9571],[-112.1797,33.9544],[-112.1819,33.956],[-112.1841,33.954],[-112.187,33.9535],[-112.1926,33.9549],[-112.1977,33.9479],[-112.198,33.9451],[-112.2018,33.942],[-112.2017,33.9343],[-112.204,33.9293],[-112.2062,33.9177],[-112.2082,33.9156],[-112.2066,33.9095],[-112.2151,33.8979],[-112.2181,33.8967],[-112.2168,33.8908],[-112.2209,33.891],[-112.2246,33.8896],[-112.2284,33.886],[-112.2287,33.8838],[-112.2318,33.8819],[-112.2409,33.8838],[-112.2417,33.8803],[-112.2463,33.8778],[-112.2491,33.8739],[-112.248,33.8703],[-112.2445,33.8678],[-112.2444,33.8636],[-112.2495,33.8568],[-112.2496,33.8541],[-112.2518,33.8507],[-112.2484,33.8442],[-112.2399,33.8333],[-112.2331,33.8281],[-112.2322,33.8234],[-112.2255,33.8156],[-112.2217,33.8067],[-112.2207,33.7918],[-112.2258,33.7846],[-112.2276,33.7745],[-112.2239,33.774],[-112.2225,33.7805],[-112.2188,33.7855],[-112.2163,33.7921],[-112.2117,33.7961],[-112.21,33.8],[-112.2031,33.8078],[-112.2006,33.8172],[-112.1993,33.8196],[-112.1956,33.8218],[-112.1928,33.8291],[-112.1806,33.8455],[-112.1754,33.8495],[-112.1717,33.8585],[-112.1681,33.8619],[-112.1611,33.8645],[-112.1584,33.867],[-112.1511,33.8781],[-112.1467,33.8884],[-112.1372,33.8958],[-112.1301,33.8967],[-112.1282,33.8987],[-112.1197,33.899],[-112.1161,33.9007],[-112.1123,33.8961],[-112.1101,33.8984],[-112.1105,33.9016],[-112.1081,33.9033],[-112.1144,33.9061],[-112.1144,33.9084],[-112.1112,33.908],[-112.1084,33.9095],[-112.1041,33.9084],[-112.0987,33.9132],[-112.0933,33.9124],[-112.0941,33.9156],[-112.0911,33.9171],[-112.0907,33.9188],[-112.0957,33.9241],[-112.0986,33.924],[-112.1004,33.9275],[-112.0922,33.93],[-112.0932,33.9352],[-112.0902,33.941],[-112.0937,33.9483],[-112.0908,33.9523],[-112.088,33.9535],[-112.0894,33.9564],[-112.0863,33.9609],[-112.0806,33.962],[-112.0753,33.9648],[-112.0717,33.9643],[-112.0691,33.967],[-112.061,33.9632],[-112.0514,33.9624]]]}},{"type":"Feature","properties":{"huc12":"150701020806","name":"Middle Skunk Creek"},"geometry":{"type":"Polygon","coordinates":[[[-111.9941,33.8781],[-111.9879,33.8804],[-111.9801,33.8805],[-111.9817,33.8851],[-111.9878,33.8913],[-111.9889,33.8942],[-111.9922,33.8918],[-112.0022,33.8905],[-112.0096,33.886],[-112.0191,33.8843],[-112.0203,33.8828],[-112.022,33.8836],[-112.0284,33.8829],[-112.0374,33.88],[-112.0444,33.876],[-112.0525,33.8741],[-112.0515,33.8712],[-112.053,33.8691],[-112.0572,33.8695],[-112.0601,33.8725],[-112.0621,33.8763],[-112.0603,33.8799],[-112.0672,33.8841],[-112.0804,33.8807],[-112.0838,33.8779],[-112.0926,33.8813],[-112.0949,33.8776],[-112.0936,33.876],[-112.0943,33.8741],[-112.0973,33.8732],[-112.0984,33.8712],[-112.0935,33.8604],[-112.0948,33.854],[-112.1135,33.8326],[-112.1202,33.827],[-112.1226,33.8224],[-112.125,33.8226],[-112.1261,33.8155],[-112.1241,33.8113],[-112.1292,33.8056],[-112.1308,33.8003],[-112.1351,33.7982],[-112.1419,33.792],[-112.1484,33.7897],[-112.1552,33.7851],[-112.1602,33.7807],[-112.1637,33.7747],[-112.1679,33.7741],[-112.1782,33.7667],[-112.1831,33.7669],[-112.1827,33.7618],[-112.1807,33.7585],[-112.1825,33.7576],[-112.1815,33.7542],[-112.1825,33.7508],[-112.1812,33.747],[-112.1791,33.7453],[-112.1714,33.7447],[-112.1657,33.7408],[-112.166,33.7361],[-112.1616,33.7338],[-112.1606,33.731],[-112.1559,33.7279],[-112.1514,33.7288],[-112.1446,33.7276],[-112.1399,33.7238],[-112.1362,33.7244],[-112.1335,33.7205],[-112.1271,33.7176],[-112.1235,33.7234],[-112.1107,33.7371],[-112.1031,33.7391],[-112.0963,33.745],[-112.0866,33.7433],[-112.0847,33.7414],[-112.0858,33.737],[-112.0837,33.7372],[-112.0817,33.7344],[-112.0787,33.7357],[-112.0733,33.733],[-112.0726,33.7348],[-112.0738,33.7395],[-112.072,33.7414],[-112.0728,33.7434],[-112.0698,33.7443],[-112.0655,33.7503],[-112.0524,33.7596],[-112.0457,33.7729],[-112.0496,33.776],[-112.0552,33.7737],[-112.0608,33.7773],[-112.0583,33.7827],[-112.06,33.7827],[-112.0611,33.785],[-112.0636,33.7862],[-112.0678,33.7854],[-112.071,33.7898],[-112.0777,33.7927],[-112.0836,33.7906],[-112.0878,33.7927],[-112.0923,33.7983],[-112.0916,33.8032],[-112.0858,33.8079],[-112.0752,33.8233],[-112.0701,33.8475],[-112.0625,33.8554],[-112.0631,33.8574],[-112.0604,33.8605],[-112.0571,33.8609],[-112.0538,33.8585],[-112.0437,33.8586],[-112.0422,33.8607],[-112.0367,33.8628],[-112.0314,33.8667],[-112.0233,33.8627],[-112.0207,33.8641],[-112.0175,33.8686],[-112.0139,33.868],[-112.0098,33.8694],[-111.9941,33.8781]]]}},{"type":"Feature","properties":{"huc12":"150701040701","name":"Cortez Peak"},"geometry":{"type":"Polygon","coordinates":[[[-113.0808,33.3457],[-113.0762,33.3491],[-113.0842,33.3516],[-113.0906,33.3565],[-113.1088,33.3558],[-113.1092,33.3577],[-113.1111,33.3579],[-113.1256,33.3557],[-113.1522,33.3556],[-113.1601,33.3486],[-113.1782,33.3482],[-113.1981,33.3376],[-113.2104,33.3338],[-113.2272,33.3315],[-113.2363,33.3276],[-113.2436,33.3055],[-113.2428,33.2954],[-113.2468,33.2911],[-113.2489,33.2867],[-113.2535,33.2853],[-113.2569,33.2807],[-113.2503,33.2768],[-113.2465,33.2724],[-113.2412,33.2704],[-113.2404,33.2683],[-113.2322,33.2667],[-113.2262,33.2615],[-113.2211,33.2616],[-113.2213,33.2661],[-113.2182,33.2715],[-113.2131,33.2739],[-113.2117,33.2773],[-113.2067,33.2779],[-113.2043,33.2813],[-113.1999,33.2808],[-113.197,33.2904],[-113.1892,33.2955],[-113.184,33.2975],[-113.1702,33.2982],[-113.1469,33.3139],[-113.1389,33.3154],[-113.1336,33.3182],[-113.126,33.3186],[-113.1169,33.3213],[-113.1102,33.32],[-113.1132,33.3228],[-113.1154,33.328],[-113.1148,33.3302],[-113.111,33.3327],[-113.1082,33.3375],[-113.1044,33.3408],[-113.0971,33.3441],[-113.0808,33.3457]]]}},{"type":"Feature","properties":{"huc12":"150701040608","name":"Lower Winters Wash"},"geometry":{"type":"Polygon","coordinates":[[[-112.8751,33.3131],[-112.8743,33.3213],[-112.8774,33.3284],[-112.8779,33.3454],[-112.88,33.3489],[-112.8764,33.3569],[-112.8762,33.3733],[-112.8717,33.3871],[-112.8673,33.3933],[-112.8613,33.3969],[-112.8599,33.4036],[-112.8634,33.4056],[-112.8628,33.4087],[-112.8662,33.4116],[-112.8672,33.4141],[-112.8634,33.4201],[-112.8657,33.4295],[-112.8622,33.435],[-112.8611,33.4575],[-112.8621,33.4608],[-112.8667,33.4547],[-112.87,33.4455],[-112.8737,33.4435],[-112.8756,33.4388],[-112.8801,33.4359],[-112.8828,33.4301],[-112.8849,33.4289],[-112.8837,33.4271],[-112.8887,33.4198],[-112.8923,33.4211],[-112.8957,33.4194],[-112.8969,33.4218],[-112.8958,33.4234],[-112.8955,33.4292],[-112.8962,33.4301],[-112.8993,33.4246],[-112.901,33.4269],[-112.9017,33.432],[-112.9049,33.439],[-112.9095,33.4429],[-112.9251,33.4398],[-112.9294,33.4411],[-112.9305,33.4451],[-112.9409,33.4489],[-112.9437,33.4481],[-112.9455,33.4451],[-112.9522,33.4448],[-112.9542,33.4431],[-112.9564,33.4383],[-112.9524,33.432],[-112.9543,33.4299],[-112.9603,33.4373],[-112.9776,33.4425],[-112.9832,33.4409],[-112.9848,33.4437],[-112.988,33.4449],[-113.0135,33.4447],[-113.0238,33.4472],[-113.032,33.4429],[-113.0344,33.4394],[-113.0305,33.4367],[-113.0258,33.4362],[-113.0143,33.4268],[-112.9874,33.4119],[-112.9748,33.4016],[-112.9722,33.3979],[-112.9715,33.3944],[-112.9685,33.3916],[-112.9588,33.3867],[-112.941,33.3815],[-112.9276,33.374],[-112.9187,33.3671],[-112.9101,33.3502],[-112.8956,33.3289],[-112.8936,33.3266],[-112.8849,33.3265],[-112.8841,33.3105],[-112.8823,33.3101],[-112.8751,33.3131]]]}},{"type":"Feature","properties":{"huc12":"150701040702","name":"Davis Well"},"geometry":{"type":"Polygon","coordinates":[[[-113.0808,33.3457],[-113.0971,33.3441],[-113.1044,33.3408],[-113.1082,33.3375],[-113.111,33.3327],[-113.1148,33.3302],[-113.1154,33.328],[-113.1132,33.3228],[-113.1102,33.32],[-113.118,33.3212],[-113.1248,33.3189],[-113.1334,33.3183],[-113.1389,33.3154],[-113.1463,33.3142],[-113.1702,33.2982],[-113.1529,33.3],[-113.1497,33.2956],[-113.1434,33.294],[-113.1356,33.2893],[-113.1218,33.2866],[-113.1152,33.2734],[-113.1118,33.2742],[-113.1002,33.2732],[-113.0932,33.2696],[-113.0925,33.2716],[-113.09,33.2722],[-113.0795,33.2673],[-113.0769,33.2642],[-113.0718,33.2675],[-113.0678,33.2656],[-113.0652,33.2666],[-113.0569,33.2618],[-113.0552,33.2662],[-113.0555,33.273],[-113.0526,33.2733],[-113.0525,33.2753],[-113.05,33.2749],[-113.0491,33.2767],[-113.0508,33.2782],[-113.0504,33.2814],[-113.0446,33.2882],[-113.0389,33.2879],[-113.0379,33.2893],[-113.0347,33.2893],[-113.0326,33.2916],[-113.0305,33.2973],[-113.0315,33.3007],[-113.0285,33.3042],[-113.0319,33.3128],[-113.0273,33.32],[-113.0196,33.3265],[-113.0184,33.3295],[-113.0315,33.3295],[-113.0376,33.3308],[-113.0405,33.3282],[-113.0436,33.3283],[-113.0527,33.3356],[-113.056,33.3353],[-113.0726,33.3435],[-113.0808,33.3457]]]}},{"type":"Feature","properties":{"huc12":"150701040703","name":"Surprise Well"},"geometry":{"type":"Polygon","coordinates":[[[-112.9499,33.323],[-112.9804,33.3191],[-112.9831,33.3168],[-112.981,33.3136],[-112.982,33.311],[-112.9917,33.3034],[-112.9999,33.309],[-113.003,33.3074],[-113.0085,33.3087],[-113.0084,33.3033],[-113.0171,33.2934],[-113.0196,33.2945],[-113.0287,33.2937],[-113.0309,33.2946],[-113.0347,33.2893],[-113.0379,33.2893],[-113.0401,33.2876],[-113.0446,33.2882],[-113.0509,33.2808],[-113.0508,33.2782],[-113.049,33.2771],[-113.05,33.2749],[-113.0524,33.2753],[-113.0526,33.2733],[-113.0555,33.273],[-113.0552,33.2662],[-113.0569,33.2618],[-113.0543,33.2579],[-113.0463,33.2545],[-113.0459,33.2527],[-113.0443,33.2534],[-113.0426,33.2523],[-113.0308,33.256],[-113.0262,33.2562],[-113.0228,33.2534],[-113.0151,33.2527],[-113.0107,33.2477],[-113.0035,33.2462],[-113.0016,33.2433],[-112.9994,33.2437],[-112.9975,33.2402],[-112.9988,33.2381],[-112.9933,33.239],[-112.9891,33.2368],[-112.9841,33.237],[-112.9756,33.2273],[-112.97,33.2259],[-112.9696,33.2223],[-112.9671,33.2216],[-112.9656,33.2187],[-112.9669,33.2178],[-112.9668,33.215],[-112.9628,33.2131],[-112.9598,33.2139],[-112.9596,33.2114],[-112.9576,33.2099],[-112.9558,33.212],[-112.9551,33.2193],[-112.9586,33.223],[-112.9597,33.227],[-112.965,33.2351],[-112.9668,33.2485],[-112.9687,33.2523],[-112.968,33.2543],[-112.972,33.2633],[-112.9696,33.2651],[-112.9712,33.2662],[-112.9711,33.2697],[-112.9728,33.2718],[-112.9694,33.2793],[-112.9733,33.2857],[-112.9721,33.2923],[-112.9731,33.2953],[-112.9647,33.2981],[-112.9681,33.3025],[-112.9609,33.3172],[-112.9571,33.3186],[-112.9535,33.322],[-112.9499,33.323]]]}},{"type":"Feature","properties":{"huc12":"150701040704","name":"Mullen Well-Centennial Wash"},"geometry":{"type":"Polygon","coordinates":[[[-112.9719,33.3955],[-112.9748,33.4016],[-112.9907,33.4142],[-113.0143,33.4268],[-113.0258,33.4362],[-113.0307,33.4367],[-113.0341,33.4394],[-113.0362,33.439],[-113.0379,33.4382],[-113.0378,33.434],[-113.0407,33.432],[-113.0395,33.429],[-113.0443,33.4285],[-113.0481,33.4257],[-113.0452,33.4221],[-113.0473,33.4184],[-113.0482,33.4125],[-113.054,33.4104],[-113.0615,33.4043],[-113.0654,33.4038],[-113.07,33.4012],[-113.0734,33.4012],[-113.0736,33.397],[-113.0712,33.3968],[-113.071,33.3993],[-113.0691,33.3986],[-113.0692,33.394],[-113.071,33.3897],[-113.0727,33.3887],[-113.0695,33.3833],[-113.0814,33.3732],[-113.09,33.3734],[-113.0925,33.3684],[-113.0928,33.3629],[-113.2122,33.3629],[-113.2223,33.3479],[-113.2335,33.3347],[-113.2363,33.3276],[-113.226,33.3319],[-113.2104,33.3338],[-113.1981,33.3376],[-113.1782,33.3482],[-113.1601,33.3486],[-113.1522,33.3556],[-113.1256,33.3557],[-113.1111,33.3579],[-113.1092,33.3577],[-113.1088,33.3558],[-113.0906,33.3565],[-113.0842,33.3516],[-113.0762,33.3491],[-113.0808,33.3457],[-113.0726,33.3435],[-113.056,33.3353],[-113.0527,33.3356],[-113.0438,33.3284],[-113.0405,33.3282],[-113.0376,33.3308],[-113.0315,33.3295],[-113.0185,33.3297],[-113.0196,33.3265],[-113.0265,33.321],[-113.0319,33.3128],[-113.0285,33.3045],[-113.0316,33.2999],[-113.0305,33.2944],[-113.0196,33.2945],[-113.0174,33.2932],[-113.0084,33.3033],[-113.0085,33.3087],[-113.003,33.3074],[-112.9999,33.309],[-112.9919,33.3033],[-112.982,33.311],[-112.981,33.3136],[-112.9831,33.3168],[-112.9815,33.3186],[-112.9496,33.3232],[-112.9512,33.3305],[-112.9586,33.3381],[-112.9614,33.3506],[-112.9648,33.3544],[-112.967,33.3648],[-112.9649,33.3741],[-112.9673,33.3847],[-112.9714,33.3922],[-112.9719,33.3955]]]}},{"type":"Feature","properties":{"huc12":"150701040705","name":"Jagow Tank"},"geometry":{"type":"Polygon","coordinates":[[[-112.8424,33.2925],[-112.8518,33.2927],[-112.8601,33.2956],[-112.8661,33.2962],[-112.8763,33.2934],[-112.8768,33.2906],[-112.8904,33.2767],[-112.8903,33.2711],[-112.8931,33.2648],[-112.8912,33.2625],[-112.8894,33.2547],[-112.8934,33.2523],[-112.8966,33.2521],[-112.8986,33.2489],[-112.9034,33.2481],[-112.9066,33.2453],[-112.9142,33.2438],[-112.9233,33.2463],[-112.9309,33.2433],[-112.9341,33.2382],[-112.9356,33.2309],[-112.9405,33.2314],[-112.9431,33.2275],[-112.9436,33.224],[-112.9484,33.2209],[-112.947,33.2183],[-112.9491,33.2173],[-112.9521,33.2125],[-112.9559,33.2119],[-112.9575,33.2096],[-112.9541,33.2075],[-112.9488,33.2099],[-112.9462,33.2069],[-112.9392,33.2036],[-112.9328,33.2052],[-112.9289,33.2021],[-112.9236,33.201],[-112.9205,33.1962],[-112.9156,33.1934],[-112.8925,33.1847],[-112.8896,33.1818],[-112.8901,33.1788],[-112.8926,33.1769],[-112.8863,33.1718],[-112.8857,33.1684],[-112.8847,33.1679],[-112.882,33.1697],[-112.8851,33.1788],[-112.8845,33.1892],[-112.8817,33.1982],[-112.8771,33.2043],[-112.8802,33.2092],[-112.884,33.2121],[-112.8866,33.2221],[-112.8806,33.227],[-112.8806,33.23],[-112.8773,33.2321],[-112.8766,33.2345],[-112.8797,33.2396],[-112.8767,33.2483],[-112.8627,33.2537],[-112.8505,33.2614],[-112.8498,33.266],[-112.8474,33.2694],[-112.8456,33.2791],[-112.8411,33.2868],[-112.8424,33.2925]]]}},{"type":"Feature","properties":{"huc12":"150701040706","name":"Petterson Tank-Centennial Wash"},"geometry":{"type":"Polygon","coordinates":[[[-112.8751,33.3131],[-112.8823,33.3101],[-112.8841,33.3105],[-112.8849,33.3265],[-112.8936,33.3266],[-112.8956,33.3289],[-112.9101,33.3502],[-112.9187,33.3671],[-112.9276,33.374],[-112.941,33.3815],[-112.9594,33.387],[-112.9685,33.3916],[-112.9719,33.3955],[-112.9714,33.3922],[-112.9673,33.3847],[-112.9649,33.3741],[-112.967,33.3648],[-112.9648,33.3544],[-112.9614,33.3506],[-112.9589,33.3385],[-112.9512,33.3305],[-112.9495,33.3234],[-112.9609,33.3172],[-112.9681,33.3025],[-112.9647,33.2981],[-112.9731,33.2953],[-112.9721,33.2923],[-112.9733,33.2857],[-112.9694,33.2793],[-112.9728,33.2718],[-112.9711,33.2697],[-112.9712,33.2662],[-112.9696,33.2651],[-112.972,33.2633],[-112.968,33.2543],[-112.9687,33.2523],[-112.9668,33.2485],[-112.965,33.2351],[-112.9597,33.227],[-112.9586,33.223],[-112.9551,33.2193],[-112.9559,33.2119],[-112.9521,33.2125],[-112.9491,33.2173],[-112.947,33.2183],[-112.9484,33.2209],[-112.9436,33.224],[-112.9431,33.2275],[-112.9405,33.2314],[-112.9356,33.2309],[-112.9341,33.2382],[-112.9309,33.2433],[-112.9233,33.2463],[-112.9142,33.2438],[-112.9066,33.2453],[-112.9034,33.2481],[-112.8986,33.2489],[-112.8966,33.2521],[-112.8934,33.2523],[-112.8894,33.2547],[-112.8912,33.2625],[-112.8931,33.2648],[-112.8903,33.2711],[-112.8904,33.2767],[-112.8768,33.2906],[-112.8763,33.2934],[-112.8661,33.2962],[-112.8601,33.2956],[-112.8518,33.2927],[-112.8422,33.2927],[-112.8604,33.2992],[-112.8688,33.3038],[-112.8745,33.3046],[-112.8751,33.3131]]]}},{"type":"Feature","properties":{"huc12":"150701040707","name":"South Tank"},"geometry":{"type":"Polygon","coordinates":[[[-112.8283,33.3785],[-112.832,33.3854],[-112.8297,33.3897],[-112.8378,33.4005],[-112.8365,33.4062],[-112.8372,33.4141],[-112.8405,33.4334],[-112.843,33.4407],[-112.844,33.452],[-112.842,33.4614],[-112.8428,33.476],[-112.8399,33.4881],[-112.837,33.4938],[-112.8357,33.5034],[-112.8331,33.5078],[-112.8322,33.5174],[-112.8227,33.5496],[-112.821,33.5688],[-112.8236,33.5649],[-112.8258,33.5523],[-112.8295,33.5468],[-112.8327,33.5348],[-112.8392,33.5187],[-112.8571,33.4918],[-112.8565,33.4861],[-112.8605,33.4756],[-112.8608,33.4648],[-112.8621,33.4606],[-112.8611,33.4575],[-112.8622,33.435],[-112.8657,33.4295],[-112.8634,33.4201],[-112.8672,33.4141],[-112.8662,33.4116],[-112.8628,33.4087],[-112.8634,33.4056],[-112.8599,33.4036],[-112.8613,33.3969],[-112.8673,33.3933],[-112.8717,33.3871],[-112.8762,33.3733],[-112.8764,33.3569],[-112.88,33.3489],[-112.8779,33.3454],[-112.8774,33.3284],[-112.8743,33.3213],[-112.8742,33.3159],[-112.8753,33.3136],[-112.8745,33.3046],[-112.8688,33.3038],[-112.8486,33.2946],[-112.8408,33.2931],[-112.8295,33.293],[-112.8304,33.2954],[-112.8338,33.2957],[-112.8379,33.2985],[-112.8387,33.3016],[-112.8416,33.3041],[-112.8444,33.3169],[-112.8421,33.3226],[-112.8428,33.3266],[-112.842,33.3271],[-112.8438,33.3323],[-112.8397,33.3354],[-112.8394,33.3422],[-112.8406,33.3464],[-112.837,33.3568],[-112.8341,33.3615],[-112.8351,33.3721],[-112.8283,33.3785]]]}},{"type":"Feature","properties":{"huc12":"150701040708","name":"Webb Mountain-Centennial Wash"},"geometry":{"type":"Polygon","coordinates":[[[-112.7668,33.3194],[-112.77,33.3232],[-112.7727,33.3231],[-112.7756,33.3253],[-112.781,33.3263],[-112.7873,33.3315],[-112.7881,33.3362],[-112.7911,33.3386],[-112.8028,33.3423],[-112.8085,33.3492],[-112.8089,33.3517],[-112.8124,33.3538],[-112.8158,33.3582],[-112.8158,33.3616],[-112.8197,33.3656],[-112.8215,33.3728],[-112.8283,33.3785],[-112.8321,33.3754],[-112.8352,33.3716],[-112.8342,33.3612],[-112.837,33.3568],[-112.8406,33.3464],[-112.8394,33.3422],[-112.8397,33.3354],[-112.8438,33.3323],[-112.842,33.3271],[-112.8428,33.3266],[-112.8421,33.3226],[-112.8444,33.3163],[-112.8416,33.3041],[-112.8387,33.3016],[-112.8381,33.2988],[-112.8338,33.2957],[-112.8304,33.2954],[-112.8293,33.2935],[-112.8299,33.2927],[-112.842,33.2933],[-112.8411,33.2868],[-112.8456,33.2791],[-112.8474,33.2694],[-112.8498,33.266],[-112.8505,33.2614],[-112.8627,33.2537],[-112.8767,33.2483],[-112.8797,33.2396],[-112.8766,33.2345],[-112.8779,33.2311],[-112.8806,33.23],[-112.8806,33.227],[-112.8866,33.2221],[-112.8852,33.2174],[-112.8797,33.218],[-112.8768,33.2157],[-112.8689,33.2132],[-112.865,33.2168],[-112.8608,33.2163],[-112.8567,33.2148],[-112.8553,33.2123],[-112.8496,33.2109],[-112.8425,33.2139],[-112.8361,33.2195],[-112.83,33.2329],[-112.8188,33.2487],[-112.8122,33.2511],[-112.8117,33.2554],[-112.8058,33.2582],[-112.8041,33.2612],[-112.7996,33.2633],[-112.7846,33.2636],[-112.7778,33.2624],[-112.7759,33.2608],[-112.7728,33.261],[-112.7718,33.269],[-112.776,33.2788],[-112.7806,33.2821],[-112.7811,33.2899],[-112.7959,33.2905],[-112.7961,33.2944],[-112.7945,33.2977],[-112.7952,33.3001],[-112.793,33.3004],[-112.7905,33.3076],[-112.7876,33.3078],[-112.7824,33.314],[-112.7759,33.3178],[-112.7722,33.3193],[-112.7668,33.3194]]]}},{"type":"Feature","properties":{"huc12":"150701020901","name":"Morgan City Wash"},"geometry":{"type":"Polygon","coordinates":[[[-112.4059,33.9332],[-112.4094,33.9334],[-112.4154,33.9309],[-112.4198,33.934],[-112.4244,33.9318],[-112.4298,33.9361],[-112.4357,33.9367],[-112.4382,33.9343],[-112.441,33.9339],[-112.4437,33.9272],[-112.4456,33.9257],[-112.4446,33.9215],[-112.446,33.9203],[-112.4457,33.9179],[-112.4421,33.9131],[-112.4397,33.9072],[-112.4401,33.9048],[-112.4356,33.9009],[-112.4378,33.8967],[-112.4394,33.8961],[-112.4386,33.8938],[-112.4397,33.8911],[-112.437,33.8893],[-112.4374,33.8876],[-112.4353,33.8856],[-112.4328,33.8856],[-112.4316,33.8803],[-112.429,33.8775],[-112.4224,33.8784],[-112.4192,33.8753],[-112.4157,33.8776],[-112.413,33.8763],[-112.4079,33.8768],[-112.4036,33.8746],[-112.4021,33.8713],[-112.3995,33.8698],[-112.3984,33.8671],[-112.3911,33.8601],[-112.3886,33.8523],[-112.3888,33.8491],[-112.381,33.8549],[-112.3777,33.8527],[-112.3733,33.8539],[-112.3675,33.8519],[-112.3631,33.8538],[-112.3633,33.852],[-112.3596,33.8473],[-112.3556,33.8497],[-112.3543,33.8529],[-112.3517,33.8543],[-112.345,33.8517],[-112.3442,33.8475],[-112.3384,33.8459],[-112.3387,33.8437],[-112.3353,33.8409],[-112.3296,33.8425],[-112.3252,33.8405],[-112.3215,33.844],[-112.3118,33.8407],[-112.2981,33.8443],[-112.2903,33.8391],[-112.2768,33.8339],[-112.2759,33.835],[-112.2765,33.8438],[-112.2816,33.8441],[-112.285,33.8466],[-112.2854,33.851],[-112.2883,33.8533],[-112.3008,33.8556],[-112.3067,33.8588],[-112.309,33.858],[-112.3154,33.8629],[-112.3178,33.8633],[-112.3189,33.8695],[-112.3284,33.8793],[-112.331,33.8783],[-112.3352,33.8797],[-112.3418,33.8728],[-112.3473,33.8795],[-112.3529,33.8792],[-112.359,33.8839],[-112.3611,33.8888],[-112.3654,33.8903],[-112.3652,33.8923],[-112.3699,33.8942],[-112.3733,33.8906],[-112.3775,33.892],[-112.3838,33.8968],[-112.3857,33.8988],[-112.386,33.9026],[-112.3924,33.9061],[-112.3927,33.9091],[-112.3944,33.9089],[-112.3959,33.9128],[-112.3947,33.9158],[-112.3972,33.917],[-112.398,33.919],[-112.4028,33.9191],[-112.4084,33.9225],[-112.4098,33.9275],[-112.4054,33.9313],[-112.4059,33.9332]]]}},{"type":"Feature","properties":{"huc12":"150701020807","name":"Lower Skunk Creek"},"geometry":{"type":"Polygon","coordinates":[[[-112.0733,33.733],[-112.0787,33.7357],[-112.0817,33.7344],[-112.0837,33.7372],[-112.0858,33.737],[-112.0847,33.7414],[-112.0866,33.7433],[-112.0963,33.745],[-112.1031,33.7391],[-112.1107,33.7371],[-112.1235,33.7234],[-112.1271,33.7176],[-112.1335,33.7205],[-112.1362,33.7244],[-112.1399,33.7238],[-112.1446,33.7276],[-112.1514,33.7288],[-112.1559,33.7279],[-112.1661,33.737],[-112.1744,33.7342],[-112.1849,33.7371],[-112.1912,33.7318],[-112.1886,33.7283],[-112.1912,33.7268],[-112.1914,33.7228],[-112.1876,33.7189],[-112.1906,33.7163],[-112.1916,33.7114],[-112.1964,33.7089],[-112.1987,33.6933],[-112.1951,33.6895],[-112.1906,33.6886],[-112.1869,33.686],[-112.1877,33.6695],[-112.1919,33.6685],[-112.2216,33.6679],[-112.2294,33.6642],[-112.2319,33.6599],[-112.2326,33.6492],[-112.2393,33.6331],[-112.2396,33.6218],[-112.2426,33.6182],[-112.2396,33.6196],[-112.2301,33.6203],[-112.2252,33.6231],[-112.2206,33.6283],[-112.2159,33.6286],[-112.22,33.6317],[-112.2227,33.6322],[-112.2225,33.6331],[-112.2071,33.6325],[-112.1976,33.6385],[-112.1864,33.6388],[-112.1861,33.6476],[-112.1744,33.6544],[-112.1689,33.6545],[-112.1685,33.6577],[-112.1579,33.6593],[-112.1517,33.6618],[-112.1259,33.662],[-112.1178,33.6679],[-112.1135,33.6694],[-112.1125,33.6808],[-112.1114,33.6821],[-112.0934,33.6902],[-112.0833,33.691],[-112.077,33.6964],[-112.0666,33.7015],[-112.0564,33.7101],[-112.056,33.7121],[-112.0591,33.7127],[-112.0601,33.7217],[-112.0637,33.7243],[-112.0623,33.7275],[-112.0658,33.729],[-112.0646,33.7329],[-112.0733,33.733]]]}},{"type":"Feature","properties":{"huc12":"150701020808","name":"Weir Wash-New River"},"geometry":{"type":"Polygon","coordinates":[[[-112.2239,33.774],[-112.2269,33.7741],[-112.228,33.7757],[-112.2253,33.7858],[-112.2207,33.7918],[-112.2206,33.801],[-112.2225,33.8097],[-112.2255,33.8156],[-112.2322,33.8234],[-112.2331,33.8281],[-112.2399,33.8333],[-112.2484,33.8442],[-112.2518,33.8507],[-112.2517,33.8241],[-112.2499,33.7959],[-112.2508,33.7824],[-112.2489,33.7682],[-112.2534,33.748],[-112.2521,33.7437],[-112.2445,33.7381],[-112.2459,33.7371],[-112.2496,33.7375],[-112.2538,33.7285],[-112.252,33.7255],[-112.2496,33.7246],[-112.2511,33.7221],[-112.2498,33.7192],[-112.2442,33.7156],[-112.247,33.7108],[-112.2417,33.6922],[-112.2418,33.6649],[-112.2459,33.6368],[-112.2455,33.6306],[-112.2423,33.6241],[-112.2426,33.6183],[-112.2396,33.6218],[-112.2393,33.6331],[-112.2326,33.6492],[-112.2319,33.6599],[-112.2294,33.6642],[-112.2216,33.6679],[-112.1919,33.6685],[-112.1877,33.6695],[-112.1869,33.686],[-112.1906,33.6886],[-112.1951,33.6895],[-112.1987,33.6928],[-112.1964,33.7089],[-112.1916,33.7114],[-112.1906,33.7163],[-112.1876,33.7189],[-112.1914,33.7228],[-112.1912,33.7268],[-112.1886,33.7283],[-112.1912,33.7318],[-112.1845,33.7373],[-112.1736,33.7343],[-112.1661,33.737],[-112.1654,33.7402],[-112.1714,33.7447],[-112.1791,33.7453],[-112.1812,33.747],[-112.1825,33.7508],[-112.1815,33.7542],[-112.1825,33.7576],[-112.1807,33.7585],[-112.1827,33.7618],[-112.1832,33.7667],[-112.1839,33.7648],[-112.1872,33.763],[-112.1941,33.7632],[-112.197,33.7618],[-112.1974,33.7638],[-112.2046,33.7653],[-112.2085,33.7641],[-112.2117,33.768],[-112.2146,33.7674],[-112.2197,33.7724],[-112.2239,33.774]]]}},{"type":"Feature","properties":{"huc12":"150701020809","name":"City of Peoria-New River"},"geometry":{"type":"Polygon","coordinates":[[[-112.2426,33.6183],[-112.2423,33.6241],[-112.2453,33.6297],[-112.2459,33.6336],[-112.2414,33.6736],[-112.2418,33.6927],[-112.247,33.7108],[-112.2442,33.7156],[-112.2468,33.7181],[-112.2506,33.7158],[-112.2565,33.7176],[-112.2638,33.7147],[-112.27,33.709],[-112.2719,33.7039],[-112.2737,33.6766],[-112.2767,33.6708],[-112.2799,33.6683],[-112.2802,33.6593],[-112.2858,33.6529],[-112.2897,33.6517],[-112.2915,33.6475],[-112.2897,33.639],[-112.29,33.6194],[-112.2887,33.6053],[-112.2899,33.6032],[-112.2965,33.605],[-112.2985,33.6041],[-112.2989,33.5904],[-112.3034,33.5887],[-112.3036,33.5871],[-112.295,33.5687],[-112.2957,33.5608],[-112.2926,33.5529],[-112.2922,33.5472],[-112.2895,33.5416],[-112.2893,33.5358],[-112.2914,33.5295],[-112.294,33.5271],[-112.2986,33.519],[-112.3034,33.5159],[-112.3025,33.5134],[-112.2988,33.5146],[-112.2901,33.5225],[-112.2369,33.5238],[-112.1948,33.5421],[-112.1891,33.5422],[-112.1805,33.5458],[-112.1772,33.5459],[-112.1525,33.5655],[-112.1515,33.5675],[-112.1458,33.5681],[-112.1383,33.5738],[-112.1565,33.5843],[-112.1596,33.5883],[-112.1634,33.5901],[-112.1666,33.595],[-112.1771,33.5997],[-112.1816,33.604],[-112.1822,33.607],[-112.1862,33.6082],[-112.1915,33.6154],[-112.2025,33.6184],[-112.2043,33.6216],[-112.2097,33.6234],[-112.2155,33.6285],[-112.2206,33.6283],[-112.2252,33.6231],[-112.2301,33.6203],[-112.2396,33.6196],[-112.2426,33.6183]]]}},{"type":"Feature","properties":{"huc12":"150701020904","name":"White Peak"},"geometry":{"type":"Polygon","coordinates":[[[-112.3744,33.8071],[-112.3772,33.8066],[-112.3795,33.8083],[-112.3833,33.8078],[-112.3848,33.8062],[-112.3876,33.8066],[-112.3878,33.8027],[-112.3915,33.8004],[-112.392,33.7984],[-112.3948,33.7957],[-112.391,33.7937],[-112.3845,33.7932],[-112.3796,33.7876],[-112.3819,33.783],[-112.3759,33.7775],[-112.3754,33.7681],[-112.3701,33.7598],[-112.3695,33.7563],[-112.3629,33.7511],[-112.3633,33.7466],[-112.3656,33.7427],[-112.3581,33.7377],[-112.3552,33.7306],[-112.3508,33.7313],[-112.345,33.7264],[-112.3433,33.723],[-112.34,33.7224],[-112.3369,33.7154],[-112.3305,33.7101],[-112.3391,33.7061],[-112.3896,33.694],[-112.3985,33.6902],[-112.3944,33.6868],[-112.3941,33.6822],[-112.3492,33.682],[-112.3407,33.6706],[-112.3304,33.669],[-112.3268,33.6626],[-112.3253,33.656],[-112.3216,33.6546],[-112.3191,33.6586],[-112.321,33.7007],[-112.316,33.7098],[-112.3157,33.7187],[-112.3193,33.7231],[-112.3217,33.7295],[-112.3247,33.7323],[-112.3256,33.7345],[-112.3249,33.7387],[-112.3273,33.7395],[-112.3285,33.7415],[-112.3278,33.7447],[-112.3351,33.7588],[-112.3424,33.7604],[-112.3437,33.762],[-112.3434,33.7641],[-112.3464,33.768],[-112.3497,33.7682],[-112.352,33.77],[-112.3559,33.7763],[-112.3544,33.7795],[-112.3569,33.7791],[-112.3599,33.7808],[-112.3601,33.785],[-112.3621,33.7855],[-112.3621,33.7894],[-112.3603,33.7929],[-112.3559,33.7969],[-112.3581,33.7985],[-112.3613,33.798],[-112.3647,33.8028],[-112.3717,33.8073],[-112.3744,33.8071]]]}},{"type":"Feature","properties":{"huc12":"150701020905","name":"Caterpillar Tank Wash-Agua Fria River"},"geometry":{"type":"Polygon","coordinates":[[[-112.2511,33.8092],[-112.2524,33.8079],[-112.2535,33.8023],[-112.2607,33.8003],[-112.2591,33.793],[-112.2645,33.7822],[-112.2743,33.7817],[-112.2792,33.7801],[-112.2849,33.7809],[-112.2876,33.7826],[-112.2915,33.7817],[-112.2984,33.7859],[-112.3035,33.7843],[-112.3168,33.7913],[-112.319,33.7946],[-112.326,33.7982],[-112.3292,33.7969],[-112.3315,33.7979],[-112.3319,33.7999],[-112.3367,33.798],[-112.3381,33.7998],[-112.3447,33.8009],[-112.3557,33.8078],[-112.3593,33.8116],[-112.3636,33.8117],[-112.3694,33.8139],[-112.3712,33.8161],[-112.376,33.8102],[-112.3744,33.8071],[-112.3717,33.8073],[-112.3647,33.8028],[-112.3619,33.7984],[-112.3581,33.7985],[-112.3559,33.7969],[-112.3603,33.7929],[-112.3621,33.7894],[-112.3621,33.7855],[-112.3601,33.785],[-112.3599,33.7808],[-112.3569,33.7791],[-112.3544,33.7795],[-112.3559,33.7763],[-112.352,33.77],[-112.3497,33.7682],[-112.3464,33.768],[-112.3434,33.7641],[-112.3437,33.762],[-112.3424,33.7604],[-112.3351,33.7588],[-112.3278,33.7447],[-112.3285,33.7415],[-112.3273,33.7395],[-112.3249,33.7387],[-112.3256,33.7345],[-112.3247,33.7323],[-112.3217,33.7295],[-112.3193,33.7231],[-112.3157,33.7187],[-112.316,33.7098],[-112.321,33.7007],[-112.3191,33.6762],[-112.3201,33.6683],[-112.3192,33.6571],[-112.3123,33.6563],[-112.3056,33.6605],[-112.3011,33.6613],[-112.297,33.6652],[-112.2907,33.6672],[-112.2856,33.6744],[-112.2841,33.6798],[-112.2723,33.7013],[-112.2693,33.71],[-112.2591,33.717],[-112.2553,33.7176],[-112.2506,33.7158],[-112.2481,33.7167],[-112.2477,33.718],[-112.2511,33.7219],[-112.2496,33.7246],[-112.252,33.7255],[-112.2538,33.7285],[-112.2496,33.7375],[-112.2459,33.7371],[-112.2445,33.7381],[-112.2532,33.7455],[-112.2489,33.7682],[-112.2508,33.7824],[-112.2499,33.7959],[-112.2511,33.8092]]]}},{"type":"Feature","properties":{"huc12":"150701020906","name":"City of Surprise-Agua Fria River"},"geometry":{"type":"Polygon","coordinates":[[[-112.283,33.656],[-112.2801,33.6596],[-112.2799,33.6683],[-112.2767,33.6708],[-112.2733,33.678],[-112.2719,33.703],[-112.2841,33.6798],[-112.2856,33.6744],[-112.2907,33.6672],[-112.297,33.6652],[-112.3011,33.6613],[-112.3056,33.6605],[-112.3123,33.6563],[-112.3192,33.6571],[-112.322,33.6544],[-112.3253,33.656],[-112.3268,33.6626],[-112.3304,33.669],[-112.3407,33.6706],[-112.3492,33.682],[-112.3941,33.6822],[-112.3944,33.6868],[-112.3985,33.6902],[-112.4085,33.6856],[-112.4178,33.6775],[-112.4232,33.6774],[-112.4333,33.667],[-112.4347,33.6615],[-112.4371,33.659],[-112.4414,33.6571],[-112.4505,33.6559],[-112.4583,33.6437],[-112.463,33.6312],[-112.463,33.6171],[-112.4664,33.6037],[-112.4755,33.5896],[-112.4701,33.5876],[-112.4698,33.5853],[-112.4573,33.5805],[-112.4446,33.5801],[-112.4282,33.5761],[-112.4271,33.5751],[-112.4272,33.5675],[-112.426,33.5666],[-112.4019,33.5663],[-112.395,33.5618],[-112.3935,33.5578],[-112.385,33.5582],[-112.3846,33.5517],[-112.3754,33.5512],[-112.3752,33.5472],[-112.371,33.5391],[-112.3615,33.5308],[-112.3654,33.5298],[-112.3624,33.5252],[-112.364,33.5232],[-112.3612,33.5196],[-112.3618,33.5132],[-112.3592,33.5145],[-112.356,33.513],[-112.3478,33.5134],[-112.3428,33.5121],[-112.3194,33.5112],[-112.3076,33.5082],[-112.3029,33.5089],[-112.3014,33.5133],[-112.3031,33.5139],[-112.3034,33.5159],[-112.2992,33.5182],[-112.294,33.5271],[-112.2914,33.5295],[-112.2893,33.5358],[-112.2894,33.5405],[-112.2957,33.5608],[-112.2948,33.5663],[-112.2956,33.5709],[-112.3036,33.5883],[-112.2989,33.5904],[-112.2985,33.6041],[-112.2965,33.605],[-112.2899,33.6032],[-112.2887,33.6053],[-112.29,33.6194],[-112.2897,33.639],[-112.2915,33.6475],[-112.2897,33.6517],[-112.2858,33.6529],[-112.283,33.656]]]}},{"type":"Feature","properties":{"huc12":"150702010201","name":"Woolsey Wash"},"geometry":{"type":"Polygon","coordinates":[[[-112.9669,33.2178],[-112.9743,33.2183],[-112.9752,33.2158],[-112.9814,33.2132],[-112.9848,33.2192],[-112.991,33.2203],[-112.9929,33.2182],[-112.9917,33.2151],[-112.9924,33.2129],[-113.0007,33.2087],[-113.0011,33.2053],[-113.0064,33.2071],[-113.0083,33.2045],[-113.0095,33.205],[-113.0123,33.2032],[-113.0129,33.1986],[-113.0109,33.1971],[-113.0106,33.1926],[-113.0086,33.1905],[-113.0136,33.1829],[-113.0182,33.1801],[-113.016,33.1773],[-113.0171,33.1698],[-113.0244,33.1514],[-113.0347,33.1425],[-113.0372,33.1311],[-113.037,33.1255],[-113.0398,33.1224],[-113.0394,33.1198],[-113.0441,33.1152],[-113.0461,33.1064],[-113.0477,33.1044],[-113.0486,33.0964],[-113.0462,33.0918],[-113.041,33.0928],[-113.041,33.1052],[-113.0335,33.1091],[-113.0195,33.1239],[-113.0035,33.1327],[-112.9944,33.1344],[-112.9852,33.1328],[-112.9787,33.1371],[-112.9759,33.1372],[-112.9688,33.1351],[-112.9643,33.13],[-112.9593,33.1345],[-112.9604,33.1419],[-112.9583,33.1418],[-112.955,33.139],[-112.9475,33.1473],[-112.9202,33.1465],[-112.9161,33.1478],[-112.9062,33.1482],[-112.9079,33.1504],[-112.9067,33.1535],[-112.9082,33.1593],[-112.9062,33.165],[-112.8948,33.1662],[-112.8886,33.165],[-112.8848,33.1679],[-112.8863,33.1718],[-112.8926,33.1769],[-112.8901,33.1788],[-112.8897,33.1808],[-112.8918,33.1843],[-112.9083,33.1914],[-112.9156,33.1934],[-112.9205,33.1962],[-112.9236,33.201],[-112.9289,33.2021],[-112.9328,33.2052],[-112.9351,33.2053],[-112.9378,33.2035],[-112.9413,33.2041],[-112.9468,33.2073],[-112.9488,33.2099],[-112.9542,33.2075],[-112.9595,33.2113],[-112.9598,33.2139],[-112.9628,33.2131],[-112.9667,33.2149],[-112.9669,33.2178]]]}},{"type":"Feature","properties":{"huc12":"150702010202","name":"Quail Spring Wash"},"geometry":{"type":"Polygon","coordinates":[[[-113.0569,33.2618],[-113.0652,33.2666],[-113.0678,33.2656],[-113.0718,33.2675],[-113.0765,33.2643],[-113.0736,33.2621],[-113.0727,33.2556],[-113.0736,33.2404],[-113.0752,33.2377],[-113.073,33.2341],[-113.0741,33.2309],[-113.0732,33.2289],[-113.0801,33.2239],[-113.0784,33.2208],[-113.0786,33.2166],[-113.0811,33.2145],[-113.0791,33.2071],[-113.078,33.1883],[-113.0799,33.1841],[-113.0791,33.1796],[-113.0762,33.176],[-113.0753,33.1626],[-113.0735,33.1604],[-113.0739,33.1576],[-113.0689,33.1464],[-113.0695,33.1388],[-113.0678,33.1323],[-113.065,33.1279],[-113.0628,33.132],[-113.0584,33.136],[-113.0555,33.1494],[-113.0472,33.1588],[-113.045,33.1665],[-113.0411,33.1704],[-113.0375,33.1805],[-113.0303,33.1938],[-113.0323,33.1993],[-113.0316,33.2023],[-113.0222,33.2051],[-113.013,33.205],[-113.0123,33.2032],[-113.0095,33.205],[-113.0083,33.2045],[-113.0064,33.2071],[-113.0012,33.2053],[-113.0007,33.2087],[-112.9924,33.2129],[-112.9917,33.2151],[-112.9929,33.2182],[-112.9908,33.2204],[-112.9848,33.2192],[-112.9814,33.2132],[-112.9752,33.2158],[-112.9743,33.2183],[-112.9655,33.2185],[-112.9671,33.2216],[-112.9696,33.2223],[-112.97,33.2259],[-112.9756,33.2273],[-112.9841,33.237],[-112.9891,33.2368],[-112.9933,33.239],[-112.9988,33.2381],[-112.9975,33.2402],[-112.999,33.2434],[-113.0017,33.2433],[-113.0035,33.2462],[-113.0107,33.2477],[-113.0151,33.2527],[-113.0228,33.2534],[-113.026,33.2561],[-113.0288,33.2563],[-113.0426,33.2523],[-113.0443,33.2534],[-113.0459,33.2527],[-113.0463,33.2545],[-113.0543,33.2579],[-113.0569,33.2618]]]}},{"type":"Feature","properties":{"huc12":"150702010203","name":"Fourth of July Wash"},"geometry":{"type":"Polygon","coordinates":[[[-113.0765,33.2643],[-113.0795,33.2673],[-113.09,33.2722],[-113.0925,33.2716],[-113.0932,33.2696],[-113.1002,33.2732],[-113.1118,33.2742],[-113.1152,33.2734],[-113.1218,33.2866],[-113.1356,33.2893],[-113.1434,33.294],[-113.1497,33.2956],[-113.1529,33.3],[-113.184,33.2975],[-113.1888,33.2958],[-113.197,33.2904],[-113.1999,33.2808],[-113.2042,33.2814],[-113.2068,33.2778],[-113.2118,33.2772],[-113.2131,33.2739],[-113.2182,33.2715],[-113.2214,33.2652],[-113.2198,33.2605],[-113.213,33.2596],[-113.203,33.2537],[-113.2026,33.256],[-113.1944,33.2512],[-113.1913,33.2519],[-113.1904,33.2507],[-113.1876,33.2507],[-113.1868,33.2482],[-113.1804,33.2466],[-113.1748,33.2432],[-113.1714,33.2443],[-113.1673,33.2378],[-113.1687,33.2361],[-113.1671,33.2331],[-113.1566,33.2276],[-113.1552,33.226],[-113.1544,33.2217],[-113.1466,33.2184],[-113.1449,33.2151],[-113.1464,33.2139],[-113.1447,33.2098],[-113.1451,33.2061],[-113.1367,33.1992],[-113.1227,33.1965],[-113.1219,33.1929],[-113.1189,33.1915],[-113.1175,33.1888],[-113.1109,33.1878],[-113.1061,33.1821],[-113.1063,33.1767],[-113.1035,33.1704],[-113.0991,33.167],[-113.0967,33.1666],[-113.0901,33.156],[-113.0892,33.1512],[-113.0848,33.1433],[-113.0846,33.1403],[-113.0785,33.1329],[-113.0765,33.1269],[-113.0654,33.1166],[-113.06,33.1056],[-113.0576,33.1111],[-113.058,33.1185],[-113.0528,33.1295],[-113.0478,33.1336],[-113.0441,33.1413],[-113.037,33.1479],[-113.0338,33.1528],[-113.0253,33.1572],[-113.0171,33.1698],[-113.016,33.1773],[-113.0182,33.1801],[-113.0136,33.1829],[-113.0086,33.1905],[-113.0106,33.1926],[-113.0109,33.1971],[-113.0129,33.1986],[-113.013,33.205],[-113.0222,33.2051],[-113.0316,33.2023],[-113.0323,33.1993],[-113.0303,33.1938],[-113.0375,33.1805],[-113.0411,33.1704],[-113.045,33.1665],[-113.0472,33.1588],[-113.0555,33.1494],[-113.0584,33.136],[-113.0652,33.1279],[-113.0678,33.1323],[-113.0695,33.1388],[-113.0689,33.1464],[-113.0739,33.1576],[-113.0735,33.1604],[-113.0753,33.1626],[-113.0762,33.176],[-113.0789,33.1792],[-113.0799,33.1841],[-113.078,33.1883],[-113.0793,33.2085],[-113.0811,33.2145],[-113.0786,33.2166],[-113.0784,33.2208],[-113.0801,33.2238],[-113.0732,33.2289],[-113.0741,33.2309],[-113.073,33.2341],[-113.0752,33.2377],[-113.0736,33.2404],[-113.0727,33.2556],[-113.0736,33.2621],[-113.0765,33.2643]]]}},{"type":"Feature","properties":{"huc12":"150702010204","name":"Yellow Medicine Wash"},"geometry":{"type":"Polygon","coordinates":[[[-113.0576,33.1111],[-113.0601,33.1056],[-113.0654,33.1166],[-113.0765,33.1269],[-113.0785,33.1329],[-113.0846,33.1403],[-113.0851,33.144],[-113.0927,33.1606],[-113.0968,33.1668],[-113.0991,33.167],[-113.1035,33.1704],[-113.1063,33.1767],[-113.106,33.1819],[-113.1079,33.1848],[-113.1117,33.1884],[-113.1177,33.1889],[-113.1189,33.1915],[-113.1219,33.1929],[-113.1231,33.1967],[-113.1367,33.1992],[-113.1451,33.2061],[-113.1447,33.2098],[-113.1464,33.2139],[-113.1449,33.2151],[-113.1466,33.2184],[-113.1544,33.2217],[-113.1552,33.226],[-113.1566,33.2276],[-113.1671,33.2331],[-113.1687,33.2361],[-113.1673,33.2378],[-113.1712,33.2441],[-113.1748,33.2432],[-113.1804,33.2466],[-113.1868,33.2482],[-113.1876,33.2507],[-113.1904,33.2507],[-113.1913,33.2519],[-113.1944,33.2512],[-113.2026,33.256],[-113.203,33.2537],[-113.213,33.2596],[-113.2198,33.2605],[-113.2153,33.2587],[-113.2114,33.2531],[-113.2119,33.2498],[-113.2082,33.2481],[-113.2087,33.2455],[-113.2051,33.2412],[-113.2049,33.2387],[-113.2067,33.2357],[-113.2082,33.2357],[-113.2082,33.2335],[-113.2043,33.2303],[-113.2033,33.2235],[-113.2016,33.2212],[-113.1991,33.2202],[-113.199,33.2152],[-113.1962,33.2112],[-113.1937,33.2099],[-113.1935,33.2046],[-113.1901,33.2044],[-113.1916,33.2022],[-113.1899,33.1996],[-113.1868,33.199],[-113.1863,33.1967],[-113.1804,33.1949],[-113.1795,33.1904],[-113.1723,33.1898],[-113.1683,33.1879],[-113.1632,33.1777],[-113.156,33.1731],[-113.1484,33.173],[-113.139,33.1673],[-113.1313,33.1652],[-113.1281,33.1574],[-113.1197,33.1487],[-113.1172,33.1481],[-113.1147,33.1415],[-113.1121,33.1389],[-113.0992,33.1298],[-113.0985,33.1272],[-113.083,33.1205],[-113.0768,33.1135],[-113.0699,33.1102],[-113.068,33.106],[-113.0631,33.1017],[-113.0599,33.0905],[-113.0562,33.0869],[-113.0517,33.0848],[-113.0514,33.0861],[-113.0546,33.0893],[-113.0578,33.0964],[-113.0576,33.1111]]]}},{"type":"Feature","properties":{"huc12":"150702010205","name":"Loudermilk Wash"},"geometry":{"type":"Polygon","coordinates":[[[-113.2207,33.262],[-113.2233,33.2609],[-113.2288,33.2636],[-113.2303,33.2561],[-113.2292,33.2539],[-113.2307,33.2534],[-113.2313,33.2512],[-113.2284,33.2491],[-113.2308,33.2452],[-113.2293,33.2451],[-113.226,33.242],[-113.2173,33.2294],[-113.2207,33.2161],[-113.2184,33.2148],[-113.2184,33.2106],[-113.2167,33.2088],[-113.2199,33.2071],[-113.2212,33.2048],[-113.2199,33.2013],[-113.2203,33.1968],[-113.2187,33.1958],[-113.2214,33.1945],[-113.2221,33.1928],[-113.221,33.1889],[-113.2179,33.186],[-113.2207,33.1823],[-113.2091,33.1726],[-113.2052,33.1651],[-113.2069,33.1588],[-113.2124,33.1543],[-113.2039,33.1505],[-113.1882,33.1472],[-113.1728,33.1471],[-113.1649,33.149],[-113.1611,33.1521],[-113.1522,33.1494],[-113.1462,33.1457],[-113.1429,33.1463],[-113.1365,33.1437],[-113.1336,33.1411],[-113.1324,33.1356],[-113.1292,33.1347],[-113.128,33.1328],[-113.1274,33.1288],[-113.1236,33.1244],[-113.1238,33.123],[-113.119,33.1197],[-113.1185,33.1167],[-113.1165,33.1147],[-113.1144,33.1047],[-113.1095,33.0967],[-113.1006,33.0918],[-113.0958,33.0858],[-113.0923,33.0838],[-113.0731,33.0835],[-113.0726,33.0714],[-113.0726,33.0801],[-113.0711,33.0857],[-113.0728,33.0918],[-113.0743,33.0939],[-113.0772,33.0948],[-113.079,33.0987],[-113.0823,33.101],[-113.0821,33.1039],[-113.0906,33.1078],[-113.097,33.1174],[-113.1045,33.125],[-113.1086,33.1266],[-113.1163,33.1325],[-113.1191,33.1385],[-113.1209,33.1397],[-113.1208,33.1414],[-113.1223,33.1422],[-113.1252,33.1535],[-113.1311,33.165],[-113.139,33.1673],[-113.1484,33.173],[-113.156,33.1731],[-113.1632,33.1777],[-113.1683,33.1879],[-113.1723,33.1898],[-113.1795,33.1904],[-113.1804,33.1949],[-113.1863,33.1967],[-113.1868,33.199],[-113.1899,33.1996],[-113.1916,33.2022],[-113.1901,33.2044],[-113.1935,33.2046],[-113.1937,33.2099],[-113.1962,33.2112],[-113.199,33.2152],[-113.1991,33.2202],[-113.2016,33.2212],[-113.2033,33.2235],[-113.2043,33.2303],[-113.2082,33.2335],[-113.2082,33.2357],[-113.2067,33.2357],[-113.2049,33.2387],[-113.2051,33.2412],[-113.2087,33.2455],[-113.2082,33.2481],[-113.2119,33.2498],[-113.2114,33.2531],[-113.2153,33.2587],[-113.2196,33.2598],[-113.2207,33.262]]]}},{"type":"Feature","properties":{"huc12":"150702010206","name":"Face Mountain"},"geometry":{"type":"Polygon","coordinates":[[[-113.1324,33.1356],[-113.1336,33.1411],[-113.1365,33.1437],[-113.1429,33.1463],[-113.1462,33.1457],[-113.1522,33.1494],[-113.1609,33.1521],[-113.1649,33.149],[-113.1742,33.147],[-113.1884,33.1472],[-113.2023,33.1506],[-113.2037,33.1505],[-113.2048,33.1477],[-113.204,33.1423],[-113.1889,33.1385],[-113.1902,33.1364],[-113.1862,33.1345],[-113.1863,33.1321],[-113.1908,33.1249],[-113.189,33.1223],[-113.1889,33.1163],[-113.187,33.1138],[-113.179,33.1065],[-113.1701,33.1044],[-113.1668,33.1027],[-113.1638,33.0989],[-113.161,33.0988],[-113.1589,33.0971],[-113.1626,33.0954],[-113.1706,33.0829],[-113.1735,33.0818],[-113.1739,33.079],[-113.1686,33.0779],[-113.1648,33.0747],[-113.1647,33.0699],[-113.1586,33.0649],[-113.1577,33.0608],[-113.1449,33.0589],[-113.1408,33.0563],[-113.1385,33.0513],[-113.1408,33.0454],[-113.1356,33.0429],[-113.1085,33.0364],[-113.1037,33.0448],[-113.1026,33.052],[-113.1014,33.0528],[-113.1017,33.0565],[-113.1063,33.0648],[-113.1058,33.0692],[-113.1088,33.0742],[-113.1101,33.0807],[-113.1185,33.0938],[-113.1196,33.0998],[-113.1244,33.1059],[-113.127,33.1186],[-113.1297,33.1256],[-113.1329,33.1291],[-113.1335,33.1348],[-113.1324,33.1356]]]}},{"type":"Feature","properties":{"huc12":"150702010207","name":"Dendora Valley-Gila River"},"geometry":{"type":"Polygon","coordinates":[[[-112.9643,33.13],[-112.9688,33.1351],[-112.9759,33.1372],[-112.9787,33.1371],[-112.9852,33.1328],[-112.9944,33.1344],[-113.0035,33.1327],[-113.0195,33.1239],[-113.0335,33.1091],[-113.041,33.1052],[-113.041,33.0928],[-113.0462,33.0918],[-113.0486,33.0964],[-113.0477,33.1044],[-113.0461,33.1064],[-113.0441,33.1152],[-113.0394,33.1198],[-113.0398,33.1224],[-113.037,33.1255],[-113.0372,33.1311],[-113.0347,33.1425],[-113.0244,33.1514],[-113.023,33.1565],[-113.0185,33.1644],[-113.0193,33.1656],[-113.0253,33.1572],[-113.0335,33.1531],[-113.037,33.1479],[-113.0424,33.1435],[-113.0474,33.1341],[-113.0528,33.1295],[-113.0578,33.119],[-113.0582,33.1122],[-113.057,33.1083],[-113.0583,33.1059],[-113.0578,33.0964],[-113.0546,33.0893],[-113.0514,33.0861],[-113.0519,33.0848],[-113.0562,33.0869],[-113.0599,33.0905],[-113.0631,33.1017],[-113.068,33.106],[-113.0699,33.1102],[-113.0768,33.1135],[-113.083,33.1205],[-113.0985,33.1272],[-113.0992,33.1298],[-113.106,33.1339],[-113.1147,33.1415],[-113.1172,33.1481],[-113.1197,33.1487],[-113.1254,33.1538],[-113.1223,33.1422],[-113.1208,33.1414],[-113.1209,33.1397],[-113.1191,33.1385],[-113.1163,33.1325],[-113.1086,33.1266],[-113.1045,33.125],[-113.097,33.1174],[-113.0904,33.1075],[-113.0821,33.1039],[-113.0823,33.101],[-113.079,33.0987],[-113.0772,33.0948],[-113.074,33.0934],[-113.0711,33.0867],[-113.0728,33.0713],[-113.0731,33.0835],[-113.091,33.0836],[-113.0958,33.0858],[-113.1006,33.0918],[-113.1108,33.0983],[-113.1146,33.1052],[-113.1165,33.1147],[-113.1185,33.1167],[-113.119,33.1197],[-113.1257,33.1256],[-113.1292,33.1346],[-113.1334,33.135],[-113.1329,33.1291],[-113.1297,33.1256],[-113.127,33.1186],[-113.1244,33.1059],[-113.1196,33.0998],[-113.1185,33.0938],[-113.1101,33.0807],[-113.1088,33.0742],[-113.1058,33.0692],[-113.1063,33.0648],[-113.1017,33.0565],[-113.1014,33.0528],[-113.1026,33.052],[-113.1037,33.0448],[-113.1085,33.0364],[-113.0985,33.0302],[-113.0584,33.029],[-113.0474,33.0311],[-113.0394,33.0269],[-113.0364,33.0237],[-113.0327,33.0253],[-113.0223,33.0261],[-113.0227,33.0273],[-113.0205,33.0282],[-113.0175,33.033],[-113.0195,33.0381],[-113.0197,33.0439],[-113.0238,33.0486],[-113.0226,33.0521],[-113.0234,33.0543],[-113.0229,33.0558],[-113.0212,33.0558],[-113.0209,33.0586],[-113.0228,33.0637],[-113.0209,33.0656],[-113.0219,33.0679],[-113.0075,33.0796],[-113.0012,33.0758],[-112.9979,33.0782],[-112.9949,33.0785],[-112.9941,33.0812],[-112.9952,33.0833],[-112.9941,33.0856],[-112.9872,33.0871],[-112.9875,33.0924],[-112.9914,33.0994],[-112.9886,33.1147],[-112.9819,33.1166],[-112.978,33.1156],[-112.9739,33.1161],[-112.9689,33.1137],[-112.9641,33.1138],[-112.9567,33.1179],[-112.9587,33.1211],[-112.9596,33.1276],[-112.9628,33.1282],[-112.9643,33.13]]]}},{"type":"Feature","properties":{"huc12":"150702010208","name":"150702010208"},"geometry":{"type":"Polygon","coordinates":[[[-113.0082,33.0347],[-113.0112,33.0365],[-113.017,33.0369],[-113.0194,33.039],[-113.0175,33.0327],[-113.0205,33.0282],[-113.0227,33.0273],[-113.0223,33.0261],[-113.0327,33.0253],[-113.0359,33.0237],[-113.0401,33.0274],[-113.0474,33.0311],[-113.0584,33.029],[-113.0983,33.0302],[-113.0988,33.0255],[-113.1007,33.0254],[-113.1098,33.0176],[-113.1163,33.015],[-113.1107,33.0146],[-113.1034,33.0091],[-113.1026,33.0045],[-113.1057,33.0012],[-113.1057,32.9941],[-113.1018,32.9933],[-113.0962,32.9886],[-113.0908,32.9883],[-113.0948,32.9786],[-113.0907,32.9727],[-113.0853,32.9706],[-113.072,32.9615],[-113.0694,32.9538],[-113.062,32.9489],[-113.0597,32.945],[-113.053,32.9426],[-113.0476,32.9363],[-113.0356,32.9368],[-113.0346,32.9385],[-113.0322,32.9384],[-113.0361,32.9439],[-113.0331,32.9436],[-113.0295,32.9456],[-113.0289,32.9509],[-113.0272,32.9524],[-113.0288,32.9607],[-113.0261,32.965],[-113.0252,32.9713],[-113.0186,32.975],[-113.0155,32.9728],[-113.0126,32.9732],[-113.0089,32.9793],[-113.0059,32.9807],[-113.0035,32.9801],[-113.0039,32.9841],[-113.0009,32.985],[-113.0031,32.9891],[-113.0031,32.9966],[-113.0051,32.9974],[-113.006,33.0021],[-113.0094,33.0023],[-113.0091,33.0047],[-113.0106,33.0056],[-113.0056,33.0067],[-113.0082,33.0114],[-113.0067,33.0277],[-113.0082,33.0347]]]}},{"type":"Feature","properties":{"huc12":"150701020503","name":"Boulder Creek"},"geometry":{"type":"Polygon","coordinates":[[[-112.2256,34.0941],[-112.2271,34.1091],[-112.2378,34.1188],[-112.2359,34.1238],[-112.2405,34.1301],[-112.2412,34.1342],[-112.2463,34.1365],[-112.2505,34.1358],[-112.2544,34.1369],[-112.2554,34.1402],[-112.2595,34.1444],[-112.2639,34.1466],[-112.2668,34.1467],[-112.2661,34.1521],[-112.2632,34.1549],[-112.2631,34.1593],[-112.2657,34.1612],[-112.2703,34.1623],[-112.2725,34.1601],[-112.277,34.1594],[-112.2794,34.1539],[-112.283,34.1529],[-112.2829,34.1482],[-112.2886,34.1538],[-112.3001,34.1601],[-112.3044,34.158],[-112.307,34.1549],[-112.3141,34.152],[-112.3203,34.1531],[-112.3202,34.1458],[-112.3214,34.1443],[-112.3192,34.1415],[-112.32,34.1349],[-112.3186,34.1334],[-112.3194,34.1304],[-112.3177,34.1273],[-112.3194,34.1236],[-112.3151,34.1228],[-112.3146,34.1196],[-112.3088,34.1174],[-112.3061,34.114],[-112.2959,34.1085],[-112.2937,34.1045],[-112.2967,34.101],[-112.2973,34.0981],[-112.2932,34.0925],[-112.2953,34.0824],[-112.2893,34.0771],[-112.2884,34.0723],[-112.2832,34.0671],[-112.2858,34.0638],[-112.2845,34.0628],[-112.2848,34.0596],[-112.2822,34.0557],[-112.2847,34.0535],[-112.2826,34.0494],[-112.2744,34.0487],[-112.27,34.0411],[-112.2635,34.0368],[-112.2607,34.0316],[-112.2592,34.0312],[-112.2626,34.0263],[-112.2621,34.0241],[-112.2551,34.0214],[-112.2451,34.0148],[-112.2394,34.003],[-112.2341,33.9956],[-112.2319,33.9823],[-112.2274,33.9768],[-112.2163,33.9759],[-112.2124,33.973],[-112.2071,33.9728],[-112.2065,33.9705],[-112.2043,33.9732],[-112.2071,33.9804],[-112.2062,33.982],[-112.2086,33.9849],[-112.208,33.9864],[-112.2109,33.9888],[-112.208,33.9932],[-112.21,33.9966],[-112.213,33.9976],[-112.2129,34.0038],[-112.2167,34.0059],[-112.2193,34.01],[-112.2198,34.0146],[-112.2165,34.0203],[-112.2135,34.0208],[-112.2113,34.0248],[-112.214,34.027],[-112.2166,34.033],[-112.2239,34.0318],[-112.2254,34.033],[-112.225,34.0353],[-112.2219,34.0382],[-112.2181,34.0452],[-112.2122,34.0496],[-112.2115,34.0552],[-112.2095,34.0563],[-112.2097,34.0581],[-112.2064,34.0629],[-112.2074,34.0662],[-112.2121,34.0678],[-112.2194,34.0757],[-112.2188,34.0778],[-112.22,34.0813],[-112.2248,34.0861],[-112.2241,34.0885],[-112.2256,34.0941]]]}},{"type":"Feature","properties":{"huc12":"150701020504","name":"Cottonwood Gulch-Agua Fria River"},"geometry":{"type":"Polygon","coordinates":[[[-112.1566,34.0708],[-112.1621,34.071],[-112.1645,34.0757],[-112.169,34.0757],[-112.1691,34.0784],[-112.1713,34.0815],[-112.1742,34.0817],[-112.1779,34.0848],[-112.1834,34.0844],[-112.188,34.087],[-112.1901,34.0857],[-112.1942,34.0909],[-112.1987,34.0894],[-112.2056,34.0912],[-112.2134,34.0901],[-112.2209,34.094],[-112.2256,34.0941],[-112.2241,34.0885],[-112.2248,34.0861],[-112.22,34.0813],[-112.2188,34.0778],[-112.2194,34.0757],[-112.2121,34.0678],[-112.2074,34.0662],[-112.2064,34.0632],[-112.2097,34.0581],[-112.2095,34.0563],[-112.2115,34.0552],[-112.2122,34.0496],[-112.2188,34.0443],[-112.2219,34.0382],[-112.2251,34.0351],[-112.2253,34.0328],[-112.2235,34.0318],[-112.2166,34.033],[-112.214,34.027],[-112.2113,34.0248],[-112.2133,34.0209],[-112.2161,34.0208],[-112.219,34.0173],[-112.2194,34.0101],[-112.2167,34.0059],[-112.2129,34.0038],[-112.213,33.9976],[-112.21,33.9966],[-112.208,33.9932],[-112.2109,33.9888],[-112.208,33.9864],[-112.2086,33.9849],[-112.2062,33.982],[-112.2071,33.9804],[-112.2043,33.9732],[-112.2064,33.9706],[-112.203,33.9627],[-112.2122,33.955],[-112.2002,33.9478],[-112.1964,33.9488],[-112.1918,33.9553],[-112.1876,33.9534],[-112.1841,33.954],[-112.1819,33.956],[-112.1797,33.9544],[-112.1764,33.9571],[-112.1738,33.9573],[-112.1702,33.9552],[-112.1662,33.9552],[-112.1594,33.9586],[-112.1589,33.9627],[-112.1567,33.9646],[-112.1476,33.9645],[-112.1453,33.9626],[-112.1407,33.9642],[-112.1406,33.9683],[-112.1392,33.9692],[-112.1353,33.969],[-112.1332,33.9704],[-112.132,33.9693],[-112.127,33.9693],[-112.1235,33.9709],[-112.1238,33.9785],[-112.12,33.9854],[-112.1245,33.9856],[-112.1261,33.9879],[-112.1345,33.9891],[-112.1365,33.9906],[-112.1384,33.995],[-112.1446,33.9955],[-112.1487,33.9992],[-112.16,34.0016],[-112.1668,34.0058],[-112.1674,34.0087],[-112.1691,34.0098],[-112.1681,34.0115],[-112.1636,34.0123],[-112.1631,34.014],[-112.1558,34.0127],[-112.1568,34.0187],[-112.1617,34.0206],[-112.1621,34.0241],[-112.1606,34.0287],[-112.1617,34.031],[-112.1571,34.035],[-112.1549,34.0348],[-112.1541,34.0363],[-112.1516,34.0345],[-112.1473,34.0358],[-112.1429,34.0382],[-112.1416,34.042],[-112.1354,34.046],[-112.1318,34.0457],[-112.1283,34.0431],[-112.121,34.0433],[-112.1156,34.0455],[-112.1143,34.0505],[-112.1168,34.0533],[-112.1188,34.0527],[-112.1214,34.054],[-112.1253,34.0583],[-112.1284,34.0579],[-112.1309,34.0598],[-112.1339,34.0601],[-112.1375,34.0575],[-112.1446,34.0599],[-112.1456,34.0636],[-112.1564,34.0677],[-112.1566,34.0708]]]}},{"type":"Feature","properties":{"huc12":"150701020410","name":"Lousy Canyon-Agua Fria River"},"geometry":{"type":"Polygon","coordinates":[[[-112.1072,34.2014],[-112.11,34.2012],[-112.1161,34.2064],[-112.1208,34.2074],[-112.1287,34.203],[-112.1334,34.1927],[-112.1333,34.1825],[-112.128,34.1784],[-112.1227,34.1779],[-112.1208,34.1762],[-112.1221,34.1682],[-112.117,34.1629],[-112.117,34.1553],[-112.1135,34.1462],[-112.115,34.1437],[-112.1249,34.1378],[-112.1263,34.1335],[-112.1235,34.1285],[-112.1238,34.1224],[-112.1265,34.1142],[-112.1295,34.1142],[-112.132,34.1103],[-112.1305,34.108],[-112.1327,34.1036],[-112.1337,34.0958],[-112.1377,34.094],[-112.1385,34.0917],[-112.1413,34.0909],[-112.142,34.0892],[-112.14,34.087],[-112.1412,34.0848],[-112.1462,34.079],[-112.1518,34.0758],[-112.157,34.069],[-112.1533,34.066],[-112.1456,34.0636],[-112.1443,34.0597],[-112.1375,34.0575],[-112.1339,34.0601],[-112.1309,34.0598],[-112.1284,34.0579],[-112.1253,34.0583],[-112.1214,34.054],[-112.1188,34.0527],[-112.1168,34.0533],[-112.1131,34.05],[-112.1084,34.05],[-112.0998,34.0539],[-112.0957,34.0543],[-112.0931,34.0565],[-112.0909,34.056],[-112.0821,34.059],[-112.0737,34.0626],[-112.07,34.0666],[-112.0593,34.0699],[-112.0628,34.0732],[-112.0762,34.0778],[-112.0929,34.0781],[-112.0966,34.0762],[-112.1006,34.0792],[-112.1056,34.0799],[-112.1073,34.0824],[-112.113,34.0857],[-112.1121,34.0875],[-112.1042,34.0878],[-112.1037,34.0907],[-112.1015,34.0905],[-112.0919,34.0976],[-112.0665,34.1034],[-112.0556,34.1088],[-112.055,34.1095],[-112.058,34.1122],[-112.0581,34.114],[-112.0543,34.1191],[-112.0502,34.1209],[-112.0417,34.1232],[-112.0336,34.1235],[-112.0298,34.1286],[-112.0256,34.1291],[-112.0201,34.1324],[-112.0127,34.1335],[-112.0081,34.1315],[-112.0067,34.132],[-112.001,34.142],[-111.9983,34.1538],[-111.9946,34.1592],[-111.9962,34.1612],[-112.0094,34.1611],[-112.0146,34.1683],[-112.0183,34.1664],[-112.0241,34.1677],[-112.0248,34.1738],[-112.0332,34.1819],[-112.0413,34.1816],[-112.0508,34.1854],[-112.0558,34.1828],[-112.0791,34.1808],[-112.0783,34.1833],[-112.0795,34.1868],[-112.0887,34.1986],[-112.0918,34.2006],[-112.0931,34.204],[-112.1007,34.2041],[-112.1072,34.2014]]]}},{"type":"Feature","properties":{"huc12":"150701020501","name":"Odzilaayé Creek"},"geometry":{"type":"Polygon","coordinates":[[[-112.001,34.0574],[-112.005,34.0597],[-112.0035,34.0663],[-111.9989,34.0727],[-111.9994,34.0747],[-112.0029,34.073],[-112.0091,34.0733],[-112.0147,34.0702],[-112.0209,34.0691],[-112.0261,34.0693],[-112.0275,34.0715],[-112.0327,34.0737],[-112.036,34.0717],[-112.0426,34.0716],[-112.0458,34.0684],[-112.0478,34.0694],[-112.0546,34.0682],[-112.0594,34.0699],[-112.07,34.0666],[-112.0737,34.0626],[-112.0821,34.059],[-112.0909,34.056],[-112.0931,34.0565],[-112.0957,34.0543],[-112.0998,34.0539],[-112.1084,34.05],[-112.1143,34.0505],[-112.1156,34.0455],[-112.121,34.0433],[-112.1283,34.0431],[-112.1323,34.0459],[-112.1367,34.0455],[-112.1424,34.0412],[-112.1432,34.038],[-112.1516,34.0345],[-112.1541,34.0363],[-112.1549,34.0348],[-112.1571,34.035],[-112.1617,34.031],[-112.1606,34.0287],[-112.162,34.0252],[-112.1619,34.0211],[-112.1569,34.019],[-112.1562,34.0148],[-112.1542,34.0154],[-112.1528,34.0135],[-112.1478,34.0114],[-112.1386,34.013],[-112.1324,34.0108],[-112.1282,34.0114],[-112.126,34.0132],[-112.1179,34.0144],[-112.1172,34.0131],[-112.11,34.0177],[-112.1007,34.0175],[-112.0998,34.0192],[-112.0894,34.0243],[-112.0852,34.0286],[-112.0794,34.0279],[-112.0773,34.0248],[-112.0738,34.025],[-112.0729,34.0277],[-112.0674,34.0296],[-112.0627,34.033],[-112.0602,34.0329],[-112.0563,34.038],[-112.0556,34.0468],[-112.0539,34.0489],[-112.0498,34.0481],[-112.0484,34.0504],[-112.0451,34.0512],[-112.039,34.0482],[-112.0363,34.0453],[-112.0351,34.041],[-112.0265,34.0406],[-112.0246,34.0362],[-112.0201,34.0318],[-112.0181,34.0305],[-112.0134,34.031],[-112.0114,34.0346],[-112.0052,34.0374],[-112.0059,34.0408],[-112.0044,34.0482],[-112.0003,34.0495],[-112.001,34.0574]]]}},{"type":"Feature","properties":{"huc12":"150701020502","name":"Moore Gulch"},"geometry":{"type":"Polygon","coordinates":[[[-112.0181,34.0305],[-112.0243,34.0359],[-112.0262,34.0405],[-112.031,34.0416],[-112.0351,34.041],[-112.0363,34.0453],[-112.039,34.0482],[-112.0451,34.0512],[-112.0484,34.0504],[-112.0498,34.0481],[-112.0539,34.0489],[-112.0556,34.0468],[-112.0563,34.038],[-112.0602,34.0329],[-112.0627,34.033],[-112.0674,34.0296],[-112.0729,34.0277],[-112.074,34.0249],[-112.0773,34.0248],[-112.0794,34.0279],[-112.0838,34.0289],[-112.0888,34.026],[-112.0894,34.0243],[-112.0999,34.0191],[-112.1007,34.0175],[-112.11,34.0177],[-112.1172,34.0131],[-112.1179,34.0144],[-112.126,34.0132],[-112.1282,34.0114],[-112.1324,34.0108],[-112.1386,34.013],[-112.1474,34.0114],[-112.1528,34.0135],[-112.1542,34.0154],[-112.1562,34.0148],[-112.1561,34.0124],[-112.1631,34.014],[-112.1636,34.0123],[-112.1681,34.0115],[-112.1691,34.0097],[-112.1674,34.0087],[-112.1668,34.0058],[-112.16,34.0016],[-112.1487,33.9992],[-112.1446,33.9955],[-112.1384,33.995],[-112.1356,33.9896],[-112.1261,33.9879],[-112.1245,33.9856],[-112.1031,33.9859],[-112.0954,33.9852],[-112.0914,33.9829],[-112.088,33.9855],[-112.0865,33.989],[-112.0846,33.9876],[-112.0795,33.9884],[-112.0775,33.9865],[-112.0764,33.9888],[-112.0733,33.9896],[-112.0688,33.9951],[-112.0654,33.9967],[-112.0666,33.9994],[-112.0659,34.002],[-112.0617,34.0029],[-112.0594,34.005],[-112.0585,34.0097],[-112.052,34.0199],[-112.0478,34.024],[-112.0436,34.0263],[-112.0284,34.0283],[-112.0241,34.0261],[-112.0192,34.0261],[-112.0181,34.0305]]]}},{"type":"Feature","properties":{"huc12":"150701020505","name":"Tule Creek"},"geometry":{"type":"Polygon","coordinates":[[[-112.2274,33.9768],[-112.2319,33.9823],[-112.2341,33.9956],[-112.2394,34.003],[-112.2429,34.0118],[-112.2492,34.0181],[-112.2621,34.0241],[-112.2626,34.0263],[-112.2592,34.0312],[-112.2607,34.0316],[-112.2635,34.0368],[-112.27,34.0411],[-112.2744,34.0487],[-112.2826,34.0494],[-112.2851,34.0458],[-112.2974,34.0403],[-112.2956,34.0384],[-112.2953,34.0346],[-112.2902,34.0357],[-112.2878,34.0327],[-112.289,34.03],[-112.2856,34.0256],[-112.2888,34.0185],[-112.2831,34.0136],[-112.2845,34.0121],[-112.2799,34.011],[-112.2817,34.0067],[-112.2834,34.0057],[-112.2815,33.994],[-112.2751,33.9859],[-112.2712,33.9774],[-112.2648,33.9743],[-112.2605,33.9702],[-112.2585,33.9706],[-112.2561,33.9662],[-112.2449,33.9601],[-112.244,33.9576],[-112.2367,33.9569],[-112.2342,33.964],[-112.2291,33.9663],[-112.2282,33.9689],[-112.2297,33.9715],[-112.2287,33.9736],[-112.2296,33.9761],[-112.2274,33.9768]]]}},{"type":"Feature","properties":{"huc12":"150701020506","name":"Humbug Creek"},"geometry":{"type":"Polygon","coordinates":[[[-112.3199,34.1535],[-112.321,34.1564],[-112.3168,34.1597],[-112.3162,34.1624],[-112.3214,34.1652],[-112.3207,34.1671],[-112.3224,34.1696],[-112.3277,34.1674],[-112.3295,34.1686],[-112.3282,34.1749],[-112.3311,34.1787],[-112.3305,34.1838],[-112.3382,34.1866],[-112.3458,34.185],[-112.35,34.1923],[-112.3548,34.1917],[-112.3606,34.1945],[-112.3623,34.1987],[-112.3611,34.2005],[-112.3622,34.2035],[-112.3656,34.2043],[-112.372,34.1932],[-112.3739,34.1915],[-112.3788,34.1914],[-112.3796,34.1891],[-112.3828,34.1874],[-112.383,34.183],[-112.3864,34.1809],[-112.389,34.1746],[-112.3886,34.1729],[-112.3925,34.1708],[-112.3943,34.1681],[-112.3972,34.1688],[-112.3986,34.1667],[-112.403,34.1656],[-112.4029,34.161],[-112.4051,34.1597],[-112.4048,34.1586],[-112.4067,34.1582],[-112.4089,34.1534],[-112.4054,34.1361],[-112.4069,34.1293],[-112.3977,34.123],[-112.3973,34.1173],[-112.3955,34.1145],[-112.3968,34.1123],[-112.3942,34.1091],[-112.3939,34.1061],[-112.3846,34.0993],[-112.3829,34.0941],[-112.3789,34.0909],[-112.3799,34.0884],[-112.3781,34.0855],[-112.3772,34.0775],[-112.3741,34.0757],[-112.3678,34.069],[-112.3661,34.0598],[-112.3647,34.0586],[-112.3653,34.0566],[-112.3623,34.0536],[-112.3593,34.0525],[-112.363,34.0487],[-112.3609,34.0435],[-112.3588,34.0417],[-112.3565,34.0417],[-112.3545,34.0391],[-112.3508,34.039],[-112.3444,34.0293],[-112.3394,34.0251],[-112.3398,34.021],[-112.335,34.0129],[-112.3339,34.0087],[-112.3289,34.006],[-112.3245,33.9991],[-112.3213,33.9999],[-112.317,33.9922],[-112.3191,33.9915],[-112.3184,33.9861],[-112.309,33.9771],[-112.31,33.975],[-112.3083,33.9689],[-112.3022,33.9658],[-112.3011,33.9612],[-112.2976,33.9569],[-112.2876,33.9469],[-112.2832,33.9452],[-112.2809,33.9409],[-112.2807,33.9364],[-112.278,33.9348],[-112.278,33.9326],[-112.2762,33.9307],[-112.2761,33.9278],[-112.2682,33.9196],[-112.2682,33.918],[-112.2705,33.9161],[-112.2678,33.9097],[-112.2657,33.9094],[-112.2627,33.9052],[-112.2542,33.9119],[-112.2533,33.915],[-112.255,33.9197],[-112.2495,33.9238],[-112.246,33.9294],[-112.248,33.9325],[-112.2533,33.9319],[-112.2541,33.9363],[-112.2597,33.9446],[-112.2589,33.9476],[-112.2637,33.952],[-112.2643,33.9571],[-112.2657,33.9583],[-112.2638,33.9608],[-112.2698,33.9668],[-112.2718,33.9736],[-112.2707,33.9767],[-112.2715,33.9787],[-112.2761,33.9873],[-112.2815,33.994],[-112.2834,34.0057],[-112.2817,34.0067],[-112.2799,34.011],[-112.2845,34.0121],[-112.2831,34.0136],[-112.2888,34.0185],[-112.2856,34.0256],[-112.289,34.03],[-112.2878,34.0327],[-112.2902,34.0357],[-112.2952,34.0345],[-112.2956,34.0384],[-112.2975,34.04],[-112.2851,34.0458],[-112.2826,34.0494],[-112.2847,34.0535],[-112.2822,34.0557],[-112.2848,34.0596],[-112.2845,34.0628],[-112.2858,34.0638],[-112.2832,34.0671],[-112.2884,34.0723],[-112.2893,34.0771],[-112.2953,34.0824],[-112.2932,34.0925],[-112.2973,34.0976],[-112.2967,34.101],[-112.2936,34.1039],[-112.2957,34.1083],[-112.3061,34.114],[-112.3088,34.1174],[-112.3146,34.1196],[-112.3151,34.1228],[-112.3194,34.1236],[-112.3177,34.1273],[-112.3194,34.1304],[-112.3186,34.1334],[-112.32,34.1349],[-112.3192,34.1415],[-112.3214,34.1443],[-112.3202,34.1458],[-112.321,34.1489],[-112.32,34.1495],[-112.3199,34.1535]]]}},{"type":"Feature","properties":{"huc12":"150701020510","name":"Upper Castle Creek"},"geometry":{"type":"Polygon","coordinates":[[[-112.4607,34.1187],[-112.4628,34.1219],[-112.4679,34.1241],[-112.4736,34.1219],[-112.4825,34.1156],[-112.4885,34.1138],[-112.489,34.1114],[-112.491,34.1102],[-112.4959,34.117],[-112.4993,34.1172],[-112.5012,34.1159],[-112.5029,34.1108],[-112.5048,34.1124],[-112.5116,34.1139],[-112.5064,34.1048],[-112.5085,34.1027],[-112.5087,34.1005],[-112.5176,34.0942],[-112.5127,34.0859],[-112.5178,34.0819],[-112.5099,34.0766],[-112.51,34.0721],[-112.5127,34.0712],[-112.512,34.0697],[-112.518,34.0654],[-112.5202,34.0613],[-112.523,34.0601],[-112.5283,34.0617],[-112.531,34.0606],[-112.5321,34.0548],[-112.5378,34.0567],[-112.541,34.0549],[-112.5464,34.0565],[-112.5523,34.0527],[-112.5516,34.051],[-112.5377,34.0502],[-112.5325,34.0473],[-112.5279,34.0473],[-112.5259,34.0451],[-112.5213,34.046],[-112.5163,34.0435],[-112.5156,34.0379],[-112.5073,34.0349],[-112.5059,34.037],[-112.5027,34.0376],[-112.4978,34.0351],[-112.4977,34.0332],[-112.4905,34.03],[-112.485,34.0302],[-112.4787,34.0274],[-112.468,34.0267],[-112.4578,34.021],[-112.4513,34.024],[-112.4408,34.0174],[-112.4381,34.018],[-112.436,34.0168],[-112.4334,34.0194],[-112.4301,34.0193],[-112.4244,34.0178],[-112.4225,34.0155],[-112.4158,34.0134],[-112.4145,34.0119],[-112.409,34.0128],[-112.4083,34.0103],[-112.4107,34.0067],[-112.416,34.0056],[-112.4229,34.0063],[-112.4261,34.0045],[-112.4263,34.0021],[-112.4211,34.0014],[-112.4173,33.9977],[-112.4116,33.9975],[-112.4026,33.9941],[-112.4013,33.9951],[-112.3973,33.994],[-112.3955,33.9917],[-112.3827,33.9904],[-112.3773,33.9884],[-112.3761,33.9861],[-112.3715,33.986],[-112.37,33.9849],[-112.3671,33.986],[-112.3684,33.988],[-112.3627,33.992],[-112.361,33.9973],[-112.3583,33.9977],[-112.3591,34.0006],[-112.3623,34.0019],[-112.3661,34.0055],[-112.3667,34.0079],[-112.3726,34.0113],[-112.3884,34.0109],[-112.3902,34.0188],[-112.3945,34.0204],[-112.395,34.0238],[-112.3988,34.0269],[-112.4001,34.0305],[-112.4061,34.0347],[-112.4061,34.0357],[-112.4017,34.0356],[-112.3997,34.0389],[-112.3976,34.0395],[-112.3987,34.0436],[-112.3978,34.0447],[-112.399,34.0513],[-112.4025,34.0533],[-112.4046,34.0576],[-112.4072,34.0595],[-112.4077,34.0636],[-112.4105,34.0677],[-112.4097,34.0727],[-112.4062,34.076],[-112.4033,34.0762],[-112.405,34.079],[-112.4035,34.084],[-112.3984,34.092],[-112.3974,34.0979],[-112.3944,34.0995],[-112.3936,34.1075],[-112.3959,34.1117],[-112.4022,34.1123],[-112.4139,34.1071],[-112.4179,34.1071],[-112.4261,34.0958],[-112.4281,34.0949],[-112.4281,34.0907],[-112.4298,34.0896],[-112.4271,34.0865],[-112.4275,34.0832],[-112.4299,34.0819],[-112.4295,34.0797],[-112.4335,34.0778],[-112.4354,34.0747],[-112.4346,34.0726],[-112.4359,34.0719],[-112.435,34.0689],[-112.4362,34.066],[-112.4338,34.0628],[-112.4342,34.0614],[-112.4416,34.0517],[-112.4416,34.0483],[-112.4381,34.0439],[-112.4385,34.0405],[-112.4362,34.0394],[-112.4312,34.0305],[-112.4354,34.0299],[-112.4448,34.0371],[-112.4462,34.0412],[-112.4494,34.0444],[-112.4491,34.0492],[-112.4514,34.0591],[-112.4592,34.0649],[-112.4616,34.0699],[-112.4558,34.0748],[-112.4547,34.0746],[-112.456,34.0774],[-112.4508,34.0801],[-112.4506,34.0824],[-112.452,34.0839],[-112.453,34.0905],[-112.4572,34.094],[-112.4583,34.0967],[-112.4564,34.0995],[-112.4562,34.1027],[-112.453,34.1045],[-112.4559,34.1068],[-112.4553,34.1115],[-112.4533,34.1151],[-112.4607,34.1187]]]}},{"type":"Feature","properties":{"huc12":"150701020507","name":"Banty Creek"},"geometry":{"type":"Polygon","coordinates":[[[-112.4129,34.1574],[-112.4251,34.1544],[-112.4269,34.1522],[-112.4271,34.1488],[-112.4331,34.1466],[-112.435,34.1438],[-112.4481,34.142],[-112.4518,34.1392],[-112.4547,34.139],[-112.4529,34.1371],[-112.4528,34.1342],[-112.4508,34.1311],[-112.4533,34.1281],[-112.4525,34.1246],[-112.4607,34.1187],[-112.4533,34.1151],[-112.4553,34.1115],[-112.4559,34.1068],[-112.453,34.1045],[-112.4562,34.1027],[-112.4564,34.0995],[-112.4583,34.0967],[-112.4572,34.094],[-112.453,34.0905],[-112.452,34.0839],[-112.4506,34.0824],[-112.4508,34.0801],[-112.456,34.0774],[-112.4547,34.0746],[-112.4558,34.0748],[-112.4616,34.0699],[-112.4592,34.0649],[-112.4514,34.0591],[-112.4491,34.0492],[-112.4494,34.0444],[-112.4462,34.0412],[-112.4448,34.0371],[-112.4354,34.0299],[-112.4312,34.0305],[-112.4362,34.0394],[-112.4385,34.0405],[-112.4381,34.0439],[-112.4416,34.0483],[-112.4416,34.0517],[-112.4342,34.0614],[-112.4338,34.0628],[-112.4362,34.066],[-112.435,34.0689],[-112.4359,34.0719],[-112.4346,34.0726],[-112.4354,34.0747],[-112.4335,34.0778],[-112.4295,34.0797],[-112.4299,34.0819],[-112.4275,34.0832],[-112.4271,34.0865],[-112.4298,34.0896],[-112.4281,34.0907],[-112.4281,34.0949],[-112.4261,34.0958],[-112.4179,34.1071],[-112.4139,34.1071],[-112.4022,34.1123],[-112.3968,34.1123],[-112.3955,34.1142],[-112.3973,34.1173],[-112.3977,34.123],[-112.4069,34.1293],[-112.4054,34.1361],[-112.4085,34.1478],[-112.4086,34.1553],[-112.4129,34.1574]]]}},{"type":"Feature","properties":{"huc12":"150701020508","name":"Buckhorn Creek"},"geometry":{"type":"Polygon","coordinates":[[[-112.4263,34.0021],[-112.4261,34.0045],[-112.4229,34.0063],[-112.4113,34.0063],[-112.4083,34.0103],[-112.4087,34.0126],[-112.4145,34.0119],[-112.4158,34.0134],[-112.4225,34.0155],[-112.4244,34.0178],[-112.4301,34.0193],[-112.4334,34.0194],[-112.436,34.0168],[-112.4381,34.018],[-112.4408,34.0174],[-112.4513,34.024],[-112.4578,34.021],[-112.468,34.0267],[-112.4787,34.0274],[-112.485,34.0302],[-112.4905,34.03],[-112.4977,34.0332],[-112.4978,34.0351],[-112.5027,34.0376],[-112.5059,34.037],[-112.5076,34.035],[-112.5158,34.038],[-112.5164,34.0436],[-112.5213,34.046],[-112.5259,34.0451],[-112.5279,34.0473],[-112.5325,34.0473],[-112.5377,34.0502],[-112.5516,34.051],[-112.5527,34.0462],[-112.555,34.0457],[-112.5557,34.0441],[-112.5545,34.0414],[-112.5554,34.0401],[-112.5547,34.0365],[-112.5566,34.0354],[-112.5568,34.0304],[-112.5535,34.0287],[-112.5535,34.0249],[-112.5459,34.0167],[-112.5482,34.0143],[-112.5482,34.0121],[-112.5453,34.0084],[-112.5429,34.0082],[-112.5391,34.0039],[-112.5334,34.0037],[-112.5307,33.9997],[-112.5262,33.9989],[-112.5194,33.9942],[-112.5118,33.9919],[-112.5117,33.9893],[-112.51,33.9873],[-112.5078,33.9873],[-112.5032,33.9837],[-112.5021,33.9813],[-112.497,33.9784],[-112.4953,33.9792],[-112.4972,33.9833],[-112.4962,33.9848],[-112.4879,33.9892],[-112.4844,33.99],[-112.4743,33.987],[-112.4679,33.9898],[-112.4647,33.9894],[-112.4633,33.9907],[-112.4595,33.991],[-112.4567,33.9937],[-112.4566,33.9967],[-112.4598,34.0021],[-112.4557,34.0037],[-112.456,34.0075],[-112.4547,34.0082],[-112.4495,34.0082],[-112.4449,34.0063],[-112.4369,34.0054],[-112.4296,34.0006],[-112.4263,34.0021]]]}},{"type":"Feature","properties":{"huc12":"150701020509","name":"Bitter Creek"},"geometry":{"type":"Polygon","coordinates":[[[-112.4263,34.0021],[-112.4296,34.0006],[-112.4369,34.0054],[-112.4449,34.0063],[-112.4495,34.0082],[-112.4547,34.0082],[-112.456,34.0075],[-112.4557,34.0037],[-112.4598,34.0021],[-112.4566,33.9963],[-112.4567,33.9937],[-112.4597,33.9909],[-112.4633,33.9907],[-112.4647,33.9894],[-112.4679,33.9898],[-112.4743,33.987],[-112.4852,33.99],[-112.4962,33.9848],[-112.4972,33.9833],[-112.4953,33.9792],[-112.497,33.9784],[-112.4972,33.9762],[-112.4942,33.9729],[-112.4957,33.9708],[-112.4932,33.969],[-112.4899,33.9631],[-112.4828,33.9614],[-112.4819,33.9594],[-112.4767,33.9559],[-112.4729,33.9576],[-112.4643,33.9561],[-112.4599,33.9586],[-112.4516,33.958],[-112.4471,33.9617],[-112.44,33.9607],[-112.4338,33.9677],[-112.4303,33.9692],[-112.4263,33.9662],[-112.421,33.9672],[-112.4163,33.9661],[-112.414,33.963],[-112.4117,33.9626],[-112.4066,33.9584],[-112.403,33.9641],[-112.3981,33.9627],[-112.3967,33.9653],[-112.3971,33.9673],[-112.3947,33.9704],[-112.3896,33.97],[-112.3904,33.975],[-112.3868,33.9721],[-112.3804,33.9753],[-112.3726,33.9742],[-112.3729,33.9776],[-112.3712,33.9783],[-112.3703,33.9823],[-112.371,33.9858],[-112.3761,33.9861],[-112.3773,33.9884],[-112.3827,33.9904],[-112.3955,33.9917],[-112.3973,33.994],[-112.401,33.9951],[-112.4026,33.9941],[-112.4113,33.9975],[-112.4173,33.9977],[-112.4211,34.0014],[-112.4263,34.0021]]]}},{"type":"Feature","properties":{"huc12":"150701020511","name":"French Creek"},"geometry":{"type":"Polygon","coordinates":[[[-112.3085,33.9698],[-112.31,33.975],[-112.309,33.9771],[-112.3184,33.9861],[-112.3191,33.9915],[-112.317,33.9922],[-112.321,33.9995],[-112.3245,33.9991],[-112.3289,34.006],[-112.3339,34.0087],[-112.335,34.0129],[-112.3398,34.021],[-112.3394,34.0251],[-112.3444,34.0293],[-112.3508,34.039],[-112.3545,34.0391],[-112.3565,34.0417],[-112.3588,34.0417],[-112.3609,34.0435],[-112.363,34.0487],[-112.3593,34.0525],[-112.3623,34.0536],[-112.3653,34.0566],[-112.3647,34.0586],[-112.3661,34.0598],[-112.3678,34.069],[-112.3741,34.0757],[-112.3772,34.0775],[-112.3781,34.0855],[-112.3799,34.0884],[-112.3789,34.0909],[-112.3829,34.0941],[-112.3846,34.0993],[-112.3926,34.1055],[-112.3944,34.1058],[-112.3945,34.0994],[-112.3974,34.0979],[-112.3984,34.092],[-112.4035,34.084],[-112.405,34.079],[-112.4033,34.0762],[-112.4062,34.076],[-112.4098,34.0725],[-112.4104,34.0664],[-112.4079,34.0641],[-112.4072,34.0595],[-112.4046,34.0576],[-112.4037,34.0546],[-112.399,34.0513],[-112.3978,34.0447],[-112.3987,34.0436],[-112.3976,34.0395],[-112.3997,34.0389],[-112.4017,34.0356],[-112.4063,34.0356],[-112.4058,34.0338],[-112.4001,34.0305],[-112.3988,34.0269],[-112.395,34.0238],[-112.3945,34.0204],[-112.3902,34.0188],[-112.3884,34.0109],[-112.3727,34.0114],[-112.3681,34.009],[-112.3652,34.0045],[-112.3591,34.0006],[-112.3583,33.9977],[-112.3536,33.9958],[-112.3517,33.9913],[-112.3529,33.9896],[-112.3512,33.9867],[-112.344,33.9834],[-112.3376,33.9827],[-112.3354,33.9805],[-112.335,33.9796],[-112.3374,33.9774],[-112.3364,33.9748],[-112.34,33.9702],[-112.3368,33.969],[-112.3369,33.9674],[-112.3332,33.9658],[-112.3302,33.9621],[-112.3294,33.9594],[-112.331,33.9561],[-112.3271,33.9526],[-112.3274,33.948],[-112.325,33.9453],[-112.3253,33.9436],[-112.328,33.942],[-112.3276,33.9388],[-112.3168,33.9307],[-112.3162,33.9286],[-112.3149,33.9294],[-112.3156,33.9349],[-112.3141,33.936],[-112.3131,33.9397],[-112.3127,33.95],[-112.3101,33.953],[-112.3119,33.9574],[-112.3112,33.9599],[-112.3138,33.9643],[-112.3109,33.9658],[-112.3085,33.9698]]]}},{"type":"Feature","properties":{"huc12":"150701020512","name":"Lower Castle Creek"},"geometry":{"type":"Polygon","coordinates":[[[-112.3583,33.9977],[-112.361,33.9973],[-112.3627,33.992],[-112.3684,33.988],[-112.367,33.9861],[-112.3702,33.9849],[-112.3712,33.9783],[-112.3729,33.9776],[-112.3726,33.9742],[-112.3804,33.9753],[-112.3868,33.9721],[-112.3904,33.975],[-112.3896,33.97],[-112.3947,33.9704],[-112.3971,33.9673],[-112.3967,33.9653],[-112.3981,33.9627],[-112.403,33.9641],[-112.4066,33.9584],[-112.4117,33.9626],[-112.414,33.963],[-112.4165,33.9661],[-112.421,33.9672],[-112.4263,33.9662],[-112.4287,33.969],[-112.4305,33.9692],[-112.4338,33.9677],[-112.44,33.9607],[-112.4471,33.9617],[-112.4516,33.958],[-112.4599,33.9586],[-112.4643,33.9561],[-112.4727,33.9576],[-112.4756,33.9568],[-112.4768,33.955],[-112.4756,33.9513],[-112.4675,33.949],[-112.4616,33.9441],[-112.4533,33.9428],[-112.4505,33.9389],[-112.4444,33.9373],[-112.4406,33.9338],[-112.434,33.9368],[-112.4298,33.9361],[-112.4246,33.9318],[-112.4196,33.934],[-112.4154,33.9309],[-112.4094,33.9334],[-112.4059,33.9332],[-112.4061,33.9386],[-112.4052,33.9399],[-112.3914,33.941],[-112.3889,33.9402],[-112.3886,33.9366],[-112.3813,33.9339],[-112.3728,33.928],[-112.3617,33.9263],[-112.358,33.9227],[-112.3561,33.9234],[-112.3494,33.9183],[-112.3442,33.9179],[-112.3407,33.9152],[-112.341,33.9172],[-112.3392,33.9181],[-112.3328,33.9131],[-112.3308,33.9136],[-112.3289,33.9122],[-112.325,33.9128],[-112.3226,33.9091],[-112.3203,33.9104],[-112.3154,33.9058],[-112.3171,33.9046],[-112.3167,33.9029],[-112.3134,33.9003],[-112.3075,33.8991],[-112.3048,33.8957],[-112.3,33.8963],[-112.2912,33.8924],[-112.2837,33.8918],[-112.2831,33.8945],[-112.2846,33.8961],[-112.2868,33.8963],[-112.2891,33.8991],[-112.2893,33.9058],[-112.293,33.9094],[-112.2984,33.9094],[-112.3062,33.9183],[-112.3087,33.9248],[-112.3076,33.9261],[-112.3081,33.9283],[-112.3111,33.9333],[-112.3146,33.9356],[-112.3156,33.935],[-112.3149,33.9294],[-112.3162,33.9286],[-112.3168,33.9307],[-112.3276,33.9388],[-112.328,33.942],[-112.3253,33.9436],[-112.325,33.9453],[-112.3274,33.948],[-112.3271,33.9526],[-112.331,33.9561],[-112.3294,33.9594],[-112.3302,33.9621],[-112.3332,33.9658],[-112.3369,33.9674],[-112.3368,33.969],[-112.3394,33.9692],[-112.3401,33.9704],[-112.3364,33.9748],[-112.3374,33.9774],[-112.3352,33.9802],[-112.3376,33.9827],[-112.344,33.9834],[-112.351,33.9865],[-112.3529,33.9896],[-112.3517,33.9913],[-112.3536,33.9958],[-112.3583,33.9977]]]}},{"type":"Feature","properties":{"huc12":"150701020513","name":"Cottonwood Creek"},"geometry":{"type":"Polygon","coordinates":[[[-112.2858,33.8914],[-112.2952,33.8936],[-112.2977,33.8958],[-112.3048,33.8957],[-112.3075,33.8991],[-112.3134,33.9003],[-112.3167,33.9029],[-112.3171,33.9046],[-112.3154,33.9058],[-112.3203,33.9104],[-112.3226,33.9091],[-112.325,33.9128],[-112.3289,33.9122],[-112.3308,33.9136],[-112.3328,33.9131],[-112.3392,33.9181],[-112.341,33.9172],[-112.3407,33.9152],[-112.3442,33.9179],[-112.3494,33.9183],[-112.3561,33.9234],[-112.358,33.9227],[-112.3617,33.9263],[-112.3728,33.928],[-112.3813,33.9339],[-112.3886,33.9366],[-112.3889,33.9402],[-112.3988,33.9411],[-112.4052,33.9399],[-112.4061,33.9386],[-112.4054,33.9313],[-112.4099,33.927],[-112.4084,33.9225],[-112.4028,33.9191],[-112.398,33.919],[-112.3972,33.917],[-112.3947,33.9158],[-112.3957,33.9112],[-112.3943,33.9089],[-112.3927,33.909],[-112.3924,33.9061],[-112.386,33.9026],[-112.3855,33.8983],[-112.3775,33.892],[-112.3733,33.8906],[-112.3699,33.8942],[-112.3652,33.8923],[-112.3654,33.8903],[-112.3611,33.8888],[-112.359,33.8839],[-112.3529,33.8792],[-112.3473,33.8795],[-112.3418,33.8728],[-112.3347,33.8798],[-112.3311,33.8783],[-112.3284,33.8793],[-112.3228,33.8731],[-112.3124,33.8775],[-112.3043,33.8776],[-112.3022,33.8794],[-112.3034,33.8817],[-112.2975,33.8833],[-112.2954,33.8855],[-112.2908,33.8856],[-112.2856,33.8887],[-112.2858,33.8914]]]}},{"type":"Feature","properties":{"huc12":"150701020601","name":"Seven Springs Wash-Cave Creek"},"geometry":{"type":"Polygon","coordinates":[[[-111.8631,34.0571],[-111.8677,34.0556],[-111.8686,34.0531],[-111.8745,34.0492],[-111.8772,34.0448],[-111.8884,34.034],[-111.889,34.0275],[-111.8944,34.024],[-111.8957,34.0148],[-111.9078,34.0081],[-111.9127,34.0082],[-111.9154,34.0045],[-111.9178,34.0038],[-111.92,34.005],[-111.9234,34.0014],[-111.9293,34],[-111.9306,33.9962],[-111.9297,33.9931],[-111.9341,33.9924],[-111.9405,33.9866],[-111.9438,33.9796],[-111.9511,33.9706],[-111.9463,33.9678],[-111.9444,33.9618],[-111.9377,33.958],[-111.9368,33.9563],[-111.9376,33.9522],[-111.9331,33.9504],[-111.9179,33.9306],[-111.9166,33.9258],[-111.9086,33.9272],[-111.8999,33.9268],[-111.8982,33.9299],[-111.8944,33.9289],[-111.8924,33.9306],[-111.8844,33.9274],[-111.8825,33.9296],[-111.883,33.9312],[-111.8807,33.9323],[-111.8801,33.9359],[-111.8781,33.9355],[-111.8718,33.932],[-111.8705,33.9286],[-111.8614,33.9243],[-111.8618,33.9208],[-111.8645,33.9205],[-111.8655,33.9177],[-111.8677,33.9165],[-111.8682,33.91],[-111.8651,33.9102],[-111.8616,33.9084],[-111.8587,33.9099],[-111.8549,33.9091],[-111.8538,33.9129],[-111.8544,33.9182],[-111.8479,33.9223],[-111.8449,33.9208],[-111.8368,33.9231],[-111.833,33.9162],[-111.8271,33.9196],[-111.8191,33.9324],[-111.8197,33.9348],[-111.8158,33.9384],[-111.8104,33.9388],[-111.8045,33.9345],[-111.8014,33.9336],[-111.7934,33.9354],[-111.7871,33.9343],[-111.7866,33.9356],[-111.7895,33.9425],[-111.7949,33.9466],[-111.7952,33.9493],[-111.7975,33.9512],[-111.7961,33.9545],[-111.7989,33.9556],[-111.7983,33.9585],[-111.7943,33.9643],[-111.7945,33.9677],[-111.7923,33.9693],[-111.7961,33.9755],[-111.7935,33.9776],[-111.7937,33.9806],[-111.798,33.9812],[-111.8001,33.9838],[-111.8053,33.9846],[-111.8116,33.9906],[-111.8126,33.9944],[-111.8153,33.9951],[-111.8182,34.0017],[-111.822,34.0057],[-111.8225,34.0085],[-111.8338,34.0187],[-111.8349,34.0235],[-111.8399,34.0271],[-111.8403,34.0302],[-111.8431,34.0313],[-111.8435,34.0344],[-111.846,34.0384],[-111.8448,34.042],[-111.8469,34.0447],[-111.846,34.0476],[-111.8499,34.0467],[-111.8531,34.0479],[-111.8577,34.0475],[-111.8595,34.0509],[-111.8595,34.0545],[-111.8631,34.0571]]]}},{"type":"Feature","properties":{"huc12":"150701020602","name":"Galloway Wash-Cave Creek"},"geometry":{"type":"Polygon","coordinates":[[[-111.8682,33.91],[-111.8677,33.9165],[-111.8655,33.9177],[-111.8645,33.9205],[-111.8618,33.9208],[-111.8614,33.9243],[-111.8705,33.9286],[-111.8718,33.932],[-111.8781,33.9355],[-111.8801,33.9359],[-111.8807,33.9323],[-111.883,33.9312],[-111.8825,33.9296],[-111.8844,33.9274],[-111.8924,33.9306],[-111.8944,33.9289],[-111.8982,33.9299],[-111.8999,33.9268],[-111.9086,33.9272],[-111.9166,33.9258],[-111.9179,33.9306],[-111.9331,33.9504],[-111.9376,33.9522],[-111.9368,33.9563],[-111.9377,33.958],[-111.9444,33.9618],[-111.9463,33.9678],[-111.9511,33.9706],[-111.9603,33.9605],[-111.9655,33.9572],[-111.9706,33.9518],[-111.9721,33.9484],[-111.9735,33.9366],[-111.9764,33.9336],[-111.9766,33.9286],[-111.9802,33.9249],[-111.9847,33.9234],[-111.9863,33.9209],[-111.9853,33.9152],[-111.9801,33.9089],[-111.9852,33.9031],[-111.9827,33.8958],[-111.9862,33.8957],[-111.9889,33.8932],[-111.9835,33.8878],[-111.9801,33.8805],[-111.9879,33.8804],[-111.9941,33.8781],[-111.9937,33.8752],[-112.0013,33.8658],[-112.0025,33.8626],[-112.0004,33.8585],[-112.0011,33.8562],[-111.9955,33.8548],[-111.9941,33.8532],[-111.9957,33.8507],[-111.9923,33.8445],[-111.9926,33.8421],[-111.9904,33.8396],[-111.9921,33.8376],[-111.99,33.8375],[-111.9886,33.8364],[-111.9891,33.8353],[-111.9856,33.8345],[-111.9729,33.8379],[-111.9713,33.8348],[-111.9667,33.8379],[-111.9628,33.837],[-111.9614,33.8353],[-111.9492,33.8365],[-111.9368,33.8343],[-111.933,33.8317],[-111.9327,33.8291],[-111.927,33.8277],[-111.9275,33.8259],[-111.9264,33.8246],[-111.9215,33.8238],[-111.9087,33.8165],[-111.9021,33.8156],[-111.8867,33.8192],[-111.8826,33.8225],[-111.8769,33.8248],[-111.8653,33.8263],[-111.8558,33.8294],[-111.8519,33.8369],[-111.8438,33.8415],[-111.8341,33.8499],[-111.8311,33.8549],[-111.8309,33.8593],[-111.8284,33.8661],[-111.8316,33.8689],[-111.8346,33.8695],[-111.8405,33.8766],[-111.8461,33.88],[-111.8489,33.884],[-111.8466,33.8877],[-111.8472,33.8892],[-111.8501,33.8896],[-111.8589,33.8962],[-111.8618,33.8954],[-111.8642,33.8977],[-111.8704,33.8991],[-111.8765,33.9023],[-111.8729,33.9083],[-111.8716,33.9079],[-111.8682,33.91]]]}},{"type":"Feature","properties":{"huc12":"150701020603","name":"Apache Wash"},"geometry":{"type":"Polygon","coordinates":[[[-111.9891,33.8353],[-111.9897,33.8373],[-111.9921,33.8377],[-111.9904,33.8396],[-111.9926,33.8421],[-111.9923,33.8445],[-111.9956,33.8505],[-111.9941,33.8534],[-112.0011,33.8562],[-112.0004,33.8585],[-112.0025,33.8626],[-112.0013,33.8658],[-111.9937,33.8752],[-111.9941,33.8781],[-112.0098,33.8694],[-112.0139,33.868],[-112.0175,33.8686],[-112.0207,33.8641],[-112.0233,33.8627],[-112.0314,33.8667],[-112.0367,33.8628],[-112.0422,33.8607],[-112.0437,33.8586],[-112.0538,33.8585],[-112.0572,33.8609],[-112.0608,33.8603],[-112.0631,33.8574],[-112.0625,33.8554],[-112.0704,33.8469],[-112.0715,33.8375],[-112.0752,33.8233],[-112.0858,33.8079],[-112.0913,33.8035],[-112.0925,33.8007],[-112.0923,33.7983],[-112.0878,33.7927],[-112.0836,33.7906],[-112.0779,33.7927],[-112.0757,33.7912],[-112.0737,33.7916],[-112.0678,33.7854],[-112.0633,33.7862],[-112.06,33.7827],[-112.0583,33.7827],[-112.0608,33.7773],[-112.0551,33.7736],[-112.0496,33.776],[-112.0457,33.773],[-112.0524,33.7596],[-112.0655,33.7503],[-112.0698,33.7443],[-112.0728,33.7434],[-112.0721,33.7412],[-112.0738,33.7395],[-112.0726,33.7348],[-112.0733,33.733],[-112.0648,33.733],[-112.0658,33.7288],[-112.0622,33.727],[-112.0605,33.7278],[-112.0518,33.7264],[-112.0509,33.7252],[-112.0501,33.7263],[-112.0485,33.726],[-112.0454,33.7314],[-112.0457,33.7341],[-112.0426,33.7372],[-112.0417,33.7438],[-112.037,33.7501],[-112.0358,33.7567],[-112.0219,33.7782],[-112.0204,33.7856],[-112.0172,33.7916],[-112.0001,33.8063],[-111.9871,33.8087],[-111.9846,33.8108],[-111.9827,33.8159],[-111.9853,33.8175],[-111.9908,33.818],[-111.9936,33.8222],[-111.9939,33.8252],[-111.9892,33.8297],[-111.9909,33.8315],[-111.9891,33.8353]]]}},{"type":"Feature","properties":{"huc12":"150701020604","name":"Rock Tank-Cave Creek"},"geometry":{"type":"Polygon","coordinates":[[[-111.8287,33.8421],[-111.8299,33.8464],[-111.8339,33.8503],[-111.8435,33.8417],[-111.8519,33.8369],[-111.8543,33.8309],[-111.8564,33.8291],[-111.8653,33.8263],[-111.8769,33.8248],[-111.8826,33.8225],[-111.8867,33.8192],[-111.9021,33.8156],[-111.9087,33.8165],[-111.9215,33.8238],[-111.9264,33.8246],[-111.9275,33.8259],[-111.927,33.8277],[-111.9327,33.8291],[-111.933,33.8317],[-111.9375,33.8344],[-111.9492,33.8365],[-111.9614,33.8353],[-111.9628,33.837],[-111.9667,33.8379],[-111.9713,33.8348],[-111.9729,33.8379],[-111.9856,33.8345],[-111.9894,33.8353],[-111.9909,33.8315],[-111.9892,33.8297],[-111.9939,33.8252],[-111.9936,33.8222],[-111.9908,33.818],[-111.9853,33.8175],[-111.9827,33.8159],[-111.9846,33.8108],[-111.9871,33.8087],[-112.0001,33.8063],[-112.0172,33.7916],[-112.0204,33.7856],[-112.0219,33.7782],[-112.0358,33.7567],[-112.037,33.7501],[-112.0417,33.7438],[-112.0426,33.7372],[-112.0457,33.7341],[-112.0454,33.7314],[-112.0485,33.726],[-112.0422,33.7249],[-112.0423,33.7235],[-112.0402,33.722],[-112.0402,33.7193],[-112.0361,33.7169],[-112.0274,33.7214],[-111.9971,33.7215],[-111.9787,33.7314],[-111.966,33.7405],[-111.948,33.7469],[-111.9146,33.7647],[-111.9122,33.7677],[-111.8967,33.7758],[-111.8895,33.7775],[-111.8863,33.7803],[-111.8833,33.7868],[-111.881,33.789],[-111.8706,33.7926],[-111.847,33.8058],[-111.8304,33.8266],[-111.828,33.8332],[-111.8287,33.8421]]]}},{"type":"Feature","properties":{"huc12":"150701020605","name":"Lookout Mountain-Cave Creek"},"geometry":{"type":"Polygon","coordinates":[[[-112.0485,33.726],[-112.0501,33.7263],[-112.0509,33.7252],[-112.0518,33.7264],[-112.0605,33.7278],[-112.0638,33.725],[-112.0632,33.723],[-112.0601,33.7217],[-112.0591,33.7125],[-112.056,33.7121],[-112.0551,33.7092],[-112.0555,33.7],[-112.0603,33.6977],[-112.0575,33.6938],[-112.0553,33.6932],[-112.0576,33.6895],[-112.0617,33.6857],[-112.0658,33.6853],[-112.0677,33.6831],[-112.0717,33.678],[-112.0746,33.6679],[-112.0912,33.6496],[-112.0916,33.6474],[-112.0996,33.6425],[-112.0997,33.64],[-112.1119,33.6399],[-112.1154,33.6374],[-112.1169,33.5748],[-112.1093,33.5733],[-112.1051,33.5753],[-112.1036,33.5809],[-112.0997,33.5874],[-112.0996,33.5909],[-112.0794,33.5957],[-112.076,33.5941],[-112.0716,33.5887],[-112.0712,33.5863],[-112.0696,33.5865],[-112.0679,33.5875],[-112.0675,33.5911],[-112.0658,33.5911],[-112.0656,33.5925],[-112.0606,33.5911],[-112.059,33.5946],[-112.0526,33.5945],[-112.0496,33.5973],[-112.0465,33.5978],[-112.0431,33.6009],[-112.0439,33.6058],[-112.0323,33.6091],[-112.0297,33.6081],[-112.028,33.6096],[-112.0284,33.6126],[-112.0262,33.6146],[-112.0261,33.6246],[-112.0218,33.6326],[-112.0156,33.6372],[-112.004,33.6497],[-112.0011,33.6559],[-111.9979,33.6636],[-112.0057,33.6678],[-112.0124,33.6763],[-112.029,33.6804],[-112.0304,33.6831],[-112.0308,33.6894],[-112.0259,33.7048],[-112.0159,33.7145],[-111.9971,33.7215],[-112.0274,33.7214],[-112.0361,33.7169],[-112.0402,33.7193],[-112.0402,33.722],[-112.0423,33.7235],[-112.0422,33.7249],[-112.0485,33.726]]]}},{"type":"Feature","properties":{"huc12":"150701020606","name":"Upper Arizona Canal Diversion Channel"},"geometry":{"type":"Polygon","coordinates":[[[-112.0461,33.5979],[-112.0496,33.5973],[-112.0526,33.5945],[-112.059,33.5946],[-112.0606,33.5911],[-112.0656,33.5925],[-112.0658,33.5911],[-112.0675,33.5911],[-112.0679,33.5875],[-112.0696,33.5865],[-112.0712,33.5863],[-112.0716,33.5887],[-112.076,33.5941],[-112.0794,33.5957],[-112.0996,33.5909],[-112.0997,33.5874],[-112.1036,33.5809],[-112.1044,33.5764],[-112.1076,33.5733],[-112.0798,33.5675],[-112.0727,33.5604],[-112.0625,33.5564],[-112.0618,33.5517],[-112.0574,33.5461],[-112.0496,33.543],[-112.0332,33.5263],[-112.0305,33.5257],[-112.0292,33.5239],[-112.0191,33.5222],[-112.014,33.5189],[-112.0016,33.5144],[-111.9932,33.5091],[-111.989,33.5114],[-111.9865,33.5149],[-111.981,33.5163],[-111.9804,33.5186],[-111.9742,33.5165],[-111.97,33.5183],[-111.9631,33.5147],[-111.9592,33.5148],[-111.9576,33.5297],[-111.9584,33.5417],[-111.9614,33.5431],[-111.965,33.5427],[-111.9698,33.5451],[-111.9732,33.5417],[-111.9804,33.544],[-111.9821,33.5451],[-111.9824,33.5483],[-111.9873,33.55],[-111.9903,33.5535],[-111.9946,33.5519],[-111.9967,33.5474],[-112.004,33.5427],[-112.009,33.543],[-112.0084,33.5443],[-112.0145,33.5485],[-112.0175,33.549],[-112.021,33.5473],[-112.0199,33.5517],[-112.0141,33.557],[-112.0134,33.5608],[-112.0112,33.5627],[-112.0145,33.564],[-112.0178,33.5728],[-112.025,33.5736],[-112.0355,33.5783],[-112.0379,33.5775],[-112.0423,33.5806],[-112.0409,33.585],[-112.0389,33.5859],[-112.0394,33.5881],[-112.0369,33.5896],[-112.0353,33.5939],[-112.0389,33.5973],[-112.041,33.5964],[-112.0423,33.5979],[-112.0445,33.5971],[-112.0461,33.5979]]]}},{"type":"Feature","properties":{"huc12":"150701010308","name":"Lower Sand Tank Wash"},"geometry":{"type":"Polygon","coordinates":[[[-112.7201,32.9947],[-112.7465,32.9966],[-112.7536,32.9959],[-112.7572,32.9936],[-112.7555,32.992],[-112.7478,32.9927],[-112.7426,32.99],[-112.7336,32.9886],[-112.7291,32.9855],[-112.7176,32.9667],[-112.7178,32.9498],[-112.7151,32.9423],[-112.7083,32.931],[-112.706,32.9205],[-112.7023,32.9112],[-112.7037,32.9199],[-112.7034,32.9211],[-112.7013,32.9213],[-112.6971,32.9174],[-112.6892,32.9142],[-112.6771,32.9046],[-112.6651,32.9021],[-112.6593,32.9029],[-112.6493,32.9001],[-112.6433,32.8999],[-112.6341,32.8974],[-112.631,32.8952],[-112.6205,32.8953],[-112.6044,32.8927],[-112.5928,32.8929],[-112.5724,32.9],[-112.5722,32.9029],[-112.5852,32.9051],[-112.5966,32.9024],[-112.6089,32.9047],[-112.6274,32.915],[-112.6423,32.9277],[-112.6499,32.9312],[-112.658,32.9374],[-112.6703,32.9432],[-112.6815,32.9518],[-112.6897,32.9552],[-112.6938,32.9587],[-112.7003,32.9674],[-112.7008,32.9722],[-112.7032,32.9765],[-112.7168,32.9864],[-112.7201,32.9947]]]}},{"type":"Feature","properties":{"huc12":"150701010401","name":"Rainbow Wash"},"geometry":{"type":"Polygon","coordinates":[[[-112.5454,33.2654],[-112.5496,33.2753],[-112.548,33.2832],[-112.5548,33.2889],[-112.5567,33.2774],[-112.556,33.2756],[-112.5601,33.2712],[-112.5749,33.2651],[-112.5827,33.2655],[-112.5871,33.2671],[-112.5875,33.2706],[-112.5926,33.2723],[-112.5981,33.2687],[-112.6056,33.2695],[-112.6128,33.267],[-112.6185,33.2672],[-112.6221,33.2638],[-112.629,33.2683],[-112.6343,33.2663],[-112.6398,33.2677],[-112.6413,33.2659],[-112.6446,33.2664],[-112.6485,33.2642],[-112.6552,33.2634],[-112.6609,33.2657],[-112.6721,33.2632],[-112.6739,33.2661],[-112.6844,33.2683],[-112.6869,33.2706],[-112.6918,33.2694],[-112.6928,33.2676],[-112.6984,33.2664],[-112.6994,33.2607],[-112.6973,33.2541],[-112.6944,33.2517],[-112.69,33.2527],[-112.6853,33.2474],[-112.6835,33.2432],[-112.6839,33.2372],[-112.6867,33.2291],[-112.6857,33.2092],[-112.6867,33.2067],[-112.7033,33.1967],[-112.7039,33.1931],[-112.7133,33.1858],[-112.7155,33.1824],[-112.7151,33.1807],[-112.7111,33.1786],[-112.7016,33.1862],[-112.6933,33.1906],[-112.6875,33.1985],[-112.6765,33.2032],[-112.6706,33.2004],[-112.6581,33.2012],[-112.652,33.2004],[-112.6513,33.1992],[-112.6484,33.1998],[-112.6465,33.1975],[-112.6451,33.1982],[-112.6441,33.1938],[-112.6421,33.1955],[-112.6385,33.1947],[-112.6316,33.1959],[-112.615,33.1929],[-112.6058,33.1836],[-112.6025,33.1766],[-112.6032,33.1717],[-112.6023,33.1687],[-112.5969,33.1651],[-112.59,33.1663],[-112.5905,33.1685],[-112.5872,33.1691],[-112.587,33.1712],[-112.5814,33.1749],[-112.5796,33.1777],[-112.5756,33.178],[-112.5693,33.1813],[-112.5614,33.1816],[-112.5615,33.1787],[-112.5593,33.1761],[-112.5519,33.172],[-112.5504,33.1756],[-112.5461,33.178],[-112.5424,33.1822],[-112.5506,33.1904],[-112.5498,33.2018],[-112.5469,33.2065],[-112.5465,33.2095],[-112.5439,33.2083],[-112.5382,33.2115],[-112.5354,33.221],[-112.5352,33.2389],[-112.5414,33.2597],[-112.5454,33.2654]]]}},{"type":"Feature","properties":{"huc12":"150701010402","name":"Moody Spring-Gila River"},"geometry":{"type":"Polygon","coordinates":[[[-112.6984,33.2664],[-112.6997,33.2685],[-112.7046,33.2677],[-112.7061,33.2652],[-112.7134,33.262],[-112.7155,33.2556],[-112.7234,33.2551],[-112.7245,33.2521],[-112.7306,33.2464],[-112.7309,33.2445],[-112.7331,33.2432],[-112.7396,33.2433],[-112.7444,33.2395],[-112.7534,33.2376],[-112.7557,33.2349],[-112.7609,33.235],[-112.7648,33.2297],[-112.7748,33.2285],[-112.7792,33.2338],[-112.79,33.235],[-112.7965,33.2313],[-112.7997,33.2235],[-112.7996,33.2155],[-112.8016,33.2135],[-112.8002,33.2116],[-112.8186,33.2076],[-112.8268,33.207],[-112.8325,33.2029],[-112.8402,33.1914],[-112.8435,33.1905],[-112.8449,33.192],[-112.8469,33.1913],[-112.8464,33.1883],[-112.8444,33.1862],[-112.852,33.1722],[-112.8514,33.1685],[-112.8531,33.1673],[-112.8489,33.1623],[-112.8497,33.1596],[-112.8476,33.1597],[-112.8432,33.1657],[-112.836,33.1667],[-112.8261,33.1584],[-112.8253,33.1554],[-112.8278,33.1519],[-112.8247,33.1466],[-112.8146,33.147],[-112.8076,33.1506],[-112.8033,33.1473],[-112.7996,33.1489],[-112.7872,33.1493],[-112.7858,33.1484],[-112.7831,33.1508],[-112.7779,33.1517],[-112.7748,33.1544],[-112.7707,33.1545],[-112.7703,33.1567],[-112.7674,33.158],[-112.769,33.1611],[-112.7672,33.165],[-112.7624,33.1684],[-112.7573,33.1692],[-112.7505,33.1726],[-112.7488,33.1696],[-112.7459,33.1688],[-112.7425,33.1704],[-112.7421,33.1731],[-112.739,33.1747],[-112.7324,33.1739],[-112.7231,33.1765],[-112.7039,33.1931],[-112.7033,33.1967],[-112.686,33.208],[-112.6867,33.2291],[-112.6839,33.2372],[-112.6835,33.2432],[-112.6853,33.2474],[-112.69,33.2527],[-112.6944,33.2517],[-112.6973,33.2541],[-112.6994,33.2607],[-112.6984,33.2664]]]}},{"type":"Feature","properties":{"huc12":"150701010404","name":"Hedges Well-Gila River"},"geometry":{"type":"Polygon","coordinates":[[[-112.5954,33.1649],[-112.6023,33.1687],[-112.6032,33.1717],[-112.6025,33.1766],[-112.6043,33.1811],[-112.6122,33.1909],[-112.6159,33.1934],[-112.6316,33.1959],[-112.6385,33.1947],[-112.6421,33.1955],[-112.6441,33.1938],[-112.6451,33.1982],[-112.6465,33.1975],[-112.6486,33.1999],[-112.6513,33.1992],[-112.652,33.2004],[-112.6581,33.2012],[-112.6706,33.2004],[-112.6744,33.2029],[-112.6784,33.2029],[-112.6875,33.1985],[-112.6933,33.1906],[-112.7016,33.1862],[-112.7111,33.1786],[-112.7145,33.1801],[-112.7156,33.1822],[-112.7263,33.1748],[-112.7345,33.1737],[-112.739,33.1747],[-112.7421,33.1731],[-112.7425,33.1704],[-112.7459,33.1688],[-112.7488,33.1696],[-112.7502,33.1725],[-112.7524,33.1723],[-112.7573,33.1692],[-112.7624,33.1684],[-112.7672,33.165],[-112.769,33.1611],[-112.7674,33.158],[-112.7703,33.1567],[-112.7707,33.1545],[-112.7748,33.1544],[-112.7779,33.1517],[-112.7831,33.1508],[-112.7858,33.1487],[-112.7842,33.1431],[-112.7865,33.1384],[-112.7811,33.1339],[-112.7843,33.1287],[-112.784,33.124],[-112.7827,33.1217],[-112.7773,33.1216],[-112.7685,33.117],[-112.7683,33.1144],[-112.7715,33.1081],[-112.7683,33.1068],[-112.7673,33.1024],[-112.7639,33.1005],[-112.7605,33.0947],[-112.7606,33.0906],[-112.7592,33.0898],[-112.7499,33.0882],[-112.7426,33.0889],[-112.7398,33.0918],[-112.739,33.0947],[-112.7355,33.0953],[-112.734,33.0949],[-112.7333,33.0886],[-112.7294,33.0878],[-112.7295,33.0853],[-112.7265,33.0828],[-112.7137,33.0924],[-112.7023,33.0895],[-112.6898,33.0905],[-112.6886,33.0908],[-112.6897,33.0957],[-112.6858,33.1014],[-112.6673,33.1017],[-112.6662,33.1027],[-112.6651,33.1076],[-112.6682,33.1221],[-112.6423,33.1318],[-112.6378,33.1319],[-112.6331,33.1342],[-112.6251,33.1351],[-112.6142,33.1384],[-112.6119,33.1415],[-112.6143,33.1435],[-112.6145,33.1464],[-112.6075,33.1476],[-112.6065,33.1487],[-112.606,33.1591],[-112.597,33.1601],[-112.5954,33.1649]]]}},{"type":"Feature","properties":{"huc12":"150701010403","name":"Hazen Tank"},"geometry":{"type":"Polygon","coordinates":[[[-112.5612,33.1811],[-112.563,33.1822],[-112.5654,33.181],[-112.5693,33.1813],[-112.5756,33.178],[-112.5781,33.1784],[-112.587,33.1712],[-112.5872,33.1691],[-112.5905,33.1685],[-112.59,33.1663],[-112.5954,33.1649],[-112.597,33.1601],[-112.606,33.1591],[-112.6065,33.1487],[-112.6075,33.1476],[-112.6145,33.1464],[-112.6143,33.1435],[-112.6119,33.1415],[-112.6142,33.1384],[-112.6251,33.1351],[-112.6331,33.1342],[-112.6378,33.1319],[-112.6423,33.1318],[-112.668,33.1222],[-112.6651,33.1076],[-112.6662,33.1027],[-112.6673,33.1017],[-112.6858,33.1014],[-112.6899,33.095],[-112.6872,33.0885],[-112.6859,33.0872],[-112.6824,33.0871],[-112.6651,33.0872],[-112.6608,33.0882],[-112.6561,33.0801],[-112.6483,33.0873],[-112.6473,33.0902],[-112.6429,33.0952],[-112.639,33.0978],[-112.6313,33.0996],[-112.6307,33.1008],[-112.6225,33.1011],[-112.6127,33.1065],[-112.6053,33.1052],[-112.6018,33.1015],[-112.5982,33.1009],[-112.5971,33.0991],[-112.5983,33.0978],[-112.5931,33.0927],[-112.5807,33.0893],[-112.5767,33.0867],[-112.5738,33.0872],[-112.5722,33.083],[-112.5663,33.08],[-112.5638,33.0813],[-112.5637,33.0827],[-112.5599,33.0841],[-112.5538,33.0838],[-112.5459,33.091],[-112.5406,33.0913],[-112.5394,33.0897],[-112.5369,33.0894],[-112.5314,33.0832],[-112.525,33.0861],[-112.5201,33.0902],[-112.5143,33.0908],[-112.511,33.088],[-112.5024,33.0863],[-112.4978,33.0904],[-112.494,33.0916],[-112.4927,33.0905],[-112.4901,33.0917],[-112.4887,33.0932],[-112.4934,33.0948],[-112.4938,33.0982],[-112.4925,33.1004],[-112.4951,33.1039],[-112.4978,33.1052],[-112.5096,33.1016],[-112.51,33.1063],[-112.5132,33.1102],[-112.5094,33.1365],[-112.5117,33.1474],[-112.5102,33.1518],[-112.5116,33.1544],[-112.5112,33.1571],[-112.5173,33.1564],[-112.5189,33.1586],[-112.5188,33.1612],[-112.5256,33.163],[-112.5312,33.1691],[-112.5357,33.1686],[-112.5405,33.1757],[-112.5453,33.1791],[-112.5504,33.1756],[-112.5519,33.172],[-112.5593,33.1761],[-112.5615,33.1787],[-112.5612,33.1811]]]}},{"type":"Feature","properties":{"huc12":"150701010405","name":"Maricopa Mountains"},"geometry":{"type":"Polygon","coordinates":[[[-112.5084,33.0871],[-112.5143,33.0908],[-112.5201,33.0902],[-112.525,33.0861],[-112.5314,33.0832],[-112.5369,33.0894],[-112.5394,33.0897],[-112.5406,33.0913],[-112.5455,33.0911],[-112.5483,33.0899],[-112.5538,33.0838],[-112.5599,33.0841],[-112.5637,33.0827],[-112.5638,33.0813],[-112.5663,33.08],[-112.5722,33.083],[-112.5738,33.0872],[-112.5767,33.0867],[-112.5807,33.0893],[-112.5931,33.0927],[-112.5983,33.0978],[-112.5971,33.0991],[-112.5982,33.1009],[-112.6018,33.1015],[-112.6053,33.1052],[-112.6127,33.1065],[-112.6225,33.1011],[-112.6307,33.1008],[-112.6313,33.0996],[-112.6374,33.0986],[-112.6425,33.0956],[-112.6473,33.0902],[-112.6483,33.0873],[-112.6561,33.0803],[-112.6522,33.0776],[-112.6504,33.0731],[-112.6635,33.0719],[-112.6744,33.0634],[-112.6837,33.0624],[-112.6839,33.05],[-112.6779,33.0412],[-112.6558,33.0264],[-112.6312,33.0262],[-112.6186,33.023],[-112.5961,33.0252],[-112.5874,33.0303],[-112.5814,33.0315],[-112.578,33.0335],[-112.5776,33.0352],[-112.5635,33.0402],[-112.5604,33.0428],[-112.5555,33.0437],[-112.5433,33.0496],[-112.5365,33.0503],[-112.5239,33.0556],[-112.5192,33.0533],[-112.5135,33.0539],[-112.5135,33.0511],[-112.5101,33.048],[-112.5031,33.0461],[-112.4997,33.0466],[-112.4961,33.0531],[-112.4966,33.055],[-112.4921,33.059],[-112.4926,33.0655],[-112.4907,33.067],[-112.4916,33.0689],[-112.4946,33.0701],[-112.4988,33.0776],[-112.4977,33.0798],[-112.4995,33.0826],[-112.5041,33.0832],[-112.5084,33.0871]]]}},{"type":"Feature","properties":{"huc12":"150701010406","name":"Gap Tank"},"geometry":{"type":"Polygon","coordinates":[[[-112.4089,32.9555],[-112.4114,32.9746],[-112.4157,32.9856],[-112.418,32.9962],[-112.4261,33.0044],[-112.4328,33.0072],[-112.4392,33.0119],[-112.4503,33.0136],[-112.4513,33.0118],[-112.4549,33.0113],[-112.4568,33.0092],[-112.4644,33.0126],[-112.4627,33.0162],[-112.4646,33.019],[-112.4649,33.0226],[-112.4701,33.0281],[-112.4713,33.0312],[-112.4767,33.0325],[-112.4783,33.0344],[-112.4746,33.0371],[-112.4689,33.036],[-112.4652,33.04],[-112.4627,33.0407],[-112.4629,33.042],[-112.4668,33.0437],[-112.4712,33.0502],[-112.4744,33.0512],[-112.4748,33.0555],[-112.4772,33.0577],[-112.4799,33.0558],[-112.4838,33.0583],[-112.4889,33.0576],[-112.4921,33.059],[-112.4966,33.055],[-112.4961,33.0531],[-112.4987,33.0477],[-112.5021,33.0461],[-112.5125,33.0495],[-112.5139,33.054],[-112.5192,33.0533],[-112.5239,33.0556],[-112.5365,33.0503],[-112.5433,33.0496],[-112.5555,33.0437],[-112.5604,33.0428],[-112.5635,33.0402],[-112.5776,33.0352],[-112.578,33.0335],[-112.5814,33.0315],[-112.5874,33.0303],[-112.5961,33.0252],[-112.6186,33.023],[-112.6312,33.0262],[-112.6819,33.0276],[-112.6848,33.0263],[-112.6863,33.0181],[-112.6848,33.0162],[-112.6596,33.0136],[-112.628,32.9982],[-112.6199,32.9966],[-112.6089,32.9917],[-112.5984,32.9905],[-112.5853,32.9961],[-112.5653,32.999],[-112.5589,33.0023],[-112.5383,33.0031],[-112.5354,33.0019],[-112.5353,32.9995],[-112.5305,32.9964],[-112.5126,32.9966],[-112.5117,32.9937],[-112.5017,32.9928],[-112.4999,32.9906],[-112.4982,32.9904],[-112.4969,32.9879],[-112.4954,32.9891],[-112.4898,32.9866],[-112.487,32.9802],[-112.4847,32.9783],[-112.4786,32.977],[-112.4737,32.9716],[-112.4589,32.9661],[-112.4526,32.9654],[-112.4446,32.9595],[-112.44,32.9604],[-112.436,32.9578],[-112.429,32.959],[-112.4233,32.9547],[-112.4189,32.9541],[-112.4122,32.9538],[-112.4089,32.9555]]]}},{"type":"Feature","properties":{"huc12":"150701010407","name":"Bosque Well"},"geometry":{"type":"Polygon","coordinates":[[[-112.4089,32.9555],[-112.4122,32.9538],[-112.4189,32.9541],[-112.4233,32.9547],[-112.429,32.959],[-112.436,32.9578],[-112.44,32.9604],[-112.4446,32.9595],[-112.4526,32.9654],[-112.4589,32.9661],[-112.4737,32.9716],[-112.4786,32.977],[-112.4847,32.9783],[-112.487,32.9802],[-112.4898,32.9866],[-112.4954,32.9891],[-112.4969,32.9879],[-112.4982,32.9904],[-112.4999,32.9906],[-112.5017,32.9928],[-112.5117,32.9937],[-112.5126,32.9966],[-112.5305,32.9964],[-112.5353,32.9995],[-112.5354,33.0019],[-112.5383,33.0031],[-112.5589,33.0023],[-112.5653,32.999],[-112.5853,32.9961],[-112.5992,32.9906],[-112.6089,32.9917],[-112.6199,32.9966],[-112.628,32.9982],[-112.6596,33.0136],[-112.6769,33.0147],[-112.6848,33.0162],[-112.6862,33.0176],[-112.6893,33.015],[-112.6896,33.0012],[-112.6849,32.9972],[-112.6802,32.9959],[-112.6722,32.9908],[-112.6727,32.9834],[-112.6614,32.9778],[-112.6555,32.9718],[-112.6448,32.9683],[-112.6344,32.9683],[-112.6264,32.9642],[-112.6151,32.9629],[-112.6133,32.9605],[-112.5973,32.9527],[-112.5913,32.9488],[-112.5903,32.9455],[-112.5843,32.9421],[-112.5814,32.9365],[-112.5843,32.9325],[-112.5771,32.9274],[-112.5775,32.9247],[-112.5696,32.9167],[-112.5563,32.9106],[-112.5307,32.9059],[-112.4988,32.8955],[-112.4927,32.8924],[-112.4689,32.8853],[-112.4511,32.8777],[-112.4404,32.8707],[-112.4311,32.8726],[-112.4206,32.8781],[-112.4201,32.8809],[-112.421,32.8829],[-112.4229,32.8836],[-112.4206,32.8869],[-112.422,32.8888],[-112.4206,32.8903],[-112.4208,32.8944],[-112.4175,32.8944],[-112.4116,32.8986],[-112.4145,32.9068],[-112.4118,32.9094],[-112.4047,32.9081],[-112.3989,32.9036],[-112.3947,32.9029],[-112.3907,32.904],[-112.388,32.9066],[-112.3899,32.9098],[-112.3883,32.9113],[-112.388,32.9154],[-112.3894,32.9194],[-112.3841,32.926],[-112.3862,32.9279],[-112.3906,32.9282],[-112.3948,32.9329],[-112.3918,32.935],[-112.3907,32.9377],[-112.3916,32.9466],[-112.3971,32.953],[-112.4022,32.9545],[-112.4054,32.9539],[-112.4089,32.9555]]]}},{"type":"Feature","properties":{"huc12":"150701010503","name":"Lower Quilotosa Wash"},"geometry":{"type":"Polygon","coordinates":[[[-112.7023,32.9112],[-112.706,32.9205],[-112.7083,32.931],[-112.7151,32.9423],[-112.7178,32.9498],[-112.7176,32.9667],[-112.7291,32.9855],[-112.7315,32.9879],[-112.7426,32.99],[-112.7478,32.9927],[-112.7578,32.9924],[-112.7595,32.9869],[-112.7591,32.97],[-112.7619,32.9677],[-112.762,32.9648],[-112.768,32.9612],[-112.7728,32.9521],[-112.7725,32.9481],[-112.7703,32.9404],[-112.7666,32.9364],[-112.7662,32.9311],[-112.7584,32.9305],[-112.7562,32.9241],[-112.7538,32.9214],[-112.7542,32.9122],[-112.7524,32.9032],[-112.7447,32.8901],[-112.739,32.87],[-112.728,32.8545],[-112.7227,32.8435],[-112.7226,32.8387],[-112.7191,32.8308],[-112.7101,32.814],[-112.7064,32.8113],[-112.7062,32.8068],[-112.7017,32.7975],[-112.6997,32.7958],[-112.6977,32.7898],[-112.6917,32.7829],[-112.6892,32.7752],[-112.6841,32.7718],[-112.6813,32.7675],[-112.6798,32.7591],[-112.676,32.753],[-112.6715,32.7487],[-112.6648,32.733],[-112.6506,32.7172],[-112.6388,32.7097],[-112.633,32.7042],[-112.614,32.7],[-112.6069,32.6963],[-112.6069,32.7018],[-112.6043,32.7038],[-112.6164,32.7089],[-112.6259,32.7203],[-112.6371,32.7271],[-112.6611,32.762],[-112.6712,32.7698],[-112.6703,32.7821],[-112.6739,32.7874],[-112.6781,32.8009],[-112.6834,32.8104],[-112.6848,32.8172],[-112.6881,32.8222],[-112.6885,32.8274],[-112.6946,32.8361],[-112.6934,32.8402],[-112.694,32.8549],[-112.6928,32.8589],[-112.6989,32.8921],[-112.6988,32.8984],[-112.7005,32.9004],[-112.7023,32.9112]]]}},{"type":"Feature","properties":{"huc12":"150701010409","name":"Red Rock Canyon-Gila River"},"geometry":{"type":"Polygon","coordinates":[[[-112.6886,33.0908],[-112.6998,33.0894],[-112.7094,33.0905],[-112.7129,33.0924],[-112.7152,33.0919],[-112.7265,33.0828],[-112.7287,33.0841],[-112.7338,33.0807],[-112.7347,33.0781],[-112.7394,33.0772],[-112.7396,33.0754],[-112.7351,33.0736],[-112.7343,33.0704],[-112.7301,33.0666],[-112.735,33.0621],[-112.7383,33.06],[-112.7465,33.0591],[-112.7528,33.0622],[-112.7572,33.0593],[-112.7613,33.051],[-112.7659,33.0465],[-112.7635,33.0423],[-112.766,33.0406],[-112.7576,33.0353],[-112.7545,33.0268],[-112.7518,33.0256],[-112.7519,33.0238],[-112.7551,33.0205],[-112.7552,33.0157],[-112.7604,33.0114],[-112.7604,33.0074],[-112.7568,33.0021],[-112.7571,32.9944],[-112.7528,32.9961],[-112.7465,32.9966],[-112.7201,32.9947],[-112.7183,32.996],[-112.7117,32.9963],[-112.7029,33.0003],[-112.6884,33.0001],[-112.6896,33.0012],[-112.6896,33.0127],[-112.6888,33.0158],[-112.6862,33.0176],[-112.6845,33.0269],[-112.6558,33.0264],[-112.6779,33.0412],[-112.6839,33.05],[-112.6831,33.0515],[-112.684,33.0621],[-112.6744,33.0634],[-112.6635,33.0719],[-112.6504,33.0731],[-112.6518,33.077],[-112.6572,33.0809],[-112.6608,33.0882],[-112.6651,33.0872],[-112.6859,33.0872],[-112.6886,33.0908]]]}},{"type":"Feature","properties":{"huc12":"150701010604","name":"Lower Sauceda Wash"},"geometry":{"type":"Polygon","coordinates":[[[-112.7728,32.9521],[-112.7752,32.9541],[-112.7774,32.9598],[-112.7762,32.9644],[-112.7779,32.9654],[-112.7784,32.9746],[-112.777,32.9748],[-112.7767,32.9835],[-112.7751,32.9877],[-112.7768,32.9883],[-112.7788,32.9872],[-112.783,32.9778],[-112.784,32.9696],[-112.7902,32.9617],[-112.7907,32.959],[-112.7877,32.9526],[-112.786,32.9426],[-112.7893,32.9379],[-112.7871,32.9282],[-112.7937,32.9254],[-112.794,32.9239],[-112.7915,32.9076],[-112.787,32.9049],[-112.7825,32.8959],[-112.7753,32.8878],[-112.7693,32.8733],[-112.7633,32.8425],[-112.7562,32.8208],[-112.749,32.8101],[-112.741,32.7887],[-112.7349,32.7799],[-112.7306,32.7695],[-112.7179,32.7556],[-112.7096,32.7523],[-112.7079,32.7471],[-112.6865,32.7291],[-112.6827,32.7229],[-112.6758,32.718],[-112.6826,32.727],[-112.6867,32.7408],[-112.6906,32.7436],[-112.6931,32.7515],[-112.6931,32.7535],[-112.6921,32.753],[-112.6844,32.7454],[-112.6811,32.7376],[-112.6775,32.7341],[-112.6756,32.7299],[-112.667,32.7233],[-112.6612,32.717],[-112.6436,32.7044],[-112.6377,32.6925],[-112.6274,32.684],[-112.6234,32.6756],[-112.6167,32.6693],[-112.6177,32.6805],[-112.6176,32.6871],[-112.6167,32.6878],[-112.6011,32.6842],[-112.5958,32.6811],[-112.5836,32.6827],[-112.5748,32.6777],[-112.5604,32.6751],[-112.5507,32.671],[-112.5589,32.6772],[-112.5712,32.6806],[-112.6023,32.6936],[-112.6125,32.6995],[-112.6317,32.7035],[-112.6388,32.7097],[-112.6506,32.7172],[-112.6648,32.733],[-112.6715,32.7487],[-112.676,32.753],[-112.6798,32.7591],[-112.6813,32.7675],[-112.6841,32.7718],[-112.6892,32.7752],[-112.6917,32.7829],[-112.6977,32.7898],[-112.6997,32.7958],[-112.7017,32.7975],[-112.7062,32.8068],[-112.7064,32.8113],[-112.7101,32.814],[-112.7191,32.8308],[-112.7226,32.8387],[-112.7226,32.8432],[-112.728,32.8545],[-112.739,32.87],[-112.7447,32.8901],[-112.7524,32.9032],[-112.7542,32.9122],[-112.7538,32.9214],[-112.7562,32.9241],[-112.7584,32.9305],[-112.7662,32.9311],[-112.7666,32.9364],[-112.7705,32.9409],[-112.7728,32.9521]]]}},{"type":"Feature","properties":{"huc12":"150701010702","name":"150701010702"},"geometry":{"type":"Polygon","coordinates":[[[-112.7807,32.9828],[-112.7823,32.9845],[-112.7835,32.9904],[-112.7875,32.9928],[-112.7923,32.9982],[-112.7942,32.9982],[-112.7951,32.9957],[-112.799,32.9933],[-112.7957,32.9902],[-112.7963,32.989],[-112.8038,32.9825],[-112.8065,32.9757],[-112.804,32.9625],[-112.8056,32.9595],[-112.8044,32.9556],[-112.8059,32.9533],[-112.8082,32.9383],[-112.8047,32.9284],[-112.8034,32.9273],[-112.8014,32.928],[-112.8005,32.9267],[-112.803,32.9107],[-112.8,32.8991],[-112.8012,32.8876],[-112.7983,32.8787],[-112.791,32.8694],[-112.7813,32.8513],[-112.7669,32.835],[-112.7621,32.8278],[-112.757,32.8239],[-112.7633,32.8425],[-112.7697,32.8745],[-112.7764,32.8899],[-112.7825,32.8959],[-112.787,32.9049],[-112.7914,32.9073],[-112.7941,32.9202],[-112.7937,32.9254],[-112.7871,32.9282],[-112.7893,32.9379],[-112.7862,32.942],[-112.7863,32.9468],[-112.7907,32.959],[-112.7902,32.9617],[-112.784,32.9696],[-112.7836,32.9756],[-112.7807,32.9828]]]}},{"type":"Feature","properties":{"huc12":"150701010703","name":"Blindman Butte"},"geometry":{"type":"Polygon","coordinates":[[[-112.7942,32.9982],[-112.7976,33],[-112.8017,32.999],[-112.8033,32.9918],[-112.8021,32.9901],[-112.8039,32.9864],[-112.8137,32.9751],[-112.8157,32.9747],[-112.8187,32.9677],[-112.8256,32.9597],[-112.8255,32.956],[-112.8286,32.9515],[-112.8397,32.9474],[-112.8448,32.9411],[-112.8448,32.9388],[-112.837,32.9324],[-112.8358,32.9287],[-112.8407,32.9279],[-112.8433,32.9195],[-112.8416,32.9022],[-112.8449,32.8917],[-112.8391,32.8805],[-112.8332,32.8627],[-112.8304,32.8597],[-112.8315,32.858],[-112.8299,32.835],[-112.8251,32.8163],[-112.828,32.8075],[-112.8342,32.8038],[-112.8418,32.8058],[-112.8432,32.8026],[-112.848,32.7988],[-112.8484,32.7971],[-112.8444,32.7925],[-112.8391,32.791],[-112.8359,32.7867],[-112.8311,32.7866],[-112.8259,32.7836],[-112.8272,32.7799],[-112.8227,32.7723],[-112.8211,32.7667],[-112.8092,32.7575],[-112.8054,32.7487],[-112.8029,32.7457],[-112.7997,32.7444],[-112.7967,32.7383],[-112.7852,32.7361],[-112.7769,32.7425],[-112.774,32.7427],[-112.7671,32.7395],[-112.7617,32.735],[-112.7575,32.7345],[-112.7512,32.7265],[-112.7439,32.722],[-112.74,32.7174],[-112.7429,32.7059],[-112.7398,32.6944],[-112.7399,32.6879],[-112.7375,32.684],[-112.739,32.6806],[-112.7382,32.677],[-112.7404,32.6721],[-112.7479,32.6723],[-112.7501,32.6675],[-112.746,32.664],[-112.7441,32.6639],[-112.7392,32.6595],[-112.7323,32.6603],[-112.731,32.6587],[-112.731,32.6554],[-112.7292,32.6537],[-112.7177,32.651],[-112.7128,32.6455],[-112.7082,32.6425],[-112.7039,32.6415],[-112.6991,32.6423],[-112.6992,32.6441],[-112.6954,32.6456],[-112.6962,32.6535],[-112.6913,32.6579],[-112.687,32.6575],[-112.6835,32.6607],[-112.6786,32.6584],[-112.6778,32.6566],[-112.6757,32.6575],[-112.6739,32.6604],[-112.67,32.6613],[-112.6679,32.6586],[-112.6599,32.6555],[-112.654,32.6505],[-112.6514,32.652],[-112.6472,32.6486],[-112.6441,32.6487],[-112.6429,32.651],[-112.6406,32.6518],[-112.641,32.6543],[-112.646,32.6669],[-112.6498,32.6724],[-112.6565,32.6992],[-112.6654,32.7065],[-112.6678,32.7068],[-112.6717,32.715],[-112.6827,32.7229],[-112.6908,32.7238],[-112.7018,32.7295],[-112.7101,32.7368],[-112.7164,32.7381],[-112.7221,32.7431],[-112.7314,32.7455],[-112.7335,32.7514],[-112.7513,32.7691],[-112.7543,32.775],[-112.7579,32.7784],[-112.7591,32.7829],[-112.764,32.7885],[-112.7666,32.7941],[-112.7698,32.7967],[-112.7745,32.8073],[-112.7765,32.8176],[-112.7869,32.8373],[-112.7938,32.8459],[-112.8006,32.8597],[-112.8006,32.8671],[-112.8032,32.8751],[-112.8074,32.8798],[-112.8138,32.8963],[-112.8117,32.9069],[-112.8115,32.9172],[-112.816,32.9262],[-112.8158,32.9401],[-112.8169,32.944],[-112.8148,32.9483],[-112.8121,32.9456],[-112.8064,32.9463],[-112.8059,32.9533],[-112.8044,32.9556],[-112.8056,32.9595],[-112.804,32.9625],[-112.8065,32.9757],[-112.8038,32.9825],[-112.7963,32.989],[-112.7957,32.9902],[-112.799,32.9933],[-112.7951,32.9957],[-112.7942,32.9982]]]}},{"type":"Feature","properties":{"huc12":"150701010704","name":"150701010704"},"geometry":{"type":"Polygon","coordinates":[[[-112.7296,33.0856],[-112.7294,33.0878],[-112.7333,33.0886],[-112.734,33.0949],[-112.7355,33.0953],[-112.7388,33.0948],[-112.7421,33.0892],[-112.7451,33.0884],[-112.7601,33.0901],[-112.7605,33.0947],[-112.7639,33.1005],[-112.7673,33.1024],[-112.7683,33.1068],[-112.7715,33.1081],[-112.7683,33.1144],[-112.7685,33.117],[-112.7805,33.1222],[-112.7824,33.1216],[-112.7842,33.1187],[-112.7931,33.1191],[-112.7979,33.1144],[-112.7972,33.1126],[-112.7997,33.0995],[-112.7988,33.0922],[-112.8006,33.0895],[-112.7999,33.084],[-112.8065,33.0814],[-112.8095,33.0783],[-112.82,33.0514],[-112.8221,33.0489],[-112.8314,33.0435],[-112.8371,33.0357],[-112.8369,33.0334],[-112.8285,33.026],[-112.8236,33.0255],[-112.8189,33.0297],[-112.8157,33.0367],[-112.8024,33.0483],[-112.7972,33.0546],[-112.7847,33.0624],[-112.7745,33.0644],[-112.7643,33.0726],[-112.7525,33.075],[-112.751,33.0784],[-112.7484,33.08],[-112.7404,33.0814],[-112.7379,33.0835],[-112.7296,33.0856]]]}},{"type":"Feature","properties":{"huc12":"150701010705","name":"Gila Bend Mountains"},"geometry":{"type":"Polygon","coordinates":[[[-112.7858,33.1484],[-112.7872,33.1493],[-112.7996,33.1489],[-112.8033,33.1473],[-112.8076,33.1506],[-112.8146,33.147],[-112.8185,33.1476],[-112.8221,33.1465],[-112.8217,33.1402],[-112.8181,33.1385],[-112.8165,33.1333],[-112.8206,33.1236],[-112.8239,33.1198],[-112.8239,33.1147],[-112.8203,33.1114],[-112.8216,33.1092],[-112.8202,33.1045],[-112.8223,33.1001],[-112.8313,33.102],[-112.8349,33.1004],[-112.8414,33.1022],[-112.8489,33.1004],[-112.8507,33.1011],[-112.8531,33.0988],[-112.8526,33.0952],[-112.848,33.086],[-112.8477,33.0818],[-112.841,33.0734],[-112.8387,33.068],[-112.8382,33.063],[-112.8424,33.0514],[-112.8418,33.0476],[-112.8473,33.0416],[-112.8455,33.0402],[-112.8414,33.0411],[-112.8308,33.0472],[-112.8236,33.0569],[-112.8206,33.0633],[-112.8137,33.0688],[-112.8095,33.0783],[-112.8065,33.0814],[-112.7999,33.084],[-112.8006,33.0895],[-112.7988,33.0922],[-112.7997,33.0995],[-112.7972,33.1126],[-112.7979,33.1144],[-112.7931,33.1191],[-112.7844,33.1186],[-112.7823,33.1208],[-112.7844,33.1281],[-112.7811,33.1339],[-112.7865,33.1384],[-112.7842,33.1431],[-112.7858,33.1484]]]}},{"type":"Feature","properties":{"huc12":"150701010706","name":"Woolsey Peak"},"geometry":{"type":"Polygon","coordinates":[[[-112.8531,33.1673],[-112.8596,33.1676],[-112.8614,33.1703],[-112.8636,33.169],[-112.8687,33.1688],[-112.8779,33.1708],[-112.8816,33.1702],[-112.8869,33.1661],[-112.8788,33.1591],[-112.8745,33.1519],[-112.8683,33.1468],[-112.8678,33.1421],[-112.8693,33.1363],[-112.867,33.1363],[-112.863,33.1296],[-112.8651,33.1253],[-112.8629,33.1215],[-112.8625,33.1124],[-112.8651,33.1036],[-112.8628,33.091],[-112.8645,33.0775],[-112.8632,33.0711],[-112.8589,33.0691],[-112.8583,33.0652],[-112.8598,33.0611],[-112.858,33.0601],[-112.8574,33.0574],[-112.8599,33.0523],[-112.8582,33.0501],[-112.8589,33.0478],[-112.8577,33.0446],[-112.8539,33.0511],[-112.8527,33.056],[-112.8492,33.0588],[-112.849,33.0653],[-112.8456,33.0783],[-112.8531,33.0988],[-112.8507,33.1011],[-112.8489,33.1004],[-112.8414,33.1022],[-112.8349,33.1004],[-112.8313,33.102],[-112.8224,33.1001],[-112.8202,33.1045],[-112.8216,33.1092],[-112.8203,33.1114],[-112.8239,33.1147],[-112.8239,33.1198],[-112.8206,33.1236],[-112.8165,33.1333],[-112.8181,33.1385],[-112.8217,33.1402],[-112.8217,33.146],[-112.8247,33.1466],[-112.827,33.1499],[-112.8278,33.1521],[-112.8252,33.1561],[-112.8288,33.1615],[-112.8339,33.1639],[-112.8357,33.1665],[-112.8385,33.1669],[-112.8436,33.1654],[-112.8476,33.1597],[-112.8494,33.1594],[-112.8489,33.1623],[-112.8531,33.1673]]]}},{"type":"Feature","properties":{"huc12":"150701010707","name":"150701010707"},"geometry":{"type":"Polygon","coordinates":[[[-112.8869,33.1661],[-112.8886,33.165],[-112.8948,33.1662],[-112.9062,33.165],[-112.9082,33.1593],[-112.9067,33.1535],[-112.9079,33.1504],[-112.9062,33.1482],[-112.9161,33.1478],[-112.9202,33.1465],[-112.9475,33.1473],[-112.955,33.139],[-112.9583,33.1418],[-112.9604,33.1419],[-112.9593,33.1345],[-112.9643,33.13],[-112.9628,33.1282],[-112.9596,33.1276],[-112.9587,33.1211],[-112.9566,33.118],[-112.9537,33.1186],[-112.9473,33.1103],[-112.9433,33.1093],[-112.9334,33.0978],[-112.928,33.0952],[-112.9251,33.0844],[-112.9247,33.0747],[-112.9181,33.0667],[-112.9118,33.0624],[-112.912,33.0598],[-112.9106,33.0574],[-112.906,33.0591],[-112.9028,33.0636],[-112.898,33.0661],[-112.8962,33.0687],[-112.8862,33.0743],[-112.8852,33.0769],[-112.8854,33.0851],[-112.8806,33.0943],[-112.8807,33.0976],[-112.8825,33.1013],[-112.8816,33.1042],[-112.8858,33.1092],[-112.8822,33.1168],[-112.8816,33.1244],[-112.8843,33.1326],[-112.8838,33.1355],[-112.8889,33.1423],[-112.8886,33.1452],[-112.885,33.1457],[-112.8873,33.153],[-112.8856,33.1555],[-112.8861,33.1584],[-112.883,33.162],[-112.8869,33.1661]]]}},{"type":"Feature","properties":{"huc12":"150701010708","name":"Painted Rock Mountains"},"geometry":{"type":"Polygon","coordinates":[[[-112.8447,32.9386],[-112.851,32.9385],[-112.8686,32.9348],[-112.888,32.9351],[-112.888,32.9409],[-112.8931,32.9409],[-112.905,32.9473],[-112.925,32.9477],[-112.9255,32.9623],[-112.9305,32.9645],[-112.9356,32.9729],[-112.9366,32.9822],[-112.9402,32.9881],[-112.9399,32.999],[-112.9436,33.0079],[-112.949,33.0164],[-112.9549,33.0201],[-112.9537,33.0234],[-112.9566,33.0281],[-112.9599,33.0381],[-112.9648,33.0422],[-112.9719,33.043],[-112.9734,33.0415],[-112.971,33.038],[-112.9745,33.0329],[-112.9855,33.0281],[-112.9916,33.0281],[-112.9958,33.0309],[-113.0041,33.0329],[-113.0065,33.0352],[-113.0082,33.0347],[-113.0067,33.0277],[-113.0082,33.0114],[-113.0056,33.0067],[-113.0106,33.0056],[-113.0091,33.0047],[-113.0094,33.0023],[-113.006,33.0021],[-113.0051,32.9974],[-113.0031,32.9966],[-113.0031,32.9891],[-113.0009,32.985],[-113.0039,32.9841],[-113.0035,32.9801],[-113.0059,32.9807],[-113.0089,32.9793],[-113.0126,32.9732],[-113.0155,32.9728],[-113.0186,32.975],[-113.0251,32.9714],[-113.0261,32.965],[-113.0288,32.9607],[-113.0272,32.9525],[-113.0289,32.9509],[-113.0294,32.9457],[-113.0331,32.9436],[-113.0361,32.9437],[-113.0279,32.9336],[-113.0291,32.9317],[-113.0282,32.9271],[-113.0314,32.9234],[-113.03,32.9205],[-113.0316,32.9173],[-113.0342,32.9157],[-113.0306,32.9142],[-113.0312,32.9103],[-113.0292,32.9027],[-113.0235,32.8922],[-113.0013,32.8993],[-112.9885,32.897],[-112.9848,32.8975],[-112.9798,32.8941],[-112.9695,32.8801],[-112.9673,32.8796],[-112.9656,32.8807],[-112.9514,32.8783],[-112.9355,32.8779],[-112.9307,32.8728],[-112.9267,32.8717],[-112.9261,32.8676],[-112.9243,32.8653],[-112.9012,32.8466],[-112.8594,32.8274],[-112.8555,32.8215],[-112.8537,32.8115],[-112.8476,32.8079],[-112.8484,32.8056],[-112.8445,32.8019],[-112.8417,32.8059],[-112.8342,32.8038],[-112.828,32.8075],[-112.8251,32.8163],[-112.8299,32.835],[-112.8315,32.858],[-112.8304,32.8597],[-112.8332,32.8627],[-112.8391,32.8805],[-112.8449,32.8917],[-112.8416,32.9022],[-112.8433,32.9195],[-112.8407,32.9279],[-112.8358,32.9287],[-112.837,32.9324],[-112.8447,32.9386]]]}},{"type":"Feature","properties":{"huc12":"150701010109","name":"CCC Tank-Waterman Wash"},"geometry":{"type":"Polygon","coordinates":[[[-112.5106,33.3496],[-112.5215,33.3534],[-112.528,33.3519],[-112.5312,33.3496],[-112.5309,33.3486],[-112.5233,33.3495],[-112.5218,33.3485],[-112.5202,33.33],[-112.5224,33.3274],[-112.5257,33.3271],[-112.5287,33.3251],[-112.5309,33.3265],[-112.5368,33.3254],[-112.5376,33.3215],[-112.5404,33.3215],[-112.5443,33.3188],[-112.5452,33.3151],[-112.552,33.316],[-112.5509,33.3086],[-112.5471,33.3019],[-112.5508,33.3008],[-112.5517,33.2982],[-112.5546,33.297],[-112.5561,33.2918],[-112.5554,33.2894],[-112.548,33.2832],[-112.5495,33.2746],[-112.5457,33.2659],[-112.5414,33.2597],[-112.5351,33.2385],[-112.5354,33.221],[-112.5372,33.2144],[-112.5382,33.2115],[-112.5438,33.2083],[-112.5466,33.2094],[-112.5499,33.2012],[-112.5506,33.1904],[-112.5425,33.1822],[-112.5453,33.179],[-112.5405,33.1757],[-112.5358,33.1687],[-112.5312,33.1691],[-112.5256,33.163],[-112.5188,33.1612],[-112.5189,33.1586],[-112.5172,33.1564],[-112.5158,33.1567],[-112.5159,33.1583],[-112.5188,33.1678],[-112.5156,33.1697],[-112.5137,33.1679],[-112.5108,33.1681],[-112.5068,33.1738],[-112.5046,33.1747],[-112.5089,33.1808],[-112.5059,33.1888],[-112.5032,33.1919],[-112.5019,33.1989],[-112.4989,33.2051],[-112.4983,33.217],[-112.5013,33.2264],[-112.5001,33.2487],[-112.5064,33.2787],[-112.5037,33.2842],[-112.4972,33.2905],[-112.4936,33.2997],[-112.4913,33.3006],[-112.4824,33.294],[-112.4697,33.2926],[-112.4603,33.2931],[-112.4559,33.2916],[-112.4539,33.2923],[-112.4485,33.2887],[-112.4382,33.287],[-112.4249,33.2895],[-112.4197,33.2939],[-112.4118,33.2889],[-112.3795,33.292],[-112.3576,33.302],[-112.372,33.3036],[-112.4093,33.3011],[-112.423,33.3048],[-112.4305,33.3049],[-112.4335,33.3083],[-112.4425,33.3104],[-112.4441,33.3124],[-112.4441,33.315],[-112.4478,33.3144],[-112.4525,33.3168],[-112.4583,33.317],[-112.4651,33.3145],[-112.4675,33.3117],[-112.4753,33.3119],[-112.4825,33.3149],[-112.4892,33.3204],[-112.4947,33.3269],[-112.4965,33.3309],[-112.5075,33.3416],[-112.509,33.3438],[-112.5086,33.3479],[-112.5106,33.3496]]]}},{"type":"Feature","properties":{"huc12":"150602030504","name":"Davenport Wash"},"geometry":{"type":"Polygon","coordinates":[[[-111.52,34.0659],[-111.525,34.0703],[-111.5345,34.0662],[-111.5421,34.0659],[-111.5442,34.064],[-111.5527,34.0646],[-111.5556,34.0616],[-111.56,34.06],[-111.5605,34.058],[-111.564,34.0563],[-111.5646,34.0547],[-111.5708,34.0536],[-111.5785,34.0503],[-111.5853,34.0515],[-111.5883,34.0505],[-111.5907,34.0485],[-111.5902,34.0437],[-111.5932,34.0393],[-111.6047,34.0377],[-111.6043,34.0335],[-111.6061,34.0316],[-111.6096,34.0303],[-111.6129,34.0306],[-111.6159,34.0283],[-111.6199,34.0274],[-111.6207,34.0231],[-111.6235,34.0228],[-111.6264,34.0204],[-111.6281,34.0214],[-111.6388,34.0192],[-111.6446,34.0205],[-111.6479,34.0135],[-111.6515,34.0129],[-111.6564,34.0141],[-111.6572,34.0121],[-111.6611,34.011],[-111.676,33.9945],[-111.6801,33.9917],[-111.6788,33.9878],[-111.684,33.9774],[-111.6881,33.9753],[-111.6881,33.9706],[-111.6904,33.966],[-111.6902,33.9625],[-111.6863,33.9613],[-111.6842,33.9659],[-111.6765,33.9682],[-111.6753,33.9704],[-111.6715,33.9721],[-111.668,33.9715],[-111.6645,33.9728],[-111.655,33.9805],[-111.651,33.9788],[-111.6452,33.9802],[-111.6431,33.978],[-111.6408,33.9776],[-111.6358,33.9802],[-111.6338,33.9788],[-111.6281,33.9789],[-111.6235,33.9756],[-111.6181,33.9752],[-111.6149,33.9794],[-111.6096,33.9826],[-111.6016,33.9829],[-111.5972,33.9858],[-111.5905,33.9925],[-111.589,33.996],[-111.5896,33.9977],[-111.5834,33.9971],[-111.5807,33.9997],[-111.5713,33.9985],[-111.5653,34.0063],[-111.5583,34.0056],[-111.5545,34.0065],[-111.5486,34.0093],[-111.5476,34.0117],[-111.5426,34.0146],[-111.5357,34.0136],[-111.5292,34.0153],[-111.5268,34.0125],[-111.5169,34.0111],[-111.5134,34.008],[-111.5099,34.0098],[-111.5006,34.0088],[-111.4961,34.0143],[-111.4975,34.0182],[-111.4952,34.0237],[-111.4977,34.029],[-111.494,34.0341],[-111.4935,34.0404],[-111.4968,34.0431],[-111.4988,34.0473],[-111.5033,34.0508],[-111.5103,34.0547],[-111.5132,34.054],[-111.518,34.0559],[-111.52,34.0659]]]}},{"type":"Feature","properties":{"huc12":"150602030505","name":"South Fork Sheep Creek"},"geometry":{"type":"Polygon","coordinates":[[[-111.53,33.9665],[-111.532,33.9658],[-111.5379,33.9674],[-111.5397,33.9692],[-111.5427,33.9685],[-111.545,33.9651],[-111.5509,33.9606],[-111.5628,33.9562],[-111.5703,33.9568],[-111.5726,33.9608],[-111.5847,33.9645],[-111.5913,33.9614],[-111.5988,33.9616],[-111.6037,33.9598],[-111.607,33.9536],[-111.6159,33.9521],[-111.6165,33.9472],[-111.6149,33.9453],[-111.6149,33.941],[-111.6166,33.9378],[-111.6291,33.9303],[-111.6223,33.9276],[-111.609,33.9319],[-111.6035,33.9364],[-111.602,33.9396],[-111.5968,33.9429],[-111.5916,33.9452],[-111.5856,33.9449],[-111.5779,33.9351],[-111.5768,33.928],[-111.5745,33.9244],[-111.5741,33.9195],[-111.5704,33.9221],[-111.5674,33.9226],[-111.5582,33.9219],[-111.5546,33.9191],[-111.5513,33.919],[-111.5495,33.9164],[-111.5467,33.9162],[-111.5443,33.9136],[-111.5381,33.9109],[-111.5325,33.91],[-111.5254,33.9154],[-111.5245,33.9178],[-111.5208,33.9162],[-111.5141,33.9191],[-111.5127,33.9184],[-111.5079,33.9234],[-111.5085,33.926],[-111.5112,33.9285],[-111.5115,33.9312],[-111.5163,33.9335],[-111.5155,33.9402],[-111.5122,33.944],[-111.5135,33.9494],[-111.5189,33.9558],[-111.522,33.9569],[-111.5214,33.9595],[-111.5234,33.963],[-111.53,33.9665]]]}},{"type":"Feature","properties":{"huc12":"150602030709","name":"McDowell Pass-Verde River"},"geometry":{"type":"Polygon","coordinates":[[[-111.694,33.541],[-111.6938,33.5443],[-111.6922,33.5456],[-111.6881,33.5456],[-111.6868,33.5476],[-111.6845,33.549],[-111.683,33.5483],[-111.6815,33.5503],[-111.671,33.5506],[-111.6608,33.5467],[-111.655,33.5552],[-111.6562,33.5614],[-111.654,33.5658],[-111.6511,33.5679],[-111.6487,33.5679],[-111.6457,33.5713],[-111.6295,33.5745],[-111.6296,33.5768],[-111.6268,33.5779],[-111.6262,33.5812],[-111.6188,33.59],[-111.6074,33.5968],[-111.6057,33.6064],[-111.6072,33.6102],[-111.6062,33.6145],[-111.603,33.6209],[-111.5988,33.6254],[-111.598,33.6295],[-111.6028,33.6288],[-111.6089,33.6243],[-111.6145,33.6167],[-111.6179,33.6184],[-111.6311,33.6194],[-111.6373,33.6187],[-111.6434,33.6153],[-111.6523,33.6126],[-111.6629,33.6112],[-111.7015,33.6102],[-111.7059,33.6071],[-111.7079,33.61],[-111.7127,33.6112],[-111.7211,33.6107],[-111.7279,33.6099],[-111.7351,33.606],[-111.7581,33.6028],[-111.7634,33.6055],[-111.7616,33.6004],[-111.7633,33.597],[-111.7626,33.5884],[-111.7596,33.5862],[-111.7572,33.5799],[-111.7548,33.5798],[-111.753,33.5773],[-111.7484,33.5782],[-111.7456,33.5757],[-111.7452,33.5725],[-111.7427,33.5702],[-111.7353,33.5695],[-111.729,33.5742],[-111.7282,33.5722],[-111.7185,33.5686],[-111.7159,33.5664],[-111.7165,33.5641],[-111.7146,33.5635],[-111.7115,33.5594],[-111.7119,33.558],[-111.7048,33.5571],[-111.7017,33.5496],[-111.7041,33.547],[-111.7001,33.543],[-111.694,33.541]]]}},{"type":"Feature","properties":{"huc12":"150701010101","name":"Mobile Valley-Waterman Wash"},"geometry":{"type":"Polygon","coordinates":[[[-112.2106,33.0699],[-112.2116,33.0736],[-112.2099,33.0762],[-112.2071,33.0771],[-112.2071,33.0794],[-112.2034,33.0787],[-112.2016,33.081],[-112.2055,33.0851],[-112.207,33.0928],[-112.2055,33.0998],[-112.2027,33.1034],[-112.2037,33.1081],[-112.2025,33.1099],[-112.2038,33.1117],[-112.2074,33.1115],[-112.213,33.1149],[-112.2206,33.122],[-112.2258,33.1137],[-112.2235,33.1105],[-112.2246,33.1084],[-112.2343,33.1047],[-112.2581,33.0882],[-112.2602,33.0679],[-112.276,33.051],[-112.2782,33.0416],[-112.2828,33.0339],[-112.2829,33.0288],[-112.2871,33.0171],[-112.2934,33.0032],[-112.3006,32.9951],[-112.3044,32.982],[-112.3095,32.9722],[-112.3103,32.9689],[-112.308,32.9621],[-112.3121,32.957],[-112.3078,32.9541],[-112.3095,32.9499],[-112.3086,32.9472],[-112.3117,32.9441],[-112.3122,32.9406],[-112.3147,32.9399],[-112.3123,32.9374],[-112.3071,32.9363],[-112.3125,32.9297],[-112.3112,32.9278],[-112.3139,32.9254],[-112.3192,32.9249],[-112.3242,32.9261],[-112.3313,32.9251],[-112.3373,32.927],[-112.3392,32.9264],[-112.3402,32.924],[-112.3392,32.9201],[-112.336,32.9174],[-112.3354,32.914],[-112.3335,32.9129],[-112.3339,32.9092],[-112.3318,32.9073],[-112.3332,32.9042],[-112.3168,32.8972],[-112.3039,32.8962],[-112.2841,32.899],[-112.2759,32.8975],[-112.2599,32.9008],[-112.2579,32.9029],[-112.2482,32.9226],[-112.2382,32.9359],[-112.23,32.944],[-112.2259,32.9503],[-112.2065,32.966],[-112.2037,32.9705],[-112.2032,32.9751],[-112.1998,32.9767],[-112.1995,32.978],[-112.2074,32.9838],[-112.2097,32.9837],[-112.2159,32.9887],[-112.2148,33.0041],[-112.2181,33.0181],[-112.2194,33.0328],[-112.2198,33.0542],[-112.2139,33.062],[-112.2106,33.0699]]]}},{"type":"Feature","properties":{"huc12":"150602030508","name":"Alder Creek"},"geometry":{"type":"Polygon","coordinates":[[[-111.5127,33.9184],[-111.5141,33.9191],[-111.5208,33.9162],[-111.5245,33.9178],[-111.5254,33.9154],[-111.5325,33.91],[-111.5329,33.9036],[-111.5391,33.8973],[-111.5384,33.8965],[-111.5409,33.8904],[-111.5399,33.888],[-111.5419,33.8851],[-111.552,33.8849],[-111.5588,33.88],[-111.5612,33.876],[-111.5642,33.877],[-111.5684,33.876],[-111.5741,33.8724],[-111.578,33.873],[-111.582,33.8718],[-111.5889,33.8672],[-111.5917,33.8632],[-111.6039,33.862],[-111.6041,33.8605],[-111.6014,33.8575],[-111.5984,33.8562],[-111.5959,33.8524],[-111.593,33.852],[-111.5922,33.8498],[-111.5878,33.8475],[-111.5826,33.8414],[-111.569,33.8346],[-111.5695,33.8321],[-111.5726,33.8311],[-111.5686,33.828],[-111.5662,33.8228],[-111.5614,33.8216],[-111.5598,33.8174],[-111.5604,33.8155],[-111.559,33.8142],[-111.5524,33.8167],[-111.549,33.8237],[-111.5462,33.8241],[-111.5439,33.8267],[-111.5436,33.8313],[-111.5482,33.8372],[-111.5474,33.8433],[-111.5337,33.8461],[-111.5298,33.8513],[-111.5247,33.8536],[-111.5216,33.8595],[-111.5154,33.8597],[-111.5131,33.8647],[-111.5051,33.8654],[-111.5046,33.8674],[-111.5074,33.8696],[-111.5066,33.8736],[-111.5094,33.8754],[-111.5088,33.878],[-111.51,33.8799],[-111.5087,33.8813],[-111.5104,33.8827],[-111.5093,33.885],[-111.5107,33.8879],[-111.5083,33.8926],[-111.505,33.8951],[-111.5043,33.8981],[-111.5073,33.9018],[-111.5082,33.9155],[-111.5127,33.9184]]]}},{"type":"Feature","properties":{"huc12":"150602030506","name":"Sheep Creek"},"geometry":{"type":"Polygon","coordinates":[[[-111.5006,34.0088],[-111.5099,34.0098],[-111.5134,34.008],[-111.5169,34.0111],[-111.5268,34.0125],[-111.5292,34.0153],[-111.5357,34.0136],[-111.5422,34.0147],[-111.5476,34.0117],[-111.5486,34.0093],[-111.5545,34.0065],[-111.5583,34.0056],[-111.5653,34.0063],[-111.5713,33.9985],[-111.5807,33.9997],[-111.5834,33.9971],[-111.5896,33.9977],[-111.589,33.996],[-111.5905,33.9925],[-111.5972,33.9858],[-111.6016,33.9829],[-111.6096,33.9826],[-111.6149,33.9794],[-111.6183,33.9752],[-111.6196,33.9687],[-111.6269,33.9628],[-111.6317,33.9518],[-111.6324,33.9468],[-111.6387,33.9428],[-111.6391,33.9372],[-111.6477,33.9294],[-111.6454,33.9262],[-111.6475,33.9247],[-111.6465,33.9215],[-111.6482,33.9188],[-111.6529,33.9186],[-111.6522,33.9143],[-111.6504,33.9133],[-111.648,33.9154],[-111.6388,33.9133],[-111.6339,33.9137],[-111.6337,33.9189],[-111.6313,33.919],[-111.6266,33.9237],[-111.6227,33.9254],[-111.623,33.9282],[-111.6253,33.928],[-111.6291,33.9305],[-111.6181,33.9363],[-111.6151,33.9404],[-111.6149,33.9453],[-111.6165,33.9472],[-111.616,33.9519],[-111.607,33.9536],[-111.6037,33.9598],[-111.5973,33.9621],[-111.5913,33.9614],[-111.5847,33.9645],[-111.5726,33.9608],[-111.5703,33.9568],[-111.5628,33.9562],[-111.5509,33.9606],[-111.545,33.9651],[-111.5427,33.9685],[-111.5397,33.9692],[-111.5379,33.9674],[-111.532,33.9658],[-111.53,33.9665],[-111.5313,33.9675],[-111.53,33.9734],[-111.5259,33.9777],[-111.5137,33.9804],[-111.5094,33.9901],[-111.5071,33.9904],[-111.5041,33.9933],[-111.501,33.9932],[-111.4953,33.9977],[-111.4968,34.0034],[-111.4996,34.0043],[-111.5006,34.0088]]]}},{"type":"Feature","properties":{"huc12":"150602030507","name":"Buck Basin-Verde River"},"geometry":{"type":"Polygon","coordinates":[[[-111.7221,33.9848],[-111.7283,33.987],[-111.732,33.9849],[-111.732,33.9834],[-111.7357,33.9822],[-111.7378,33.9795],[-111.7413,33.9809],[-111.7479,33.9789],[-111.7598,33.9805],[-111.765,33.9776],[-111.7704,33.9689],[-111.7857,33.9673],[-111.7923,33.9693],[-111.7945,33.9677],[-111.7943,33.9643],[-111.7983,33.9585],[-111.7989,33.9556],[-111.796,33.9544],[-111.7975,33.9512],[-111.7952,33.9493],[-111.7949,33.9466],[-111.7895,33.9425],[-111.7864,33.9329],[-111.7821,33.9297],[-111.7823,33.9254],[-111.7859,33.924],[-111.7836,33.917],[-111.784,33.9136],[-111.7786,33.9112],[-111.7756,33.9117],[-111.7752,33.9134],[-111.7732,33.913],[-111.7718,33.9154],[-111.7697,33.9152],[-111.7687,33.9146],[-111.7681,33.9073],[-111.7649,33.9033],[-111.7615,33.9031],[-111.7463,33.8974],[-111.7352,33.8983],[-111.732,33.9003],[-111.7285,33.8978],[-111.7265,33.9009],[-111.7244,33.901],[-111.721,33.8993],[-111.7229,33.8956],[-111.7214,33.8915],[-111.717,33.8883],[-111.7132,33.8889],[-111.7102,33.8875],[-111.7041,33.8903],[-111.7027,33.8927],[-111.6986,33.8908],[-111.694,33.8937],[-111.6922,33.8986],[-111.6831,33.9047],[-111.6819,33.9076],[-111.6767,33.9103],[-111.674,33.9152],[-111.6694,33.9149],[-111.6658,33.9177],[-111.656,33.9213],[-111.6525,33.9209],[-111.6513,33.9186],[-111.6482,33.9188],[-111.6464,33.9219],[-111.6475,33.9247],[-111.6454,33.9262],[-111.6477,33.9294],[-111.6391,33.9372],[-111.6387,33.9428],[-111.6324,33.9468],[-111.6317,33.9518],[-111.6269,33.9628],[-111.6196,33.9687],[-111.6182,33.9747],[-111.6235,33.9756],[-111.6281,33.9789],[-111.6338,33.9788],[-111.6358,33.9802],[-111.6408,33.9776],[-111.6431,33.978],[-111.6452,33.9802],[-111.651,33.9788],[-111.655,33.9805],[-111.6645,33.9728],[-111.668,33.9715],[-111.6715,33.9721],[-111.6753,33.9704],[-111.6765,33.9682],[-111.6842,33.9659],[-111.6862,33.9614],[-111.6875,33.9612],[-111.6905,33.9636],[-111.6903,33.9665],[-111.6881,33.9706],[-111.6879,33.9757],[-111.6891,33.9766],[-111.6994,33.9821],[-111.7063,33.9838],[-111.7121,33.9834],[-111.7177,33.9856],[-111.7221,33.9848]]]}},{"type":"Feature","properties":{"huc12":"150602030601","name":"Upper Sycamore Creek"},"geometry":{"type":"Polygon","coordinates":[[[-111.4667,34.0064],[-111.4702,34.0028],[-111.4723,34.0049],[-111.4775,34.0025],[-111.4902,34.0014],[-111.4918,33.9998],[-111.4951,33.9996],[-111.4956,33.9974],[-111.501,33.9932],[-111.5041,33.9933],[-111.5071,33.9904],[-111.5095,33.99],[-111.5118,33.9838],[-111.5136,33.9825],[-111.5136,33.9805],[-111.5257,33.9778],[-111.5302,33.9729],[-111.5312,33.9672],[-111.5234,33.963],[-111.5214,33.9595],[-111.522,33.9569],[-111.5189,33.9558],[-111.5135,33.9494],[-111.5122,33.944],[-111.5155,33.9402],[-111.5163,33.9335],[-111.5115,33.9312],[-111.5111,33.9282],[-111.5082,33.9256],[-111.5089,33.9213],[-111.5127,33.9184],[-111.5082,33.9155],[-111.5073,33.9018],[-111.5043,33.8981],[-111.505,33.8951],[-111.5083,33.8926],[-111.5107,33.8879],[-111.5093,33.885],[-111.5104,33.8827],[-111.5087,33.8813],[-111.51,33.8799],[-111.5088,33.878],[-111.5094,33.8754],[-111.5068,33.8739],[-111.5074,33.8696],[-111.5046,33.8671],[-111.507,33.8645],[-111.5133,33.8646],[-111.516,33.8573],[-111.5083,33.8518],[-111.5021,33.8523],[-111.4998,33.8511],[-111.496,33.854],[-111.4926,33.8541],[-111.4889,33.8503],[-111.4758,33.8558],[-111.4753,33.8574],[-111.4711,33.859],[-111.4668,33.8583],[-111.4652,33.8573],[-111.4651,33.8555],[-111.4618,33.8536],[-111.4648,33.8492],[-111.4634,33.8469],[-111.4631,33.8424],[-111.4603,33.841],[-111.4549,33.8331],[-111.4479,33.8338],[-111.4376,33.8275],[-111.4367,33.8229],[-111.4345,33.8206],[-111.4348,33.8184],[-111.43,33.8167],[-111.4286,33.8138],[-111.4247,33.8124],[-111.4239,33.8068],[-111.4249,33.8037],[-111.424,33.803],[-111.4166,33.804],[-111.3996,33.8024],[-111.3965,33.8037],[-111.3909,33.8031],[-111.3873,33.8061],[-111.3852,33.8101],[-111.3843,33.8166],[-111.3728,33.8179],[-111.3716,33.819],[-111.3718,33.8218],[-111.3726,33.8244],[-111.3778,33.8272],[-111.3818,33.8323],[-111.3926,33.8359],[-111.3903,33.8376],[-111.3954,33.8408],[-111.396,33.8448],[-111.392,33.853],[-111.3923,33.8549],[-111.3875,33.8599],[-111.3873,33.8626],[-111.3923,33.865],[-111.3937,33.8678],[-111.3963,33.8684],[-111.3962,33.8726],[-111.3975,33.875],[-111.3961,33.8768],[-111.4057,33.8795],[-111.4055,33.8821],[-111.4083,33.8839],[-111.4113,33.8836],[-111.4128,33.8857],[-111.4134,33.8886],[-111.4114,33.8917],[-111.4136,33.8987],[-111.4115,33.9038],[-111.408,33.9052],[-111.4086,33.9118],[-111.407,33.9131],[-111.4051,33.9191],[-111.4259,33.926],[-111.4309,33.9237],[-111.4374,33.9161],[-111.4501,33.9194],[-111.4517,33.9209],[-111.4493,33.9295],[-111.4521,33.9334],[-111.4471,33.9348],[-111.4481,33.938],[-111.4473,33.9413],[-111.4523,33.9487],[-111.4515,33.9539],[-111.448,33.9582],[-111.4522,33.9608],[-111.4526,33.9655],[-111.449,33.9687],[-111.4482,33.9731],[-111.4451,33.9743],[-111.4417,33.9781],[-111.4347,33.9808],[-111.4332,33.9847],[-111.4346,33.9867],[-111.438,33.9871],[-111.4427,33.9912],[-111.4404,33.9964],[-111.4446,33.9989],[-111.4449,34.001],[-111.4496,34.0002],[-111.4542,34.0047],[-111.4593,34.0025],[-111.4667,34.0064]]]}},{"type":"Feature","properties":{"huc12":"150602030603","name":"Mesquite Wash"},"geometry":{"type":"Polygon","coordinates":[[[-111.3868,33.7501],[-111.3947,33.752],[-111.4024,33.7491],[-111.4103,33.7508],[-111.4196,33.7492],[-111.4216,33.7471],[-111.4226,33.7401],[-111.4313,33.7324],[-111.4339,33.7315],[-111.4372,33.7322],[-111.4419,33.7286],[-111.445,33.728],[-111.4504,33.7303],[-111.4532,33.7294],[-111.4567,33.7314],[-111.4587,33.7296],[-111.4602,33.7313],[-111.4626,33.7309],[-111.4646,33.7272],[-111.4698,33.7264],[-111.4706,33.7237],[-111.4733,33.7242],[-111.4747,33.7222],[-111.4776,33.7228],[-111.48,33.7256],[-111.485,33.7257],[-111.4952,33.7296],[-111.5031,33.726],[-111.505,33.7264],[-111.5118,33.7301],[-111.5125,33.7331],[-111.5154,33.7306],[-111.5141,33.7291],[-111.5146,33.727],[-111.5192,33.7256],[-111.5136,33.713],[-111.5105,33.7113],[-111.5096,33.7074],[-111.5068,33.706],[-111.5072,33.7026],[-111.5059,33.7004],[-111.5043,33.6995],[-111.5016,33.7004],[-111.4979,33.6958],[-111.4912,33.6933],[-111.4908,33.6899],[-111.4857,33.689],[-111.4794,33.686],[-111.4767,33.6861],[-111.4723,33.6825],[-111.4721,33.6794],[-111.4653,33.6808],[-111.452,33.677],[-111.4452,33.6848],[-111.4349,33.6855],[-111.4278,33.6905],[-111.425,33.6941],[-111.421,33.6956],[-111.418,33.6994],[-111.4182,33.7019],[-111.4162,33.7044],[-111.4176,33.7071],[-111.4151,33.7083],[-111.4139,33.7139],[-111.4098,33.7143],[-111.4079,33.7164],[-111.4032,33.7177],[-111.3951,33.7265],[-111.3916,33.7253],[-111.3882,33.7278],[-111.3884,33.7304],[-111.3857,33.7312],[-111.3837,33.7348],[-111.3844,33.7389],[-111.3806,33.7457],[-111.381,33.7476],[-111.3868,33.7501]]]}},{"type":"Feature","properties":{"huc12":"150602030604","name":"Middle Sycamore Creek"},"geometry":{"type":"Polygon","coordinates":[[[-111.5154,33.8597],[-111.5216,33.8595],[-111.5247,33.8536],[-111.5298,33.8513],[-111.5337,33.8461],[-111.5474,33.8433],[-111.5482,33.8372],[-111.5436,33.8313],[-111.5439,33.8267],[-111.5462,33.8241],[-111.549,33.8237],[-111.5524,33.8167],[-111.559,33.8142],[-111.5603,33.8076],[-111.5628,33.8057],[-111.5631,33.7982],[-111.5647,33.7935],[-111.5611,33.7909],[-111.565,33.7853],[-111.562,33.783],[-111.5614,33.7794],[-111.5623,33.7782],[-111.5604,33.7699],[-111.5585,33.7674],[-111.5559,33.7666],[-111.5549,33.7639],[-111.5548,33.7617],[-111.5574,33.7592],[-111.5579,33.7567],[-111.5555,33.755],[-111.5529,33.7488],[-111.5483,33.7467],[-111.5458,33.747],[-111.5412,33.7437],[-111.534,33.745],[-111.5237,33.7416],[-111.5198,33.7383],[-111.5211,33.7362],[-111.5156,33.7329],[-111.515,33.7309],[-111.5125,33.7331],[-111.5124,33.7374],[-111.5073,33.7403],[-111.5071,33.7437],[-111.501,33.7467],[-111.5025,33.7514],[-111.4962,33.7531],[-111.492,33.7597],[-111.4845,33.7605],[-111.4804,33.7593],[-111.4693,33.767],[-111.4601,33.7671],[-111.4558,33.7698],[-111.445,33.7647],[-111.4421,33.7672],[-111.4396,33.7659],[-111.4343,33.7668],[-111.4291,33.7686],[-111.4293,33.7701],[-111.4274,33.7717],[-111.4258,33.7756],[-111.4216,33.7769],[-111.4126,33.7745],[-111.4109,33.7749],[-111.4105,33.777],[-111.4027,33.7756],[-111.4019,33.7745],[-111.3929,33.7745],[-111.3923,33.7757],[-111.3892,33.7759],[-111.3855,33.7833],[-111.3813,33.7852],[-111.3828,33.7883],[-111.379,33.7919],[-111.3786,33.794],[-111.3878,33.8031],[-111.3883,33.8054],[-111.3909,33.8031],[-111.3965,33.8037],[-111.3996,33.8024],[-111.4249,33.8036],[-111.4239,33.8068],[-111.4247,33.8124],[-111.4286,33.8138],[-111.43,33.8167],[-111.4348,33.8184],[-111.4345,33.8206],[-111.4367,33.8229],[-111.4376,33.8275],[-111.4479,33.8338],[-111.4549,33.8331],[-111.4603,33.841],[-111.4631,33.8424],[-111.4634,33.8469],[-111.4648,33.8492],[-111.4618,33.8536],[-111.4651,33.8555],[-111.4657,33.8577],[-111.4709,33.8591],[-111.4889,33.8503],[-111.4926,33.8541],[-111.496,33.854],[-111.4999,33.8511],[-111.5021,33.8523],[-111.5087,33.852],[-111.5113,33.8548],[-111.5158,33.8567],[-111.5154,33.8597]]]}},{"type":"Feature","properties":{"huc12":"150602030605","name":"Lower Sycamore Creek"},"geometry":{"type":"Polygon","coordinates":[[[-111.515,33.7309],[-111.5156,33.7329],[-111.5211,33.7362],[-111.5197,33.7381],[-111.5212,33.7401],[-111.5302,33.7442],[-111.5373,33.7449],[-111.5412,33.7437],[-111.5458,33.747],[-111.5483,33.7467],[-111.5529,33.7488],[-111.5552,33.7529],[-111.5639,33.7504],[-111.5651,33.7474],[-111.5643,33.7449],[-111.5688,33.7395],[-111.5695,33.7346],[-111.5743,33.7324],[-111.5734,33.7264],[-111.5691,33.7264],[-111.5676,33.7235],[-111.5681,33.7172],[-111.5756,33.7117],[-111.5801,33.711],[-111.5928,33.7023],[-111.5962,33.6953],[-111.6049,33.6914],[-111.6083,33.6878],[-111.6094,33.682],[-111.6153,33.6779],[-111.6241,33.6748],[-111.6256,33.6723],[-111.6253,33.6696],[-111.6293,33.667],[-111.6285,33.6644],[-111.6301,33.6604],[-111.636,33.6578],[-111.637,33.6546],[-111.6516,33.6493],[-111.6524,33.6444],[-111.6565,33.6404],[-111.6631,33.6366],[-111.6646,33.6341],[-111.6635,33.6331],[-111.6492,33.6365],[-111.6454,33.6313],[-111.646,33.6287],[-111.639,33.6257],[-111.636,33.6231],[-111.6127,33.62],[-111.6092,33.6241],[-111.6018,33.6292],[-111.5997,33.6286],[-111.5951,33.6317],[-111.5915,33.6324],[-111.5886,33.6325],[-111.587,33.6304],[-111.5847,33.6323],[-111.5858,33.6371],[-111.5823,33.6354],[-111.5821,33.6327],[-111.5786,33.6302],[-111.5701,33.6323],[-111.5647,33.637],[-111.5547,33.6366],[-111.5499,33.6391],[-111.5431,33.6396],[-111.5397,33.6412],[-111.5358,33.6438],[-111.5335,33.6516],[-111.5238,33.6627],[-111.5205,33.6648],[-111.5172,33.6707],[-111.5092,33.6664],[-111.5026,33.6665],[-111.4964,33.6691],[-111.4875,33.6703],[-111.4793,33.6667],[-111.4739,33.6669],[-111.4686,33.6772],[-111.4723,33.6795],[-111.4723,33.6825],[-111.4767,33.6861],[-111.4794,33.686],[-111.4857,33.689],[-111.4908,33.6899],[-111.4912,33.6933],[-111.4979,33.6958],[-111.5016,33.7004],[-111.5043,33.6995],[-111.506,33.7005],[-111.5072,33.7026],[-111.5068,33.706],[-111.5096,33.7074],[-111.5105,33.7113],[-111.5136,33.713],[-111.5192,33.7256],[-111.5146,33.727],[-111.515,33.7309]]]}},{"type":"Feature","properties":{"huc12":"150602030701","name":"Camp Creek"},"geometry":{"type":"Polygon","coordinates":[[[-111.8115,33.939],[-111.818,33.9371],[-111.82,33.934],[-111.8191,33.9324],[-111.8264,33.9203],[-111.8308,33.9173],[-111.8331,33.9163],[-111.8368,33.9231],[-111.8449,33.9208],[-111.8479,33.9223],[-111.8544,33.9182],[-111.8538,33.9129],[-111.8552,33.9088],[-111.8584,33.91],[-111.8616,33.9084],[-111.8677,33.9103],[-111.871,33.9081],[-111.8729,33.9083],[-111.8765,33.9025],[-111.8704,33.8991],[-111.8642,33.8977],[-111.8618,33.8954],[-111.8594,33.8963],[-111.857,33.8953],[-111.8516,33.8906],[-111.8467,33.8889],[-111.8489,33.884],[-111.8461,33.88],[-111.8405,33.8766],[-111.8346,33.8695],[-111.8316,33.8689],[-111.8285,33.8662],[-111.8309,33.8593],[-111.8311,33.8549],[-111.8339,33.8503],[-111.8299,33.8464],[-111.8293,33.8427],[-111.8263,33.8391],[-111.8264,33.8363],[-111.8219,33.8259],[-111.8179,33.8243],[-111.8179,33.8219],[-111.8134,33.8169],[-111.8117,33.818],[-111.8087,33.8176],[-111.8034,33.8116],[-111.8012,33.8068],[-111.7945,33.8018],[-111.7891,33.801],[-111.7855,33.8019],[-111.7715,33.7967],[-111.7639,33.7965],[-111.7486,33.7925],[-111.7418,33.7935],[-111.7346,33.7925],[-111.7308,33.7945],[-111.7244,33.795],[-111.7184,33.7913],[-111.6884,33.7899],[-111.6789,33.7808],[-111.6736,33.7788],[-111.6653,33.7707],[-111.6642,33.7724],[-111.6691,33.7791],[-111.6681,33.783],[-111.6769,33.7909],[-111.6847,33.7949],[-111.6915,33.8018],[-111.6924,33.8081],[-111.695,33.8106],[-111.6965,33.8103],[-111.6911,33.8131],[-111.6943,33.8195],[-111.698,33.8223],[-111.7045,33.8227],[-111.7118,33.8292],[-111.7144,33.8308],[-111.718,33.8306],[-111.7327,33.8395],[-111.7336,33.843],[-111.7373,33.846],[-111.7424,33.8561],[-111.7464,33.866],[-111.7457,33.8682],[-111.7522,33.8805],[-111.7531,33.8855],[-111.7563,33.8884],[-111.7573,33.8926],[-111.762,33.8984],[-111.7625,33.9026],[-111.7652,33.9035],[-111.7681,33.9073],[-111.7688,33.9146],[-111.7718,33.9154],[-111.7732,33.913],[-111.7753,33.9134],[-111.7759,33.9115],[-111.7812,33.912],[-111.7846,33.9143],[-111.7836,33.917],[-111.7858,33.9225],[-111.7851,33.9247],[-111.7823,33.9254],[-111.7821,33.9297],[-111.784,33.9317],[-111.787,33.9343],[-111.7934,33.9354],[-111.803,33.9339],[-111.8115,33.939]]]}},{"type":"Feature","properties":{"huc12":"150602030702","name":"Indian Spring Wash-Verde River"},"geometry":{"type":"Polygon","coordinates":[[[-111.6986,33.8908],[-111.7022,33.8928],[-111.7089,33.8874],[-111.7132,33.8889],[-111.7166,33.8882],[-111.7215,33.8916],[-111.7229,33.8956],[-111.721,33.8993],[-111.7244,33.901],[-111.7265,33.9009],[-111.7285,33.8978],[-111.732,33.9003],[-111.7352,33.8983],[-111.7424,33.8969],[-111.7625,33.9026],[-111.762,33.8984],[-111.7573,33.8926],[-111.7563,33.8884],[-111.7531,33.8855],[-111.7522,33.8805],[-111.7475,33.8728],[-111.7456,33.8679],[-111.7464,33.8661],[-111.7454,33.8629],[-111.7403,33.8514],[-111.7373,33.846],[-111.7336,33.843],[-111.7321,33.8388],[-111.718,33.8306],[-111.7143,33.8307],[-111.7045,33.8227],[-111.698,33.8223],[-111.6943,33.8195],[-111.6911,33.8131],[-111.6965,33.8103],[-111.695,33.8106],[-111.6924,33.8081],[-111.6926,33.8055],[-111.6899,33.7995],[-111.6847,33.7949],[-111.6769,33.7909],[-111.6681,33.783],[-111.6691,33.7789],[-111.6653,33.7749],[-111.6656,33.7734],[-111.6546,33.7667],[-111.6531,33.7635],[-111.6361,33.7663],[-111.632,33.769],[-111.6292,33.7691],[-111.6287,33.772],[-111.6312,33.7743],[-111.6308,33.7771],[-111.6274,33.7796],[-111.6237,33.7793],[-111.6216,33.7817],[-111.6225,33.7843],[-111.6211,33.7876],[-111.6237,33.7916],[-111.6228,33.794],[-111.6175,33.7982],[-111.6134,33.799],[-111.6138,33.8],[-111.6163,33.8021],[-111.6237,33.8013],[-111.6342,33.8024],[-111.635,33.8103],[-111.6323,33.814],[-111.6317,33.8189],[-111.6364,33.8258],[-111.6391,33.8266],[-111.6407,33.8248],[-111.6432,33.8285],[-111.6482,33.8288],[-111.6522,33.8341],[-111.6589,33.8379],[-111.6624,33.8382],[-111.6637,33.8407],[-111.6671,33.8426],[-111.6736,33.8418],[-111.6796,33.85],[-111.6835,33.8517],[-111.6864,33.8569],[-111.6904,33.8579],[-111.6953,33.8568],[-111.6943,33.8637],[-111.6955,33.8706],[-111.6856,33.8778],[-111.6878,33.882],[-111.6907,33.8829],[-111.6946,33.8867],[-111.6987,33.8881],[-111.6986,33.8908]]]}},{"type":"Feature","properties":{"huc12":"150602030703","name":"Cottonwood Basin-Verde River"},"geometry":{"type":"Polygon","coordinates":[[[-111.664,33.7719],[-111.6659,33.7708],[-111.6736,33.7788],[-111.6789,33.7808],[-111.6884,33.7899],[-111.7184,33.7913],[-111.7244,33.795],[-111.7308,33.7945],[-111.7346,33.7925],[-111.7418,33.7935],[-111.7486,33.7925],[-111.7639,33.7965],[-111.7715,33.7967],[-111.7855,33.8019],[-111.7891,33.801],[-111.7945,33.8018],[-111.8012,33.8068],[-111.8034,33.8116],[-111.8087,33.8176],[-111.8117,33.818],[-111.8133,33.8168],[-111.8179,33.8219],[-111.8179,33.8243],[-111.8202,33.8227],[-111.8195,33.8134],[-111.8212,33.8115],[-111.8199,33.8053],[-111.821,33.7988],[-111.8198,33.7951],[-111.822,33.7889],[-111.8199,33.7898],[-111.8103,33.7859],[-111.8054,33.7855],[-111.8042,33.78],[-111.8074,33.7743],[-111.8065,33.77],[-111.7967,33.767],[-111.7883,33.7618],[-111.7765,33.7584],[-111.7468,33.7531],[-111.7239,33.7467],[-111.7065,33.7456],[-111.6709,33.7471],[-111.6622,33.7499],[-111.6594,33.7561],[-111.6573,33.758],[-111.6504,33.7583],[-111.6441,33.7615],[-111.6409,33.7612],[-111.6374,33.7628],[-111.6334,33.7619],[-111.6295,33.7655],[-111.6227,33.7662],[-111.6139,33.7707],[-111.6128,33.7669],[-111.6068,33.7629],[-111.5991,33.7598],[-111.5966,33.7563],[-111.593,33.7553],[-111.5914,33.7593],[-111.5841,33.7585],[-111.5771,33.7625],[-111.5751,33.7632],[-111.5727,33.7621],[-111.5621,33.7664],[-111.5604,33.7692],[-111.5623,33.7782],[-111.5614,33.7796],[-111.5623,33.7836],[-111.565,33.7856],[-111.5611,33.7909],[-111.5647,33.7936],[-111.5688,33.7932],[-111.5737,33.7966],[-111.5773,33.7962],[-111.5792,33.7984],[-111.5883,33.7973],[-111.5957,33.8001],[-111.6035,33.7973],[-111.6072,33.7999],[-111.6099,33.7983],[-111.6157,33.7989],[-111.6214,33.796],[-111.6237,33.7918],[-111.6211,33.7876],[-111.6225,33.7843],[-111.622,33.7808],[-111.6237,33.7793],[-111.6274,33.7796],[-111.6308,33.7771],[-111.6312,33.7743],[-111.6287,33.772],[-111.6292,33.7691],[-111.632,33.769],[-111.6361,33.7663],[-111.6528,33.7635],[-111.6544,33.7664],[-111.6585,33.7697],[-111.664,33.7719]]]}},{"type":"Feature","properties":{"huc12":"150602030704","name":"Malpais Canyon-Verde River"},"geometry":{"type":"Polygon","coordinates":[[[-111.5604,33.77],[-111.5621,33.7664],[-111.5725,33.7622],[-111.5753,33.7632],[-111.5841,33.7585],[-111.5914,33.7593],[-111.593,33.7553],[-111.5966,33.7563],[-111.5991,33.7598],[-111.6068,33.7629],[-111.6128,33.7669],[-111.6139,33.7707],[-111.6227,33.7662],[-111.6295,33.7655],[-111.6334,33.7619],[-111.6374,33.7628],[-111.6409,33.7612],[-111.6441,33.7615],[-111.6504,33.7583],[-111.6573,33.758],[-111.6594,33.7561],[-111.6622,33.7499],[-111.6709,33.7471],[-111.6804,33.746],[-111.7139,33.7456],[-111.7239,33.7467],[-111.7468,33.7531],[-111.7709,33.7571],[-111.7883,33.7618],[-111.7967,33.767],[-111.8066,33.7701],[-111.8074,33.7743],[-111.8042,33.78],[-111.8054,33.7855],[-111.8103,33.7859],[-111.82,33.7898],[-111.8228,33.7875],[-111.8236,33.7838],[-111.822,33.7825],[-111.8222,33.781],[-111.8274,33.772],[-111.8313,33.7698],[-111.8321,33.7648],[-111.8354,33.7593],[-111.8324,33.7535],[-111.8323,33.7478],[-111.8294,33.7449],[-111.8294,33.7391],[-111.8274,33.7329],[-111.828,33.7257],[-111.8238,33.7231],[-111.8232,33.7212],[-111.8158,33.7216],[-111.8117,33.7251],[-111.8052,33.728],[-111.784,33.7316],[-111.7625,33.7273],[-111.7461,33.7277],[-111.7271,33.7235],[-111.7009,33.7207],[-111.691,33.7221],[-111.6717,33.7206],[-111.663,33.7186],[-111.6538,33.7102],[-111.6471,33.7108],[-111.6431,33.7092],[-111.6296,33.7115],[-111.6257,33.7099],[-111.6166,33.7104],[-111.6097,33.7078],[-111.5898,33.7049],[-111.5801,33.711],[-111.5756,33.7117],[-111.5679,33.7175],[-111.5676,33.7235],[-111.5691,33.7264],[-111.5734,33.7264],[-111.5743,33.7324],[-111.5695,33.7346],[-111.5688,33.7395],[-111.5643,33.7449],[-111.5651,33.7474],[-111.5641,33.7501],[-111.5551,33.7532],[-111.5555,33.755],[-111.5579,33.7567],[-111.5574,33.7592],[-111.5548,33.7617],[-111.5549,33.7639],[-111.5559,33.7666],[-111.5585,33.7674],[-111.5604,33.77]]]}},{"type":"Feature","properties":{"huc12":"150602030707","name":"Thompson Peak"},"geometry":{"type":"Polygon","coordinates":[[[-111.6791,33.6114],[-111.6858,33.6153],[-111.6896,33.6143],[-111.6957,33.6166],[-111.71,33.618],[-111.7185,33.6246],[-111.7217,33.6256],[-111.7277,33.6304],[-111.728,33.6321],[-111.7466,33.6408],[-111.7585,33.65],[-111.7671,33.6545],[-111.7827,33.6556],[-111.7925,33.6582],[-111.8069,33.6561],[-111.814,33.6607],[-111.8175,33.6594],[-111.8137,33.6571],[-111.8121,33.6534],[-111.8121,33.6443],[-111.8077,33.6414],[-111.8,33.639],[-111.792,33.6309],[-111.7928,33.6263],[-111.7902,33.6168],[-111.7845,33.6146],[-111.7819,33.61],[-111.7756,33.6098],[-111.7724,33.6056],[-111.7692,33.6079],[-111.7662,33.6081],[-111.7575,33.6028],[-111.7351,33.606],[-111.7263,33.6103],[-111.7128,33.6113],[-111.7079,33.61],[-111.7059,33.6071],[-111.7015,33.6102],[-111.6915,33.6099],[-111.6791,33.6114]]]}},{"type":"Feature","properties":{"huc12":"150602030708","name":"Fort McDowell-Verde River"},"geometry":{"type":"Polygon","coordinates":[[[-111.7847,33.6799],[-111.7922,33.68],[-111.7972,33.6777],[-111.8004,33.6797],[-111.8055,33.6782],[-111.8084,33.6789],[-111.812,33.6763],[-111.8121,33.6731],[-111.815,33.6723],[-111.8141,33.669],[-111.8151,33.6657],[-111.8176,33.6633],[-111.8171,33.66],[-111.8139,33.6607],[-111.8069,33.6561],[-111.7925,33.6582],[-111.7827,33.6556],[-111.7667,33.6544],[-111.7585,33.65],[-111.7466,33.6408],[-111.728,33.6321],[-111.7277,33.6304],[-111.7217,33.6256],[-111.7185,33.6246],[-111.71,33.618],[-111.6957,33.6166],[-111.6896,33.6143],[-111.6858,33.6153],[-111.6776,33.6106],[-111.6544,33.6121],[-111.6434,33.6153],[-111.6373,33.6187],[-111.6305,33.6194],[-111.6183,33.6184],[-111.6149,33.6166],[-111.6125,33.6185],[-111.6126,33.62],[-111.636,33.6231],[-111.639,33.6257],[-111.646,33.6287],[-111.6454,33.6313],[-111.6492,33.6365],[-111.6635,33.6331],[-111.6646,33.6341],[-111.6631,33.6366],[-111.6565,33.6404],[-111.6524,33.6444],[-111.6516,33.6493],[-111.637,33.6546],[-111.6362,33.6564],[-111.6429,33.6555],[-111.6476,33.6574],[-111.6521,33.6553],[-111.6568,33.6556],[-111.6653,33.6514],[-111.6682,33.6483],[-111.6763,33.6468],[-111.6809,33.6496],[-111.6858,33.6495],[-111.6889,33.651],[-111.6948,33.6506],[-111.7038,33.6561],[-111.7124,33.6575],[-111.7174,33.6629],[-111.7276,33.667],[-111.7357,33.6663],[-111.7418,33.6681],[-111.7577,33.6692],[-111.7649,33.6714],[-111.7695,33.6766],[-111.7847,33.6799]]]}},{"type":"Feature","properties":{"huc12":"150701010102","name":"Middle Tank"},"geometry":{"type":"Polygon","coordinates":[[[-112.3269,33.1458],[-112.3279,33.1418],[-112.3398,33.1259],[-112.3405,33.1165],[-112.3452,33.1131],[-112.348,33.102],[-112.3496,33.0901],[-112.349,33.0837],[-112.3521,33.0758],[-112.35,33.0684],[-112.3518,33.0612],[-112.3479,33.0543],[-112.3496,33.0353],[-112.3528,33.0319],[-112.3515,33.0268],[-112.3518,33.0187],[-112.3574,33.0088],[-112.3583,33.0022],[-112.3678,32.9887],[-112.3716,32.9722],[-112.3739,32.9677],[-112.3778,32.9625],[-112.3855,32.957],[-112.3873,32.9542],[-112.387,32.9498],[-112.3836,32.9487],[-112.3707,32.9498],[-112.3603,32.9592],[-112.3455,32.964],[-112.342,32.9681],[-112.3417,32.9756],[-112.3436,32.9789],[-112.3447,32.9904],[-112.3411,33.0013],[-112.3391,33.0126],[-112.3335,33.0195],[-112.333,33.0233],[-112.3291,33.0306],[-112.3271,33.0398],[-112.3222,33.0425],[-112.3224,33.05],[-112.3195,33.0565],[-112.3183,33.0641],[-112.3142,33.0742],[-112.3122,33.0759],[-112.3166,33.0788],[-112.3177,33.0824],[-112.3167,33.0853],[-112.325,33.0886],[-112.3258,33.0934],[-112.3288,33.0978],[-112.3368,33.103],[-112.339,33.1096],[-112.3341,33.1216],[-112.3283,33.1315],[-112.326,33.1394],[-112.3259,33.1447],[-112.3269,33.1458]]]}},{"type":"Feature","properties":{"huc12":"150701010103","name":"Big Bertha Tank-Waterman Wash"},"geometry":{"type":"Polygon","coordinates":[[[-112.1776,33.1611],[-112.1817,33.1645],[-112.1818,33.1703],[-112.1864,33.1711],[-112.1895,33.1779],[-112.1943,33.1804],[-112.1974,33.1845],[-112.211,33.1789],[-112.2142,33.1808],[-112.2201,33.1808],[-112.2331,33.1783],[-112.2409,33.1727],[-112.2505,33.1698],[-112.2661,33.1704],[-112.2697,33.1676],[-112.2791,33.1646],[-112.2906,33.1642],[-112.3071,33.1609],[-112.3202,33.1553],[-112.3251,33.1514],[-112.3269,33.1458],[-112.3258,33.1443],[-112.3261,33.1383],[-112.3283,33.1315],[-112.3341,33.1216],[-112.339,33.1096],[-112.3368,33.103],[-112.3288,33.0978],[-112.3258,33.0934],[-112.325,33.0886],[-112.3167,33.0853],[-112.3177,33.0824],[-112.3166,33.0788],[-112.3122,33.0759],[-112.3142,33.0742],[-112.3183,33.0641],[-112.3195,33.0565],[-112.3224,33.05],[-112.3222,33.0425],[-112.3271,33.0398],[-112.3291,33.0306],[-112.333,33.0233],[-112.3335,33.0195],[-112.3391,33.0126],[-112.3411,33.0013],[-112.3447,32.9904],[-112.3436,32.9789],[-112.3417,32.9756],[-112.3429,32.966],[-112.3493,32.9623],[-112.3603,32.9592],[-112.3707,32.9498],[-112.3815,32.9483],[-112.387,32.9498],[-112.3921,32.9472],[-112.3905,32.9389],[-112.3917,32.9352],[-112.3948,32.9329],[-112.3906,32.9282],[-112.3862,32.9279],[-112.3841,32.926],[-112.3894,32.9194],[-112.388,32.9157],[-112.3883,32.9113],[-112.3899,32.9099],[-112.3886,32.9068],[-112.38,32.9072],[-112.3777,32.9051],[-112.37,32.9023],[-112.3684,32.909],[-112.3658,32.911],[-112.3674,32.9152],[-112.3656,32.9211],[-112.3592,32.9256],[-112.3581,32.928],[-112.3584,32.9319],[-112.3537,32.9311],[-112.3461,32.9325],[-112.3447,32.9294],[-112.3414,32.9269],[-112.3368,32.9269],[-112.3313,32.9251],[-112.3242,32.9261],[-112.3192,32.9249],[-112.3122,32.9264],[-112.3111,32.9281],[-112.3125,32.9297],[-112.3071,32.9363],[-112.3123,32.9374],[-112.3147,32.9399],[-112.3122,32.9406],[-112.3117,32.9441],[-112.3086,32.9472],[-112.3095,32.9499],[-112.3078,32.9541],[-112.3121,32.957],[-112.308,32.9621],[-112.3103,32.9689],[-112.3095,32.9722],[-112.3044,32.982],[-112.3006,32.9951],[-112.2934,33.0032],[-112.2871,33.0171],[-112.2829,33.0288],[-112.2828,33.0339],[-112.2782,33.0416],[-112.276,33.051],[-112.2602,33.0679],[-112.2581,33.0882],[-112.2343,33.1047],[-112.2246,33.1084],[-112.2235,33.1105],[-112.2258,33.1137],[-112.2203,33.1215],[-112.2233,33.1257],[-112.2191,33.1266],[-112.2076,33.1338],[-112.1997,33.1365],[-112.199,33.1402],[-112.1938,33.145],[-112.1862,33.1459],[-112.1871,33.1486],[-112.185,33.1517],[-112.1768,33.1566],[-112.1783,33.1591],[-112.1776,33.1611]]]}},{"type":"Feature","properties":{"huc12":"150701010104","name":"West Prong Waterman Wash"},"geometry":{"type":"Polygon","coordinates":[[[-112.3666,33.1764],[-112.3762,33.1675],[-112.3888,33.1602],[-112.3946,33.153],[-112.4043,33.1479],[-112.4136,33.14],[-112.4233,33.1232],[-112.4293,33.1193],[-112.4363,33.1087],[-112.4392,33.1011],[-112.4471,33.0926],[-112.451,33.0863],[-112.4555,33.0874],[-112.4607,33.0828],[-112.4692,33.0833],[-112.475,33.0873],[-112.484,33.0891],[-112.4868,33.0928],[-112.4887,33.0932],[-112.4927,33.0905],[-112.494,33.0916],[-112.4978,33.0904],[-112.5021,33.0863],[-112.5084,33.0871],[-112.5041,33.0832],[-112.4998,33.083],[-112.4978,33.0801],[-112.4988,33.0779],[-112.4981,33.0763],[-112.4946,33.0701],[-112.4908,33.0675],[-112.4926,33.0655],[-112.4919,33.0587],[-112.4889,33.0576],[-112.4838,33.0583],[-112.4799,33.0558],[-112.4785,33.0576],[-112.4758,33.0569],[-112.4744,33.0512],[-112.4712,33.0502],[-112.4668,33.0437],[-112.4629,33.042],[-112.4627,33.0407],[-112.4652,33.04],[-112.4689,33.036],[-112.4746,33.0371],[-112.4783,33.0344],[-112.4767,33.0325],[-112.4713,33.0312],[-112.4701,33.0281],[-112.4649,33.0226],[-112.4646,33.019],[-112.4627,33.0162],[-112.4644,33.0126],[-112.4568,33.0092],[-112.4549,33.0113],[-112.4513,33.0118],[-112.4503,33.0136],[-112.4397,33.0121],[-112.4219,33.0011],[-112.4225,33],[-112.418,32.9962],[-112.4157,32.9856],[-112.413,32.9804],[-112.4112,32.9674],[-112.4099,32.9655],[-112.4092,32.9557],[-112.4054,32.9539],[-112.4022,32.9545],[-112.3971,32.953],[-112.3944,32.9488],[-112.3917,32.9471],[-112.387,32.9498],[-112.3874,32.9538],[-112.3858,32.9568],[-112.3778,32.9625],[-112.372,32.9713],[-112.368,32.9882],[-112.3651,32.9939],[-112.3583,33.0022],[-112.3574,33.0088],[-112.3519,33.0184],[-112.3515,33.0268],[-112.3528,33.0319],[-112.3496,33.0353],[-112.3479,33.0543],[-112.3518,33.0612],[-112.35,33.0684],[-112.3521,33.0758],[-112.3491,33.0833],[-112.3489,33.087],[-112.3547,33.1097],[-112.3593,33.1141],[-112.3612,33.1199],[-112.3654,33.1237],[-112.3677,33.1309],[-112.3686,33.1436],[-112.3651,33.1508],[-112.364,33.1588],[-112.3646,33.1704],[-112.3666,33.1764]]]}},{"type":"Feature","properties":{"huc12":"150701010105","name":"Big Mac Tank-Waterman Wash"},"geometry":{"type":"Polygon","coordinates":[[[-112.2231,33.2312],[-112.2302,33.2304],[-112.2329,33.2323],[-112.2379,33.2333],[-112.2394,33.2355],[-112.251,33.2295],[-112.2531,33.225],[-112.2551,33.2237],[-112.2567,33.218],[-112.256,33.2141],[-112.2538,33.2142],[-112.2521,33.2113],[-112.2531,33.2058],[-112.2554,33.2034],[-112.2565,33.1997],[-112.2608,33.1969],[-112.2848,33.1907],[-112.292,33.1868],[-112.3076,33.1848],[-112.3243,33.181],[-112.3355,33.1808],[-112.3665,33.1766],[-112.3646,33.1704],[-112.364,33.1588],[-112.3651,33.1508],[-112.3686,33.1436],[-112.3677,33.1309],[-112.3654,33.1237],[-112.3612,33.1199],[-112.3593,33.1141],[-112.3547,33.1097],[-112.3496,33.0901],[-112.3456,33.1119],[-112.3448,33.1138],[-112.3405,33.1165],[-112.3398,33.1259],[-112.3279,33.1418],[-112.3251,33.1514],[-112.3208,33.155],[-112.3071,33.1609],[-112.2906,33.1642],[-112.2791,33.1646],[-112.2697,33.1676],[-112.2661,33.1704],[-112.2505,33.1698],[-112.2409,33.1727],[-112.2331,33.1783],[-112.2201,33.1808],[-112.2142,33.1808],[-112.211,33.1789],[-112.1974,33.1845],[-112.1992,33.1871],[-112.2045,33.1892],[-112.2074,33.2006],[-112.2104,33.2032],[-112.21,33.2054],[-112.2155,33.2185],[-112.216,33.2294],[-112.2231,33.2312]]]}},{"type":"Feature","properties":{"huc12":"150701010208","name":"Poison Well"},"geometry":{"type":"Polygon","coordinates":[[[-112.7949,33.2323],[-112.793,33.2464],[-112.79,33.249],[-112.7908,33.2514],[-112.7971,33.2533],[-112.8051,33.2501],[-112.8128,33.251],[-112.8188,33.2487],[-112.83,33.2329],[-112.8361,33.2195],[-112.8429,33.2137],[-112.8496,33.2109],[-112.8553,33.2123],[-112.8567,33.2148],[-112.8608,33.2163],[-112.865,33.2168],[-112.8689,33.2132],[-112.8768,33.2157],[-112.8797,33.218],[-112.8853,33.2174],[-112.8838,33.2119],[-112.8802,33.2092],[-112.8771,33.2043],[-112.8817,33.1982],[-112.8845,33.1892],[-112.8851,33.1788],[-112.8824,33.171],[-112.8687,33.1688],[-112.8636,33.169],[-112.8614,33.1703],[-112.8596,33.1676],[-112.852,33.1675],[-112.852,33.1722],[-112.8444,33.1863],[-112.8464,33.1883],[-112.8469,33.1913],[-112.8449,33.192],[-112.8435,33.1905],[-112.8402,33.1914],[-112.8325,33.2029],[-112.8268,33.207],[-112.8186,33.2076],[-112.8002,33.2116],[-112.8016,33.2135],[-112.7996,33.2155],[-112.7996,33.2243],[-112.7971,33.2306],[-112.7949,33.2323]]]}},{"type":"Feature","properties":{"huc12":"150701010202","name":"Town of Goodyear-Gila River"},"geometry":{"type":"Polygon","coordinates":[[[-112.4265,33.4012],[-112.4266,33.4046],[-112.4376,33.4008],[-112.4604,33.3769],[-112.4565,33.3704],[-112.4484,33.3643],[-112.4435,33.3586],[-112.4376,33.3564],[-112.4341,33.3572],[-112.4332,33.3587],[-112.4313,33.3572],[-112.4274,33.3587],[-112.4237,33.3545],[-112.4149,33.3523],[-112.4134,33.3479],[-112.4065,33.3428],[-112.4039,33.3432],[-112.4015,33.3464],[-112.3971,33.3461],[-112.3949,33.348],[-112.3927,33.3459],[-112.3933,33.3446],[-112.3921,33.3431],[-112.3931,33.342],[-112.39,33.3405],[-112.3867,33.3414],[-112.3851,33.3395],[-112.3828,33.3418],[-112.3831,33.3451],[-112.3822,33.3459],[-112.3761,33.3432],[-112.3708,33.3449],[-112.3699,33.3425],[-112.3604,33.3356],[-112.3558,33.3342],[-112.3472,33.3346],[-112.3398,33.3281],[-112.3302,33.3325],[-112.3246,33.3396],[-112.3225,33.3508],[-112.3163,33.3578],[-112.3153,33.3607],[-112.3132,33.3609],[-112.3117,33.3625],[-112.3102,33.3668],[-112.3107,33.3695],[-112.306,33.375],[-112.3068,33.3802],[-112.3035,33.3813],[-112.3011,33.3917],[-112.3551,33.3919],[-112.3593,33.3884],[-112.3634,33.3889],[-112.368,33.3922],[-112.3855,33.3973],[-112.4052,33.3999],[-112.4068,33.3981],[-112.4152,33.3986],[-112.421,33.4014],[-112.4265,33.4012]]]}},{"type":"Feature","properties":{"huc12":"150701010207","name":"Luke Wash"},"geometry":{"type":"Polygon","coordinates":[[[-112.7899,33.5713],[-112.7906,33.5758],[-112.7894,33.5773],[-112.791,33.5799],[-112.8007,33.5849],[-112.8055,33.5912],[-112.8046,33.5936],[-112.8054,33.5949],[-112.8076,33.5966],[-112.8157,33.5927],[-112.8111,33.5868],[-112.8178,33.5807],[-112.8208,33.57],[-112.8227,33.5496],[-112.8322,33.5174],[-112.8331,33.5078],[-112.8357,33.5034],[-112.837,33.4938],[-112.8399,33.4881],[-112.8428,33.476],[-112.842,33.4614],[-112.8439,33.45],[-112.843,33.4407],[-112.8405,33.4334],[-112.8372,33.4141],[-112.8365,33.4062],[-112.8378,33.4005],[-112.8297,33.3897],[-112.832,33.3854],[-112.8278,33.3774],[-112.821,33.3721],[-112.8197,33.3656],[-112.8158,33.3616],[-112.8158,33.3582],[-112.8124,33.3538],[-112.8089,33.3517],[-112.8085,33.3492],[-112.8032,33.3427],[-112.7911,33.3386],[-112.7881,33.3362],[-112.7873,33.3315],[-112.781,33.3263],[-112.7756,33.3253],[-112.7727,33.3231],[-112.77,33.3232],[-112.7661,33.3194],[-112.7619,33.3205],[-112.7503,33.3292],[-112.7506,33.3378],[-112.7459,33.347],[-112.7546,33.3507],[-112.7547,33.3593],[-112.7522,33.3685],[-112.7595,33.3871],[-112.7595,33.3915],[-112.7639,33.4051],[-112.7636,33.4101],[-112.765,33.4158],[-112.7695,33.4233],[-112.7743,33.4275],[-112.7798,33.4357],[-112.7836,33.4464],[-112.7832,33.4564],[-112.7815,33.4616],[-112.7833,33.4627],[-112.7841,33.4741],[-112.789,33.4893],[-112.7893,33.4946],[-112.7871,33.4978],[-112.7909,33.5077],[-112.7896,33.5171],[-112.791,33.5192],[-112.7908,33.5224],[-112.7889,33.5271],[-112.7962,33.5443],[-112.7966,33.5535],[-112.8029,33.5648],[-112.8016,33.5676],[-112.8025,33.5691],[-112.7925,33.5688],[-112.7899,33.5713]]]}},{"type":"Feature","properties":{"huc12":"150701010209","name":"Arlington Valley-Gila River"},"geometry":{"type":"Polygon","coordinates":[[[-112.7451,33.3468],[-112.7471,33.3453],[-112.7506,33.3378],[-112.7498,33.3304],[-112.7509,33.3286],[-112.7619,33.3205],[-112.7722,33.3193],[-112.7821,33.3142],[-112.7876,33.3078],[-112.7905,33.3076],[-112.793,33.3004],[-112.7952,33.3001],[-112.7945,33.2982],[-112.7962,33.2907],[-112.7811,33.2899],[-112.7806,33.2821],[-112.776,33.2788],[-112.7723,33.2705],[-112.7715,33.2654],[-112.7727,33.2613],[-112.7746,33.2607],[-112.7846,33.2636],[-112.8005,33.2632],[-112.8041,33.2612],[-112.8058,33.2582],[-112.8119,33.2552],[-112.8122,33.2511],[-112.8095,33.2504],[-112.8035,33.2503],[-112.7971,33.2533],[-112.7908,33.2514],[-112.79,33.249],[-112.793,33.2464],[-112.7949,33.2323],[-112.79,33.235],[-112.7792,33.2338],[-112.7748,33.2285],[-112.7646,33.2298],[-112.7609,33.235],[-112.7557,33.2349],[-112.7534,33.2376],[-112.7444,33.2395],[-112.7396,33.2433],[-112.7331,33.2432],[-112.7309,33.2445],[-112.7306,33.2464],[-112.7245,33.2521],[-112.7234,33.2551],[-112.7155,33.2556],[-112.7134,33.262],[-112.7061,33.2652],[-112.7035,33.2682],[-112.6996,33.2685],[-112.6983,33.2664],[-112.6928,33.2676],[-112.6918,33.2694],[-112.6869,33.2706],[-112.6844,33.2683],[-112.6739,33.2661],[-112.6721,33.2632],[-112.6609,33.2657],[-112.6552,33.2634],[-112.6485,33.2642],[-112.6446,33.2664],[-112.6413,33.2659],[-112.6398,33.2677],[-112.633,33.2665],[-112.627,33.2697],[-112.6265,33.2724],[-112.6217,33.2766],[-112.6221,33.2807],[-112.6233,33.2816],[-112.6204,33.2896],[-112.6214,33.2905],[-112.6207,33.2918],[-112.6223,33.2924],[-112.6205,33.2934],[-112.6254,33.2978],[-112.6253,33.3001],[-112.6291,33.2997],[-112.6303,33.3019],[-112.6306,33.3081],[-112.6273,33.3155],[-112.6457,33.3207],[-112.6497,33.3248],[-112.6517,33.3348],[-112.6562,33.3351],[-112.6654,33.3313],[-112.6834,33.3327],[-112.6883,33.3292],[-112.6968,33.3287],[-112.7017,33.3268],[-112.711,33.3266],[-112.7116,33.3217],[-112.7129,33.3293],[-112.7158,33.3304],[-112.722,33.3369],[-112.7375,33.3462],[-112.7451,33.3468]]]}}]}