{"type":"FeatureCollection","features":[{"type":"Feature","properties":{"huc10":"1506010503","name":"Rye Creek-Tonto Creek"},"geometry":{"type":"Polygon","coordinates":[[[-111.2223,34.3204],[-111.2282,34.318],[-111.2382,34.3194],[-111.241,34.3134],[-111.2464,34.3117],[-111.2445,34.306],[-111.2479,34.3035],[-111.2687,34.2908],[-111.2745,34.2909],[-111.2829,34.2829],[-111.2913,34.2852],[-111.2984,34.2788],[-111.3072,34.2765],[-111.3069,34.2678],[-111.3096,34.2659],[-111.3088,34.2607],[-111.3113,34.2542],[-111.3074,34.2506],[-111.3063,34.244],[-111.3075,34.2315],[-111.3114,34.2267],[-111.3158,34.2263],[-111.3237,34.2212],[-111.3294,34.2215],[-111.3394,34.2116],[-111.3449,34.2175],[-111.3507,34.2156],[-111.3534,34.2179],[-111.3542,34.2249],[-111.3642,34.231],[-111.3683,34.2302],[-111.3677,34.2275],[-111.3726,34.223],[-111.3783,34.2276],[-111.3877,34.2275],[-111.392,34.225],[-111.3876,34.2103],[-111.4071,34.2077],[-111.4128,34.2027],[-111.4276,34.2005],[-111.4357,34.1953],[-111.4409,34.1963],[-111.4429,34.1903],[-111.447,34.1884],[-111.4477,34.1784],[-111.4689,34.179],[-111.4784,34.1734],[-111.4817,34.1671],[-111.4779,34.1511],[-111.4937,34.1329],[-111.4923,34.131],[-111.4797,34.13],[-111.4823,34.1221],[-111.4806,34.1191],[-111.4752,34.1187],[-111.4717,34.1113],[-111.4862,34.0951],[-111.4781,34.087],[-111.4791,34.0839],[-111.4761,34.0805],[-111.4644,34.0724],[-111.4614,34.063],[-111.463,34.0593],[-111.4727,34.0581],[-111.4688,34.0477],[-111.4727,34.0417],[-111.4837,34.0401],[-111.4867,34.0358],[-111.4933,34.0379],[-111.4977,34.029],[-111.4952,34.0237],[-111.4975,34.0182],[-111.4961,34.0143],[-111.5006,34.0087],[-111.4953,33.9997],[-111.4723,34.0049],[-111.4702,34.0028],[-111.4669,34.0064],[-111.4593,34.0025],[-111.4541,34.0047],[-111.4496,34.0002],[-111.4448,34.0009],[-111.4404,33.9964],[-111.4427,33.9912],[-111.4337,33.9857],[-111.4251,33.9888],[-111.4134,33.9873],[-111.4026,33.991],[-111.372,33.9922],[-111.3629,33.9965],[-111.3552,33.9938],[-111.3547,33.9975],[-111.3495,33.9981],[-111.3474,34.0015],[-111.3399,33.9972],[-111.3332,33.9979],[-111.3267,33.9915],[-111.2975,33.9788],[-111.2864,33.9847],[-111.284,33.9924],[-111.2765,33.9961],[-111.2742,34.0049],[-111.2651,34.0104],[-111.2539,34.0247],[-111.2449,34.0276],[-111.2439,34.0304],[-111.2475,34.0332],[-111.2501,34.0423],[-111.2457,34.0526],[-111.2363,34.0603],[-111.236,34.0655],[-111.2319,34.0682],[-111.2275,34.0676],[-111.2025,34.0872],[-111.1933,34.0859],[-111.1926,34.0903],[-111.1876,34.0934],[-111.1762,34.094],[-111.1726,34.0853],[-111.1616,34.08],[-111.1554,34.0821],[-111.1424,34.0724],[-111.1459,34.0645],[-111.1428,34.0622],[-111.1233,34.0799],[-111.1356,34.0978],[-111.1358,34.1096],[-111.1427,34.1148],[-111.1408,34.1175],[-111.1418,34.1281],[-111.1481,34.1325],[-111.1477,34.1407],[-111.1522,34.1514],[-111.1634,34.153],[-111.1706,34.16],[-111.1706,34.169],[-111.1808,34.1959],[-111.1755,34.2019],[-111.1774,34.2047],[-111.1753,34.2077],[-111.1809,34.2137],[-111.1752,34.2267],[-111.1767,34.2309],[-111.1683,34.2316],[-111.1642,34.238],[-111.1682,34.2533],[-111.1646,34.2561],[-111.1517,34.2548],[-111.1428,34.2647],[-111.1426,34.2691],[-111.1392,34.2725],[-111.1283,34.2725],[-111.1303,34.2767],[-111.1189,34.2789],[-111.1109,34.2845],[-111.1183,34.2913],[-111.1235,34.3027],[-111.1375,34.3045],[-111.1434,34.3016],[-111.1552,34.3073],[-111.1647,34.306],[-111.1688,34.3009],[-111.1856,34.2986],[-111.1895,34.2939],[-111.1962,34.293],[-111.1999,34.2984],[-111.2116,34.3023],[-111.2105,34.3085],[-111.2132,34.3107],[-111.2138,34.3177],[-111.2223,34.3204]]]}},{"type":"Feature","properties":{"huc10":"1506010504","name":"Gun Creek-Tonto Creek"},"geometry":{"type":"Polygon","coordinates":[[[-111.1758,34.0937],[-111.1876,34.0934],[-111.1926,34.0903],[-111.1933,34.0859],[-111.2025,34.0872],[-111.2275,34.0676],[-111.2319,34.0682],[-111.2359,34.0656],[-111.2363,34.0603],[-111.2457,34.0526],[-111.2501,34.0423],[-111.2475,34.0332],[-111.2439,34.0304],[-111.2449,34.0276],[-111.2539,34.0247],[-111.2651,34.0104],[-111.2742,34.0049],[-111.2765,33.9961],[-111.284,33.9924],[-111.2864,33.9847],[-111.2972,33.9789],[-111.3267,33.9915],[-111.3332,33.9979],[-111.3399,33.9972],[-111.3474,34.0015],[-111.3495,33.9981],[-111.3547,33.9975],[-111.3552,33.9938],[-111.3629,33.9965],[-111.372,33.9922],[-111.4026,33.991],[-111.4134,33.9873],[-111.4253,33.9888],[-111.4337,33.9857],[-111.4347,33.9808],[-111.4482,33.9731],[-111.4528,33.9621],[-111.448,33.9582],[-111.4523,33.9487],[-111.4473,33.9413],[-111.4471,33.9348],[-111.4521,33.9334],[-111.4493,33.9295],[-111.4517,33.9209],[-111.4374,33.9161],[-111.4259,33.926],[-111.4052,33.9194],[-111.4086,33.9118],[-111.408,33.9052],[-111.4115,33.9038],[-111.4136,33.8987],[-111.4114,33.8917],[-111.4128,33.8857],[-111.4055,33.8821],[-111.4057,33.8795],[-111.3961,33.8768],[-111.3963,33.8684],[-111.3873,33.8626],[-111.396,33.8448],[-111.3954,33.8408],[-111.3903,33.8376],[-111.3926,33.8359],[-111.3839,33.8337],[-111.3724,33.8239],[-111.3724,33.8181],[-111.3843,33.8166],[-111.3885,33.805],[-111.3785,33.7937],[-111.3828,33.7883],[-111.3813,33.7852],[-111.3855,33.7833],[-111.3894,33.7768],[-111.3866,33.7732],[-111.3893,33.7705],[-111.3872,33.7634],[-111.3822,33.7609],[-111.3863,33.7529],[-111.3857,33.7492],[-111.3812,33.7476],[-111.3731,33.7493],[-111.3721,33.7453],[-111.3587,33.7408],[-111.355,33.7339],[-111.3495,33.7314],[-111.3326,33.7435],[-111.3276,33.7435],[-111.3255,33.7461],[-111.3273,33.7504],[-111.323,33.7524],[-111.3164,33.7542],[-111.3097,33.752],[-111.2841,33.7595],[-111.2763,33.7818],[-111.2675,33.7868],[-111.2537,33.7878],[-111.2481,33.7947],[-111.2416,33.797],[-111.2322,33.7937],[-111.2208,33.7991],[-111.1848,33.8046],[-111.174,33.8011],[-111.152,33.8027],[-111.1532,33.8075],[-111.1482,33.8107],[-111.1483,33.813],[-111.1373,33.8156],[-111.1318,33.8139],[-111.1274,33.8235],[-111.1161,33.8231],[-111.1109,33.8273],[-111.1096,33.8343],[-111.1209,33.8374],[-111.1231,33.8425],[-111.1152,33.8508],[-111.1192,33.8682],[-111.1143,33.8787],[-111.1054,33.8838],[-111.1033,33.8915],[-111.0971,33.8968],[-111.0931,33.8969],[-111.0914,33.9007],[-111.0838,33.9037],[-111.0819,33.9104],[-111.0879,33.9133],[-111.09,33.9248],[-111.0954,33.9287],[-111.1016,33.9254],[-111.1044,33.9294],[-111.1022,33.9349],[-111.105,33.9372],[-111.1173,33.9398],[-111.1213,33.9329],[-111.1198,33.9279],[-111.1397,33.9297],[-111.146,33.9337],[-111.1528,33.9344],[-111.1576,33.9527],[-111.1551,33.9533],[-111.1539,33.959],[-111.1471,33.9587],[-111.145,33.9609],[-111.1435,33.9689],[-111.1382,33.9753],[-111.1474,33.9871],[-111.1512,34.0037],[-111.1413,34.0073],[-111.1365,34.0173],[-111.1374,34.0261],[-111.1346,34.032],[-111.1434,34.0442],[-111.1385,34.0553],[-111.1459,34.0643],[-111.1424,34.0724],[-111.1554,34.0821],[-111.1616,34.08],[-111.1726,34.0853],[-111.1758,34.0937]]]}},{"type":"Feature","properties":{"huc10":"1506010602","name":"Indian Bend Wash"},"geometry":{"type":"Polygon","coordinates":[[[-111.8203,33.7936],[-111.8212,33.8115],[-111.819,33.8245],[-111.8244,33.8304],[-111.8287,33.8421],[-111.828,33.8332],[-111.8304,33.8266],[-111.8481,33.8048],[-111.881,33.789],[-111.8895,33.7775],[-111.9122,33.7677],[-111.948,33.7469],[-111.966,33.7405],[-111.9991,33.7205],[-112.0155,33.7148],[-112.0253,33.7055],[-112.0293,33.6955],[-112.0293,33.6807],[-112.0124,33.6763],[-112.0057,33.6678],[-111.9979,33.6636],[-112.004,33.6497],[-112.0218,33.6326],[-112.0261,33.6246],[-112.028,33.6096],[-112.044,33.6057],[-112.0431,33.6009],[-112.0463,33.598],[-112.0389,33.5973],[-112.0353,33.5938],[-112.0428,33.5815],[-112.0379,33.5775],[-112.0178,33.5728],[-112.0145,33.564],[-112.0112,33.5627],[-112.021,33.5473],[-112.0145,33.5485],[-112.009,33.543],[-112.004,33.5427],[-111.9903,33.5535],[-111.9824,33.5483],[-111.9804,33.544],[-111.9732,33.5417],[-111.9698,33.5451],[-111.9584,33.5417],[-111.9599,33.5141],[-111.9525,33.5102],[-111.948,33.5025],[-111.9465,33.4903],[-111.9508,33.4812],[-111.9488,33.4731],[-111.9553,33.4729],[-111.9564,33.4684],[-111.9382,33.4674],[-111.9385,33.4612],[-111.9358,33.4582],[-111.9272,33.4559],[-111.9247,33.4464],[-111.92,33.4403],[-111.9168,33.4399],[-111.9199,33.4344],[-111.9174,33.4347],[-111.9143,33.44],[-111.9072,33.4408],[-111.9028,33.4458],[-111.9005,33.4584],[-111.892,33.4625],[-111.8916,33.4748],[-111.8827,33.4844],[-111.8826,33.4876],[-111.8745,33.4878],[-111.874,33.5278],[-111.8608,33.5248],[-111.8453,33.5151],[-111.8187,33.505],[-111.8084,33.5026],[-111.8053,33.5051],[-111.8047,33.5326],[-111.8008,33.5394],[-111.7996,33.5527],[-111.7955,33.5652],[-111.7996,33.5661],[-111.8054,33.5719],[-111.7957,33.5793],[-111.791,33.5876],[-111.7873,33.604],[-111.7915,33.6095],[-111.7894,33.6164],[-111.7928,33.6263],[-111.792,33.6309],[-111.8,33.639],[-111.8121,33.6443],[-111.8121,33.6534],[-111.8175,33.6593],[-111.8142,33.6687],[-111.815,33.6723],[-111.8084,33.6789],[-111.8147,33.6849],[-111.812,33.6897],[-111.8125,33.7018],[-111.8198,33.7188],[-111.828,33.7257],[-111.8294,33.7449],[-111.8353,33.7578],[-111.8313,33.7698],[-111.8274,33.772],[-111.8221,33.7812],[-111.8236,33.7839],[-111.8203,33.7936]]]}},{"type":"Feature","properties":{"huc10":"1505030302","name":"Santa Cruz River-North Branch Santa Cruz Wash"},"geometry":{"type":"Polygon","coordinates":[[[-111.7047,33.0185],[-111.7091,33.0119],[-111.713,33.0135],[-111.7178,33.0102],[-111.733,33.0073],[-111.7332,33.0114],[-111.7409,33.0104],[-111.7454,33.0084],[-111.7462,33.0045],[-111.7508,33.0013],[-111.7719,33.0028],[-111.8135,32.9955],[-111.8186,32.9916],[-111.8191,32.9874],[-111.8382,32.9722],[-111.8436,32.9623],[-111.8628,32.9428],[-111.869,32.9461],[-111.8865,32.9387],[-111.8858,32.9231],[-111.8676,32.9068],[-111.8481,32.8944],[-111.8255,32.8937],[-111.7916,32.8645],[-111.7915,32.8494],[-111.7864,32.8441],[-111.7845,32.8372],[-111.7788,32.8326],[-111.7621,32.8283],[-111.752,32.8184],[-111.7392,32.7929],[-111.7265,32.7816],[-111.7134,32.7813],[-111.6981,32.793],[-111.6961,32.787],[-111.6799,32.7808],[-111.6596,32.7683],[-111.6202,32.7341],[-111.6204,32.6902],[-111.6172,32.6863],[-111.5817,32.6639],[-111.5295,32.6235],[-111.5078,32.6121],[-111.4938,32.5975],[-111.474,32.5852],[-111.4573,32.5784],[-111.4434,32.5758],[-111.4366,32.5816],[-111.4131,32.5713],[-111.3972,32.5701],[-111.3912,32.564],[-111.3821,32.5612],[-111.3648,32.5499],[-111.3374,32.5417],[-111.3333,32.5371],[-111.3328,32.5308],[-111.3273,32.5313],[-111.3068,32.5251],[-111.294,32.5132],[-111.2799,32.512],[-111.2685,32.5144],[-111.259,32.5123],[-111.2522,32.5136],[-111.2355,32.5268],[-111.1933,32.5397],[-111.1828,32.5404],[-111.1551,32.5541],[-111.1395,32.5577],[-111.1323,32.5644],[-111.127,32.5634],[-111.1023,32.5815],[-111.0659,32.5986],[-111.0948,32.6003],[-111.0946,32.6048],[-111.0985,32.6122],[-111.1079,32.6204],[-111.115,32.6195],[-111.1165,32.6218],[-111.1256,32.6239],[-111.2119,32.6112],[-111.2345,32.6121],[-111.2605,32.6165],[-111.2872,32.6109],[-111.353,32.6107],[-111.369,32.6272],[-111.3758,32.6293],[-111.3881,32.6281],[-111.3934,32.6335],[-111.4043,32.6359],[-111.4079,32.6399],[-111.4149,32.6418],[-111.4163,32.6556],[-111.4133,32.6561],[-111.4133,32.6618],[-111.4609,32.6928],[-111.4645,32.6973],[-111.4654,32.7054],[-111.4774,32.7122],[-111.4853,32.7128],[-111.4877,32.7261],[-111.4986,32.744],[-111.4986,32.7628],[-111.5238,32.7628],[-111.5239,32.8067],[-111.5325,32.807],[-111.5324,32.8286],[-111.541,32.8286],[-111.541,32.8358],[-111.5486,32.8358],[-111.5505,32.8541],[-111.5625,32.8555],[-111.5783,32.8516],[-111.5976,32.8541],[-111.6027,32.8503],[-111.614,32.8501],[-111.6208,32.8444],[-111.6309,32.8493],[-111.6367,32.8477],[-111.6371,32.8652],[-111.6452,32.8692],[-111.6452,32.8785],[-111.6488,32.8811],[-111.6532,32.895],[-111.6617,32.9001],[-111.6677,32.9075],[-111.6662,32.9125],[-111.6681,32.9143],[-111.6688,32.927],[-111.679,32.9455],[-111.6797,32.966],[-111.6742,32.9696],[-111.6704,32.9828],[-111.675,32.9961],[-111.6741,33.0027],[-111.6843,33.0039],[-111.6871,33.0084],[-111.6925,33.0101],[-111.6944,33.0172],[-111.7047,33.0185]]]}},{"type":"Feature","properties":{"huc10":"1505030304","name":"Upper Vekol Wash"},"geometry":{"type":"Polygon","coordinates":[[[-112.1949,32.9633],[-112.2053,32.9679],[-112.2259,32.9503],[-112.2482,32.9226],[-112.2599,32.9008],[-112.2759,32.8975],[-112.2841,32.899],[-112.3039,32.8962],[-112.3168,32.8972],[-112.3304,32.9025],[-112.3271,32.894],[-112.3322,32.8865],[-112.3416,32.8805],[-112.3406,32.8788],[-112.3378,32.88],[-112.3346,32.8718],[-112.3254,32.8669],[-112.3225,32.8616],[-112.3358,32.8484],[-112.3313,32.8433],[-112.3303,32.8292],[-112.3267,32.8198],[-112.3282,32.8154],[-112.3331,32.8084],[-112.339,32.791],[-112.3458,32.7892],[-112.3566,32.7777],[-112.3736,32.7692],[-112.374,32.7648],[-112.3773,32.7636],[-112.3826,32.7558],[-112.3955,32.7569],[-112.3952,32.7428],[-112.3998,32.737],[-112.3979,32.7299],[-112.4008,32.7167],[-112.3969,32.7122],[-112.403,32.7045],[-112.3903,32.6933],[-112.389,32.6879],[-112.3828,32.6845],[-112.3822,32.6783],[-112.3873,32.6808],[-112.3957,32.6738],[-112.3853,32.6658],[-112.3902,32.6607],[-112.388,32.6568],[-112.3899,32.6525],[-112.3804,32.6454],[-112.3798,32.642],[-112.3839,32.6381],[-112.3811,32.6347],[-112.3697,32.6343],[-112.3643,32.6274],[-112.3404,32.6198],[-112.3193,32.6238],[-112.3082,32.6218],[-112.2943,32.6237],[-112.2751,32.6225],[-112.2653,32.6269],[-112.2278,32.6342],[-112.2183,32.6312],[-112.1815,32.6274],[-112.1581,32.6168],[-112.1528,32.6192],[-112.1479,32.6173],[-112.1408,32.6196],[-112.1394,32.6242],[-112.1445,32.6267],[-112.1523,32.6412],[-112.1676,32.6791],[-112.1634,32.6915],[-112.1577,32.6977],[-112.1359,32.7036],[-112.1318,32.7171],[-112.1355,32.7284],[-112.1308,32.7361],[-112.1316,32.7432],[-112.1285,32.7487],[-112.1372,32.7521],[-112.1432,32.7586],[-112.1394,32.7666],[-112.1444,32.7717],[-112.1449,32.7815],[-112.1532,32.783],[-112.1561,32.7866],[-112.1651,32.7871],[-112.1655,32.7939],[-112.1579,32.7965],[-112.1524,32.8225],[-112.1483,32.825],[-112.1528,32.8314],[-112.1618,32.8356],[-112.1681,32.8434],[-112.1662,32.8486],[-112.1683,32.8551],[-112.1642,32.8595],[-112.1597,32.8595],[-112.1623,32.8646],[-112.1704,32.8659],[-112.1715,32.8692],[-112.1686,32.8726],[-112.1716,32.8763],[-112.1694,32.8809],[-112.1768,32.8846],[-112.1754,32.8882],[-112.1803,32.8953],[-112.1923,32.9],[-112.1965,32.9122],[-112.1951,32.9194],[-112.1909,32.9252],[-112.162,32.9459],[-112.1616,32.9528],[-112.1582,32.9555],[-112.1683,32.9627],[-112.1746,32.9606],[-112.1789,32.9669],[-112.1949,32.9633]]]}},{"type":"Feature","properties":{"huc10":"1505030305","name":"Lower Vekol Wash"},"geometry":{"type":"Polygon","coordinates":[[[-112.0863,33.1558],[-112.1019,33.1685],[-112.1111,33.1711],[-112.1211,33.178],[-112.1346,33.1834],[-112.1397,33.1897],[-112.1451,33.1806],[-112.1697,33.1686],[-112.1776,33.1611],[-112.1771,33.1562],[-112.1868,33.1494],[-112.1862,33.1459],[-112.1938,33.145],[-112.199,33.1402],[-112.1997,33.1365],[-112.2233,33.1257],[-112.213,33.1149],[-112.2025,33.1099],[-112.207,33.0928],[-112.2055,33.0851],[-112.2016,33.081],[-112.2034,33.0787],[-112.2071,33.0794],[-112.2115,33.074],[-112.2107,33.0691],[-112.2198,33.0542],[-112.2183,33.0199],[-112.2148,33.0041],[-112.2159,32.9887],[-112.1996,32.9788],[-112.2053,32.9679],[-112.1956,32.9633],[-112.1789,32.9669],[-112.1746,32.9606],[-112.1683,32.9627],[-112.1582,32.9555],[-112.1616,32.9528],[-112.162,32.9459],[-112.1909,32.9252],[-112.1951,32.9194],[-112.1963,32.9108],[-112.1923,32.9],[-112.1803,32.8953],[-112.1754,32.8882],[-112.1768,32.8846],[-112.1694,32.8809],[-112.1716,32.8763],[-112.1686,32.8726],[-112.1715,32.8692],[-112.1704,32.8659],[-112.1623,32.8646],[-112.1597,32.8595],[-112.1642,32.8595],[-112.1683,32.8551],[-112.1662,32.8486],[-112.1681,32.8434],[-112.1618,32.8356],[-112.1528,32.8314],[-112.1483,32.825],[-112.1524,32.8225],[-112.1579,32.7965],[-112.1655,32.7939],[-112.1651,32.7871],[-112.1561,32.7866],[-112.1532,32.783],[-112.1449,32.7815],[-112.1444,32.7717],[-112.1394,32.7666],[-112.1432,32.7586],[-112.1372,32.7521],[-112.1285,32.7487],[-112.1251,32.7493],[-112.1247,32.7525],[-112.1146,32.7515],[-112.1102,32.7561],[-112.1063,32.7703],[-112.1087,32.7727],[-112.1066,32.7754],[-112.1095,32.7804],[-112.1002,32.7882],[-112.0954,32.7971],[-112.0887,32.7968],[-112.0718,32.8131],[-112.0426,32.8248],[-112.0363,32.8324],[-112.0319,32.8501],[-112.028,32.8502],[-112.0198,32.8648],[-112.0152,32.865],[-111.9987,32.8793],[-111.9723,32.8793],[-111.9724,32.885],[-111.9767,32.8906],[-111.9753,32.8978],[-111.9812,32.9119],[-111.9817,32.92],[-111.9865,32.9232],[-111.9868,32.928],[-111.9929,32.934],[-111.9993,32.9548],[-112.0051,32.9552],[-112.0051,32.9992],[-112.0138,33],[-112.0137,33.0283],[-112.0204,33.0299],[-112.0318,33.0424],[-112.0319,33.0472],[-112.0419,33.0541],[-112.0432,33.0573],[-112.0615,33.0648],[-112.0628,33.0965],[-112.0702,33.1095],[-112.0718,33.1182],[-112.0768,33.1241],[-112.0803,33.1502],[-112.0863,33.1558]]]}},{"type":"Feature","properties":{"huc10":"1505010009","name":"Lower Queen Creek"},"geometry":{"type":"Polygon","coordinates":[[[-111.2807,33.2877],[-111.2867,33.2899],[-111.2883,33.2771],[-111.3002,33.2702],[-111.3116,33.2686],[-111.3136,33.2732],[-111.317,33.2729],[-111.3231,33.2662],[-111.3288,33.2729],[-111.3354,33.2744],[-111.364,33.2671],[-111.3922,33.2566],[-111.4055,33.2454],[-111.4154,33.2227],[-111.4264,33.2106],[-111.4533,33.1999],[-111.5025,33.1872],[-111.5118,33.1899],[-111.5388,33.1894],[-111.5506,33.1853],[-111.5904,33.227],[-111.6345,33.2269],[-111.6345,33.2379],[-111.6395,33.2385],[-111.6519,33.2487],[-111.7203,33.2486],[-111.7377,33.2338],[-111.7381,33.2229],[-111.7521,33.2048],[-111.8181,33.2035],[-111.8805,33.1821],[-111.8844,33.1784],[-111.8882,33.1636],[-111.8753,33.1617],[-111.8689,33.1545],[-111.8505,33.1552],[-111.8496,33.1612],[-111.8078,33.1612],[-111.8055,33.1573],[-111.7957,33.1564],[-111.7859,33.1502],[-111.7774,33.1514],[-111.7711,33.1432],[-111.7606,33.1421],[-111.7524,33.1334],[-111.7502,33.136],[-111.7349,33.1375],[-111.7152,33.155],[-111.7041,33.1597],[-111.7023,33.1635],[-111.7067,33.1679],[-111.7054,33.1691],[-111.6933,33.1685],[-111.6907,33.1677],[-111.682,33.154],[-111.6787,33.1546],[-111.6731,33.1512],[-111.6724,33.1472],[-111.6637,33.1455],[-111.6629,33.1435],[-111.6516,33.1531],[-111.6395,33.1465],[-111.6283,33.1497],[-111.6292,33.1462],[-111.6235,33.1389],[-111.6248,33.1335],[-111.616,33.1292],[-111.6113,33.1313],[-111.6052,33.1306],[-111.5891,33.1402],[-111.5715,33.1309],[-111.5597,33.1122],[-111.5471,33.1166],[-111.5423,33.1123],[-111.5366,33.1127],[-111.5247,33.1075],[-111.5182,33.1007],[-111.5079,33.1186],[-111.4964,33.1275],[-111.4983,33.1332],[-111.3704,33.2146],[-111.3459,33.2196],[-111.3441,33.225],[-111.3133,33.2356],[-111.2703,33.2435],[-111.2562,33.241],[-111.2413,33.243],[-111.2215,33.2542],[-111.2264,33.2567],[-111.2289,33.2614],[-111.2285,33.2691],[-111.2323,33.2706],[-111.2302,33.2747],[-111.2433,33.2754],[-111.2456,33.279],[-111.2511,33.2787],[-111.2587,33.2885],[-111.2671,33.2858],[-111.2807,33.2877]]]}},{"type":"Feature","properties":{"huc10":"1505010007","name":"Paisano Wash-Gila River"},"geometry":{"type":"Polygon","coordinates":[[[-111.2202,33.2539],[-111.2417,33.243],[-111.2562,33.241],[-111.2703,33.2435],[-111.314,33.2354],[-111.3441,33.225],[-111.3459,33.2196],[-111.3704,33.2146],[-111.4983,33.1332],[-111.4964,33.1275],[-111.5079,33.1186],[-111.5182,33.1007],[-111.5088,33.0921],[-111.5092,33.0729],[-111.5069,33.0728],[-111.5025,33.0624],[-111.5039,33.0542],[-111.5112,33.0406],[-111.5175,33.0342],[-111.5158,33.0264],[-111.5196,33.024],[-111.52,33.0052],[-111.5177,32.9915],[-111.4817,32.9916],[-111.4807,32.9665],[-111.4409,32.9662],[-111.4468,32.9545],[-111.4469,32.9446],[-111.4428,32.9477],[-111.4311,32.9445],[-111.4129,32.9436],[-111.4121,32.9253],[-111.3644,32.9132],[-111.352,32.9048],[-111.3338,32.8976],[-111.3242,32.8965],[-111.3071,32.8866],[-111.2884,32.8794],[-111.257,32.8785],[-111.2388,32.8823],[-111.2175,32.8819],[-111.2121,32.8845],[-111.2048,32.883],[-111.2041,32.8856],[-111.1938,32.8857],[-111.1765,32.8916],[-111.1607,32.8914],[-111.1476,32.8941],[-111.1385,32.8925],[-111.1342,32.8971],[-111.1238,32.9],[-111.1193,32.904],[-111.1057,32.89],[-111.098,32.8883],[-111.0987,32.8907],[-111.0942,32.8965],[-111.095,32.9082],[-111.1004,32.9163],[-111.1083,32.9157],[-111.1138,32.9183],[-111.1066,32.922],[-111.1059,32.9278],[-111.1284,32.9417],[-111.1245,32.9426],[-111.127,32.9577],[-111.1405,32.9652],[-111.1522,32.9782],[-111.1609,32.9823],[-111.177,32.9985],[-111.1911,33.0017],[-111.2072,33.0177],[-111.2158,33.0326],[-111.2251,33.0357],[-111.2327,33.0463],[-111.241,33.0528],[-111.2449,33.0583],[-111.2469,33.0696],[-111.2501,33.0709],[-111.2466,33.0761],[-111.2489,33.0815],[-111.2443,33.0885],[-111.248,33.0978],[-111.2457,33.1019],[-111.2372,33.1071],[-111.236,33.115],[-111.2301,33.1207],[-111.2274,33.1365],[-111.2289,33.1396],[-111.2167,33.1439],[-111.2112,33.1496],[-111.2136,33.1569],[-111.2101,33.1676],[-111.2208,33.1777],[-111.215,33.1826],[-111.2077,33.184],[-111.2045,33.1881],[-111.2014,33.1871],[-111.1932,33.1909],[-111.186,33.1971],[-111.1861,33.2019],[-111.1658,33.2115],[-111.1724,33.215],[-111.174,33.219],[-111.1865,33.2217],[-111.1926,33.2332],[-111.1972,33.2336],[-111.2059,33.2402],[-111.2153,33.2396],[-111.2174,33.2434],[-111.2155,33.2456],[-111.2163,33.252],[-111.2202,33.2539]]]}},{"type":"Feature","properties":{"huc10":"1506010601","name":"Apache Lake-Salt River"},"geometry":{"type":"Polygon","coordinates":[[[-111.3727,33.7488],[-111.3803,33.7487],[-111.3844,33.7389],[-111.3837,33.7348],[-111.3884,33.7304],[-111.3882,33.7278],[-111.3916,33.7253],[-111.3951,33.7265],[-111.4032,33.7177],[-111.414,33.7138],[-111.4151,33.7083],[-111.4176,33.7071],[-111.4162,33.7044],[-111.4181,33.6993],[-111.4349,33.6855],[-111.4451,33.6849],[-111.452,33.677],[-111.4698,33.6805],[-111.4684,33.6766],[-111.4741,33.6668],[-111.4875,33.6703],[-111.5092,33.6664],[-111.5166,33.6708],[-111.5238,33.6627],[-111.538,33.6324],[-111.5361,33.6295],[-111.5381,33.6205],[-111.542,33.614],[-111.5499,33.6103],[-111.556,33.6005],[-111.5539,33.5932],[-111.5584,33.5841],[-111.5494,33.5699],[-111.5424,33.569],[-111.5413,33.5656],[-111.5311,33.5676],[-111.5245,33.5628],[-111.5243,33.5571],[-111.518,33.5511],[-111.5177,33.5443],[-111.5149,33.5405],[-111.5161,33.5367],[-111.5137,33.5352],[-111.5247,33.5281],[-111.5307,33.5292],[-111.5379,33.5212],[-111.5443,33.5192],[-111.5419,33.5145],[-111.5484,33.5094],[-111.5475,33.505],[-111.535,33.498],[-111.5257,33.4969],[-111.5244,33.4883],[-111.5202,33.4873],[-111.5171,33.483],[-111.5094,33.488],[-111.4993,33.4835],[-111.496,33.485],[-111.493,33.4815],[-111.4822,33.4901],[-111.4708,33.4887],[-111.4625,33.4849],[-111.4561,33.4854],[-111.453,33.4883],[-111.4511,33.4858],[-111.4456,33.486],[-111.4416,33.4799],[-111.4435,33.4797],[-111.4429,33.4759],[-111.4461,33.4726],[-111.4436,33.4686],[-111.4494,33.4656],[-111.4441,33.4522],[-111.4477,33.4403],[-111.4413,33.4399],[-111.4292,33.4306],[-111.4144,33.4275],[-111.4003,33.4154],[-111.4001,33.4104],[-111.3837,33.4035],[-111.3809,33.4068],[-111.3738,33.4049],[-111.3703,33.4086],[-111.3632,33.4098],[-111.3665,33.4139],[-111.3626,33.4173],[-111.368,33.4257],[-111.3564,33.4257],[-111.3584,33.4293],[-111.3569,33.4317],[-111.3468,33.4329],[-111.3487,33.4302],[-111.3477,33.4222],[-111.3426,33.4169],[-111.3222,33.4144],[-111.3174,33.4169],[-111.3127,33.4121],[-111.3056,33.4105],[-111.2968,33.4148],[-111.2878,33.4242],[-111.277,33.4185],[-111.2764,33.4242],[-111.27,33.4276],[-111.2719,33.4303],[-111.2694,33.4333],[-111.2513,33.4295],[-111.2455,33.4381],[-111.2284,33.4403],[-111.2217,33.4492],[-111.2176,33.4502],[-111.215,33.4446],[-111.2007,33.4381],[-111.1964,33.4317],[-111.1824,33.4259],[-111.1821,33.4224],[-111.1751,33.4188],[-111.1734,33.4122],[-111.1622,33.4114],[-111.1587,33.4159],[-111.1602,33.4255],[-111.1695,33.4321],[-111.1642,33.4381],[-111.1666,33.4439],[-111.1642,33.4539],[-111.1606,33.4569],[-111.1494,33.4553],[-111.1488,33.4593],[-111.1433,33.4592],[-111.1418,33.4627],[-111.1364,33.4644],[-111.1368,33.4764],[-111.1253,33.4806],[-111.117,33.4881],[-111.1117,33.5001],[-111.1138,33.5009],[-111.1138,33.5055],[-111.1199,33.5081],[-111.1191,33.5115],[-111.125,33.5224],[-111.1233,33.5277],[-111.1147,33.5339],[-111.1135,33.5443],[-111.1213,33.5506],[-111.1252,33.5491],[-111.1285,33.5511],[-111.1303,33.5555],[-111.1273,33.5738],[-111.1381,33.5733],[-111.1444,33.5848],[-111.1364,33.5952],[-111.1375,33.5983],[-111.1411,33.6056],[-111.1549,33.6106],[-111.1526,33.6149],[-111.1559,33.6283],[-111.1599,33.6319],[-111.1597,33.6359],[-111.1569,33.6388],[-111.1525,33.6387],[-111.149,33.6439],[-111.1536,33.6496],[-111.152,33.6558],[-111.155,33.667],[-111.169,33.6758],[-111.1778,33.6736],[-111.1858,33.6685],[-111.1976,33.674],[-111.2043,33.6685],[-111.2277,33.6761],[-111.2403,33.6744],[-111.254,33.666],[-111.2644,33.6676],[-111.2727,33.6718],[-111.2833,33.6611],[-111.2875,33.6589],[-111.2927,33.6599],[-111.2995,33.6639],[-111.3142,33.681],[-111.3258,33.6844],[-111.3314,33.6885],[-111.3382,33.7027],[-111.3385,33.7159],[-111.3363,33.7204],[-111.3542,33.7332],[-111.3587,33.7408],[-111.3722,33.7454],[-111.3727,33.7488]]]}},{"type":"Feature","properties":{"huc10":"1506010603","name":"City of Phoenix-Salt River"},"geometry":{"type":"Polygon","coordinates":[[[-111.5355,33.6396],[-111.5281,33.6505],[-111.5263,33.6589],[-111.5335,33.6516],[-111.5358,33.6438],[-111.5431,33.6396],[-111.5547,33.6366],[-111.5647,33.637],[-111.5701,33.6323],[-111.5787,33.6302],[-111.5858,33.6371],[-111.5847,33.6323],[-111.587,33.6304],[-111.5887,33.6326],[-111.5969,33.6306],[-111.6062,33.6145],[-111.6074,33.5968],[-111.6188,33.59],[-111.6295,33.5745],[-111.6457,33.5713],[-111.654,33.5658],[-111.6562,33.5614],[-111.655,33.5552],[-111.6608,33.5467],[-111.671,33.5506],[-111.6815,33.5503],[-111.6881,33.5456],[-111.6922,33.5456],[-111.694,33.541],[-111.7041,33.547],[-111.7017,33.5496],[-111.7048,33.5571],[-111.7119,33.558],[-111.7185,33.5686],[-111.729,33.5742],[-111.7353,33.5695],[-111.7427,33.5702],[-111.7484,33.5782],[-111.7526,33.5773],[-111.7571,33.5798],[-111.7626,33.5884],[-111.7616,33.6004],[-111.7644,33.6067],[-111.7688,33.608],[-111.7724,33.6057],[-111.7756,33.6098],[-111.7819,33.61],[-111.7844,33.6145],[-111.7894,33.6164],[-111.7915,33.6095],[-111.7873,33.604],[-111.791,33.5876],[-111.7957,33.5793],[-111.8054,33.5719],[-111.7996,33.5661],[-111.7955,33.5652],[-111.7996,33.5527],[-111.8008,33.5394],[-111.8047,33.5326],[-111.806,33.5041],[-111.8089,33.5026],[-111.8213,33.5058],[-111.8453,33.5151],[-111.8608,33.5248],[-111.874,33.5278],[-111.8745,33.4878],[-111.8826,33.4876],[-111.8827,33.4844],[-111.8916,33.4748],[-111.892,33.4625],[-111.9005,33.4584],[-111.9028,33.4458],[-111.9072,33.4408],[-111.9143,33.44],[-111.9182,33.4344],[-111.9201,33.4348],[-111.9168,33.4399],[-111.92,33.4403],[-111.9247,33.4464],[-111.9272,33.4559],[-111.9358,33.4582],[-111.9385,33.4612],[-111.9382,33.4674],[-111.9564,33.4683],[-111.9553,33.4729],[-111.9488,33.4731],[-111.9508,33.4812],[-111.9466,33.4874],[-111.9477,33.5018],[-111.9527,33.5104],[-111.9693,33.5181],[-111.9742,33.5165],[-111.9804,33.5186],[-111.9932,33.5091],[-112.0191,33.5222],[-112.0332,33.5263],[-112.0496,33.543],[-112.0574,33.5461],[-112.0625,33.5564],[-112.0727,33.5604],[-112.0801,33.5677],[-112.1075,33.5733],[-112.1172,33.5713],[-112.1242,33.5537],[-112.1226,33.5285],[-112.1243,33.4962],[-112.12,33.4914],[-112.1172,33.4767],[-112.1235,33.4661],[-112.1178,33.4626],[-112.1866,33.4637],[-112.1867,33.4483],[-112.1893,33.4454],[-112.221,33.4443],[-112.221,33.4267],[-112.2238,33.4229],[-112.2299,33.4217],[-112.2463,33.4111],[-112.2627,33.4066],[-112.2723,33.4064],[-112.2722,33.3923],[-112.3011,33.3917],[-112.3035,33.3813],[-112.2855,33.3763],[-112.2656,33.3767],[-112.2277,33.36],[-112.2106,33.3626],[-112.1647,33.3629],[-112.133,33.3589],[-112.1221,33.3505],[-112.117,33.3349],[-112.1042,33.3414],[-112.1026,33.3362],[-112.0999,33.3352],[-112.0998,33.3224],[-112.0826,33.33],[-112.0765,33.3265],[-112.0739,33.3273],[-112.0737,33.3299],[-112.0496,33.3389],[-112.0478,33.3426],[-112.0357,33.3424],[-112.0157,33.3511],[-112.0069,33.3576],[-111.9934,33.3587],[-111.9789,33.3644],[-111.972,33.3605],[-111.9567,33.3586],[-111.9571,33.3563],[-111.7736,33.3573],[-111.7677,33.3727],[-111.7677,33.3861],[-111.7013,33.3863],[-111.7091,33.3986],[-111.7112,33.4062],[-111.7242,33.4207],[-111.7378,33.4453],[-111.7493,33.4754],[-111.7474,33.477],[-111.7296,33.4764],[-111.7277,33.4711],[-111.7189,33.4664],[-111.7187,33.4601],[-111.7132,33.4585],[-111.7009,33.4573],[-111.6757,33.4594],[-111.6569,33.4413],[-111.6402,33.4327],[-111.6223,33.4432],[-111.6185,33.4408],[-111.5957,33.441],[-111.5948,33.4394],[-111.5838,33.4411],[-111.5807,33.445],[-111.5676,33.4434],[-111.5611,33.4392],[-111.5519,33.4414],[-111.5386,33.4316],[-111.5336,33.4332],[-111.5287,33.4316],[-111.5074,33.4485],[-111.5109,33.4755],[-111.5194,33.4865],[-111.5244,33.4883],[-111.5257,33.4969],[-111.5439,33.5017],[-111.5485,33.5094],[-111.5428,33.5123],[-111.5443,33.5192],[-111.5379,33.5212],[-111.5307,33.5292],[-111.5247,33.5281],[-111.5137,33.5353],[-111.5161,33.5367],[-111.5149,33.5405],[-111.5177,33.5443],[-111.518,33.5511],[-111.5243,33.5571],[-111.5245,33.5628],[-111.5311,33.5676],[-111.5413,33.5656],[-111.5424,33.569],[-111.5494,33.5699],[-111.5584,33.5841],[-111.5546,33.5886],[-111.5559,33.6007],[-111.5499,33.6103],[-111.542,33.614],[-111.5381,33.6205],[-111.5361,33.6295],[-111.5381,33.6322],[-111.5355,33.6396]]]}},{"type":"Feature","properties":{"huc10":"1506020305","name":"Bartlett Reservoir-Verde River"},"geometry":{"type":"Polygon","coordinates":[[[-111.5032,34.1349],[-111.509,34.1354],[-111.517,34.1301],[-111.5213,34.1324],[-111.5273,34.1316],[-111.5239,34.1226],[-111.5306,34.1165],[-111.5351,34.1216],[-111.548,34.1258],[-111.5499,34.122],[-111.5548,34.1205],[-111.5552,34.1125],[-111.5611,34.1095],[-111.5671,34.0932],[-111.5723,34.0873],[-111.5854,34.0843],[-111.5901,34.0779],[-111.6069,34.0766],[-111.608,34.0708],[-111.6127,34.0711],[-111.6182,34.0661],[-111.6285,34.0649],[-111.6355,34.0453],[-111.6501,34.0453],[-111.6512,34.043],[-111.6561,34.0438],[-111.6668,34.04],[-111.6723,34.0402],[-111.675,34.0427],[-111.6738,34.0451],[-111.6807,34.0478],[-111.6861,34.0566],[-111.6954,34.0587],[-111.7006,34.0714],[-111.7107,34.0685],[-111.716,34.0723],[-111.7167,34.0745],[-111.7132,34.0792],[-111.715,34.0823],[-111.7211,34.0807],[-111.7257,34.0839],[-111.7355,34.0838],[-111.7443,34.0798],[-111.7583,34.0803],[-111.7692,34.0722],[-111.7763,34.0707],[-111.7792,34.076],[-111.7762,34.0831],[-111.7808,34.0863],[-111.782,34.0933],[-111.7954,34.1096],[-111.8076,34.107],[-111.8186,34.1103],[-111.8201,34.1146],[-111.8303,34.1109],[-111.8403,34.1114],[-111.8597,34.0999],[-111.8697,34.099],[-111.8759,34.0959],[-111.8877,34.1037],[-111.8905,34.102],[-111.8918,34.0945],[-111.9005,34.0894],[-111.8994,34.0868],[-111.8873,34.0815],[-111.8852,34.0621],[-111.8798,34.0576],[-111.8766,34.05],[-111.8749,34.0487],[-111.8631,34.0571],[-111.8595,34.0545],[-111.8577,34.0475],[-111.846,34.0476],[-111.8456,34.0366],[-111.8398,34.027],[-111.8349,34.0235],[-111.8338,34.0187],[-111.8226,34.0086],[-111.8153,33.9951],[-111.8126,33.9944],[-111.8074,33.9863],[-111.7937,33.9806],[-111.7961,33.9755],[-111.7923,33.9693],[-111.7989,33.9556],[-111.796,33.9544],[-111.7975,33.9512],[-111.7895,33.9425],[-111.7864,33.9329],[-111.7821,33.9297],[-111.7823,33.9254],[-111.7859,33.924],[-111.784,33.9136],[-111.7786,33.9112],[-111.7697,33.9152],[-111.7649,33.9033],[-111.7463,33.8974],[-111.732,33.9003],[-111.7285,33.8978],[-111.7244,33.901],[-111.721,33.8993],[-111.7229,33.8956],[-111.7217,33.8919],[-111.717,33.8883],[-111.7089,33.8874],[-111.7022,33.8928],[-111.6988,33.891],[-111.6987,33.8881],[-111.6878,33.882],[-111.6856,33.8778],[-111.6955,33.8706],[-111.6953,33.8568],[-111.6864,33.8569],[-111.6736,33.8418],[-111.6671,33.8426],[-111.6624,33.8382],[-111.6522,33.8341],[-111.6482,33.8288],[-111.6432,33.8285],[-111.6407,33.8248],[-111.6364,33.8258],[-111.6317,33.8189],[-111.6351,33.8099],[-111.6336,33.8021],[-111.6163,33.8021],[-111.6134,33.799],[-111.6072,33.7999],[-111.6037,33.7973],[-111.596,33.8001],[-111.5883,33.7973],[-111.5792,33.7984],[-111.5688,33.7932],[-111.5649,33.7936],[-111.559,33.8142],[-111.5524,33.8167],[-111.549,33.8237],[-111.5439,33.8267],[-111.5436,33.8313],[-111.5482,33.8372],[-111.5474,33.8433],[-111.5337,33.8461],[-111.5298,33.8513],[-111.5247,33.8536],[-111.5216,33.8595],[-111.5154,33.8597],[-111.5133,33.8646],[-111.507,33.8645],[-111.5046,33.8671],[-111.5074,33.8696],[-111.5068,33.8739],[-111.5094,33.8754],[-111.5107,33.8879],[-111.5043,33.8981],[-111.5073,33.9018],[-111.5082,33.9155],[-111.5127,33.9184],[-111.5079,33.9244],[-111.5115,33.9312],[-111.5163,33.9335],[-111.5155,33.9402],[-111.5122,33.945],[-111.5147,33.9516],[-111.522,33.957],[-111.5234,33.963],[-111.5312,33.9672],[-111.53,33.9734],[-111.5257,33.9778],[-111.5136,33.9805],[-111.5094,33.9901],[-111.4953,33.9977],[-111.5006,34.0087],[-111.4961,34.0143],[-111.4975,34.0182],[-111.4952,34.0237],[-111.4977,34.029],[-111.4933,34.0379],[-111.4867,34.0358],[-111.4837,34.0401],[-111.4727,34.0417],[-111.4688,34.0477],[-111.4727,34.0581],[-111.463,34.0593],[-111.4614,34.063],[-111.4644,34.0724],[-111.4761,34.0805],[-111.4791,34.0839],[-111.4781,34.087],[-111.4862,34.0951],[-111.4717,34.1113],[-111.4752,34.1187],[-111.4806,34.1191],[-111.4823,34.1221],[-111.4797,34.13],[-111.4923,34.131],[-111.4936,34.134],[-111.5032,34.1349]]]}},{"type":"Feature","properties":{"huc10":"1507010303","name":"Middle Hassayampa River"},"geometry":{"type":"Polygon","coordinates":[[[-112.8436,34.2674],[-112.8506,34.2712],[-112.8602,34.2662],[-112.8667,34.2682],[-112.8691,34.2449],[-112.873,34.2412],[-112.87,34.2366],[-112.8768,34.2281],[-112.883,34.2275],[-112.8808,34.2235],[-112.888,34.2167],[-112.8817,34.2148],[-112.8879,34.21],[-112.882,34.2043],[-112.8742,34.2047],[-112.869,34.2113],[-112.8644,34.2124],[-112.8598,34.2211],[-112.8486,34.2114],[-112.8506,34.2037],[-112.8557,34.1997],[-112.8628,34.1812],[-112.857,34.178],[-112.8539,34.171],[-112.8459,34.1633],[-112.8433,34.1479],[-112.8485,34.1282],[-112.8478,34.1057],[-112.8245,34.0653],[-112.8057,34.0551],[-112.809,34.0263],[-112.7953,34.0132],[-112.7911,33.9989],[-112.7858,33.9985],[-112.7817,33.9928],[-112.7638,33.9897],[-112.7591,33.9866],[-112.7473,33.9882],[-112.7344,33.9732],[-112.7285,33.9723],[-112.736,33.9673],[-112.7578,33.9636],[-112.7714,33.9498],[-112.7885,33.9427],[-112.7901,33.9327],[-112.7951,33.9299],[-112.7935,33.9223],[-112.8103,33.9155],[-112.8159,33.9093],[-112.8184,33.9044],[-112.8092,33.9023],[-112.8046,33.8914],[-112.7967,33.8898],[-112.7952,33.8849],[-112.7842,33.887],[-112.7845,33.8921],[-112.779,33.899],[-112.7729,33.9018],[-112.7631,33.9023],[-112.7561,33.899],[-112.7509,33.9005],[-112.746,33.9056],[-112.736,33.9048],[-112.7328,33.9],[-112.7336,33.8957],[-112.7288,33.8903],[-112.7307,33.8852],[-112.7251,33.8846],[-112.7234,33.8823],[-112.7187,33.8832],[-112.7174,33.887],[-112.7109,33.8902],[-112.7031,33.8897],[-112.6985,33.8829],[-112.6943,33.8845],[-112.6888,33.8804],[-112.6798,33.8863],[-112.6603,33.8849],[-112.6439,33.893],[-112.6296,33.9088],[-112.6192,33.9132],[-112.6205,33.921],[-112.606,33.9339],[-112.6038,33.9329],[-112.5897,33.9392],[-112.5872,33.9433],[-112.582,33.9454],[-112.5752,33.945],[-112.5732,33.9491],[-112.5592,33.9546],[-112.5538,33.9545],[-112.5482,33.9499],[-112.5435,33.953],[-112.5403,33.9717],[-112.5311,33.9843],[-112.5256,33.9879],[-112.5251,33.9921],[-112.5307,33.9959],[-112.5334,34.0037],[-112.5391,34.0039],[-112.5477,34.0112],[-112.5459,34.0167],[-112.5535,34.0249],[-112.5535,34.0287],[-112.5567,34.03],[-112.5547,34.0365],[-112.5557,34.0441],[-112.5519,34.0475],[-112.5524,34.0526],[-112.5464,34.0565],[-112.5321,34.0548],[-112.531,34.0606],[-112.5202,34.0613],[-112.51,34.0721],[-112.5099,34.0766],[-112.5178,34.0819],[-112.5127,34.0859],[-112.5176,34.0942],[-112.5087,34.1005],[-112.5064,34.1048],[-112.5116,34.1139],[-112.5029,34.1108],[-112.5012,34.1159],[-112.4959,34.117],[-112.491,34.1102],[-112.4885,34.1138],[-112.4682,34.124],[-112.4608,34.1187],[-112.4583,34.1197],[-112.4526,34.1245],[-112.4533,34.1281],[-112.4509,34.1307],[-112.4547,34.139],[-112.435,34.1438],[-112.4271,34.1488],[-112.4251,34.1544],[-112.4129,34.1574],[-112.4216,34.1647],[-112.4398,34.1703],[-112.4429,34.1647],[-112.4505,34.1617],[-112.457,34.165],[-112.459,34.1625],[-112.464,34.1634],[-112.4681,34.1695],[-112.4715,34.1672],[-112.485,34.1668],[-112.4979,34.1599],[-112.524,34.1635],[-112.5222,34.1675],[-112.5263,34.1754],[-112.5338,34.1803],[-112.5348,34.1855],[-112.5486,34.178],[-112.5525,34.178],[-112.5545,34.1732],[-112.5626,34.1648],[-112.5677,34.1635],[-112.5694,34.1599],[-112.581,34.1608],[-112.5866,34.159],[-112.5921,34.1607],[-112.6062,34.153],[-112.614,34.1546],[-112.6159,34.1608],[-112.6256,34.1595],[-112.63,34.1645],[-112.6364,34.1654],[-112.6523,34.1578],[-112.654,34.1536],[-112.6584,34.1514],[-112.6622,34.1531],[-112.6643,34.1632],[-112.6676,34.1647],[-112.6696,34.1721],[-112.6726,34.1738],[-112.6687,34.1867],[-112.6712,34.1907],[-112.6682,34.1931],[-112.6669,34.1995],[-112.671,34.2053],[-112.6741,34.2253],[-112.6786,34.2296],[-112.6844,34.2324],[-112.6925,34.225],[-112.7066,34.2192],[-112.7135,34.2179],[-112.7236,34.2211],[-112.73,34.2155],[-112.738,34.2144],[-112.7445,34.2164],[-112.7561,34.2108],[-112.7633,34.2138],[-112.7675,34.2131],[-112.7708,34.217],[-112.7793,34.2144],[-112.7828,34.2215],[-112.7927,34.23],[-112.7963,34.2406],[-112.7958,34.2465],[-112.8031,34.2458],[-112.8138,34.2541],[-112.8229,34.2585],[-112.8266,34.2579],[-112.8309,34.262],[-112.8436,34.2674]]]}},{"type":"Feature","properties":{"huc10":"1507010304","name":"Jackrabbit Wash"},"geometry":{"type":"Polygon","coordinates":[[[-112.8243,33.9064],[-112.8261,33.9097],[-112.8291,33.9063],[-112.8365,33.9057],[-112.8383,33.9007],[-112.843,33.9056],[-112.8552,33.8997],[-112.857,33.8928],[-112.8594,33.8943],[-112.8642,33.8918],[-112.8688,33.9067],[-112.8799,33.902],[-112.8806,33.8995],[-112.886,33.9008],[-112.8924,33.8944],[-112.8979,33.8976],[-112.9034,33.8952],[-112.9096,33.8969],[-112.9121,33.8923],[-112.919,33.8936],[-112.9203,33.8904],[-112.9288,33.895],[-112.934,33.8941],[-112.9359,33.8906],[-112.9463,33.8959],[-112.952,33.8916],[-112.961,33.8912],[-112.9679,33.8861],[-112.9709,33.8804],[-112.9764,33.879],[-112.975,33.8749],[-112.9827,33.8748],[-112.9832,33.8709],[-112.9903,33.8736],[-112.9963,33.8727],[-112.9992,33.8695],[-112.9983,33.8665],[-113.0058,33.8675],[-113.0101,33.8628],[-113.0196,33.8666],[-113.029,33.8621],[-113.0318,33.8657],[-113.039,33.8665],[-113.0452,33.8734],[-113.0546,33.8762],[-113.0706,33.8753],[-113.0753,33.8725],[-113.1023,33.8787],[-113.1108,33.878],[-113.1257,33.8687],[-113.1398,33.8735],[-113.1551,33.8752],[-113.1838,33.8705],[-113.1709,33.8647],[-113.1363,33.8359],[-113.135,33.8247],[-113.1262,33.8135],[-113.1225,33.7962],[-113.1224,33.7757],[-113.1264,33.7674],[-113.1097,33.7537],[-113.1155,33.7438],[-113.1122,33.7417],[-113.1167,33.7346],[-113.1094,33.7217],[-113.1104,33.7192],[-113.117,33.7169],[-113.1163,33.7137],[-113.1191,33.7109],[-113.1107,33.7054],[-113.1091,33.7013],[-113.097,33.6944],[-113.0903,33.6842],[-113.0849,33.6814],[-113.0818,33.6845],[-113.0756,33.6843],[-113.0705,33.6913],[-113.0647,33.6917],[-113.059,33.6885],[-113.0574,33.6826],[-113.0517,33.6784],[-113.0534,33.6923],[-113.0452,33.7051],[-113.0372,33.7045],[-113.0283,33.7079],[-113.0208,33.7062],[-113.0128,33.7175],[-113.0061,33.7171],[-113.0069,33.7201],[-113.0023,33.7226],[-112.9977,33.7205],[-112.9934,33.7242],[-112.9864,33.7185],[-112.9795,33.7191],[-112.9746,33.7143],[-112.9617,33.7116],[-112.9419,33.7003],[-112.9009,33.6945],[-112.8803,33.6849],[-112.8627,33.6754],[-112.8475,33.663],[-112.8314,33.6234],[-112.8171,33.6066],[-112.8125,33.6046],[-112.8007,33.5849],[-112.791,33.5799],[-112.7899,33.5713],[-112.7773,33.5597],[-112.7796,33.5515],[-112.7753,33.5426],[-112.7772,33.5367],[-112.7761,33.5321],[-112.7704,33.5264],[-112.7636,33.5266],[-112.7611,33.5191],[-112.7556,33.5132],[-112.7422,33.5064],[-112.7419,33.5104],[-112.7564,33.5291],[-112.7568,33.5555],[-112.7628,33.5663],[-112.7589,33.5839],[-112.7577,33.6113],[-112.76,33.617],[-112.759,33.6203],[-112.7522,33.6254],[-112.7582,33.6341],[-112.7614,33.6475],[-112.7564,33.6631],[-112.7442,33.6776],[-112.7439,33.7126],[-112.7343,33.7422],[-112.7369,33.7503],[-112.7356,33.761],[-112.7481,33.7873],[-112.7506,33.7977],[-112.7491,33.8018],[-112.7445,33.8024],[-112.7447,33.828],[-112.7491,33.8395],[-112.7486,33.8504],[-112.7429,33.864],[-112.745,33.8707],[-112.7552,33.879],[-112.7694,33.8838],[-112.7732,33.8812],[-112.7773,33.8821],[-112.7802,33.8788],[-112.7842,33.8846],[-112.7952,33.8849],[-112.7967,33.8898],[-112.8046,33.8914],[-112.8113,33.9039],[-112.8214,33.9027],[-112.8243,33.9064]]]}},{"type":"Feature","properties":{"huc10":"1507010305","name":"Lower Hassayampa River"},"geometry":{"type":"Polygon","coordinates":[[[-112.5545,33.9546],[-112.5709,33.9504],[-112.5752,33.945],[-112.582,33.9454],[-112.5872,33.9433],[-112.5897,33.9392],[-112.6038,33.9329],[-112.6066,33.9336],[-112.6205,33.921],[-112.6192,33.9132],[-112.6296,33.9088],[-112.6439,33.893],[-112.6603,33.8849],[-112.6798,33.8863],[-112.6888,33.8804],[-112.6943,33.8845],[-112.6985,33.8829],[-112.7031,33.8897],[-112.7109,33.8902],[-112.7174,33.887],[-112.7187,33.8832],[-112.7234,33.8823],[-112.7251,33.8846],[-112.7307,33.8852],[-112.7288,33.8903],[-112.7336,33.8957],[-112.7328,33.9],[-112.736,33.9048],[-112.746,33.9056],[-112.7509,33.9005],[-112.7561,33.899],[-112.7683,33.9025],[-112.7789,33.8991],[-112.7846,33.892],[-112.7842,33.887],[-112.7879,33.8854],[-112.784,33.8845],[-112.7802,33.8788],[-112.7773,33.8821],[-112.7732,33.8812],[-112.7694,33.8838],[-112.7552,33.879],[-112.745,33.8707],[-112.7429,33.864],[-112.7486,33.8504],[-112.7491,33.8395],[-112.7447,33.828],[-112.7445,33.8024],[-112.7491,33.8018],[-112.7506,33.7977],[-112.7481,33.7873],[-112.7356,33.761],[-112.7369,33.7503],[-112.7343,33.7422],[-112.7439,33.7126],[-112.7442,33.6776],[-112.7564,33.6631],[-112.7614,33.6475],[-112.7582,33.6341],[-112.7522,33.6254],[-112.759,33.6203],[-112.76,33.617],[-112.7577,33.6113],[-112.7589,33.5839],[-112.7628,33.5663],[-112.7568,33.5555],[-112.7564,33.5291],[-112.7419,33.5104],[-112.742,33.5066],[-112.7463,33.507],[-112.7556,33.5132],[-112.7611,33.5191],[-112.7636,33.5266],[-112.7704,33.5264],[-112.7761,33.5321],[-112.7772,33.5367],[-112.7753,33.5426],[-112.7796,33.5515],[-112.7768,33.5585],[-112.788,33.5711],[-112.7925,33.5688],[-112.8025,33.5691],[-112.8029,33.5648],[-112.7966,33.5535],[-112.7962,33.5443],[-112.7889,33.5271],[-112.7908,33.5073],[-112.7871,33.4978],[-112.7891,33.49],[-112.7815,33.4616],[-112.783,33.4433],[-112.7797,33.4355],[-112.765,33.4158],[-112.7595,33.3871],[-112.7522,33.3685],[-112.7546,33.3507],[-112.7375,33.3462],[-112.7251,33.3391],[-112.7129,33.3293],[-112.7116,33.3217],[-112.711,33.3266],[-112.6883,33.3292],[-112.6814,33.333],[-112.6638,33.3315],[-112.6562,33.3351],[-112.6519,33.3346],[-112.6383,33.3429],[-112.6385,33.3514],[-112.6423,33.362],[-112.6426,33.4047],[-112.6275,33.4091],[-112.6356,33.4326],[-112.6271,33.4301],[-112.6086,33.4331],[-112.6027,33.4356],[-112.6011,33.4404],[-112.5977,33.4415],[-112.594,33.4383],[-112.5813,33.4382],[-112.5576,33.4462],[-112.5565,33.4494],[-112.5555,33.4468],[-112.543,33.4503],[-112.5259,33.4612],[-112.5256,33.4653],[-112.5206,33.4726],[-112.5231,33.4774],[-112.529,33.4783],[-112.5391,33.486],[-112.5467,33.489],[-112.5512,33.4863],[-112.5623,33.4967],[-112.5677,33.4983],[-112.5718,33.5073],[-112.5637,33.5141],[-112.5609,33.5201],[-112.5613,33.5287],[-112.5562,33.5336],[-112.5567,33.5388],[-112.5592,33.545],[-112.5692,33.555],[-112.5701,33.5693],[-112.5874,33.5781],[-112.5905,33.5859],[-112.5895,33.5907],[-112.5959,33.5977],[-112.6015,33.5972],[-112.6112,33.609],[-112.6142,33.6172],[-112.6098,33.6187],[-112.6048,33.6276],[-112.6104,33.6736],[-112.6206,33.7022],[-112.6224,33.721],[-112.6309,33.7472],[-112.6434,33.7706],[-112.6399,33.7777],[-112.6402,33.7849],[-112.6345,33.7897],[-112.636,33.7938],[-112.6343,33.8062],[-112.6363,33.811],[-112.6338,33.8157],[-112.6372,33.8233],[-112.6313,33.8328],[-112.6273,33.8479],[-112.5955,33.8829],[-112.5931,33.8943],[-112.5822,33.9054],[-112.5832,33.9147],[-112.5752,33.9249],[-112.5701,33.9271],[-112.5668,33.9375],[-112.5616,33.9385],[-112.5544,33.9468],[-112.5474,33.9465],[-112.5482,33.9499],[-112.5545,33.9546]]]}},{"type":"Feature","properties":{"huc10":"1507010403","name":"Tiger Wash"},"geometry":{"type":"Polygon","coordinates":[[[-113.1838,33.8707],[-113.1957,33.8707],[-113.2009,33.863],[-113.2005,33.8598],[-113.2108,33.8562],[-113.2149,33.8514],[-113.2207,33.853],[-113.2277,33.8685],[-113.237,33.8614],[-113.2498,33.8613],[-113.2503,33.8591],[-113.2636,33.8568],[-113.2773,33.8504],[-113.2816,33.8511],[-113.287,33.8454],[-113.291,33.8467],[-113.3006,33.8412],[-113.3036,33.8362],[-113.3082,33.8368],[-113.3155,33.8254],[-113.3403,33.8189],[-113.3464,33.8131],[-113.3451,33.8049],[-113.3534,33.7868],[-113.3418,33.7584],[-113.3444,33.7587],[-113.3436,33.7556],[-113.3485,33.7513],[-113.3565,33.7479],[-113.3591,33.7392],[-113.373,33.7403],[-113.3794,33.7331],[-113.3786,33.7059],[-113.3739,33.6926],[-113.3735,33.6619],[-113.3704,33.6569],[-113.3757,33.642],[-113.3764,33.6126],[-113.3789,33.6056],[-113.3866,33.5957],[-113.3864,33.5841],[-113.3643,33.5865],[-113.3497,33.5828],[-113.3184,33.5825],[-113.2646,33.5883],[-113.2709,33.5926],[-113.2722,33.6089],[-113.279,33.6252],[-113.2782,33.6463],[-113.2817,33.6646],[-113.2808,33.6777],[-113.2731,33.6956],[-113.275,33.7075],[-113.2665,33.7108],[-113.2643,33.717],[-113.267,33.7189],[-113.2641,33.72],[-113.2618,33.7262],[-113.2629,33.7291],[-113.2692,33.7316],[-113.2716,33.7381],[-113.269,33.7422],[-113.2593,33.7415],[-113.2524,33.7442],[-113.2482,33.7427],[-113.2446,33.7453],[-113.23,33.747],[-113.2237,33.7448],[-113.2221,33.7401],[-113.2191,33.7414],[-113.2028,33.7353],[-113.1929,33.7359],[-113.1857,33.7419],[-113.1792,33.7438],[-113.176,33.7399],[-113.1671,33.7405],[-113.1608,33.7366],[-113.1495,33.7471],[-113.1372,33.7408],[-113.1382,33.7343],[-113.1348,33.7334],[-113.1354,33.7299],[-113.1217,33.7231],[-113.1205,33.7191],[-113.117,33.7169],[-113.1102,33.7194],[-113.1124,33.7294],[-113.1167,33.7346],[-113.1122,33.7417],[-113.1155,33.7438],[-113.1097,33.7537],[-113.1264,33.7674],[-113.1224,33.7757],[-113.1225,33.7962],[-113.1262,33.8135],[-113.135,33.8247],[-113.1363,33.8359],[-113.1709,33.8647],[-113.1838,33.8707]]]}},{"type":"Feature","properties":{"huc10":"1507010406","name":"Winters Wash"},"geometry":{"type":"Polygon","coordinates":[[[-112.9891,33.7204],[-112.9934,33.7242],[-112.9979,33.7204],[-113.0023,33.7226],[-113.007,33.7199],[-113.0061,33.7171],[-113.0129,33.7174],[-113.0208,33.7062],[-113.0283,33.7079],[-113.0372,33.7045],[-113.0452,33.7051],[-113.0534,33.6923],[-113.0518,33.6784],[-113.0574,33.6826],[-113.059,33.6885],[-113.0647,33.6917],[-113.0705,33.6913],[-113.0756,33.6843],[-113.0818,33.6845],[-113.0852,33.6814],[-113.0904,33.6843],[-113.0972,33.6946],[-113.1093,33.7015],[-113.111,33.7057],[-113.114,33.7051],[-113.1191,33.7023],[-113.1183,33.6941],[-113.1234,33.6897],[-113.1208,33.6851],[-113.1293,33.6746],[-113.1275,33.6712],[-113.1291,33.6672],[-113.1336,33.6637],[-113.1408,33.663],[-113.1432,33.6601],[-113.1402,33.6588],[-113.141,33.6564],[-113.1462,33.6567],[-113.1535,33.6402],[-113.1476,33.6353],[-113.1415,33.6346],[-113.1353,33.6228],[-113.1326,33.6245],[-113.1239,33.6226],[-113.1219,33.6247],[-113.1166,33.6231],[-113.113,33.6287],[-113.1011,33.6206],[-113.0951,33.6226],[-113.0799,33.6159],[-113.067,33.6019],[-113.0554,33.5802],[-113.0552,33.5659],[-113.0517,33.5525],[-113.0385,33.5319],[-113.0352,33.5185],[-113.03,33.5135],[-113.0246,33.4875],[-113.0221,33.4807],[-113.0192,33.48],[-113.0223,33.4754],[-113.0224,33.4651],[-113.028,33.4534],[-113.0401,33.4398],[-113.0262,33.4364],[-113.0143,33.4268],[-112.9907,33.4142],[-112.9748,33.4016],[-112.9685,33.3916],[-112.941,33.3815],[-112.9187,33.3671],[-112.8956,33.3289],[-112.8936,33.3266],[-112.8849,33.3265],[-112.8848,33.3117],[-112.8823,33.3101],[-112.8751,33.3131],[-112.8742,33.3159],[-112.88,33.3487],[-112.8764,33.3569],[-112.8762,33.3733],[-112.8709,33.3888],[-112.8613,33.3969],[-112.8599,33.4036],[-112.8634,33.4056],[-112.8628,33.4087],[-112.8672,33.4141],[-112.8634,33.4201],[-112.8657,33.4295],[-112.8622,33.435],[-112.8621,33.4606],[-112.8571,33.4918],[-112.8392,33.5187],[-112.8258,33.5523],[-112.8178,33.5807],[-112.8112,33.5866],[-112.8157,33.5927],[-112.8076,33.5966],[-112.8127,33.6048],[-112.8171,33.6066],[-112.8314,33.6234],[-112.8475,33.663],[-112.8622,33.675],[-112.9009,33.6945],[-112.9398,33.6997],[-112.9585,33.7081],[-112.9617,33.7116],[-112.9746,33.7143],[-112.9795,33.7191],[-112.9891,33.7204]]]}},{"type":"Feature","properties":{"huc10":"1507020102","name":"Yellow Medicine Wash-Gila River"},"geometry":{"type":"Polygon","coordinates":[[[-113.1522,33.2991],[-113.1646,33.2996],[-113.1892,33.2955],[-113.197,33.2904],[-113.1999,33.2808],[-113.2043,33.2813],[-113.2182,33.2715],[-113.221,33.2616],[-113.2288,33.2636],[-113.2313,33.2512],[-113.2284,33.2491],[-113.2308,33.2452],[-113.226,33.242],[-113.2173,33.2294],[-113.2207,33.2161],[-113.2167,33.2088],[-113.2212,33.2048],[-113.2187,33.1958],[-113.2221,33.1928],[-113.2179,33.186],[-113.2207,33.1823],[-113.2091,33.1726],[-113.2052,33.1651],[-113.2069,33.1588],[-113.2124,33.1543],[-113.2037,33.1504],[-113.2039,33.1423],[-113.1887,33.1384],[-113.1902,33.1364],[-113.186,33.1331],[-113.1908,33.1249],[-113.1889,33.1163],[-113.1842,33.1108],[-113.1589,33.0971],[-113.1626,33.0954],[-113.1742,33.0798],[-113.1654,33.0754],[-113.1646,33.0697],[-113.1586,33.0649],[-113.1572,33.0516],[-113.173,33.0286],[-113.1811,33.0321],[-113.1885,33.0234],[-113.2027,33.0203],[-113.2094,33.0286],[-113.2171,33.0248],[-113.2253,33.0248],[-113.2287,33.0206],[-113.2281,33.0113],[-113.2303,33.0084],[-113.2578,33.0064],[-113.2672,32.993],[-113.2691,32.985],[-113.2799,32.9813],[-113.2848,32.9758],[-113.2824,32.9743],[-113.2789,32.9785],[-113.2696,32.981],[-113.251,32.9959],[-113.2374,32.998],[-113.2255,32.9917],[-113.2179,32.9755],[-113.2213,32.9687],[-113.2204,32.9609],[-113.2287,32.9544],[-113.2259,32.9512],[-113.2255,32.9432],[-113.2198,32.9347],[-113.208,32.9249],[-113.2086,32.9178],[-113.2046,32.9118],[-113.2003,32.9103],[-113.2002,32.9066],[-113.1941,32.8982],[-113.1816,32.8941],[-113.1537,32.8945],[-113.1517,32.8904],[-113.1318,32.873],[-113.0685,32.8898],[-113.0646,32.8936],[-113.0644,32.8998],[-113.0563,32.9083],[-113.04,32.9169],[-113.0338,32.9141],[-113.03,32.9205],[-113.0314,32.9234],[-113.0282,32.9271],[-113.0278,32.9335],[-113.0361,32.9438],[-113.0294,32.9457],[-113.0272,32.9525],[-113.0288,32.9607],[-113.0252,32.9712],[-113.0186,32.975],[-113.0126,32.9732],[-113.0089,32.9793],[-113.0035,32.9801],[-113.0039,32.9841],[-113.0009,32.9851],[-113.0031,32.9966],[-113.0106,33.0056],[-113.0056,33.0067],[-113.0082,33.0114],[-113.0067,33.0277],[-113.0082,33.0347],[-113.0174,33.0371],[-113.0238,33.0486],[-113.0209,33.0586],[-113.0219,33.0679],[-113.0075,33.0796],[-113.0012,33.0758],[-112.9949,33.0785],[-112.9941,33.0856],[-112.9872,33.0871],[-112.9914,33.0994],[-112.9886,33.1147],[-112.9819,33.1166],[-112.9641,33.1138],[-112.9567,33.1179],[-112.9596,33.1276],[-112.9643,33.1294],[-112.9593,33.1345],[-112.9604,33.1419],[-112.955,33.139],[-112.9475,33.1473],[-112.9062,33.1482],[-112.9082,33.1593],[-112.9062,33.165],[-112.8886,33.165],[-112.8848,33.1679],[-112.8926,33.1769],[-112.8897,33.1808],[-112.8918,33.1843],[-112.9156,33.1934],[-112.9236,33.201],[-112.9328,33.2052],[-112.9413,33.2041],[-112.9488,33.2099],[-112.9557,33.2082],[-112.9598,33.2139],[-112.9668,33.215],[-112.9656,33.2187],[-112.9696,33.2223],[-112.97,33.2259],[-112.9756,33.2273],[-112.9841,33.237],[-112.9988,33.2381],[-112.999,33.2434],[-113.0107,33.2477],[-113.0151,33.2527],[-113.0288,33.2563],[-113.0459,33.2527],[-113.0652,33.2666],[-113.0725,33.2675],[-113.0768,33.2642],[-113.09,33.2722],[-113.0932,33.2696],[-113.1002,33.2732],[-113.1152,33.2734],[-113.1218,33.2866],[-113.1356,33.2893],[-113.1497,33.2956],[-113.1522,33.2991]]]}},{"type":"Feature","properties":{"huc10":"1506020304","name":"Tangle Creek-Verde River"},"geometry":{"type":"Polygon","coordinates":[[[-111.7621,34.3529],[-111.7672,34.3541],[-111.7982,34.3501],[-111.7988,34.3458],[-111.7916,34.3407],[-111.7895,34.3297],[-111.7912,34.3263],[-111.7834,34.32],[-111.7856,34.3078],[-111.7818,34.303],[-111.7824,34.2993],[-111.7942,34.2857],[-111.8023,34.2852],[-111.8161,34.2794],[-111.8228,34.2723],[-111.8315,34.2701],[-111.8349,34.2655],[-111.8461,34.2607],[-111.847,34.2549],[-111.8637,34.2507],[-111.8737,34.2422],[-111.8784,34.2369],[-111.8802,34.2237],[-111.8905,34.2158],[-111.8906,34.2071],[-111.894,34.1996],[-111.8991,34.1987],[-111.9058,34.1883],[-111.9015,34.1792],[-111.8915,34.1734],[-111.8977,34.1681],[-111.895,34.1622],[-111.8993,34.1532],[-111.9034,34.1508],[-111.9038,34.1451],[-111.8991,34.1344],[-111.8936,34.1323],[-111.896,34.1207],[-111.8883,34.1156],[-111.8885,34.1051],[-111.884,34.1001],[-111.8723,34.0962],[-111.8697,34.099],[-111.8575,34.101],[-111.8403,34.1114],[-111.8303,34.1109],[-111.8201,34.1146],[-111.8186,34.1103],[-111.8076,34.107],[-111.7954,34.1096],[-111.782,34.0933],[-111.7808,34.0863],[-111.7762,34.0831],[-111.7792,34.076],[-111.7763,34.0707],[-111.7692,34.0722],[-111.7583,34.0803],[-111.7443,34.0798],[-111.7355,34.0838],[-111.7257,34.0839],[-111.7211,34.0807],[-111.715,34.0823],[-111.7132,34.0792],[-111.7167,34.0745],[-111.716,34.0723],[-111.7107,34.0685],[-111.7006,34.0714],[-111.6954,34.0587],[-111.6861,34.0566],[-111.6807,34.0478],[-111.6738,34.0451],[-111.675,34.0427],[-111.6723,34.0402],[-111.6668,34.04],[-111.6561,34.0438],[-111.6512,34.043],[-111.6501,34.0453],[-111.6355,34.0453],[-111.6285,34.0649],[-111.6182,34.0661],[-111.6127,34.0711],[-111.608,34.0708],[-111.6069,34.0766],[-111.5901,34.0779],[-111.5854,34.0843],[-111.5723,34.0873],[-111.5671,34.0932],[-111.5611,34.1095],[-111.5552,34.1125],[-111.5548,34.1205],[-111.5499,34.122],[-111.548,34.1258],[-111.5351,34.1216],[-111.5306,34.1165],[-111.5239,34.1226],[-111.5272,34.1317],[-111.5213,34.1324],[-111.517,34.1301],[-111.5139,34.1335],[-111.5062,34.1359],[-111.4936,34.134],[-111.4892,34.1396],[-111.4842,34.1416],[-111.4839,34.1458],[-111.4933,34.1517],[-111.4984,34.1514],[-111.4996,34.1542],[-111.5219,34.1553],[-111.5232,34.1592],[-111.5071,34.1606],[-111.5063,34.168],[-111.5314,34.1673],[-111.5354,34.1691],[-111.534,34.1726],[-111.5365,34.1765],[-111.5313,34.1832],[-111.5309,34.1885],[-111.5346,34.1952],[-111.5469,34.1979],[-111.5503,34.2025],[-111.5489,34.2138],[-111.5564,34.2134],[-111.5618,34.2217],[-111.566,34.2218],[-111.5721,34.2297],[-111.58,34.2299],[-111.5852,34.2327],[-111.5899,34.2317],[-111.5944,34.2378],[-111.6178,34.2433],[-111.6207,34.2481],[-111.6316,34.2484],[-111.648,34.2571],[-111.6546,34.2629],[-111.6541,34.2674],[-111.6628,34.273],[-111.6618,34.2819],[-111.6647,34.2865],[-111.6722,34.289],[-111.6757,34.2871],[-111.6845,34.2888],[-111.6908,34.2948],[-111.6951,34.3146],[-111.7176,34.3272],[-111.7211,34.3311],[-111.7218,34.3378],[-111.7411,34.346],[-111.7475,34.3463],[-111.7563,34.354],[-111.7621,34.3529]]]}},{"type":"Feature","properties":{"huc10":"1506020306","name":"Sycamore Creek"},"geometry":{"type":"Polygon","coordinates":[[[-111.4599,34.0028],[-111.4669,34.0064],[-111.4702,34.0028],[-111.4723,34.0049],[-111.4951,33.9996],[-111.501,33.9932],[-111.5095,33.99],[-111.5136,33.9805],[-111.5257,33.9778],[-111.5297,33.974],[-111.5312,33.9672],[-111.5234,33.963],[-111.522,33.957],[-111.5147,33.9516],[-111.5122,33.945],[-111.5155,33.9402],[-111.5163,33.9335],[-111.5115,33.9312],[-111.5079,33.9244],[-111.5127,33.9184],[-111.5082,33.9155],[-111.5073,33.9018],[-111.5043,33.8981],[-111.5107,33.8879],[-111.5094,33.8754],[-111.5066,33.8736],[-111.5051,33.8654],[-111.5131,33.8647],[-111.5154,33.8597],[-111.5216,33.8595],[-111.5247,33.8536],[-111.5298,33.8513],[-111.5337,33.8461],[-111.5474,33.8433],[-111.5482,33.8372],[-111.5436,33.8313],[-111.5439,33.8267],[-111.549,33.8237],[-111.5524,33.8167],[-111.559,33.8142],[-111.5633,33.8034],[-111.5647,33.7935],[-111.5611,33.7909],[-111.565,33.7853],[-111.562,33.783],[-111.5604,33.7699],[-111.5549,33.7639],[-111.5579,33.7567],[-111.5551,33.7535],[-111.5641,33.7501],[-111.5643,33.7449],[-111.5688,33.7395],[-111.5695,33.7346],[-111.5743,33.7324],[-111.5734,33.7264],[-111.5691,33.7264],[-111.5676,33.7235],[-111.5681,33.7172],[-111.5928,33.7023],[-111.5962,33.6953],[-111.6083,33.6878],[-111.6094,33.682],[-111.6241,33.6748],[-111.6253,33.6696],[-111.6293,33.667],[-111.6301,33.6604],[-111.636,33.6578],[-111.637,33.6546],[-111.6516,33.6493],[-111.6524,33.6444],[-111.6631,33.6366],[-111.6637,33.6331],[-111.6496,33.6366],[-111.6454,33.6313],[-111.646,33.6287],[-111.636,33.6231],[-111.6127,33.62],[-111.6018,33.6292],[-111.5915,33.6324],[-111.587,33.6304],[-111.5847,33.6323],[-111.5858,33.6371],[-111.5787,33.6302],[-111.5701,33.6323],[-111.5647,33.637],[-111.5547,33.6366],[-111.5431,33.6396],[-111.5358,33.6438],[-111.5335,33.6516],[-111.5172,33.6707],[-111.5092,33.6664],[-111.4875,33.6703],[-111.4743,33.6668],[-111.4684,33.6766],[-111.4698,33.6805],[-111.452,33.677],[-111.4451,33.6849],[-111.4349,33.6855],[-111.4181,33.6993],[-111.4162,33.7044],[-111.4176,33.7071],[-111.4151,33.7083],[-111.414,33.7138],[-111.4032,33.7177],[-111.3954,33.7263],[-111.3904,33.7256],[-111.3884,33.7304],[-111.3856,33.7313],[-111.3806,33.746],[-111.3868,33.7501],[-111.3822,33.7609],[-111.3872,33.7634],[-111.3893,33.7705],[-111.3866,33.7732],[-111.3894,33.7766],[-111.3855,33.7833],[-111.3813,33.7852],[-111.3828,33.7883],[-111.3785,33.7937],[-111.3885,33.805],[-111.3843,33.8166],[-111.3724,33.8181],[-111.3724,33.8239],[-111.3839,33.8337],[-111.3926,33.8359],[-111.3903,33.8376],[-111.3954,33.8408],[-111.396,33.8448],[-111.3873,33.8626],[-111.3963,33.8684],[-111.3961,33.8768],[-111.4057,33.8795],[-111.4055,33.8821],[-111.4128,33.8857],[-111.4114,33.8917],[-111.4136,33.8987],[-111.4115,33.9038],[-111.408,33.9052],[-111.4086,33.9118],[-111.4052,33.9194],[-111.4259,33.926],[-111.4374,33.9161],[-111.4517,33.9209],[-111.4493,33.9295],[-111.4521,33.9334],[-111.4471,33.9348],[-111.4473,33.9413],[-111.4523,33.9487],[-111.448,33.9582],[-111.4522,33.9608],[-111.4526,33.9655],[-111.449,33.9687],[-111.4482,33.9731],[-111.4347,33.9808],[-111.4332,33.9844],[-111.4427,33.9912],[-111.4404,33.9964],[-111.4449,34.001],[-111.4496,34.0002],[-111.4542,34.0047],[-111.4599,34.0028]]]}},{"type":"Feature","properties":{"huc10":"1506020307","name":"Camp Creek-Verde River"},"geometry":{"type":"Polygon","coordinates":[[[-111.8014,33.9336],[-111.8104,33.9388],[-111.8158,33.9384],[-111.8197,33.9348],[-111.8191,33.9324],[-111.8264,33.9203],[-111.8308,33.9173],[-111.8331,33.9163],[-111.8368,33.9231],[-111.8449,33.9208],[-111.8479,33.9223],[-111.8544,33.9182],[-111.8552,33.9088],[-111.8677,33.9103],[-111.8729,33.9083],[-111.8765,33.9025],[-111.8618,33.8954],[-111.857,33.8953],[-111.8467,33.8889],[-111.8489,33.884],[-111.8461,33.88],[-111.8284,33.8661],[-111.8339,33.8503],[-111.8263,33.8391],[-111.8219,33.8259],[-111.819,33.8245],[-111.8212,33.8115],[-111.8198,33.7951],[-111.8236,33.7839],[-111.8221,33.7812],[-111.8274,33.772],[-111.8313,33.7698],[-111.8354,33.7593],[-111.8323,33.7478],[-111.8294,33.7449],[-111.828,33.7257],[-111.8198,33.7188],[-111.8125,33.7018],[-111.812,33.6897],[-111.8147,33.6849],[-111.8084,33.6789],[-111.815,33.6723],[-111.8142,33.6687],[-111.8175,33.6593],[-111.8121,33.6534],[-111.8121,33.6443],[-111.8,33.639],[-111.792,33.6309],[-111.7901,33.6167],[-111.7845,33.6146],[-111.7819,33.61],[-111.7756,33.6098],[-111.7724,33.6057],[-111.7662,33.6081],[-111.7635,33.6056],[-111.7616,33.6004],[-111.7626,33.5884],[-111.7571,33.5798],[-111.7526,33.5773],[-111.7484,33.5782],[-111.7427,33.5702],[-111.7353,33.5695],[-111.729,33.5742],[-111.7181,33.5683],[-111.7119,33.558],[-111.7048,33.5571],[-111.7017,33.5496],[-111.7042,33.5472],[-111.7001,33.543],[-111.694,33.541],[-111.6921,33.5458],[-111.6766,33.551],[-111.6668,33.5497],[-111.6616,33.5464],[-111.655,33.5552],[-111.6562,33.5614],[-111.654,33.5658],[-111.6457,33.5713],[-111.6295,33.5745],[-111.6188,33.59],[-111.608,33.5958],[-111.6062,33.6145],[-111.598,33.6295],[-111.6031,33.6286],[-111.6125,33.62],[-111.6202,33.6202],[-111.6358,33.623],[-111.6453,33.6281],[-111.6492,33.6365],[-111.6635,33.6331],[-111.6644,33.6348],[-111.6534,33.6433],[-111.6516,33.6493],[-111.637,33.6546],[-111.636,33.6578],[-111.6301,33.6604],[-111.6293,33.667],[-111.6253,33.6696],[-111.6241,33.6748],[-111.6094,33.682],[-111.6083,33.6878],[-111.5962,33.6953],[-111.5928,33.7023],[-111.5681,33.7172],[-111.5676,33.7235],[-111.5691,33.7264],[-111.5734,33.7264],[-111.5743,33.7324],[-111.5695,33.7346],[-111.5688,33.7395],[-111.5643,33.7449],[-111.5641,33.7501],[-111.5551,33.7532],[-111.5579,33.7567],[-111.5549,33.7639],[-111.5604,33.7699],[-111.562,33.783],[-111.565,33.7853],[-111.5611,33.7909],[-111.5792,33.7984],[-111.5883,33.7973],[-111.596,33.8001],[-111.6037,33.7973],[-111.6072,33.7999],[-111.6134,33.799],[-111.6163,33.8021],[-111.6336,33.8021],[-111.6351,33.8099],[-111.6317,33.8189],[-111.6364,33.8258],[-111.6407,33.8248],[-111.6432,33.8285],[-111.6482,33.8288],[-111.6522,33.8341],[-111.6624,33.8382],[-111.6671,33.8426],[-111.6736,33.8418],[-111.6864,33.8569],[-111.6953,33.8568],[-111.6955,33.8706],[-111.6856,33.8778],[-111.6878,33.882],[-111.6987,33.8881],[-111.6987,33.8909],[-111.7022,33.8928],[-111.7089,33.8874],[-111.7166,33.8882],[-111.7215,33.8916],[-111.7229,33.8956],[-111.721,33.8993],[-111.7244,33.901],[-111.7285,33.8978],[-111.732,33.9003],[-111.7424,33.8969],[-111.7647,33.9032],[-111.7681,33.9073],[-111.7692,33.9149],[-111.7789,33.9112],[-111.7846,33.9143],[-111.7859,33.924],[-111.7823,33.9254],[-111.7821,33.9295],[-111.787,33.9343],[-111.8014,33.9336]]]}},{"type":"Feature","properties":{"huc10":"1507010103","name":"Sand Tank Wash"},"geometry":{"type":"Polygon","coordinates":[[[-112.7381,32.9956],[-112.7528,32.9961],[-112.7572,32.9936],[-112.7315,32.9879],[-112.7176,32.9667],[-112.7178,32.9498],[-112.7083,32.931],[-112.6988,32.8984],[-112.6928,32.8589],[-112.6945,32.8356],[-112.6885,32.8274],[-112.6834,32.8104],[-112.6703,32.7821],[-112.6712,32.7698],[-112.6611,32.762],[-112.6371,32.7271],[-112.6259,32.7203],[-112.6164,32.7089],[-112.5956,32.7011],[-112.5611,32.6989],[-112.5371,32.7008],[-112.5137,32.6988],[-112.4872,32.7082],[-112.4706,32.7058],[-112.463,32.7119],[-112.4499,32.7152],[-112.4446,32.7219],[-112.4325,32.7255],[-112.4293,32.7325],[-112.4317,32.7343],[-112.4193,32.7362],[-112.4166,32.7347],[-112.4067,32.739],[-112.3995,32.7375],[-112.3952,32.7428],[-112.3955,32.7569],[-112.3826,32.7558],[-112.3773,32.7636],[-112.374,32.7648],[-112.3736,32.7692],[-112.3611,32.7748],[-112.3462,32.7889],[-112.3385,32.7916],[-112.3336,32.8074],[-112.3267,32.8191],[-112.3303,32.8292],[-112.3313,32.8433],[-112.3358,32.8485],[-112.3225,32.8616],[-112.3254,32.8669],[-112.3346,32.8718],[-112.3378,32.88],[-112.3415,32.8799],[-112.3401,32.8832],[-112.3322,32.8865],[-112.3271,32.8943],[-112.3332,32.9042],[-112.3335,32.9129],[-112.3392,32.9202],[-112.3388,32.9261],[-112.3461,32.9325],[-112.3588,32.9316],[-112.3592,32.9256],[-112.3656,32.9211],[-112.3674,32.9152],[-112.3658,32.911],[-112.37,32.9023],[-112.3802,32.9072],[-112.3985,32.9035],[-112.4047,32.9081],[-112.4118,32.9094],[-112.4145,32.9068],[-112.4116,32.8986],[-112.4208,32.8944],[-112.4206,32.8869],[-112.4229,32.8836],[-112.4201,32.8809],[-112.4206,32.8781],[-112.4311,32.8726],[-112.4404,32.8707],[-112.4658,32.8842],[-112.5307,32.9059],[-112.5563,32.9106],[-112.5692,32.9168],[-112.5675,32.9083],[-112.5722,32.9029],[-112.5861,32.9052],[-112.5971,32.9024],[-112.6108,32.9053],[-112.6274,32.915],[-112.6423,32.9277],[-112.6902,32.9556],[-112.7003,32.9674],[-112.7032,32.9765],[-112.7177,32.9874],[-112.7201,32.9947],[-112.7381,32.9956]]]}},{"type":"Feature","properties":{"huc10":"1507010104","name":"Rainbow Wash-Gila River"},"geometry":{"type":"Polygon","coordinates":[[[-112.5454,33.2654],[-112.5496,33.2753],[-112.548,33.2832],[-112.5548,33.2889],[-112.556,33.2756],[-112.5601,33.2712],[-112.5749,33.2651],[-112.5871,33.2671],[-112.5875,33.2706],[-112.5926,33.2723],[-112.5981,33.2687],[-112.6185,33.2672],[-112.6221,33.2638],[-112.629,33.2683],[-112.6552,33.2634],[-112.6609,33.2657],[-112.6721,33.2632],[-112.6739,33.2661],[-112.6869,33.2706],[-112.6983,33.2664],[-112.6996,33.2685],[-112.7037,33.2682],[-112.7134,33.262],[-112.7155,33.2556],[-112.7234,33.2551],[-112.7309,33.2445],[-112.7396,33.2433],[-112.7557,33.2349],[-112.7609,33.235],[-112.7646,33.2298],[-112.7748,33.2285],[-112.7792,33.2338],[-112.79,33.235],[-112.7965,33.2313],[-112.7997,33.2235],[-112.8002,33.2116],[-112.8268,33.207],[-112.8325,33.2029],[-112.8402,33.1914],[-112.8469,33.1913],[-112.8444,33.1862],[-112.8531,33.1673],[-112.8489,33.1623],[-112.8494,33.1594],[-112.8436,33.1654],[-112.8385,33.1669],[-112.8291,33.1618],[-112.8252,33.1562],[-112.8278,33.1519],[-112.8247,33.1466],[-112.8146,33.147],[-112.8076,33.1506],[-112.8033,33.1473],[-112.7866,33.1491],[-112.7842,33.1431],[-112.7865,33.1384],[-112.7811,33.1339],[-112.7843,33.1287],[-112.7839,33.1235],[-112.7685,33.117],[-112.7715,33.1081],[-112.7639,33.1005],[-112.7605,33.0905],[-112.7451,33.0884],[-112.7421,33.0892],[-112.7388,33.0948],[-112.7355,33.0953],[-112.7333,33.0886],[-112.7291,33.0875],[-112.7294,33.083],[-112.7397,33.0765],[-112.7301,33.066],[-112.7383,33.06],[-112.7467,33.0591],[-112.7536,33.062],[-112.7659,33.0465],[-112.7635,33.0423],[-112.766,33.0405],[-112.7576,33.0353],[-112.7545,33.0268],[-112.7518,33.0256],[-112.7552,33.0157],[-112.7604,33.0114],[-112.7568,33.0021],[-112.7571,32.9944],[-112.7465,32.9966],[-112.7206,32.995],[-112.7168,32.9864],[-112.7032,32.9765],[-112.7003,32.9674],[-112.6899,32.9554],[-112.6423,32.9277],[-112.6274,32.915],[-112.6106,32.9052],[-112.5971,32.9024],[-112.5861,32.9052],[-112.5722,32.9029],[-112.5675,32.9083],[-112.5692,32.9168],[-112.5563,32.9106],[-112.5307,32.9059],[-112.4658,32.8842],[-112.4417,32.8711],[-112.4349,32.8713],[-112.4203,32.8786],[-112.4229,32.8835],[-112.4206,32.8869],[-112.4208,32.8944],[-112.4116,32.8986],[-112.4145,32.9068],[-112.4118,32.9094],[-112.3947,32.9029],[-112.388,32.9066],[-112.3899,32.9098],[-112.388,32.9154],[-112.3894,32.9194],[-112.3841,32.926],[-112.3906,32.9282],[-112.3948,32.9329],[-112.3903,32.9403],[-112.3916,32.9466],[-112.3965,32.9525],[-112.4092,32.9557],[-112.4114,32.9746],[-112.4181,32.9963],[-112.4261,33.0044],[-112.4392,33.0119],[-112.4503,33.0136],[-112.4568,33.0092],[-112.4644,33.0125],[-112.4627,33.0162],[-112.4649,33.0226],[-112.4713,33.0312],[-112.4783,33.0344],[-112.4746,33.0371],[-112.4689,33.036],[-112.4629,33.042],[-112.4744,33.0512],[-112.4758,33.0569],[-112.4799,33.0558],[-112.4838,33.0583],[-112.4919,33.0587],[-112.4926,33.0655],[-112.4908,33.0675],[-112.4981,33.0763],[-112.4978,33.0801],[-112.5084,33.087],[-112.5021,33.0863],[-112.4978,33.0904],[-112.4887,33.0932],[-112.4934,33.0948],[-112.4925,33.1004],[-112.4951,33.1039],[-112.4978,33.1052],[-112.5096,33.1016],[-112.5132,33.1102],[-112.5094,33.1365],[-112.5112,33.1571],[-112.5173,33.1564],[-112.5188,33.1612],[-112.5256,33.163],[-112.5312,33.1691],[-112.5358,33.1687],[-112.5453,33.179],[-112.5425,33.1822],[-112.5506,33.1904],[-112.5499,33.2012],[-112.5467,33.2091],[-112.5439,33.2083],[-112.5382,33.2115],[-112.5354,33.221],[-112.5352,33.2389],[-112.5414,33.2597],[-112.5454,33.2654]]]}},{"type":"Feature","properties":{"huc10":"1507010105","name":"Quilotosa Wash"},"geometry":{"type":"Polygon","coordinates":[[[-112.7474,32.9924],[-112.7586,32.9912],[-112.7591,32.97],[-112.762,32.9648],[-112.7679,32.9614],[-112.7728,32.9521],[-112.7705,32.9409],[-112.767,32.9374],[-112.7662,32.9311],[-112.7584,32.9304],[-112.7537,32.9211],[-112.7524,32.9032],[-112.7447,32.8901],[-112.739,32.87],[-112.7276,32.8537],[-112.7191,32.8308],[-112.7101,32.814],[-112.7064,32.8113],[-112.7064,32.8071],[-112.6977,32.7898],[-112.6917,32.7829],[-112.6888,32.7746],[-112.6813,32.7675],[-112.6777,32.7553],[-112.6715,32.7487],[-112.6666,32.7355],[-112.6567,32.7234],[-112.6311,32.7032],[-112.6125,32.6995],[-112.5712,32.6806],[-112.5589,32.6772],[-112.5464,32.6668],[-112.5208,32.6598],[-112.5205,32.6554],[-112.517,32.6514],[-112.5013,32.648],[-112.4946,32.6438],[-112.4939,32.6364],[-112.4902,32.6321],[-112.4946,32.6222],[-112.492,32.6157],[-112.4788,32.6085],[-112.4766,32.6021],[-112.4661,32.6028],[-112.4601,32.6009],[-112.4545,32.5896],[-112.4474,32.5821],[-112.4275,32.5795],[-112.4116,32.5817],[-112.4066,32.5778],[-112.3984,32.583],[-112.3962,32.587],[-112.4001,32.6022],[-112.3867,32.6151],[-112.3889,32.6184],[-112.3786,32.6299],[-112.3838,32.6369],[-112.3797,32.6421],[-112.3804,32.6454],[-112.3899,32.6524],[-112.388,32.6568],[-112.3902,32.6607],[-112.3853,32.6658],[-112.3957,32.6738],[-112.3873,32.6808],[-112.3822,32.6783],[-112.3828,32.6845],[-112.389,32.6879],[-112.3903,32.6933],[-112.403,32.7045],[-112.3969,32.7122],[-112.4008,32.7167],[-112.3979,32.7299],[-112.3995,32.7375],[-112.4067,32.739],[-112.4166,32.7347],[-112.4193,32.7362],[-112.4317,32.7343],[-112.4293,32.7325],[-112.4325,32.7255],[-112.4446,32.7219],[-112.4499,32.7152],[-112.463,32.7119],[-112.4697,32.7062],[-112.4872,32.7082],[-112.5121,32.6989],[-112.5894,32.7003],[-112.6164,32.7089],[-112.6259,32.7203],[-112.6371,32.7271],[-112.6611,32.762],[-112.6712,32.7698],[-112.6703,32.7821],[-112.6834,32.8104],[-112.6885,32.8274],[-112.6945,32.8356],[-112.6928,32.8589],[-112.6988,32.8984],[-112.7083,32.931],[-112.7178,32.9498],[-112.7176,32.9667],[-112.7309,32.9874],[-112.7474,32.9924]]]}},{"type":"Feature","properties":{"huc10":"1507010204","name":"Sycamore Creek-Agua Fria River"},"geometry":{"type":"Polygon","coordinates":[[[-112.3309,34.471],[-112.3447,34.4704],[-112.3618,34.4608],[-112.3606,34.4528],[-112.3622,34.4508],[-112.369,34.4496],[-112.3748,34.4447],[-112.3795,34.447],[-112.3892,34.4328],[-112.3959,34.4299],[-112.3979,34.4263],[-112.3965,34.4231],[-112.3804,34.4169],[-112.373,34.4199],[-112.3685,34.4282],[-112.3476,34.4294],[-112.3385,34.4181],[-112.3299,34.4174],[-112.3188,34.4104],[-112.3074,34.4106],[-112.3045,34.3994],[-112.2962,34.3981],[-112.2926,34.3934],[-112.2929,34.3777],[-112.2854,34.3716],[-112.2772,34.3689],[-112.2757,34.3648],[-112.2665,34.3617],[-112.2397,34.3625],[-112.2169,34.3667],[-112.2073,34.3601],[-112.2052,34.3533],[-112.1879,34.3491],[-112.1786,34.3381],[-112.1653,34.3282],[-112.1503,34.3256],[-112.1455,34.3273],[-112.144,34.3241],[-112.1501,34.3101],[-112.1484,34.3065],[-112.145,34.3081],[-112.1338,34.2987],[-112.1252,34.3006],[-112.1195,34.2954],[-112.1209,34.289],[-112.1177,34.2814],[-112.1176,34.2706],[-112.114,34.2646],[-112.1173,34.2603],[-112.1166,34.2549],[-112.1207,34.2507],[-112.1169,34.2466],[-112.1218,34.2462],[-112.1225,34.2442],[-112.1177,34.2282],[-112.1065,34.2232],[-112.0981,34.2228],[-112.0932,34.2165],[-112.1056,34.211],[-112.1076,34.2012],[-112.1201,34.2075],[-112.1301,34.2008],[-112.1338,34.1915],[-112.1339,34.1838],[-112.128,34.1784],[-112.1209,34.1765],[-112.1221,34.1682],[-112.117,34.1629],[-112.117,34.1553],[-112.1135,34.1462],[-112.1249,34.1378],[-112.1263,34.1335],[-112.1235,34.1285],[-112.1238,34.1224],[-112.1265,34.1142],[-112.1295,34.1142],[-112.132,34.1103],[-112.1305,34.108],[-112.1337,34.0958],[-112.1413,34.0909],[-112.1406,34.0857],[-112.1566,34.0708],[-112.1564,34.0677],[-112.1456,34.0636],[-112.1443,34.0597],[-112.1375,34.0575],[-112.1339,34.0601],[-112.1253,34.0583],[-112.1205,34.0535],[-112.1085,34.05],[-112.0821,34.059],[-112.07,34.0666],[-112.0594,34.0699],[-112.0458,34.0684],[-112.0426,34.0716],[-112.0327,34.0737],[-112.0261,34.0693],[-112.0209,34.0691],[-111.9994,34.0747],[-112.005,34.0595],[-112.001,34.0574],[-111.9911,34.0576],[-111.9818,34.0667],[-111.9673,34.0709],[-111.9673,34.075],[-111.9558,34.0835],[-111.945,34.0852],[-111.9385,34.0929],[-111.9195,34.0913],[-111.9139,34.0931],[-111.9028,34.0903],[-111.8918,34.0945],[-111.8905,34.102],[-111.8877,34.1037],[-111.8875,34.1131],[-111.8956,34.1199],[-111.8936,34.1323],[-111.8991,34.1344],[-111.9038,34.1454],[-111.9034,34.1508],[-111.8993,34.1532],[-111.895,34.1622],[-111.8977,34.1681],[-111.8915,34.1734],[-111.9015,34.1792],[-111.9058,34.1883],[-111.8991,34.1987],[-111.894,34.1996],[-111.8906,34.2071],[-111.8905,34.2158],[-111.8802,34.2237],[-111.8784,34.2369],[-111.8737,34.2422],[-111.8637,34.2507],[-111.847,34.2549],[-111.8461,34.2607],[-111.8349,34.2655],[-111.8315,34.2701],[-111.8228,34.2723],[-111.8161,34.2794],[-111.8023,34.2852],[-111.7942,34.2857],[-111.7824,34.2993],[-111.7818,34.303],[-111.7856,34.3078],[-111.7834,34.32],[-111.7912,34.3263],[-111.7895,34.3297],[-111.7916,34.3407],[-111.7988,34.3458],[-111.7987,34.3521],[-111.8099,34.367],[-111.814,34.37],[-111.8215,34.3656],[-111.8389,34.3652],[-111.8421,34.3705],[-111.8502,34.3758],[-111.8542,34.3866],[-111.8514,34.3944],[-111.8528,34.398],[-111.8602,34.3992],[-111.8643,34.3946],[-111.875,34.3904],[-111.8821,34.3927],[-111.8854,34.3895],[-111.8937,34.3883],[-111.906,34.3923],[-111.9242,34.3891],[-111.9272,34.3858],[-111.96,34.3792],[-111.9619,34.3762],[-111.9647,34.3782],[-111.9683,34.3717],[-111.9861,34.3759],[-111.9924,34.3675],[-111.9992,34.3654],[-112.0048,34.3679],[-112.0145,34.3618],[-112.0322,34.36],[-112.0416,34.3633],[-112.0453,34.3535],[-112.0576,34.3483],[-112.0557,34.3461],[-112.0565,34.3403],[-112.0708,34.3353],[-112.0698,34.3322],[-112.0778,34.3236],[-112.0945,34.3267],[-112.1003,34.3296],[-112.1019,34.3346],[-112.1263,34.3345],[-112.1341,34.3385],[-112.1506,34.3535],[-112.1654,34.3629],[-112.1702,34.3693],[-112.1761,34.3719],[-112.1778,34.3755],[-112.1887,34.3794],[-112.1903,34.3846],[-112.199,34.3876],[-112.2005,34.3927],[-112.2094,34.3992],[-112.207,34.4074],[-112.2083,34.4109],[-112.2144,34.4147],[-112.215,34.4184],[-112.2224,34.4199],[-112.2264,34.4246],[-112.2313,34.4262],[-112.2306,34.4322],[-112.2329,34.4361],[-112.2313,34.441],[-112.2406,34.4484],[-112.2402,34.453],[-112.2449,34.4577],[-112.2528,34.4561],[-112.2599,34.4584],[-112.2697,34.458],[-112.2732,34.4518],[-112.2828,34.4575],[-112.286,34.4626],[-112.286,34.468],[-112.2933,34.4651],[-112.3001,34.4669],[-112.3206,34.4633],[-112.3309,34.471]]]}},{"type":"Feature","properties":{"huc10":"1507010206","name":"Cave Creek-Arizona Canal Diversion Channel"},"geometry":{"type":"Polygon","coordinates":[[[-111.8575,34.0474],[-111.8617,34.0565],[-111.8676,34.0557],[-111.8884,34.034],[-111.889,34.0275],[-111.8944,34.024],[-111.8957,34.0148],[-111.9078,34.0081],[-111.9127,34.0082],[-111.9154,34.0045],[-111.92,34.005],[-111.9234,34.0014],[-111.9293,34],[-111.9297,33.9931],[-111.9341,33.9924],[-111.9405,33.9866],[-111.9523,33.9689],[-111.9706,33.9518],[-111.9766,33.9286],[-111.9863,33.9209],[-111.9853,33.9152],[-111.9801,33.9089],[-111.9852,33.9031],[-111.9827,33.8958],[-111.9889,33.8932],[-111.9835,33.8878],[-111.9803,33.8802],[-111.9919,33.8792],[-112.0098,33.8694],[-112.0175,33.8686],[-112.0233,33.8627],[-112.0314,33.8667],[-112.0437,33.8586],[-112.0604,33.8605],[-112.0701,33.8475],[-112.0752,33.8233],[-112.0858,33.8079],[-112.0916,33.8032],[-112.0924,33.7985],[-112.0836,33.7906],[-112.0777,33.7927],[-112.071,33.7898],[-112.0678,33.7854],[-112.0611,33.785],[-112.0583,33.7827],[-112.0608,33.7773],[-112.0552,33.7737],[-112.0496,33.776],[-112.0457,33.773],[-112.0511,33.7612],[-112.0727,33.7435],[-112.0738,33.7395],[-112.0733,33.733],[-112.0646,33.7329],[-112.0658,33.729],[-112.0623,33.7275],[-112.0637,33.7243],[-112.0601,33.7217],[-112.0568,33.7094],[-112.0833,33.691],[-112.0934,33.6902],[-112.1114,33.6821],[-112.1135,33.6694],[-112.1257,33.6621],[-112.1517,33.6618],[-112.1685,33.6577],[-112.1689,33.6545],[-112.1744,33.6544],[-112.1861,33.6476],[-112.1864,33.6388],[-112.1976,33.6385],[-112.2071,33.6325],[-112.2228,33.6328],[-112.2043,33.6216],[-112.2025,33.6184],[-112.1915,33.6154],[-112.1771,33.5997],[-112.1666,33.595],[-112.1565,33.5843],[-112.1375,33.5733],[-112.1227,33.5703],[-112.1075,33.5733],[-112.0801,33.5677],[-112.0727,33.5604],[-112.0625,33.5564],[-112.0574,33.5461],[-112.0496,33.543],[-112.0332,33.5263],[-112.0191,33.5222],[-111.9932,33.5091],[-111.9804,33.5186],[-111.9742,33.5165],[-111.97,33.5183],[-111.9593,33.5146],[-111.9582,33.5414],[-111.9698,33.5451],[-111.9732,33.5417],[-111.9804,33.544],[-111.9824,33.5483],[-111.9903,33.5535],[-112.004,33.5427],[-112.009,33.543],[-112.0145,33.5485],[-112.021,33.5473],[-112.0112,33.5627],[-112.0145,33.564],[-112.0178,33.5728],[-112.0379,33.5775],[-112.0428,33.5815],[-112.0353,33.5938],[-112.0389,33.5973],[-112.0463,33.598],[-112.0431,33.6009],[-112.044,33.6057],[-112.028,33.6096],[-112.0261,33.6246],[-112.0218,33.6326],[-112.004,33.6497],[-111.9979,33.6636],[-112.0057,33.6678],[-112.0124,33.6763],[-112.0296,33.681],[-112.0308,33.6894],[-112.0269,33.7028],[-112.0155,33.7148],[-111.9991,33.7205],[-111.966,33.7405],[-111.948,33.7469],[-111.9122,33.7677],[-111.8895,33.7775],[-111.881,33.789],[-111.8475,33.8054],[-111.8333,33.8218],[-111.8284,33.8315],[-111.8284,33.8413],[-111.8339,33.8503],[-111.8284,33.8661],[-111.8461,33.88],[-111.8489,33.884],[-111.8467,33.8889],[-111.8589,33.8962],[-111.8618,33.8954],[-111.8762,33.902],[-111.8764,33.9039],[-111.8677,33.9103],[-111.8552,33.9088],[-111.8544,33.9182],[-111.8479,33.9223],[-111.8449,33.9208],[-111.8368,33.9231],[-111.8331,33.9163],[-111.8308,33.9173],[-111.8264,33.9203],[-111.8191,33.9324],[-111.8197,33.9348],[-111.8158,33.9384],[-111.8104,33.9388],[-111.8014,33.9336],[-111.7867,33.9353],[-111.7895,33.9425],[-111.7975,33.9512],[-111.796,33.9544],[-111.7989,33.9556],[-111.7923,33.9693],[-111.7961,33.9755],[-111.7937,33.9806],[-111.8074,33.9863],[-111.8126,33.9944],[-111.8153,33.9951],[-111.8226,34.0086],[-111.8338,34.0187],[-111.8349,34.0235],[-111.8398,34.027],[-111.8456,34.0366],[-111.846,34.0476],[-111.8575,34.0474]]]}},{"type":"Feature","properties":{"huc10":"1507010207","name":"Trilby Wash-Trilby Wash Basin"},"geometry":{"type":"Polygon","coordinates":[[[-112.529,33.9991],[-112.5309,33.9993],[-112.5308,33.9961],[-112.5252,33.9924],[-112.5254,33.9881],[-112.5388,33.9746],[-112.5433,33.9611],[-112.5423,33.9562],[-112.5488,33.9493],[-112.5474,33.9465],[-112.5544,33.9468],[-112.5616,33.9385],[-112.567,33.9373],[-112.5701,33.9271],[-112.5752,33.9249],[-112.5832,33.9147],[-112.5822,33.9054],[-112.5931,33.8943],[-112.5955,33.8829],[-112.6264,33.8495],[-112.6313,33.8328],[-112.6372,33.8233],[-112.6338,33.8157],[-112.6363,33.811],[-112.6343,33.8062],[-112.636,33.7938],[-112.6344,33.7899],[-112.6402,33.7849],[-112.6399,33.7777],[-112.6433,33.7703],[-112.6309,33.7472],[-112.6224,33.721],[-112.6206,33.7022],[-112.6104,33.6736],[-112.6048,33.6276],[-112.6098,33.6187],[-112.6142,33.6171],[-112.6111,33.6089],[-112.6015,33.5972],[-112.5959,33.5977],[-112.5895,33.5907],[-112.5904,33.5858],[-112.5836,33.5746],[-112.5745,33.5779],[-112.571,33.5758],[-112.5634,33.5766],[-112.5531,33.5817],[-112.5492,33.5868],[-112.532,33.5837],[-112.5278,33.5891],[-112.5248,33.5877],[-112.5109,33.5903],[-112.5062,33.5902],[-112.484,33.5793],[-112.479,33.5829],[-112.4664,33.6037],[-112.463,33.6171],[-112.463,33.6312],[-112.4583,33.6437],[-112.45,33.6564],[-112.4366,33.6593],[-112.4333,33.667],[-112.4231,33.6777],[-112.423,33.6945],[-112.4261,33.7056],[-112.4221,33.7077],[-112.4218,33.7112],[-112.425,33.7131],[-112.4338,33.7382],[-112.4446,33.7395],[-112.4456,33.7489],[-112.4552,33.777],[-112.4562,33.7889],[-112.4678,33.8098],[-112.4695,33.8269],[-112.4678,33.8438],[-112.4618,33.8613],[-112.4635,33.8664],[-112.4617,33.8797],[-112.455,33.8905],[-112.4491,33.894],[-112.4435,33.8926],[-112.4356,33.9007],[-112.4401,33.9048],[-112.4461,33.92],[-112.441,33.9339],[-112.4505,33.9389],[-112.4533,33.9428],[-112.4616,33.9441],[-112.4675,33.949],[-112.4755,33.9511],[-112.4768,33.9563],[-112.4828,33.9614],[-112.4899,33.9631],[-112.4957,33.9708],[-112.4942,33.9729],[-112.497,33.9784],[-112.51,33.9873],[-112.5118,33.9919],[-112.529,33.9991]]]}},{"type":"Feature","properties":{"huc10":"1507010208","name":"New River"},"geometry":{"type":"Polygon","coordinates":[[[-111.9303,34.0934],[-111.9392,34.0925],[-111.9481,34.0835],[-111.9558,34.0835],[-111.9673,34.075],[-111.9673,34.0709],[-111.9865,34.0638],[-111.9886,34.0579],[-112.001,34.0574],[-112.0003,34.0495],[-112.0044,34.0482],[-112.0053,34.0371],[-112.0114,34.0346],[-112.0132,34.0311],[-112.0181,34.0305],[-112.019,34.0261],[-112.0284,34.0283],[-112.048,34.0239],[-112.0586,34.0096],[-112.0594,34.005],[-112.0659,34.002],[-112.0654,33.9967],[-112.0775,33.9865],[-112.0865,33.989],[-112.0914,33.9829],[-112.0954,33.9852],[-112.1199,33.9855],[-112.1238,33.9785],[-112.1245,33.97],[-112.1392,33.9692],[-112.1407,33.9642],[-112.1453,33.9626],[-112.1567,33.9646],[-112.1594,33.9586],[-112.1662,33.9552],[-112.1738,33.9573],[-112.187,33.9535],[-112.1923,33.9552],[-112.2018,33.942],[-112.2017,33.9343],[-112.2082,33.9156],[-112.2066,33.9095],[-112.2181,33.8967],[-112.2168,33.8908],[-112.2246,33.8896],[-112.2318,33.8819],[-112.2409,33.8838],[-112.2418,33.8802],[-112.2483,33.8758],[-112.248,33.8703],[-112.2443,33.866],[-112.2518,33.85],[-112.2489,33.7682],[-112.2534,33.748],[-112.2521,33.7437],[-112.2445,33.7378],[-112.2496,33.7375],[-112.2538,33.7285],[-112.2496,33.7246],[-112.2511,33.7219],[-112.2481,33.7167],[-112.2591,33.717],[-112.27,33.709],[-112.2737,33.6766],[-112.2799,33.6683],[-112.2802,33.6593],[-112.2858,33.6529],[-112.2897,33.6517],[-112.2915,33.6475],[-112.2887,33.6053],[-112.2899,33.6032],[-112.2985,33.6041],[-112.2989,33.5904],[-112.3036,33.5871],[-112.295,33.5687],[-112.2957,33.5608],[-112.2893,33.5358],[-112.2986,33.519],[-112.3034,33.5159],[-112.3028,33.5136],[-112.2988,33.5146],[-112.2901,33.5225],[-112.2369,33.5238],[-112.1948,33.5421],[-112.1772,33.5459],[-112.1515,33.5675],[-112.1458,33.5681],[-112.1383,33.5738],[-112.1565,33.5843],[-112.1666,33.595],[-112.1771,33.5997],[-112.1915,33.6154],[-112.2025,33.6184],[-112.2043,33.6216],[-112.2228,33.6328],[-112.2071,33.6325],[-112.1976,33.6385],[-112.1864,33.6388],[-112.1861,33.6476],[-112.1744,33.6544],[-112.1689,33.6545],[-112.1685,33.6577],[-112.1517,33.6618],[-112.1257,33.6621],[-112.1135,33.6694],[-112.1114,33.6821],[-112.0934,33.6902],[-112.0833,33.691],[-112.0564,33.7101],[-112.056,33.7121],[-112.0591,33.7127],[-112.0601,33.7217],[-112.0637,33.7243],[-112.0623,33.7275],[-112.0658,33.729],[-112.0646,33.7329],[-112.0733,33.733],[-112.0738,33.7395],[-112.0727,33.7435],[-112.0511,33.7612],[-112.0457,33.773],[-112.0496,33.776],[-112.0552,33.7737],[-112.0608,33.7773],[-112.0583,33.7827],[-112.0611,33.785],[-112.0678,33.7854],[-112.071,33.7898],[-112.0777,33.7927],[-112.0836,33.7906],[-112.0924,33.7985],[-112.0916,33.8032],[-112.0858,33.8079],[-112.0752,33.8233],[-112.0701,33.8475],[-112.0604,33.8605],[-112.0437,33.8586],[-112.0314,33.8667],[-112.0233,33.8627],[-112.0175,33.8686],[-112.0098,33.8694],[-111.9919,33.8792],[-111.9801,33.8805],[-111.9889,33.8932],[-111.9827,33.8958],[-111.9852,33.9031],[-111.9801,33.9089],[-111.9853,33.9152],[-111.9863,33.9209],[-111.9766,33.9286],[-111.9706,33.9518],[-111.9523,33.9689],[-111.9405,33.9866],[-111.9341,33.9924],[-111.9297,33.9931],[-111.9293,34],[-111.9234,34.0014],[-111.92,34.005],[-111.9154,34.0045],[-111.9127,34.0082],[-111.9078,34.0081],[-111.8957,34.0148],[-111.8944,34.024],[-111.889,34.0275],[-111.8884,34.034],[-111.875,34.0487],[-111.8798,34.0576],[-111.8852,34.0621],[-111.8878,34.0821],[-111.8994,34.0868],[-111.9,34.0907],[-111.9303,34.0934]]]}},{"type":"Feature","properties":{"huc10":"1507010302","name":"Sols Wash"},"geometry":{"type":"Polygon","coordinates":[[[-112.9579,34.2285],[-112.9679,34.2264],[-112.9724,34.2168],[-112.9668,34.2172],[-112.9522,34.2112],[-112.9525,34.2024],[-112.9636,34.1687],[-112.9655,34.1485],[-112.9715,34.1377],[-112.9933,34.113],[-112.9928,34.1103],[-112.9864,34.1027],[-112.9806,34.0997],[-112.9764,34.0864],[-112.9681,34.0824],[-112.9651,34.0755],[-112.9578,34.0738],[-112.955,34.0789],[-112.9451,34.0788],[-112.9287,34.0633],[-112.9217,34.0612],[-112.9095,34.0437],[-112.9048,34.0261],[-112.9076,34.0026],[-112.8963,33.9849],[-112.8984,33.9714],[-112.8964,33.9562],[-112.8933,33.9534],[-112.8987,33.9475],[-112.8961,33.9416],[-112.8938,33.9425],[-112.8814,33.9326],[-112.8791,33.928],[-112.8823,33.923],[-112.8815,33.9195],[-112.8689,33.9088],[-112.8642,33.8918],[-112.8594,33.8943],[-112.857,33.8928],[-112.8552,33.8997],[-112.843,33.9056],[-112.8383,33.9007],[-112.8365,33.9057],[-112.8291,33.9063],[-112.8261,33.9097],[-112.8211,33.9027],[-112.8103,33.9155],[-112.8021,33.9173],[-112.7934,33.9225],[-112.7951,33.9299],[-112.7901,33.9327],[-112.7885,33.9427],[-112.7714,33.9498],[-112.7578,33.9636],[-112.736,33.9673],[-112.7286,33.9725],[-112.7344,33.9732],[-112.7473,33.9882],[-112.7591,33.9866],[-112.7638,33.9897],[-112.7817,33.9928],[-112.7858,33.9985],[-112.7911,33.9989],[-112.7953,34.0132],[-112.8089,34.0261],[-112.8057,34.0551],[-112.8245,34.0653],[-112.8479,34.1059],[-112.8485,34.1282],[-112.8433,34.1479],[-112.8459,34.1633],[-112.8539,34.171],[-112.857,34.178],[-112.8628,34.1811],[-112.8557,34.1997],[-112.8498,34.206],[-112.8486,34.2114],[-112.8518,34.2158],[-112.8598,34.2211],[-112.8644,34.2124],[-112.869,34.2113],[-112.8745,34.2046],[-112.8824,34.2044],[-112.8873,34.2092],[-112.8901,34.2074],[-112.8996,34.2124],[-112.9109,34.2064],[-112.9144,34.2084],[-112.9157,34.2205],[-112.9241,34.2248],[-112.9389,34.2228],[-112.9579,34.2285]]]}},{"type":"Feature","properties":{"huc10":"1503020401","name":"Bullard Wash"},"geometry":{"type":"Polygon","coordinates":[[[-113.5635,34.2643],[-113.5682,34.263],[-113.5616,34.2578],[-113.5624,34.2544],[-113.5541,34.2402],[-113.5509,34.2223],[-113.5594,34.1993],[-113.5552,34.182],[-113.5604,34.1784],[-113.5596,34.1757],[-113.5641,34.1711],[-113.5756,34.1678],[-113.583,34.162],[-113.5784,34.1571],[-113.5709,34.1623],[-113.5489,34.1524],[-113.5403,34.1532],[-113.5372,34.1393],[-113.5209,34.1184],[-113.5204,34.1048],[-113.5116,34.1034],[-113.4976,34.1111],[-113.4829,34.1151],[-113.4611,34.0927],[-113.4501,34.088],[-113.4425,34.0728],[-113.4366,34.0705],[-113.4271,34.0599],[-113.4353,34.0538],[-113.4378,34.048],[-113.4287,34.0368],[-113.4019,34.044],[-113.3941,34.0501],[-113.3842,34.0533],[-113.3806,34.0584],[-113.3748,34.0584],[-113.3706,34.0621],[-113.3616,34.0599],[-113.3494,34.0695],[-113.3406,34.0713],[-113.3376,34.0742],[-113.3215,34.0731],[-113.3133,34.0769],[-113.3018,34.0755],[-113.2967,34.0818],[-113.2939,34.0794],[-113.2889,34.0825],[-113.283,34.0813],[-113.2769,34.0841],[-113.2703,34.0805],[-113.262,34.0831],[-113.2561,34.0793],[-113.2261,34.0801],[-113.219,34.078],[-113.2097,34.0797],[-113.1979,34.0745],[-113.195,34.07],[-113.187,34.067],[-113.1817,34.0607],[-113.1752,34.0595],[-113.1706,34.0521],[-113.1544,34.0436],[-113.1521,34.0386],[-113.1394,34.0336],[-113.129,34.0372],[-113.1156,34.0347],[-113.113,34.0406],[-113.1043,34.0442],[-113.1085,34.0474],[-113.1052,34.052],[-113.1086,34.0592],[-113.0999,34.069],[-113.0758,34.1119],[-113.0552,34.1803],[-113.0509,34.1828],[-113.062,34.1857],[-113.0886,34.1761],[-113.1135,34.181],[-113.1162,34.1779],[-113.1253,34.1791],[-113.1687,34.1679],[-113.1914,34.1729],[-113.2208,34.1603],[-113.2543,34.1544],[-113.2662,34.1544],[-113.2893,34.1646],[-113.298,34.172],[-113.3122,34.1784],[-113.3298,34.1762],[-113.3855,34.1962],[-113.4047,34.2075],[-113.4263,34.2166],[-113.4399,34.2271],[-113.4466,34.2375],[-113.4619,34.2407],[-113.479,34.2404],[-113.4989,34.2492],[-113.5324,34.2592],[-113.5507,34.2638],[-113.5635,34.2643]]]}},{"type":"Feature","properties":{"huc10":"1505010008","name":"Middle Queen Creek"},"geometry":{"type":"Polygon","coordinates":[[[-111.4779,33.4885],[-111.4822,33.4901],[-111.493,33.4815],[-111.496,33.485],[-111.4993,33.4835],[-111.5094,33.488],[-111.5167,33.4841],[-111.5109,33.4755],[-111.5074,33.4485],[-111.5287,33.4316],[-111.5336,33.4332],[-111.5386,33.4316],[-111.5519,33.4414],[-111.5611,33.4392],[-111.5676,33.4434],[-111.5807,33.445],[-111.5838,33.4411],[-111.5948,33.4394],[-111.5957,33.441],[-111.6185,33.4408],[-111.6223,33.4432],[-111.6402,33.4327],[-111.6569,33.4413],[-111.6757,33.4594],[-111.7009,33.4573],[-111.7132,33.4585],[-111.7187,33.4601],[-111.7189,33.4664],[-111.7277,33.4711],[-111.7296,33.4764],[-111.7482,33.4767],[-111.7378,33.4453],[-111.7242,33.4207],[-111.7112,33.4062],[-111.7087,33.3978],[-111.6844,33.3588],[-111.6812,33.3372],[-111.6829,33.3212],[-111.6885,33.3061],[-111.6941,33.297],[-111.7271,33.2618],[-111.7295,33.2496],[-111.7373,33.2343],[-111.7203,33.2486],[-111.6519,33.2487],[-111.6395,33.2385],[-111.6345,33.2379],[-111.6345,33.2269],[-111.5904,33.227],[-111.5504,33.1852],[-111.5388,33.1894],[-111.5118,33.1899],[-111.5025,33.1872],[-111.4533,33.1999],[-111.4232,33.213],[-111.4154,33.2227],[-111.4055,33.2454],[-111.3922,33.2566],[-111.364,33.2671],[-111.3354,33.2744],[-111.3288,33.2729],[-111.3231,33.2662],[-111.317,33.2729],[-111.3136,33.2732],[-111.3116,33.2686],[-111.3002,33.2702],[-111.2955,33.2747],[-111.2885,33.2768],[-111.2865,33.29],[-111.2686,33.2858],[-111.2643,33.2873],[-111.2637,33.2905],[-111.2755,33.2984],[-111.2727,33.304],[-111.2742,33.3129],[-111.2701,33.3205],[-111.2629,33.3207],[-111.258,33.3239],[-111.2566,33.3302],[-111.2595,33.3342],[-111.2549,33.3395],[-111.2552,33.3477],[-111.2576,33.3573],[-111.261,33.3592],[-111.2537,33.3673],[-111.2508,33.3775],[-111.2199,33.3908],[-111.2186,33.3981],[-111.2112,33.398],[-111.2108,33.4085],[-111.2065,33.409],[-111.2052,33.4124],[-111.1903,33.414],[-111.1839,33.4093],[-111.1736,33.4124],[-111.1751,33.4188],[-111.1821,33.4224],[-111.1824,33.4259],[-111.1964,33.4317],[-111.2007,33.4381],[-111.215,33.4446],[-111.2176,33.4502],[-111.2217,33.4492],[-111.2284,33.4403],[-111.2455,33.4381],[-111.2513,33.4295],[-111.2694,33.4333],[-111.2719,33.4303],[-111.27,33.4276],[-111.2764,33.4242],[-111.277,33.4185],[-111.2878,33.4242],[-111.2968,33.4148],[-111.3056,33.4105],[-111.3127,33.4121],[-111.3174,33.4169],[-111.3222,33.4144],[-111.3426,33.4169],[-111.3477,33.4222],[-111.3487,33.4302],[-111.3468,33.4329],[-111.3569,33.4317],[-111.3584,33.4293],[-111.3564,33.4257],[-111.368,33.4257],[-111.3626,33.4173],[-111.3665,33.4139],[-111.3632,33.4098],[-111.3703,33.4086],[-111.3738,33.4049],[-111.3809,33.4068],[-111.3837,33.4035],[-111.4001,33.4104],[-111.4003,33.4154],[-111.4144,33.4275],[-111.4292,33.4306],[-111.4413,33.4399],[-111.4477,33.4403],[-111.4441,33.4522],[-111.4494,33.4656],[-111.4436,33.4686],[-111.4461,33.4726],[-111.4429,33.4759],[-111.4435,33.4797],[-111.4416,33.4799],[-111.4426,33.4839],[-111.4511,33.4858],[-111.4524,33.4883],[-111.4618,33.4849],[-111.4708,33.4887],[-111.4779,33.4885]]]}},{"type":"Feature","properties":{"huc10":"1505010011","name":"Firebird Lake-Gila River"},"geometry":{"type":"Polygon","coordinates":[[[-111.684,33.3574],[-111.7013,33.3863],[-111.7677,33.3861],[-111.7677,33.3727],[-111.7736,33.3573],[-111.9571,33.3563],[-111.9567,33.3586],[-111.972,33.3605],[-111.9789,33.3644],[-111.9934,33.3587],[-112.0069,33.3576],[-112.0157,33.3511],[-112.0357,33.3424],[-112.0478,33.3426],[-112.0496,33.3389],[-112.0737,33.3299],[-112.0739,33.3273],[-112.0765,33.3265],[-112.0826,33.33],[-112.0998,33.3224],[-112.0999,33.3352],[-112.1026,33.3362],[-112.1042,33.3414],[-112.117,33.3349],[-112.1221,33.3505],[-112.133,33.3589],[-112.1647,33.3629],[-112.2106,33.3626],[-112.2277,33.36],[-112.2656,33.3767],[-112.2855,33.3763],[-112.3035,33.3813],[-112.3067,33.3806],[-112.306,33.375],[-112.3107,33.3695],[-112.312,33.3621],[-112.3223,33.351],[-112.3237,33.3412],[-112.3281,33.3343],[-112.3391,33.3289],[-112.3419,33.3241],[-112.3367,33.3201],[-112.3326,33.3106],[-112.3274,33.3107],[-112.3218,33.3072],[-112.3206,33.2996],[-112.3229,33.2926],[-112.3213,33.2911],[-112.3119,33.2875],[-112.3109,33.2845],[-112.3042,33.2837],[-112.3026,33.2772],[-112.2896,33.2705],[-112.2835,33.2708],[-112.2763,33.2563],[-112.2537,33.2534],[-112.2506,33.2498],[-112.2451,33.2486],[-112.2396,33.242],[-112.2378,33.2332],[-112.2301,33.2304],[-112.2231,33.2312],[-112.2251,33.2402],[-112.2237,33.2462],[-112.2145,33.2515],[-112.2027,33.2543],[-112.1918,33.2647],[-112.1819,33.2587],[-112.1608,33.2538],[-112.1559,33.2439],[-112.146,33.2376],[-112.1205,33.2264],[-112.1113,33.2258],[-112.1014,33.2212],[-112.0961,33.2108],[-112.0959,33.1972],[-112.093,33.1935],[-112.0586,33.1732],[-112.0495,33.1716],[-112.0385,33.1639],[-112.0219,33.1587],[-112.0195,33.1561],[-112.0226,33.1466],[-112.0182,33.147],[-112.0083,33.1396],[-112.0006,33.1389],[-111.9868,33.132],[-111.9791,33.1249],[-111.9614,33.1248],[-111.9614,33.1227],[-111.9572,33.1249],[-111.9432,33.125],[-111.9397,33.1214],[-111.9188,33.122],[-111.9052,33.1141],[-111.9051,33.1106],[-111.8555,33.1103],[-111.828,33.1055],[-111.8235,33.1021],[-111.8235,33.1176],[-111.8444,33.1353],[-111.8493,33.1356],[-111.8589,33.1416],[-111.8728,33.1406],[-111.8937,33.1467],[-111.8949,33.1557],[-111.8882,33.1636],[-111.8844,33.1784],[-111.8792,33.1828],[-111.84,33.1945],[-111.8181,33.2035],[-111.7521,33.2048],[-111.7381,33.2229],[-111.7379,33.233],[-111.7295,33.2496],[-111.7282,33.2602],[-111.6941,33.297],[-111.6881,33.3068],[-111.6829,33.3212],[-111.6812,33.3372],[-111.684,33.3574]]]}},{"type":"Feature","properties":{"huc10":"1505030306","name":"Santa Cruz Wash"},"geometry":{"type":"Polygon","coordinates":[[[-112.1801,33.2583],[-112.1918,33.2647],[-112.2027,33.2543],[-112.215,33.2513],[-112.2242,33.2453],[-112.2231,33.2312],[-112.216,33.2294],[-112.2154,33.2179],[-112.2046,33.1894],[-112.1896,33.178],[-112.1864,33.1711],[-112.1819,33.1703],[-112.1817,33.1645],[-112.1776,33.1611],[-112.1694,33.1688],[-112.1451,33.1806],[-112.1394,33.1897],[-112.1346,33.1834],[-112.1004,33.1676],[-112.0807,33.1509],[-112.0768,33.1241],[-112.0718,33.1182],[-112.0702,33.1095],[-112.0628,33.0965],[-112.0615,33.0648],[-112.0432,33.0573],[-112.0419,33.0541],[-112.0319,33.0472],[-112.0318,33.0424],[-112.0204,33.0299],[-112.0137,33.0283],[-112.0138,33],[-112.0051,32.9992],[-112.0051,32.9552],[-111.9993,32.9548],[-111.9929,32.934],[-111.9868,32.928],[-111.9865,32.9232],[-111.9817,32.92],[-111.9812,32.9119],[-111.9753,32.8978],[-111.9767,32.8906],[-111.9724,32.885],[-111.9723,32.8793],[-111.9469,32.8794],[-111.9463,32.898],[-111.9394,32.8911],[-111.9332,32.8799],[-111.9286,32.8593],[-111.9186,32.8519],[-111.8934,32.8501],[-111.8792,32.8427],[-111.866,32.8396],[-111.838,32.8227],[-111.8041,32.8074],[-111.786,32.7952],[-111.7812,32.7774],[-111.7686,32.7617],[-111.7666,32.7481],[-111.7618,32.741],[-111.7447,32.7225],[-111.7264,32.7093],[-111.706,32.6977],[-111.6943,32.6882],[-111.6805,32.6812],[-111.6692,32.6787],[-111.6532,32.6679],[-111.6397,32.6639],[-111.6243,32.6625],[-111.6204,32.6595],[-111.619,32.6452],[-111.6137,32.6396],[-111.5927,32.6292],[-111.5553,32.6173],[-111.5368,32.6013],[-111.5122,32.5887],[-111.474,32.5852],[-111.4938,32.5975],[-111.5078,32.6121],[-111.5295,32.6235],[-111.5817,32.6639],[-111.6172,32.6863],[-111.6204,32.6902],[-111.6202,32.7341],[-111.6596,32.7683],[-111.6799,32.7808],[-111.6961,32.787],[-111.6981,32.793],[-111.7134,32.7813],[-111.7265,32.7816],[-111.7392,32.7929],[-111.752,32.8184],[-111.7621,32.8283],[-111.7788,32.8326],[-111.7845,32.8372],[-111.7864,32.8441],[-111.7915,32.8494],[-111.7916,32.8645],[-111.8255,32.8937],[-111.8481,32.8944],[-111.8676,32.9068],[-111.8858,32.9231],[-111.8865,32.9387],[-111.869,32.9461],[-111.8628,32.9428],[-111.8436,32.9623],[-111.8382,32.9722],[-111.8191,32.9874],[-111.8186,32.9916],[-111.8135,32.9955],[-111.7719,33.0028],[-111.7526,33.0011],[-111.7408,33.0104],[-111.7332,33.0114],[-111.733,33.0073],[-111.7178,33.0102],[-111.713,33.0135],[-111.7087,33.012],[-111.7051,33.0198],[-111.7086,33.0258],[-111.7132,33.0292],[-111.7159,33.0286],[-111.7194,33.0338],[-111.7249,33.0305],[-111.7336,33.0317],[-111.7326,33.0346],[-111.7351,33.0401],[-111.7268,33.0435],[-111.727,33.0486],[-111.7405,33.0561],[-111.7565,33.0601],[-111.7739,33.0581],[-111.8014,33.0652],[-111.8064,33.0719],[-111.8065,33.101],[-111.8245,33.1023],[-111.828,33.1055],[-111.8555,33.1103],[-111.9051,33.1106],[-111.9052,33.1141],[-111.9188,33.122],[-111.9397,33.1214],[-111.9432,33.125],[-111.9572,33.1249],[-111.9614,33.1227],[-111.9614,33.1248],[-111.9791,33.1249],[-111.9868,33.132],[-112.0006,33.1389],[-112.0083,33.1396],[-112.0182,33.147],[-112.0226,33.1466],[-112.0195,33.1561],[-112.0219,33.1587],[-112.0385,33.1639],[-112.0495,33.1716],[-112.0586,33.1732],[-112.093,33.1935],[-112.0959,33.1972],[-112.0961,33.2108],[-112.1014,33.2212],[-112.1113,33.2258],[-112.1205,33.2264],[-112.143,33.2361],[-112.1547,33.2427],[-112.1608,33.2538],[-112.1801,33.2583]]]}},{"type":"Feature","properties":{"huc10":"1507010102","name":"Luke Wash-Gila River"},"geometry":{"type":"Polygon","coordinates":[[[-112.7922,33.5694],[-112.7895,33.5774],[-112.8007,33.5849],[-112.8055,33.5912],[-112.8054,33.5949],[-112.8076,33.5966],[-112.8157,33.5927],[-112.8111,33.5868],[-112.8178,33.5807],[-112.8208,33.57],[-112.8227,33.5496],[-112.8428,33.476],[-112.8439,33.45],[-112.8372,33.4141],[-112.8378,33.4005],[-112.8297,33.3897],[-112.832,33.3854],[-112.8278,33.3774],[-112.821,33.3721],[-112.8158,33.3582],[-112.8032,33.3427],[-112.7911,33.3386],[-112.7873,33.3315],[-112.781,33.3263],[-112.77,33.3232],[-112.767,33.3203],[-112.7759,33.3178],[-112.7905,33.3076],[-112.7961,33.2944],[-112.7959,33.2905],[-112.7811,33.2899],[-112.7806,33.2821],[-112.776,33.2788],[-112.7715,33.2654],[-112.7738,33.2608],[-112.7846,33.2636],[-112.7996,33.2633],[-112.8041,33.2612],[-112.8117,33.2554],[-112.8122,33.2511],[-112.8188,33.2487],[-112.83,33.2329],[-112.8361,33.2195],[-112.8496,33.2109],[-112.8608,33.2163],[-112.865,33.2168],[-112.8689,33.2132],[-112.8797,33.218],[-112.8853,33.2174],[-112.8838,33.2119],[-112.8771,33.2043],[-112.8845,33.1892],[-112.8851,33.1788],[-112.8816,33.1702],[-112.8687,33.1688],[-112.8614,33.1703],[-112.8596,33.1676],[-112.852,33.1675],[-112.852,33.1722],[-112.8444,33.1863],[-112.8469,33.1913],[-112.8402,33.1914],[-112.8325,33.2029],[-112.8268,33.207],[-112.8002,33.2116],[-112.7997,33.2235],[-112.7965,33.2313],[-112.79,33.235],[-112.7792,33.2338],[-112.7748,33.2285],[-112.7646,33.2298],[-112.7609,33.235],[-112.7557,33.2349],[-112.7396,33.2433],[-112.7309,33.2445],[-112.7234,33.2551],[-112.7155,33.2556],[-112.7134,33.262],[-112.7037,33.2682],[-112.6996,33.2685],[-112.6983,33.2664],[-112.6869,33.2706],[-112.6739,33.2661],[-112.6721,33.2632],[-112.6609,33.2657],[-112.6552,33.2634],[-112.629,33.2683],[-112.6221,33.2638],[-112.6185,33.2672],[-112.5981,33.2687],[-112.5929,33.2723],[-112.5875,33.2706],[-112.5873,33.2672],[-112.5827,33.2655],[-112.5663,33.2679],[-112.5559,33.2757],[-112.5547,33.2969],[-112.5471,33.3019],[-112.552,33.316],[-112.5452,33.3151],[-112.5443,33.3188],[-112.5376,33.3215],[-112.5368,33.3254],[-112.5287,33.3251],[-112.5206,33.3293],[-112.5218,33.3485],[-112.5316,33.3489],[-112.5226,33.3534],[-112.509,33.3485],[-112.5075,33.3416],[-112.4892,33.3204],[-112.4753,33.3119],[-112.4675,33.3117],[-112.4583,33.317],[-112.4525,33.3168],[-112.4441,33.315],[-112.4425,33.3104],[-112.4335,33.3083],[-112.4305,33.3049],[-112.4074,33.301],[-112.372,33.3036],[-112.3583,33.3022],[-112.3503,33.2986],[-112.3477,33.2944],[-112.3317,33.2875],[-112.3229,33.2926],[-112.321,33.306],[-112.3271,33.3106],[-112.3326,33.3106],[-112.3418,33.3257],[-112.3302,33.3325],[-112.3246,33.3396],[-112.3225,33.3508],[-112.3117,33.3625],[-112.3011,33.3917],[-112.3551,33.3919],[-112.3593,33.3884],[-112.3855,33.3973],[-112.4265,33.401],[-112.4272,33.4136],[-112.435,33.4222],[-112.4416,33.4507],[-112.4596,33.4698],[-112.4617,33.4775],[-112.4696,33.4865],[-112.4707,33.5674],[-112.4841,33.5792],[-112.5066,33.5903],[-112.5248,33.5877],[-112.5278,33.5891],[-112.532,33.5837],[-112.5492,33.5868],[-112.5531,33.5817],[-112.5634,33.5766],[-112.571,33.5758],[-112.5745,33.5779],[-112.579,33.5754],[-112.5754,33.5709],[-112.5701,33.5693],[-112.5692,33.555],[-112.5592,33.545],[-112.5567,33.5388],[-112.5562,33.5336],[-112.5613,33.5287],[-112.5609,33.5201],[-112.5637,33.5141],[-112.5718,33.5075],[-112.5692,33.5014],[-112.5512,33.4863],[-112.5451,33.4886],[-112.529,33.4783],[-112.5231,33.4774],[-112.5206,33.4727],[-112.5256,33.4653],[-112.5257,33.4614],[-112.543,33.4503],[-112.5555,33.4468],[-112.5565,33.4494],[-112.5576,33.4462],[-112.5813,33.4382],[-112.594,33.4383],[-112.5977,33.4415],[-112.6011,33.4404],[-112.6027,33.4356],[-112.6086,33.4331],[-112.6271,33.4301],[-112.6356,33.4326],[-112.6275,33.4091],[-112.6426,33.4047],[-112.6423,33.362],[-112.6385,33.3514],[-112.6383,33.3429],[-112.6519,33.3346],[-112.6562,33.3351],[-112.6638,33.3315],[-112.6814,33.333],[-112.6883,33.3292],[-112.711,33.3266],[-112.7117,33.3218],[-112.7129,33.3293],[-112.7251,33.3391],[-112.7375,33.3462],[-112.7546,33.3507],[-112.7522,33.3685],[-112.7595,33.3871],[-112.765,33.4158],[-112.7798,33.4357],[-112.7836,33.4464],[-112.7815,33.4616],[-112.789,33.4893],[-112.7871,33.4978],[-112.7909,33.5077],[-112.7889,33.5271],[-112.7962,33.5443],[-112.7966,33.5535],[-112.8029,33.5648],[-112.8025,33.5691],[-112.7922,33.5694]]]}},{"type":"Feature","properties":{"huc10":"1507010106","name":"Sauceda Wash"},"geometry":{"type":"Polygon","coordinates":[[[-112.5364,32.6637],[-112.5464,32.6668],[-112.5595,32.6775],[-112.5712,32.6806],[-112.6125,32.6995],[-112.6317,32.7035],[-112.6506,32.7172],[-112.6666,32.7355],[-112.6715,32.7487],[-112.6798,32.7591],[-112.6813,32.7675],[-112.6892,32.7752],[-112.7062,32.8068],[-112.7064,32.8113],[-112.7101,32.814],[-112.7191,32.8308],[-112.728,32.8545],[-112.739,32.87],[-112.7447,32.8901],[-112.7524,32.9032],[-112.7539,32.9217],[-112.7584,32.9305],[-112.7662,32.9311],[-112.767,32.9374],[-112.7703,32.9404],[-112.7728,32.952],[-112.7774,32.9598],[-112.7784,32.9746],[-112.7751,32.9877],[-112.778,32.9878],[-112.783,32.9778],[-112.784,32.9696],[-112.7903,32.9613],[-112.7863,32.9467],[-112.7862,32.942],[-112.7893,32.9379],[-112.7871,32.9282],[-112.7937,32.9254],[-112.7941,32.9202],[-112.7914,32.9073],[-112.787,32.9049],[-112.7825,32.8959],[-112.7764,32.8899],[-112.7697,32.8745],[-112.7633,32.8425],[-112.7557,32.8196],[-112.749,32.8101],[-112.741,32.7887],[-112.728,32.7662],[-112.7179,32.7556],[-112.7096,32.7523],[-112.7079,32.7471],[-112.6717,32.715],[-112.6678,32.7068],[-112.6557,32.6981],[-112.6498,32.6724],[-112.6407,32.653],[-112.6469,32.6485],[-112.6514,32.652],[-112.654,32.6505],[-112.6702,32.6613],[-112.6778,32.6566],[-112.6835,32.6607],[-112.6962,32.6535],[-112.6954,32.6456],[-112.6991,32.6423],[-112.7044,32.6416],[-112.704,32.6398],[-112.6899,32.62],[-112.6927,32.6133],[-112.6817,32.6039],[-112.6853,32.5991],[-112.6905,32.6028],[-112.6906,32.5893],[-112.6858,32.5846],[-112.6775,32.5818],[-112.6751,32.5838],[-112.666,32.5832],[-112.6565,32.576],[-112.6465,32.5737],[-112.6412,32.5659],[-112.634,32.5658],[-112.6274,32.5558],[-112.6199,32.5597],[-112.6075,32.5577],[-112.6008,32.5506],[-112.6074,32.5442],[-112.6048,32.5432],[-112.6066,32.5403],[-112.6025,32.5409],[-112.5992,32.5357],[-112.5859,32.5331],[-112.5857,32.5287],[-112.5761,32.5304],[-112.571,32.5389],[-112.5648,32.5431],[-112.5546,32.5433],[-112.5533,32.5459],[-112.5568,32.5509],[-112.5526,32.5535],[-112.5339,32.542],[-112.5042,32.5346],[-112.4956,32.5362],[-112.4937,32.5295],[-112.4775,32.5259],[-112.4762,32.5203],[-112.4706,32.5167],[-112.4651,32.5218],[-112.4583,32.521],[-112.4575,32.5365],[-112.4522,32.5418],[-112.4484,32.5426],[-112.445,32.5369],[-112.439,32.5336],[-112.4358,32.5344],[-112.4322,32.538],[-112.4339,32.541],[-112.4314,32.5434],[-112.4325,32.5655],[-112.4291,32.5741],[-112.4312,32.5804],[-112.4477,32.5823],[-112.4545,32.5896],[-112.4601,32.6009],[-112.4767,32.6022],[-112.4788,32.6085],[-112.492,32.6157],[-112.4946,32.6222],[-112.4902,32.6321],[-112.4939,32.6364],[-112.4946,32.6438],[-112.5013,32.648],[-112.517,32.6514],[-112.5212,32.66],[-112.5364,32.6637]]]}},{"type":"Feature","properties":{"huc10":"1507010401","name":"Aguila Valley-Centennial Wash"},"geometry":{"type":"Polygon","coordinates":[[[-112.9656,34.2162],[-112.9786,34.2157],[-112.98,34.2135],[-112.9841,34.2145],[-112.9954,34.2106],[-113.0066,34.2124],[-113.0123,34.2084],[-113.0198,34.2097],[-113.0305,34.2074],[-113.0371,34.2007],[-113.0416,34.2021],[-113.0437,34.1867],[-113.0552,34.1803],[-113.0758,34.1119],[-113.0999,34.069],[-113.1086,34.0592],[-113.1052,34.052],[-113.1085,34.0474],[-113.1043,34.0442],[-113.113,34.0406],[-113.1156,34.0347],[-113.129,34.0372],[-113.1394,34.0336],[-113.1521,34.0386],[-113.1544,34.0436],[-113.1706,34.0521],[-113.1752,34.0595],[-113.1817,34.0607],[-113.187,34.067],[-113.195,34.07],[-113.1979,34.0745],[-113.2097,34.0797],[-113.2239,34.0781],[-113.2258,34.0801],[-113.2443,34.0806],[-113.2487,34.0788],[-113.2562,34.0793],[-113.2623,34.0831],[-113.2703,34.0805],[-113.2794,34.0841],[-113.2828,34.0813],[-113.2889,34.0825],[-113.2939,34.0794],[-113.2967,34.0818],[-113.3017,34.0755],[-113.3133,34.0769],[-113.3216,34.0731],[-113.3343,34.0749],[-113.3496,34.0694],[-113.3503,34.0649],[-113.3355,34.0552],[-113.3304,34.0408],[-113.3233,34.0341],[-113.3085,33.9948],[-113.3023,33.9692],[-113.2985,33.963],[-113.2955,33.927],[-113.2904,33.9167],[-113.2808,33.9066],[-113.272,33.8884],[-113.2652,33.8862],[-113.2613,33.8907],[-113.2511,33.8872],[-113.2272,33.8684],[-113.2262,33.8618],[-113.2224,33.8591],[-113.2207,33.853],[-113.215,33.8514],[-113.2108,33.8562],[-113.2005,33.8598],[-113.2009,33.8631],[-113.1955,33.8708],[-113.1784,33.8708],[-113.1551,33.8752],[-113.1398,33.8735],[-113.1257,33.8687],[-113.1108,33.878],[-113.1027,33.8787],[-113.0753,33.8725],[-113.0706,33.8753],[-113.0546,33.8762],[-113.0452,33.8734],[-113.039,33.8665],[-113.0318,33.8657],[-113.029,33.8621],[-113.0196,33.8666],[-113.01,33.8628],[-113.0058,33.8675],[-112.9983,33.8665],[-112.9992,33.8695],[-112.9963,33.8727],[-112.9903,33.8736],[-112.9832,33.8709],[-112.9827,33.8748],[-112.975,33.8749],[-112.9764,33.879],[-112.9709,33.8804],[-112.9679,33.8861],[-112.961,33.8912],[-112.952,33.8916],[-112.9463,33.8959],[-112.9359,33.8906],[-112.934,33.8941],[-112.9288,33.895],[-112.9203,33.8904],[-112.919,33.8936],[-112.9121,33.8923],[-112.9096,33.8969],[-112.9034,33.8952],[-112.8979,33.8976],[-112.8924,33.8944],[-112.886,33.9008],[-112.8806,33.8995],[-112.8799,33.902],[-112.8688,33.9066],[-112.8736,33.9145],[-112.8814,33.9192],[-112.8823,33.923],[-112.8791,33.928],[-112.8814,33.9326],[-112.8938,33.9425],[-112.8961,33.9416],[-112.8987,33.9475],[-112.8933,33.9534],[-112.8964,33.9562],[-112.8984,33.9714],[-112.8963,33.9849],[-112.9076,34.0026],[-112.9048,34.0261],[-112.9095,34.0437],[-112.9217,34.0612],[-112.9287,34.0633],[-112.9451,34.0788],[-112.955,34.0789],[-112.9578,34.0738],[-112.9651,34.0755],[-112.9681,34.0824],[-112.9764,34.0864],[-112.9806,34.0997],[-112.9864,34.1027],[-112.9928,34.1103],[-112.9933,34.113],[-112.9715,34.1377],[-112.9655,34.1485],[-112.9633,34.1703],[-112.9521,34.2078],[-112.953,34.2124],[-112.9656,34.2162]]]}},{"type":"Feature","properties":{"huc10":"1507010107","name":"Painted Rock Reservoir-Gila River"},"geometry":{"type":"Polygon","coordinates":[[[-112.8749,33.17],[-112.8816,33.1702],[-112.8886,33.165],[-112.906,33.1651],[-112.9082,33.1593],[-112.9062,33.1482],[-112.9475,33.1473],[-112.955,33.139],[-112.9604,33.1419],[-112.9593,33.1345],[-112.9643,33.1294],[-112.9596,33.1276],[-112.9567,33.1179],[-112.9641,33.1138],[-112.9819,33.1166],[-112.9886,33.1147],[-112.9914,33.0994],[-112.9872,33.0871],[-112.9941,33.0856],[-112.9949,33.0785],[-113.0012,33.0758],[-113.0075,33.0796],[-113.0219,33.0679],[-113.0209,33.0586],[-113.0238,33.0486],[-113.0174,33.0371],[-113.0082,33.0347],[-113.0067,33.0277],[-113.0082,33.0114],[-113.0056,33.0067],[-113.0106,33.0056],[-113.0031,32.9966],[-113.0009,32.9851],[-113.0039,32.9841],[-113.0035,32.9801],[-113.0089,32.9793],[-113.0126,32.9732],[-113.0186,32.975],[-113.0251,32.9714],[-113.0288,32.9607],[-113.0272,32.9525],[-113.0294,32.9457],[-113.0361,32.9439],[-113.0278,32.9335],[-113.0282,32.9271],[-113.0314,32.9234],[-113.03,32.9205],[-113.0342,32.9157],[-113.0305,32.9139],[-113.0286,32.9011],[-113.0235,32.8922],[-113.0013,32.8993],[-112.9848,32.8975],[-112.9798,32.8941],[-112.9695,32.8801],[-112.9355,32.8779],[-112.9267,32.8717],[-112.9243,32.8653],[-112.9012,32.8466],[-112.8594,32.8274],[-112.8555,32.8215],[-112.8537,32.8115],[-112.8476,32.8079],[-112.8484,32.8056],[-112.8445,32.8019],[-112.8481,32.7987],[-112.8478,32.796],[-112.8359,32.7867],[-112.8259,32.7836],[-112.8272,32.7799],[-112.8211,32.7667],[-112.8092,32.7575],[-112.8054,32.7487],[-112.7997,32.7444],[-112.7969,32.7385],[-112.7852,32.7361],[-112.774,32.7427],[-112.7575,32.7345],[-112.74,32.7174],[-112.7429,32.7059],[-112.7375,32.684],[-112.7382,32.677],[-112.7404,32.6721],[-112.7479,32.6723],[-112.7501,32.6675],[-112.746,32.664],[-112.7392,32.6595],[-112.7323,32.6603],[-112.7292,32.6537],[-112.7177,32.651],[-112.7128,32.6455],[-112.7039,32.6415],[-112.6954,32.6456],[-112.6962,32.6535],[-112.6835,32.6607],[-112.6778,32.6566],[-112.67,32.6613],[-112.654,32.6505],[-112.6514,32.652],[-112.6441,32.6487],[-112.6406,32.6518],[-112.641,32.6543],[-112.6498,32.6724],[-112.6565,32.6992],[-112.6678,32.7068],[-112.672,32.7154],[-112.7079,32.7471],[-112.7096,32.7523],[-112.7179,32.7556],[-112.7311,32.7703],[-112.749,32.8101],[-112.7562,32.8208],[-112.7633,32.8425],[-112.7693,32.8733],[-112.7753,32.8878],[-112.787,32.9049],[-112.7914,32.9073],[-112.7939,32.919],[-112.7937,32.9254],[-112.7871,32.9282],[-112.7893,32.9379],[-112.7862,32.942],[-112.7863,32.9467],[-112.7903,32.9613],[-112.784,32.9696],[-112.7788,32.9872],[-112.7751,32.9877],[-112.7785,32.9707],[-112.7749,32.9538],[-112.7728,32.9521],[-112.7679,32.9614],[-112.762,32.9648],[-112.759,32.9702],[-112.7595,32.9877],[-112.7565,32.9997],[-112.7604,33.0114],[-112.7552,33.0157],[-112.7551,33.0205],[-112.7518,33.0253],[-112.7545,33.0268],[-112.7576,33.0353],[-112.766,33.0405],[-112.7635,33.0423],[-112.7659,33.0465],[-112.7536,33.062],[-112.7467,33.0591],[-112.7383,33.06],[-112.7301,33.066],[-112.7397,33.0765],[-112.7294,33.083],[-112.7291,33.0875],[-112.7333,33.0886],[-112.7355,33.0953],[-112.7388,33.0948],[-112.7421,33.0892],[-112.7451,33.0884],[-112.7605,33.0905],[-112.7639,33.1005],[-112.7715,33.1081],[-112.7685,33.117],[-112.7839,33.1235],[-112.7843,33.1287],[-112.7811,33.1339],[-112.7865,33.1384],[-112.7842,33.1431],[-112.7867,33.1492],[-112.8033,33.1473],[-112.8076,33.1506],[-112.8146,33.147],[-112.8247,33.1466],[-112.8278,33.1519],[-112.8253,33.1554],[-112.8261,33.1584],[-112.8359,33.1666],[-112.8432,33.1657],[-112.8494,33.1594],[-112.8489,33.1623],[-112.8531,33.1673],[-112.8596,33.1676],[-112.8614,33.1703],[-112.8749,33.17]]]}},{"type":"Feature","properties":{"huc10":"1507010205","name":"Castle Creek-Agua Fria River"},"geometry":{"type":"Polygon","coordinates":[[[-112.3544,34.1916],[-112.3609,34.1948],[-112.3622,34.2035],[-112.3656,34.2043],[-112.372,34.1932],[-112.3788,34.1914],[-112.3828,34.1874],[-112.3886,34.1729],[-112.3943,34.1681],[-112.3972,34.1688],[-112.403,34.1656],[-112.4029,34.161],[-112.4079,34.1557],[-112.415,34.1575],[-112.4241,34.1547],[-112.4271,34.1488],[-112.435,34.1438],[-112.4547,34.139],[-112.4509,34.1307],[-112.4533,34.1281],[-112.4526,34.1245],[-112.4583,34.1197],[-112.4608,34.1187],[-112.4682,34.124],[-112.4885,34.1138],[-112.491,34.1102],[-112.4959,34.117],[-112.5012,34.1159],[-112.5029,34.1108],[-112.5116,34.1139],[-112.5064,34.1048],[-112.5087,34.1005],[-112.5176,34.0942],[-112.5127,34.0859],[-112.5178,34.0819],[-112.5099,34.0766],[-112.51,34.0721],[-112.5202,34.0613],[-112.531,34.0606],[-112.5321,34.0548],[-112.5464,34.0565],[-112.5523,34.0527],[-112.5519,34.0475],[-112.5557,34.0441],[-112.5547,34.0365],[-112.5568,34.0304],[-112.5535,34.0287],[-112.5535,34.0249],[-112.5459,34.0167],[-112.5482,34.0121],[-112.5453,34.0084],[-112.5118,33.9919],[-112.51,33.9873],[-112.497,33.9784],[-112.4942,33.9729],[-112.4957,33.9708],[-112.4899,33.9631],[-112.4828,33.9614],[-112.4768,33.9563],[-112.4755,33.9511],[-112.4675,33.949],[-112.4616,33.9441],[-112.4533,33.9428],[-112.4505,33.9389],[-112.4406,33.9338],[-112.434,33.9368],[-112.4246,33.9318],[-112.4198,33.934],[-112.4154,33.9309],[-112.406,33.9334],[-112.4054,33.9313],[-112.4099,33.927],[-112.4084,33.9225],[-112.3947,33.9158],[-112.3944,33.9089],[-112.386,33.9026],[-112.3838,33.8968],[-112.3733,33.8906],[-112.3699,33.8942],[-112.3652,33.8923],[-112.359,33.8839],[-112.3529,33.8792],[-112.3473,33.8795],[-112.3418,33.8728],[-112.3352,33.8797],[-112.3284,33.8793],[-112.3189,33.8695],[-112.3178,33.8633],[-112.309,33.858],[-112.2883,33.8533],[-112.2772,33.8471],[-112.2524,33.8483],[-112.2444,33.8636],[-112.2445,33.8678],[-112.2491,33.8732],[-112.2482,33.8759],[-112.2418,33.8802],[-112.2409,33.8838],[-112.2318,33.8819],[-112.2246,33.8896],[-112.2168,33.8908],[-112.2181,33.8967],[-112.2066,33.9095],[-112.2082,33.9156],[-112.2017,33.9343],[-112.2018,33.942],[-112.1923,33.9552],[-112.187,33.9535],[-112.1738,33.9573],[-112.1662,33.9552],[-112.1594,33.9586],[-112.1567,33.9646],[-112.1453,33.9626],[-112.1407,33.9642],[-112.1392,33.9692],[-112.1245,33.97],[-112.1238,33.9785],[-112.1199,33.9855],[-112.0954,33.9852],[-112.0914,33.9829],[-112.0865,33.989],[-112.0775,33.9865],[-112.0654,33.9967],[-112.0659,34.002],[-112.0594,34.005],[-112.0586,34.0096],[-112.048,34.0239],[-112.0284,34.0283],[-112.0191,34.0261],[-112.0181,34.0305],[-112.0132,34.0311],[-112.0114,34.0346],[-112.0052,34.0374],[-112.0044,34.0482],[-112.0003,34.0495],[-112.001,34.0574],[-112.0049,34.0594],[-112.0047,34.0617],[-111.9994,34.0747],[-112.0209,34.0691],[-112.0261,34.0693],[-112.0327,34.0737],[-112.0426,34.0716],[-112.0458,34.0684],[-112.0594,34.0699],[-112.07,34.0666],[-112.0821,34.059],[-112.1131,34.05],[-112.1253,34.0583],[-112.1339,34.0601],[-112.1375,34.0575],[-112.1446,34.0599],[-112.1456,34.0636],[-112.1561,34.0675],[-112.1566,34.0708],[-112.1621,34.071],[-112.1645,34.0757],[-112.169,34.0757],[-112.1713,34.0815],[-112.1779,34.0848],[-112.1901,34.0857],[-112.1946,34.091],[-112.2134,34.0901],[-112.2256,34.0941],[-112.2271,34.1091],[-112.2378,34.1188],[-112.2359,34.1238],[-112.2412,34.1342],[-112.2544,34.1369],[-112.2595,34.1444],[-112.2668,34.1467],[-112.2634,34.1595],[-112.2702,34.1623],[-112.277,34.1594],[-112.2794,34.1539],[-112.283,34.1529],[-112.2829,34.1482],[-112.3001,34.1601],[-112.3075,34.1546],[-112.3181,34.1519],[-112.3211,34.1562],[-112.3162,34.1624],[-112.3214,34.1652],[-112.3224,34.1696],[-112.3295,34.1686],[-112.3282,34.1749],[-112.3311,34.1787],[-112.3305,34.1838],[-112.3382,34.1866],[-112.3456,34.1849],[-112.35,34.1923],[-112.3544,34.1916]]]}},{"type":"Feature","properties":{"huc10":"1507010209","name":"Morgan City Wash-Agua Fria River"},"geometry":{"type":"Polygon","coordinates":[[[-112.4339,33.9368],[-112.441,33.9339],[-112.4461,33.92],[-112.4401,33.9048],[-112.4358,33.9002],[-112.4435,33.8926],[-112.4491,33.894],[-112.455,33.8905],[-112.4617,33.8797],[-112.4635,33.8664],[-112.4618,33.8613],[-112.4678,33.8438],[-112.4695,33.8269],[-112.4678,33.8098],[-112.4562,33.7889],[-112.4552,33.777],[-112.4456,33.7489],[-112.4446,33.7395],[-112.4338,33.7382],[-112.425,33.7131],[-112.4218,33.7112],[-112.4221,33.7077],[-112.4261,33.7056],[-112.423,33.6945],[-112.4231,33.6777],[-112.4333,33.667],[-112.4366,33.6593],[-112.45,33.6564],[-112.4583,33.6437],[-112.463,33.6312],[-112.463,33.6171],[-112.4664,33.6037],[-112.479,33.5829],[-112.4841,33.5792],[-112.4707,33.5671],[-112.4696,33.4865],[-112.4617,33.4775],[-112.4596,33.4698],[-112.4416,33.4507],[-112.435,33.4222],[-112.4272,33.4136],[-112.4265,33.401],[-112.3855,33.3973],[-112.3593,33.3884],[-112.3551,33.3919],[-112.2722,33.3923],[-112.2723,33.4064],[-112.2627,33.4066],[-112.2463,33.4111],[-112.2299,33.4217],[-112.2233,33.4232],[-112.221,33.4267],[-112.221,33.4443],[-112.1893,33.4454],[-112.1867,33.4483],[-112.1866,33.4637],[-112.1178,33.4626],[-112.1235,33.4661],[-112.1172,33.4767],[-112.12,33.4914],[-112.1243,33.4962],[-112.1226,33.5285],[-112.1242,33.5537],[-112.1172,33.5713],[-112.1283,33.5703],[-112.1383,33.5738],[-112.1458,33.5681],[-112.1515,33.5675],[-112.1772,33.5459],[-112.1948,33.5421],[-112.2378,33.5235],[-112.2901,33.5225],[-112.299,33.5145],[-112.3031,33.5139],[-112.2914,33.5295],[-112.2893,33.5358],[-112.2957,33.5608],[-112.295,33.5687],[-112.3036,33.5871],[-112.2989,33.5904],[-112.2985,33.6041],[-112.2899,33.6032],[-112.2887,33.6053],[-112.2915,33.6475],[-112.2897,33.6517],[-112.2858,33.6529],[-112.2802,33.6593],[-112.2799,33.6683],[-112.2737,33.6766],[-112.27,33.709],[-112.2591,33.717],[-112.2481,33.7167],[-112.2511,33.7219],[-112.2496,33.7246],[-112.2538,33.7285],[-112.2496,33.7375],[-112.2445,33.7378],[-112.2521,33.7437],[-112.2534,33.748],[-112.2489,33.7682],[-112.2518,33.8487],[-112.2767,33.8471],[-112.2883,33.8533],[-112.309,33.858],[-112.3178,33.8633],[-112.3189,33.8695],[-112.3285,33.8793],[-112.3352,33.8797],[-112.3418,33.8728],[-112.3473,33.8795],[-112.3529,33.8792],[-112.359,33.8839],[-112.3652,33.8923],[-112.3699,33.8942],[-112.3733,33.8906],[-112.3855,33.8983],[-112.386,33.9026],[-112.3924,33.9061],[-112.3957,33.9112],[-112.3947,33.9158],[-112.4084,33.9225],[-112.4099,33.927],[-112.4054,33.9313],[-112.406,33.9334],[-112.4154,33.9309],[-112.4198,33.934],[-112.4246,33.9318],[-112.4339,33.9368]]]}},{"type":"Feature","properties":{"huc10":"1507010405","name":"Allison Tank-Centennial Wash"},"geometry":{"type":"Polygon","coordinates":[[[-113.1469,33.7443],[-113.1495,33.7471],[-113.1534,33.7455],[-113.1608,33.7366],[-113.1671,33.7405],[-113.176,33.7399],[-113.1792,33.7438],[-113.1857,33.7419],[-113.1925,33.7361],[-113.2,33.735],[-113.2191,33.7414],[-113.2221,33.7401],[-113.2237,33.7448],[-113.23,33.747],[-113.2446,33.7453],[-113.2482,33.7427],[-113.2524,33.7442],[-113.2593,33.7415],[-113.2691,33.7421],[-113.2716,33.7381],[-113.2692,33.7316],[-113.2629,33.7291],[-113.2618,33.7262],[-113.2641,33.72],[-113.267,33.7189],[-113.2643,33.717],[-113.2665,33.7108],[-113.275,33.7075],[-113.2731,33.6956],[-113.2817,33.6706],[-113.2782,33.6463],[-113.279,33.6252],[-113.2722,33.6089],[-113.2709,33.5926],[-113.2633,33.588],[-113.2104,33.5864],[-113.2101,33.5652],[-113.2055,33.5478],[-113.2485,33.5266],[-113.2679,33.5137],[-113.276,33.5131],[-113.2782,33.5083],[-113.3407,33.4721],[-113.3453,33.4677],[-113.348,33.4584],[-113.3569,33.4576],[-113.3568,33.4552],[-113.3592,33.4556],[-113.3662,33.4482],[-113.3571,33.4402],[-113.3517,33.4387],[-113.3457,33.4329],[-113.345,33.4289],[-113.3383,33.4275],[-113.3358,33.4235],[-113.332,33.4255],[-113.3245,33.4225],[-113.3167,33.4123],[-113.3106,33.4106],[-113.3053,33.4058],[-113.3009,33.3988],[-113.3046,33.3937],[-113.2942,33.384],[-113.3001,33.3812],[-113.3008,33.3742],[-113.2853,33.3638],[-113.2886,33.3592],[-113.2865,33.3554],[-113.2968,33.3504],[-113.2905,33.3459],[-113.2896,33.3406],[-113.2796,33.3344],[-113.2804,33.3219],[-113.2725,33.3165],[-113.28,33.3081],[-113.278,33.3069],[-113.2799,33.3044],[-113.2778,33.2979],[-113.27,33.2921],[-113.2631,33.2901],[-113.2597,33.2807],[-113.2489,33.2867],[-113.2428,33.2954],[-113.2436,33.3055],[-113.2345,33.3329],[-113.2122,33.3629],[-113.0928,33.3629],[-113.09,33.3734],[-113.0814,33.3732],[-113.0695,33.3833],[-113.0727,33.3887],[-113.0691,33.3986],[-113.0736,33.397],[-113.0734,33.4012],[-113.0615,33.4043],[-113.0481,33.4127],[-113.0452,33.4221],[-113.048,33.4258],[-113.0395,33.429],[-113.0407,33.432],[-113.0371,33.4358],[-113.0394,33.4422],[-113.0281,33.4532],[-113.0224,33.4651],[-113.0223,33.4754],[-113.0192,33.48],[-113.0221,33.4807],[-113.0246,33.4875],[-113.0298,33.5128],[-113.0352,33.5185],[-113.0385,33.5319],[-113.0517,33.5525],[-113.0552,33.5659],[-113.0554,33.5802],[-113.0667,33.6014],[-113.0799,33.6159],[-113.0951,33.6226],[-113.1011,33.6206],[-113.1125,33.6285],[-113.1166,33.6231],[-113.1219,33.6247],[-113.1239,33.6226],[-113.1326,33.6245],[-113.1353,33.6228],[-113.1415,33.6346],[-113.1476,33.6353],[-113.1535,33.6402],[-113.1462,33.6567],[-113.141,33.6564],[-113.1402,33.6588],[-113.1432,33.6601],[-113.1408,33.663],[-113.1336,33.6637],[-113.1291,33.6672],[-113.1275,33.6712],[-113.1293,33.6746],[-113.1208,33.6851],[-113.1234,33.6897],[-113.1183,33.6941],[-113.1191,33.7023],[-113.1127,33.7056],[-113.119,33.7108],[-113.1163,33.7157],[-113.1215,33.7229],[-113.1354,33.7299],[-113.1348,33.7334],[-113.1382,33.7343],[-113.1371,33.7407],[-113.141,33.7441],[-113.1469,33.7443]]]}},{"type":"Feature","properties":{"huc10":"1507010407","name":"Petterson Tank-Centennial Wash"},"geometry":{"type":"Polygon","coordinates":[[[-112.8331,33.5078],[-112.8227,33.5496],[-112.821,33.5688],[-112.8392,33.5187],[-112.8571,33.4918],[-112.8565,33.4861],[-112.8605,33.4756],[-112.8622,33.435],[-112.8657,33.4295],[-112.8634,33.4201],[-112.8672,33.4141],[-112.8628,33.4087],[-112.8634,33.4056],[-112.8599,33.4036],[-112.8613,33.3969],[-112.8717,33.3871],[-112.8762,33.3733],[-112.8764,33.3569],[-112.88,33.3489],[-112.8779,33.3454],[-112.8774,33.3284],[-112.8743,33.3213],[-112.8751,33.3131],[-112.8841,33.3105],[-112.8849,33.3265],[-112.8937,33.3267],[-112.9101,33.3502],[-112.9171,33.3654],[-112.9255,33.3726],[-112.941,33.3815],[-112.9685,33.3916],[-112.9748,33.4016],[-112.9874,33.4119],[-113.0343,33.4394],[-113.0379,33.4382],[-113.0376,33.4344],[-113.0407,33.4319],[-113.0395,33.429],[-113.048,33.4258],[-113.0452,33.4221],[-113.0482,33.4125],[-113.0615,33.4043],[-113.0734,33.4012],[-113.0736,33.397],[-113.0691,33.3986],[-113.0727,33.3887],[-113.0695,33.3833],[-113.0814,33.3732],[-113.09,33.3734],[-113.0928,33.3629],[-113.2126,33.3627],[-113.2345,33.3329],[-113.2436,33.3055],[-113.2428,33.2954],[-113.2489,33.2867],[-113.2535,33.2853],[-113.2569,33.2807],[-113.2404,33.2683],[-113.2333,33.2671],[-113.2232,33.2609],[-113.2207,33.2619],[-113.2213,33.2661],[-113.2182,33.2715],[-113.2043,33.2813],[-113.1999,33.2808],[-113.197,33.2904],[-113.1892,33.2955],[-113.1529,33.3],[-113.1497,33.2956],[-113.1356,33.2893],[-113.1218,33.2866],[-113.1152,33.2734],[-113.1002,33.2732],[-113.0932,33.2696],[-113.09,33.2722],[-113.0768,33.2642],[-113.0725,33.2675],[-113.0652,33.2666],[-113.0459,33.2527],[-113.0288,33.2563],[-113.0151,33.2527],[-113.0107,33.2477],[-112.999,33.2434],[-112.9988,33.2381],[-112.9841,33.237],[-112.9756,33.2273],[-112.97,33.2259],[-112.9696,33.2223],[-112.9656,33.2187],[-112.9668,33.215],[-112.9598,33.2139],[-112.9557,33.2082],[-112.9488,33.2099],[-112.9413,33.2041],[-112.9328,33.2052],[-112.9236,33.201],[-112.9156,33.1934],[-112.8918,33.1843],[-112.8897,33.1808],[-112.8926,33.1769],[-112.8847,33.1679],[-112.8816,33.1702],[-112.8851,33.1788],[-112.8845,33.1892],[-112.8771,33.2043],[-112.8838,33.2119],[-112.8853,33.2174],[-112.8797,33.218],[-112.8689,33.2132],[-112.865,33.2168],[-112.8608,33.2163],[-112.8496,33.2109],[-112.8361,33.2195],[-112.83,33.2329],[-112.8188,33.2487],[-112.8122,33.2511],[-112.8117,33.2554],[-112.8041,33.2612],[-112.7996,33.2633],[-112.7846,33.2636],[-112.7738,33.2608],[-112.7715,33.2654],[-112.776,33.2788],[-112.7806,33.2821],[-112.7811,33.2899],[-112.7959,33.2905],[-112.7961,33.2944],[-112.7905,33.3076],[-112.7759,33.3178],[-112.767,33.3203],[-112.77,33.3232],[-112.781,33.3263],[-112.7873,33.3315],[-112.7911,33.3386],[-112.8032,33.3427],[-112.8158,33.3582],[-112.821,33.3721],[-112.8278,33.3774],[-112.832,33.3854],[-112.8297,33.3897],[-112.8378,33.4005],[-112.8372,33.4141],[-112.844,33.452],[-112.842,33.4614],[-112.8428,33.476],[-112.8331,33.5078]]]}},{"type":"Feature","properties":{"huc10":"1505010010","name":"McClellan Wash-Gila River"},"geometry":{"type":"Polygon","coordinates":[[[-111.7051,33.1691],[-111.7067,33.1679],[-111.7023,33.1635],[-111.7041,33.1597],[-111.7152,33.155],[-111.7349,33.1375],[-111.7502,33.136],[-111.7522,33.1335],[-111.7606,33.1421],[-111.7711,33.1432],[-111.7774,33.1514],[-111.7859,33.1502],[-111.7957,33.1564],[-111.8055,33.1573],[-111.8078,33.1612],[-111.8496,33.1612],[-111.8505,33.1552],[-111.8689,33.1545],[-111.8753,33.1617],[-111.8882,33.1636],[-111.8939,33.1576],[-111.8953,33.1526],[-111.8937,33.1467],[-111.8889,33.1446],[-111.872,33.1405],[-111.8589,33.1416],[-111.8493,33.1356],[-111.8444,33.1353],[-111.8235,33.1176],[-111.8235,33.1021],[-111.8064,33.1009],[-111.8064,33.0719],[-111.8014,33.0652],[-111.7752,33.0582],[-111.7565,33.0601],[-111.7378,33.0549],[-111.7274,33.049],[-111.7258,33.0452],[-111.7351,33.0401],[-111.7334,33.0315],[-111.7249,33.0305],[-111.7194,33.0337],[-111.7159,33.0286],[-111.7132,33.0292],[-111.7078,33.0251],[-111.7054,33.0185],[-111.6943,33.0171],[-111.6925,33.0101],[-111.6871,33.0084],[-111.6843,33.0039],[-111.6741,33.0027],[-111.675,32.9961],[-111.6704,32.9828],[-111.6742,32.9696],[-111.6797,32.966],[-111.679,32.9455],[-111.6688,32.927],[-111.6681,32.9143],[-111.6662,32.9125],[-111.6677,32.9075],[-111.6617,32.9001],[-111.6532,32.895],[-111.6488,32.8811],[-111.6452,32.8785],[-111.6452,32.8692],[-111.6371,32.8652],[-111.6367,32.8477],[-111.6309,32.8493],[-111.6208,32.8444],[-111.614,32.8501],[-111.6027,32.8503],[-111.5976,32.8541],[-111.5783,32.8516],[-111.5635,32.8554],[-111.5509,32.8544],[-111.5486,32.8358],[-111.541,32.8358],[-111.541,32.8286],[-111.5324,32.8286],[-111.5325,32.807],[-111.5239,32.8067],[-111.5238,32.7628],[-111.4986,32.7628],[-111.4986,32.744],[-111.4877,32.7261],[-111.4853,32.7128],[-111.4774,32.7122],[-111.4643,32.7049],[-111.4642,32.7415],[-111.4725,32.749],[-111.4808,32.7503],[-111.4814,32.7608],[-111.4851,32.7702],[-111.4894,32.774],[-111.4939,32.7879],[-111.4889,32.7995],[-111.4712,32.8032],[-111.4733,32.8159],[-111.4695,32.8262],[-111.4622,32.8335],[-111.4637,32.8362],[-111.4756,32.8364],[-111.4892,32.8418],[-111.4901,32.8602],[-111.4837,32.8674],[-111.4653,32.8691],[-111.4568,32.8737],[-111.4584,32.902],[-111.4532,32.9118],[-111.4519,32.9293],[-111.446,32.9369],[-111.4443,32.9448],[-111.4471,32.9448],[-111.4468,32.9545],[-111.4409,32.9662],[-111.4807,32.9665],[-111.4815,32.9915],[-111.5177,32.9915],[-111.52,33.0052],[-111.5196,33.024],[-111.5158,33.0264],[-111.5175,33.0342],[-111.5112,33.0406],[-111.5039,33.0542],[-111.5025,33.0634],[-111.5069,33.0728],[-111.5092,33.0729],[-111.5088,33.0921],[-111.5152,33.0961],[-111.5155,33.099],[-111.5238,33.107],[-111.5366,33.1127],[-111.5423,33.1123],[-111.5471,33.1166],[-111.5597,33.1122],[-111.5715,33.1309],[-111.5892,33.1402],[-111.6052,33.1306],[-111.6113,33.1313],[-111.616,33.1292],[-111.6248,33.1335],[-111.6235,33.1389],[-111.6292,33.1462],[-111.6283,33.1497],[-111.6395,33.1465],[-111.6516,33.1531],[-111.6629,33.1435],[-111.6637,33.1455],[-111.6724,33.1472],[-111.6731,33.1512],[-111.6787,33.1546],[-111.682,33.154],[-111.6911,33.1681],[-111.7051,33.1691]]]}},{"type":"Feature","properties":{"huc10":"1507010101","name":"Waterman Wash"},"geometry":{"type":"Polygon","coordinates":[[[-112.5106,33.3496],[-112.5215,33.3534],[-112.5312,33.3496],[-112.5218,33.3485],[-112.5202,33.33],[-112.5287,33.3251],[-112.5368,33.3254],[-112.5376,33.3215],[-112.5443,33.3188],[-112.5452,33.3151],[-112.552,33.316],[-112.5471,33.3019],[-112.5546,33.297],[-112.5561,33.2918],[-112.548,33.2832],[-112.5495,33.2746],[-112.5414,33.2597],[-112.5351,33.2385],[-112.5372,33.2144],[-112.5438,33.2083],[-112.5466,33.2094],[-112.5499,33.2012],[-112.5506,33.1904],[-112.5425,33.1822],[-112.5453,33.179],[-112.5358,33.1687],[-112.5312,33.1691],[-112.5256,33.163],[-112.5188,33.1612],[-112.5173,33.1564],[-112.5112,33.1571],[-112.5094,33.1365],[-112.5132,33.1102],[-112.5096,33.1016],[-112.4978,33.1052],[-112.4951,33.1039],[-112.4925,33.1004],[-112.4934,33.0948],[-112.4887,33.0932],[-112.4978,33.0904],[-112.5021,33.0863],[-112.5084,33.087],[-112.4978,33.0801],[-112.4981,33.0763],[-112.4908,33.0675],[-112.4926,33.0655],[-112.4919,33.0587],[-112.4838,33.0583],[-112.4799,33.0558],[-112.4758,33.0569],[-112.4744,33.0512],[-112.4629,33.042],[-112.4689,33.036],[-112.4746,33.0371],[-112.4783,33.0344],[-112.4713,33.0312],[-112.4649,33.0226],[-112.4627,33.0162],[-112.4644,33.0125],[-112.4568,33.0092],[-112.4503,33.0136],[-112.4392,33.0119],[-112.4261,33.0044],[-112.418,32.9962],[-112.4114,32.9746],[-112.4092,32.9557],[-112.3965,32.9525],[-112.3916,32.9466],[-112.3903,32.9403],[-112.3948,32.9329],[-112.3906,32.9282],[-112.3841,32.926],[-112.3894,32.9194],[-112.3886,32.9068],[-112.38,32.9072],[-112.37,32.9023],[-112.3658,32.911],[-112.3674,32.9152],[-112.3656,32.9211],[-112.3592,32.9256],[-112.3588,32.9316],[-112.3484,32.9328],[-112.3388,32.9261],[-112.3392,32.9202],[-112.3319,32.9077],[-112.3332,32.9042],[-112.3253,32.9002],[-112.3039,32.8962],[-112.2841,32.899],[-112.2759,32.8975],[-112.2599,32.9008],[-112.2382,32.9359],[-112.2259,32.9503],[-112.2065,32.966],[-112.2032,32.9751],[-112.1995,32.9774],[-112.2159,32.9887],[-112.2148,33.0041],[-112.2194,33.0328],[-112.2198,33.0542],[-112.2107,33.0691],[-112.2115,33.074],[-112.2071,33.0794],[-112.2034,33.0787],[-112.2016,33.081],[-112.2055,33.0851],[-112.207,33.0928],[-112.2025,33.1099],[-112.213,33.1149],[-112.2233,33.1257],[-112.1997,33.1365],[-112.199,33.1402],[-112.1938,33.145],[-112.1862,33.1459],[-112.185,33.1517],[-112.1768,33.1567],[-112.1775,33.1609],[-112.1821,33.1654],[-112.1818,33.1703],[-112.1864,33.1711],[-112.1896,33.178],[-112.2046,33.1894],[-112.2154,33.2179],[-112.2161,33.2295],[-112.2301,33.2304],[-112.2379,33.2333],[-112.242,33.2452],[-112.2537,33.2534],[-112.2763,33.2563],[-112.2835,33.2708],[-112.2896,33.2705],[-112.3026,33.2772],[-112.3043,33.2838],[-112.3109,33.2845],[-112.3117,33.2873],[-112.3229,33.2926],[-112.3335,33.2877],[-112.3583,33.3022],[-112.372,33.3036],[-112.4093,33.3011],[-112.4305,33.3049],[-112.4335,33.3083],[-112.4425,33.3104],[-112.4441,33.315],[-112.4525,33.3168],[-112.4583,33.317],[-112.4675,33.3117],[-112.4753,33.3119],[-112.4892,33.3204],[-112.5075,33.3416],[-112.5106,33.3496]]]}}]}