{"type":"FeatureCollection","features":[{"type":"Feature","id":17581,"geometry":{"type":"Polygon","coordinates":[[[-83.3557,40.0058],[-83.364,40.0072],[-83.3655,40.0038],[-83.3652,40.0034],[-83.3665,40.0015],[-83.373,39.9983],[-83.3741,39.9962],[-83.3737,39.994],[-83.3754,39.9922],[-83.376,39.9897],[-83.3772,39.9893],[-83.3782,39.9874],[-83.3781,39.9833],[-83.3813,39.9828],[-83.3827,39.984],[-83.3858,39.9841],[-83.3872,39.9838],[-83.3873,39.9827],[-83.3902,39.9826],[-83.3899,39.9842],[-83.3909,39.9838],[-83.3915,39.9846],[-83.3942,39.9845],[-83.3965,39.9853],[-83.3978,39.9841],[-83.3995,39.9791],[-83.3989,39.9777],[-83.4009,39.9765],[-83.4002,39.9755],[-83.4013,39.974],[-83.4012,39.9724],[-83.402,39.9722],[-83.4014,39.9712],[-83.4034,39.9703],[-83.4035,39.9692],[-83.4024,39.9686],[-83.4029,39.967],[-83.4043,39.9658],[-83.4099,39.9656],[-83.4077,39.9647],[-83.4065,39.9631],[-83.4055,39.9596],[-83.4075,39.9588],[-83.4066,39.9577],[-83.4068,39.9547],[-83.4077,39.9539],[-83.4068,39.953],[-83.4042,39.952],[-83.4041,39.9506],[-83.4012,39.9488],[-83.3953,39.9491],[-83.3924,39.9512],[-83.3939,39.9525],[-83.3941,39.9542],[-83.3952,39.9548],[-83.3965,39.9577],[-83.3963,39.9631],[-83.3913,39.9648],[-83.3876,39.9652],[-83.3829,39.967],[-83.3801,39.967],[-83.3773,39.9684],[-83.3738,39.9679],[-83.3742,39.9648],[-83.3726,39.9629],[-83.3741,39.9607],[-83.3717,39.9597],[-83.3702,39.9582],[-83.3702,39.9539],[-83.3694,39.9521],[-83.3694,39.9496],[-83.3687,39.9487],[-83.3649,39.948],[-83.3641,39.9473],[-83.3625,39.9486],[-83.3602,39.9489],[-83.3603,39.948],[-83.3581,39.9472],[-83.3578,39.9464],[-83.356,39.9455],[-83.3565,39.9444],[-83.3553,39.9426],[-83.3557,39.9411],[-83.355,39.94],[-83.3535,39.9393],[-83.3555,39.9368],[-83.3556,39.9359],[-83.3538,39.9353],[-83.3543,39.9329],[-83.353,39.9323],[-83.351,39.9325],[-83.3515,39.9312],[-83.3501,39.9301],[-83.3484,39.9314],[-83.3471,39.9313],[-83.3468,39.9325],[-83.3435,39.9315],[-83.3414,39.9319],[-83.3395,39.9313],[-83.3377,39.9321],[-83.3341,39.9319],[-83.3328,39.9327],[-83.3313,39.9326],[-83.3307,39.9311],[-83.3291,39.9309],[-83.329,39.9303],[-83.3274,39.9303],[-83.327,39.9288],[-83.3252,39.9284],[-83.3253,39.9245],[-83.3233,39.9238],[-83.3228,39.9224],[-83.3237,39.9216],[-83.3225,39.9192],[-83.3242,39.9167],[-83.3266,39.9147],[-83.3262,39.9131],[-83.3234,39.9135],[-83.3197,39.912],[-83.3192,39.9104],[-83.3123,39.91],[-83.3094,39.9064],[-83.307,39.905],[-83.3074,39.9042],[-83.3069,39.9028],[-83.3047,39.9015],[-83.3057,39.8998],[-83.3033,39.8996],[-83.3015,39.8972],[-83.3,39.8924],[-83.2972,39.8923],[-83.2936,39.8934],[-83.2929,39.8951],[-83.2893,39.895],[-83.2887,39.8954],[-83.2892,39.8964],[-83.2882,39.8972],[-83.28,39.8986],[-83.2796,39.8982],[-83.2812,39.8966],[-83.2783,39.8949],[-83.2792,39.8934],[-83.2767,39.891],[-83.2737,39.8849],[-83.2711,39.8823],[-83.2648,39.8783],[-83.261,39.8816],[-83.2578,39.8817],[-83.2542,39.8828],[-83.2541,39.8836],[-83.2533,39.8839],[-83.2533,39.8857],[-83.2522,39.8873],[-83.2494,39.8862],[-83.2463,39.8886],[-83.2425,39.8896],[-83.2413,39.8913],[-83.2381,39.8932],[-83.2322,39.8937],[-83.2304,39.8933],[-83.2284,39.8918],[-83.2229,39.8913],[-83.2184,39.8921],[-83.2179,39.8933],[-83.2198,39.8963],[-83.2257,39.9012],[-83.2242,39.9037],[-83.2241,39.9058],[-83.2225,39.9076],[-83.2247,39.9084],[-83.2247,39.9097],[-83.2263,39.9109],[-83.2317,39.912],[-83.2345,39.9136],[-83.2358,39.9166],[-83.2441,39.9269],[-83.2485,39.9312],[-83.2508,39.9345],[-83.2535,39.9359],[-83.2539,39.9375],[-83.2534,39.9391],[-83.248,39.9423],[-83.2454,39.9466],[-83.2445,39.9489],[-83.2443,39.9538],[-83.2552,39.9545],[-83.259,39.9525],[-83.2604,39.9525],[-83.2607,39.9529],[-83.26,39.9544],[-83.2624,39.9557],[-83.2669,39.955],[-83.269,39.9541],[-83.2708,39.9548],[-83.2724,39.9543],[-83.2735,39.9556],[-83.2757,39.9559],[-83.2784,39.9549],[-83.281,39.9553],[-83.2836,39.9579],[-83.2854,39.9583],[-83.2856,39.9592],[-83.2882,39.9594],[-83.2919,39.9622],[-83.2924,39.9635],[-83.2948,39.963],[-83.2958,39.9633],[-83.2972,39.9658],[-83.2961,39.9668],[-83.2987,39.9677],[-83.2984,39.9699],[-83.3,39.9704],[-83.2991,39.9724],[-83.3063,39.975],[-83.305,39.9767],[-83.3057,39.9786],[-83.305,39.9797],[-83.3068,39.981],[-83.3101,39.9813],[-83.3124,39.9798],[-83.3152,39.9803],[-83.3156,39.9809],[-83.315,39.9831],[-83.3174,39.9857],[-83.3175,39.9867],[-83.3152,39.9867],[-83.311,39.9889],[-83.3152,39.9902],[-83.3178,39.99],[-83.3201,39.9891],[-83.3247,39.9893],[-83.3269,39.9919],[-83.326,39.9947],[-83.3276,39.9958],[-83.3271,39.9969],[-83.3275,39.9975],[-83.3303,39.997],[-83.3321,39.9975],[-83.3342,39.9965],[-83.3372,39.9977],[-83.3375,39.9988],[-83.3391,39.9994],[-83.3395,40.0007],[-83.345,40.0018],[-83.3453,40.0032],[-83.3477,40.0053],[-83.3557,40.0058]]]},"properties":{"objectid":17581,"tnmid":"{D0350462-7F18-4C80-AE09-1770C2FF00BE}","metasourceid":"{511D2AC8-11BA-45FC-AB98-F69D693D4C44}","sourcedatadesc":"Watershed Boundary Dataset (WBD)","sourceoriginator":"Natural Resources and Conservation Service and U.S. Geological Survey","sourcefeatureid":null,"loaddate":1723704945000,"referencegnis_ids":"1047027,1066803","areaacres":23166.94,"areasqkm":93.75,"states":"OH","huc12":"050600012006","name":"Thomas Ditch-Little Darby Creek","hutype":"S","humod":"TF","tohuc":"050600012202","noncontributingareaacres":0,"noncontributingareasqkm":0,"globalid":"{B47F5CA2-E29C-11E2-8094-0021280458E6}","shape_Length":87445.88760966346,"shape_Area":159690901.76705056}},{"type":"Feature","id":17582,"geometry":{"type":"Polygon","coordinates":[[[-83.1957,40.0588],[-83.1967,40.0594],[-83.2106,40.0595],[-83.214,40.0586],[-83.2135,40.0522],[-83.2159,40.0502],[-83.2152,40.0482],[-83.2181,40.047],[-83.2137,40.0448],[-83.2075,40.0446],[-83.2055,40.0428],[-83.206,40.0368],[-83.2072,40.0351],[-83.2041,40.0248],[-83.2027,40.0142],[-83.2033,40.0034],[-83.2043,39.9987],[-83.2039,39.9976],[-83.2022,39.9963],[-83.2021,39.9933],[-83.2005,39.9918],[-83.2021,39.9902],[-83.2008,39.9868],[-83.2082,39.9848],[-83.2108,39.9834],[-83.2124,39.9812],[-83.2131,39.9771],[-83.2161,39.9759],[-83.2162,39.9746],[-83.219,39.9722],[-83.2256,39.9687],[-83.227,39.9632],[-83.2257,39.9604],[-83.2237,39.9585],[-83.2212,39.9543],[-83.222,39.9528],[-83.2207,39.9521],[-83.221,39.9511],[-83.2202,39.9498],[-83.218,39.9484],[-83.207,39.9479],[-83.2065,39.9468],[-83.207,39.9464],[-83.2069,39.943],[-83.2096,39.9402],[-83.2171,39.9373],[-83.2195,39.935],[-83.2096,39.9303],[-83.206,39.9272],[-83.2061,39.9242],[-83.2037,39.9204],[-83.2027,39.9138],[-83.1981,39.9066],[-83.198,39.8994],[-83.2009,39.8957],[-83.1982,39.8956],[-83.1972,39.8947],[-83.2027,39.8891],[-83.202,39.8867],[-83.2044,39.8803],[-83.2037,39.8776],[-83.2021,39.876],[-83.1975,39.8755],[-83.1966,39.8749],[-83.1959,39.8763],[-83.192,39.8782],[-83.1812,39.8743],[-83.1728,39.8731],[-83.169,39.8733],[-83.1683,39.8724],[-83.1673,39.866],[-83.1614,39.8645],[-83.1589,39.8607],[-83.1587,39.857],[-83.161,39.8521],[-83.1595,39.85],[-83.1595,39.8475],[-83.16,39.8462],[-83.1625,39.8449],[-83.1619,39.8429],[-83.1629,39.8423],[-83.1623,39.8414],[-83.1624,39.8374],[-83.164,39.8325],[-83.1678,39.8304],[-83.169,39.8277],[-83.1683,39.8263],[-83.1691,39.8211],[-83.168,39.8205],[-83.1661,39.8214],[-83.162,39.8212],[-83.1578,39.8224],[-83.1564,39.8221],[-83.1537,39.8232],[-83.1528,39.8242],[-83.151,39.824],[-83.1461,39.8279],[-83.1444,39.8277],[-83.1407,39.8323],[-83.1364,39.8352],[-83.1374,39.8372],[-83.1382,39.8435],[-83.1383,39.855],[-83.1396,39.8616],[-83.1354,39.8666],[-83.1342,39.8719],[-83.135,39.8735],[-83.1366,39.8743],[-83.1417,39.875],[-83.1422,39.8797],[-83.1441,39.8808],[-83.1443,39.8816],[-83.1421,39.8832],[-83.144,39.8882],[-83.1428,39.8895],[-83.1419,39.8922],[-83.1403,39.893],[-83.1379,39.9018],[-83.1393,39.9039],[-83.1451,39.9077],[-83.1459,39.909],[-83.1449,39.9106],[-83.1453,39.9144],[-83.1439,39.9168],[-83.144,39.9191],[-83.1462,39.9232],[-83.1525,39.9201],[-83.1573,39.9234],[-83.1625,39.9247],[-83.1622,39.9321],[-83.1614,39.9332],[-83.1658,39.9355],[-83.16,39.9414],[-83.1631,39.9452],[-83.1622,39.9461],[-83.1618,39.9483],[-83.1596,39.9499],[-83.1596,39.9509],[-83.1581,39.9522],[-83.1588,39.9572],[-83.1548,39.96],[-83.1538,39.9622],[-83.1526,39.963],[-83.1546,39.9661],[-83.156,39.973],[-83.1564,39.9778],[-83.1546,39.9786],[-83.1542,39.98],[-83.1568,39.9825],[-83.1548,39.9835],[-83.1571,39.9853],[-83.1563,39.9943],[-83.1581,39.9952],[-83.1588,39.998],[-83.1629,40.002],[-83.1623,40.0039],[-83.1667,40.0041],[-83.166,40.0164],[-83.1607,40.0217],[-83.1602,40.0239],[-83.1658,40.0283],[-83.1703,40.033],[-83.1722,40.0394],[-83.187,40.0477],[-83.1931,40.057],[-83.1957,40.0588]]]},"properties":{"objectid":17582,"tnmid":"{71F4B190-8F6E-4435-A5F8-F38E3989010D}","metasourceid":"{511D2AC8-11BA-45FC-AB98-F69D693D4C44}","sourcedatadesc":"Watershed Boundary Dataset (WBD)","sourceoriginator":"Natural Resources and Conservation Service and U.S. Geological Survey","sourcefeatureid":null,"loaddate":1723704945000,"referencegnis_ids":"1066745","areaacres":24297.7,"areasqkm":98.33,"states":"OH","huc12":"050600012201","name":"Hellbranch Run","hutype":"S","humod":"LE,TF","tohuc":"050600012202","noncontributingareaacres":0,"noncontributingareasqkm":0,"globalid":"{B47FAFA1-E29C-11E2-8094-0021280458E6}","shape_Length":94810.45097715725,"shape_Area":167485004.25740087}},{"type":"Feature","id":17585,"geometry":{"type":"Polygon","coordinates":[[[-83.0362,39.8181],[-83.0405,39.8181],[-83.0456,39.8166],[-83.0477,39.8153],[-83.0502,39.8121],[-83.0524,39.8123],[-83.0556,39.8115],[-83.0615,39.8084],[-83.0732,39.8077],[-83.08,39.8088],[-83.0823,39.8078],[-83.0856,39.8076],[-83.0938,39.8031],[-83.1136,39.8036],[-83.1171,39.8049],[-83.1279,39.806],[-83.1271,39.8031],[-83.1284,39.8009],[-83.1283,39.7983],[-83.1308,39.7959],[-83.1285,39.793],[-83.1254,39.7924],[-83.1234,39.7903],[-83.121,39.7911],[-83.1197,39.7904],[-83.1156,39.7848],[-83.1159,39.7834],[-83.1149,39.7821],[-83.1167,39.7783],[-83.1163,39.7771],[-83.1175,39.7764],[-83.1163,39.773],[-83.1164,39.7671],[-83.1131,39.7627],[-83.1078,39.7616],[-83.1031,39.759],[-83.1018,39.757],[-83.1016,39.7503],[-83.1039,39.7475],[-83.1049,39.7446],[-83.1043,39.7402],[-83.1032,39.7394],[-83.1009,39.7395],[-83.0946,39.7364],[-83.0932,39.7367],[-83.0883,39.7358],[-83.0914,39.7349],[-83.0936,39.7324],[-83.0938,39.7311],[-83.0967,39.73],[-83.0993,39.7277],[-83.0996,39.7263],[-83.0983,39.7234],[-83.0983,39.7198],[-83.0995,39.7181],[-83.0991,39.7149],[-83.1011,39.7112],[-83.1015,39.709],[-83.1011,39.7084],[-83.0916,39.7054],[-83.0903,39.7042],[-83.0837,39.7011],[-83.0798,39.7002],[-83.0751,39.6962],[-83.0608,39.6937],[-83.0586,39.6905],[-83.0583,39.6879],[-83.0475,39.6879],[-83.0429,39.6875],[-83.0419,39.6867],[-83.04,39.6883],[-83.0384,39.6885],[-83.0273,39.6871],[-83.0244,39.6858],[-83.0134,39.6868],[-83.0101,39.6893],[-83.0014,39.6906],[-82.9995,39.6886],[-82.9978,39.6841],[-82.9948,39.6828],[-82.9924,39.68],[-82.9872,39.6804],[-82.9862,39.681],[-82.9858,39.682],[-82.987,39.6839],[-82.986,39.6856],[-82.9864,39.6875],[-82.9879,39.6895],[-82.9873,39.6907],[-82.9884,39.6921],[-82.9885,39.694],[-82.986,39.7028],[-82.9866,39.7045],[-82.9888,39.7057],[-82.9933,39.7106],[-82.9965,39.7171],[-82.9877,39.7216],[-82.9884,39.7233],[-82.9881,39.7257],[-82.9903,39.7272],[-82.9906,39.7282],[-82.9901,39.7304],[-82.989,39.7318],[-82.99,39.734],[-82.9887,39.737],[-82.9898,39.7378],[-82.9897,39.7387],[-82.9908,39.739],[-82.9914,39.7423],[-82.9907,39.7446],[-82.9939,39.748],[-82.9946,39.7514],[-82.9963,39.7538],[-82.9959,39.7554],[-82.993,39.7567],[-82.9903,39.7566],[-82.987,39.7537],[-82.9829,39.7516],[-82.9723,39.7516],[-82.9683,39.7547],[-82.9694,39.761],[-82.9687,39.7636],[-82.9669,39.7648],[-82.9624,39.7655],[-82.9601,39.7645],[-82.9569,39.7642],[-82.9528,39.7648],[-82.9435,39.7646],[-82.9389,39.7654],[-82.9381,39.77],[-82.9384,39.7712],[-82.9423,39.7759],[-82.9441,39.7835],[-82.9433,39.7885],[-82.9408,39.7959],[-82.9411,39.7972],[-82.9429,39.8002],[-82.9477,39.7974],[-82.9543,39.7984],[-82.9577,39.798],[-82.9608,39.8027],[-82.9634,39.8043],[-82.9725,39.8034],[-82.979,39.7987],[-82.9814,39.7991],[-82.9842,39.7983],[-82.9915,39.7992],[-83.0003,39.797],[-83.0035,39.7984],[-83.0076,39.7979],[-83.0105,39.7995],[-83.0111,39.8015],[-83.0141,39.8021],[-83.0147,39.8031],[-83.0145,39.8044],[-83.0152,39.8049],[-83.0186,39.8045],[-83.0207,39.8028],[-83.0216,39.8033],[-83.0224,39.8049],[-83.0204,39.8108],[-83.0216,39.8139],[-83.0252,39.8148],[-83.0278,39.8145],[-83.0296,39.8149],[-83.0362,39.8181]]]},"properties":{"objectid":17585,"tnmid":"{4DDB7A7E-282C-48D9-8E24-F8F0639773DD}","metasourceid":"{511D2AC8-11BA-45FC-AB98-F69D693D4C44}","sourcedatadesc":"Watershed Boundary Dataset (WBD)","sourceoriginator":"Natural Resources and Conservation Service and U.S. Geological Survey","sourcefeatureid":null,"loaddate":1723704945000,"referencegnis_ids":"1041196,1072258","areaacres":36576.57,"areasqkm":148.02,"states":"OH","huc12":"050600012304","name":"Grove Run-Scioto River","hutype":"S","humod":"IT,DD,TF","tohuc":"050600012306","noncontributingareaacres":0,"noncontributingareasqkm":0,"globalid":"{B480653E-E29C-11E2-8094-0021280458E6}","shape_Length":86240.92738499628,"shape_Area":250755431.66532433}},{"type":"Feature","id":17659,"geometry":{"type":"Polygon","coordinates":[[[-83.1903,40.2697],[-83.1932,40.2688],[-83.195,40.2661],[-83.2016,40.2637],[-83.2028,40.2628],[-83.2036,40.261],[-83.2054,40.2597],[-83.2067,40.2571],[-83.2098,40.2557],[-83.2115,40.2568],[-83.2116,40.2581],[-83.2131,40.2605],[-83.2167,40.2631],[-83.2178,40.2663],[-83.2203,40.2673],[-83.226,40.2675],[-83.2293,40.2663],[-83.2312,40.267],[-83.2403,40.266],[-83.2424,40.2664],[-83.2464,40.2649],[-83.2518,40.264],[-83.2581,40.264],[-83.2617,40.2657],[-83.2663,40.2664],[-83.2765,40.2643],[-83.2795,40.2662],[-83.2892,40.2678],[-83.2868,40.272],[-83.2869,40.2743],[-83.2917,40.2754],[-83.2935,40.2769],[-83.2954,40.2771],[-83.2995,40.2804],[-83.3023,40.2808],[-83.3061,40.2788],[-83.3129,40.2818],[-83.316,40.2815],[-83.3187,40.2804],[-83.3197,40.2797],[-83.316,40.2775],[-83.314,40.2735],[-83.3112,40.2729],[-83.3093,40.2693],[-83.3109,40.2682],[-83.3115,40.2665],[-83.3136,40.2649],[-83.3184,40.2635],[-83.3163,40.2614],[-83.3158,40.2596],[-83.3212,40.2542],[-83.3249,40.2519],[-83.3268,40.2461],[-83.3346,40.2421],[-83.3546,40.2364],[-83.3568,40.2343],[-83.3614,40.2327],[-83.3602,40.2275],[-83.3586,40.2273],[-83.3557,40.2254],[-83.3563,40.2238],[-83.3561,40.2222],[-83.3575,40.2182],[-83.3569,40.2146],[-83.3531,40.2118],[-83.3534,40.2092],[-83.3529,40.2086],[-83.3465,40.2028],[-83.3463,40.1974],[-83.3482,40.1906],[-83.3403,40.1869],[-83.3365,40.186],[-83.333,40.1819],[-83.3274,40.1807],[-83.3264,40.1785],[-83.3241,40.1765],[-83.3206,40.1752],[-83.3187,40.1756],[-83.3145,40.1752],[-83.3054,40.1769],[-83.2977,40.1797],[-83.2932,40.1845],[-83.2881,40.1872],[-83.2836,40.1871],[-83.2788,40.1841],[-83.2728,40.1845],[-83.2701,40.1852],[-83.2671,40.185],[-83.2667,40.1869],[-83.2688,40.1926],[-83.2688,40.1963],[-83.2673,40.1974],[-83.2619,40.1988],[-83.254,40.2],[-83.2515,40.1976],[-83.2499,40.1969],[-83.2427,40.1975],[-83.2359,40.1972],[-83.2308,40.1994],[-83.2276,40.1999],[-83.2213,40.203],[-83.2207,40.2013],[-83.2223,40.1962],[-83.2159,40.1962],[-83.2144,40.1967],[-83.2113,40.1994],[-83.2067,40.1995],[-83.2028,40.2009],[-83.1992,40.2029],[-83.196,40.2056],[-83.1885,40.2065],[-83.1878,40.2071],[-83.1879,40.2081],[-83.1833,40.2098],[-83.1778,40.2133],[-83.1748,40.2165],[-83.1715,40.2242],[-83.1675,40.2269],[-83.1676,40.2296],[-83.1699,40.236],[-83.1677,40.2405],[-83.1633,40.2404],[-83.1604,40.2428],[-83.1508,40.2414],[-83.1478,40.2438],[-83.1496,40.2453],[-83.1536,40.2463],[-83.1557,40.2492],[-83.1573,40.2535],[-83.1587,40.2536],[-83.1632,40.2562],[-83.1662,40.2572],[-83.1702,40.2566],[-83.173,40.257],[-83.1827,40.259],[-83.1855,40.2604],[-83.1872,40.2628],[-83.1867,40.2645],[-83.1841,40.2659],[-83.1845,40.2688],[-83.186,40.2704],[-83.1903,40.2697]]]},"properties":{"objectid":17659,"tnmid":"{661D56D7-3CD5-4971-A91C-F2C7B3135D95}","metasourceid":"{511D2AC8-11BA-45FC-AB98-F69D693D4C44}","sourcedatadesc":"Watershed Boundary Dataset (WBD)","sourceoriginator":"Natural Resources and Conservation Service and U.S. Geological Survey","sourcefeatureid":null,"loaddate":1723704945000,"referencegnis_ids":"1043314","areaacres":30233.14,"areasqkm":122.35,"states":"OH","huc12":"050600010604","name":"Lower Mill Creek","hutype":"S","humod":"TF","tohuc":"050600010704","noncontributingareaacres":0,"noncontributingareasqkm":0,"globalid":"{B42FD5F3-E29C-11E2-8094-0021280458E6}","shape_Length":77204.29002250655,"shape_Area":210134370.09118277}},{"type":"Feature","id":17665,"geometry":{"type":"Polygon","coordinates":[[[-82.9843,40.0865],[-82.9861,40.0869],[-82.9876,40.0859],[-82.9885,40.0867],[-82.9899,40.0866],[-82.9945,40.0828],[-83.0008,40.0796],[-83.0008,40.0762],[-83.0067,40.076],[-83.0079,40.0748],[-83.0105,40.0745],[-83.0118,40.0724],[-83.0285,40.0727],[-83.0297,40.0733],[-83.0304,40.0749],[-83.0344,40.0751],[-83.0393,40.0764],[-83.0435,40.0762],[-83.0449,40.075],[-83.0549,40.0722],[-83.0668,40.0705],[-83.0757,40.0719],[-83.0753,40.0665],[-83.077,40.0567],[-83.076,40.0544],[-83.0764,40.0522],[-83.0751,40.0494],[-83.0731,40.0475],[-83.0734,40.045],[-83.0714,40.0407],[-83.0722,40.0387],[-83.0719,40.0348],[-83.0701,40.0293],[-83.0688,40.0283],[-83.0632,40.0261],[-83.0633,40.0243],[-83.0621,40.0213],[-83.0551,40.0091],[-83.0561,40.0062],[-83.0554,40.0052],[-83.0575,40.0049],[-83.0586,40.0031],[-83.0585,40.001],[-83.0555,39.9967],[-83.0552,39.9931],[-83.0558,39.9905],[-83.0548,39.9895],[-83.0505,39.9883],[-83.0477,39.9868],[-83.0414,39.9813],[-83.0354,39.9797],[-83.0299,39.9769],[-83.0294,39.9718],[-83.0256,39.9682],[-83.0204,39.9663],[-83.0197,39.9648],[-83.014,39.9651],[-83.0145,39.9656],[-83.0141,39.9665],[-83.0114,39.9679],[-83.0122,39.9719],[-83.0114,39.9736],[-83.0058,39.974],[-83.0024,39.9776],[-82.9995,39.9788],[-82.9992,39.9814],[-82.9794,39.9813],[-82.9741,39.9831],[-82.9716,39.9877],[-82.972,39.9911],[-82.9702,39.997],[-82.9716,40.0002],[-82.9722,40.0052],[-82.9748,40.0114],[-82.9757,40.0121],[-82.976,40.0163],[-82.9782,40.0228],[-82.9789,40.0281],[-82.976,40.0382],[-82.976,40.0437],[-82.9768,40.0468],[-82.9771,40.0533],[-82.9782,40.0546],[-82.9777,40.0575],[-82.9792,40.0644],[-82.9774,40.0673],[-82.979,40.0699],[-82.9852,40.0743],[-82.9837,40.0771],[-82.9838,40.086],[-82.9843,40.0865]]]},"properties":{"objectid":17665,"tnmid":"{86703E53-3B86-4293-999B-C92F40F6B8DE}","metasourceid":"{511D2AC8-11BA-45FC-AB98-F69D693D4C44}","sourcedatadesc":"Watershed Boundary Dataset (WBD)","sourceoriginator":"Natural Resources and Conservation Service and U.S. Geological Survey","sourcefeatureid":null,"loaddate":1723704945000,"referencegnis_ids":"1066873","areaacres":20479,"areasqkm":82.88,"states":"OH","huc12":"050600011103","name":"Outlet Olentangy River","hutype":"S","humod":"TF","tohuc":"050600011205","noncontributingareaacres":0,"noncontributingareasqkm":0,"globalid":"{B4320C16-E29C-11E2-8094-0021280458E6}","shape_Length":54062.90256004388,"shape_Area":141510286.61170825}},{"type":"Feature","id":17669,"geometry":{"type":"Polygon","coordinates":[[[-83.0991,40.1728],[-83.0999,40.1786],[-83.1021,40.179],[-83.1028,40.1802],[-83.1031,40.1862],[-83.1086,40.1953],[-83.108,40.1981],[-83.1102,40.2061],[-83.1091,40.2135],[-83.1018,40.2186],[-83.0992,40.2249],[-83.1008,40.2277],[-83.1055,40.2275],[-83.1063,40.2286],[-83.1092,40.2291],[-83.1104,40.23],[-83.1098,40.233],[-83.1122,40.2352],[-83.1136,40.2445],[-83.1171,40.2528],[-83.1165,40.2603],[-83.1205,40.2612],[-83.1216,40.2623],[-83.1287,40.2576],[-83.1337,40.2567],[-83.1345,40.2549],[-83.1363,40.2532],[-83.1383,40.2533],[-83.1426,40.2521],[-83.1455,40.2495],[-83.1458,40.2471],[-83.1472,40.2457],[-83.1478,40.2438],[-83.1508,40.2414],[-83.1604,40.2428],[-83.1633,40.2404],[-83.1677,40.2405],[-83.1699,40.236],[-83.1674,40.228],[-83.1675,40.2269],[-83.1691,40.2253],[-83.1679,40.2225],[-83.1621,40.2178],[-83.1617,40.2139],[-83.1594,40.2101],[-83.1595,40.2066],[-83.155,40.1973],[-83.1523,40.1941],[-83.1494,40.1933],[-83.1475,40.1895],[-83.1476,40.1869],[-83.1454,40.1831],[-83.1398,40.1823],[-83.1397,40.18],[-83.1384,40.1788],[-83.1361,40.1745],[-83.1349,40.1734],[-83.1314,40.1723],[-83.1321,40.1698],[-83.1406,40.1664],[-83.1417,40.1624],[-83.1413,40.1604],[-83.1406,40.1583],[-83.1368,40.1538],[-83.1325,40.151],[-83.1289,40.1537],[-83.1218,40.1549],[-83.1202,40.1527],[-83.1171,40.1528],[-83.1129,40.1515],[-83.1081,40.1548],[-83.1095,40.157],[-83.1113,40.158],[-83.1099,40.1607],[-83.1107,40.1647],[-83.1095,40.1668],[-83.1038,40.168],[-83.0995,40.1679],[-83.0991,40.1728]]]},"properties":{"objectid":17669,"tnmid":"{D9866792-3FFB-4038-812E-104B2AA0A793}","metasourceid":"{511D2AC8-11BA-45FC-AB98-F69D693D4C44}","sourcedatadesc":"Watershed Boundary Dataset (WBD)","sourceoriginator":"Natural Resources and Conservation Service and U.S. Geological Survey","sourcefeatureid":null,"loaddate":1723704945000,"referencegnis_ids":"1044018,1072258","areaacres":10702.85,"areasqkm":43.31,"states":"OH","huc12":"050600011202","name":"O'Shaughnessy Dam-Scioto River","hutype":"S","humod":"DM,TF","tohuc":"050600011204","noncontributingareaacres":0,"noncontributingareasqkm":0,"globalid":"{B4324179-E29C-11E2-8094-0021280458E6}","shape_Length":45952.797338091754,"shape_Area":74345787.71110716}},{"type":"Feature","id":17674,"geometry":{"type":"Polygon","coordinates":[[[-83.0069,40.1597],[-83.0077,40.1598],[-83.0084,40.1621],[-83.0098,40.1631],[-83.0147,40.1621],[-83.017,40.1627],[-83.0198,40.1648],[-83.0206,40.1673],[-83.0227,40.1676],[-83.0231,40.1685],[-83.0343,40.1679],[-83.0367,40.1686],[-83.0398,40.1677],[-83.0424,40.1686],[-83.0455,40.1686],[-83.0479,40.1676],[-83.0535,40.1667],[-83.0609,40.169],[-83.0665,40.1689],[-83.0716,40.1701],[-83.0738,40.1698],[-83.0741,40.1681],[-83.0749,40.1675],[-83.079,40.1694],[-83.0836,40.1697],[-83.0855,40.1709],[-83.0893,40.1706],[-83.0944,40.1724],[-83.0991,40.1728],[-83.0995,40.1679],[-83.0939,40.1656],[-83.09,40.1622],[-83.0899,40.1583],[-83.092,40.1573],[-83.0933,40.1536],[-83.0926,40.1481],[-83.0917,40.1464],[-83.0921,40.1457],[-83.0883,40.1403],[-83.084,40.1365],[-83.0811,40.1354],[-83.0802,40.1341],[-83.0798,40.1318],[-83.0807,40.1273],[-83.079,40.1237],[-83.0808,40.1183],[-83.0837,40.114],[-83.0872,40.112],[-83.0937,40.11],[-83.0926,40.1058],[-83.0935,40.1033],[-83.0926,40.1005],[-83.0941,40.0941],[-83.094,40.0904],[-83.0936,40.0896],[-83.0871,40.0862],[-83.0864,40.0825],[-83.0809,40.0805],[-83.0776,40.0784],[-83.0756,40.0747],[-83.0757,40.0719],[-83.0668,40.0705],[-83.0549,40.0722],[-83.0449,40.075],[-83.0435,40.0762],[-83.0393,40.0764],[-83.0344,40.0751],[-83.0304,40.0749],[-83.0297,40.0733],[-83.0285,40.0727],[-83.0118,40.0724],[-83.0105,40.0745],[-83.0079,40.0748],[-83.0067,40.076],[-83.0008,40.0762],[-83.0008,40.0796],[-82.9945,40.0828],[-82.9899,40.0866],[-82.9885,40.0867],[-82.9876,40.0859],[-82.9861,40.0869],[-82.9843,40.0865],[-82.9852,40.0923],[-82.9867,40.0932],[-82.9849,40.099],[-82.9888,40.101],[-82.9949,40.1093],[-82.9969,40.1172],[-82.9992,40.1204],[-83.0015,40.1222],[-83.0033,40.1262],[-83.0057,40.139],[-83.0064,40.1506],[-83.0047,40.1547],[-83.0063,40.1564],[-83.0069,40.1597]]]},"properties":{"objectid":17674,"tnmid":"{96B0F588-7F8A-4B3E-8135-6E9A0543F011}","metasourceid":"{511D2AC8-11BA-45FC-AB98-F69D693D4C44}","sourcedatadesc":"Watershed Boundary Dataset (WBD)","sourceoriginator":"Natural Resources and Conservation Service and U.S. Geological Survey","sourcefeatureid":null,"loaddate":1723704945000,"referencegnis_ids":"1045277,1066873","areaacres":19618.56,"areasqkm":79.39,"states":"OH","huc12":"050600011102","name":"Rush Run-Olentangy River","hutype":"S","humod":"TF","tohuc":"050600011103","noncontributingareaacres":0,"noncontributingareasqkm":0,"globalid":"{B431EDA7-E29C-11E2-8094-0021280458E6}","shape_Length":53740.98782154388,"shape_Area":135925312.16878682}},{"type":"Feature","id":17675,"geometry":{"type":"Polygon","coordinates":[[[-83.1012,40.1678],[-83.1038,40.168],[-83.1095,40.1668],[-83.1107,40.1647],[-83.1099,40.1607],[-83.1113,40.158],[-83.1095,40.157],[-83.1081,40.1548],[-83.1129,40.1515],[-83.1171,40.1528],[-83.1202,40.1527],[-83.1221,40.1549],[-83.1289,40.1537],[-83.1325,40.151],[-83.1368,40.1538],[-83.1407,40.1584],[-83.1417,40.1624],[-83.1436,40.1631],[-83.1554,40.1623],[-83.1561,40.16],[-83.1582,40.1593],[-83.1585,40.1581],[-83.1593,40.1576],[-83.1636,40.1588],[-83.1643,40.1598],[-83.1661,40.1599],[-83.1703,40.1568],[-83.1699,40.1545],[-83.171,40.1505],[-83.169,40.1503],[-83.1663,40.1487],[-83.1647,40.1466],[-83.1566,40.1428],[-83.1534,40.1389],[-83.1476,40.1385],[-83.1443,40.1391],[-83.1407,40.1348],[-83.1358,40.1339],[-83.1336,40.1315],[-83.1327,40.1292],[-83.133,40.1279],[-83.131,40.1244],[-83.1254,40.1265],[-83.1242,40.126],[-83.1244,40.1241],[-83.1235,40.1228],[-83.1237,40.1199],[-83.1227,40.1163],[-83.123,40.1148],[-83.1205,40.1128],[-83.1194,40.1083],[-83.118,40.1061],[-83.1181,40.1044],[-83.1125,40.1034],[-83.1137,40.1018],[-83.117,40.1014],[-83.1214,40.0976],[-83.1276,40.0971],[-83.1318,40.0975],[-83.1392,40.0958],[-83.146,40.0966],[-83.152,40.0985],[-83.1612,40.0989],[-83.1754,40.1016],[-83.1762,40.1001],[-83.18,40.1],[-83.1851,40.0946],[-83.1937,40.0887],[-83.2105,40.1042],[-83.2129,40.1026],[-83.211,40.1004],[-83.212,40.0972],[-83.2113,40.095],[-83.2119,40.093],[-83.2113,40.0913],[-83.2118,40.0899],[-83.2102,40.0885],[-83.2102,40.0865],[-83.2108,40.0849],[-83.2123,40.0836],[-83.2145,40.0831],[-83.2142,40.0817],[-83.2153,40.081],[-83.2134,40.0802],[-83.2149,40.0788],[-83.214,40.077],[-83.2166,40.0761],[-83.2159,40.0749],[-83.2172,40.074],[-83.2153,40.0726],[-83.2165,40.0718],[-83.2162,40.0708],[-83.2142,40.0707],[-83.2161,40.0667],[-83.2147,40.0661],[-83.2124,40.0634],[-83.2129,40.062],[-83.2145,40.062],[-83.2147,40.0608],[-83.214,40.0586],[-83.2106,40.0595],[-83.1967,40.0594],[-83.1931,40.057],[-83.187,40.0477],[-83.1722,40.0394],[-83.1703,40.033],[-83.1658,40.0283],[-83.1602,40.0239],[-83.1607,40.0217],[-83.166,40.0164],[-83.1666,40.004],[-83.1623,40.0039],[-83.1562,40.0085],[-83.154,40.0094],[-83.1495,40.0092],[-83.142,40.0104],[-83.1377,40.009],[-83.1293,40.0091],[-83.1175,40.0109],[-83.1128,40.0105],[-83.1105,40.0081],[-83.1076,40.0072],[-83.1032,40.0045],[-83.0984,40.0036],[-83.095,40.0039],[-83.0918,40.0052],[-83.0904,40.0076],[-83.0911,40.0106],[-83.0954,40.0149],[-83.0944,40.016],[-83.0889,40.0176],[-83.0843,40.0178],[-83.0831,40.0183],[-83.0826,40.0198],[-83.0763,40.0208],[-83.0694,40.0235],[-83.0631,40.0245],[-83.0635,40.0264],[-83.0681,40.0279],[-83.0701,40.0293],[-83.0719,40.0348],[-83.0722,40.0387],[-83.0714,40.0407],[-83.0734,40.045],[-83.0731,40.0475],[-83.0751,40.0494],[-83.0764,40.0522],[-83.076,40.0544],[-83.077,40.0567],[-83.0753,40.0665],[-83.0756,40.0744],[-83.0764,40.0765],[-83.0786,40.0794],[-83.0864,40.0825],[-83.0871,40.0862],[-83.0936,40.0896],[-83.094,40.0904],[-83.0941,40.0941],[-83.0926,40.1005],[-83.0935,40.1033],[-83.0926,40.1058],[-83.0937,40.11],[-83.0872,40.112],[-83.0837,40.114],[-83.0808,40.1183],[-83.079,40.1237],[-83.0807,40.1273],[-83.0798,40.1318],[-83.0802,40.1341],[-83.0811,40.1354],[-83.084,40.1365],[-83.0883,40.1403],[-83.0921,40.1457],[-83.0917,40.1464],[-83.0926,40.1481],[-83.0933,40.1536],[-83.092,40.1573],[-83.0899,40.1583],[-83.09,40.1622],[-83.0944,40.1659],[-83.0992,40.1678],[-83.1012,40.1678]]]},"properties":{"objectid":17675,"tnmid":"{5D0D0168-2A83-4B6F-9DD1-7FF5FB7CDEE9}","metasourceid":"{511D2AC8-11BA-45FC-AB98-F69D693D4C44}","sourcedatadesc":"Watershed Boundary Dataset (WBD)","sourceoriginator":"Natural Resources and Conservation Service and U.S. Geological Survey","sourcefeatureid":null,"loaddate":1723704945000,"referencegnis_ids":"1066744,1072258","areaacres":30809.46,"areasqkm":124.68,"states":"OH","huc12":"050600011204","name":"Hayden Run-Scioto River","hutype":"S","humod":"DM,MA,TF","tohuc":"050600011205","noncontributingareaacres":0,"noncontributingareasqkm":0,"globalid":"{B4327765-E29C-11E2-8094-0021280458E6}","shape_Length":99354.5424590549,"shape_Area":213188044.1529093}},{"type":"Feature","id":17676,"geometry":{"type":"Polygon","coordinates":[[[-83.0633,40.0243],[-83.0694,40.0235],[-83.0763,40.0208],[-83.0826,40.0198],[-83.0831,40.0183],[-83.0843,40.0178],[-83.0889,40.0176],[-83.0944,40.016],[-83.0954,40.0149],[-83.0911,40.0106],[-83.0904,40.0076],[-83.0918,40.0052],[-83.095,40.0039],[-83.0984,40.0036],[-83.1032,40.0045],[-83.1076,40.0072],[-83.1105,40.0081],[-83.1128,40.0105],[-83.1175,40.0109],[-83.1293,40.0091],[-83.1377,40.009],[-83.142,40.0104],[-83.1495,40.0092],[-83.154,40.0094],[-83.1562,40.0085],[-83.1615,40.0049],[-83.1629,40.002],[-83.1588,39.998],[-83.1581,39.9952],[-83.1563,39.9942],[-83.1571,39.9853],[-83.1548,39.9835],[-83.1568,39.9825],[-83.1542,39.98],[-83.1546,39.9786],[-83.1564,39.9778],[-83.156,39.973],[-83.1546,39.9661],[-83.1515,39.9618],[-83.1515,39.9601],[-83.1507,39.9596],[-83.1477,39.9597],[-83.1473,39.9581],[-83.1456,39.9573],[-83.1452,39.9547],[-83.1411,39.952],[-83.1396,39.9516],[-83.127,39.9523],[-83.1209,39.9499],[-83.1198,39.9486],[-83.1197,39.9463],[-83.117,39.9448],[-83.1139,39.9437],[-83.1092,39.9431],[-83.0954,39.9492],[-83.0842,39.9514],[-83.0754,39.9554],[-83.0681,39.9566],[-83.0557,39.9567],[-83.0545,39.9578],[-83.055,39.9588],[-83.0544,39.9597],[-83.0502,39.9626],[-83.0194,39.9619],[-83.0179,39.9634],[-83.0141,39.9636],[-83.014,39.9651],[-83.0197,39.9648],[-83.0204,39.9663],[-83.0262,39.9687],[-83.0297,39.9723],[-83.0296,39.9762],[-83.0304,39.9773],[-83.0354,39.9797],[-83.0414,39.9813],[-83.0477,39.9868],[-83.0555,39.99],[-83.0555,39.9967],[-83.0587,40.0017],[-83.0586,40.0031],[-83.0575,40.0049],[-83.0554,40.0052],[-83.0561,40.0062],[-83.0551,40.0091],[-83.0615,40.0201],[-83.0633,40.0243]]]},"properties":{"objectid":17676,"tnmid":"{687FB928-668E-4949-8931-5915C1D2269D}","metasourceid":"{511D2AC8-11BA-45FC-AB98-F69D693D4C44}","sourcedatadesc":"Watershed Boundary Dataset (WBD)","sourceoriginator":"Natural Resources and Conservation Service and U.S. Geological Survey","sourcefeatureid":null,"loaddate":1723704945000,"referencegnis_ids":"1072258","areaacres":15769.88,"areasqkm":63.82,"states":"OH","huc12":"050600011205","name":"Roberts Millkin Ditch-Scioto River","hutype":"S","humod":"DM,MA,TF","tohuc":"050600012302","noncontributingareaacres":0,"noncontributingareasqkm":0,"globalid":"{B4328E78-E29C-11E2-8094-0021280458E6}","shape_Length":52053.43227064386,"shape_Area":108822314.64303832}},{"type":"Feature","id":17678,"geometry":{"type":"Polygon","coordinates":[[[-82.7184,40.262],[-82.7251,40.2597],[-82.7265,40.2604],[-82.7297,40.2598],[-82.7319,40.2604],[-82.7324,40.2613],[-82.7349,40.2614],[-82.7436,40.2596],[-82.7464,40.2598],[-82.7489,40.2586],[-82.7507,40.2594],[-82.7524,40.2583],[-82.7582,40.2566],[-82.7589,40.2571],[-82.7639,40.2573],[-82.769,40.2615],[-82.7749,40.2624],[-82.7762,40.2617],[-82.7767,40.2602],[-82.7799,40.2595],[-82.7838,40.2556],[-82.789,40.2533],[-82.7955,40.2532],[-82.7974,40.2513],[-82.8012,40.2524],[-82.8048,40.2486],[-82.8076,40.2442],[-82.8206,40.2458],[-82.8216,40.2482],[-82.8245,40.2492],[-82.8405,40.2447],[-82.8408,40.2439],[-82.8393,40.2406],[-82.8402,40.2389],[-82.8452,40.2379],[-82.8465,40.2368],[-82.8509,40.2361],[-82.8509,40.2353],[-82.8467,40.2339],[-82.8371,40.2333],[-82.8336,40.231],[-82.8315,40.2279],[-82.8263,40.2287],[-82.8229,40.2274],[-82.8199,40.2273],[-82.8179,40.2246],[-82.8138,40.2231],[-82.8134,40.2208],[-82.8119,40.2194],[-82.8067,40.2176],[-82.8036,40.2149],[-82.7944,40.2121],[-82.7923,40.2109],[-82.7905,40.2111],[-82.7898,40.2101],[-82.7804,40.2074],[-82.7772,40.2046],[-82.7769,40.2014],[-82.774,40.2001],[-82.7742,40.1974],[-82.7729,40.1931],[-82.7702,40.1901],[-82.7694,40.1872],[-82.7669,40.1842],[-82.7603,40.179],[-82.7592,40.1769],[-82.7599,40.175],[-82.7596,40.1733],[-82.7544,40.1714],[-82.7497,40.1712],[-82.7483,40.1694],[-82.7453,40.169],[-82.7444,40.1711],[-82.7422,40.1736],[-82.7394,40.1754],[-82.7381,40.1779],[-82.7351,40.1804],[-82.7336,40.1834],[-82.7343,40.1843],[-82.7365,40.1851],[-82.7346,40.1885],[-82.7377,40.1912],[-82.7387,40.1934],[-82.7386,40.1955],[-82.737,40.197],[-82.737,40.1993],[-82.7399,40.2081],[-82.7396,40.2124],[-82.7405,40.214],[-82.7406,40.2166],[-82.743,40.2196],[-82.7423,40.222],[-82.7369,40.2212],[-82.7328,40.2182],[-82.7229,40.2186],[-82.7152,40.2177],[-82.7137,40.2254],[-82.716,40.2299],[-82.7156,40.2323],[-82.7143,40.234],[-82.7147,40.2357],[-82.7159,40.2361],[-82.7157,40.2373],[-82.7163,40.2379],[-82.7144,40.2388],[-82.7135,40.2404],[-82.7141,40.2429],[-82.7154,40.245],[-82.715,40.2472],[-82.7157,40.2486],[-82.7135,40.2523],[-82.7181,40.2581],[-82.7176,40.2603],[-82.7184,40.262]]]},"properties":{"objectid":17678,"tnmid":"{C352CE86-FDB9-4219-86F7-B68D53D8AB9B}","metasourceid":"{511D2AC8-11BA-45FC-AB98-F69D693D4C44}","sourcedatadesc":"Watershed Boundary Dataset (WBD)","sourceoriginator":"Natural Resources and Conservation Service and U.S. Geological Survey","sourcefeatureid":null,"loaddate":1723704945000,"referencegnis_ids":"1066164","areaacres":14129.94,"areasqkm":57.18,"states":"OH","huc12":"050600011303","name":"Rattlesnake Creek","hutype":"S","humod":"TF","tohuc":"050600011304","noncontributingareaacres":0,"noncontributingareasqkm":0,"globalid":"{B432E21E-E29C-11E2-8094-0021280458E6}","shape_Length":55657.23732372943,"shape_Area":98205117.34761137}},{"type":"Feature","id":17681,"geometry":{"type":"Polygon","coordinates":[[[-82.7598,40.1753],[-82.7592,40.1769],[-82.7606,40.1794],[-82.7677,40.185],[-82.7694,40.1872],[-82.7702,40.1901],[-82.7725,40.1924],[-82.7742,40.1974],[-82.7737,40.1996],[-82.7746,40.2008],[-82.7769,40.2014],[-82.7776,40.2051],[-82.7807,40.2075],[-82.7898,40.2101],[-82.7905,40.2111],[-82.7923,40.2109],[-82.7944,40.2121],[-82.8036,40.2149],[-82.8067,40.2176],[-82.8119,40.2194],[-82.8134,40.2208],[-82.8138,40.2231],[-82.8179,40.2246],[-82.8194,40.227],[-82.8196,40.2237],[-82.819,40.2214],[-82.8208,40.2196],[-82.8249,40.219],[-82.8276,40.2198],[-82.8292,40.2196],[-82.8351,40.2182],[-82.8422,40.2155],[-82.8476,40.2154],[-82.8561,40.2134],[-82.8603,40.2148],[-82.8662,40.2151],[-82.8681,40.2137],[-82.8717,40.2135],[-82.872,40.2115],[-82.8705,40.2104],[-82.8709,40.2092],[-82.8735,40.2088],[-82.8743,40.2072],[-82.8738,40.2063],[-82.8757,40.2056],[-82.8809,40.2059],[-82.8815,40.2067],[-82.8852,40.2071],[-82.8857,40.2078],[-82.8857,40.2113],[-82.8863,40.2118],[-82.8856,40.2135],[-82.8864,40.2152],[-82.8885,40.214],[-82.889,40.2148],[-82.8916,40.2158],[-82.8958,40.2198],[-82.9011,40.2204],[-82.9024,40.2192],[-82.9025,40.2165],[-82.9087,40.2122],[-82.9131,40.2113],[-82.9146,40.2101],[-82.9142,40.2093],[-82.9147,40.2076],[-82.9138,40.2064],[-82.9137,40.2027],[-82.9181,40.1975],[-82.9171,40.196],[-82.9141,40.1949],[-82.9124,40.1923],[-82.9093,40.1906],[-82.9121,40.1803],[-82.9106,40.1764],[-82.9096,40.1698],[-82.902,40.1676],[-82.8984,40.1675],[-82.8907,40.1648],[-82.8786,40.1628],[-82.8792,40.1601],[-82.8815,40.1579],[-82.8809,40.1553],[-82.882,40.1535],[-82.882,40.1515],[-82.8849,40.1487],[-82.884,40.1461],[-82.885,40.1415],[-82.8864,40.1396],[-82.8859,40.1368],[-82.887,40.135],[-82.8856,40.1304],[-82.8876,40.1271],[-82.8906,40.1255],[-82.89,40.1225],[-82.8876,40.1218],[-82.8866,40.1183],[-82.8887,40.1143],[-82.888,40.1128],[-82.8886,40.1111],[-82.888,40.1101],[-82.8886,40.1088],[-82.8778,40.1078],[-82.872,40.1097],[-82.87,40.1135],[-82.8647,40.1135],[-82.8609,40.1156],[-82.8533,40.1124],[-82.8519,40.1104],[-82.8525,40.109],[-82.8508,40.1072],[-82.8477,40.1083],[-82.8453,40.1106],[-82.8453,40.1152],[-82.8474,40.1206],[-82.8486,40.1213],[-82.8533,40.1216],[-82.8543,40.1226],[-82.854,40.1238],[-82.8506,40.1255],[-82.8506,40.1276],[-82.8524,40.1298],[-82.8562,40.1327],[-82.8582,40.1367],[-82.8568,40.1407],[-82.8582,40.142],[-82.8629,40.1431],[-82.8637,40.1441],[-82.8659,40.1442],[-82.8691,40.143],[-82.8712,40.1434],[-82.8735,40.1451],[-82.8738,40.1487],[-82.8707,40.1504],[-82.8677,40.1507],[-82.8642,40.1533],[-82.8598,40.1537],[-82.8575,40.1559],[-82.8569,40.1595],[-82.8541,40.1621],[-82.852,40.1623],[-82.8498,40.1614],[-82.8442,40.162],[-82.8417,40.1629],[-82.8367,40.1665],[-82.833,40.1671],[-82.8292,40.169],[-82.8244,40.1698],[-82.8128,40.1688],[-82.8096,40.1675],[-82.8085,40.1661],[-82.8065,40.1665],[-82.8012,40.165],[-82.8003,40.1664],[-82.7983,40.1674],[-82.7929,40.1671],[-82.7891,40.1685],[-82.7859,40.1676],[-82.7795,40.1744],[-82.7741,40.1768],[-82.7646,40.1753],[-82.7598,40.1753]]]},"properties":{"objectid":17681,"tnmid":"{C3AE2635-E897-4DA8-80CB-1E746BBF93BA}","metasourceid":"{511D2AC8-11BA-45FC-AB98-F69D693D4C44}","sourcedatadesc":"Watershed Boundary Dataset (WBD)","sourceoriginator":"Natural Resources and Conservation Service and U.S. Geological Survey","sourcefeatureid":null,"loaddate":1723704945000,"referencegnis_ids":"1041752,1066576","areaacres":19308.75,"areasqkm":78.14,"states":"OH","huc12":"050600011308","name":"Hoover Reservoir-Big Walnut Creek","hutype":"S","humod":"DM,RS,TF","tohuc":"050600011502","noncontributingareaacres":0,"noncontributingareasqkm":0,"globalid":"{B4336355-E29C-11E2-8094-0021280458E6}","shape_Length":76510.41118296112,"shape_Area":134015228.3682979}},{"type":"Feature","id":17683,"geometry":{"type":"Polygon","coordinates":[[[-82.9146,40.2101],[-82.9152,40.2117],[-82.9161,40.2123],[-82.9168,40.2145],[-82.9161,40.2168],[-82.9174,40.2218],[-82.9204,40.2268],[-82.9178,40.2327],[-82.9188,40.2361],[-82.9166,40.2402],[-82.9188,40.242],[-82.9211,40.2453],[-82.9215,40.2474],[-82.9228,40.2492],[-82.922,40.2506],[-82.9222,40.2527],[-82.9246,40.256],[-82.9248,40.2577],[-82.9263,40.2592],[-82.9279,40.2593],[-82.9285,40.2572],[-82.9305,40.2574],[-82.933,40.2586],[-82.9359,40.2585],[-82.939,40.2571],[-82.9445,40.2581],[-82.9476,40.2579],[-82.949,40.2552],[-82.9518,40.2534],[-82.9574,40.2516],[-82.959,40.2492],[-82.9674,40.2471],[-82.9732,40.2491],[-82.9811,40.25],[-82.9833,40.2509],[-82.9885,40.25],[-82.9917,40.2504],[-82.9988,40.2496],[-83.0026,40.2518],[-83.0054,40.2554],[-83.0134,40.2517],[-83.0117,40.2276],[-83.0103,40.2239],[-83.0104,40.2216],[-83.0089,40.2209],[-83.0052,40.2219],[-83.0028,40.2188],[-83.0019,40.2147],[-83.0011,40.2072],[-83.0017,40.2045],[-82.9997,40.1991],[-83.0058,40.1939],[-83.006,40.1934],[-83.0039,40.192],[-82.9988,40.1913],[-82.9983,40.1897],[-82.9971,40.1893],[-82.9922,40.191],[-82.9861,40.1895],[-82.9844,40.1908],[-82.9811,40.1911],[-82.9803,40.1906],[-82.9807,40.1862],[-82.9788,40.1846],[-82.9697,40.1841],[-82.9647,40.1871],[-82.9559,40.187],[-82.943,40.1907],[-82.9408,40.1908],[-82.9384,40.1943],[-82.9366,40.194],[-82.9338,40.1969],[-82.932,40.1978],[-82.9302,40.1975],[-82.9272,40.1987],[-82.9177,40.1983],[-82.9137,40.2027],[-82.9138,40.2064],[-82.9147,40.2076],[-82.9142,40.2093],[-82.9146,40.2101]]]},"properties":{"objectid":17683,"tnmid":"{9FFC23B8-83A6-48E0-B6D3-D5C5525A7235}","metasourceid":"{511D2AC8-11BA-45FC-AB98-F69D693D4C44}","sourcedatadesc":"Watershed Boundary Dataset (WBD)","sourceoriginator":"Natural Resources and Conservation Service and U.S. Geological Survey","sourcefeatureid":null,"loaddate":1723704945000,"referencegnis_ids":"1079219,1057290","areaacres":12972.63,"areasqkm":52.5,"states":"OH","huc12":"050600011404","name":"Alum Creek Lake Dam-Alum Creek","hutype":"S","humod":"DM,RS,TF","tohuc":"050600011601","noncontributingareaacres":0,"noncontributingareasqkm":0,"globalid":"{B433CD77-E29C-11E2-8094-0021280458E6}","shape_Length":43278.233699401695,"shape_Area":90149596.7043384}},{"type":"Feature","id":17684,"geometry":{"type":"Polygon","coordinates":[[[-82.7633,40.1341],[-82.7635,40.1356],[-82.7625,40.1378],[-82.7654,40.1398],[-82.769,40.1395],[-82.7756,40.1416],[-82.7804,40.1419],[-82.7818,40.1409],[-82.7836,40.1422],[-82.7856,40.142],[-82.7884,40.144],[-82.7921,40.1455],[-82.7977,40.1449],[-82.8013,40.1456],[-82.8027,40.1468],[-82.8059,40.1468],[-82.8084,40.1457],[-82.8095,40.1443],[-82.814,40.1435],[-82.8203,40.1411],[-82.8209,40.1394],[-82.8211,40.1335],[-82.8222,40.1324],[-82.8269,40.1323],[-82.8285,40.1342],[-82.8313,40.1349],[-82.8329,40.1364],[-82.8341,40.1364],[-82.8392,40.1342],[-82.8429,40.1342],[-82.8489,40.1299],[-82.8521,40.1295],[-82.8507,40.1279],[-82.8506,40.1256],[-82.854,40.1238],[-82.8543,40.1226],[-82.8533,40.1216],[-82.8486,40.1213],[-82.8475,40.1207],[-82.8455,40.1159],[-82.8451,40.1112],[-82.8472,40.1086],[-82.8508,40.1072],[-82.8496,40.1049],[-82.8498,40.1039],[-82.855,40.1029],[-82.8556,40.101],[-82.856,40.0952],[-82.8523,40.0931],[-82.8514,40.0915],[-82.8556,40.0846],[-82.8565,40.082],[-82.8564,40.0787],[-82.8581,40.0753],[-82.853,40.0699],[-82.8529,40.0655],[-82.8504,40.0618],[-82.8513,40.0583],[-82.8512,40.0542],[-82.8517,40.0519],[-82.8526,40.051],[-82.8606,40.0459],[-82.8643,40.0424],[-82.8686,40.0413],[-82.8739,40.0333],[-82.8747,40.03],[-82.8755,40.0291],[-82.8745,40.0274],[-82.8769,40.0179],[-82.8756,40.0122],[-82.8738,40.0122],[-82.87,40.014],[-82.8667,40.0142],[-82.8659,40.0158],[-82.8596,40.0173],[-82.8563,40.0192],[-82.8526,40.0179],[-82.852,40.016],[-82.8495,40.0153],[-82.8457,40.0101],[-82.8422,40.0082],[-82.8347,40.0079],[-82.8329,40.009],[-82.8291,40.0073],[-82.8221,40.009],[-82.8202,40.01],[-82.8173,40.0135],[-82.8174,40.015],[-82.8152,40.0182],[-82.8145,40.0249],[-82.8154,40.03],[-82.8147,40.0314],[-82.8157,40.034],[-82.8142,40.0351],[-82.812,40.0433],[-82.8114,40.0435],[-82.8095,40.0478],[-82.8103,40.0533],[-82.81,40.0546],[-82.8085,40.0559],[-82.8056,40.0553],[-82.8041,40.056],[-82.8048,40.0576],[-82.8036,40.0637],[-82.802,40.0645],[-82.8007,40.0665],[-82.7979,40.0669],[-82.7935,40.0694],[-82.7867,40.0755],[-82.7865,40.0766],[-82.7895,40.0798],[-82.7877,40.0847],[-82.7868,40.092],[-82.7857,40.0932],[-82.7837,40.0935],[-82.7828,40.0959],[-82.7804,40.0968],[-82.7786,40.1024],[-82.7791,40.1043],[-82.7753,40.1075],[-82.7741,40.1094],[-82.7744,40.1113],[-82.773,40.1136],[-82.7728,40.1161],[-82.7714,40.1176],[-82.7691,40.1242],[-82.7694,40.1265],[-82.7682,40.1292],[-82.7666,40.1302],[-82.7633,40.1341]]]},"properties":{"objectid":17684,"tnmid":"{6A307E60-F6BB-4EBC-99B3-D285A444A2FC}","metasourceid":"{511D2AC8-11BA-45FC-AB98-F69D693D4C44}","sourcedatadesc":"Watershed Boundary Dataset (WBD)","sourceoriginator":"Natural Resources and Conservation Service and U.S. Geological Survey","sourcefeatureid":null,"loaddate":1723704945000,"referencegnis_ids":"1045129","areaacres":19449.01,"areasqkm":78.71,"states":"OH","huc12":"050600011501","name":"Rocky Fork Creek","hutype":"S","humod":"TF","tohuc":"050600011502","noncontributingareaacres":0,"noncontributingareasqkm":0,"globalid":"{B433EBC6-E29C-11E2-8094-0021280458E6}","shape_Length":63266.95475343005,"shape_Area":134601884.3195021}},{"type":"Feature","id":17686,"geometry":{"type":"Polygon","coordinates":[[[-82.817,39.9473],[-82.823,39.9476],[-82.8371,39.943],[-82.8399,39.9434],[-82.8419,39.9422],[-82.8418,39.9363],[-82.8411,39.9336],[-82.8371,39.9334],[-82.8363,39.932],[-82.8386,39.9291],[-82.8386,39.9277],[-82.8371,39.9257],[-82.8377,39.9234],[-82.8372,39.9196],[-82.8356,39.9163],[-82.8358,39.9145],[-82.8349,39.9134],[-82.8364,39.9109],[-82.8383,39.9101],[-82.8399,39.9106],[-82.8513,39.9092],[-82.8603,39.9063],[-82.8637,39.9062],[-82.8662,39.907],[-82.8708,39.9065],[-82.873,39.9057],[-82.8731,39.904],[-82.8764,39.9034],[-82.8766,39.9025],[-82.8758,39.9015],[-82.8763,39.9011],[-82.8812,39.8991],[-82.8837,39.8991],[-82.8843,39.8961],[-82.8854,39.8948],[-82.891,39.8932],[-82.8919,39.8924],[-82.8965,39.8935],[-82.9014,39.8848],[-82.9042,39.884],[-82.9068,39.8815],[-82.904,39.8807],[-82.9026,39.8811],[-82.9029,39.8765],[-82.9024,39.8737],[-82.9007,39.8721],[-82.9005,39.8691],[-82.8985,39.8674],[-82.8868,39.8675],[-82.881,39.8645],[-82.8741,39.8687],[-82.87,39.8678],[-82.8661,39.8682],[-82.864,39.8702],[-82.8584,39.8716],[-82.8561,39.8734],[-82.8518,39.8741],[-82.8506,39.8754],[-82.846,39.875],[-82.8398,39.8759],[-82.8367,39.8745],[-82.8354,39.8748],[-82.8329,39.8773],[-82.8338,39.8817],[-82.8365,39.884],[-82.8352,39.8858],[-82.8341,39.8965],[-82.8278,39.8969],[-82.8225,39.8958],[-82.8203,39.8966],[-82.8174,39.8963],[-82.8109,39.8971],[-82.8048,39.899],[-82.8028,39.9033],[-82.8003,39.9049],[-82.7946,39.9076],[-82.7916,39.9078],[-82.79,39.9088],[-82.7881,39.9089],[-82.7869,39.91],[-82.7838,39.9099],[-82.7808,39.9112],[-82.7796,39.9151],[-82.7808,39.9175],[-82.7838,39.9186],[-82.7932,39.9199],[-82.7967,39.9238],[-82.7976,39.9261],[-82.7976,39.9285],[-82.8018,39.9302],[-82.8016,39.9316],[-82.8041,39.9334],[-82.8089,39.935],[-82.8095,39.9371],[-82.8115,39.9387],[-82.8128,39.9449],[-82.8138,39.946],[-82.817,39.9473]]]},"properties":{"objectid":17686,"tnmid":"{D4A6B312-232B-4CFF-BF35-0BC22AFB115A}","metasourceid":"{511D2AC8-11BA-45FC-AB98-F69D693D4C44}","sourcedatadesc":"Watershed Boundary Dataset (WBD)","sourceoriginator":"Natural Resources and Conservation Service and U.S. Geological Survey","sourcefeatureid":null,"loaddate":1723704945000,"referencegnis_ids":"1048548,1066588","areaacres":9638.12,"areasqkm":39,"states":"OH","huc12":"050600011504","name":"Town of Brice-Blacklick Creek","hutype":"M","humod":"TF","tohuc":"050600011505","noncontributingareaacres":0,"noncontributingareasqkm":0,"globalid":"{B4343850-E29C-11E2-8094-0021280458E6}","shape_Length":47826.279386888076,"shape_Area":66356771.09687527}},{"type":"Feature","id":17688,"geometry":{"type":"Polygon","coordinates":[[[-82.8756,40.0122],[-82.8783,40.0125],[-82.8819,40.0111],[-82.8883,40.0138],[-82.8952,40.0112],[-82.8978,40.0116],[-82.8999,40.0141],[-82.9014,40.0187],[-82.902,40.0258],[-82.9011,40.0292],[-82.902,40.0346],[-82.9029,40.0358],[-82.9049,40.0366],[-82.9079,40.0375],[-82.9102,40.0372],[-82.9147,40.0395],[-82.9175,40.0376],[-82.92,40.0329],[-82.9198,40.0293],[-82.9213,40.0271],[-82.9214,40.0257],[-82.9229,40.0261],[-82.9235,40.0255],[-82.9224,40.0221],[-82.9225,40.0113],[-82.9249,40.0043],[-82.927,40.004],[-82.9276,40.0012],[-82.9305,40.0002],[-82.931,39.9991],[-82.9303,39.998],[-82.9302,39.9953],[-82.9309,39.9932],[-82.9296,39.9914],[-82.929,39.9891],[-82.9304,39.9857],[-82.93,39.9805],[-82.9231,39.9787],[-82.9213,39.977],[-82.9126,39.9733],[-82.9101,39.9704],[-82.9102,39.9561],[-82.9083,39.9513],[-82.9096,39.9481],[-82.9131,39.9424],[-82.9101,39.9293],[-82.9093,39.9271],[-82.9083,39.927],[-82.908,39.9258],[-82.9095,39.9205],[-82.9095,39.9183],[-82.9092,39.9172],[-82.9055,39.9168],[-82.9058,39.9154],[-82.9002,39.9102],[-82.8986,39.9078],[-82.8984,39.9063],[-82.8989,39.9041],[-82.9,39.9026],[-82.9016,39.9015],[-82.9039,39.9015],[-82.9053,39.8994],[-82.908,39.8889],[-82.9069,39.8815],[-82.9042,39.884],[-82.9014,39.8848],[-82.8965,39.8935],[-82.8919,39.8924],[-82.891,39.8932],[-82.8854,39.8948],[-82.8843,39.8961],[-82.8837,39.8991],[-82.8812,39.8991],[-82.8759,39.9014],[-82.8766,39.903],[-82.8748,39.9041],[-82.8731,39.904],[-82.873,39.9057],[-82.8662,39.907],[-82.8637,39.9062],[-82.8603,39.9063],[-82.8513,39.9092],[-82.8399,39.9106],[-82.8383,39.9101],[-82.8364,39.9109],[-82.8349,39.9134],[-82.8358,39.9145],[-82.8356,39.9163],[-82.8372,39.9196],[-82.8377,39.9234],[-82.8371,39.9257],[-82.8386,39.9277],[-82.8386,39.9291],[-82.8363,39.932],[-82.8371,39.9334],[-82.8411,39.9336],[-82.8418,39.9363],[-82.8419,39.9422],[-82.8399,39.9434],[-82.8371,39.943],[-82.823,39.9476],[-82.817,39.9473],[-82.8169,39.9524],[-82.8177,39.9541],[-82.8175,39.956],[-82.8218,39.9596],[-82.8216,39.9641],[-82.8233,39.9646],[-82.8239,39.9654],[-82.8281,39.9748],[-82.83,39.9769],[-82.8313,39.9813],[-82.8379,39.9877],[-82.8372,39.9891],[-82.8329,39.9911],[-82.8366,39.9916],[-82.8382,39.9945],[-82.8383,39.9961],[-82.835,40],[-82.8291,40.0038],[-82.8289,40.0049],[-82.8299,40.0074],[-82.8329,40.009],[-82.8347,40.0079],[-82.8425,40.0083],[-82.8458,40.0102],[-82.8496,40.0154],[-82.852,40.016],[-82.8526,40.0179],[-82.8561,40.0192],[-82.8596,40.0173],[-82.8659,40.0158],[-82.8667,40.0142],[-82.87,40.014],[-82.8738,40.0122],[-82.8756,40.0122]]]},"properties":{"objectid":17688,"tnmid":"{DC44AF20-8FFE-4ADA-AABF-9736BD436795}","metasourceid":"{511D2AC8-11BA-45FC-AB98-F69D693D4C44}","sourcedatadesc":"Watershed Boundary Dataset (WBD)","sourceoriginator":"Natural Resources and Conservation Service and U.S. Geological Survey","sourcefeatureid":null,"loaddate":1723704945000,"referencegnis_ids":"1043049,1066576","areaacres":22808.32,"areasqkm":92.3,"states":"OH","huc12":"050600011505","name":"Mason Run-Big Walnut Creek","hutype":"S","humod":"TF","tohuc":"050600011603","noncontributingareaacres":0,"noncontributingareasqkm":0,"globalid":"{B43457BE-E29C-11E2-8094-0021280458E6}","shape_Length":71239.68574194785,"shape_Area":157311873.1887928}},{"type":"Feature","id":17689,"geometry":{"type":"Polygon","coordinates":[[[-82.881,39.8645],[-82.8868,39.8675],[-82.8985,39.8674],[-82.9005,39.8691],[-82.9007,39.8721],[-82.9024,39.8737],[-82.9029,39.8765],[-82.9026,39.8811],[-82.9063,39.881],[-82.907,39.8817],[-82.9106,39.8804],[-82.9125,39.8803],[-82.914,39.8818],[-82.9151,39.8852],[-82.9189,39.8857],[-82.9205,39.8883],[-82.922,39.8892],[-82.9216,39.895],[-82.9269,39.8996],[-82.9301,39.9049],[-82.9305,39.9082],[-82.9326,39.9107],[-82.9316,39.9132],[-82.9346,39.9154],[-82.9376,39.916],[-82.94,39.9186],[-82.9466,39.9191],[-82.9491,39.8917],[-82.9501,39.8906],[-82.9536,39.89],[-82.9598,39.8842],[-82.9622,39.8831],[-82.9609,39.8816],[-82.9605,39.875],[-82.957,39.8652],[-82.9615,39.8624],[-82.9648,39.8627],[-82.9679,39.8609],[-82.9705,39.8609],[-82.9727,39.8597],[-82.9749,39.8572],[-82.9807,39.853],[-82.9836,39.8498],[-82.9861,39.8451],[-82.9887,39.8434],[-82.9942,39.844],[-82.9941,39.8461],[-82.9928,39.8493],[-82.993,39.8507],[-82.9949,39.8502],[-82.9967,39.851],[-82.9967,39.8524],[-82.9985,39.8549],[-83.0027,39.8538],[-82.9979,39.8427],[-82.999,39.8421],[-82.9993,39.8403],[-82.9978,39.836],[-83.0002,39.8352],[-83.0012,39.824],[-82.9948,39.8077],[-82.9979,39.8069],[-82.9983,39.8053],[-82.9992,39.805],[-83.0047,39.805],[-83.0044,39.8033],[-83.0077,39.8016],[-83.0083,39.8001],[-83.0098,39.799],[-83.0076,39.7979],[-83.0032,39.7983],[-83.0003,39.797],[-82.9915,39.7992],[-82.9842,39.7983],[-82.9814,39.7991],[-82.979,39.7987],[-82.9725,39.8034],[-82.9634,39.8043],[-82.9608,39.8027],[-82.9577,39.798],[-82.9543,39.7984],[-82.9502,39.7975],[-82.9466,39.7977],[-82.9412,39.8016],[-82.9381,39.8053],[-82.939,39.8074],[-82.9366,39.8097],[-82.9362,39.8122],[-82.9393,39.8127],[-82.9434,39.8145],[-82.9438,39.8233],[-82.9453,39.8252],[-82.9445,39.8281],[-82.9457,39.8341],[-82.9421,39.8358],[-82.939,39.8344],[-82.9371,39.8353],[-82.9357,39.8379],[-82.932,39.8378],[-82.9229,39.8436],[-82.9186,39.8484],[-82.919,39.8497],[-82.9225,39.852],[-82.9235,39.8563],[-82.9255,39.8598],[-82.9162,39.8614],[-82.9097,39.8595],[-82.9094,39.8549],[-82.9082,39.8512],[-82.9069,39.8495],[-82.9069,39.8483],[-82.9049,39.8462],[-82.9028,39.8457],[-82.9013,39.8468],[-82.9004,39.8515],[-82.8996,39.8522],[-82.8951,39.8515],[-82.8937,39.8497],[-82.8926,39.8493],[-82.8842,39.8518],[-82.8824,39.853],[-82.8818,39.854],[-82.8827,39.8558],[-82.8832,39.8605],[-82.8813,39.8625],[-82.881,39.8645]]]},"properties":{"objectid":17689,"tnmid":"{C8DF51B6-D0E3-462E-8846-D82289AE1D89}","metasourceid":"{511D2AC8-11BA-45FC-AB98-F69D693D4C44}","sourcedatadesc":"Watershed Boundary Dataset (WBD)","sourceoriginator":"Natural Resources and Conservation Service and U.S. Geological Survey","sourcefeatureid":null,"loaddate":1723704945000,"referencegnis_ids":"1065015,1066576","areaacres":14573.26,"areasqkm":58.98,"states":"OH","huc12":"050600011603","name":"Town of Lockbourne-Big Walnut Creek","hutype":"S","humod":"IT,DD,TF","tohuc":"050600012303","noncontributingareaacres":0,"noncontributingareasqkm":0,"globalid":"{B434A418-E29C-11E2-8094-0021280458E6}","shape_Length":70243.4514819454,"shape_Area":100180577.33463956}},{"type":"Feature","id":17691,"geometry":{"type":"Polygon","coordinates":[[[-82.6904,39.8685],[-82.6935,39.8698],[-82.6965,39.869],[-82.6985,39.8702],[-82.7017,39.8702],[-82.7049,39.8716],[-82.7098,39.8706],[-82.7126,39.8718],[-82.7182,39.8709],[-82.7203,39.8627],[-82.7181,39.8602],[-82.7181,39.8576],[-82.7202,39.8576],[-82.7236,39.8565],[-82.7243,39.8541],[-82.7301,39.8503],[-82.7315,39.8499],[-82.7351,39.8505],[-82.7371,39.8498],[-82.7377,39.8457],[-82.7396,39.844],[-82.7409,39.8414],[-82.7442,39.8385],[-82.7455,39.8339],[-82.7478,39.8331],[-82.7487,39.8318],[-82.7514,39.8301],[-82.7523,39.8303],[-82.7557,39.8271],[-82.7558,39.8261],[-82.7502,39.82],[-82.7484,39.8199],[-82.7484,39.8189],[-82.7454,39.8178],[-82.7442,39.8153],[-82.7428,39.8146],[-82.7426,39.813],[-82.7491,39.8132],[-82.7501,39.8112],[-82.7511,39.8108],[-82.7547,39.8113],[-82.7587,39.8108],[-82.7592,39.8075],[-82.7585,39.8051],[-82.7628,39.8036],[-82.7638,39.8017],[-82.7681,39.7992],[-82.7673,39.7972],[-82.7704,39.7951],[-82.7686,39.7915],[-82.7701,39.7892],[-82.7716,39.7881],[-82.7732,39.7848],[-82.773,39.784],[-82.7696,39.7823],[-82.7687,39.7845],[-82.7637,39.7865],[-82.7626,39.7847],[-82.7587,39.7835],[-82.7506,39.7771],[-82.7473,39.7762],[-82.744,39.7777],[-82.7417,39.7726],[-82.74,39.7706],[-82.731,39.7646],[-82.7213,39.7612],[-82.7219,39.7601],[-82.7185,39.7569],[-82.7189,39.7545],[-82.7169,39.7525],[-82.7127,39.7568],[-82.7111,39.7571],[-82.7088,39.7589],[-82.706,39.7598],[-82.7059,39.7615],[-82.7045,39.7628],[-82.699,39.7631],[-82.6969,39.7677],[-82.6969,39.7691],[-82.6916,39.7723],[-82.6863,39.772],[-82.6833,39.7768],[-82.6837,39.7782],[-82.6832,39.7802],[-82.6821,39.7811],[-82.6785,39.7815],[-82.6745,39.7843],[-82.6714,39.7849],[-82.6705,39.7874],[-82.6688,39.7874],[-82.6671,39.7885],[-82.6628,39.7884],[-82.6628,39.7893],[-82.66,39.79],[-82.6584,39.7921],[-82.6557,39.7925],[-82.6483,39.7901],[-82.6471,39.7909],[-82.6424,39.7911],[-82.6413,39.7921],[-82.6421,39.795],[-82.6389,39.7961],[-82.6356,39.7945],[-82.6319,39.795],[-82.6314,39.7971],[-82.6288,39.8007],[-82.6218,39.8028],[-82.6205,39.8043],[-82.6188,39.8037],[-82.6176,39.8045],[-82.6209,39.8078],[-82.624,39.8098],[-82.6228,39.8109],[-82.6234,39.8122],[-82.6227,39.8142],[-82.6196,39.818],[-82.6215,39.8218],[-82.6207,39.8245],[-82.6218,39.8273],[-82.622,39.8298],[-82.6181,39.8323],[-82.6185,39.8354],[-82.6171,39.8365],[-82.6173,39.8381],[-82.6161,39.8395],[-82.6156,39.8422],[-82.6129,39.843],[-82.6114,39.8447],[-82.6129,39.8477],[-82.6152,39.8487],[-82.6147,39.8504],[-82.6156,39.8516],[-82.6199,39.8541],[-82.6204,39.8573],[-82.6225,39.8573],[-82.6236,39.858],[-82.6244,39.8596],[-82.6269,39.8574],[-82.6317,39.86],[-82.6344,39.8629],[-82.6355,39.8629],[-82.6359,39.8609],[-82.6349,39.859],[-82.6378,39.8583],[-82.6334,39.8567],[-82.6321,39.8552],[-82.6328,39.8504],[-82.6324,39.8484],[-82.6406,39.8511],[-82.6523,39.8518],[-82.6516,39.8447],[-82.6482,39.8431],[-82.6473,39.8406],[-82.6535,39.84],[-82.6552,39.8384],[-82.6538,39.8356],[-82.6602,39.8366],[-82.6617,39.8358],[-82.6611,39.8336],[-82.6642,39.8303],[-82.6685,39.8304],[-82.6707,39.8282],[-82.6741,39.8279],[-82.6747,39.8266],[-82.6768,39.8256],[-82.6804,39.8257],[-82.682,39.8261],[-82.6797,39.8285],[-82.6803,39.8322],[-82.6771,39.8332],[-82.6769,39.8351],[-82.6774,39.836],[-82.6766,39.8374],[-82.6766,39.8393],[-82.6734,39.8401],[-82.6748,39.8421],[-82.6741,39.8456],[-82.6756,39.8469],[-82.675,39.8482],[-82.6755,39.8488],[-82.679,39.8489],[-82.6805,39.8499],[-82.6808,39.8533],[-82.6799,39.8558],[-82.6829,39.8598],[-82.6857,39.8601],[-82.6868,39.8612],[-82.6861,39.8635],[-82.6872,39.866],[-82.6904,39.8685]]]},"properties":{"objectid":17691,"tnmid":"{47D933E6-E370-4E6D-8081-3CBAAF51D555}","metasourceid":"{511D2AC8-11BA-45FC-AB98-F69D693D4C44}","sourcedatadesc":"Watershed Boundary Dataset (WBD)","sourceoriginator":"Natural Resources and Conservation Service and U.S. Geological Survey","sourcefeatureid":null,"loaddate":1723704945000,"referencegnis_ids":"978796,1047526","areaacres":23759.28,"areasqkm":96.15,"states":"OH","huc12":"050600011705","name":"Town of Carroll-Walnut Creek","hutype":"S","humod":"IT,TF","tohuc":"050600011802","noncontributingareaacres":0,"noncontributingareasqkm":0,"globalid":"{B4352C8C-E29C-11E2-8094-0021280458E6}","shape_Length":81516.0221248613,"shape_Area":163163379.06973848}},{"type":"Feature","id":17692,"geometry":{"type":"Polygon","coordinates":[[[-82.7745,39.8765],[-82.7721,39.8772],[-82.7684,39.8795],[-82.7679,39.8805],[-82.7679,39.884],[-82.77,39.8854],[-82.7722,39.8853],[-82.771,39.8903],[-82.7721,39.8916],[-82.7722,39.8932],[-82.7684,39.8978],[-82.7645,39.898],[-82.764,39.897],[-82.7617,39.8962],[-82.7558,39.9001],[-82.7539,39.9027],[-82.7517,39.9044],[-82.7511,39.9059],[-82.7409,39.9082],[-82.7396,39.9096],[-82.7319,39.9139],[-82.7256,39.9212],[-82.724,39.9259],[-82.7279,39.9302],[-82.7316,39.9355],[-82.7325,39.9383],[-82.7342,39.9387],[-82.735,39.9408],[-82.7347,39.9428],[-82.7369,39.9446],[-82.7377,39.9442],[-82.7387,39.9407],[-82.7429,39.9394],[-82.746,39.937],[-82.7499,39.936],[-82.7519,39.932],[-82.7557,39.9295],[-82.7566,39.926],[-82.7601,39.9242],[-82.7703,39.9212],[-82.776,39.9182],[-82.7807,39.9177],[-82.7796,39.9151],[-82.7809,39.9111],[-82.7838,39.9099],[-82.7869,39.91],[-82.7881,39.9089],[-82.79,39.9088],[-82.7916,39.9078],[-82.7946,39.9076],[-82.8003,39.9049],[-82.8028,39.9033],[-82.8048,39.899],[-82.8109,39.8971],[-82.8152,39.8964],[-82.82,39.8966],[-82.8227,39.8958],[-82.8278,39.8969],[-82.8341,39.8965],[-82.8352,39.8858],[-82.8365,39.884],[-82.8338,39.8817],[-82.8329,39.8773],[-82.8342,39.8755],[-82.8367,39.8745],[-82.8398,39.8759],[-82.846,39.875],[-82.8506,39.8754],[-82.8518,39.8741],[-82.8561,39.8734],[-82.8584,39.8716],[-82.864,39.8702],[-82.8661,39.8682],[-82.8644,39.8652],[-82.8571,39.8611],[-82.8559,39.8597],[-82.8554,39.858],[-82.8571,39.8542],[-82.8573,39.8519],[-82.8535,39.8513],[-82.8524,39.8484],[-82.8485,39.8462],[-82.8452,39.8496],[-82.8448,39.8517],[-82.8353,39.8504],[-82.8229,39.8635],[-82.8205,39.867],[-82.8207,39.8689],[-82.8052,39.8727],[-82.8052,39.8746],[-82.807,39.8767],[-82.8067,39.8771],[-82.8035,39.8778],[-82.801,39.8774],[-82.8,39.8793],[-82.7988,39.8798],[-82.7971,39.8787],[-82.7877,39.8758],[-82.7839,39.876],[-82.7818,39.8775],[-82.7802,39.8778],[-82.7745,39.8765]]]},"properties":{"objectid":17692,"tnmid":"{ACE0BFE1-6A79-47CF-BF7F-C4795A57E6E3}","metasourceid":"{511D2AC8-11BA-45FC-AB98-F69D693D4C44}","sourcedatadesc":"Watershed Boundary Dataset (WBD)","sourceoriginator":"Natural Resources and Conservation Service and U.S. Geological Survey","sourcefeatureid":null,"loaddate":1723704945000,"referencegnis_ids":"1056871","areaacres":9120.76,"areasqkm":36.91,"states":"OH","huc12":"050600011801","name":"George Creek","hutype":"S","humod":"TF","tohuc":"050600011802","noncontributingareaacres":0,"noncontributingareasqkm":0,"globalid":"{B4354383-E29C-11E2-8094-0021280458E6}","shape_Length":53299.2817303387,"shape_Area":62778480.29652378}},{"type":"Feature","id":17694,"geometry":{"type":"Polygon","coordinates":[[[-82.8705,39.8679],[-82.8741,39.8687],[-82.881,39.8645],[-82.8813,39.8625],[-82.8832,39.8605],[-82.8827,39.8558],[-82.8818,39.854],[-82.8833,39.8522],[-82.8926,39.8493],[-82.8937,39.8497],[-82.8951,39.8515],[-82.8996,39.8522],[-82.9004,39.8515],[-82.9013,39.8468],[-82.9028,39.8457],[-82.9049,39.8462],[-82.9069,39.8483],[-82.9069,39.8495],[-82.9082,39.8512],[-82.9094,39.8549],[-82.9097,39.8595],[-82.9154,39.8614],[-82.9189,39.8613],[-82.9252,39.86],[-82.9256,39.8594],[-82.9235,39.8563],[-82.9226,39.8522],[-82.919,39.8497],[-82.9186,39.8484],[-82.9229,39.8436],[-82.932,39.8378],[-82.9357,39.8379],[-82.9371,39.8353],[-82.939,39.8344],[-82.9421,39.8358],[-82.9457,39.8341],[-82.9445,39.8281],[-82.9453,39.8252],[-82.9438,39.8233],[-82.9434,39.8145],[-82.9393,39.8127],[-82.9362,39.8122],[-82.9366,39.8097],[-82.939,39.8074],[-82.9381,39.8053],[-82.9429,39.8002],[-82.9415,39.7983],[-82.9408,39.7959],[-82.9437,39.787],[-82.944,39.7822],[-82.9423,39.7759],[-82.9384,39.7712],[-82.9381,39.77],[-82.9389,39.7654],[-82.9348,39.762],[-82.9331,39.7575],[-82.9337,39.7506],[-82.9358,39.7401],[-82.9394,39.7342],[-82.9428,39.731],[-82.9448,39.7261],[-82.9448,39.7245],[-82.9428,39.7197],[-82.9422,39.7185],[-82.9409,39.7179],[-82.9402,39.7145],[-82.9415,39.7125],[-82.9407,39.7106],[-82.9408,39.7086],[-82.9376,39.7077],[-82.9333,39.7082],[-82.9307,39.7071],[-82.9282,39.7072],[-82.9273,39.7076],[-82.9263,39.7104],[-82.9246,39.7117],[-82.9232,39.7104],[-82.9216,39.71],[-82.9176,39.7144],[-82.9118,39.7152],[-82.9113,39.7167],[-82.9121,39.7201],[-82.9096,39.7279],[-82.908,39.731],[-82.9099,39.7347],[-82.9102,39.7376],[-82.9078,39.7388],[-82.9057,39.7386],[-82.9025,39.7398],[-82.8971,39.7402],[-82.8927,39.7396],[-82.8902,39.7399],[-82.8864,39.7373],[-82.8852,39.7371],[-82.8845,39.7386],[-82.8844,39.742],[-82.8825,39.7445],[-82.8819,39.7478],[-82.8802,39.7491],[-82.8779,39.7523],[-82.878,39.7549],[-82.8721,39.7559],[-82.8689,39.7543],[-82.8656,39.7545],[-82.8624,39.7531],[-82.8599,39.7541],[-82.8574,39.7541],[-82.8556,39.7506],[-82.8514,39.7467],[-82.8515,39.7456],[-82.8502,39.7436],[-82.8481,39.7423],[-82.848,39.7407],[-82.8446,39.7397],[-82.8433,39.7354],[-82.8403,39.7341],[-82.8385,39.7349],[-82.8366,39.7379],[-82.8337,39.7385],[-82.8328,39.7444],[-82.8317,39.7461],[-82.83,39.7474],[-82.8302,39.7498],[-82.8294,39.7514],[-82.8294,39.7537],[-82.8279,39.7555],[-82.8259,39.7559],[-82.8237,39.7584],[-82.8202,39.7587],[-82.8192,39.7605],[-82.8181,39.7611],[-82.8148,39.7613],[-82.8138,39.7619],[-82.8126,39.7615],[-82.8104,39.7629],[-82.8081,39.7629],[-82.8072,39.7623],[-82.8053,39.7587],[-82.8033,39.7595],[-82.8029,39.7581],[-82.801,39.7577],[-82.8013,39.7602],[-82.8004,39.7627],[-82.7938,39.7645],[-82.7886,39.7691],[-82.7886,39.7748],[-82.7858,39.7771],[-82.7862,39.7778],[-82.7857,39.7784],[-82.7866,39.7797],[-82.7893,39.7805],[-82.7902,39.7818],[-82.7928,39.7833],[-82.7961,39.7842],[-82.798,39.786],[-82.7994,39.7888],[-82.8018,39.7901],[-82.8038,39.7927],[-82.8103,39.7946],[-82.8107,39.7971],[-82.8116,39.7981],[-82.8114,39.8],[-82.8132,39.8023],[-82.8131,39.8038],[-82.8167,39.8047],[-82.822,39.8046],[-82.8235,39.8086],[-82.8268,39.8115],[-82.8286,39.8139],[-82.8302,39.82],[-82.8335,39.8229],[-82.8376,39.8248],[-82.8428,39.8302],[-82.8455,39.8315],[-82.8471,39.8334],[-82.8484,39.8372],[-82.8497,39.838],[-82.849,39.8412],[-82.8476,39.8431],[-82.8493,39.8455],[-82.8492,39.8463],[-82.8524,39.8484],[-82.8535,39.8513],[-82.8573,39.852],[-82.8569,39.8547],[-82.8554,39.858],[-82.8565,39.8605],[-82.8644,39.8652],[-82.8661,39.8682],[-82.8705,39.8679]]]},"properties":{"objectid":17694,"tnmid":"{FF93D03A-826C-4B61-BCCC-42E2EAB94C69}","metasourceid":"{511D2AC8-11BA-45FC-AB98-F69D693D4C44}","sourcedatadesc":"Watershed Boundary Dataset (WBD)","sourceoriginator":"Natural Resources and Conservation Service and U.S. Geological Survey","sourcefeatureid":null,"loaddate":1723704945000,"referencegnis_ids":"1038021,1047526","areaacres":33019.14,"areasqkm":133.62,"states":"OH","huc12":"050600011805","name":"Big Run-Walnut Creek","hutype":"S","humod":"TF","tohuc":"050600011806","noncontributingareaacres":0,"noncontributingareasqkm":0,"globalid":"{B435B1CE-E29C-11E2-8094-0021280458E6}","shape_Length":87410.22756673956,"shape_Area":226600743.51604357}},{"type":"Feature","id":17698,"geometry":{"type":"Polygon","coordinates":[[[-83.221,40.2002],[-83.2208,40.2024],[-83.2216,40.203],[-83.2276,40.1999],[-83.2308,40.1994],[-83.2359,40.1972],[-83.2427,40.1975],[-83.2499,40.1969],[-83.2515,40.1976],[-83.254,40.2],[-83.2619,40.1988],[-83.2673,40.1974],[-83.2688,40.1963],[-83.2688,40.1926],[-83.2667,40.1869],[-83.2671,40.185],[-83.2701,40.1852],[-83.2728,40.1845],[-83.2788,40.1841],[-83.2836,40.1871],[-83.2881,40.1872],[-83.2932,40.1845],[-83.2977,40.1797],[-83.3054,40.1769],[-83.3145,40.1752],[-83.3102,40.1718],[-83.3068,40.1713],[-83.3036,40.1719],[-83.2991,40.1697],[-83.298,40.1689],[-83.2971,40.1665],[-83.2951,40.1648],[-83.2867,40.1607],[-83.2827,40.1595],[-83.2807,40.1568],[-83.2786,40.1562],[-83.2778,40.1543],[-83.2785,40.1525],[-83.278,40.1515],[-83.2804,40.1498],[-83.2784,40.1476],[-83.2781,40.1464],[-83.275,40.1446],[-83.2779,40.1387],[-83.2772,40.1372],[-83.2703,40.1373],[-83.2675,40.1359],[-83.2574,40.1349],[-83.2539,40.1323],[-83.2484,40.1325],[-83.2473,40.1317],[-83.2463,40.1261],[-83.2434,40.121],[-83.2425,40.1152],[-83.2451,40.111],[-83.2486,40.1095],[-83.2498,40.108],[-83.2537,40.1078],[-83.2545,40.1059],[-83.2523,40.1038],[-83.2545,40.1021],[-83.2553,40.0999],[-83.2523,40.0977],[-83.2566,40.0962],[-83.2544,40.0924],[-83.2536,40.0921],[-83.2535,40.0893],[-83.2525,40.0887],[-83.2484,40.0897],[-83.2457,40.0891],[-83.2395,40.0893],[-83.2374,40.0883],[-83.2291,40.0904],[-83.2143,40.0927],[-83.2116,40.0934],[-83.2114,40.0943],[-83.212,40.0972],[-83.211,40.1004],[-83.2129,40.1026],[-83.2105,40.1042],[-83.2229,40.1159],[-83.2198,40.1186],[-83.2187,40.1223],[-83.2174,40.124],[-83.2193,40.1258],[-83.2184,40.1301],[-83.2185,40.1343],[-83.2226,40.1405],[-83.2188,40.1432],[-83.217,40.1466],[-83.2143,40.1483],[-83.2142,40.1514],[-83.2124,40.154],[-83.2123,40.157],[-83.2111,40.1582],[-83.211,40.1601],[-83.2105,40.1605],[-83.2132,40.1616],[-83.2166,40.16],[-83.2185,40.1602],[-83.2176,40.162],[-83.2182,40.1703],[-83.2232,40.1768],[-83.2236,40.1807],[-83.2227,40.1813],[-83.2242,40.1828],[-83.2242,40.187],[-83.2254,40.1888],[-83.221,40.2002]]]},"properties":{"objectid":17698,"tnmid":"{E17080C6-AD49-4CBC-A724-EC4F8F8CD2AC}","metasourceid":"{511D2AC8-11BA-45FC-AB98-F69D693D4C44}","sourcedatadesc":"Watershed Boundary Dataset (WBD)","sourceoriginator":"Natural Resources and Conservation Service and U.S. Geological Survey","sourcefeatureid":null,"loaddate":1723704945000,"referencegnis_ids":"1046830","areaacres":13106.42,"areasqkm":53.04,"states":"OH","huc12":"050600011904","name":"Sugar Run","hutype":"S","humod":"TF","tohuc":"050600011905","noncontributingareaacres":0,"noncontributingareasqkm":0,"globalid":"{B4363BF2-E29C-11E2-8094-0021280458E6}","shape_Length":58133.86555063866,"shape_Area":90891593.36298585}},{"type":"Feature","id":17704,"geometry":{"type":"Polygon","coordinates":[[[-83.3138,39.8574],[-83.3157,39.8581],[-83.3211,39.8575],[-83.3228,39.8601],[-83.329,39.8624],[-83.3288,39.8639],[-83.3306,39.8642],[-83.3367,39.8628],[-83.337,39.8615],[-83.3391,39.8607],[-83.3433,39.8607],[-83.3454,39.8599],[-83.3451,39.8588],[-83.3459,39.8585],[-83.3485,39.855],[-83.3474,39.8539],[-83.3489,39.8528],[-83.3568,39.8544],[-83.3579,39.8559],[-83.3567,39.8566],[-83.3566,39.8578],[-83.3578,39.859],[-83.3562,39.8599],[-83.3577,39.862],[-83.3602,39.8637],[-83.3586,39.8657],[-83.3577,39.8686],[-83.3582,39.8696],[-83.3599,39.8705],[-83.3642,39.8696],[-83.3652,39.8702],[-83.3639,39.872],[-83.3641,39.8747],[-83.3635,39.8755],[-83.3652,39.8765],[-83.3667,39.8761],[-83.3667,39.8769],[-83.3684,39.8778],[-83.369,39.8794],[-83.3685,39.8804],[-83.3705,39.8815],[-83.3708,39.8829],[-83.3703,39.8837],[-83.3713,39.8843],[-83.3709,39.8861],[-83.3718,39.8876],[-83.3741,39.8882],[-83.3732,39.8894],[-83.3748,39.8912],[-83.3753,39.8928],[-83.374,39.8949],[-83.3727,39.8955],[-83.3725,39.8975],[-83.3733,39.8987],[-83.3745,39.8987],[-83.3779,39.9007],[-83.379,39.9042],[-83.3791,39.907],[-83.3784,39.9074],[-83.379,39.9088],[-83.3825,39.9081],[-83.3827,39.907],[-83.3833,39.9069],[-83.3883,39.9086],[-83.3966,39.9058],[-83.3964,39.9049],[-83.398,39.9045],[-83.3982,39.9032],[-83.4016,39.9017],[-83.4002,39.8999],[-83.4001,39.8976],[-83.3993,39.8967],[-83.3999,39.8962],[-83.4038,39.8983],[-83.4074,39.8957],[-83.4093,39.8961],[-83.4141,39.8945],[-83.4183,39.8951],[-83.4226,39.8943],[-83.4234,39.8936],[-83.425,39.894],[-83.4294,39.8922],[-83.4337,39.889],[-83.4361,39.8892],[-83.4385,39.8886],[-83.4364,39.8849],[-83.4314,39.885],[-83.4283,39.8835],[-83.4279,39.8825],[-83.4262,39.8816],[-83.4224,39.8813],[-83.4224,39.8805],[-83.4244,39.8789],[-83.4235,39.8769],[-83.4246,39.8762],[-83.4232,39.8753],[-83.4224,39.8757],[-83.4187,39.8738],[-83.4126,39.8728],[-83.4117,39.8724],[-83.4108,39.8701],[-83.4094,39.87],[-83.4076,39.8682],[-83.405,39.8674],[-83.4027,39.8677],[-83.4022,39.8671],[-83.4027,39.8665],[-83.4059,39.8639],[-83.4019,39.8631],[-83.4023,39.8597],[-83.3973,39.8567],[-83.3929,39.8573],[-83.3928,39.8567],[-83.3907,39.8561],[-83.3893,39.8535],[-83.3864,39.8514],[-83.3829,39.8513],[-83.3818,39.85],[-83.3789,39.8501],[-83.3764,39.849],[-83.3761,39.8483],[-83.3767,39.8474],[-83.3761,39.8464],[-83.3727,39.8455],[-83.369,39.8471],[-83.367,39.8461],[-83.366,39.8465],[-83.3658,39.8441],[-83.3636,39.8443],[-83.3641,39.8424],[-83.3623,39.84],[-83.3607,39.8399],[-83.3591,39.8409],[-83.3582,39.8394],[-83.3572,39.8408],[-83.3563,39.8406],[-83.3555,39.8393],[-83.3556,39.8382],[-83.3542,39.8366],[-83.3507,39.8357],[-83.3499,39.8342],[-83.3451,39.8332],[-83.3451,39.8324],[-83.3438,39.8305],[-83.3433,39.8269],[-83.344,39.8257],[-83.3498,39.824],[-83.3515,39.8219],[-83.354,39.8215],[-83.3551,39.8224],[-83.3565,39.822],[-83.358,39.8226],[-83.3581,39.8285],[-83.3595,39.832],[-83.3608,39.8322],[-83.3619,39.8339],[-83.3636,39.8333],[-83.3711,39.8342],[-83.3714,39.837],[-83.3731,39.838],[-83.3755,39.8381],[-83.3777,39.8353],[-83.3856,39.8396],[-83.3902,39.8405],[-83.394,39.8396],[-83.3953,39.8373],[-83.3967,39.8381],[-83.3984,39.8381],[-83.3995,39.8363],[-83.3963,39.8308],[-83.3969,39.8286],[-83.3933,39.8266],[-83.3889,39.8283],[-83.3866,39.8265],[-83.3864,39.8227],[-83.3842,39.821],[-83.381,39.8214],[-83.3806,39.8223],[-83.3774,39.8239],[-83.376,39.8205],[-83.3758,39.8177],[-83.3731,39.8178],[-83.3714,39.8189],[-83.3717,39.8202],[-83.37,39.8201],[-83.3691,39.8187],[-83.3686,39.812],[-83.3645,39.8098],[-83.3646,39.8067],[-83.3603,39.8065],[-83.3565,39.8031],[-83.3508,39.8031],[-83.3483,39.8016],[-83.3373,39.7993],[-83.3344,39.7999],[-83.3352,39.7972],[-83.3342,39.7883],[-83.331,39.7867],[-83.3277,39.7865],[-83.3276,39.7844],[-83.326,39.7809],[-83.3278,39.7785],[-83.3276,39.7763],[-83.3308,39.7735],[-83.3305,39.7722],[-83.3299,39.7714],[-83.3281,39.7715],[-83.3275,39.7707],[-83.3254,39.7713],[-83.325,39.7703],[-83.3264,39.7679],[-83.3225,39.7669],[-83.3221,39.7655],[-83.3207,39.7643],[-83.3138,39.7621],[-83.3126,39.7608],[-83.3125,39.7601],[-83.3143,39.7593],[-83.3151,39.758],[-83.3158,39.7549],[-83.3137,39.7536],[-83.3095,39.7538],[-83.3063,39.7522],[-83.3022,39.7534],[-83.3008,39.7565],[-83.2986,39.756],[-83.2961,39.7567],[-83.2937,39.7583],[-83.2918,39.7582],[-83.2899,39.7573],[-83.2864,39.7591],[-83.2876,39.7602],[-83.2872,39.7615],[-83.284,39.7623],[-83.2837,39.7636],[-83.2824,39.7644],[-83.2837,39.7656],[-83.282,39.7665],[-83.2812,39.7679],[-83.2816,39.7692],[-83.2834,39.7692],[-83.2844,39.7707],[-83.2832,39.7714],[-83.2823,39.7732],[-83.2806,39.7746],[-83.2841,39.7764],[-83.2834,39.7784],[-83.2836,39.7819],[-83.2825,39.7841],[-83.2828,39.7862],[-83.2837,39.7873],[-83.2832,39.7899],[-83.2845,39.7903],[-83.2851,39.7917],[-83.2868,39.7926],[-83.2871,39.7985],[-83.285,39.7995],[-83.2813,39.8038],[-83.2808,39.8057],[-83.281,39.8085],[-83.2816,39.809],[-83.2791,39.8117],[-83.2811,39.8143],[-83.2806,39.8152],[-83.2844,39.816],[-83.2844,39.8187],[-83.2831,39.8192],[-83.2814,39.8187],[-83.2793,39.8237],[-83.2782,39.8241],[-83.2788,39.8269],[-83.2775,39.8291],[-83.2783,39.8305],[-83.2776,39.8309],[-83.2772,39.8327],[-83.2781,39.8344],[-83.2777,39.8362],[-83.2783,39.8369],[-83.2836,39.8385],[-83.2863,39.838],[-83.2891,39.8388],[-83.291,39.8384],[-83.2933,39.8392],[-83.2961,39.8391],[-83.2976,39.8373],[-83.2983,39.8352],[-83.2997,39.8345],[-83.3039,39.8347],[-83.3113,39.8363],[-83.3114,39.8382],[-83.3118,39.8392],[-83.3134,39.8393],[-83.3134,39.8413],[-83.3118,39.8421],[-83.3118,39.8446],[-83.3097,39.8447],[-83.3092,39.8499],[-83.3134,39.8502],[-83.313,39.8515],[-83.3138,39.8528],[-83.3136,39.8537],[-83.315,39.8552],[-83.3149,39.8568],[-83.3138,39.8574]]]},"properties":{"objectid":17704,"tnmid":"{DA0E08ED-F237-4279-BD49-F858CAD387D1}","metasourceid":"{511D2AC8-11BA-45FC-AB98-F69D693D4C44}","sourcedatadesc":"Watershed Boundary Dataset (WBD)","sourceoriginator":"Natural Resources and Conservation Service and U.S. Geological Survey","sourcefeatureid":null,"loaddate":1723704945000,"referencegnis_ids":"1047209,1039647","areaacres":20824.19,"areasqkm":84.27,"states":"OH","huc12":"050600020106","name":"Turkey Run-Deer Creek","hutype":"S","humod":"TF","tohuc":"050600020204","noncontributingareaacres":0,"noncontributingareasqkm":0,"globalid":"{B481470D-E29C-11E2-8094-0021280458E6}","shape_Length":104872.91626065393,"shape_Area":143075835.03561464}},{"type":"Feature","id":17707,"geometry":{"type":"Polygon","coordinates":[[[-83.3122,39.8574],[-83.3148,39.8569],[-83.315,39.8552],[-83.3136,39.8537],[-83.3133,39.8501],[-83.3092,39.8499],[-83.3097,39.8447],[-83.3118,39.8446],[-83.3118,39.8421],[-83.3134,39.8413],[-83.3134,39.8393],[-83.3118,39.8392],[-83.3114,39.8382],[-83.3113,39.8363],[-83.3039,39.8347],[-83.2997,39.8345],[-83.2983,39.8352],[-83.2962,39.839],[-83.2941,39.8392],[-83.291,39.8384],[-83.2891,39.8388],[-83.2863,39.838],[-83.2836,39.8385],[-83.2778,39.8365],[-83.2781,39.8344],[-83.2772,39.8327],[-83.2776,39.8309],[-83.2783,39.8305],[-83.2775,39.8291],[-83.2788,39.8269],[-83.2782,39.8241],[-83.2793,39.8237],[-83.2814,39.8187],[-83.2831,39.8192],[-83.2844,39.8187],[-83.2844,39.816],[-83.2806,39.8152],[-83.2811,39.8143],[-83.2791,39.8113],[-83.2816,39.809],[-83.281,39.8085],[-83.2808,39.8057],[-83.2814,39.8033],[-83.285,39.7995],[-83.2871,39.7985],[-83.2872,39.7937],[-83.2868,39.7926],[-83.2851,39.7917],[-83.2845,39.7903],[-83.2834,39.7902],[-83.2832,39.7891],[-83.2806,39.7871],[-83.2776,39.786],[-83.2732,39.7873],[-83.2679,39.7855],[-83.2664,39.7826],[-83.2663,39.7811],[-83.267,39.7797],[-83.2656,39.7751],[-83.2639,39.7715],[-83.2607,39.7712],[-83.2593,39.7653],[-83.2582,39.7637],[-83.2599,39.7601],[-83.2587,39.7543],[-83.2557,39.7524],[-83.2554,39.7497],[-83.2567,39.7482],[-83.2509,39.7466],[-83.2455,39.7432],[-83.2428,39.7425],[-83.2412,39.7426],[-83.2408,39.7437],[-83.2366,39.7463],[-83.2328,39.7445],[-83.2308,39.7474],[-83.2267,39.7472],[-83.2254,39.7477],[-83.2241,39.7489],[-83.224,39.7527],[-83.2277,39.7596],[-83.2286,39.7645],[-83.2322,39.7743],[-83.231,39.7764],[-83.2287,39.7761],[-83.2278,39.7767],[-83.229,39.778],[-83.2279,39.7787],[-83.2273,39.7809],[-83.2237,39.7815],[-83.2235,39.7826],[-83.2219,39.7838],[-83.2223,39.7984],[-83.2205,39.8075],[-83.2218,39.8092],[-83.222,39.8106],[-83.2284,39.8163],[-83.2276,39.8176],[-83.2246,39.8199],[-83.2249,39.8215],[-83.2264,39.8227],[-83.2276,39.8222],[-83.2354,39.8236],[-83.2353,39.8255],[-83.2368,39.8276],[-83.2354,39.8295],[-83.2373,39.8315],[-83.2379,39.8369],[-83.2411,39.8421],[-83.2413,39.8462],[-83.2432,39.8471],[-83.2433,39.8486],[-83.2451,39.8489],[-83.2452,39.8516],[-83.2478,39.8527],[-83.2509,39.8524],[-83.2549,39.8529],[-83.2566,39.8522],[-83.2611,39.8536],[-83.271,39.854],[-83.2853,39.8507],[-83.2863,39.851],[-83.2866,39.852],[-83.2877,39.8526],[-83.2909,39.8525],[-83.2935,39.8537],[-83.2979,39.8538],[-83.3003,39.8574],[-83.3044,39.8572],[-83.306,39.8556],[-83.3122,39.8574]]]},"properties":{"objectid":17707,"tnmid":"{47BDDE01-DAE6-4084-A0A4-2929CAFA75C5}","metasourceid":"{511D2AC8-11BA-45FC-AB98-F69D693D4C44}","sourcedatadesc":"Watershed Boundary Dataset (WBD)","sourceoriginator":"Natural Resources and Conservation Service and U.S. Geological Survey","sourcefeatureid":null,"loaddate":1723704945000,"referencegnis_ids":"1070880","areaacres":12483.26,"areasqkm":50.52,"states":"OH","huc12":"050600020203","name":"Opossum Run","hutype":"S","humod":"TF","tohuc":"050600020204","noncontributingareaacres":0,"noncontributingareasqkm":0,"globalid":"{B4819CAD-E29C-11E2-8094-0021280458E6}","shape_Length":57418.438547532154,"shape_Area":85706199.32166447}},{"type":"Feature","id":17834,"geometry":{"type":"Polygon","coordinates":[[[-82.6913,40.2064],[-82.6903,40.2093],[-82.691,40.2107],[-82.6908,40.2151],[-82.6925,40.2202],[-82.6947,40.2235],[-82.6945,40.2244],[-82.6961,40.2255],[-82.6997,40.2237],[-82.7045,40.2174],[-82.7116,40.2104],[-82.7128,40.21],[-82.7156,40.2118],[-82.7152,40.2177],[-82.7229,40.2186],[-82.7328,40.2182],[-82.7369,40.2212],[-82.7413,40.2221],[-82.7423,40.222],[-82.743,40.2199],[-82.7406,40.2166],[-82.7405,40.214],[-82.7396,40.2124],[-82.7399,40.2081],[-82.737,40.1993],[-82.737,40.197],[-82.7386,40.1955],[-82.7387,40.1934],[-82.7377,40.1912],[-82.7346,40.1885],[-82.7365,40.1851],[-82.7343,40.1843],[-82.7336,40.1834],[-82.7351,40.1804],[-82.7381,40.1779],[-82.7394,40.1754],[-82.7422,40.1736],[-82.7444,40.1711],[-82.745,40.1692],[-82.7373,40.1645],[-82.7365,40.1616],[-82.7296,40.1596],[-82.7287,40.1588],[-82.7268,40.1589],[-82.7257,40.157],[-82.7272,40.1555],[-82.7263,40.1535],[-82.7284,40.1528],[-82.7268,40.1513],[-82.731,40.1488],[-82.7319,40.1471],[-82.7341,40.1453],[-82.7342,40.1438],[-82.7363,40.1424],[-82.7362,40.14],[-82.7351,40.1393],[-82.7353,40.1367],[-82.7317,40.136],[-82.7311,40.1353],[-82.7316,40.1343],[-82.7347,40.1335],[-82.7355,40.1327],[-82.7333,40.1307],[-82.7301,40.13],[-82.7278,40.1285],[-82.7266,40.1268],[-82.726,40.1246],[-82.7245,40.1232],[-82.7243,40.1218],[-82.7225,40.1207],[-82.721,40.1173],[-82.7146,40.1112],[-82.7152,40.1107],[-82.7147,40.1099],[-82.7092,40.1084],[-82.7076,40.1073],[-82.7095,40.1061],[-82.7117,40.1033],[-82.712,40.0999],[-82.7129,40.0986],[-82.712,40.0983],[-82.7111,40.0966],[-82.7086,40.0954],[-82.7062,40.0953],[-82.7032,40.0927],[-82.7021,40.0908],[-82.7008,40.0907],[-82.6982,40.089],[-82.6967,40.0856],[-82.6931,40.0824],[-82.6914,40.0846],[-82.6924,40.0869],[-82.6907,40.0873],[-82.6893,40.0886],[-82.6871,40.0881],[-82.685,40.0913],[-82.6841,40.0917],[-82.6824,40.0913],[-82.681,40.0922],[-82.6799,40.0921],[-82.6789,40.0931],[-82.6773,40.0929],[-82.6731,40.0944],[-82.6712,40.094],[-82.6701,40.0957],[-82.6685,40.0967],[-82.6655,40.0975],[-82.6639,40.1],[-82.6622,40.1006],[-82.6596,40.1043],[-82.6567,40.1051],[-82.6564,40.1082],[-82.6554,40.1083],[-82.6546,40.1093],[-82.6507,40.1113],[-82.6474,40.1147],[-82.6456,40.1147],[-82.6403,40.1169],[-82.6398,40.1177],[-82.6415,40.1197],[-82.641,40.1221],[-82.6428,40.1223],[-82.6433,40.1237],[-82.6445,40.1244],[-82.6443,40.1262],[-82.6454,40.1281],[-82.6463,40.1285],[-82.6437,40.1307],[-82.6439,40.1313],[-82.6465,40.1319],[-82.6503,40.1344],[-82.6526,40.1366],[-82.6528,40.138],[-82.6547,40.1385],[-82.657,40.1402],[-82.6572,40.142],[-82.659,40.1423],[-82.6599,40.1433],[-82.6608,40.1457],[-82.6636,40.1486],[-82.6633,40.1541],[-82.664,40.1546],[-82.671,40.155],[-82.6759,40.1551],[-82.6779,40.1543],[-82.6796,40.1548],[-82.681,40.1562],[-82.6808,40.1623],[-82.6816,40.1652],[-82.6846,40.1687],[-82.6846,40.1697],[-82.6907,40.1725],[-82.6908,40.1737],[-82.692,40.1751],[-82.6921,40.1767],[-82.6937,40.1783],[-82.6933,40.1789],[-82.6944,40.1792],[-82.6943,40.1806],[-82.6952,40.1817],[-82.6948,40.1823],[-82.697,40.1852],[-82.6947,40.1885],[-82.6949,40.1896],[-82.6934,40.1903],[-82.6922,40.192],[-82.6925,40.1966],[-82.6912,40.1975],[-82.6917,40.1991],[-82.6932,40.2005],[-82.6916,40.203],[-82.6913,40.2064]]]},"properties":{"objectid":17834,"tnmid":"{760E0A37-479F-4276-8AD9-E02AF591C200}","metasourceid":"{511D2AC8-11BA-45FC-AB98-F69D693D4C44}","sourcedatadesc":"Watershed Boundary Dataset (WBD)","sourceoriginator":"Natural Resources and Conservation Service and U.S. Geological Survey","sourcefeatureid":null,"loaddate":1723704945000,"referencegnis_ids":"1057942","areaacres":17286.3,"areasqkm":69.96,"states":"OH","huc12":"050400060301","name":"Headwaters Raccoon Creek","hutype":"S","humod":"TF","tohuc":"050400060303","noncontributingareaacres":0,"noncontributingareasqkm":0,"globalid":"{B3B5E842-E29C-11E2-8094-0021280458E6}","shape_Length":65267.12718832172,"shape_Area":119875280.674353}},{"type":"Feature","id":17835,"geometry":{"type":"Polygon","coordinates":[[[-82.7456,40.0546],[-82.7477,40.0547],[-82.7478,40.052],[-82.7538,40.0508],[-82.7554,40.0474],[-82.7604,40.0449],[-82.7621,40.0418],[-82.7622,40.0387],[-82.7577,40.0325],[-82.7598,40.0302],[-82.7576,40.0284],[-82.7571,40.0262],[-82.759,40.0224],[-82.7593,40.0182],[-82.7554,40.0139],[-82.7529,40.0142],[-82.7505,40.0128],[-82.7504,40.0089],[-82.7488,40.0078],[-82.7483,40.006],[-82.7442,40.0041],[-82.7371,39.9991],[-82.7337,39.9959],[-82.7292,39.9891],[-82.7277,39.9851],[-82.7254,39.983],[-82.7211,39.9828],[-82.7176,39.9798],[-82.7154,39.9796],[-82.7112,39.9771],[-82.708,39.9767],[-82.7069,39.9775],[-82.7026,39.9767],[-82.6976,39.9789],[-82.695,39.9773],[-82.6921,39.9791],[-82.6927,39.9813],[-82.691,39.9829],[-82.6888,39.982],[-82.6857,39.9825],[-82.6822,39.9839],[-82.6792,39.988],[-82.6771,39.9886],[-82.6737,39.9886],[-82.671,39.9905],[-82.6706,39.9915],[-82.6742,39.9942],[-82.6775,39.9956],[-82.68,39.9957],[-82.6795,39.9977],[-82.6828,40.0002],[-82.6821,40.003],[-82.6829,40.0076],[-82.6823,40.0079],[-82.6824,40.0099],[-82.6838,40.0131],[-82.6846,40.0135],[-82.6843,40.015],[-82.6868,40.015],[-82.688,40.0165],[-82.6901,40.0168],[-82.6929,40.0204],[-82.6928,40.0224],[-82.6948,40.0226],[-82.6948,40.0238],[-82.6969,40.0276],[-82.6996,40.0276],[-82.7002,40.0285],[-82.7047,40.03],[-82.7035,40.0312],[-82.7054,40.0341],[-82.7069,40.0335],[-82.7084,40.0348],[-82.7111,40.0337],[-82.7136,40.0352],[-82.7141,40.0363],[-82.7184,40.0368],[-82.72,40.0418],[-82.7225,40.042],[-82.7235,40.0443],[-82.7257,40.0457],[-82.7288,40.0461],[-82.7293,40.0477],[-82.7304,40.0485],[-82.7342,40.0477],[-82.7386,40.0478],[-82.7411,40.0508],[-82.741,40.0536],[-82.7425,40.0546],[-82.7456,40.0546]]]},"properties":{"objectid":17835,"tnmid":"{F6FBAB8D-39DF-4B3E-AFC2-8DEFEEE86EC2}","metasourceid":"{511D2AC8-11BA-45FC-AB98-F69D693D4C44}","sourcedatadesc":"Watershed Boundary Dataset (WBD)","sourceoriginator":"Natural Resources and Conservation Service and U.S. Geological Survey","sourcefeatureid":null,"loaddate":1723704945000,"referencegnis_ids":"1043715","areaacres":8969.02,"areasqkm":36.3,"states":"OH","huc12":"050400060401","name":"Muddy Fork","hutype":"M","humod":"TF","tohuc":"050400060402","noncontributingareaacres":0,"noncontributingareasqkm":0,"globalid":"{B3B652DF-E29C-11E2-8094-0021280458E6}","shape_Length":37800.900689144655,"shape_Area":61949233.59137881}},{"type":"Feature","id":68022,"geometry":{"type":"Polygon","coordinates":[[[-83.0054,40.2554],[-83.0054,40.2583],[-83.0033,40.2595],[-83.0054,40.2606],[-83.0064,40.2624],[-83.0088,40.2641],[-83.0101,40.2661],[-83.0111,40.2662],[-83.0121,40.2672],[-83.0121,40.2701],[-83.0129,40.2715],[-83.0076,40.2732],[-83.0058,40.2772],[-83.0098,40.2863],[-83.0053,40.2919],[-83.004,40.2946],[-83.0038,40.2959],[-83.0058,40.2982],[-83.0036,40.3009],[-83.0041,40.3018],[-83.0085,40.3037],[-83.0082,40.3043],[-83.0063,40.305],[-83.0067,40.3077],[-83.0093,40.3079],[-83.0105,40.309],[-83.0243,40.3027],[-83.0248,40.3035],[-83.0273,40.3032],[-83.0357,40.3058],[-83.0434,40.3012],[-83.0462,40.3002],[-83.0586,40.2996],[-83.0622,40.2981],[-83.065,40.2955],[-83.0704,40.2935],[-83.0759,40.2925],[-83.0803,40.2932],[-83.0885,40.293],[-83.0909,40.2946],[-83.094,40.2953],[-83.0943,40.294],[-83.0962,40.2922],[-83.0964,40.2899],[-83.1155,40.286],[-83.1156,40.2846],[-83.1149,40.2837],[-83.1154,40.2829],[-83.115,40.2805],[-83.1131,40.2812],[-83.112,40.2797],[-83.113,40.2788],[-83.1131,40.277],[-83.1153,40.2756],[-83.1143,40.275],[-83.114,40.2738],[-83.1115,40.2712],[-83.1152,40.2702],[-83.1165,40.2686],[-83.1237,40.2689],[-83.1223,40.2668],[-83.1216,40.2623],[-83.1205,40.2612],[-83.1164,40.2601],[-83.1171,40.2528],[-83.1136,40.2445],[-83.1122,40.2352],[-83.1098,40.233],[-83.1103,40.2299],[-83.1063,40.2286],[-83.1055,40.2275],[-83.1008,40.2277],[-83.0992,40.2249],[-83.1018,40.2186],[-83.1091,40.2135],[-83.1102,40.2061],[-83.108,40.1981],[-83.1086,40.1953],[-83.1031,40.1862],[-83.1028,40.1802],[-83.1021,40.179],[-83.0999,40.1786],[-83.0991,40.1728],[-83.0944,40.1724],[-83.0893,40.1706],[-83.0855,40.1709],[-83.0836,40.1697],[-83.079,40.1694],[-83.0749,40.1675],[-83.0741,40.1681],[-83.0738,40.1698],[-83.0716,40.1701],[-83.0665,40.1689],[-83.0609,40.169],[-83.0535,40.1667],[-83.0479,40.1676],[-83.0455,40.1686],[-83.0424,40.1686],[-83.0398,40.1677],[-83.0367,40.1686],[-83.0343,40.1679],[-83.0231,40.1685],[-83.0227,40.1676],[-83.0206,40.1673],[-83.0198,40.1648],[-83.017,40.1627],[-83.0147,40.1621],[-83.0098,40.1631],[-83.0084,40.1621],[-83.0077,40.1598],[-83.0069,40.1597],[-83.0076,40.1696],[-83.0061,40.1734],[-83.0076,40.1768],[-83.0051,40.1793],[-83.002,40.1809],[-83.0014,40.1821],[-83.0018,40.184],[-82.9977,40.1894],[-82.9983,40.1897],[-82.9988,40.1913],[-83.0032,40.1918],[-83.006,40.1934],[-83.004,40.1958],[-82.9997,40.1991],[-83.0017,40.2045],[-83.0011,40.2072],[-83.002,40.2155],[-83.0033,40.2197],[-83.0052,40.2219],[-83.0089,40.2209],[-83.0104,40.2216],[-83.0103,40.2239],[-83.0117,40.2276],[-83.0134,40.2517],[-83.0054,40.2554]]]},"properties":{"objectid":68022,"tnmid":"{032A524D-C212-49E8-B9D2-790201DD5BC1}","metasourceid":"{511D2AC8-11BA-45FC-AB98-F69D693D4C44}","sourcedatadesc":"Watershed Boundary Dataset (WBD)","sourceoriginator":"Natural Resources and Conservation Service and U.S. Geological Survey","sourcefeatureid":null,"loaddate":1723704945000,"referencegnis_ids":"1039643,1066873","areaacres":31301.86,"areasqkm":126.67,"states":"OH","huc12":"050600011101","name":"Deep Run-Olentangy River","hutype":"S","humod":"TF","tohuc":"050600011102","noncontributingareaacres":0,"noncontributingareasqkm":0,"globalid":"{B431D682-E29C-11E2-8094-0021280458E6}","shape_Length":73578.4160023715,"shape_Area":217600806.31606728}},{"type":"Feature","id":68207,"geometry":{"type":"Polygon","coordinates":[[[-83.1417,40.1624],[-83.1405,40.1666],[-83.1321,40.1698],[-83.1314,40.1723],[-83.1349,40.1734],[-83.1361,40.1745],[-83.1384,40.1788],[-83.1397,40.18],[-83.1398,40.1823],[-83.1454,40.1831],[-83.1476,40.1869],[-83.1475,40.1895],[-83.1494,40.1933],[-83.153,40.1946],[-83.1564,40.2001],[-83.1595,40.2066],[-83.1594,40.2101],[-83.1617,40.2139],[-83.1621,40.2178],[-83.1679,40.2225],[-83.1691,40.2253],[-83.1715,40.2242],[-83.1748,40.2165],[-83.1793,40.2121],[-83.1833,40.2098],[-83.1879,40.2081],[-83.1878,40.2071],[-83.1885,40.2065],[-83.196,40.2056],[-83.2005,40.2021],[-83.2067,40.1995],[-83.2113,40.1994],[-83.2151,40.1963],[-83.2223,40.1962],[-83.2251,40.19],[-83.2254,40.1887],[-83.2242,40.187],[-83.2242,40.1828],[-83.2227,40.1813],[-83.2236,40.1807],[-83.2232,40.1768],[-83.2182,40.1703],[-83.2176,40.162],[-83.2185,40.1606],[-83.2182,40.1599],[-83.2161,40.1601],[-83.2139,40.1615],[-83.2105,40.1605],[-83.2071,40.1614],[-83.2063,40.1603],[-83.2038,40.1597],[-83.2022,40.1568],[-83.196,40.1574],[-83.1945,40.1566],[-83.1877,40.1569],[-83.1856,40.158],[-83.1784,40.1558],[-83.178,40.1546],[-83.1757,40.1532],[-83.1742,40.1531],[-83.1732,40.1518],[-83.171,40.1505],[-83.1699,40.1545],[-83.1703,40.157],[-83.1661,40.1599],[-83.1643,40.1598],[-83.1636,40.1588],[-83.1593,40.1576],[-83.1585,40.1581],[-83.1582,40.1593],[-83.1561,40.16],[-83.1554,40.1623],[-83.1458,40.1632],[-83.1417,40.1624]]]},"properties":{"objectid":68207,"tnmid":"{6C3ACB7B-4183-4074-9B82-8769EF3761FB}","metasourceid":"{511D2AC8-11BA-45FC-AB98-F69D693D4C44}","sourcedatadesc":"Watershed Boundary Dataset (WBD)","sourceoriginator":"Natural Resources and Conservation Service and U.S. Geological Survey","sourcefeatureid":null,"loaddate":1723704945000,"referencegnis_ids":"1040287","areaacres":8738.74,"areasqkm":35.36,"states":"OH","huc12":"050600011201","name":"Eversole Run","hutype":"S","humod":"TF","tohuc":"050600011202","noncontributingareaacres":0,"noncontributingareasqkm":0,"globalid":"{B4322313-E29C-11E2-8094-0021280458E6}","shape_Length":37067.08843527127,"shape_Area":60657432.704959564}},{"type":"Feature","id":68209,"geometry":{"type":"Polygon","coordinates":[[[-83.171,40.1505],[-83.1732,40.1518],[-83.1742,40.1531],[-83.1757,40.1532],[-83.178,40.1546],[-83.1781,40.1556],[-83.1811,40.157],[-83.1858,40.158],[-83.1877,40.1569],[-83.1945,40.1566],[-83.196,40.1574],[-83.2021,40.1568],[-83.2038,40.1597],[-83.2063,40.1603],[-83.2071,40.1614],[-83.2105,40.1605],[-83.211,40.1601],[-83.2111,40.1582],[-83.2123,40.157],[-83.2124,40.154],[-83.2142,40.1514],[-83.2143,40.1483],[-83.217,40.1466],[-83.2188,40.1432],[-83.2226,40.1405],[-83.2185,40.1343],[-83.2184,40.1301],[-83.2193,40.1258],[-83.2174,40.124],[-83.2187,40.1223],[-83.2198,40.1186],[-83.2229,40.1157],[-83.1937,40.0887],[-83.1851,40.0946],[-83.18,40.1],[-83.1762,40.1001],[-83.1754,40.1016],[-83.1612,40.0989],[-83.152,40.0985],[-83.146,40.0966],[-83.1392,40.0958],[-83.1318,40.0975],[-83.1276,40.0971],[-83.1214,40.0976],[-83.117,40.1014],[-83.1137,40.1018],[-83.1125,40.1034],[-83.1181,40.1044],[-83.118,40.1061],[-83.1194,40.1083],[-83.1205,40.1128],[-83.123,40.1148],[-83.1227,40.1163],[-83.1237,40.1199],[-83.1235,40.1228],[-83.1244,40.1241],[-83.1242,40.126],[-83.1254,40.1265],[-83.131,40.1244],[-83.133,40.1279],[-83.1327,40.1292],[-83.1336,40.1315],[-83.1358,40.1339],[-83.1407,40.1348],[-83.1443,40.1391],[-83.1476,40.1385],[-83.1534,40.1389],[-83.1566,40.1428],[-83.1647,40.1466],[-83.1663,40.1487],[-83.169,40.1503],[-83.171,40.1505]]]},"properties":{"objectid":68209,"tnmid":"{9CF2BDD7-E793-473B-BE61-1B877F22E276}","metasourceid":"{511D2AC8-11BA-45FC-AB98-F69D693D4C44}","sourcedatadesc":"Watershed Boundary Dataset (WBD)","sourceoriginator":"Natural Resources and Conservation Service and U.S. Geological Survey","sourcefeatureid":null,"loaddate":1723704945000,"referencegnis_ids":"1041969","areaacres":11085.24,"areasqkm":44.86,"states":"OH","huc12":"050600011203","name":"Indian Run","hutype":"S","humod":"TF","tohuc":"050600011204","noncontributingareaacres":0,"noncontributingareasqkm":0,"globalid":"{B43258DB-E29C-11E2-8094-0021280458E6}","shape_Length":40279.019363800995,"shape_Area":76811173.53801331}},{"type":"Feature","id":68218,"geometry":{"type":"Polygon","coordinates":[[[-82.7598,40.1753],[-82.7646,40.1753],[-82.7741,40.1768],[-82.7795,40.1744],[-82.7859,40.1676],[-82.7891,40.1685],[-82.7929,40.1671],[-82.7983,40.1674],[-82.8003,40.1664],[-82.8012,40.165],[-82.8065,40.1665],[-82.8085,40.1661],[-82.8096,40.1675],[-82.8136,40.1689],[-82.8226,40.1699],[-82.8292,40.169],[-82.833,40.1671],[-82.8371,40.1664],[-82.8417,40.1629],[-82.8442,40.162],[-82.8498,40.1614],[-82.852,40.1623],[-82.8541,40.1621],[-82.8569,40.1595],[-82.8575,40.1559],[-82.8598,40.1537],[-82.8642,40.1533],[-82.8677,40.1507],[-82.8707,40.1504],[-82.8738,40.1487],[-82.8735,40.1451],[-82.8709,40.1433],[-82.8682,40.143],[-82.8664,40.1441],[-82.8641,40.1442],[-82.8627,40.143],[-82.8581,40.1419],[-82.8567,40.1403],[-82.858,40.1383],[-82.8582,40.1367],[-82.8564,40.133],[-82.8521,40.1295],[-82.8489,40.1299],[-82.8429,40.1342],[-82.8392,40.1342],[-82.8341,40.1364],[-82.8329,40.1364],[-82.8313,40.1349],[-82.8285,40.1342],[-82.8269,40.1323],[-82.8222,40.1324],[-82.8211,40.1335],[-82.8209,40.1394],[-82.8203,40.1411],[-82.814,40.1435],[-82.8095,40.1443],[-82.8084,40.1457],[-82.8059,40.1468],[-82.8027,40.1468],[-82.8013,40.1456],[-82.7977,40.1449],[-82.7921,40.1455],[-82.7884,40.144],[-82.7856,40.142],[-82.7836,40.1422],[-82.7818,40.1409],[-82.7804,40.1419],[-82.7756,40.1416],[-82.769,40.1395],[-82.7654,40.1398],[-82.7625,40.1378],[-82.7635,40.1356],[-82.7633,40.1341],[-82.7606,40.1357],[-82.7562,40.1346],[-82.7533,40.1314],[-82.7517,40.1306],[-82.7495,40.1271],[-82.743,40.1199],[-82.7399,40.1191],[-82.7357,40.1164],[-82.7347,40.1146],[-82.7351,40.113],[-82.7344,40.1123],[-82.7352,40.1114],[-82.735,40.1096],[-82.7321,40.109],[-82.7307,40.1075],[-82.727,40.106],[-82.7218,40.1027],[-82.7189,40.1034],[-82.7175,40.103],[-82.7157,40.1009],[-82.7158,40.1002],[-82.7129,40.0986],[-82.712,40.0999],[-82.7117,40.1033],[-82.7095,40.1061],[-82.7076,40.1073],[-82.7092,40.1084],[-82.7147,40.1099],[-82.7152,40.1107],[-82.7146,40.1112],[-82.721,40.1173],[-82.7225,40.1207],[-82.7243,40.1218],[-82.7245,40.1232],[-82.726,40.1246],[-82.7266,40.1268],[-82.7278,40.1285],[-82.7301,40.13],[-82.7333,40.1307],[-82.7355,40.1327],[-82.7347,40.1335],[-82.7316,40.1343],[-82.7311,40.1353],[-82.7317,40.136],[-82.7353,40.1367],[-82.7351,40.1393],[-82.7362,40.14],[-82.7363,40.1424],[-82.7342,40.1438],[-82.7341,40.1453],[-82.7319,40.1471],[-82.731,40.1488],[-82.7268,40.1513],[-82.7284,40.1528],[-82.7263,40.1535],[-82.7272,40.1555],[-82.7258,40.1569],[-82.7259,40.1576],[-82.7268,40.1589],[-82.7287,40.1588],[-82.7296,40.1596],[-82.7365,40.1616],[-82.7373,40.1645],[-82.745,40.1692],[-82.7483,40.1694],[-82.7497,40.1712],[-82.7544,40.1714],[-82.7587,40.1728],[-82.7597,40.1735],[-82.7598,40.1753]]]},"properties":{"objectid":68218,"tnmid":"{1529CD2B-A51A-4009-9F17-F364301C0C0D}","metasourceid":"{511D2AC8-11BA-45FC-AB98-F69D693D4C44}","sourcedatadesc":"Watershed Boundary Dataset (WBD)","sourceoriginator":"Natural Resources and Conservation Service and U.S. Geological Survey","sourcefeatureid":null,"loaddate":1723704945000,"referencegnis_ids":"1065985","areaacres":10743.43,"areasqkm":43.48,"states":"OH","huc12":"050600011307","name":"Duncan Run","hutype":"S","humod":"RS,TF","tohuc":"050600011308","noncontributingareaacres":0,"noncontributingareasqkm":0,"globalid":"{B4334C79-E29C-11E2-8094-0021280458E6}","shape_Length":59498.699576520776,"shape_Area":74497497.54222183}},{"type":"Feature","id":68221,"geometry":{"type":"Polygon","coordinates":[[[-82.8508,40.1072],[-82.8525,40.109],[-82.8519,40.1104],[-82.8533,40.1124],[-82.8609,40.1156],[-82.8647,40.1135],[-82.87,40.1135],[-82.872,40.1097],[-82.8778,40.1078],[-82.8886,40.1088],[-82.8887,40.1063],[-82.89,40.1043],[-82.8899,40.0988],[-82.8939,40.0977],[-82.8966,40.0948],[-82.8969,40.0913],[-82.9005,40.0867],[-82.9083,40.0821],[-82.908,40.0785],[-82.9112,40.0756],[-82.9118,40.0744],[-82.9102,40.0708],[-82.9104,40.0655],[-82.9086,40.0613],[-82.914,40.0562],[-82.9143,40.047],[-82.9138,40.0439],[-82.9156,40.0431],[-82.9142,40.0391],[-82.9102,40.0372],[-82.9079,40.0375],[-82.9049,40.0366],[-82.9029,40.0358],[-82.902,40.0346],[-82.9011,40.0292],[-82.902,40.0258],[-82.9014,40.0187],[-82.8999,40.0141],[-82.8978,40.0116],[-82.8952,40.0112],[-82.8883,40.0138],[-82.8819,40.0111],[-82.8783,40.0125],[-82.8756,40.0122],[-82.8769,40.0179],[-82.8745,40.0274],[-82.8755,40.0291],[-82.8747,40.03],[-82.8739,40.0333],[-82.8686,40.0413],[-82.8643,40.0424],[-82.8606,40.0459],[-82.8518,40.0518],[-82.8512,40.0545],[-82.8513,40.0583],[-82.8504,40.0618],[-82.8529,40.0655],[-82.853,40.0699],[-82.855,40.0714],[-82.8581,40.0756],[-82.8564,40.0787],[-82.8565,40.082],[-82.8556,40.0846],[-82.8514,40.0915],[-82.8523,40.0931],[-82.8561,40.0954],[-82.8555,40.1021],[-82.8545,40.1031],[-82.8498,40.1039],[-82.8496,40.1049],[-82.8508,40.1072]]]},"properties":{"objectid":68221,"tnmid":"{CBDE6297-F745-45C1-9346-B1DC8FE1E1A8}","metasourceid":"{511D2AC8-11BA-45FC-AB98-F69D693D4C44}","sourcedatadesc":"Watershed Boundary Dataset (WBD)","sourceoriginator":"Natural Resources and Conservation Service and U.S. Geological Survey","sourcefeatureid":null,"loaddate":1723704945000,"referencegnis_ids":"2394837,1066576","areaacres":10182.99,"areasqkm":41.21,"states":"OH","huc12":"050600011502","name":"City of Gahanna-Big Walnut Creek","hutype":"S","humod":"DM","tohuc":"050600011505","noncontributingareaacres":0,"noncontributingareasqkm":0,"globalid":"{B43402A3-E29C-11E2-8094-0021280458E6}","shape_Length":41553.35291552452,"shape_Area":70438860.27730806}},{"type":"Feature","id":68222,"geometry":{"type":"Polygon","coordinates":[[[-82.7129,40.0986],[-82.7158,40.1002],[-82.7157,40.1009],[-82.7175,40.103],[-82.7189,40.1034],[-82.7218,40.1027],[-82.727,40.106],[-82.7307,40.1075],[-82.7321,40.109],[-82.735,40.1096],[-82.7352,40.1114],[-82.7344,40.1123],[-82.7351,40.113],[-82.7347,40.1146],[-82.7356,40.1163],[-82.7382,40.1184],[-82.743,40.1199],[-82.7495,40.1271],[-82.7517,40.1306],[-82.7533,40.1314],[-82.7562,40.1346],[-82.7606,40.1357],[-82.7639,40.1338],[-82.7663,40.1305],[-82.7682,40.1292],[-82.7694,40.1265],[-82.7691,40.1242],[-82.7714,40.1176],[-82.7728,40.1161],[-82.773,40.1136],[-82.7744,40.1113],[-82.7741,40.1094],[-82.7753,40.1075],[-82.7791,40.1043],[-82.7786,40.1024],[-82.7803,40.0969],[-82.7813,40.0961],[-82.7828,40.0959],[-82.7837,40.0935],[-82.7857,40.0932],[-82.7868,40.092],[-82.7877,40.0847],[-82.7895,40.0798],[-82.7865,40.0766],[-82.7867,40.0755],[-82.7935,40.0694],[-82.7979,40.0669],[-82.8007,40.0665],[-82.802,40.0645],[-82.8036,40.0637],[-82.8048,40.0576],[-82.8041,40.056],[-82.8056,40.0553],[-82.8085,40.0559],[-82.81,40.0546],[-82.8103,40.0533],[-82.8095,40.0478],[-82.8114,40.0435],[-82.812,40.0433],[-82.8142,40.0351],[-82.8157,40.034],[-82.8147,40.0314],[-82.8154,40.03],[-82.8145,40.0249],[-82.815,40.023],[-82.8148,40.0208],[-82.8153,40.018],[-82.8174,40.015],[-82.8173,40.0135],[-82.8213,40.0093],[-82.8299,40.0074],[-82.8289,40.0049],[-82.8291,40.0038],[-82.835,40],[-82.8383,39.9961],[-82.8382,39.9945],[-82.8366,39.9916],[-82.8329,39.9912],[-82.834,39.9901],[-82.8372,39.9891],[-82.8379,39.9877],[-82.8313,39.9813],[-82.83,39.9769],[-82.8281,39.9748],[-82.8239,39.9654],[-82.8233,39.9646],[-82.8216,39.9641],[-82.8218,39.9596],[-82.8175,39.956],[-82.8177,39.9541],[-82.8169,39.9524],[-82.817,39.9473],[-82.8138,39.946],[-82.8128,39.9449],[-82.8115,39.9387],[-82.8095,39.9371],[-82.8089,39.935],[-82.8041,39.9334],[-82.8016,39.9316],[-82.8018,39.9302],[-82.7976,39.9285],[-82.7976,39.9261],[-82.7967,39.9238],[-82.793,39.9198],[-82.7838,39.9186],[-82.7811,39.9175],[-82.7785,39.9178],[-82.776,39.9182],[-82.7703,39.9212],[-82.7598,39.9243],[-82.7565,39.9261],[-82.7557,39.9295],[-82.7519,39.932],[-82.7499,39.936],[-82.746,39.937],[-82.7429,39.9394],[-82.7387,39.9407],[-82.7377,39.9442],[-82.7364,39.9451],[-82.737,39.9529],[-82.7352,39.9565],[-82.734,39.9654],[-82.7358,39.9755],[-82.7379,39.9795],[-82.7381,39.9819],[-82.7378,39.9847],[-82.7355,39.9888],[-82.7374,39.99],[-82.7375,39.9908],[-82.7335,39.9955],[-82.7371,39.9991],[-82.746,40.0053],[-82.7483,40.006],[-82.7488,40.0078],[-82.7504,40.0089],[-82.7505,40.0128],[-82.7529,40.0142],[-82.7554,40.0139],[-82.7593,40.0182],[-82.759,40.0224],[-82.7571,40.0262],[-82.7576,40.0284],[-82.7598,40.0302],[-82.7577,40.0325],[-82.762,40.0382],[-82.7623,40.041],[-82.7604,40.0449],[-82.7559,40.047],[-82.7538,40.0508],[-82.7478,40.052],[-82.7477,40.0547],[-82.7456,40.0546],[-82.7454,40.0562],[-82.7474,40.0568],[-82.748,40.0586],[-82.7486,40.0587],[-82.7472,40.0598],[-82.7469,40.0614],[-82.7461,40.062],[-82.7431,40.0611],[-82.7437,40.0626],[-82.7426,40.0639],[-82.744,40.0662],[-82.7429,40.0671],[-82.7444,40.0722],[-82.7441,40.0742],[-82.7422,40.0761],[-82.7428,40.0784],[-82.7405,40.0794],[-82.7397,40.0821],[-82.7379,40.0829],[-82.7379,40.0862],[-82.7363,40.0886],[-82.7365,40.0902],[-82.7352,40.0919],[-82.7329,40.0939],[-82.7287,40.0946],[-82.7271,40.0945],[-82.7253,40.0933],[-82.7218,40.0924],[-82.7144,40.0921],[-82.7111,40.0966],[-82.712,40.0983],[-82.7129,40.0986]]]},"properties":{"objectid":68222,"tnmid":"{ECEAA6A0-63B8-4DF0-A89B-59E42A4A49F4}","metasourceid":"{511D2AC8-11BA-45FC-AB98-F69D693D4C44}","sourcedatadesc":"Watershed Boundary Dataset (WBD)","sourceoriginator":"Natural Resources and Conservation Service and U.S. Geological Survey","sourcefeatureid":null,"loaddate":1723704945000,"referencegnis_ids":"1066588","areaacres":31286.45,"areasqkm":126.61,"states":"OH","huc12":"050600011503","name":"Headwaters Blacklick Creek","hutype":"S","humod":"TF","tohuc":"050600011504","noncontributingareaacres":0,"noncontributingareasqkm":0,"globalid":"{B43420C2-E29C-11E2-8094-0021280458E6}","shape_Length":86410.96715187642,"shape_Area":216100551.93523037}},{"type":"Feature","id":68306,"geometry":{"type":"Polygon","coordinates":[[[-82.8886,40.1088],[-82.888,40.1101],[-82.8886,40.1111],[-82.888,40.1128],[-82.8887,40.1143],[-82.8866,40.1183],[-82.8876,40.1218],[-82.89,40.1225],[-82.8906,40.1255],[-82.8876,40.1271],[-82.8856,40.1304],[-82.887,40.135],[-82.8859,40.1368],[-82.8864,40.1396],[-82.885,40.1415],[-82.884,40.1461],[-82.8849,40.1487],[-82.882,40.1515],[-82.882,40.1535],[-82.8809,40.1553],[-82.8815,40.1579],[-82.8791,40.1604],[-82.8788,40.163],[-82.8907,40.1648],[-82.8984,40.1675],[-82.902,40.1676],[-82.9096,40.1698],[-82.9139,40.1604],[-82.9106,40.1556],[-82.9068,40.1523],[-82.9114,40.1493],[-82.9112,40.1452],[-82.9087,40.1429],[-82.9086,40.1409],[-82.9102,40.1385],[-82.9143,40.1371],[-82.9151,40.1353],[-82.9167,40.1347],[-82.9165,40.1316],[-82.9177,40.1284],[-82.9166,40.1253],[-82.9193,40.1245],[-82.9173,40.1211],[-82.9175,40.1191],[-82.916,40.1169],[-82.9168,40.1158],[-82.916,40.1149],[-82.916,40.1134],[-82.9186,40.1124],[-82.9245,40.1116],[-82.9259,40.1101],[-82.9276,40.1098],[-82.9403,40.1107],[-82.9466,40.1096],[-82.9501,40.1133],[-82.9533,40.1118],[-82.9549,40.112],[-82.9574,40.1151],[-82.9608,40.1171],[-82.9675,40.1147],[-82.9703,40.1176],[-82.9743,40.1151],[-82.9813,40.1158],[-82.9842,40.1166],[-82.9866,40.1192],[-82.9886,40.1253],[-82.99,40.1266],[-82.99,40.1277],[-82.9918,40.1311],[-82.9942,40.1334],[-82.9965,40.1344],[-82.9996,40.1386],[-82.9995,40.1403],[-83.0019,40.1444],[-83.0052,40.1482],[-83.0055,40.1498],[-83.0044,40.1507],[-83.0047,40.1547],[-83.0055,40.1536],[-83.0064,40.1506],[-83.0057,40.139],[-83.0033,40.1262],[-83.0015,40.1222],[-82.9992,40.1204],[-82.9969,40.1172],[-82.9949,40.1093],[-82.9888,40.101],[-82.9849,40.099],[-82.9867,40.0932],[-82.9852,40.0923],[-82.9838,40.086],[-82.9837,40.0771],[-82.9852,40.0744],[-82.979,40.0699],[-82.9774,40.0673],[-82.9792,40.0644],[-82.9777,40.0575],[-82.9782,40.0546],[-82.9771,40.0533],[-82.9768,40.0468],[-82.976,40.0437],[-82.976,40.0382],[-82.9781,40.0321],[-82.9789,40.0276],[-82.9782,40.0228],[-82.976,40.0163],[-82.9757,40.0121],[-82.9748,40.0114],[-82.9722,40.0052],[-82.9716,40.0002],[-82.9702,39.997],[-82.9721,39.9903],[-82.9714,39.9861],[-82.9693,39.9817],[-82.9677,39.975],[-82.9663,39.9723],[-82.9668,39.9686],[-82.9659,39.9643],[-82.9673,39.9626],[-82.9665,39.9619],[-82.9658,39.9556],[-82.9666,39.9516],[-82.9645,39.9457],[-82.9649,39.9426],[-82.9625,39.9416],[-82.9614,39.9391],[-82.9598,39.9378],[-82.9553,39.9311],[-82.9482,39.9284],[-82.9465,39.9254],[-82.9466,39.9191],[-82.94,39.9186],[-82.9376,39.916],[-82.9346,39.9154],[-82.9316,39.9132],[-82.9326,39.9107],[-82.9305,39.9082],[-82.9301,39.9049],[-82.9269,39.8996],[-82.9216,39.895],[-82.9221,39.8894],[-82.9205,39.8883],[-82.9189,39.8857],[-82.9151,39.8852],[-82.9138,39.8815],[-82.9121,39.8803],[-82.907,39.8817],[-82.9072,39.8866],[-82.908,39.8889],[-82.9053,39.8994],[-82.9039,39.9015],[-82.9016,39.9015],[-82.8998,39.9028],[-82.8988,39.9044],[-82.8985,39.9074],[-82.9002,39.9102],[-82.9052,39.9146],[-82.9058,39.9157],[-82.9055,39.9168],[-82.9092,39.9172],[-82.9095,39.9183],[-82.9095,39.9205],[-82.908,39.9258],[-82.9083,39.927],[-82.9093,39.9271],[-82.9101,39.9293],[-82.9131,39.9424],[-82.9096,39.9481],[-82.9083,39.9513],[-82.9102,39.9561],[-82.9101,39.9705],[-82.9126,39.9733],[-82.9213,39.977],[-82.9231,39.9787],[-82.93,39.9805],[-82.9304,39.9857],[-82.929,39.9891],[-82.9296,39.9914],[-82.9309,39.9932],[-82.9302,39.9953],[-82.9303,39.998],[-82.931,39.9991],[-82.9305,40.0002],[-82.9276,40.0012],[-82.927,40.004],[-82.9249,40.0043],[-82.9225,40.0113],[-82.9224,40.0221],[-82.9235,40.0255],[-82.9229,40.0261],[-82.9214,40.0257],[-82.9213,40.0271],[-82.9198,40.0293],[-82.92,40.0329],[-82.9175,40.0376],[-82.9147,40.0395],[-82.9157,40.0432],[-82.9138,40.0439],[-82.9143,40.047],[-82.914,40.0562],[-82.9086,40.0613],[-82.9104,40.0655],[-82.9102,40.0708],[-82.9117,40.0749],[-82.908,40.0785],[-82.9086,40.0809],[-82.9081,40.0824],[-82.9005,40.0867],[-82.8969,40.0913],[-82.8966,40.0948],[-82.8939,40.0977],[-82.8898,40.0989],[-82.89,40.1043],[-82.8887,40.1063],[-82.8886,40.1088]]]},"properties":{"objectid":68306,"tnmid":"{875DB4E2-2BD4-49CD-B270-2B8168B8CB2B}","metasourceid":"{511D2AC8-11BA-45FC-AB98-F69D693D4C44}","sourcedatadesc":"Watershed Boundary Dataset (WBD)","sourceoriginator":"Natural Resources and Conservation Service and U.S. Geological Survey","sourcefeatureid":null,"loaddate":1723704945000,"referencegnis_ids":"1038116,1066550","areaacres":33866.36,"areasqkm":137.05,"states":"OH","huc12":"050600011602","name":"Bliss Run-Alum Creek","hutype":"S","humod":"TF","tohuc":"050600011603","noncontributingareaacres":0,"noncontributingareasqkm":0,"globalid":"{B4348D34-E29C-11E2-8094-0021280458E6}","shape_Length":122344.05336228538,"shape_Area":234073385.71242332}},{"type":"Feature","id":68308,"geometry":{"type":"Polygon","coordinates":[[[-82.9177,40.1983],[-82.9272,40.1987],[-82.9302,40.1975],[-82.932,40.1978],[-82.9338,40.1969],[-82.9366,40.194],[-82.9384,40.1943],[-82.9408,40.1908],[-82.943,40.1907],[-82.9559,40.187],[-82.9647,40.1871],[-82.9682,40.1846],[-82.9705,40.184],[-82.9788,40.1846],[-82.9807,40.1862],[-82.9803,40.1906],[-82.9813,40.1911],[-82.9844,40.1908],[-82.9861,40.1895],[-82.9932,40.1909],[-82.9948,40.1898],[-82.9977,40.1894],[-83,40.1868],[-83.0019,40.1836],[-83.0016,40.1814],[-83.0051,40.1793],[-83.0077,40.1765],[-83.0061,40.1734],[-83.0076,40.1696],[-83.0069,40.1597],[-83.0063,40.1564],[-83.0049,40.155],[-83.0045,40.1537],[-83.0044,40.1507],[-83.0055,40.1492],[-83.0049,40.1478],[-83.0019,40.1444],[-82.9995,40.1403],[-82.9996,40.1386],[-82.9965,40.1344],[-82.9942,40.1334],[-82.9917,40.1309],[-82.9899,40.1275],[-82.99,40.1266],[-82.9886,40.1253],[-82.9868,40.1197],[-82.9849,40.117],[-82.9813,40.1158],[-82.9743,40.1151],[-82.9735,40.1161],[-82.97,40.1176],[-82.9675,40.1147],[-82.9602,40.117],[-82.9574,40.1151],[-82.9549,40.112],[-82.9533,40.1118],[-82.9501,40.1133],[-82.9464,40.1096],[-82.9403,40.1107],[-82.9276,40.1098],[-82.9259,40.1101],[-82.9245,40.1116],[-82.916,40.1133],[-82.916,40.1149],[-82.9168,40.1158],[-82.916,40.1169],[-82.9175,40.1191],[-82.9173,40.1211],[-82.9193,40.1245],[-82.9166,40.1253],[-82.9177,40.1284],[-82.9165,40.1316],[-82.9167,40.1347],[-82.9151,40.1353],[-82.9143,40.1371],[-82.9102,40.1385],[-82.9086,40.1409],[-82.9087,40.1429],[-82.9112,40.1452],[-82.9114,40.1493],[-82.9068,40.1523],[-82.9106,40.1556],[-82.9139,40.1604],[-82.9096,40.1698],[-82.9106,40.1764],[-82.9121,40.1803],[-82.9093,40.1906],[-82.9124,40.1923],[-82.9144,40.1952],[-82.9155,40.1951],[-82.9173,40.1962],[-82.918,40.1972],[-82.9177,40.1983]]]},"properties":{"objectid":68308,"tnmid":"{C7080785-06AE-4DED-AD48-E4ABD1A46162}","metasourceid":"{511D2AC8-11BA-45FC-AB98-F69D693D4C44}","sourcedatadesc":"Watershed Boundary Dataset (WBD)","sourceoriginator":"Natural Resources and Conservation Service and U.S. Geological Survey","sourcefeatureid":null,"loaddate":1723704945000,"referencegnis_ids":"1078923,1057290","areaacres":15814.43,"areasqkm":64,"states":"OH","huc12":"050600011601","name":"Westerville Reservoir-Alum Creek","hutype":"S","humod":"DM,TF","tohuc":"050600011602","noncontributingareaacres":0,"noncontributingareasqkm":0,"globalid":"{B4346EEE-E29C-11E2-8094-0021280458E6}","shape_Length":46679.411425340135,"shape_Area":109679438.35370365}},{"type":"Feature","id":68309,"geometry":{"type":"Polygon","coordinates":[[[-82.6552,39.9405],[-82.6592,39.9415],[-82.6645,39.9399],[-82.6667,39.9413],[-82.6744,39.939],[-82.6763,39.9407],[-82.68,39.9464],[-82.687,39.9471],[-82.6893,39.9467],[-82.6878,39.9446],[-82.6879,39.9423],[-82.6907,39.9407],[-82.6932,39.9365],[-82.6972,39.9323],[-82.6991,39.9272],[-82.7027,39.9231],[-82.7043,39.9188],[-82.7036,39.916],[-82.7051,39.9131],[-82.7066,39.9126],[-82.7017,39.9085],[-82.7006,39.9064],[-82.698,39.9056],[-82.6951,39.9032],[-82.6926,39.8995],[-82.6923,39.8982],[-82.685,39.8946],[-82.682,39.8888],[-82.6796,39.8884],[-82.679,39.8853],[-82.6763,39.8838],[-82.6852,39.8812],[-82.6855,39.8799],[-82.6834,39.8779],[-82.6834,39.8761],[-82.6864,39.8742],[-82.6861,39.8703],[-82.6904,39.8685],[-82.6872,39.866],[-82.6861,39.8635],[-82.6868,39.8612],[-82.6857,39.8601],[-82.6829,39.8598],[-82.6799,39.8558],[-82.6808,39.8533],[-82.6805,39.8499],[-82.679,39.8489],[-82.6755,39.8488],[-82.675,39.8482],[-82.6756,39.8469],[-82.6741,39.8456],[-82.6748,39.8421],[-82.6734,39.8401],[-82.6766,39.8393],[-82.6766,39.8374],[-82.6774,39.836],[-82.6769,39.8351],[-82.6771,39.8332],[-82.6803,39.8322],[-82.6797,39.8285],[-82.682,39.8261],[-82.6804,39.8257],[-82.6768,39.8256],[-82.6747,39.8266],[-82.6741,39.8279],[-82.6707,39.8282],[-82.6685,39.8304],[-82.6642,39.8303],[-82.6611,39.8336],[-82.6617,39.8358],[-82.6602,39.8366],[-82.6538,39.8356],[-82.6552,39.8384],[-82.6535,39.84],[-82.6473,39.8406],[-82.6482,39.8431],[-82.6516,39.8447],[-82.6523,39.8518],[-82.6406,39.8511],[-82.6323,39.8485],[-82.6328,39.8504],[-82.6321,39.8552],[-82.6334,39.8567],[-82.6378,39.8583],[-82.6349,39.859],[-82.6359,39.8609],[-82.6355,39.8629],[-82.6383,39.8649],[-82.6399,39.8654],[-82.6415,39.865],[-82.6446,39.8665],[-82.6449,39.8687],[-82.6467,39.8705],[-82.6458,39.8718],[-82.646,39.8742],[-82.6506,39.8759],[-82.6507,39.8775],[-82.6495,39.882],[-82.6498,39.8835],[-82.6509,39.8849],[-82.6536,39.8861],[-82.6518,39.8866],[-82.6508,39.8881],[-82.6516,39.8916],[-82.6485,39.8927],[-82.6473,39.8941],[-82.647,39.8961],[-82.6482,39.8986],[-82.6473,39.9009],[-82.646,39.9013],[-82.6454,39.9034],[-82.6417,39.9071],[-82.6414,39.9102],[-82.6427,39.9116],[-82.6419,39.9131],[-82.642,39.9181],[-82.6426,39.9188],[-82.6419,39.9226],[-82.6426,39.9237],[-82.6429,39.9287],[-82.6416,39.9296],[-82.6423,39.9323],[-82.6405,39.9343],[-82.6435,39.9352],[-82.651,39.9346],[-82.6523,39.9368],[-82.654,39.938],[-82.6552,39.9405]]]},"properties":{"objectid":68309,"tnmid":"{101932B8-0DF2-471D-B82A-0E801506997A}","metasourceid":"{511D2AC8-11BA-45FC-AB98-F69D693D4C44}","sourcedatadesc":"Watershed Boundary Dataset (WBD)","sourceoriginator":"Natural Resources and Conservation Service and U.S. Geological Survey","sourcefeatureid":null,"loaddate":1723704945000,"referencegnis_ids":"1044687","areaacres":11155.81,"areasqkm":45.15,"states":"OH","huc12":"050600011703","name":"Poplar Creek","hutype":"S","humod":"TF","tohuc":"050600011705","noncontributingareaacres":0,"noncontributingareasqkm":0,"globalid":"{B434F786-E29C-11E2-8094-0021280458E6}","shape_Length":56003.08031910114,"shape_Area":76784221.62985486}},{"type":"Feature","id":68310,"geometry":{"type":"Polygon","coordinates":[[[-82.7176,39.9798],[-82.7207,39.9825],[-82.7254,39.983],[-82.7277,39.9851],[-82.7292,39.9891],[-82.7334,39.9951],[-82.7373,39.9914],[-82.7374,39.99],[-82.7355,39.9888],[-82.7379,39.9842],[-82.7379,39.9795],[-82.7359,39.976],[-82.734,39.9654],[-82.7352,39.9565],[-82.737,39.9532],[-82.7363,39.9456],[-82.7369,39.9446],[-82.7347,39.9428],[-82.735,39.9408],[-82.7342,39.9387],[-82.7325,39.9383],[-82.7316,39.9355],[-82.7279,39.9302],[-82.724,39.9259],[-82.724,39.9246],[-82.7263,39.92],[-82.7318,39.914],[-82.7396,39.9096],[-82.7409,39.9082],[-82.7511,39.9059],[-82.7517,39.9044],[-82.7539,39.9027],[-82.7558,39.9001],[-82.7619,39.8962],[-82.7642,39.8971],[-82.7645,39.898],[-82.7684,39.8978],[-82.7718,39.8941],[-82.7723,39.8928],[-82.771,39.8903],[-82.7722,39.8853],[-82.77,39.8854],[-82.7679,39.884],[-82.7679,39.8805],[-82.7684,39.8795],[-82.7721,39.8772],[-82.7745,39.8765],[-82.7746,39.8753],[-82.7737,39.8745],[-82.7709,39.8747],[-82.7699,39.8724],[-82.7668,39.8729],[-82.7652,39.8723],[-82.7635,39.8703],[-82.7639,39.8693],[-82.7653,39.8689],[-82.7674,39.8696],[-82.7683,39.8693],[-82.7675,39.8658],[-82.7656,39.8648],[-82.766,39.8632],[-82.7668,39.8626],[-82.7622,39.8584],[-82.7621,39.8545],[-82.7602,39.8526],[-82.7598,39.8498],[-82.7577,39.848],[-82.7587,39.8473],[-82.7595,39.8451],[-82.7544,39.8419],[-82.7539,39.8409],[-82.7531,39.8409],[-82.7519,39.8389],[-82.7528,39.8327],[-82.7524,39.8304],[-82.7517,39.8301],[-82.7487,39.8318],[-82.7478,39.8331],[-82.7455,39.8339],[-82.7442,39.8385],[-82.7409,39.8414],[-82.7396,39.844],[-82.7377,39.8457],[-82.7371,39.8498],[-82.7351,39.8505],[-82.7315,39.8499],[-82.7301,39.8503],[-82.7243,39.8541],[-82.7236,39.8565],[-82.7202,39.8576],[-82.7181,39.8576],[-82.7181,39.8602],[-82.7203,39.8627],[-82.7182,39.8709],[-82.7126,39.8718],[-82.7098,39.8706],[-82.7049,39.8716],[-82.7017,39.8702],[-82.6985,39.8702],[-82.6965,39.869],[-82.6935,39.8698],[-82.6904,39.8685],[-82.6861,39.8703],[-82.6864,39.8742],[-82.6834,39.8761],[-82.6834,39.8779],[-82.6855,39.8799],[-82.6852,39.8812],[-82.6763,39.8836],[-82.6773,39.8848],[-82.679,39.8853],[-82.6795,39.8884],[-82.682,39.8888],[-82.685,39.8946],[-82.6923,39.8982],[-82.6926,39.8995],[-82.6951,39.9032],[-82.698,39.9056],[-82.7006,39.9064],[-82.7017,39.9085],[-82.7066,39.9125],[-82.7051,39.9131],[-82.7036,39.916],[-82.7043,39.9188],[-82.7026,39.9233],[-82.6996,39.9265],[-82.6972,39.9323],[-82.6932,39.9365],[-82.6907,39.9407],[-82.6879,39.9423],[-82.6878,39.9446],[-82.6902,39.9475],[-82.6938,39.9494],[-82.6961,39.9545],[-82.6987,39.9553],[-82.7018,39.9552],[-82.7038,39.9565],[-82.7071,39.9571],[-82.7081,39.9614],[-82.7051,39.9634],[-82.7058,39.9652],[-82.7055,39.9669],[-82.7084,39.9678],[-82.7098,39.966],[-82.7129,39.9668],[-82.7148,39.9683],[-82.7153,39.9703],[-82.7138,39.9712],[-82.7135,39.9728],[-82.7127,39.9737],[-82.7156,39.9765],[-82.716,39.9785],[-82.7176,39.9798]]]},"properties":{"objectid":68310,"tnmid":"{80908829-811A-4C9F-9ACF-44EC7F5D4843}","metasourceid":"{511D2AC8-11BA-45FC-AB98-F69D693D4C44}","sourcedatadesc":"Watershed Boundary Dataset (WBD)","sourceoriginator":"Natural Resources and Conservation Service and U.S. Geological Survey","sourcefeatureid":null,"loaddate":1723704945000,"referencegnis_ids":"1046915","areaacres":15096.3,"areasqkm":61.09,"states":"OH","huc12":"050600011704","name":"Sycamore Creek","hutype":"S","humod":"NM","tohuc":"050600011705","noncontributingareaacres":0,"noncontributingareasqkm":0,"globalid":"{B4350E5C-E29C-11E2-8094-0021280458E6}","shape_Length":69942.50846620268,"shape_Area":103939135.58823267}},{"type":"Feature","id":68311,"geometry":{"type":"Polygon","coordinates":[[[-82.7745,39.8765],[-82.7802,39.8778],[-82.7818,39.8775],[-82.7839,39.876],[-82.7877,39.8758],[-82.7971,39.8787],[-82.7988,39.8798],[-82.8,39.8793],[-82.801,39.8774],[-82.8035,39.8778],[-82.8067,39.8771],[-82.807,39.8767],[-82.8052,39.8746],[-82.8052,39.8727],[-82.8207,39.8689],[-82.8205,39.867],[-82.8229,39.8635],[-82.8353,39.8504],[-82.8448,39.8517],[-82.8452,39.8496],[-82.847,39.8471],[-82.8494,39.846],[-82.8476,39.8431],[-82.849,39.8412],[-82.8497,39.838],[-82.8484,39.8372],[-82.847,39.8332],[-82.8455,39.8315],[-82.8428,39.8302],[-82.8376,39.8248],[-82.8335,39.8229],[-82.8302,39.82],[-82.8286,39.8139],[-82.8268,39.8115],[-82.8235,39.8086],[-82.8223,39.8049],[-82.8212,39.8043],[-82.8194,39.8049],[-82.8167,39.8047],[-82.8131,39.8038],[-82.8132,39.8023],[-82.8114,39.8],[-82.8116,39.7981],[-82.8107,39.7971],[-82.8103,39.7946],[-82.8054,39.7935],[-82.8031,39.7922],[-82.8018,39.7901],[-82.7994,39.7888],[-82.798,39.786],[-82.7963,39.7843],[-82.7928,39.7833],[-82.7902,39.7818],[-82.7893,39.7805],[-82.7867,39.7798],[-82.7857,39.7784],[-82.7862,39.7778],[-82.7857,39.7771],[-82.7805,39.778],[-82.7792,39.78],[-82.7764,39.7811],[-82.7738,39.7812],[-82.7714,39.7825],[-82.7696,39.7823],[-82.773,39.784],[-82.7732,39.7848],[-82.7716,39.7881],[-82.7701,39.7892],[-82.7686,39.7915],[-82.7704,39.7953],[-82.7673,39.7972],[-82.7681,39.7992],[-82.7638,39.8017],[-82.7628,39.8036],[-82.7585,39.8051],[-82.7592,39.8075],[-82.7587,39.8108],[-82.7547,39.8113],[-82.7511,39.8108],[-82.7501,39.8112],[-82.7493,39.8131],[-82.7426,39.8131],[-82.7428,39.8146],[-82.7442,39.8153],[-82.7454,39.8178],[-82.7484,39.8189],[-82.7484,39.8199],[-82.7502,39.82],[-82.7558,39.8261],[-82.7555,39.8273],[-82.7523,39.8303],[-82.7528,39.8331],[-82.7518,39.8383],[-82.7531,39.8409],[-82.7539,39.8409],[-82.7544,39.8419],[-82.7595,39.8451],[-82.7587,39.8473],[-82.7577,39.848],[-82.7598,39.8498],[-82.7602,39.8526],[-82.7621,39.8545],[-82.7622,39.8584],[-82.7668,39.8626],[-82.766,39.8632],[-82.7656,39.8648],[-82.7675,39.8658],[-82.7683,39.8693],[-82.7674,39.8696],[-82.7653,39.8689],[-82.7639,39.8693],[-82.7635,39.8703],[-82.7645,39.8718],[-82.7663,39.8728],[-82.7699,39.8724],[-82.7709,39.8747],[-82.7742,39.8746],[-82.7745,39.8765]]]},"properties":{"objectid":68311,"tnmid":"{8562929C-4E3D-469A-8AC8-04F2003D262C}","metasourceid":"{511D2AC8-11BA-45FC-AB98-F69D693D4C44}","sourcedatadesc":"Watershed Boundary Dataset (WBD)","sourceoriginator":"Natural Resources and Conservation Service and U.S. Geological Survey","sourcefeatureid":null,"loaddate":1723704945000,"referencegnis_ids":"1047232,1047526","areaacres":14677.69,"areasqkm":59.4,"states":"OH","huc12":"050600011802","name":"Tussing Ditch-Walnut Creek","hutype":"S","humod":"IT","tohuc":"050600011805","noncontributingareaacres":0,"noncontributingareasqkm":0,"globalid":"{B43562C4-E29C-11E2-8094-0021280458E6}","shape_Length":48452.36375923186,"shape_Area":100847532.73656763}},{"type":"Feature","id":68444,"geometry":{"type":"Polygon","coordinates":[[[-83.3207,40.1752],[-83.3254,40.1774],[-83.3274,40.1807],[-83.3332,40.1821],[-83.3365,40.186],[-83.3403,40.1869],[-83.3478,40.1903],[-83.3492,40.1884],[-83.3584,40.1855],[-83.3614,40.1821],[-83.3643,40.1803],[-83.3653,40.1783],[-83.3687,40.1747],[-83.3686,40.1731],[-83.3664,40.1691],[-83.3597,40.1628],[-83.3601,40.1625],[-83.3627,40.1613],[-83.372,40.1593],[-83.3773,40.1633],[-83.379,40.1635],[-83.3807,40.1627],[-83.3831,40.1635],[-83.3842,40.1665],[-83.3839,40.1696],[-83.3885,40.1673],[-83.3881,40.1656],[-83.3895,40.1655],[-83.3913,40.1626],[-83.3955,40.1597],[-83.3969,40.1612],[-83.3959,40.1652],[-83.399,40.1701],[-83.4012,40.1711],[-83.4007,40.1737],[-83.4044,40.1751],[-83.4072,40.1775],[-83.4079,40.1794],[-83.4097,40.1798],[-83.4121,40.182],[-83.4153,40.1834],[-83.4203,40.1843],[-83.4225,40.1836],[-83.4266,40.1835],[-83.4301,40.1814],[-83.4321,40.1791],[-83.4343,40.1743],[-83.4316,40.1727],[-83.4301,40.1694],[-83.4308,40.1563],[-83.4297,40.1536],[-83.436,40.1514],[-83.4353,40.1502],[-83.4354,40.1487],[-83.4343,40.1473],[-83.4347,40.1462],[-83.436,40.1453],[-83.4412,40.1455],[-83.4419,40.1416],[-83.4469,40.1382],[-83.4455,40.138],[-83.4426,40.1362],[-83.4379,40.1352],[-83.4361,40.1315],[-83.4334,40.1292],[-83.4236,40.1258],[-83.4201,40.1233],[-83.4173,40.1225],[-83.417,40.1213],[-83.416,40.1207],[-83.4076,40.1213],[-83.4066,40.1225],[-83.4017,40.1223],[-83.4009,40.1229],[-83.3989,40.1223],[-83.3972,40.1236],[-83.3944,40.1236],[-83.3946,40.122],[-83.3933,40.1187],[-83.3912,40.1165],[-83.3914,40.114],[-83.3907,40.1124],[-83.3859,40.1146],[-83.3848,40.112],[-83.3856,40.1088],[-83.3854,40.1075],[-83.3827,40.1039],[-83.3801,40.1024],[-83.3779,40.1021],[-83.3703,40.1037],[-83.3596,40.1022],[-83.3486,40.1039],[-83.3414,40.1037],[-83.3339,40.1009],[-83.3327,40.1001],[-83.3322,40.0986],[-83.33,40.0973],[-83.3273,40.0975],[-83.3267,40.0996],[-83.3255,40.1001],[-83.3213,40.0987],[-83.3165,40.0984],[-83.3157,40.0973],[-83.3164,40.0941],[-83.3147,40.0936],[-83.3085,40.0937],[-83.2995,40.0921],[-83.2948,40.093],[-83.2873,40.0928],[-83.2857,40.0916],[-83.2841,40.0887],[-83.2826,40.0877],[-83.2802,40.0878],[-83.2707,40.0913],[-83.2659,40.0913],[-83.2637,40.0904],[-83.2592,40.091],[-83.2583,40.0894],[-83.2565,40.0883],[-83.2535,40.0892],[-83.2536,40.0921],[-83.2544,40.0924],[-83.2566,40.0964],[-83.2523,40.0976],[-83.2553,40.0999],[-83.2545,40.1021],[-83.2523,40.1038],[-83.2546,40.1055],[-83.2537,40.1078],[-83.2498,40.108],[-83.2486,40.1095],[-83.2457,40.1106],[-83.244,40.1123],[-83.2425,40.1152],[-83.2434,40.121],[-83.2463,40.1261],[-83.2475,40.132],[-83.2488,40.1325],[-83.2529,40.132],[-83.2574,40.1349],[-83.2675,40.1359],[-83.2703,40.1373],[-83.2772,40.1372],[-83.2779,40.1387],[-83.275,40.1446],[-83.2781,40.1464],[-83.2784,40.1476],[-83.2804,40.1498],[-83.278,40.1515],[-83.2785,40.1525],[-83.2778,40.1543],[-83.2786,40.1562],[-83.2807,40.1568],[-83.2827,40.1595],[-83.294,40.1641],[-83.2971,40.1665],[-83.2984,40.1693],[-83.3032,40.1717],[-83.3087,40.1714],[-83.3115,40.1724],[-83.3145,40.1752],[-83.3187,40.1756],[-83.3207,40.1752]]]},"properties":{"objectid":68444,"tnmid":"{82A57E49-EB26-4DC0-AA77-5CB5A1F732C9}","metasourceid":"{511D2AC8-11BA-45FC-AB98-F69D693D4C44}","sourcedatadesc":"Watershed Boundary Dataset (WBD)","sourceoriginator":"Natural Resources and Conservation Service and U.S. Geological Survey","sourcefeatureid":null,"loaddate":1723704945000,"referencegnis_ids":"1066168,1066575","areaacres":28070.73,"areasqkm":113.6,"states":"OH","huc12":"050600011905","name":"Robinson Run-Big Darby Creek","hutype":"S","humod":"TF","tohuc":"050600012101","noncontributingareaacres":0,"noncontributingareasqkm":0,"globalid":"{B43652FF-E29C-11E2-8094-0021280458E6}","shape_Length":79497.22853040825,"shape_Area":194583221.97831884}},{"type":"Feature","id":69332,"geometry":{"type":"Polygon","coordinates":[[[-82.5922,40.0848],[-82.5961,40.0876],[-82.5997,40.0885],[-82.6023,40.0912],[-82.6026,40.0923],[-82.6049,40.0918],[-82.6048,40.0926],[-82.6059,40.0934],[-82.6052,40.0943],[-82.6063,40.095],[-82.6077,40.0973],[-82.6053,40.0997],[-82.6076,40.1011],[-82.6076,40.105],[-82.6088,40.1052],[-82.6115,40.1039],[-82.6117,40.1062],[-82.6127,40.1067],[-82.6129,40.109],[-82.6142,40.1098],[-82.6151,40.1114],[-82.6166,40.1118],[-82.6171,40.113],[-82.6189,40.1135],[-82.6208,40.1122],[-82.6221,40.1121],[-82.6231,40.1132],[-82.623,40.1147],[-82.6252,40.1151],[-82.6284,40.1167],[-82.6281,40.1185],[-82.6304,40.1199],[-82.6305,40.1211],[-82.6318,40.122],[-82.6304,40.1234],[-82.6309,40.1245],[-82.6296,40.1261],[-82.6307,40.1274],[-82.6324,40.1271],[-82.6326,40.1283],[-82.635,40.1294],[-82.6355,40.1315],[-82.6347,40.1322],[-82.6356,40.1333],[-82.635,40.1344],[-82.6373,40.1351],[-82.638,40.1347],[-82.6392,40.1361],[-82.6406,40.1352],[-82.6436,40.136],[-82.6485,40.1337],[-82.6465,40.1319],[-82.6439,40.1313],[-82.6437,40.1307],[-82.6463,40.1285],[-82.6454,40.1281],[-82.6443,40.1262],[-82.6445,40.1244],[-82.6433,40.1237],[-82.6428,40.1223],[-82.641,40.1221],[-82.6415,40.1197],[-82.6399,40.1181],[-82.6401,40.117],[-82.6456,40.1147],[-82.6474,40.1147],[-82.6507,40.1113],[-82.6546,40.1093],[-82.6554,40.1083],[-82.6564,40.1082],[-82.6567,40.1051],[-82.6596,40.1043],[-82.6622,40.1006],[-82.6639,40.1],[-82.6655,40.0975],[-82.6685,40.0967],[-82.6701,40.0957],[-82.6712,40.094],[-82.6731,40.0944],[-82.6773,40.0929],[-82.6789,40.0931],[-82.6799,40.0921],[-82.681,40.0922],[-82.6824,40.0913],[-82.6841,40.0917],[-82.685,40.0913],[-82.6871,40.0881],[-82.6893,40.0886],[-82.6907,40.0873],[-82.6924,40.0869],[-82.6914,40.0846],[-82.6923,40.0841],[-82.693,40.0824],[-82.6942,40.0822],[-82.6945,40.0817],[-82.6935,40.0807],[-82.6941,40.0796],[-82.6983,40.0798],[-82.6999,40.0789],[-82.6995,40.0775],[-82.6979,40.0762],[-82.6997,40.0745],[-82.7009,40.0716],[-82.7006,40.071],[-82.6974,40.0708],[-82.6956,40.0698],[-82.694,40.067],[-82.6912,40.0659],[-82.6909,40.0653],[-82.6877,40.0651],[-82.6865,40.0658],[-82.6861,40.0644],[-82.6826,40.0633],[-82.6823,40.0624],[-82.681,40.0617],[-82.6812,40.0606],[-82.6754,40.0582],[-82.6761,40.0571],[-82.6757,40.0556],[-82.6705,40.0502],[-82.6715,40.0478],[-82.6756,40.0476],[-82.6746,40.046],[-82.6766,40.0439],[-82.6713,40.0414],[-82.6699,40.0401],[-82.6697,40.0392],[-82.6728,40.0358],[-82.671,40.0341],[-82.6652,40.0317],[-82.6643,40.0296],[-82.661,40.0303],[-82.6592,40.0298],[-82.657,40.0311],[-82.6548,40.0342],[-82.6515,40.032],[-82.6496,40.0325],[-82.6485,40.0319],[-82.6467,40.029],[-82.6387,40.0271],[-82.638,40.0254],[-82.6365,40.0242],[-82.6342,40.0246],[-82.6319,40.0226],[-82.6293,40.022],[-82.6278,40.0231],[-82.6255,40.0234],[-82.6244,40.0252],[-82.6215,40.0248],[-82.6171,40.0255],[-82.6163,40.0252],[-82.6124,40.028],[-82.6115,40.0271],[-82.6096,40.0271],[-82.6027,40.0303],[-82.6029,40.0314],[-82.6014,40.0328],[-82.6026,40.0333],[-82.6032,40.0344],[-82.6029,40.0352],[-82.6001,40.0364],[-82.6003,40.0377],[-82.6035,40.0377],[-82.6049,40.0385],[-82.6064,40.0407],[-82.6055,40.0411],[-82.6044,40.0432],[-82.6002,40.0461],[-82.5973,40.0462],[-82.5949,40.0505],[-82.5951,40.0519],[-82.5943,40.0546],[-82.5925,40.0553],[-82.5907,40.0544],[-82.5886,40.0545],[-82.5867,40.0557],[-82.5867,40.0565],[-82.5849,40.0572],[-82.5867,40.0596],[-82.5869,40.0609],[-82.585,40.0622],[-82.5866,40.066],[-82.5855,40.0674],[-82.5831,40.0678],[-82.584,40.069],[-82.5852,40.0691],[-82.5855,40.0701],[-82.5873,40.0692],[-82.5912,40.0709],[-82.5912,40.0749],[-82.5895,40.0756],[-82.5911,40.0775],[-82.5906,40.0784],[-82.5913,40.0794],[-82.5903,40.0807],[-82.5904,40.0824],[-82.5922,40.0848]]]},"properties":{"objectid":69332,"tnmid":"{D7F11AEC-4BA5-4745-B57B-6C975DAB72FF}","metasourceid":"{511D2AC8-11BA-45FC-AB98-F69D693D4C44}","sourcedatadesc":"Watershed Boundary Dataset (WBD)","sourceoriginator":"Natural Resources and Conservation Service and U.S. Geological Survey","sourcefeatureid":null,"loaddate":1723704945000,"referencegnis_ids":"1061380,1057942","areaacres":16441.67,"areasqkm":66.54,"states":"OH","huc12":"050400060303","name":"Moots Run-Raccoon Creek","hutype":"S","humod":"TF","tohuc":"050400060304","noncontributingareaacres":0,"noncontributingareasqkm":0,"globalid":"{B3B61D32-E29C-11E2-8094-0021280458E6}","shape_Length":60576.159246632415,"shape_Area":113754061.79701458}},{"type":"Feature","id":69403,"geometry":{"type":"Polygon","coordinates":[[[-82.6938,40.0825],[-82.6967,40.0856],[-82.6982,40.089],[-82.7008,40.0907],[-82.7021,40.0908],[-82.7032,40.0927],[-82.7062,40.0953],[-82.7086,40.0954],[-82.7111,40.0966],[-82.7144,40.0921],[-82.7154,40.0919],[-82.7218,40.0924],[-82.7253,40.0933],[-82.7271,40.0945],[-82.7329,40.0939],[-82.7365,40.0902],[-82.7363,40.0886],[-82.7379,40.0862],[-82.7379,40.0829],[-82.7397,40.0821],[-82.7405,40.0794],[-82.7428,40.0784],[-82.7422,40.0761],[-82.7441,40.0742],[-82.7444,40.0722],[-82.7429,40.0671],[-82.744,40.0662],[-82.7426,40.0639],[-82.7437,40.0626],[-82.7431,40.0611],[-82.7461,40.062],[-82.7469,40.0614],[-82.7472,40.0598],[-82.7486,40.0587],[-82.748,40.0586],[-82.7474,40.0568],[-82.7454,40.0562],[-82.7456,40.0546],[-82.7425,40.0546],[-82.741,40.0536],[-82.7411,40.0508],[-82.7386,40.0478],[-82.7342,40.0477],[-82.7304,40.0485],[-82.7293,40.0477],[-82.7288,40.0461],[-82.7257,40.0457],[-82.7235,40.0443],[-82.7225,40.042],[-82.72,40.0418],[-82.7184,40.0368],[-82.7141,40.0363],[-82.7136,40.0352],[-82.7111,40.0337],[-82.7084,40.0348],[-82.7069,40.0335],[-82.7054,40.0341],[-82.7035,40.0312],[-82.7047,40.03],[-82.7002,40.0285],[-82.6996,40.0276],[-82.6969,40.0276],[-82.6948,40.0238],[-82.6948,40.0226],[-82.6928,40.0224],[-82.6929,40.0204],[-82.6901,40.0168],[-82.688,40.0165],[-82.6868,40.015],[-82.6843,40.015],[-82.6846,40.0135],[-82.6838,40.0131],[-82.6824,40.0099],[-82.6823,40.0079],[-82.6829,40.0076],[-82.6821,40.003],[-82.6828,40.0002],[-82.6795,39.9977],[-82.68,39.9957],[-82.6752,39.9947],[-82.6684,39.9901],[-82.6666,39.9923],[-82.666,39.9959],[-82.6612,39.9958],[-82.6624,40.0015],[-82.6622,40.0029],[-82.6575,40.0043],[-82.6573,40.0056],[-82.6563,40.0065],[-82.6567,40.0089],[-82.6575,40.0097],[-82.6566,40.0112],[-82.6592,40.0126],[-82.6597,40.0138],[-82.6624,40.0146],[-82.6625,40.015],[-82.6603,40.0162],[-82.6586,40.0163],[-82.6562,40.0186],[-82.6552,40.0215],[-82.6538,40.0227],[-82.6549,40.0235],[-82.655,40.0246],[-82.6612,40.027],[-82.6626,40.0291],[-82.6646,40.0298],[-82.6652,40.0317],[-82.6702,40.0337],[-82.6715,40.0352],[-82.6728,40.0356],[-82.6697,40.0397],[-82.6713,40.0414],[-82.6737,40.0421],[-82.6765,40.044],[-82.6746,40.046],[-82.6756,40.0476],[-82.6715,40.0478],[-82.6705,40.0503],[-82.6757,40.0556],[-82.6761,40.0571],[-82.6754,40.0582],[-82.6812,40.0606],[-82.681,40.0617],[-82.6823,40.0624],[-82.6826,40.0633],[-82.6861,40.0644],[-82.6865,40.0658],[-82.6877,40.0651],[-82.6909,40.0653],[-82.6912,40.0659],[-82.6938,40.0668],[-82.6952,40.0693],[-82.6967,40.0705],[-82.7006,40.071],[-82.7009,40.0717],[-82.6999,40.0742],[-82.6979,40.0762],[-82.6995,40.0775],[-82.6999,40.0789],[-82.6983,40.0798],[-82.6941,40.0796],[-82.6936,40.081],[-82.6945,40.0817],[-82.6938,40.0825]]]},"properties":{"objectid":69403,"tnmid":"{9B45C09E-AFD9-4BE4-A0FD-70CA7AFCEEC0}","metasourceid":"{511D2AC8-11BA-45FC-AB98-F69D693D4C44}","sourcedatadesc":"Watershed Boundary Dataset (WBD)","sourceoriginator":"Natural Resources and Conservation Service and U.S. Geological Survey","sourcefeatureid":null,"loaddate":1723704945000,"referencegnis_ids":"1066212","areaacres":9873.93,"areasqkm":39.96,"states":"OH","huc12":"050400060402","name":"Headwaters South Fork Licking River","hutype":"S","humod":"TF","tohuc":"050400060403","noncontributingareaacres":0,"noncontributingareasqkm":0,"globalid":"{B3B669C9-E29C-11E2-8094-0021280458E6}","shape_Length":51073.92761291095,"shape_Area":68271059.85445938}},{"type":"Feature","id":69532,"geometry":{"type":"Polygon","coordinates":[[[-82.5986,39.9634],[-82.5986,39.9649],[-82.601,39.9686],[-82.6045,39.9712],[-82.605,39.9742],[-82.6104,39.9776],[-82.6128,39.9804],[-82.6122,39.9823],[-82.6131,39.9836],[-82.6173,39.9854],[-82.6182,39.9902],[-82.6169,39.9924],[-82.6174,39.9947],[-82.6221,39.9968],[-82.6209,39.9994],[-82.6213,40.0011],[-82.6208,40.0041],[-82.6266,40.0055],[-82.6263,40.0071],[-82.6278,40.0083],[-82.6288,40.008],[-82.6306,40.0091],[-82.6308,40.0106],[-82.6355,40.0146],[-82.6364,40.0165],[-82.6395,40.0177],[-82.6419,40.0196],[-82.6441,40.02],[-82.6442,40.0217],[-82.6468,40.0227],[-82.6468,40.0238],[-82.6525,40.0246],[-82.6537,40.0255],[-82.655,40.0245],[-82.6549,40.0235],[-82.6538,40.0227],[-82.6552,40.0215],[-82.6562,40.0186],[-82.6586,40.0163],[-82.6603,40.0162],[-82.6625,40.015],[-82.6624,40.0146],[-82.6597,40.0138],[-82.6592,40.0126],[-82.6566,40.0112],[-82.6575,40.0097],[-82.6567,40.0089],[-82.6563,40.0065],[-82.6573,40.0056],[-82.6575,40.0043],[-82.6622,40.0029],[-82.6624,40.0015],[-82.6612,39.9958],[-82.666,39.9959],[-82.6666,39.9923],[-82.6684,39.9901],[-82.6705,39.9911],[-82.6737,39.9886],[-82.6771,39.9886],[-82.6792,39.988],[-82.6822,39.9839],[-82.6857,39.9825],[-82.6888,39.982],[-82.691,39.9829],[-82.6927,39.9813],[-82.6921,39.9791],[-82.6948,39.9774],[-82.6976,39.9789],[-82.7026,39.9767],[-82.7072,39.9775],[-82.7081,39.9767],[-82.7116,39.9772],[-82.7154,39.9796],[-82.7176,39.9798],[-82.716,39.9785],[-82.7156,39.9765],[-82.7127,39.9737],[-82.7135,39.9728],[-82.7138,39.9712],[-82.7153,39.9703],[-82.7148,39.9683],[-82.7129,39.9668],[-82.7098,39.966],[-82.7084,39.9678],[-82.7055,39.9669],[-82.7058,39.9652],[-82.7051,39.9634],[-82.7081,39.9614],[-82.707,39.9569],[-82.7038,39.9565],[-82.7018,39.9552],[-82.6987,39.9553],[-82.6961,39.9545],[-82.6938,39.9494],[-82.6893,39.9467],[-82.687,39.9471],[-82.68,39.9464],[-82.6763,39.9407],[-82.6744,39.939],[-82.6667,39.9413],[-82.6645,39.9399],[-82.6592,39.9415],[-82.6552,39.9405],[-82.6498,39.9412],[-82.6486,39.9476],[-82.6443,39.9524],[-82.6446,39.9538],[-82.6432,39.9551],[-82.6426,39.9593],[-82.6407,39.9592],[-82.6401,39.96],[-82.6385,39.9601],[-82.6353,39.9596],[-82.6321,39.9613],[-82.6313,39.9628],[-82.629,39.9621],[-82.6276,39.9628],[-82.624,39.9623],[-82.6226,39.9615],[-82.6227,39.9604],[-82.6186,39.9611],[-82.6153,39.9602],[-82.6141,39.9607],[-82.6132,39.9599],[-82.6121,39.9601],[-82.6092,39.9632],[-82.6087,39.9627],[-82.6057,39.9628],[-82.6037,39.9613],[-82.599,39.9628],[-82.5986,39.9634]]]},"properties":{"objectid":69532,"tnmid":"{F1D536A1-98D1-4315-9ABA-28A4D9512A83}","metasourceid":"{511D2AC8-11BA-45FC-AB98-F69D693D4C44}","sourcedatadesc":"Watershed Boundary Dataset (WBD)","sourceoriginator":"Natural Resources and Conservation Service and U.S. Geological Survey","sourcefeatureid":null,"loaddate":1723704945000,"referencegnis_ids":"1056381,1066212","areaacres":10980.34,"areasqkm":44.44,"states":"OH","huc12":"050400060403","name":"Town of Kirkersville-South Fork Licking River","hutype":"S","humod":"TF","tohuc":"050400060406","noncontributingareaacres":0,"noncontributingareasqkm":0,"globalid":"{B3B6BE35-E29C-11E2-8094-0021280458E6}","shape_Length":49915.231605721696,"shape_Area":75759515.405439}},{"type":"Feature","id":70485,"geometry":{"type":"Polygon","coordinates":[[[-83.2009,39.9866],[-83.2021,39.9902],[-83.2005,39.9918],[-83.2021,39.9933],[-83.2023,39.9966],[-83.2042,39.998],[-83.2037,40.002],[-83.208,40.0007],[-83.2138,39.9979],[-83.218,39.9952],[-83.2228,39.9906],[-83.2287,39.9871],[-83.2331,39.9853],[-83.2337,39.9839],[-83.2376,39.9827],[-83.2405,39.9826],[-83.2425,39.9838],[-83.243,39.9829],[-83.2443,39.9825],[-83.2531,39.9861],[-83.2543,39.9859],[-83.2546,39.9848],[-83.256,39.9841],[-83.2587,39.9852],[-83.2625,39.9838],[-83.2641,39.9845],[-83.266,39.9842],[-83.2668,39.985],[-83.27,39.9838],[-83.2715,39.9841],[-83.2754,39.987],[-83.2818,39.9866],[-83.2876,39.9879],[-83.2927,39.987],[-83.2952,39.9882],[-83.2966,39.9879],[-83.2979,39.9884],[-83.3003,39.9879],[-83.311,39.9889],[-83.3152,39.9867],[-83.3175,39.9867],[-83.3174,39.9857],[-83.315,39.9831],[-83.3156,39.9809],[-83.3152,39.9803],[-83.3124,39.9798],[-83.3101,39.9813],[-83.3068,39.981],[-83.305,39.9797],[-83.3057,39.9786],[-83.305,39.9767],[-83.3063,39.975],[-83.2991,39.9724],[-83.3,39.9704],[-83.2984,39.9699],[-83.2987,39.9677],[-83.2961,39.9668],[-83.2972,39.9658],[-83.2958,39.9633],[-83.2924,39.9635],[-83.2919,39.9622],[-83.2882,39.9594],[-83.2856,39.9592],[-83.2854,39.9583],[-83.2836,39.9579],[-83.281,39.9553],[-83.2784,39.9549],[-83.2757,39.9559],[-83.2735,39.9556],[-83.2724,39.9543],[-83.2708,39.9548],[-83.269,39.9541],[-83.2669,39.955],[-83.2624,39.9557],[-83.26,39.9544],[-83.2607,39.9529],[-83.2604,39.9525],[-83.259,39.9525],[-83.2552,39.9545],[-83.2443,39.9538],[-83.2445,39.9489],[-83.2454,39.9466],[-83.248,39.9423],[-83.2534,39.9391],[-83.2539,39.9375],[-83.2535,39.9359],[-83.2508,39.9345],[-83.2485,39.9312],[-83.2441,39.9269],[-83.2358,39.9166],[-83.2345,39.9136],[-83.2317,39.912],[-83.2263,39.9109],[-83.2247,39.9097],[-83.2247,39.9084],[-83.2225,39.9076],[-83.2241,39.9058],[-83.2242,39.9037],[-83.2257,39.9012],[-83.222,39.8986],[-83.2179,39.8933],[-83.2165,39.8932],[-83.2152,39.8921],[-83.2115,39.8923],[-83.2093,39.8939],[-83.2067,39.8939],[-83.2061,39.8931],[-83.2051,39.893],[-83.2011,39.8955],[-83.198,39.8994],[-83.1984,39.9018],[-83.1979,39.9056],[-83.1987,39.9081],[-83.2027,39.9138],[-83.2037,39.9204],[-83.2061,39.9242],[-83.206,39.9272],[-83.2096,39.9303],[-83.2195,39.935],[-83.2171,39.9373],[-83.2096,39.9402],[-83.2073,39.9424],[-83.2067,39.9448],[-83.207,39.9464],[-83.2065,39.9468],[-83.2069,39.9478],[-83.218,39.9484],[-83.2202,39.9498],[-83.221,39.9511],[-83.2207,39.9521],[-83.222,39.9528],[-83.2212,39.9543],[-83.2237,39.9585],[-83.2261,39.9611],[-83.2269,39.9645],[-83.2254,39.9689],[-83.2207,39.9711],[-83.2162,39.9746],[-83.2161,39.9759],[-83.2131,39.9771],[-83.2124,39.9812],[-83.2108,39.9834],[-83.2028,39.9865],[-83.2009,39.9866]]]},"properties":{"objectid":70485,"tnmid":"{2A304BB0-8EB2-44FE-A9C4-17ADFED35095}","metasourceid":"{511D2AC8-11BA-45FC-AB98-F69D693D4C44}","sourcedatadesc":"Watershed Boundary Dataset (WBD)","sourceoriginator":"Natural Resources and Conservation Service and U.S. Geological Survey","sourcefeatureid":null,"loaddate":1723704945000,"referencegnis_ids":"1066575","areaacres":11006.32,"areasqkm":44.54,"states":"OH","huc12":"050600012102","name":"Silver Ditch-Big Darby Creek","hutype":"S","humod":"TF","tohuc":"050600012202","noncontributingareaacres":0,"noncontributingareasqkm":0,"globalid":"{B47F918D-E29C-11E2-8094-0021280458E6}","shape_Length":62858.14650624859,"shape_Area":75890321.29264405}},{"type":"Feature","id":70490,"geometry":{"type":"Polygon","coordinates":[[[-83.344,40.1039],[-83.3486,40.1039],[-83.3604,40.1022],[-83.3709,40.1037],[-83.3772,40.1022],[-83.3762,40.0968],[-83.3748,40.0945],[-83.3708,40.0916],[-83.3657,40.0894],[-83.3648,40.0839],[-83.3605,40.0779],[-83.3609,40.0759],[-83.3679,40.074],[-83.3662,40.07],[-83.3632,40.0659],[-83.3624,40.0639],[-83.3623,40.0579],[-83.3637,40.0567],[-83.3596,40.0553],[-83.3565,40.0558],[-83.356,40.0547],[-83.3562,40.0524],[-83.3638,40.0464],[-83.3679,40.0409],[-83.3672,40.0396],[-83.3615,40.0384],[-83.3611,40.0372],[-83.3699,40.0307],[-83.3616,40.0116],[-83.3621,40.0101],[-83.3639,40.0082],[-83.3638,40.0073],[-83.3564,40.0059],[-83.3484,40.0055],[-83.3454,40.0033],[-83.345,40.0018],[-83.3395,40.0007],[-83.3391,39.9994],[-83.3375,39.9988],[-83.3372,39.9977],[-83.3342,39.9965],[-83.3321,39.9975],[-83.3303,39.997],[-83.3275,39.9975],[-83.3271,39.9969],[-83.3276,39.9958],[-83.326,39.9947],[-83.3269,39.9919],[-83.3241,39.9892],[-83.3201,39.9891],[-83.3178,39.99],[-83.3152,39.9902],[-83.311,39.9889],[-83.3042,39.9881],[-83.2952,39.9882],[-83.2927,39.987],[-83.2876,39.9879],[-83.2818,39.9866],[-83.2764,39.9871],[-83.2747,39.9868],[-83.2715,39.9841],[-83.27,39.9838],[-83.2668,39.985],[-83.266,39.9842],[-83.2641,39.9845],[-83.2625,39.9838],[-83.2587,39.9852],[-83.256,39.9841],[-83.2546,39.9848],[-83.2543,39.9859],[-83.2531,39.9861],[-83.2442,39.9825],[-83.243,39.9829],[-83.2426,39.9837],[-83.2397,39.9826],[-83.2337,39.9839],[-83.2331,39.9853],[-83.2287,39.9871],[-83.2228,39.9906],[-83.2165,39.9964],[-83.208,40.0007],[-83.2037,40.002],[-83.2027,40.0142],[-83.2041,40.0248],[-83.2072,40.0351],[-83.206,40.0368],[-83.2055,40.0428],[-83.2075,40.0446],[-83.2137,40.0448],[-83.2181,40.047],[-83.2152,40.0482],[-83.2159,40.0502],[-83.2141,40.0513],[-83.2134,40.0525],[-83.2147,40.0608],[-83.2144,40.0624],[-83.2129,40.062],[-83.2124,40.0634],[-83.2147,40.0661],[-83.2161,40.0667],[-83.2142,40.0707],[-83.2162,40.0708],[-83.2165,40.0718],[-83.2153,40.0726],[-83.2172,40.074],[-83.2159,40.0749],[-83.2166,40.0761],[-83.214,40.077],[-83.2149,40.0788],[-83.2134,40.0802],[-83.2153,40.081],[-83.2142,40.0817],[-83.2145,40.0831],[-83.2123,40.0836],[-83.2108,40.0849],[-83.2102,40.0865],[-83.2102,40.0885],[-83.2117,40.0894],[-83.2113,40.0913],[-83.2116,40.0934],[-83.22,40.0916],[-83.2291,40.0904],[-83.2374,40.0883],[-83.2395,40.0893],[-83.2457,40.0891],[-83.2489,40.0897],[-83.2524,40.0887],[-83.2532,40.0893],[-83.2547,40.0892],[-83.2565,40.0883],[-83.2583,40.0894],[-83.2592,40.091],[-83.2637,40.0904],[-83.2659,40.0913],[-83.2707,40.0913],[-83.2802,40.0878],[-83.2826,40.0877],[-83.2841,40.0887],[-83.2857,40.0916],[-83.2873,40.0928],[-83.2948,40.093],[-83.2995,40.0921],[-83.3085,40.0937],[-83.3147,40.0936],[-83.3164,40.0941],[-83.3157,40.0973],[-83.3165,40.0984],[-83.3213,40.0987],[-83.3255,40.1001],[-83.3267,40.0996],[-83.3273,40.0975],[-83.33,40.0973],[-83.3322,40.0986],[-83.3329,40.1003],[-83.3352,40.1016],[-83.3406,40.1036],[-83.344,40.1039]]]},"properties":{"objectid":70490,"tnmid":"{306437CF-C40A-4EF2-A689-02015E22600A}","metasourceid":"{511D2AC8-11BA-45FC-AB98-F69D693D4C44}","sourcedatadesc":"Watershed Boundary Dataset (WBD)","sourceoriginator":"Natural Resources and Conservation Service and U.S. Geological Survey","sourcefeatureid":null,"loaddate":1723704945000,"referencegnis_ids":"1048146,1066575","areaacres":37602.24,"areasqkm":152.17,"states":"OH","huc12":"050600012101","name":"Worthington Ditch-Big Darby Creek","hutype":"S","humod":"TF","tohuc":"050600012102","noncontributingareaacres":0,"noncontributingareasqkm":0,"globalid":"{B47F7AB7-E29C-11E2-8094-0021280458E6}","shape_Length":78018.21755108875,"shape_Area":259938449.42949554}},{"type":"Feature","id":70491,"geometry":{"type":"Polygon","coordinates":[[[-83.2799,39.8985],[-83.2882,39.8972],[-83.2892,39.8964],[-83.2887,39.8954],[-83.2893,39.895],[-83.2929,39.8951],[-83.2936,39.8934],[-83.2972,39.8923],[-83.3003,39.8925],[-83.3022,39.8902],[-83.3025,39.8893],[-83.3016,39.8885],[-83.2968,39.8869],[-83.2949,39.8852],[-83.2971,39.8843],[-83.2972,39.8823],[-83.2992,39.8812],[-83.3001,39.8796],[-83.2998,39.8783],[-83.3015,39.8762],[-83.2999,39.8743],[-83.2995,39.8726],[-83.2963,39.8708],[-83.296,39.8697],[-83.2967,39.8671],[-83.2958,39.8665],[-83.2972,39.8637],[-83.295,39.862],[-83.2962,39.8606],[-83.2995,39.8598],[-83.3026,39.862],[-83.3056,39.8627],[-83.308,39.8611],[-83.3055,39.8597],[-83.3056,39.8586],[-83.3046,39.8572],[-83.3003,39.8574],[-83.2979,39.8538],[-83.2935,39.8537],[-83.2909,39.8525],[-83.2877,39.8526],[-83.2866,39.852],[-83.2863,39.851],[-83.2853,39.8507],[-83.271,39.854],[-83.2611,39.8536],[-83.2566,39.8522],[-83.2549,39.8529],[-83.2462,39.8524],[-83.2451,39.8512],[-83.2451,39.8489],[-83.2433,39.8486],[-83.2432,39.8471],[-83.2413,39.8462],[-83.2411,39.8421],[-83.2379,39.8369],[-83.2371,39.831],[-83.2354,39.8295],[-83.2368,39.8274],[-83.2353,39.8255],[-83.2354,39.8236],[-83.2343,39.8232],[-83.2312,39.8233],[-83.2276,39.8222],[-83.2266,39.8227],[-83.2249,39.8215],[-83.2183,39.8223],[-83.2142,39.8237],[-83.2123,39.8255],[-83.2083,39.8244],[-83.2031,39.8247],[-83.2021,39.8245],[-83.2012,39.823],[-83.1987,39.823],[-83.197,39.8218],[-83.1941,39.8217],[-83.1912,39.8204],[-83.1912,39.8182],[-83.1882,39.817],[-83.1824,39.8168],[-83.1774,39.8151],[-83.1755,39.8159],[-83.1702,39.816],[-83.168,39.818],[-83.1688,39.8195],[-83.168,39.8205],[-83.1694,39.8217],[-83.1683,39.826],[-83.1689,39.8285],[-83.1678,39.8304],[-83.164,39.8325],[-83.1624,39.8374],[-83.1623,39.8414],[-83.1629,39.8423],[-83.1619,39.8429],[-83.1625,39.8449],[-83.16,39.8462],[-83.1595,39.8475],[-83.1595,39.85],[-83.161,39.8521],[-83.1587,39.857],[-83.1589,39.8607],[-83.1614,39.8645],[-83.1673,39.866],[-83.1683,39.8724],[-83.169,39.8733],[-83.1728,39.8731],[-83.1812,39.8743],[-83.192,39.8782],[-83.1959,39.8763],[-83.1966,39.8749],[-83.2025,39.8762],[-83.2037,39.8776],[-83.2044,39.8803],[-83.202,39.8865],[-83.2027,39.8891],[-83.1976,39.8939],[-83.1972,39.8947],[-83.1979,39.8955],[-83.2009,39.8957],[-83.2053,39.893],[-83.2067,39.8939],[-83.2093,39.8939],[-83.2115,39.8923],[-83.2152,39.8921],[-83.2165,39.8932],[-83.2179,39.8933],[-83.2184,39.8921],[-83.2218,39.8914],[-83.2284,39.8918],[-83.2304,39.8933],[-83.2322,39.8937],[-83.2381,39.8932],[-83.2413,39.8913],[-83.2425,39.8896],[-83.2463,39.8886],[-83.2494,39.8862],[-83.2522,39.8873],[-83.2533,39.8857],[-83.2533,39.8839],[-83.2541,39.8836],[-83.2542,39.8828],[-83.2578,39.8817],[-83.261,39.8816],[-83.2646,39.8783],[-83.2711,39.8823],[-83.2737,39.8849],[-83.2767,39.891],[-83.2792,39.8934],[-83.2783,39.8949],[-83.2812,39.8966],[-83.2796,39.8982],[-83.2799,39.8985]]]},"properties":{"objectid":70491,"tnmid":"{FCBA2606-EC9E-4BC5-990E-E950B695DBE3}","metasourceid":"{511D2AC8-11BA-45FC-AB98-F69D693D4C44}","sourcedatadesc":"Watershed Boundary Dataset (WBD)","sourceoriginator":"Natural Resources and Conservation Service and U.S. Geological Survey","sourcefeatureid":null,"loaddate":1723704945000,"referencegnis_ids":"1040801,1066575","areaacres":16190.57,"areasqkm":65.52,"states":"OH","huc12":"050600012202","name":"Gay Run-Big Darby Creek","hutype":"S","humod":"LE,TF","tohuc":"050600012203","noncontributingareaacres":0,"noncontributingareasqkm":0,"globalid":"{B47FC671-E29C-11E2-8094-0021280458E6}","shape_Length":63012.630215213445,"shape_Area":111328446.38308054}},{"type":"Feature","id":70492,"geometry":{"type":"Polygon","coordinates":[[[-83.1347,39.8279],[-83.1366,39.8306],[-83.1264,39.8436],[-83.1275,39.8454],[-83.1347,39.8509],[-83.1383,39.855],[-83.1382,39.8435],[-83.1374,39.8372],[-83.1364,39.8352],[-83.1407,39.8323],[-83.1444,39.8277],[-83.1461,39.8279],[-83.151,39.824],[-83.1528,39.8242],[-83.1537,39.8232],[-83.1564,39.8221],[-83.1578,39.8224],[-83.162,39.8212],[-83.1667,39.8213],[-83.1688,39.8195],[-83.1679,39.8181],[-83.1695,39.8163],[-83.1755,39.8159],[-83.1774,39.8151],[-83.1824,39.8168],[-83.1861,39.8167],[-83.1905,39.8177],[-83.1913,39.8185],[-83.191,39.8203],[-83.1941,39.8217],[-83.197,39.8218],[-83.1987,39.823],[-83.2012,39.823],[-83.2022,39.8246],[-83.2083,39.8244],[-83.2123,39.8255],[-83.2142,39.8237],[-83.2183,39.8223],[-83.2249,39.8215],[-83.2246,39.8199],[-83.2276,39.8176],[-83.2284,39.8163],[-83.222,39.8106],[-83.2218,39.8092],[-83.2205,39.8075],[-83.2223,39.7984],[-83.2219,39.7838],[-83.2237,39.7822],[-83.2235,39.7808],[-83.2213,39.777],[-83.2197,39.7761],[-83.2149,39.77],[-83.2109,39.7631],[-83.2084,39.7607],[-83.2081,39.7579],[-83.1987,39.749],[-83.1995,39.746],[-83.1989,39.744],[-83.1941,39.7419],[-83.1926,39.7389],[-83.1891,39.7371],[-83.1839,39.7362],[-83.1726,39.7365],[-83.1694,39.7336],[-83.1673,39.7281],[-83.165,39.7259],[-83.1648,39.7225],[-83.1607,39.7174],[-83.1543,39.7173],[-83.1497,39.7166],[-83.1464,39.7173],[-83.1416,39.7167],[-83.1331,39.7119],[-83.1262,39.7132],[-83.1255,39.7157],[-83.1235,39.7173],[-83.118,39.718],[-83.1166,39.7187],[-83.1158,39.7204],[-83.1118,39.7222],[-83.0983,39.7236],[-83.0996,39.7263],[-83.0993,39.7277],[-83.0967,39.73],[-83.0938,39.7311],[-83.0936,39.7324],[-83.0914,39.7349],[-83.0883,39.7358],[-83.0932,39.7367],[-83.0946,39.7364],[-83.1009,39.7395],[-83.1032,39.7394],[-83.1043,39.7402],[-83.1049,39.7446],[-83.1039,39.7475],[-83.1016,39.7503],[-83.1018,39.757],[-83.1031,39.759],[-83.1078,39.7616],[-83.1122,39.7624],[-83.1139,39.7634],[-83.1166,39.7676],[-83.1163,39.773],[-83.1175,39.7764],[-83.1163,39.7771],[-83.1167,39.7783],[-83.1149,39.7821],[-83.1159,39.7834],[-83.1156,39.7848],[-83.1197,39.7904],[-83.121,39.7911],[-83.1234,39.7903],[-83.1254,39.7924],[-83.1285,39.793],[-83.1308,39.7959],[-83.1283,39.7983],[-83.1284,39.8009],[-83.1271,39.8031],[-83.1278,39.8048],[-83.1283,39.8097],[-83.1297,39.8135],[-83.1297,39.8156],[-83.1327,39.82],[-83.1347,39.8245],[-83.1364,39.8263],[-83.1347,39.8279]]]},"properties":{"objectid":70492,"tnmid":"{D48617AE-1C8E-446B-82A1-682E2A571E4E}","metasourceid":"{511D2AC8-11BA-45FC-AB98-F69D693D4C44}","sourcedatadesc":"Watershed Boundary Dataset (WBD)","sourceoriginator":"Natural Resources and Conservation Service and U.S. Geological Survey","sourcefeatureid":null,"loaddate":1723704945000,"referencegnis_ids":"1041121,1066575","areaacres":23162.58,"areasqkm":93.74,"states":"OH","huc12":"050600012203","name":"Greenbrier Creek-Big Darby Creek","hutype":"S","humod":"TF","tohuc":"050600012204","noncontributingareaacres":0,"noncontributingareasqkm":0,"globalid":"{B47FE480-E29C-11E2-8094-0021280458E6}","shape_Length":67737.87867261277,"shape_Area":158876318.50329238}},{"type":"Feature","id":70493,"geometry":{"type":"Polygon","coordinates":[[[-83.1512,39.9597],[-83.1518,39.9622],[-83.153,39.9629],[-83.1546,39.9602],[-83.1588,39.9572],[-83.1581,39.9522],[-83.1596,39.9509],[-83.1596,39.9499],[-83.1618,39.9483],[-83.1622,39.9461],[-83.1631,39.9452],[-83.16,39.9414],[-83.1658,39.9355],[-83.1614,39.9332],[-83.1622,39.9321],[-83.1625,39.9247],[-83.1573,39.9234],[-83.1525,39.9201],[-83.1462,39.9232],[-83.144,39.9191],[-83.1439,39.9168],[-83.1453,39.9144],[-83.1449,39.9106],[-83.1459,39.909],[-83.1451,39.9077],[-83.1408,39.9051],[-83.138,39.9024],[-83.1395,39.8953],[-83.1375,39.8943],[-83.1346,39.8953],[-83.1272,39.8923],[-83.1225,39.8913],[-83.1135,39.8934],[-83.0929,39.8869],[-83.0893,39.8848],[-83.0784,39.8834],[-83.0739,39.8838],[-83.0662,39.8873],[-83.0522,39.8868],[-83.0459,39.8855],[-83.0353,39.8859],[-83.0318,39.887],[-83.0186,39.8802],[-83.0193,39.8816],[-83.0256,39.885],[-83.0247,39.8981],[-83.0237,39.902],[-83.0236,39.9045],[-83.0245,39.9066],[-83.0233,39.9085],[-83.0313,39.9107],[-83.0321,39.9117],[-83.0312,39.9134],[-83.0321,39.9143],[-83.0411,39.9171],[-83.0462,39.9177],[-83.0467,39.9211],[-83.0462,39.9229],[-83.0513,39.9308],[-83.0522,39.9359],[-83.0515,39.938],[-83.052,39.9387],[-83.0555,39.9389],[-83.057,39.9396],[-83.0574,39.9404],[-83.0556,39.9411],[-83.0558,39.9438],[-83.0566,39.9446],[-83.0657,39.9462],[-83.0794,39.9453],[-83.0834,39.9463],[-83.1038,39.9428],[-83.1136,39.9436],[-83.1195,39.9461],[-83.1198,39.9486],[-83.1209,39.9499],[-83.127,39.9523],[-83.1396,39.9516],[-83.1411,39.952],[-83.1452,39.9547],[-83.1456,39.9573],[-83.1473,39.9581],[-83.1477,39.9597],[-83.1512,39.9597]]]},"properties":{"objectid":70493,"tnmid":"{A4BCB7DB-58A7-4A8C-B213-090E7AF09D27}","metasourceid":"{511D2AC8-11BA-45FC-AB98-F69D693D4C44}","sourcedatadesc":"Watershed Boundary Dataset (WBD)","sourceoriginator":"Natural Resources and Conservation Service and U.S. Geological Survey","sourcefeatureid":null,"loaddate":1723704945000,"referencegnis_ids":"1066947","areaacres":15771.99,"areasqkm":63.83,"states":"OH","huc12":"050600012301","name":"Scioto Big Run","hutype":"S","humod":"MA,TF","tohuc":"050600012302","noncontributingareaacres":0,"noncontributingareasqkm":0,"globalid":"{B480197A-E29C-11E2-8094-0021280458E6}","shape_Length":53561.47075438612,"shape_Area":108636201.70434022}},{"type":"Feature","id":70494,"geometry":{"type":"Polygon","coordinates":[[[-82.9466,39.9191],[-82.9465,39.9254],[-82.9482,39.9284],[-82.9553,39.9311],[-82.9598,39.9378],[-82.9614,39.9391],[-82.9625,39.9416],[-82.9649,39.9426],[-82.9645,39.9457],[-82.9666,39.9516],[-82.9658,39.9556],[-82.9665,39.9619],[-82.9673,39.9626],[-82.9659,39.9643],[-82.9668,39.9686],[-82.9663,39.9723],[-82.9677,39.975],[-82.9693,39.9817],[-82.9716,39.9877],[-82.9741,39.9831],[-82.9794,39.9813],[-82.9992,39.9814],[-82.9995,39.9788],[-83.0024,39.9776],[-83.0058,39.974],[-83.0114,39.9736],[-83.0122,39.9719],[-83.0114,39.9679],[-83.0144,39.9662],[-83.0141,39.9636],[-83.0179,39.9634],[-83.0194,39.9619],[-83.0502,39.9626],[-83.0544,39.9597],[-83.055,39.9588],[-83.0545,39.9578],[-83.0557,39.9567],[-83.0681,39.9566],[-83.0754,39.9554],[-83.0842,39.9514],[-83.0954,39.9492],[-83.1092,39.9431],[-83.1038,39.9428],[-83.0834,39.9463],[-83.0794,39.9453],[-83.0657,39.9462],[-83.0562,39.9443],[-83.0556,39.9411],[-83.0573,39.9403],[-83.0559,39.9389],[-83.0517,39.9384],[-83.0514,39.9374],[-83.0522,39.9359],[-83.0513,39.9308],[-83.0462,39.9229],[-83.0467,39.9211],[-83.0462,39.9177],[-83.0411,39.9171],[-83.0321,39.9143],[-83.0312,39.9134],[-83.0321,39.9117],[-83.0313,39.9107],[-83.0233,39.9085],[-83.0245,39.9066],[-83.0236,39.9045],[-83.0237,39.902],[-83.0247,39.8981],[-83.0256,39.885],[-83.0193,39.8816],[-83.0178,39.8797],[-83.0167,39.8798],[-83.0066,39.8757],[-83.0055,39.8757],[-83.0052,39.8768],[-82.9998,39.8803],[-83.0007,39.8824],[-82.998,39.8888],[-82.9945,39.8877],[-82.9926,39.8862],[-82.9896,39.8859],[-82.9901,39.884],[-82.9897,39.8826],[-82.983,39.8799],[-82.9776,39.8858],[-82.9704,39.8868],[-82.9675,39.8877],[-82.966,39.8863],[-82.9627,39.8849],[-82.962,39.8831],[-82.9598,39.8842],[-82.9534,39.8901],[-82.95,39.8906],[-82.949,39.892],[-82.9466,39.9191]]]},"properties":{"objectid":70494,"tnmid":"{4D85B067-3427-4796-B309-9FB7812F733C}","metasourceid":"{511D2AC8-11BA-45FC-AB98-F69D693D4C44}","sourcedatadesc":"Watershed Boundary Dataset (WBD)","sourceoriginator":"Natural Resources and Conservation Service and U.S. Geological Survey","sourcefeatureid":null,"loaddate":1723704945000,"referencegnis_ids":"1042248,1072258","areaacres":18881.1,"areasqkm":76.41,"states":"OH","huc12":"050600012302","name":"Kian Run-Scioto River","hutype":"S","humod":"MA,TF","tohuc":"050600012303","noncontributingareaacres":0,"noncontributingareasqkm":0,"globalid":"{B4803053-E29C-11E2-8094-0021280458E6}","shape_Length":64521.337829083284,"shape_Area":130097449.6768602}},{"type":"Feature","id":70495,"geometry":{"type":"Polygon","coordinates":[[[-83.1338,39.8949],[-83.1353,39.8953],[-83.1375,39.8943],[-83.1387,39.8953],[-83.14,39.895],[-83.1403,39.893],[-83.1419,39.8922],[-83.1428,39.8895],[-83.144,39.8882],[-83.1421,39.8832],[-83.1442,39.8819],[-83.1443,39.8811],[-83.1422,39.8797],[-83.1417,39.875],[-83.1366,39.8743],[-83.135,39.8735],[-83.1342,39.8719],[-83.1354,39.8666],[-83.1396,39.8619],[-83.1383,39.855],[-83.1347,39.8509],[-83.1275,39.8454],[-83.1264,39.8436],[-83.1367,39.8303],[-83.1346,39.8281],[-83.1364,39.8267],[-83.1362,39.826],[-83.1347,39.8245],[-83.1327,39.82],[-83.1297,39.8156],[-83.1297,39.8135],[-83.1283,39.8097],[-83.1279,39.806],[-83.1171,39.8049],[-83.1136,39.8036],[-83.0938,39.8031],[-83.0856,39.8076],[-83.0823,39.8078],[-83.08,39.8088],[-83.0732,39.8077],[-83.0615,39.8084],[-83.0556,39.8115],[-83.0524,39.8123],[-83.0502,39.8121],[-83.0477,39.8153],[-83.0456,39.8166],[-83.0405,39.8181],[-83.0369,39.8182],[-83.0296,39.8149],[-83.0278,39.8145],[-83.0252,39.8148],[-83.0216,39.8139],[-83.0204,39.8108],[-83.0224,39.8049],[-83.0216,39.8033],[-83.0207,39.8028],[-83.0186,39.8045],[-83.0152,39.8049],[-83.0145,39.8044],[-83.0143,39.8023],[-83.0111,39.8015],[-83.0106,39.7996],[-83.0098,39.799],[-83.0083,39.8001],[-83.0077,39.8016],[-83.0044,39.8033],[-83.0047,39.805],[-82.9992,39.805],[-82.9983,39.8053],[-82.9979,39.8069],[-82.9948,39.8077],[-83.0012,39.824],[-83.0002,39.8352],[-82.9978,39.836],[-82.9993,39.8403],[-82.999,39.8421],[-82.9979,39.8427],[-83.0027,39.8538],[-82.9985,39.8549],[-82.9967,39.8524],[-82.9967,39.851],[-82.9949,39.8502],[-82.993,39.8507],[-82.9928,39.8493],[-82.9941,39.8461],[-82.9942,39.844],[-82.9887,39.8434],[-82.9861,39.8451],[-82.9836,39.8498],[-82.9807,39.853],[-82.9749,39.8572],[-82.9727,39.8597],[-82.9705,39.8609],[-82.9679,39.8609],[-82.9648,39.8627],[-82.9615,39.8624],[-82.957,39.8652],[-82.9605,39.875],[-82.9609,39.8816],[-82.9622,39.8829],[-82.9626,39.8848],[-82.966,39.8863],[-82.9675,39.8877],[-82.9704,39.8868],[-82.9776,39.8858],[-82.9782,39.8846],[-82.9832,39.8799],[-82.9897,39.8826],[-82.9901,39.884],[-82.9896,39.8859],[-82.9926,39.8862],[-82.9945,39.8877],[-82.998,39.8888],[-83.0007,39.8824],[-82.9998,39.8803],[-83.0052,39.8768],[-83.0061,39.8756],[-83.01,39.8767],[-83.0167,39.8798],[-83.0192,39.8802],[-83.0318,39.887],[-83.0353,39.8859],[-83.0459,39.8855],[-83.0522,39.8868],[-83.0662,39.8873],[-83.0739,39.8838],[-83.0784,39.8834],[-83.0893,39.8848],[-83.0929,39.8869],[-83.1135,39.8934],[-83.1225,39.8913],[-83.1272,39.8923],[-83.1338,39.8949]]]},"properties":{"objectid":70495,"tnmid":"{712A3252-CEEF-4840-A32B-D8139184CE50}","metasourceid":"{511D2AC8-11BA-45FC-AB98-F69D693D4C44}","sourcedatadesc":"Watershed Boundary Dataset (WBD)","sourceoriginator":"Natural Resources and Conservation Service and U.S. Geological Survey","sourcefeatureid":null,"loaddate":1723704945000,"referencegnis_ids":"1066730,1072258","areaacres":27895.51,"areasqkm":112.89,"states":"OH","huc12":"050600012303","name":"Grant Run-Scioto River","hutype":"S","humod":"TF","tohuc":"050600012304","noncontributingareaacres":0,"noncontributingareasqkm":0,"globalid":"{B4804E6A-E29C-11E2-8094-0021280458E6}","shape_Length":77303.20088142132,"shape_Area":191764242.48503852}},{"type":"Feature","id":70498,"geometry":{"type":"Polygon","coordinates":[[[-83.3003,39.8925],[-83.3015,39.8972],[-83.3033,39.8996],[-83.3057,39.8998],[-83.3047,39.9015],[-83.3069,39.9028],[-83.3074,39.9042],[-83.307,39.905],[-83.3094,39.9064],[-83.3123,39.91],[-83.3192,39.9104],[-83.3197,39.912],[-83.3234,39.9135],[-83.3263,39.9132],[-83.3266,39.9147],[-83.3242,39.9167],[-83.3225,39.9192],[-83.3237,39.9216],[-83.3228,39.9224],[-83.3233,39.9238],[-83.3253,39.9245],[-83.3252,39.9284],[-83.327,39.9288],[-83.3274,39.9303],[-83.329,39.9303],[-83.3291,39.9309],[-83.3307,39.9311],[-83.3313,39.9326],[-83.3328,39.9327],[-83.3341,39.9319],[-83.3377,39.9321],[-83.3395,39.9313],[-83.3414,39.9319],[-83.3435,39.9315],[-83.3468,39.9325],[-83.3471,39.9313],[-83.3484,39.9314],[-83.3501,39.9301],[-83.3515,39.9312],[-83.351,39.9325],[-83.353,39.9323],[-83.3543,39.9329],[-83.3538,39.9353],[-83.3556,39.9359],[-83.3555,39.9368],[-83.3535,39.9393],[-83.355,39.94],[-83.3557,39.9411],[-83.3553,39.9426],[-83.3565,39.9444],[-83.356,39.9455],[-83.3578,39.9464],[-83.3581,39.9472],[-83.3603,39.948],[-83.3602,39.9489],[-83.3625,39.9486],[-83.3641,39.9473],[-83.3649,39.948],[-83.3687,39.9487],[-83.3694,39.9496],[-83.3694,39.9521],[-83.3702,39.9539],[-83.3702,39.9582],[-83.3717,39.9597],[-83.3741,39.9607],[-83.3726,39.9629],[-83.3742,39.9648],[-83.3738,39.9679],[-83.3773,39.9684],[-83.3801,39.967],[-83.3829,39.967],[-83.3876,39.9652],[-83.3913,39.9648],[-83.3963,39.9631],[-83.3965,39.9577],[-83.3952,39.9548],[-83.3941,39.9542],[-83.3939,39.9525],[-83.3892,39.9491],[-83.3884,39.9472],[-83.3862,39.9465],[-83.386,39.9453],[-83.3848,39.9447],[-83.3862,39.943],[-83.3861,39.9415],[-83.3877,39.9386],[-83.3862,39.9373],[-83.3855,39.9377],[-83.3806,39.9368],[-83.3795,39.935],[-83.38,39.933],[-83.3795,39.9312],[-83.3813,39.9303],[-83.3803,39.93],[-83.38,39.9287],[-83.3788,39.9282],[-83.3811,39.9262],[-83.3791,39.9255],[-83.3797,39.9243],[-83.3791,39.9225],[-83.3813,39.9198],[-83.3793,39.917],[-83.3806,39.9162],[-83.3815,39.9164],[-83.38,39.9152],[-83.3826,39.9119],[-83.3805,39.9106],[-83.3801,39.9089],[-83.3786,39.9086],[-83.379,39.9042],[-83.3778,39.9005],[-83.3745,39.8987],[-83.3733,39.8987],[-83.3725,39.8975],[-83.3727,39.8955],[-83.374,39.8949],[-83.3753,39.8928],[-83.3748,39.8912],[-83.3732,39.8894],[-83.3742,39.8883],[-83.3718,39.8876],[-83.3709,39.8861],[-83.3713,39.8843],[-83.3703,39.8837],[-83.3708,39.8829],[-83.3705,39.8815],[-83.3685,39.8804],[-83.369,39.8794],[-83.3684,39.8778],[-83.3667,39.8769],[-83.3667,39.8761],[-83.3652,39.8765],[-83.3635,39.8755],[-83.3641,39.8747],[-83.3639,39.872],[-83.3652,39.8702],[-83.3642,39.8696],[-83.3599,39.8705],[-83.3581,39.8694],[-83.3577,39.8685],[-83.3586,39.8657],[-83.3602,39.8637],[-83.3577,39.862],[-83.3562,39.8599],[-83.3578,39.859],[-83.3566,39.8578],[-83.3567,39.8566],[-83.3579,39.8559],[-83.3568,39.8544],[-83.3489,39.8528],[-83.3474,39.8539],[-83.3485,39.855],[-83.3459,39.8585],[-83.3451,39.8588],[-83.3454,39.8599],[-83.3433,39.8607],[-83.3391,39.8607],[-83.337,39.8615],[-83.3367,39.8628],[-83.3306,39.8642],[-83.3288,39.8639],[-83.329,39.8624],[-83.3228,39.8601],[-83.3211,39.8575],[-83.315,39.858],[-83.306,39.8556],[-83.3044,39.8572],[-83.3056,39.8586],[-83.3055,39.8597],[-83.308,39.8611],[-83.3056,39.8627],[-83.3026,39.862],[-83.2995,39.8598],[-83.2962,39.8606],[-83.295,39.862],[-83.2972,39.8637],[-83.2958,39.8665],[-83.2967,39.8673],[-83.2961,39.8703],[-83.2972,39.8717],[-83.2995,39.8726],[-83.2999,39.8743],[-83.3015,39.8762],[-83.2998,39.8783],[-83.3001,39.8796],[-83.2992,39.8812],[-83.2972,39.8823],[-83.2971,39.8843],[-83.2949,39.8852],[-83.2968,39.8869],[-83.3024,39.8892],[-83.3021,39.8904],[-83.3003,39.8925]]]},"properties":{"objectid":70498,"tnmid":"{BC137A86-044D-4ADD-8C62-7C5EFB63139A}","metasourceid":"{511D2AC8-11BA-45FC-AB98-F69D693D4C44}","sourcedatadesc":"Watershed Boundary Dataset (WBD)","sourceoriginator":"Natural Resources and Conservation Service and U.S. Geological Survey","sourcefeatureid":null,"loaddate":1723704945000,"referencegnis_ids":"1040880","areaacres":13187.04,"areasqkm":53.37,"states":"OH","huc12":"050600020103","name":"Glade Run","hutype":"S","humod":"TF","tohuc":"050600020106","noncontributingareaacres":0,"noncontributingareasqkm":0,"globalid":"{B480F700-E29C-11E2-8094-0021280458E6}","shape_Length":61127.62249760086,"shape_Area":90791536.06990008}}]}