{"type":"FeatureCollection","features":[{"type":"Feature","id":49,"geometry":{"type":"Polygon","coordinates":[[[-77.6012,40.2385],[-77.6113,40.2356],[-77.6474,40.2121],[-77.6531,40.2109],[-77.6467,40.2228],[-77.6503,40.2257],[-77.6789,40.2033],[-77.7117,40.1736],[-77.7168,40.1785],[-77.7273,40.1843],[-77.7346,40.1919],[-77.7479,40.1985],[-77.7497,40.2013],[-77.753,40.201],[-77.7639,40.2083],[-77.7963,40.1672],[-77.8121,40.1417],[-77.8152,40.1335],[-77.8355,40.106],[-77.8592,40.0651],[-77.8627,40.0617],[-77.8678,40.0604],[-77.8759,40.0551],[-77.8833,40.0484],[-77.8933,40.0334],[-77.9019,40.026],[-77.9066,40.0173],[-77.9191,40.0039],[-77.923,39.9956],[-77.9202,39.9905],[-77.9322,39.9715],[-77.9365,39.9604],[-77.9382,39.9477],[-77.9437,39.9424],[-77.9456,39.9367],[-77.9534,39.9315],[-77.9563,39.927],[-77.9591,39.9284],[-77.9612,39.9325],[-77.9626,39.9588],[-77.945,39.9822],[-77.9376,39.9948],[-77.9161,40.0387],[-77.9146,40.0427],[-77.9266,40.049],[-77.9414,40.0406],[-77.9586,40.0223],[-77.9666,40.0263],[-77.9701,40.0342],[-77.9749,40.0345],[-77.9818,40.0321],[-77.9849,40.0342],[-77.9846,40.0372],[-77.9901,40.0419],[-77.9989,40.0387],[-78.0011,40.0424],[-78.0008,40.0454],[-78.0092,40.0492],[-78.0084,40.0582],[-78.0145,40.0559],[-78.015,40.0582],[-78.0173,40.0593],[-78.026,40.051],[-78.0286,40.046],[-78.0343,40.048],[-78.0365,40.0462],[-78.0362,40.0438],[-78.0423,40.0405],[-78.0463,40.0401],[-78.0484,40.0364],[-78.0546,40.0317],[-78.0598,40.0333],[-78.0633,40.0325],[-78.0677,40.0349],[-78.0744,40.0312],[-78.0773,40.0316],[-78.0788,40.0286],[-78.0824,40.0275],[-78.0857,40.0317],[-78.0924,40.034],[-78.0951,40.0322],[-78.101,40.0347],[-78.1131,40.0359],[-78.1173,40.0316],[-78.1189,40.0257],[-78.1412,40.0185],[-78.1517,40.0195],[-78.1484,40.0119],[-78.1296,40.0091],[-78.1314,40.0066],[-78.1315,40.0022],[-78.1377,39.9916],[-78.1614,39.9647],[-78.1641,39.9589],[-78.1696,39.9527],[-78.1808,39.9479],[-78.1831,39.9412],[-78.1912,39.9358],[-78.1944,39.928],[-78.204,39.9171],[-78.2106,39.9052],[-78.2206,39.8995],[-78.2298,39.8905],[-78.2441,39.885],[-78.2539,39.8736],[-78.2662,39.8629],[-78.2915,39.8284],[-78.2947,39.826],[-78.2992,39.8262],[-78.2907,39.844],[-78.2661,39.9057],[-78.27,39.9078],[-78.2737,39.9122],[-78.278,39.9093],[-78.2815,39.9121],[-78.2842,39.9108],[-78.2922,39.9143],[-78.2995,39.9145],[-78.3135,39.9064],[-78.3163,39.9023],[-78.3185,39.905],[-78.327,39.9071],[-78.332,39.9034],[-78.3337,39.9052],[-78.3331,39.9116],[-78.3417,39.9132],[-78.3438,39.9018],[-78.354,39.9019],[-78.3556,39.8946],[-78.3632,39.8868],[-78.3628,39.8834],[-78.3659,39.8785],[-78.3649,39.876],[-78.3684,39.8749],[-78.3773,39.8585],[-78.3853,39.8559],[-78.3882,39.8489],[-78.3959,39.8452],[-78.398,39.8482],[-78.4026,39.8498],[-78.4106,39.8522],[-78.4154,39.8505],[-78.4208,39.8532],[-78.4124,39.8672],[-78.4199,39.8721],[-78.4185,39.8761],[-78.4255,39.8767],[-78.427,39.8844],[-78.4318,39.8857],[-78.4244,39.893],[-78.4258,39.8958],[-78.4231,39.9021],[-78.4251,39.9035],[-78.4275,39.9017],[-78.4312,39.903],[-78.4332,39.9077],[-78.437,39.9102],[-78.4398,39.9079],[-78.449,39.9108],[-78.4649,39.8935],[-78.4718,39.8971],[-78.4745,39.897],[-78.4799,39.9018],[-78.5059,39.872],[-78.5144,39.8748],[-78.5174,39.871],[-78.5283,39.8648],[-78.5304,39.8584],[-78.537,39.8543],[-78.556,39.8479],[-78.5616,39.8488],[-78.5664,39.8537],[-78.5726,39.8505],[-78.5822,39.8571],[-78.5809,39.859],[-78.5805,39.8678],[-78.5841,39.8696],[-78.5758,39.8898],[-78.5898,39.8931],[-78.5972,39.8926],[-78.5807,39.9298],[-78.5867,39.9295],[-78.5906,39.9333],[-78.6004,39.9387],[-78.6254,39.9058],[-78.6349,39.8875],[-78.6474,39.8732],[-78.6566,39.8819],[-78.6597,39.8828],[-78.6631,39.8804],[-78.6659,39.8819],[-78.6544,39.9],[-78.6502,39.9107],[-78.6483,39.9213],[-78.6423,39.9334],[-78.6543,39.9413],[-78.6618,39.9411],[-78.6645,39.9375],[-78.6716,39.9433],[-78.6775,39.945],[-78.6835,39.9539],[-78.6955,39.9572],[-78.6979,39.9607],[-78.7022,39.9629],[-78.702,39.9649],[-78.7103,39.9651],[-78.7276,39.9596],[-78.7358,39.9587],[-78.7474,39.9516],[-78.7547,39.9559],[-78.7549,39.958],[-78.7625,39.9582],[-78.7659,39.9565],[-78.7714,39.949],[-78.7693,39.9437],[-78.7671,39.9431],[-78.7695,39.9373],[-78.7733,39.9338],[-78.7808,39.9341],[-78.7882,39.9312],[-78.7896,39.9276],[-78.8059,39.9331],[-78.8091,39.9359],[-78.8139,39.9342],[-78.8253,39.9343],[-78.8313,39.9369],[-78.8316,39.9389],[-78.8362,39.9417],[-78.8434,39.9444],[-78.8518,39.9353],[-78.8577,39.9331],[-78.8599,39.9253],[-78.8737,39.9137],[-78.8764,39.912],[-78.8876,39.9136],[-78.8937,39.9063],[-78.9054,39.8974],[-78.9144,39.8859],[-78.9164,39.8804],[-78.9248,39.8723],[-78.9264,39.8688],[-78.9356,39.8597],[-78.9511,39.8481],[-78.9521,39.8414],[-78.9706,39.8227],[-78.9668,39.8189],[-78.9652,39.8137],[-78.9572,39.8084],[-78.9501,39.8076],[-78.9502,39.8009],[-78.9444,39.7971],[-78.9387,39.7973],[-78.9403,39.7933],[-78.9378,39.7925],[-78.9371,39.7899],[-78.9293,39.7862],[-78.9249,39.7882],[-78.9223,39.7869],[-78.9241,39.7814],[-78.9206,39.7736],[-78.9176,39.7716],[-78.914,39.7721],[-78.9108,39.767],[-78.9113,39.7648],[-78.9088,39.7617],[-78.9123,39.758],[-78.9151,39.7515],[-78.9148,39.7467],[-78.9186,39.7439],[-78.9122,39.7368],[-78.9202,39.73],[-78.9246,39.7222],[-78.9335,39.7175],[-78.9358,39.7124],[-78.9565,39.6958],[-78.9657,39.686],[-78.9722,39.6924],[-78.9837,39.681],[-78.9892,39.6821],[-78.9931,39.6806],[-78.9974,39.6814],[-79.0057,39.6889],[-79.0175,39.6884],[-79.0225,39.6859],[-79.0306,39.6877],[-79.0373,39.685],[-79.0394,39.6763],[-79.0533,39.6743],[-79.0559,39.6703],[-79.0595,39.6686],[-79.0693,39.6695],[-79.0737,39.6741],[-79.0771,39.6719],[-79.0794,39.6674],[-79.0839,39.6646],[-79.0928,39.6525],[-79.0983,39.6517],[-79.1003,39.6538],[-79.1053,39.6546],[-79.1134,39.651],[-79.1246,39.6445],[-79.1295,39.6357],[-79.14,39.6324],[-79.1433,39.6282],[-79.151,39.6255],[-79.1684,39.6087],[-79.1807,39.5998],[-79.1872,39.5973],[-79.1901,39.59],[-79.1972,39.5838],[-79.2057,39.5729],[-79.2252,39.5552],[-79.2391,39.5452],[-79.234,39.5384],[-79.2311,39.5386],[-79.2356,39.5364],[-79.2428,39.5291],[-79.2321,39.5218],[-79.2265,39.5237],[-79.2306,39.5179],[-79.2268,39.5138],[-79.2285,39.5084],[-79.2255,39.5076],[-79.2231,39.5094],[-79.2213,39.5071],[-79.2187,39.507],[-79.2075,39.5127],[-79.2098,39.507],[-79.2146,39.5017],[-79.2147,39.499],[-79.2175,39.498],[-79.2207,39.4941],[-79.2272,39.494],[-79.2243,39.4909],[-79.2254,39.4857],[-79.2285,39.4838],[-79.2293,39.4812],[-79.2274,39.4762],[-79.2387,39.4745],[-79.2385,39.4716],[-79.2462,39.4704],[-79.2485,39.468],[-79.2527,39.4669],[-79.2544,39.4626],[-79.2668,39.4587],[-79.2683,39.4547],[-79.2797,39.4504],[-79.286,39.4446],[-79.2801,39.4417],[-79.2814,39.4402],[-79.279,39.437],[-79.2818,39.4314],[-79.2749,39.4188],[-79.2779,39.418],[-79.2815,39.4126],[-79.2911,39.4081],[-79.2913,39.4042],[-79.2955,39.3962],[-79.3006,39.394],[-79.3014,39.3958],[-79.311,39.3915],[-79.3157,39.3856],[-79.33,39.3785],[-79.3373,39.3725],[-79.3451,39.3637],[-79.3585,39.3532],[-79.3658,39.3443],[-79.3808,39.3318],[-79.3901,39.3213],[-79.4424,39.2806],[-79.461,39.26],[-79.4694,39.2537],[-79.4748,39.2469],[-79.5096,39.2143],[-79.5117,39.2102],[-79.5071,39.2054],[-79.5083,39.2042],[-79.5075,39.2001],[-79.5032,39.1967],[-79.5052,39.1949],[-79.5049,39.192],[-79.4865,39.1926],[-79.4845,39.1893],[-79.4802,39.1884],[-79.4754,39.1847],[-79.4735,39.1813],[-79.4672,39.1786],[-79.4631,39.1819],[-79.444,39.1852],[-79.4423,39.1868],[-79.4417,39.1919],[-79.4349,39.1917],[-79.4287,39.1865],[-79.4231,39.191],[-79.4188,39.1911],[-79.413,39.1885],[-79.4059,39.191],[-79.4013,39.1901],[-79.3941,39.1919],[-79.3919,39.1938],[-79.3927,39.197],[-79.3912,39.1989],[-79.3824,39.2],[-79.3821,39.2039],[-79.3782,39.2049],[-79.3694,39.203],[-79.3669,39.1996],[-79.3646,39.1992],[-79.3594,39.203],[-79.3576,39.208],[-79.3476,39.2071],[-79.3444,39.214],[-79.3324,39.2145],[-79.326,39.2115],[-79.3233,39.2079],[-79.3165,39.2107],[-79.3093,39.2112],[-79.3067,39.2097],[-79.3042,39.2041],[-79.3003,39.2024],[-79.2895,39.1889],[-79.2965,39.1882],[-79.3001,39.1849],[-79.3085,39.1823],[-79.3131,39.1771],[-79.3107,39.1729],[-79.3117,39.1702],[-79.3214,39.1637],[-79.324,39.1577],[-79.331,39.1501],[-79.331,39.1393],[-79.3264,39.1339],[-79.3312,39.1281],[-79.3359,39.1272],[-79.3355,39.1242],[-79.3314,39.1217],[-79.3315,39.1185],[-79.3461,39.1085],[-79.3468,39.1009],[-79.3495,39.0987],[-79.3488,39.0932],[-79.3549,39.0865],[-79.333,39.0824],[-79.3271,39.0736],[-79.3139,39.0702],[-79.3058,39.0771],[-79.2984,39.0738],[-79.2988,39.0679],[-79.3024,39.0636],[-79.3012,39.0604],[-79.3032,39.0558],[-79.3022,39.053],[-79.3041,39.05],[-79.3037,39.0466],[-79.3078,39.0411],[-79.3132,39.0417],[-79.3182,39.036],[-79.3104,39.0303],[-79.3122,39.0191],[-79.32,39.0123],[-79.3209,39.0052],[-79.3287,38.9945],[-79.3296,38.9836],[-79.3369,38.977],[-79.3405,38.9693],[-79.3573,38.9642],[-79.3495,38.9574],[-79.3548,38.953],[-79.3565,38.9434],[-79.3619,38.9346],[-79.3665,38.9306],[-79.3678,38.9244],[-79.3732,38.923],[-79.3753,38.9208],[-79.3899,38.9232],[-79.4152,38.9226],[-79.4252,38.9291],[-79.435,38.9311],[-79.4425,38.9324],[-79.454,38.9303],[-79.4562,38.9291],[-79.4554,38.9177],[-79.4497,38.913],[-79.4495,38.9083],[-79.4457,38.9048],[-79.448,38.9018],[-79.4466,38.8998],[-79.4586,38.8959],[-79.4625,38.8924],[-79.4736,38.892],[-79.4828,38.8863],[-79.4926,38.8887],[-79.4955,38.8914],[-79.5091,38.8939],[-79.5197,38.8917],[-79.518,38.8843],[-79.5103,38.876],[-79.5126,38.8671],[-79.5237,38.8558],[-79.5301,38.8522],[-79.5313,38.8481],[-79.5386,38.8433],[-79.5395,38.8411],[-79.5234,38.8307],[-79.5296,38.8191],[-79.5274,38.8139],[-79.5163,38.8084],[-79.5075,38.8],[-79.506,38.7943],[-79.5098,38.7883],[-79.5086,38.7837],[-79.5103,38.7806],[-79.5156,38.7795],[-79.5161,38.7764],[-79.527,38.7629],[-79.527,38.7601],[-79.5354,38.7466],[-79.5431,38.7467],[-79.5467,38.7354],[-79.5572,38.7314],[-79.5576,38.7274],[-79.5608,38.7252],[-79.5606,38.7173],[-79.5665,38.713],[-79.5714,38.7134],[-79.5737,38.7075],[-79.5759,38.7061],[-79.5769,38.7017],[-79.5877,38.6945],[-79.5882,38.6896],[-79.5979,38.6872],[-79.5973,38.6826],[-79.6014,38.679],[-79.599,38.6772],[-79.599,38.6729],[-79.594,38.6656],[-79.5956,38.663],[-79.6158,38.6677],[-79.6183,38.6665],[-79.623,38.6684],[-79.626,38.6665],[-79.6264,38.6628],[-79.6181,38.6584],[-79.6255,38.6466],[-79.6308,38.644],[-79.634,38.6364],[-79.63,38.634],[-79.6276,38.6302],[-79.6282,38.6264],[-79.62,38.6234],[-79.6193,38.6202],[-79.6233,38.6143],[-79.6277,38.6118],[-79.6272,38.6076],[-79.6335,38.6069],[-79.643,38.6026],[-79.6422,38.5999],[-79.6435,38.5978],[-79.6465,38.5975],[-79.6499,38.5936],[-79.6493,38.5912],[-79.6553,38.583],[-79.6581,38.5732],[-79.6629,38.5706],[-79.6594,38.5627],[-79.6627,38.5607],[-79.6654,38.561],[-79.6679,38.5524],[-79.67,38.5507],[-79.6692,38.5454],[-79.671,38.5412],[-79.6671,38.5385],[-79.6731,38.5289],[-79.6665,38.524],[-79.6631,38.5188],[-79.6625,38.5149],[-79.6684,38.5126],[-79.6706,38.508],[-79.674,38.5104],[-79.6807,38.5108],[-79.6832,38.5014],[-79.6884,38.4964],[-79.6919,38.4967],[-79.6947,38.4942],[-79.6976,38.4873],[-79.6957,38.4819],[-79.6935,38.4805],[-79.6993,38.4748],[-79.6993,38.47],[-79.6956,38.469],[-79.6911,38.4639],[-79.6885,38.4571],[-79.6883,38.4505],[-79.6916,38.4464],[-79.6894,38.4422],[-79.6916,38.4373],[-79.6899,38.4313],[-79.6874,38.4313],[-79.6787,38.4368],[-79.6657,38.4662],[-79.6595,38.4679],[-79.6569,38.4726],[-79.6581,38.4791],[-79.6559,38.4825],[-79.6543,38.4842],[-79.6395,38.4834],[-79.6413,38.4774],[-79.6347,38.4721],[-79.6259,38.4678],[-79.6399,38.4528],[-79.6411,38.4488],[-79.6433,38.4472],[-79.6461,38.4378],[-79.6363,38.4359],[-79.6327,38.4317],[-79.6263,38.4312],[-79.6214,38.4266],[-79.6065,38.4205],[-79.6082,38.4179],[-79.6013,38.4137],[-79.5951,38.4118],[-79.588,38.4134],[-79.5839,38.4108],[-79.5832,38.4081],[-79.5717,38.4047],[-79.5626,38.398],[-79.5592,38.4054],[-79.5465,38.4123],[-79.5417,38.4113],[-79.5386,38.4081],[-79.5319,38.4086],[-79.5224,38.4055],[-79.5128,38.4053],[-79.5114,38.4093],[-79.5077,38.4114],[-79.5054,38.4161],[-79.4995,38.4208],[-79.499,38.4233],[-79.493,38.4254],[-79.4879,38.4349],[-79.4881,38.4408],[-79.4834,38.444],[-79.481,38.4529],[-79.4769,38.4566],[-79.474,38.4627],[-79.4614,38.4568],[-79.4481,38.454],[-79.4435,38.4497],[-79.4454,38.4467],[-79.4435,38.4424],[-79.4343,38.4399],[-79.4317,38.4408],[-79.4229,38.4285],[-79.4164,38.4252],[-79.4165,38.4226],[-79.4132,38.4202],[-79.4052,38.4187],[-79.4041,38.4162],[-79.4068,38.4116],[-79.4001,38.4087],[-79.4096,38.4057],[-79.4075,38.4025],[-79.4086,38.3999],[-79.3937,38.3904],[-79.39,38.3904],[-79.3844,38.3852],[-79.382,38.3855],[-79.3785,38.3875],[-79.3777,38.3897],[-79.3705,38.3926],[-79.3706,38.3945],[-79.3642,38.4018],[-79.3546,38.4049],[-79.3556,38.4099],[-79.3483,38.4114],[-79.3421,38.4081],[-79.3417,38.4024],[-79.3451,38.4004],[-79.3467,38.3974],[-79.3356,38.3943],[-79.3256,38.3816],[-79.3162,38.3788],[-79.3134,38.3718],[-79.2989,38.3636],[-79.2966,38.3604],[-79.2968,38.3565],[-79.3046,38.3541],[-79.3066,38.3521],[-79.3051,38.3488],[-79.2858,38.3411],[-79.2787,38.3305],[-79.2779,38.3265],[-79.2736,38.3245],[-79.2754,38.3185],[-79.2707,38.3179],[-79.2684,38.3144],[-79.2647,38.3126],[-79.2702,38.3077],[-79.2722,38.3004],[-79.2755,38.2985],[-79.2747,38.2932],[-79.27,38.2856],[-79.2723,38.2834],[-79.2788,38.2822],[-79.2862,38.2784],[-79.2879,38.2749],[-79.2863,38.2731],[-79.2884,38.2705],[-79.2861,38.2675],[-79.286,38.2621],[-79.2898,38.254],[-79.2826,38.2448],[-79.2767,38.2426],[-79.2827,38.2358],[-79.2923,38.2156],[-79.2964,38.2126],[-79.297,38.2046],[-79.2921,38.1981],[-79.2902,38.1901],[-79.3056,38.1823],[-79.3146,38.1694],[-79.314,38.1665],[-79.3104,38.1645],[-79.3005,38.1673],[-79.2949,38.1676],[-79.2909,38.166],[-79.285,38.1634],[-79.2796,38.1581],[-79.2742,38.1569],[-79.2721,38.1535],[-79.2682,38.1532],[-79.2631,38.1485],[-79.2656,38.1416],[-79.2635,38.138],[-79.266,38.133],[-79.2622,38.1212],[-79.2631,38.114],[-79.2611,38.1096],[-79.2614,38.1042],[-79.264,38.1005],[-79.2669,38.099],[-79.2671,38.0972],[-79.2703,38.0974],[-79.2727,38.0946],[-79.2814,38.0911],[-79.2855,38.082],[-79.2913,38.0774],[-79.2995,38.0678],[-79.3004,38.0638],[-79.3089,38.0558],[-79.3057,38.0523],[-79.3,38.0498],[-79.2986,38.0464],[-79.2922,38.0458],[-79.288,38.0413],[-79.2884,38.0374],[-79.2855,38.0366],[-79.2787,38.0404],[-79.2778,38.0386],[-79.2709,38.0362],[-79.26,38.0398],[-79.2515,38.0374],[-79.2434,38.0396],[-79.2406,38.0436],[-79.236,38.0429],[-79.2321,38.0465],[-79.2286,38.0466],[-79.2308,38.0378],[-79.2363,38.0323],[-79.2204,38.0262],[-79.2192,38.0274],[-79.2155,38.0242],[-79.2189,38.0213],[-79.2178,38.0188],[-79.2245,38.0153],[-79.2263,38.0119],[-79.2225,38.0089],[-79.2339,37.9949],[-79.2333,37.9937],[-79.2404,37.9866],[-79.2391,37.9851],[-79.2399,37.9812],[-79.2346,37.981],[-79.2299,37.9787],[-79.2297,37.9757],[-79.2273,37.9743],[-79.2281,37.9692],[-79.2246,37.9676],[-79.2243,37.9648],[-79.2142,37.9634],[-79.2051,37.9586],[-79.1955,37.9579],[-79.1956,37.9562],[-79.1911,37.9536],[-79.191,37.9511],[-79.1844,37.9508],[-79.1798,37.9483],[-79.1765,37.9507],[-79.1723,37.9492],[-79.1669,37.9547],[-79.1647,37.9506],[-79.1625,37.9499],[-79.1616,37.943],[-79.1592,37.9427],[-79.1577,37.9398],[-79.1556,37.9422],[-79.1507,37.9395],[-79.1484,37.9377],[-79.1488,37.9358],[-79.1451,37.9364],[-79.1425,37.9349],[-79.1341,37.936],[-79.1235,37.9412],[-79.115,37.9417],[-79.0998,37.9476],[-79.098,37.9535],[-79.0902,37.9509],[-79.0843,37.9516],[-79.0792,37.9542],[-79.0722,37.9525],[-79.0683,37.947],[-79.065,37.9454],[-79.0603,37.9457],[-79.0531,37.9406],[-79.0493,37.9343],[-79.0439,37.9315],[-79.0443,37.9299],[-79.0626,37.9176],[-79.0572,37.9129],[-79.0524,37.9129],[-79.0498,37.9047],[-79.0503,37.9],[-79.0451,37.8979],[-79.0437,37.8914],[-79.0174,37.8936],[-79.0166,37.8883],[-79.0121,37.8882],[-79.0056,37.8817],[-78.9875,37.8958],[-78.9855,37.9016],[-78.9807,37.9066],[-78.9703,37.9127],[-78.9548,37.9164],[-78.9592,37.9204],[-78.9569,37.9258],[-78.9418,37.9404],[-78.9259,37.9402],[-78.9213,37.9428],[-78.9199,37.9463],[-78.9102,37.9453],[-78.899,37.9489],[-78.9023,37.9515],[-78.901,37.955],[-78.9025,37.9578],[-78.8994,37.9623],[-78.9,37.9643],[-78.8926,37.9746],[-78.8939,37.9772],[-78.9031,37.9747],[-78.9077,37.976],[-78.906,37.9844],[-78.9071,37.9873],[-78.8974,37.995],[-78.8912,37.9946],[-78.8879,37.9965],[-78.888,37.9995],[-78.8818,38.0086],[-78.882,38.0179],[-78.8789,38.0202],[-78.8741,38.0283],[-78.8634,38.0278],[-78.8581,38.0295],[-78.8555,38.0356],[-78.85,38.038],[-78.8383,38.0485],[-78.8301,38.0541],[-78.8267,38.0546],[-78.8217,38.0593],[-78.8087,38.0621],[-78.7967,38.0674],[-78.7933,38.0697],[-78.7941,38.0778],[-78.7861,38.0817],[-78.7822,38.0809],[-78.7791,38.0846],[-78.7792,38.0896],[-78.7773,38.0934],[-78.781,38.097],[-78.7807,38.0989],[-78.7839,38.1009],[-78.7788,38.1066],[-78.7805,38.1082],[-78.7805,38.1127],[-78.7858,38.1144],[-78.7876,38.1174],[-78.7852,38.1199],[-78.7871,38.1215],[-78.7882,38.1266],[-78.7796,38.1321],[-78.7791,38.1397],[-78.7755,38.141],[-78.7742,38.1497],[-78.7716,38.1548],[-78.7705,38.1618],[-78.7719,38.1661],[-78.7683,38.1709],[-78.7673,38.1754],[-78.7634,38.1784],[-78.7619,38.1825],[-78.7569,38.1872],[-78.756,38.1913],[-78.7527,38.1942],[-78.7529,38.1969],[-78.751,38.1986],[-78.752,38.2025],[-78.7452,38.2139],[-78.7402,38.2197],[-78.7369,38.2195],[-78.7265,38.2291],[-78.7259,38.232],[-78.7114,38.2383],[-78.7109,38.2416],[-78.7063,38.2465],[-78.6968,38.246],[-78.6818,38.2549],[-78.6761,38.2531],[-78.6704,38.2473],[-78.6684,38.2507],[-78.6624,38.2534],[-78.6552,38.2604],[-78.6663,38.2661],[-78.6609,38.2695],[-78.6638,38.2771],[-78.6588,38.2868],[-78.6523,38.2934],[-78.6368,38.2912],[-78.6328,38.2934],[-78.6286,38.3],[-78.6202,38.3034],[-78.6031,38.3068],[-78.6013,38.3145],[-78.597,38.3169],[-78.5954,38.3206],[-78.5921,38.3212],[-78.5882,38.3247],[-78.581,38.3258],[-78.5797,38.3281],[-78.566,38.3289],[-78.5648,38.3311],[-78.5582,38.3315],[-78.5515,38.3364],[-78.554,38.3491],[-78.547,38.3528],[-78.5459,38.3568],[-78.5434,38.3588],[-78.5446,38.3629],[-78.5425,38.365],[-78.5317,38.3663],[-78.5227,38.3697],[-78.5264,38.3725],[-78.5225,38.3797],[-78.5184,38.3816],[-78.5158,38.3931],[-78.5144,38.3945],[-78.5076,38.3936],[-78.4996,38.3993],[-78.4985,38.4037],[-78.4931,38.4066],[-78.4942,38.4095],[-78.49,38.4146],[-78.4868,38.4159],[-78.4869,38.4208],[-78.4843,38.4236],[-78.4824,38.4298],[-78.4766,38.432],[-78.4779,38.4385],[-78.4744,38.4457],[-78.4728,38.4476],[-78.465,38.447],[-78.465,38.4523],[-78.4619,38.4554],[-78.4627,38.4595],[-78.4578,38.4647],[-78.4556,38.4725],[-78.4471,38.4837],[-78.4449,38.4888],[-78.4416,38.4902],[-78.4423,38.4946],[-78.4443,38.4951],[-78.447,38.4993],[-78.4426,38.5052],[-78.4432,38.5112],[-78.4406,38.5134],[-78.4412,38.5165],[-78.4391,38.5167],[-78.4362,38.5216],[-78.4429,38.5277],[-78.438,38.5308],[-78.4329,38.5264],[-78.4301,38.5269],[-78.4286,38.5297],[-78.4197,38.5345],[-78.4135,38.5475],[-78.4094,38.549],[-78.4076,38.5516],[-78.395,38.5557],[-78.3892,38.5548],[-78.381,38.5613],[-78.3813,38.5677],[-78.3843,38.5713],[-78.3827,38.5757],[-78.3858,38.5827],[-78.3833,38.5884],[-78.3746,38.5942],[-78.368,38.6021],[-78.3644,38.6098],[-78.3603,38.6137],[-78.3553,38.6119],[-78.3528,38.6153],[-78.345,38.619],[-78.3445,38.6229],[-78.3402,38.6262],[-78.3357,38.6286],[-78.3282,38.6287],[-78.3241,38.6336],[-78.3196,38.643],[-78.3195,38.6468],[-78.3157,38.652],[-78.3201,38.6596],[-78.3174,38.6696],[-78.3239,38.673],[-78.3213,38.678],[-78.3143,38.6829],[-78.3166,38.6918],[-78.3202,38.6982],[-78.3249,38.7015],[-78.3316,38.7027],[-78.3323,38.705],[-78.3237,38.7217],[-78.3188,38.7379],[-78.3043,38.7386],[-78.2996,38.7449],[-78.2992,38.7485],[-78.2959,38.7511],[-78.2905,38.7503],[-78.2844,38.7597],[-78.2793,38.762],[-78.2711,38.7616],[-78.2642,38.7584],[-78.2569,38.7593],[-78.2531,38.757],[-78.2442,38.7633],[-78.2386,38.7619],[-78.235,38.7672],[-78.2306,38.769],[-78.2246,38.7681],[-78.2183,38.7731],[-78.2127,38.7749],[-78.2066,38.7741],[-78.2008,38.7766],[-78.1951,38.7814],[-78.1933,38.7873],[-78.189,38.7888],[-78.1887,38.7905],[-78.1846,38.7929],[-78.1833,38.7985],[-78.1817,38.7995],[-78.1819,38.804],[-78.1785,38.8151],[-78.18,38.818],[-78.1708,38.8191],[-78.1695,38.8266],[-78.1708,38.8292],[-78.1685,38.8335],[-78.1632,38.8363],[-78.1602,38.8362],[-78.1609,38.839],[-78.1571,38.8447],[-78.1488,38.8503],[-78.1454,38.8509],[-78.1427,38.8595],[-78.1389,38.8592],[-78.1306,38.8617],[-78.1303,38.8698],[-78.1119,38.8868],[-78.1076,38.8818],[-78.107,38.8784],[-78.105,38.8778],[-78.0906,38.8858],[-78.0808,38.8862],[-78.0767,38.8813],[-78.0677,38.887],[-78.0565,38.8891],[-78.0558,38.886],[-78.046,38.8867],[-78.0441,38.8886],[-78.038,38.89],[-78.0364,38.8935],[-78.0337,38.8946],[-78.0247,38.8957],[-78.0208,38.8947],[-78.0179,38.8907],[-78.0082,38.8861],[-77.9961,38.8885],[-77.9974,38.883],[-77.9955,38.8807],[-77.9817,38.8796],[-77.9841,38.8739],[-77.9812,38.8701],[-77.9726,38.8677],[-77.9658,38.8684],[-77.9669,38.8633],[-77.9647,38.8564],[-77.9659,38.8513],[-77.9627,38.8488],[-77.9584,38.8484],[-77.959,38.8437],[-77.9523,38.8404],[-77.9511,38.8426],[-77.9572,38.8545],[-77.9509,38.8584],[-77.9446,38.8677],[-77.9395,38.8632],[-77.9421,38.8606],[-77.9396,38.8581],[-77.9276,38.8547],[-77.9271,38.8569],[-77.9226,38.8602],[-77.9165,38.8588],[-77.9116,38.8623],[-77.9105,38.865],[-77.8993,38.8635],[-77.8993,38.8675],[-77.8952,38.8696],[-77.8946,38.8715],[-77.8887,38.8663],[-77.8814,38.8666],[-77.8768,38.8649],[-77.8725,38.8597],[-77.8696,38.8585],[-77.8646,38.8602],[-77.8603,38.8595],[-77.8588,38.8639],[-77.8558,38.8655],[-77.8498,38.8651],[-77.8461,38.862],[-77.8464,38.8602],[-77.8388,38.8565],[-77.8369,38.8532],[-77.8285,38.8473],[-77.8285,38.8418],[-77.8254,38.841],[-77.8214,38.8338],[-77.8126,38.8308],[-77.8168,38.8234],[-77.816,38.8194],[-77.8178,38.817],[-77.826,38.8151],[-77.8317,38.8158],[-77.8365,38.8109],[-77.84,38.811],[-77.8448,38.8077],[-77.8429,38.8008],[-77.8397,38.7975],[-77.8388,38.7925],[-77.8456,38.7887],[-77.8462,38.7865],[-77.8405,38.777],[-77.8351,38.7736],[-77.8335,38.7703],[-77.834,38.768],[-77.8308,38.763],[-77.8327,38.759],[-77.8317,38.7554],[-77.8339,38.7502],[-77.8333,38.744],[-77.8355,38.7405],[-77.8358,38.7337],[-77.8317,38.7331],[-77.8306,38.731],[-77.8249,38.7288],[-77.8169,38.7297],[-77.8137,38.7287],[-77.8131,38.7248],[-77.8049,38.7237],[-77.7978,38.7206],[-77.7984,38.7171],[-77.7953,38.7138],[-77.8006,38.7079],[-77.8071,38.7067],[-77.81,38.7042],[-77.8076,38.7008],[-77.8075,38.6931],[-77.8037,38.6829],[-77.804,38.6781],[-77.8066,38.6783],[-77.8014,38.6665],[-77.8033,38.6635],[-77.8009,38.6589],[-77.8015,38.6486],[-77.8025,38.6457],[-77.8082,38.6425],[-77.8115,38.637],[-77.8155,38.6359],[-77.8156,38.6335],[-77.8084,38.6275],[-77.8087,38.6222],[-77.8012,38.6219],[-77.7961,38.6197],[-77.7966,38.6175],[-77.7932,38.6117],[-77.7761,38.6168],[-77.7718,38.6144],[-77.7697,38.6107],[-77.761,38.6135],[-77.7531,38.6181],[-77.7491,38.6144],[-77.7382,38.6145],[-77.7345,38.6099],[-77.7321,38.6026],[-77.7277,38.6044],[-77.7275,38.6025],[-77.723,38.5998],[-77.7234,38.5972],[-77.7201,38.5949],[-77.7155,38.5957],[-77.7063,38.5875],[-77.7033,38.5888],[-77.6987,38.5868],[-77.7011,38.5821],[-77.699,38.5764],[-77.6889,38.5679],[-77.6931,38.5628],[-77.6916,38.5561],[-77.6946,38.5506],[-77.6905,38.5454],[-77.6846,38.5427],[-77.6819,38.5434],[-77.6813,38.5408],[-77.6709,38.5327],[-77.6684,38.5268],[-77.6645,38.5248],[-77.6611,38.526],[-77.659,38.5291],[-77.656,38.529],[-77.6533,38.531],[-77.6516,38.5357],[-77.6441,38.5334],[-77.6419,38.5349],[-77.6389,38.5318],[-77.6352,38.5316],[-77.6336,38.527],[-77.6259,38.527],[-77.6204,38.5187],[-77.6044,38.5107],[-77.6006,38.5055],[-77.601,38.5018],[-77.6039,38.5001],[-77.6014,38.4965],[-77.6017,38.494],[-77.5944,38.4944],[-77.5911,38.4916],[-77.5795,38.4879],[-77.5788,38.481],[-77.5811,38.4775],[-77.5777,38.474],[-77.5791,38.4695],[-77.5766,38.4592],[-77.5782,38.4547],[-77.5819,38.4545],[-77.5855,38.448],[-77.5896,38.4482],[-77.5916,38.4468],[-77.5912,38.4428],[-77.5872,38.4379],[-77.5923,38.4304],[-77.5869,38.4307],[-77.5849,38.4294],[-77.5804,38.4307],[-77.5776,38.4283],[-77.5753,38.4291],[-77.5728,38.42],[-77.5681,38.4127],[-77.5705,38.4126],[-77.574,38.409],[-77.5697,38.4062],[-77.574,38.4042],[-77.572,38.401],[-77.5702,38.4003],[-77.559,38.4061],[-77.5395,38.4111],[-77.5369,38.4096],[-77.5382,38.4078],[-77.535,38.4038],[-77.5346,38.4006],[-77.5349,38.396],[-77.5402,38.3927],[-77.5397,38.3884],[-77.532,38.3821],[-77.5217,38.3766],[-77.5121,38.378],[-77.5076,38.3741],[-77.5029,38.3734],[-77.4992,38.3709],[-77.4906,38.3719],[-77.4866,38.3681],[-77.4829,38.3701],[-77.4832,38.3722],[-77.4816,38.373],[-77.4717,38.3684],[-77.4641,38.3676],[-77.4639,38.3656],[-77.4581,38.3622],[-77.4584,38.3571],[-77.4536,38.3541],[-77.4535,38.3503],[-77.4487,38.3486],[-77.4466,38.3493],[-77.4413,38.3439],[-77.4375,38.3434],[-77.4351,38.3319],[-77.4315,38.3303],[-77.4113,38.3298],[-77.405,38.3282],[-77.398,38.3319],[-77.3931,38.3279],[-77.3881,38.3272],[-77.3867,38.3237],[-77.3815,38.3229],[-77.3746,38.3253],[-77.3747,38.3229],[-77.3676,38.3217],[-77.3746,38.3089],[-77.3724,38.3075],[-77.3729,38.3055],[-77.3661,38.3046],[-77.3546,38.306],[-77.3482,38.3042],[-77.3458,38.3015],[-77.3429,38.3053],[-77.34,38.3039],[-77.3382,38.3049],[-77.3332,38.3025],[-77.3334,38.2956],[-77.327,38.2957],[-77.3246,38.2997],[-77.3208,38.2991],[-77.3188,38.3015],[-77.3149,38.2972],[-77.3124,38.297],[-77.3119,38.2989],[-77.3106,38.2988],[-77.3065,38.2965],[-77.3034,38.2969],[-77.2968,38.293],[-77.2923,38.2952],[-77.2914,38.2927],[-77.2872,38.2913],[-77.2833,38.2946],[-77.2753,38.2976],[-77.2705,38.2932],[-77.27,38.2897],[-77.2669,38.2893],[-77.264,38.2942],[-77.2566,38.2949],[-77.2523,38.2983],[-77.2494,38.2983],[-77.246,38.2937],[-77.2414,38.2964],[-77.2349,38.2959],[-77.2315,38.2942],[-77.2317,38.291],[-77.2253,38.286],[-77.2238,38.2821],[-77.2171,38.279],[-77.2161,38.2766],[-77.1998,38.2766],[-77.1905,38.2692],[-77.1846,38.2686],[-77.1649,38.2606],[-77.1631,38.258],[-77.1633,38.2465],[-77.1607,38.2462],[-77.1598,38.2448],[-77.1613,38.2435],[-77.157,38.2402],[-77.1528,38.2394],[-77.1496,38.2412],[-77.1501,38.239],[-77.142,38.2368],[-77.1359,38.2389],[-77.1301,38.233],[-77.1168,38.2295],[-77.1141,38.2268],[-77.1152,38.2266],[-77.1135,38.2244],[-77.1141,38.2216],[-77.1051,38.2189],[-77.09,38.2095],[-77.0874,38.2043],[-77.0892,38.2005],[-77.0861,38.1945],[-77.0704,38.1907],[-77.0663,38.1842],[-77.0616,38.1861],[-77.0434,38.184],[-77.0402,38.1796],[-77.0379,38.1791],[-77.0384,38.175],[-77.0362,38.1743],[-77.036,38.1725],[-77.0277,38.1747],[-77.0249,38.1719],[-77.0236,38.1673],[-77.0195,38.1671],[-77.0151,38.1611],[-77.0074,38.1604],[-77.0037,38.1578],[-77.0029,38.1569],[-77.0053,38.1544],[-77.0055,38.1503],[-77.0016,38.1496],[-77.0001,38.1472],[-76.9931,38.1463],[-76.9868,38.1406],[-76.9794,38.139],[-76.9815,38.1347],[-76.9732,38.1333],[-76.969,38.1354],[-76.9653,38.1307],[-76.9597,38.1354],[-76.9453,38.1375],[-76.9463,38.1411],[-76.9452,38.143],[-76.9359,38.1439],[-76.9354,38.1425],[-76.9323,38.1422],[-76.9293,38.1442],[-76.9228,38.1435],[-76.9211,38.1475],[-76.9178,38.1501],[-76.9105,38.1451],[-76.9083,38.1406],[-76.9016,38.1421],[-76.8991,38.1398],[-76.8886,38.1469],[-76.8864,38.1525],[-76.879,38.1467],[-76.8683,38.1444],[-76.8646,38.1446],[-76.8612,38.1472],[-76.856,38.1484],[-76.8548,38.1465],[-76.8486,38.1458],[-76.8394,38.1484],[-76.8346,38.1446],[-76.8302,38.1459],[-76.8287,38.1501],[-76.8226,38.1514],[-76.8195,38.1503],[-76.8149,38.1544],[-76.8098,38.1541],[-76.8106,38.1521],[-76.8067,38.1491],[-76.8035,38.1491],[-76.8039,38.1439],[-76.7993,38.1435],[-76.7982,38.1415],[-76.7945,38.1421],[-76.7912,38.1399],[-76.7974,38.1372],[-76.7998,38.1341],[-76.803,38.1341],[-76.803,38.1289],[-76.7946,38.126],[-76.7931,38.1241],[-76.7882,38.124],[-76.7834,38.1184],[-76.7842,38.116],[-76.7914,38.1156],[-76.798,38.1093],[-76.8015,38.1091],[-76.8009,38.1072],[-76.8029,38.1048],[-76.8013,38.1031],[-76.803,38.1019],[-76.7999,38.0962],[-76.7999,38.0929],[-76.7932,38.0929],[-76.7923,38.0868],[-76.7873,38.0833],[-76.7871,38.0787],[-76.7782,38.0749],[-76.7768,38.0755],[-76.7754,38.0675],[-76.78,38.0597],[-76.7728,38.0568],[-76.761,38.0547],[-76.7616,38.0504],[-76.7585,38.0507],[-76.7645,38.0392],[-76.7596,38.0352],[-76.7554,38.0358],[-76.7529,38.033],[-76.7494,38.0329],[-76.7451,38.0297],[-76.7457,38.027],[-76.7421,38.0264],[-76.7398,38.0204],[-76.7356,38.0168],[-76.7375,38.0151],[-76.7263,38.0059],[-76.7261,37.9996],[-76.7276,37.998],[-76.717,37.9937],[-76.7082,37.9961],[-76.7066,37.9927],[-76.7007,37.9918],[-76.6968,37.988],[-76.6932,37.9885],[-76.6903,37.9919],[-76.6843,37.9913],[-76.6803,37.9926],[-76.6783,37.9945],[-76.6802,37.9979],[-76.6774,37.998],[-76.6705,38.0029],[-76.6687,38.0071],[-76.6666,38.0057],[-76.6618,38.0081],[-76.6591,38.0061],[-76.6618,38.0001],[-76.6582,37.9965],[-76.6591,37.994],[-76.656,37.9881],[-76.652,37.9878],[-76.651,37.989],[-76.6418,37.9865],[-76.6404,37.9847],[-76.6412,37.9812],[-76.6382,37.9797],[-76.6386,37.9775],[-76.6349,37.9739],[-76.626,37.9753],[-76.62,37.973],[-76.6162,37.9641],[-76.609,37.9591],[-76.6037,37.9518],[-76.6055,37.9491],[-76.5954,37.9492],[-76.5871,37.9466],[-76.5798,37.9431],[-76.5793,37.9403],[-76.5737,37.936],[-76.5666,37.9373],[-76.5564,37.9318],[-76.5535,37.9284],[-76.5532,37.9266],[-76.5553,37.9256],[-76.5546,37.9239],[-76.5494,37.9203],[-76.5478,37.9151],[-76.546,37.9144],[-76.5476,37.9098],[-76.5447,37.9074],[-76.5439,37.9028],[-76.5367,37.9022],[-76.5313,37.8984],[-76.5167,37.9023],[-76.5041,37.891],[-76.5006,37.8931],[-76.5004,37.8948],[-76.4968,37.8935],[-76.4892,37.8994],[-76.4907,37.9046],[-76.4889,37.9094],[-76.482,37.9131],[-76.4864,37.9193],[-76.4855,37.9223],[-76.4835,37.9208],[-76.474,37.9203],[-76.4744,37.9174],[-76.4696,37.9153],[-76.4588,37.9167],[-76.4542,37.9146],[-76.4526,37.9171],[-76.4452,37.9197],[-76.4434,37.9192],[-76.4406,37.9147],[-76.4352,37.9146],[-76.4292,37.9096],[-76.4244,37.9088],[-76.4207,37.9061],[-76.4193,37.9036],[-76.4249,37.9003],[-76.4212,37.8974],[-76.4195,37.8911],[-76.4073,37.8896],[-76.3992,37.8915],[-76.3954,37.8901],[-76.3927,37.8924],[-76.3884,37.8917],[-76.3838,37.8933],[-76.379,37.8901],[-76.3798,37.8885],[-76.377,37.8876],[-76.3746,37.8895],[-76.3668,37.8881],[-76.3623,37.8918],[-76.3633,37.8935],[-76.3611,37.8956],[-76.3624,37.8993],[-76.353,37.9013],[-76.3441,37.9062],[-76.3433,37.9129],[-76.342,37.9139],[-76.3252,37.9175],[-76.3228,37.9207],[-76.3099,37.9237],[-76.305,37.9172],[-76.2995,37.9153],[-76.2745,37.9149],[-76.2605,37.902],[-76.2554,37.9013],[-76.2531,37.8966],[-76.2412,37.89],[-76.2373,37.8899],[-76.2333,37.8923],[-76.2273,37.8905],[-76.2259,37.8869],[-76.2223,37.8863],[-76.2046,37.8899],[-76.2009,37.8934],[-76.1997,37.897],[-76.3215,38.0358],[-76.3224,38.0403],[-76.3212,38.044],[-76.3269,38.0623],[-76.3348,38.0636],[-76.342,38.0736],[-76.3553,38.0789],[-76.3579,38.0816],[-76.3603,38.0931],[-76.3672,38.0948],[-76.3647,38.1087],[-76.3726,38.117],[-76.3715,38.1212],[-76.3672,38.1232],[-76.3651,38.1282],[-76.3622,38.1438],[-76.364,38.1484],[-76.3694,38.1523],[-76.3756,38.1598],[-76.3783,38.1664],[-76.3813,38.1687],[-76.3789,38.1723],[-76.3848,38.179],[-76.3851,38.1865],[-76.3946,38.1938],[-76.3949,38.1962],[-76.3928,38.1978],[-76.3937,38.2015],[-76.3974,38.2039],[-76.4013,38.2136],[-76.4057,38.2137],[-76.4059,38.2178],[-76.4091,38.2198],[-76.4102,38.2243],[-76.4088,38.2339],[-76.4114,38.2373],[-76.4179,38.2399],[-76.4187,38.2442],[-76.4296,38.2507],[-76.4384,38.2601],[-76.4483,38.2622],[-76.4562,38.2674],[-76.4563,38.2705],[-76.4602,38.2708],[-76.4657,38.279],[-76.4759,38.2855],[-76.49,38.2867],[-76.4922,38.2907],[-76.4968,38.2923],[-76.502,38.2975],[-76.516,38.3012],[-76.5197,38.3035],[-76.5181,38.3053],[-76.5228,38.3052],[-76.5258,38.308],[-76.5328,38.3082],[-76.534,38.3146],[-76.5434,38.3223],[-76.5448,38.3211],[-76.5523,38.3246],[-76.5516,38.3298],[-76.5543,38.3297],[-76.5593,38.3328],[-76.5602,38.3372],[-76.5657,38.3411],[-76.5684,38.3463],[-76.5839,38.356],[-76.5896,38.3659],[-76.5885,38.3685],[-76.5943,38.3684],[-76.6061,38.3723],[-76.6092,38.3747],[-76.6082,38.377],[-76.6119,38.3806],[-76.6218,38.3799],[-76.6316,38.3858],[-76.6345,38.3854],[-76.6384,38.3885],[-76.6389,38.3936],[-76.6515,38.3935],[-76.6522,38.3964],[-76.662,38.399],[-76.6635,38.402],[-76.6798,38.4161],[-76.6842,38.4141],[-76.6896,38.4165],[-76.6929,38.4154],[-76.6966,38.4207],[-76.7018,38.4195],[-76.7056,38.4206],[-76.7123,38.4181],[-76.7153,38.4188],[-76.7169,38.422],[-76.7149,38.4242],[-76.7161,38.4263],[-76.7204,38.4266],[-76.725,38.4293],[-76.7296,38.4349],[-76.7309,38.4423],[-76.7403,38.4444],[-76.7462,38.4409],[-76.752,38.4431],[-76.7555,38.4514],[-76.7757,38.4701],[-76.7795,38.4821],[-76.7839,38.4863],[-76.7781,38.4908],[-76.7759,38.4975],[-76.7694,38.4997],[-76.7725,38.5046],[-76.7765,38.5067],[-76.7776,38.5101],[-76.7766,38.5165],[-76.773,38.5186],[-76.7729,38.5214],[-76.7816,38.5263],[-76.7801,38.5291],[-76.7853,38.5342],[-76.784,38.5374],[-76.7871,38.5386],[-76.7979,38.5483],[-76.7982,38.5506],[-76.8008,38.5524],[-76.8018,38.5592],[-76.8002,38.5641],[-76.796,38.5672],[-76.7991,38.5763],[-76.7949,38.5786],[-76.7874,38.5867],[-76.7911,38.5919],[-76.7919,38.5959],[-76.7833,38.6009],[-76.7711,38.6038],[-76.7803,38.6143],[-76.7819,38.618],[-76.7815,38.6232],[-76.7855,38.626],[-76.7859,38.6294],[-76.7816,38.6315],[-76.7755,38.6307],[-76.7717,38.6332],[-76.7675,38.633],[-76.7663,38.6425],[-76.7715,38.6503],[-76.7727,38.6595],[-76.7786,38.6607],[-76.7887,38.6706],[-76.7962,38.6713],[-76.803,38.6767],[-76.8094,38.6779],[-76.815,38.6837],[-76.8178,38.6904],[-76.829,38.6916],[-76.838,38.696],[-76.843,38.7011],[-76.8453,38.7052],[-76.845,38.7116],[-76.8369,38.7166],[-76.8298,38.7237],[-76.8292,38.7286],[-76.8321,38.7308],[-76.8319,38.7326],[-76.8222,38.7387],[-76.8172,38.7379],[-76.8119,38.7407],[-76.8104,38.7422],[-76.8111,38.7465],[-76.8084,38.7467],[-76.8051,38.751],[-76.8109,38.7532],[-76.8106,38.7581],[-76.8177,38.7594],[-76.8208,38.763],[-76.821,38.7643],[-76.8167,38.7662],[-76.8184,38.7727],[-76.8228,38.7744],[-76.8282,38.7721],[-76.8327,38.7755],[-76.8293,38.7798],[-76.8294,38.7842],[-76.8273,38.786],[-76.8383,38.7901],[-76.8415,38.7954],[-76.84,38.7979],[-76.8412,38.8034],[-76.8505,38.8052],[-76.8551,38.8095],[-76.8553,38.8158],[-76.8606,38.8188],[-76.8607,38.8251],[-76.858,38.8292],[-76.8619,38.8331],[-76.8633,38.8397],[-76.8735,38.8443],[-76.8811,38.8458],[-76.8869,38.8523],[-76.8984,38.8502],[-76.901,38.8555],[-76.9035,38.8567],[-76.9019,38.8627],[-76.8919,38.8652],[-76.8916,38.8683],[-76.888,38.8716],[-76.8837,38.8728],[-76.8804,38.8812],[-76.8771,38.8834],[-76.8765,38.8876],[-76.8786,38.8887],[-76.8766,38.8937],[-76.8797,38.8981],[-76.8768,38.8998],[-76.8768,38.9013],[-76.8746,38.9004],[-76.8728,38.9024],[-76.8736,38.9037],[-76.8707,38.9053],[-76.8637,38.9071],[-76.8565,38.9064],[-76.8557,38.9083],[-76.8569,38.9093],[-76.8534,38.9118],[-76.856,38.917],[-76.8523,38.9198],[-76.8505,38.9188],[-76.8518,38.9206],[-76.8458,38.9245],[-76.8485,38.9259],[-76.8502,38.9292],[-76.8465,38.9315],[-76.8477,38.9363],[-76.855,38.9378],[-76.8555,38.9397],[-76.8552,38.9444],[-76.8511,38.9463],[-76.8541,38.9463],[-76.8571,38.9536],[-76.8604,38.9537],[-76.8604,38.9564],[-76.8649,38.9587],[-76.8636,38.9676],[-76.8598,38.9693],[-76.8613,38.9727],[-76.8584,38.9754],[-76.8597,38.9819],[-76.8636,38.9838],[-76.8633,38.9878],[-76.8654,38.9917],[-76.8553,38.9926],[-76.8504,38.9979],[-76.843,38.9955],[-76.833,38.9957],[-76.8263,39.0006],[-76.8189,39.001],[-76.8106,39.0055],[-76.8123,39.0089],[-76.8177,39.0113],[-76.8189,39.0145],[-76.8149,39.0194],[-76.814,39.023],[-76.8181,39.0289],[-76.8153,39.0329],[-76.8197,39.0381],[-76.8211,39.045],[-76.8294,39.0501],[-76.8313,39.0496],[-76.8407,39.0535],[-76.8459,39.0531],[-76.8501,39.0562],[-76.8594,39.055],[-76.8687,39.0586],[-76.8713,39.0655],[-76.8773,39.0664],[-76.8812,39.0725],[-76.8835,39.0733],[-76.8821,39.0832],[-76.8971,39.0847],[-76.9088,39.0907],[-76.9087,39.0929],[-76.9109,39.0949],[-76.905,39.0998],[-76.9101,39.1062],[-76.9213,39.1044],[-76.9226,39.1101],[-76.9323,39.1131],[-76.9387,39.107],[-76.943,39.1063],[-76.9497,39.1113],[-76.9536,39.1168],[-76.9589,39.1158],[-76.9693,39.118],[-76.9703,39.1198],[-76.9744,39.121],[-76.981,39.1202],[-76.9846,39.1215],[-76.9893,39.1253],[-76.9926,39.1308],[-76.9947,39.1356],[-76.9934,39.1389],[-76.9968,39.142],[-77.0075,39.1443],[-77.0072,39.1459],[-77.0118,39.1483],[-77.0124,39.1505],[-77.022,39.1488],[-77.0341,39.1506],[-77.0386,39.149],[-77.0434,39.1422],[-77.0476,39.1423],[-77.0495,39.1451],[-77.0569,39.1414],[-77.061,39.1421],[-77.0607,39.1433],[-77.0666,39.1434],[-77.0692,39.1564],[-77.0762,39.1624],[-77.0823,39.1637],[-77.0859,39.1725],[-77.0891,39.1735],[-77.094,39.1718],[-77.0996,39.1785],[-77.0986,39.1808],[-77.0995,39.1835],[-77.1156,39.1853],[-77.117,39.1884],[-77.1204,39.1891],[-77.1265,39.1968],[-77.132,39.1977],[-77.1398,39.2036],[-77.138,39.2065],[-77.1417,39.2089],[-77.1426,39.2229],[-77.1377,39.2334],[-77.1435,39.2384],[-77.1454,39.2486],[-77.1431,39.2543],[-77.1495,39.2597],[-77.1485,39.2638],[-77.1551,39.2748],[-77.1651,39.2786],[-77.171,39.2789],[-77.1765,39.2823],[-77.179,39.2816],[-77.1825,39.2847],[-77.1895,39.2827],[-77.2054,39.289],[-77.2039,39.2927],[-77.2043,39.298],[-77.198,39.3008],[-77.1973,39.3026],[-77.1982,39.3066],[-77.1969,39.3087],[-77.1986,39.3112],[-77.1969,39.3166],[-77.2021,39.3221],[-77.2029,39.3262],[-77.2007,39.3309],[-77.196,39.332],[-77.1943,39.334],[-77.1928,39.3379],[-77.1935,39.3419],[-77.1855,39.3483],[-77.1795,39.3506],[-77.1747,39.3503],[-77.1699,39.3534],[-77.1699,39.3607],[-77.1654,39.365],[-77.1658,39.369],[-77.1517,39.3772],[-77.1444,39.3864],[-77.142,39.3939],[-77.1383,39.3957],[-77.1363,39.4001],[-77.1311,39.4038],[-77.1271,39.4113],[-77.1169,39.4194],[-77.1068,39.4236],[-77.1063,39.4259],[-77.1099,39.4289],[-77.1056,39.4331],[-77.1056,39.4362],[-77.1,39.441],[-77.0962,39.4421],[-77.0933,39.4492],[-77.0903,39.4506],[-77.0891,39.4552],[-77.085,39.4611],[-77.0819,39.4591],[-77.0759,39.4611],[-77.0758,39.4695],[-77.069,39.478],[-77.0772,39.4844],[-77.0769,39.4868],[-77.0787,39.4879],[-77.0745,39.4897],[-77.074,39.4933],[-77.0693,39.5015],[-77.0608,39.5097],[-77.0592,39.515],[-77.044,39.5213],[-77.0385,39.5298],[-77.0409,39.5358],[-77.0378,39.5393],[-77.0311,39.5347],[-77.0306,39.5242],[-77.0257,39.5241],[-77.0203,39.5313],[-77.0113,39.5374],[-77.0123,39.5405],[-77.005,39.5462],[-76.9924,39.5467],[-76.9853,39.5623],[-76.9877,39.569],[-76.9978,39.5741],[-76.997,39.5782],[-77.0026,39.5816],[-77.0017,39.5851],[-77.003,39.588],[-77.0013,39.5912],[-77.006,39.5927],[-77.0016,39.6007],[-77.0065,39.6031],[-77.0023,39.6065],[-77.0032,39.6097],[-77.0008,39.6097],[-76.9965,39.6138],[-76.9928,39.6127],[-76.9844,39.6148],[-76.9778,39.6192],[-76.9707,39.6276],[-76.9675,39.6289],[-76.9612,39.6298],[-76.958,39.6256],[-76.9541,39.6259],[-76.9429,39.6348],[-76.9347,39.6263],[-76.9205,39.6302],[-76.9164,39.6365],[-76.9072,39.6395],[-76.9055,39.6424],[-76.8989,39.6464],[-76.8916,39.6552],[-76.8855,39.6573],[-76.8842,39.6636],[-76.8853,39.665],[-76.897,39.6661],[-76.8968,39.6691],[-76.8917,39.6735],[-76.8977,39.6782],[-76.8965,39.6814],[-76.8981,39.6838],[-76.8968,39.6861],[-76.9028,39.6949],[-76.9069,39.6979],[-76.9169,39.7011],[-76.9192,39.7038],[-76.9274,39.6981],[-76.9346,39.6955],[-76.9408,39.6961],[-76.9426,39.7007],[-76.946,39.7038],[-76.958,39.7031],[-76.9652,39.6999],[-76.9662,39.7041],[-76.9696,39.7074],[-76.9801,39.7096],[-76.9837,39.7081],[-76.9941,39.7086],[-77.0014,39.7164],[-77.0078,39.7174],[-77.011,39.7195],[-77.0197,39.7158],[-77.0247,39.7204],[-77.039,39.7239],[-77.0447,39.7309],[-77.0526,39.7344],[-77.0484,39.7396],[-77.0522,39.7444],[-77.0517,39.7497],[-77.0576,39.7493],[-77.0643,39.7522],[-77.0635,39.758],[-77.0668,39.762],[-77.0747,39.7618],[-77.0767,39.7627],[-77.0768,39.7663],[-77.0879,39.7699],[-77.083,39.781],[-77.0878,39.7805],[-77.0895,39.7849],[-77.0953,39.791],[-77.1031,39.7892],[-77.1061,39.7919],[-77.1144,39.7912],[-77.1144,39.7947],[-77.1199,39.796],[-77.1182,39.8007],[-77.1192,39.8051],[-77.1182,39.8076],[-77.1229,39.81],[-77.1292,39.8231],[-77.1386,39.8294],[-77.1377,39.8345],[-77.1429,39.8471],[-77.1433,39.8536],[-77.1451,39.8557],[-77.1477,39.8559],[-77.1513,39.8619],[-77.1613,39.8594],[-77.163,39.8634],[-77.1581,39.8695],[-77.1625,39.8731],[-77.1641,39.8805],[-77.169,39.8811],[-77.1723,39.885],[-77.1796,39.8836],[-77.1798,39.8858],[-77.1839,39.89],[-77.1855,39.8943],[-77.1813,39.9],[-77.1831,39.9016],[-77.1822,39.9035],[-77.1846,39.9073],[-77.1913,39.9109],[-77.1854,39.9165],[-77.1857,39.9211],[-77.2009,39.9195],[-77.2147,39.907],[-77.2181,39.9016],[-77.2238,39.9009],[-77.2301,39.8965],[-77.2335,39.8927],[-77.2327,39.8891],[-77.2345,39.8864],[-77.2414,39.8831],[-77.242,39.8932],[-77.2443,39.8981],[-77.2504,39.8943],[-77.2528,39.8954],[-77.2565,39.8935],[-77.2683,39.8991],[-77.2755,39.8961],[-77.2786,39.8979],[-77.2802,39.8969],[-77.2843,39.9028],[-77.2889,39.904],[-77.2971,39.91],[-77.3018,39.9108],[-77.3131,39.9194],[-77.3182,39.9187],[-77.3195,39.9207],[-77.3222,39.9203],[-77.3278,39.9261],[-77.3345,39.9241],[-77.3403,39.9265],[-77.3534,39.923],[-77.3604,39.9196],[-77.3644,39.9153],[-77.3701,39.9169],[-77.3761,39.9124],[-77.3849,39.9122],[-77.3878,39.9091],[-77.4016,39.9019],[-77.4092,39.9028],[-77.4123,39.9007],[-77.4211,39.8994],[-77.4211,39.9015],[-77.4304,39.9133],[-77.426,39.9222],[-77.4136,39.9368],[-77.4097,39.9462],[-77.3879,39.962],[-77.3883,39.9654],[-77.3985,39.975],[-77.4064,39.9786],[-77.4018,39.9869],[-77.4051,39.9897],[-77.4025,39.9945],[-77.4074,40.0019],[-77.412,40.0017],[-77.4141,39.998],[-77.4274,39.9865],[-77.432,39.9842],[-77.444,39.9725],[-77.4489,39.973],[-77.4548,39.9676],[-77.4599,39.9701],[-77.4625,39.9734],[-77.4664,39.9745],[-77.4707,39.9713],[-77.4764,39.9609],[-77.4875,39.9601],[-77.5075,39.9751],[-77.5118,39.9735],[-77.5173,39.9773],[-77.5228,39.9787],[-77.5327,39.9907],[-77.552,39.9993],[-77.5492,40.003],[-77.5501,40.0062],[-77.553,40.0073],[-77.5586,40.0001],[-77.5628,39.9999],[-77.5645,39.9972],[-77.5665,39.9976],[-77.5681,39.9933],[-77.5706,39.993],[-77.5745,39.988],[-77.5793,39.9855],[-77.5867,39.9901],[-77.5909,39.9864],[-77.5977,39.9872],[-77.6012,39.9909],[-77.5975,39.9955],[-77.6103,39.9979],[-77.6222,39.986],[-77.6297,39.994],[-77.6454,39.9958],[-77.6442,40.0018],[-77.6528,40.0092],[-77.6621,40.0067],[-77.6644,40.0082],[-77.6741,40.0083],[-77.6774,40.0115],[-77.6854,40.0141],[-77.6888,40.019],[-77.706,40.0237],[-77.7086,40.0263],[-77.7076,40.03],[-77.7126,40.0332],[-77.7232,40.0392],[-77.7273,40.0373],[-77.7321,40.0388],[-77.7474,40.0503],[-77.7658,40.0341],[-77.7785,40.0252],[-77.7832,40.0184],[-77.7898,40.0152],[-77.8016,40.0057],[-77.812,39.9944],[-77.8213,39.9984],[-77.864,39.9545],[-77.8761,39.9471],[-77.8815,39.9415],[-77.8836,39.9426],[-77.8856,39.9476],[-77.8762,39.9683],[-77.8712,39.9905],[-77.8599,40.0052],[-77.8448,40.0178],[-77.8272,40.0367],[-77.7974,40.0595],[-77.7663,40.0905],[-77.7188,40.1299],[-77.7008,40.1415],[-77.7045,40.1347],[-77.6949,40.1297],[-77.6515,40.1705],[-77.5961,40.2118],[-77.5891,40.2187],[-77.5967,40.2261],[-77.6092,40.2185],[-77.6116,40.2185],[-77.6084,40.2251],[-77.6,40.2352],[-77.6012,40.2385]]]},"properties":{"OBJECTID":49,"tnmid":"{FE647B5B-0CFC-40EC-8036-393FC3648331}","loaddate":1723806686000,"areaacres":9394591.89,"areasqkm":38018.6,"states":"DC,MD,PA,VA,WV","huc6":"020700","name":"Potomac","MaxSimpTol":100,"MinSimpTol":100,"shape_Length":2186690.14876225,"shape_Area":63096572651.22882,"metasourceid":"{511D2AC8-11BA-45FC-AB98-F69D693D4C44}","sourcedatadesc":"Watershed Boundary Dataset (WBD)","sourceoriginator":"Natural Resources and Conservation Service and U.S. Geological Survey","sourcefeatureid":null,"InPoly_FID":49,"SimPgnFlag":0,"referencegnis_ids":"588715"}},{"type":"Feature","id":367,"geometry":{"type":"Polygon","coordinates":[[[-75.6469,38.9895],[-75.6477,38.9938],[-75.6495,38.9947],[-75.6524,38.9941],[-75.6575,38.9898],[-75.6548,38.989],[-75.6557,38.9829],[-75.6636,38.9835],[-75.666,38.9853],[-75.6724,38.9842],[-75.6725,38.9813],[-75.6677,38.9765],[-75.6678,38.973],[-75.6697,38.9719],[-75.6635,38.9672],[-75.662,38.9629],[-75.6641,38.9596],[-75.676,38.9575],[-75.6757,38.9537],[-75.6803,38.9503],[-75.6784,38.9481],[-75.6788,38.9413],[-75.6804,38.9391],[-75.6849,38.9375],[-75.6825,38.9293],[-75.6869,38.9272],[-75.6922,38.9294],[-75.6945,38.9263],[-75.6923,38.9246],[-75.6958,38.9221],[-75.6936,38.9198],[-75.6941,38.9175],[-75.7027,38.9157],[-75.7081,38.9171],[-75.711,38.9133],[-75.7166,38.9132],[-75.719,38.9115],[-75.7178,38.9092],[-75.719,38.9067],[-75.7125,38.9056],[-75.7135,38.9015],[-75.716,38.8996],[-75.7148,38.8944],[-75.7195,38.8935],[-75.7223,38.8947],[-75.7225,38.8907],[-75.7279,38.8856],[-75.726,38.8841],[-75.7271,38.8808],[-75.724,38.8744],[-75.7245,38.8721],[-75.7281,38.8707],[-75.7293,38.8664],[-75.7321,38.8645],[-75.7359,38.8651],[-75.7371,38.8629],[-75.7455,38.8598],[-75.7532,38.8541],[-75.756,38.846],[-75.7554,38.841],[-75.7516,38.8353],[-75.7527,38.8311],[-75.7582,38.8286],[-75.7738,38.8258],[-75.7805,38.8218],[-75.7797,38.8183],[-75.7837,38.8137],[-75.7869,38.8059],[-75.801,38.7923],[-75.8043,38.7856],[-75.816,38.7792],[-75.8273,38.7793],[-75.8308,38.7778],[-75.831,38.7685],[-75.8238,38.7658],[-75.823,38.7637],[-75.8251,38.7614],[-75.8334,38.7603],[-75.8298,38.7537],[-75.8447,38.7514],[-75.8471,38.7494],[-75.8468,38.7432],[-75.8486,38.7413],[-75.8479,38.737],[-75.8499,38.7291],[-75.8441,38.7221],[-75.8452,38.7191],[-75.8432,38.7185],[-75.841,38.7148],[-75.843,38.7108],[-75.8431,38.7062],[-75.8468,38.7032],[-75.8466,38.6962],[-75.8479,38.6938],[-75.8457,38.6916],[-75.8485,38.6872],[-75.8474,38.6843],[-75.8493,38.6816],[-75.849,38.6789],[-75.8508,38.678],[-75.8492,38.6724],[-75.853,38.6694],[-75.8498,38.6644],[-75.8558,38.6605],[-75.8537,38.6563],[-75.8547,38.6539],[-75.8639,38.6492],[-75.8633,38.6435],[-75.8648,38.6375],[-75.8622,38.6303],[-75.8673,38.6289],[-75.8699,38.6223],[-75.8761,38.618],[-75.8783,38.6125],[-75.8756,38.6101],[-75.8788,38.6062],[-75.8776,38.6033],[-75.8827,38.6004],[-75.8899,38.6015],[-75.8928,38.6],[-75.8997,38.6],[-75.9024,38.5976],[-75.9088,38.5975],[-75.9106,38.5951],[-75.9185,38.5963],[-75.9214,38.5944],[-75.9213,38.5919],[-75.9258,38.587],[-75.9379,38.5866],[-75.9429,38.5837],[-75.9507,38.5827],[-75.9542,38.575],[-75.9587,38.5735],[-75.9645,38.5683],[-75.9714,38.5669],[-75.9761,38.5635],[-75.9976,38.5636],[-75.9952,38.5552],[-75.9974,38.5502],[-76.0068,38.5423],[-76.0208,38.538],[-76.0239,38.5393],[-76.0254,38.5473],[-76.0295,38.5505],[-76.0369,38.5508],[-76.0415,38.5477],[-76.0542,38.5489],[-76.0614,38.5531],[-76.0603,38.5581],[-76.0662,38.5615],[-76.0704,38.5597],[-76.0802,38.5606],[-76.0878,38.5585],[-76.0863,38.5561],[-76.0883,38.5512],[-76.095,38.5461],[-76.0937,38.5383],[-76.1002,38.5207],[-76.1113,38.52],[-76.1162,38.5132],[-76.126,38.5102],[-76.1347,38.4991],[-76.1337,38.4915],[-76.1454,38.4926],[-76.1509,38.4883],[-76.1591,38.4889],[-76.1595,38.4867],[-76.165,38.4868],[-76.1702,38.4898],[-76.1707,38.494],[-76.179,38.4957],[-76.1807,38.4879],[-76.1773,38.4855],[-76.1778,38.4843],[-76.1901,38.4807],[-76.2057,38.4811],[-76.2128,38.4782],[-76.2143,38.4757],[-76.2166,38.4781],[-76.2202,38.4773],[-76.225,38.4735],[-76.235,38.4574],[-76.2368,38.4489],[-76.2328,38.439],[-76.2178,38.4353],[-76.2121,38.4311],[-76.2082,38.425],[-76.1996,38.4243],[-76.1939,38.4206],[-76.1929,38.4151],[-76.2015,38.4137],[-76.2049,38.4112],[-76.2051,38.4079],[-76.1857,38.4003],[-76.1694,38.3982],[-76.1611,38.395],[-76.1519,38.3867],[-76.1467,38.3783],[-76.1388,38.3713],[-76.1223,38.3617],[-76.1208,38.3557],[-76.1225,38.3518],[-76.1328,38.3484],[-76.1304,38.3408],[-76.1226,38.336],[-76.1067,38.3349],[-76.1017,38.3317],[-76.1003,38.325],[-76.1093,38.3216],[-76.1114,38.3183],[-76.0888,38.3012],[-76.0866,38.2959],[-76.0887,38.2887],[-76.0769,38.2873],[-76.0712,38.2823],[-76.0667,38.2707],[-76.0676,38.2686],[-76.0714,38.2672],[-76.06,38.2545],[-76.0602,38.2526],[-76.0638,38.251],[-76.062,38.2436],[-76.0524,38.2348],[-76.0371,38.2267],[-76.0321,38.2142],[-76.0397,38.2108],[-76.0468,38.2142],[-76.0494,38.2141],[-76.0505,38.2122],[-76.0497,38.2044],[-76.051,38.1995],[-76.0497,38.1911],[-76.0404,38.1806],[-76.0465,38.1748],[-76.0493,38.1618],[-76.0487,38.1593],[-76.0422,38.1524],[-76.0403,38.145],[-76.0217,38.1333],[-76.0198,38.1307],[-76.0204,38.1258],[-76.0269,38.1192],[-76.0294,38.1143],[-76.037,38.1129],[-76.0403,38.1085],[-76.0391,38.1063],[-76.0286,38.1025],[-76.0252,38.0967],[-76.0252,38.0925],[-76.0325,38.0859],[-76.0426,38.0856],[-76.0478,38.0839],[-76.06,38.0735],[-76.0635,38.0735],[-76.071,38.0783],[-76.0944,38.0668],[-76.3185,38.0326],[-76.1997,37.897],[-76.2009,37.8934],[-76.2046,37.8899],[-76.2223,37.8863],[-76.2259,37.8869],[-76.2273,37.8905],[-76.2333,37.8923],[-76.2373,37.8899],[-76.2412,37.89],[-76.2531,37.8966],[-76.2554,37.9013],[-76.2605,37.902],[-76.2745,37.9149],[-76.2995,37.9153],[-76.305,37.9172],[-76.3099,37.9237],[-76.3228,37.9207],[-76.3252,37.9175],[-76.342,37.9139],[-76.3433,37.9129],[-76.3441,37.9062],[-76.353,37.9013],[-76.3624,37.8993],[-76.3611,37.8956],[-76.3633,37.8935],[-76.3623,37.8918],[-76.3668,37.8881],[-76.3746,37.8895],[-76.377,37.8876],[-76.3798,37.8885],[-76.379,37.8901],[-76.3838,37.8933],[-76.3884,37.8917],[-76.3927,37.8924],[-76.3954,37.8901],[-76.3992,37.8915],[-76.4073,37.8896],[-76.4195,37.8911],[-76.4212,37.8974],[-76.4249,37.9003],[-76.4193,37.9036],[-76.4207,37.9061],[-76.4244,37.9088],[-76.4292,37.9096],[-76.4352,37.9146],[-76.4406,37.9147],[-76.4434,37.9192],[-76.4452,37.9197],[-76.4526,37.9171],[-76.4542,37.9146],[-76.4588,37.9167],[-76.4696,37.9153],[-76.4744,37.9174],[-76.474,37.9203],[-76.4835,37.9208],[-76.4855,37.9223],[-76.4864,37.9193],[-76.482,37.9131],[-76.4889,37.9094],[-76.4907,37.9046],[-76.4892,37.8994],[-76.4968,37.8935],[-76.5004,37.8948],[-76.5006,37.8931],[-76.5041,37.891],[-76.5167,37.9023],[-76.5313,37.8984],[-76.5367,37.9022],[-76.5439,37.9028],[-76.5447,37.9074],[-76.5476,37.9098],[-76.546,37.9144],[-76.5478,37.9151],[-76.5494,37.9203],[-76.5546,37.9239],[-76.5553,37.9256],[-76.5532,37.9266],[-76.5535,37.9284],[-76.5564,37.9318],[-76.5666,37.9373],[-76.5737,37.936],[-76.5793,37.9403],[-76.5798,37.9431],[-76.5871,37.9466],[-76.5954,37.9492],[-76.6055,37.9491],[-76.6037,37.9518],[-76.609,37.9591],[-76.6162,37.9641],[-76.62,37.973],[-76.626,37.9753],[-76.6349,37.9739],[-76.6386,37.9775],[-76.6382,37.9797],[-76.6412,37.9812],[-76.6404,37.9847],[-76.6418,37.9865],[-76.651,37.989],[-76.652,37.9878],[-76.656,37.9881],[-76.6591,37.994],[-76.6582,37.9965],[-76.6618,38.0001],[-76.6591,38.0061],[-76.6618,38.0081],[-76.6666,38.0057],[-76.6687,38.0071],[-76.6705,38.0029],[-76.6774,37.998],[-76.6802,37.9979],[-76.6783,37.9945],[-76.6803,37.9926],[-76.6843,37.9913],[-76.6903,37.9919],[-76.6932,37.9885],[-76.6968,37.988],[-76.7007,37.9918],[-76.7066,37.9927],[-76.7082,37.9961],[-76.717,37.9937],[-76.7276,37.998],[-76.7261,37.9996],[-76.7263,38.0059],[-76.7375,38.0151],[-76.7356,38.0168],[-76.7398,38.0204],[-76.7421,38.0264],[-76.7457,38.027],[-76.7451,38.0297],[-76.7494,38.0329],[-76.7529,38.033],[-76.7554,38.0358],[-76.7596,38.0352],[-76.7645,38.0392],[-76.7585,38.0507],[-76.7616,38.0504],[-76.761,38.0547],[-76.7728,38.0568],[-76.78,38.0597],[-76.7754,38.0675],[-76.7768,38.0755],[-76.7782,38.0749],[-76.7871,38.0787],[-76.7873,38.0833],[-76.7923,38.0868],[-76.7932,38.0929],[-76.7999,38.0929],[-76.7999,38.0962],[-76.803,38.1019],[-76.8013,38.1031],[-76.8029,38.1048],[-76.8009,38.1072],[-76.8015,38.1091],[-76.798,38.1093],[-76.7914,38.1156],[-76.7842,38.116],[-76.7834,38.1184],[-76.7882,38.124],[-76.7931,38.1241],[-76.7946,38.126],[-76.803,38.1289],[-76.803,38.1341],[-76.7998,38.1341],[-76.7974,38.1372],[-76.7912,38.1399],[-76.7945,38.1421],[-76.7982,38.1415],[-76.7993,38.1435],[-76.8039,38.1439],[-76.8035,38.1491],[-76.8067,38.1491],[-76.8106,38.1521],[-76.8098,38.1541],[-76.8149,38.1544],[-76.8195,38.1503],[-76.8226,38.1514],[-76.8287,38.1501],[-76.8302,38.1459],[-76.8346,38.1446],[-76.8394,38.1484],[-76.8486,38.1458],[-76.8548,38.1465],[-76.856,38.1484],[-76.8612,38.1472],[-76.8646,38.1446],[-76.8683,38.1444],[-76.879,38.1467],[-76.8864,38.1525],[-76.8886,38.1469],[-76.8991,38.1398],[-76.9016,38.1421],[-76.9083,38.1406],[-76.9105,38.1451],[-76.9178,38.1501],[-76.9211,38.1475],[-76.9228,38.1435],[-76.9293,38.1442],[-76.9323,38.1422],[-76.9354,38.1425],[-76.9359,38.1439],[-76.9452,38.143],[-76.9463,38.1411],[-76.9453,38.1375],[-76.9597,38.1354],[-76.9653,38.1307],[-76.969,38.1354],[-76.9732,38.1333],[-76.9815,38.1347],[-76.9794,38.139],[-76.9868,38.1406],[-76.9931,38.1463],[-77.0001,38.1472],[-77.0016,38.1496],[-77.0055,38.1503],[-77.0053,38.1544],[-77.0029,38.1569],[-77.0037,38.1578],[-77.0074,38.1604],[-77.0151,38.1611],[-77.0195,38.1671],[-77.0236,38.1673],[-77.0249,38.1719],[-77.0277,38.1747],[-77.036,38.1725],[-77.0362,38.1743],[-77.0384,38.175],[-77.0379,38.1791],[-77.0402,38.1796],[-77.0434,38.184],[-77.0616,38.1861],[-77.0663,38.1842],[-77.0704,38.1907],[-77.0861,38.1945],[-77.0892,38.2005],[-77.0874,38.2043],[-77.09,38.2095],[-77.1051,38.2189],[-77.1141,38.2216],[-77.1135,38.2244],[-77.1152,38.2266],[-77.1141,38.2268],[-77.1168,38.2295],[-77.1301,38.233],[-77.1359,38.2389],[-77.142,38.2368],[-77.1501,38.239],[-77.1496,38.2412],[-77.1528,38.2394],[-77.157,38.2402],[-77.1613,38.2435],[-77.1598,38.2448],[-77.1607,38.2462],[-77.1633,38.2465],[-77.1631,38.258],[-77.1649,38.2606],[-77.1846,38.2686],[-77.1905,38.2692],[-77.1998,38.2766],[-77.2161,38.2766],[-77.2171,38.279],[-77.2238,38.2821],[-77.2253,38.286],[-77.2317,38.291],[-77.2315,38.2942],[-77.2349,38.2959],[-77.2414,38.2964],[-77.246,38.2937],[-77.2494,38.2983],[-77.2523,38.2983],[-77.2566,38.2949],[-77.264,38.2942],[-77.2669,38.2893],[-77.27,38.2897],[-77.2705,38.2932],[-77.2753,38.2976],[-77.2833,38.2946],[-77.2872,38.2913],[-77.2914,38.2927],[-77.2923,38.2952],[-77.2968,38.293],[-77.3034,38.2969],[-77.3065,38.2965],[-77.3106,38.2988],[-77.3119,38.2989],[-77.3124,38.297],[-77.3149,38.2972],[-77.3188,38.3015],[-77.3208,38.2991],[-77.3246,38.2997],[-77.327,38.2957],[-77.3334,38.2956],[-77.3332,38.3025],[-77.3382,38.3049],[-77.34,38.3039],[-77.3429,38.3053],[-77.3458,38.3015],[-77.3482,38.3042],[-77.3546,38.306],[-77.3661,38.3046],[-77.3729,38.3055],[-77.3724,38.3075],[-77.3746,38.3089],[-77.3676,38.3217],[-77.3747,38.3229],[-77.3746,38.3253],[-77.3815,38.3229],[-77.3867,38.3237],[-77.3881,38.3272],[-77.3931,38.3279],[-77.398,38.3319],[-77.405,38.3282],[-77.4113,38.3298],[-77.4315,38.3303],[-77.4351,38.3319],[-77.4375,38.3434],[-77.4413,38.3439],[-77.4466,38.3493],[-77.4487,38.3486],[-77.4535,38.3503],[-77.4536,38.3541],[-77.4584,38.3571],[-77.4581,38.3622],[-77.4639,38.3656],[-77.4641,38.3676],[-77.4717,38.3684],[-77.4816,38.373],[-77.4832,38.3722],[-77.4829,38.3701],[-77.4866,38.3681],[-77.4906,38.3719],[-77.4992,38.3709],[-77.5029,38.3734],[-77.5076,38.3741],[-77.5121,38.378],[-77.5217,38.3766],[-77.532,38.3821],[-77.5397,38.3884],[-77.5402,38.3927],[-77.5349,38.396],[-77.5346,38.4006],[-77.535,38.4038],[-77.5382,38.4078],[-77.5369,38.4096],[-77.5395,38.4111],[-77.559,38.4061],[-77.5702,38.4003],[-77.572,38.401],[-77.574,38.4042],[-77.5697,38.4062],[-77.574,38.409],[-77.5705,38.4126],[-77.5681,38.4127],[-77.5728,38.42],[-77.5753,38.4291],[-77.5776,38.4283],[-77.5804,38.4307],[-77.5849,38.4294],[-77.5869,38.4307],[-77.5923,38.4304],[-77.5872,38.4379],[-77.5912,38.4428],[-77.5916,38.4468],[-77.5896,38.4482],[-77.5855,38.448],[-77.5819,38.4545],[-77.5782,38.4547],[-77.5766,38.4592],[-77.5791,38.4695],[-77.5777,38.474],[-77.5811,38.4775],[-77.5788,38.481],[-77.5795,38.4879],[-77.5911,38.4916],[-77.5944,38.4944],[-77.6017,38.494],[-77.6014,38.4965],[-77.6039,38.5001],[-77.601,38.5018],[-77.6006,38.5055],[-77.6044,38.5107],[-77.6204,38.5187],[-77.6259,38.527],[-77.6336,38.527],[-77.6352,38.5316],[-77.6389,38.5318],[-77.6419,38.5349],[-77.6441,38.5334],[-77.6516,38.5357],[-77.6533,38.531],[-77.656,38.529],[-77.659,38.5291],[-77.6611,38.526],[-77.6645,38.5248],[-77.6684,38.5268],[-77.6709,38.5327],[-77.6813,38.5408],[-77.6819,38.5434],[-77.6846,38.5427],[-77.6905,38.5454],[-77.6946,38.5506],[-77.6916,38.5561],[-77.6931,38.5628],[-77.6889,38.5679],[-77.699,38.5764],[-77.7011,38.5821],[-77.6987,38.5868],[-77.7033,38.5888],[-77.7063,38.5875],[-77.7155,38.5957],[-77.7201,38.5949],[-77.7234,38.5972],[-77.723,38.5998],[-77.7275,38.6025],[-77.7277,38.6044],[-77.7321,38.6026],[-77.7345,38.6099],[-77.7382,38.6145],[-77.7491,38.6144],[-77.7531,38.6181],[-77.761,38.6135],[-77.7697,38.6107],[-77.7718,38.6144],[-77.7761,38.6168],[-77.7932,38.6117],[-77.7966,38.6175],[-77.7961,38.6197],[-77.8012,38.6219],[-77.8087,38.6222],[-77.8084,38.6275],[-77.8156,38.6335],[-77.8155,38.6359],[-77.8115,38.637],[-77.8082,38.6425],[-77.8025,38.6457],[-77.8015,38.6486],[-77.8009,38.6589],[-77.8033,38.6635],[-77.8014,38.6665],[-77.8066,38.6783],[-77.804,38.6781],[-77.8037,38.6829],[-77.8075,38.6931],[-77.8076,38.7008],[-77.81,38.7042],[-77.8071,38.7067],[-77.8006,38.7079],[-77.7953,38.7138],[-77.7984,38.7171],[-77.7978,38.7206],[-77.8049,38.7237],[-77.8131,38.7248],[-77.8137,38.7287],[-77.8169,38.7297],[-77.8249,38.7288],[-77.8306,38.731],[-77.8317,38.7331],[-77.8358,38.7337],[-77.8355,38.7405],[-77.8333,38.744],[-77.8339,38.7502],[-77.8317,38.7554],[-77.8327,38.759],[-77.8308,38.763],[-77.834,38.768],[-77.8335,38.7703],[-77.8351,38.7736],[-77.8405,38.777],[-77.8462,38.7865],[-77.8456,38.7887],[-77.8388,38.7925],[-77.8397,38.7975],[-77.8429,38.8008],[-77.8448,38.8077],[-77.84,38.811],[-77.8365,38.8109],[-77.8317,38.8158],[-77.826,38.8151],[-77.8178,38.817],[-77.816,38.8194],[-77.8168,38.8234],[-77.8126,38.8308],[-77.8214,38.8338],[-77.8254,38.841],[-77.8285,38.8418],[-77.8285,38.8473],[-77.8369,38.8532],[-77.8388,38.8565],[-77.8464,38.8602],[-77.8461,38.862],[-77.8498,38.8651],[-77.8558,38.8655],[-77.8588,38.8639],[-77.8603,38.8595],[-77.8646,38.8602],[-77.8696,38.8585],[-77.8725,38.8597],[-77.8768,38.8649],[-77.8814,38.8666],[-77.8887,38.8663],[-77.8946,38.8715],[-77.8952,38.8696],[-77.8993,38.8675],[-77.8993,38.8635],[-77.9105,38.865],[-77.9116,38.8623],[-77.9165,38.8588],[-77.9226,38.8602],[-77.9271,38.8569],[-77.9276,38.8547],[-77.9396,38.8581],[-77.9421,38.8606],[-77.9395,38.8632],[-77.9446,38.8677],[-77.9509,38.8584],[-77.9572,38.8545],[-77.9511,38.8426],[-77.9523,38.8404],[-77.959,38.8437],[-77.9584,38.8484],[-77.9627,38.8488],[-77.9659,38.8513],[-77.9647,38.8564],[-77.9669,38.8633],[-77.9658,38.8684],[-77.9726,38.8677],[-77.9812,38.8701],[-77.9841,38.8739],[-77.9817,38.8796],[-77.9955,38.8807],[-77.9974,38.883],[-77.9961,38.8885],[-78.0082,38.8861],[-78.0179,38.8907],[-78.0208,38.8947],[-78.0247,38.8957],[-78.0337,38.8946],[-78.0364,38.8935],[-78.038,38.89],[-78.0441,38.8886],[-78.046,38.8867],[-78.0558,38.886],[-78.0565,38.8891],[-78.0677,38.887],[-78.0767,38.8813],[-78.0808,38.8862],[-78.0906,38.8858],[-78.105,38.8778],[-78.107,38.8784],[-78.1076,38.8818],[-78.1119,38.8868],[-78.1303,38.8698],[-78.1306,38.8617],[-78.1389,38.8592],[-78.1427,38.8595],[-78.1454,38.8509],[-78.1488,38.8503],[-78.1571,38.8447],[-78.1609,38.839],[-78.1602,38.8362],[-78.1632,38.8363],[-78.1685,38.8335],[-78.1708,38.8292],[-78.1695,38.8266],[-78.1708,38.8191],[-78.18,38.818],[-78.1785,38.8151],[-78.1819,38.804],[-78.1817,38.7995],[-78.1833,38.7985],[-78.1846,38.7929],[-78.1887,38.7905],[-78.189,38.7888],[-78.1933,38.7873],[-78.1951,38.7814],[-78.2008,38.7766],[-78.2066,38.7741],[-78.2127,38.7749],[-78.2183,38.7731],[-78.2246,38.7681],[-78.2306,38.769],[-78.235,38.7672],[-78.2386,38.7619],[-78.2442,38.7633],[-78.2531,38.757],[-78.2569,38.7593],[-78.2642,38.7584],[-78.2711,38.7616],[-78.2793,38.762],[-78.2844,38.7597],[-78.2905,38.7503],[-78.2959,38.7511],[-78.2992,38.7485],[-78.2996,38.7449],[-78.3043,38.7386],[-78.3188,38.7379],[-78.3237,38.7217],[-78.3323,38.705],[-78.3316,38.7027],[-78.3249,38.7015],[-78.3202,38.6982],[-78.3166,38.6918],[-78.3143,38.6829],[-78.3213,38.678],[-78.3239,38.673],[-78.3174,38.6696],[-78.3201,38.6596],[-78.3157,38.652],[-78.3195,38.6468],[-78.3196,38.643],[-78.3241,38.6336],[-78.3282,38.6287],[-78.3357,38.6286],[-78.3402,38.6262],[-78.3445,38.6229],[-78.345,38.619],[-78.3528,38.6153],[-78.3553,38.6119],[-78.3603,38.6137],[-78.3644,38.6098],[-78.368,38.6021],[-78.3746,38.5942],[-78.3833,38.5884],[-78.3858,38.5827],[-78.3827,38.5757],[-78.3843,38.5713],[-78.3813,38.5677],[-78.381,38.5613],[-78.3892,38.5548],[-78.395,38.5557],[-78.4076,38.5516],[-78.4094,38.549],[-78.4135,38.5475],[-78.4197,38.5345],[-78.4286,38.5297],[-78.4301,38.5269],[-78.4329,38.5264],[-78.438,38.5308],[-78.4429,38.5277],[-78.4362,38.5216],[-78.4391,38.5167],[-78.4412,38.5165],[-78.4406,38.5134],[-78.4432,38.5112],[-78.4426,38.5052],[-78.447,38.4993],[-78.4443,38.4951],[-78.4423,38.4946],[-78.4416,38.4902],[-78.4449,38.4888],[-78.4471,38.4837],[-78.4556,38.4725],[-78.4578,38.4647],[-78.4627,38.4595],[-78.4619,38.4554],[-78.465,38.4523],[-78.465,38.447],[-78.4728,38.4476],[-78.4744,38.4457],[-78.4779,38.4385],[-78.4766,38.432],[-78.4824,38.4298],[-78.4843,38.4236],[-78.4869,38.4208],[-78.4868,38.4159],[-78.49,38.4146],[-78.4942,38.4095],[-78.4931,38.4066],[-78.4985,38.4037],[-78.4996,38.3993],[-78.5076,38.3936],[-78.5144,38.3945],[-78.5184,38.3816],[-78.5225,38.3797],[-78.5264,38.3725],[-78.5196,38.3673],[-78.5099,38.3682],[-78.5032,38.3648],[-78.5035,38.3619],[-78.5003,38.3569],[-78.5008,38.3421],[-78.4974,38.3368],[-78.4923,38.3348],[-78.4861,38.3365],[-78.4801,38.3316],[-78.4709,38.329],[-78.4696,38.3252],[-78.4655,38.3223],[-78.4618,38.316],[-78.4597,38.3143],[-78.4534,38.3137],[-78.4537,38.3108],[-78.4517,38.309],[-78.4343,38.3081],[-78.4331,38.3033],[-78.4277,38.301],[-78.4289,38.2965],[-78.4264,38.2945],[-78.427,38.2925],[-78.4201,38.2901],[-78.4202,38.2836],[-78.4108,38.2772],[-78.4115,38.2721],[-78.4086,38.268],[-78.4086,38.2621],[-78.3976,38.2563],[-78.3986,38.2503],[-78.395,38.2496],[-78.3951,38.2466],[-78.3914,38.2442],[-78.3883,38.238],[-78.3743,38.2324],[-78.3624,38.2347],[-78.3554,38.2316],[-78.3529,38.2283],[-78.3477,38.228],[-78.3449,38.2252],[-78.3466,38.2238],[-78.3448,38.2216],[-78.3464,38.2161],[-78.3432,38.2157],[-78.3389,38.2124],[-78.3396,38.2096],[-78.3208,38.2042],[-78.3115,38.1945],[-78.3039,38.1952],[-78.3025,38.1966],[-78.3011,38.1955],[-78.3005,38.1914],[-78.2978,38.189],[-78.3031,38.1822],[-78.3039,38.1799],[-78.3022,38.1774],[-78.304,38.1778],[-78.3041,38.1765],[-78.3,38.1745],[-78.2909,38.1631],[-78.2975,38.1569],[-78.306,38.1545],[-78.3098,38.15],[-78.308,38.1438],[-78.3091,38.1399],[-78.3056,38.1354],[-78.3084,38.132],[-78.3068,38.1286],[-78.3079,38.1258],[-78.305,38.1221],[-78.2912,38.1219],[-78.2868,38.1255],[-78.2785,38.1233],[-78.2767,38.1208],[-78.2763,38.1137],[-78.2728,38.1109],[-78.2732,38.1078],[-78.2702,38.1056],[-78.2639,38.1047],[-78.262,38.1025],[-78.263,38.1002],[-78.2465,38.0885],[-78.239,38.0769],[-78.2405,38.0694],[-78.249,38.0615],[-78.2472,38.0579],[-78.2482,38.0559],[-78.2442,38.0494],[-78.2403,38.0469],[-78.2416,38.0423],[-78.2398,38.0306],[-78.2329,38.0268],[-78.2325,38.0251],[-78.2332,38.0174],[-78.2368,38.0159],[-78.2375,38.0136],[-78.2344,38.0114],[-78.2318,38.0056],[-78.2337,38.0003],[-78.2328,37.9986],[-78.2377,37.9924],[-78.236,37.9893],[-78.2307,37.9878],[-78.23,37.9814],[-78.2272,37.9804],[-78.2222,37.9713],[-78.2018,37.9655],[-78.1984,37.9612],[-78.1991,37.9596],[-78.1962,37.9537],[-78.1901,37.9474],[-78.181,37.9502],[-78.1793,37.949],[-78.1724,37.9499],[-78.1697,37.9533],[-78.1619,37.954],[-78.1608,37.9522],[-78.1568,37.9516],[-78.1575,37.9499],[-78.1486,37.9471],[-78.1462,37.9429],[-78.1392,37.9404],[-78.1395,37.9384],[-78.1324,37.9394],[-78.1285,37.9379],[-78.1247,37.9405],[-78.1201,37.9406],[-78.1202,37.9427],[-78.1165,37.9437],[-78.1157,37.9454],[-78.1117,37.9458],[-78.1074,37.942],[-78.1099,37.9403],[-78.1079,37.9369],[-78.1102,37.9353],[-78.1104,37.9317],[-78.1062,37.9256],[-78.1016,37.9239],[-78.096,37.9182],[-78.0968,37.9173],[-78.0897,37.9154],[-78.0877,37.9131],[-78.0826,37.9132],[-78.0816,37.9081],[-78.076,37.902],[-78.0571,37.9035],[-78.0533,37.896],[-78.0483,37.8925],[-78.0441,37.8941],[-78.0441,37.8887],[-78.0369,37.8822],[-78.0389,37.8807],[-78.0357,37.8752],[-78.0292,37.8704],[-78.0283,37.8672],[-78.0242,37.8665],[-78.0226,37.8644],[-78.0197,37.8649],[-78.015,37.8598],[-78.0083,37.8571],[-78.0014,37.8599],[-78.0005,37.8583],[-78.0016,37.8563],[-77.9985,37.8523],[-77.9984,37.8475],[-77.9968,37.8473],[-77.9978,37.8432],[-77.9968,37.8421],[-77.9907,37.8416],[-77.981,37.8458],[-77.9789,37.8453],[-77.9755,37.8483],[-77.973,37.8479],[-77.9728,37.8449],[-77.9687,37.843],[-77.9565,37.8411],[-77.9513,37.8385],[-77.9397,37.8418],[-77.9337,37.8417],[-77.9317,37.8355],[-77.9236,37.8355],[-77.9221,37.8312],[-77.9197,37.83],[-77.9173,37.8253],[-77.9186,37.8224],[-77.9211,37.8215],[-77.9235,37.8146],[-77.9193,37.8127],[-77.918,37.8104],[-77.9248,37.807],[-77.9255,37.8022],[-77.9226,37.8002],[-77.9224,37.7966],[-77.9205,37.7951],[-77.9081,37.7944],[-77.9068,37.7907],[-77.9076,37.7855],[-77.9045,37.7832],[-77.9019,37.7754],[-77.8986,37.7749],[-77.9007,37.766],[-77.8925,37.7671],[-77.8795,37.7599],[-77.8703,37.7612],[-77.864,37.7581],[-77.8622,37.7524],[-77.8592,37.7503],[-77.8572,37.7459],[-77.8531,37.7432],[-77.8505,37.7456],[-77.8461,37.7438],[-77.8459,37.742],[-77.8396,37.742],[-77.8328,37.7486],[-77.8299,37.7494],[-77.8242,37.7446],[-77.8186,37.7461],[-77.817,37.748],[-77.808,37.7454],[-77.8034,37.7472],[-77.7934,37.7409],[-77.7955,37.7388],[-77.7906,37.7344],[-77.7896,37.7285],[-77.7827,37.7209],[-77.7777,37.7212],[-77.775,37.7185],[-77.768,37.7187],[-77.7668,37.7167],[-77.762,37.7152],[-77.7596,37.7049],[-77.7548,37.7001],[-77.7524,37.6998],[-77.7528,37.7012],[-77.7509,37.7019],[-77.7445,37.702],[-77.742,37.7],[-77.7358,37.7013],[-77.7254,37.6997],[-77.72,37.6957],[-77.7137,37.696],[-77.7163,37.6989],[-77.7132,37.7028],[-77.7137,37.7051],[-77.7108,37.7063],[-77.7074,37.7107],[-77.703,37.709],[-77.7011,37.7054],[-77.6884,37.7053],[-77.6863,37.7086],[-77.682,37.7089],[-77.6817,37.7069],[-77.6775,37.7094],[-77.67,37.7062],[-77.6625,37.7146],[-77.6551,37.7169],[-77.6514,37.7161],[-77.6463,37.7188],[-77.6288,37.7107],[-77.6221,37.7139],[-77.6223,37.716],[-77.6087,37.7204],[-77.6056,37.7248],[-77.6009,37.7249],[-77.5992,37.7276],[-77.5941,37.7297],[-77.578,37.7248],[-77.5761,37.728],[-77.5794,37.7288],[-77.5802,37.7322],[-77.5732,37.7384],[-77.5455,37.7354],[-77.5443,37.7445],[-77.5304,37.7456],[-77.5274,37.7495],[-77.5233,37.7478],[-77.5165,37.749],[-77.515,37.7555],[-77.5075,37.7601],[-77.5046,37.7695],[-77.4997,37.771],[-77.4914,37.7698],[-77.4836,37.7643],[-77.4842,37.7533],[-77.4563,37.7476],[-77.4554,37.742],[-77.4568,37.7367],[-77.4522,37.7329],[-77.4504,37.7272],[-77.4471,37.7241],[-77.4398,37.7224],[-77.4362,37.7197],[-77.4416,37.7116],[-77.4349,37.7016],[-77.4406,37.6922],[-77.4347,37.6839],[-77.4258,37.6809],[-77.4233,37.6815],[-77.4198,37.6696],[-77.4104,37.6652],[-77.4116,37.6602],[-77.4081,37.6583],[-77.4049,37.6536],[-77.3998,37.651],[-77.3961,37.6433],[-77.3918,37.6425],[-77.3907,37.6375],[-77.3872,37.6352],[-77.387,37.6322],[-77.3769,37.6286],[-77.3662,37.6312],[-77.3615,37.6307],[-77.3552,37.6347],[-77.3449,37.636],[-77.3431,37.6418],[-77.3316,37.6403],[-77.323,37.6347],[-77.3151,37.6372],[-77.3102,37.6366],[-77.3034,37.6404],[-77.2963,37.6397],[-77.295,37.6352],[-77.2904,37.6327],[-77.2892,37.6275],[-77.2932,37.6261],[-77.298,37.6272],[-77.3008,37.6262],[-77.2999,37.6203],[-77.2979,37.6196],[-77.2959,37.6143],[-77.2985,37.6101],[-77.3017,37.6094],[-77.3023,37.6077],[-77.298,37.608],[-77.2942,37.6046],[-77.2884,37.605],[-77.2841,37.6017],[-77.2844,37.5999],[-77.2784,37.5981],[-77.271,37.5887],[-77.263,37.5914],[-77.2493,37.5904],[-77.2478,37.5884],[-77.25,37.5854],[-77.2445,37.5846],[-77.2396,37.5815],[-77.2375,37.5797],[-77.2389,37.5776],[-77.2268,37.5685],[-77.2262,37.5658],[-77.221,37.5653],[-77.2118,37.5612],[-77.2106,37.559],[-77.2148,37.5563],[-77.2125,37.5535],[-77.2068,37.5528],[-77.2043,37.5502],[-77.2007,37.5509],[-77.1977,37.547],[-77.1896,37.5463],[-77.1832,37.5512],[-77.1802,37.5512],[-77.1768,37.5485],[-77.175,37.5496],[-77.169,37.5472],[-77.1716,37.5398],[-77.1665,37.5386],[-77.1612,37.5396],[-77.1587,37.5382],[-77.1524,37.539],[-77.1493,37.5373],[-77.1502,37.5325],[-77.1269,37.5324],[-77.1211,37.534],[-77.1119,37.5321],[-77.1066,37.5327],[-77.0935,37.5277],[-77.0895,37.518],[-77.0777,37.5181],[-77.0753,37.5208],[-77.0742,37.5301],[-77.0667,37.5346],[-77.057,37.5366],[-77.0557,37.5403],[-77.0529,37.541],[-77.0487,37.5378],[-77.0418,37.5358],[-77.0381,37.5324],[-77.0361,37.5345],[-77.0238,37.5311],[-77.0227,37.5282],[-77.0183,37.5252],[-77.0121,37.5245],[-77.0066,37.527],[-77.0021,37.5201],[-76.9952,37.5182],[-76.9946,37.5145],[-76.9829,37.5152],[-76.9781,37.5178],[-76.9721,37.5169],[-76.9665,37.5184],[-76.9625,37.5179],[-76.9614,37.5157],[-76.9566,37.5164],[-76.9561,37.5098],[-76.9403,37.5058],[-76.9402,37.5019],[-76.9419,37.501],[-76.9409,37.4997],[-76.9347,37.5],[-76.9333,37.5039],[-76.9312,37.5052],[-76.9266,37.5037],[-76.927,37.5021],[-76.9228,37.4975],[-76.9127,37.5074],[-76.9113,37.5061],[-76.9076,37.5068],[-76.9057,37.5044],[-76.899,37.5018],[-76.8868,37.5028],[-76.8816,37.5001],[-76.8767,37.5033],[-76.8733,37.5011],[-76.8668,37.5],[-76.8659,37.4985],[-76.8642,37.499],[-76.8633,37.497],[-76.862,37.4992],[-76.8535,37.4945],[-76.8503,37.4948],[-76.8507,37.4923],[-76.8444,37.4908],[-76.8407,37.4871],[-76.8438,37.4774],[-76.8478,37.4718],[-76.8459,37.467],[-76.8386,37.4628],[-76.8399,37.4562],[-76.8449,37.4527],[-76.8442,37.4498],[-76.8406,37.4465],[-76.8391,37.4405],[-76.8331,37.4325],[-76.8302,37.4316],[-76.8286,37.427],[-76.8231,37.4202],[-76.8222,37.4176],[-76.8247,37.4112],[-76.8179,37.4076],[-76.8123,37.4102],[-76.8078,37.406],[-76.8076,37.4013],[-76.81,37.3992],[-76.8032,37.3925],[-76.8031,37.3879],[-76.8057,37.3852],[-76.8094,37.385],[-76.807,37.3788],[-76.8078,37.3774],[-76.8065,37.3761],[-76.8006,37.3773],[-76.7922,37.3761],[-76.7867,37.379],[-76.7778,37.3776],[-76.7735,37.3787],[-76.7726,37.3741],[-76.7745,37.3721],[-76.7723,37.3685],[-76.7673,37.3653],[-76.7619,37.3533],[-76.7629,37.3513],[-76.7578,37.3434],[-76.7524,37.3392],[-76.7442,37.3373],[-76.7443,37.3354],[-76.7336,37.3317],[-76.7352,37.3281],[-76.7338,37.327],[-76.7366,37.3228],[-76.7312,37.3161],[-76.7323,37.314],[-76.7273,37.3036],[-76.7271,37.2985],[-76.7303,37.296],[-76.7226,37.2925],[-76.7195,37.2873],[-76.7192,37.2826],[-76.7142,37.2745],[-76.7053,37.2711],[-76.6899,37.2712],[-76.6792,37.2647],[-76.668,37.2656],[-76.6644,37.2608],[-76.664,37.2533],[-76.6513,37.2404],[-76.632,37.2366],[-76.6274,37.2319],[-76.6233,37.2349],[-76.616,37.2354],[-76.6103,37.2338],[-76.607,37.2354],[-76.6056,37.2403],[-76.6066,37.2418],[-76.6038,37.2421],[-76.6005,37.2412],[-76.597,37.2361],[-76.5871,37.2305],[-76.5732,37.228],[-76.5642,37.2281],[-76.5609,37.2263],[-76.5573,37.2307],[-76.5517,37.2311],[-76.5459,37.2343],[-76.5389,37.2353],[-76.5323,37.2333],[-76.5295,37.2304],[-76.521,37.2316],[-76.5153,37.2238],[-76.5081,37.2229],[-76.5087,37.2167],[-76.5044,37.2084],[-76.4978,37.206],[-76.5021,37.2012],[-76.5057,37.1997],[-76.5071,37.1946],[-76.5029,37.1839],[-76.505,37.1814],[-76.5027,37.1737],[-76.5048,37.1605],[-76.5042,37.1574],[-76.5008,37.1541],[-76.5016,37.1505],[-76.5055,37.1485],[-76.5081,37.1438],[-76.4983,37.1356],[-76.5018,37.1261],[-76.4994,37.1246],[-76.4998,37.1213],[-76.4859,37.1298],[-76.4843,37.1287],[-76.4838,37.1248],[-76.4862,37.1224],[-76.4862,37.12],[-76.4808,37.1147],[-76.4819,37.1132],[-76.48,37.108],[-76.4808,37.1049],[-76.4844,37.1047],[-76.4847,37.1005],[-76.4863,37.1003],[-76.485,37.0992],[-76.4878,37.0951],[-76.4863,37.0927],[-76.4786,37.0911],[-76.4727,37.0932],[-76.4706,37.0898],[-76.4703,37.0848],[-76.4677,37.0821],[-76.4769,37.0811],[-76.4691,37.0723],[-76.456,37.073],[-76.4549,37.0752],[-76.4481,37.0782],[-76.4388,37.0705],[-76.4397,37.0682],[-76.4334,37.0674],[-76.4336,37.0626],[-76.4372,37.056],[-76.4341,37.0564],[-76.4305,37.0529],[-76.4355,37.0426],[-76.4362,37.0367],[-76.4347,37.0355],[-76.4391,37.0307],[-76.4359,37.0236],[-76.4447,37.0195],[-76.4428,37.0155],[-76.4474,37.0128],[-76.4401,36.997],[-76.4324,36.9986],[-76.4294,36.9965],[-76.4149,37.0022],[-76.4174,37.0106],[-76.4072,37.0184],[-76.4039,37.0187],[-76.4027,37.0112],[-76.4009,37.011],[-76.4,37.0068],[-76.3934,37.0075],[-76.3746,37.0198],[-76.3623,37.028],[-76.3566,37.0361],[-76.3527,37.0389],[-76.3438,37.0601],[-76.3385,37.058],[-76.3259,37.0626],[-76.3236,37.0601],[-76.3123,37.0583],[-76.3104,37.0552],[-76.3137,37.0515],[-76.314,37.0471],[-76.3117,37.0444],[-76.3149,37.0428],[-76.3143,37.0388],[-76.3078,37.0335],[-76.3047,37.0381],[-76.2984,37.0409],[-76.293,37.0361],[-76.2976,37.0195],[-76.3031,37.0049],[-76.3064,37.0004],[-76.2972,36.9856],[-76.2985,36.9798],[-76.297,36.9691],[-76.2937,36.9671],[-76.279,36.967],[-76.2674,36.9638],[-76.2547,36.9538],[-76.2549,36.9478],[-76.2528,36.9446],[-76.2483,36.9413],[-76.2444,36.9415],[-76.244,36.9194],[-76.2427,36.9156],[-76.2401,36.9141],[-76.2371,36.9055],[-76.2389,36.9032],[-76.2411,36.9034],[-76.2365,36.8932],[-76.2386,36.8898],[-76.2375,36.888],[-76.2139,36.8818],[-76.2107,36.8748],[-76.2025,36.8721],[-76.1948,36.8763],[-76.1926,36.8808],[-76.1879,36.8805],[-76.1833,36.8835],[-76.1814,36.871],[-76.1758,36.8689],[-76.1711,36.8696],[-76.1706,36.8681],[-76.1711,36.8621],[-76.1751,36.859],[-76.1703,36.8568],[-76.1726,36.8539],[-76.168,36.854],[-76.1686,36.8521],[-76.1657,36.8518],[-76.1667,36.8497],[-76.1637,36.8485],[-76.1621,36.85],[-76.1615,36.8476],[-76.1566,36.8452],[-76.1554,36.8401],[-76.1487,36.8388],[-76.1482,36.8374],[-76.1512,36.836],[-76.1535,36.8315],[-76.1467,36.8308],[-76.1448,36.8267],[-76.1468,36.8252],[-76.1457,36.8242],[-76.1409,36.8251],[-76.1381,36.8232],[-76.1401,36.8212],[-76.1369,36.8183],[-76.1379,36.8155],[-76.1367,36.8145],[-76.1387,36.8124],[-76.1377,36.811],[-76.1327,36.8104],[-76.1318,36.808],[-76.1345,36.8067],[-76.1331,36.8043],[-76.1303,36.8057],[-76.1259,36.8029],[-76.1264,36.8012],[-76.1217,36.8009],[-76.1203,36.7994],[-76.1229,36.7983],[-76.1228,36.7959],[-76.1129,36.7905],[-76.113,36.789],[-76.1079,36.7863],[-76.0976,36.7868],[-76.0955,36.7892],[-76.0869,36.7905],[-76.0872,36.7929],[-76.0816,36.7934],[-76.0793,36.7907],[-76.0718,36.7914],[-76.0675,36.7955],[-76.0677,36.7935],[-76.0639,36.7926],[-76.0622,36.7952],[-76.0568,36.7941],[-76.0552,36.7968],[-76.0575,36.7978],[-76.0568,36.7993],[-76.0408,36.8135],[-76.0426,36.8147],[-76.0299,36.826],[-76.0317,36.8274],[-76.0311,36.8296],[-76.0283,36.8276],[-76.0247,36.8307],[-76.0231,36.8294],[-76.0259,36.8246],[-76.0294,36.8237],[-76.0207,36.817],[-76.0176,36.8192],[-76.0099,36.8134],[-76.0064,36.8136],[-76.0087,36.821],[-76.0004,36.8207],[-75.9972,36.8283],[-75.9985,36.8312],[-75.9961,36.8341],[-75.9981,36.8364],[-75.9962,36.8379],[-75.9975,36.8388],[-75.9968,36.8398],[-75.9859,36.8418],[-75.9832,36.845],[-75.9766,36.8467],[-75.9756,36.8486],[-75.9795,36.8631],[-75.9854,36.8684],[-75.983,36.8707],[-75.9836,36.8724],[-75.982,36.8723],[-75.9825,36.8758],[-75.9875,36.8786],[-75.9893,36.8778],[-75.9889,36.8854],[-75.9969,36.9028],[-75.9984,36.9109],[-76.0079,36.9208],[-76.0041,36.9261],[-76.0086,36.9285],[-76.0106,36.9273],[-76.021,36.9297],[-75.9751,37.0873],[-75.979,37.0913],[-75.9743,37.0928],[-75.9786,37.0982],[-75.9763,37.0984],[-75.9715,37.0942],[-75.9693,37.0981],[-75.9694,37.1191],[-75.9674,37.1294],[-75.9698,37.1359],[-75.9692,37.1386],[-75.9726,37.1405],[-75.9746,37.1496],[-75.9745,37.1517],[-75.9718,37.153],[-75.9713,37.1577],[-75.9729,37.1579],[-75.9745,37.1625],[-75.9805,37.1646],[-75.9786,37.17],[-75.9816,37.1744],[-75.9877,37.1738],[-75.9912,37.1799],[-75.9849,37.1812],[-75.9824,37.1897],[-75.9729,37.1961],[-75.9772,37.205],[-75.9733,37.2075],[-75.9694,37.2157],[-75.9691,37.223],[-75.9635,37.2327],[-75.9662,37.2482],[-75.9612,37.2568],[-75.9609,37.2602],[-75.9627,37.263],[-75.9597,37.2667],[-75.9605,37.285],[-75.9559,37.2894],[-75.9519,37.2994],[-75.9483,37.3011],[-75.947,37.3059],[-75.9359,37.3083],[-75.9325,37.3131],[-75.9325,37.3143],[-75.9366,37.3146],[-75.9402,37.3169],[-75.9392,37.3238],[-75.943,37.3257],[-75.9379,37.3355],[-75.932,37.3373],[-75.9357,37.3426],[-75.9323,37.3476],[-75.9364,37.3493],[-75.9317,37.3523],[-75.9315,37.3647],[-75.9299,37.367],[-75.9249,37.3689],[-75.9248,37.3717],[-75.9161,37.3749],[-75.917,37.376],[-75.9086,37.3924],[-75.909,37.4005],[-75.906,37.4041],[-75.9019,37.4055],[-75.8981,37.4015],[-75.8902,37.4023],[-75.884,37.4158],[-75.8937,37.4221],[-75.8938,37.4245],[-75.8909,37.4273],[-75.8913,37.4358],[-75.8854,37.4395],[-75.8713,37.4382],[-75.866,37.4428],[-75.8664,37.4484],[-75.8633,37.4513],[-75.8635,37.4549],[-75.8689,37.4581],[-75.8697,37.4624],[-75.8657,37.4641],[-75.8571,37.4643],[-75.8584,37.4697],[-75.8535,37.4762],[-75.8563,37.4781],[-75.8572,37.4834],[-75.854,37.4877],[-75.8574,37.4921],[-75.8551,37.4981],[-75.8501,37.4989],[-75.8438,37.4972],[-75.8415,37.5001],[-75.8384,37.5005],[-75.8352,37.5066],[-75.8263,37.5071],[-75.823,37.5149],[-75.8198,37.5157],[-75.8183,37.5195],[-75.8145,37.5223],[-75.8142,37.5244],[-75.8163,37.5272],[-75.8248,37.5303],[-75.8232,37.5328],[-75.8236,37.5385],[-75.8193,37.5493],[-75.8154,37.5497],[-75.8105,37.554],[-75.8072,37.5524],[-75.8006,37.562],[-75.7912,37.5593],[-75.7893,37.5603],[-75.7886,37.5623],[-75.7907,37.5646],[-75.7899,37.5702],[-75.7923,37.5747],[-75.7892,37.5793],[-75.785,37.5796],[-75.7809,37.5826],[-75.7848,37.5858],[-75.7799,37.5934],[-75.7865,37.5978],[-75.7868,37.5994],[-75.7817,37.6003],[-75.7815,37.6066],[-75.7874,37.6115],[-75.7893,37.6151],[-75.7848,37.62],[-75.7813,37.6195],[-75.7853,37.6301],[-75.7763,37.6328],[-75.7716,37.628],[-75.7642,37.6277],[-75.7617,37.6302],[-75.756,37.6218],[-75.7513,37.6201],[-75.7471,37.6272],[-75.7497,37.6319],[-75.7466,37.6353],[-75.7408,37.6363],[-75.7398,37.6386],[-75.7419,37.6405],[-75.7432,37.6477],[-75.7423,37.6501],[-75.746,37.6549],[-75.7472,37.6604],[-75.7512,37.6622],[-75.7515,37.6647],[-75.7476,37.6663],[-75.7425,37.6633],[-75.7394,37.6651],[-75.7415,37.6668],[-75.736,37.6721],[-75.7366,37.6778],[-75.7336,37.6798],[-75.728,37.6793],[-75.7246,37.6885],[-75.7201,37.6894],[-75.7091,37.6881],[-75.7064,37.69],[-75.7119,37.6958],[-75.7091,37.6999],[-75.6996,37.6985],[-75.6942,37.7028],[-75.6794,37.708],[-75.6789,37.7134],[-75.6761,37.7151],[-75.677,37.7161],[-75.6755,37.7174],[-75.6724,37.7183],[-75.6713,37.7221],[-75.6716,37.724],[-75.6771,37.7241],[-75.6775,37.7307],[-75.6733,37.7315],[-75.6702,37.7294],[-75.6661,37.7297],[-75.6635,37.7346],[-75.6638,37.7395],[-75.6617,37.7407],[-75.6623,37.7443],[-75.6533,37.7457],[-75.6533,37.7501],[-75.6455,37.7567],[-75.6397,37.7551],[-75.6369,37.7567],[-75.6374,37.7589],[-75.6346,37.76],[-75.6362,37.7617],[-75.6408,37.7612],[-75.6442,37.7641],[-75.6388,37.7713],[-75.6381,37.7744],[-75.6301,37.7757],[-75.6209,37.7738],[-75.6194,37.78],[-75.6129,37.7826],[-75.6155,37.7883],[-75.6132,37.7898],[-75.6162,37.7917],[-75.6197,37.7981],[-75.619,37.8034],[-75.614,37.8063],[-75.6072,37.8045],[-75.5987,37.8057],[-75.5963,37.8116],[-75.5966,37.8154],[-75.5942,37.8161],[-75.5938,37.819],[-75.583,37.8188],[-75.5781,37.824],[-75.5845,37.8303],[-75.5831,37.834],[-75.5805,37.8353],[-75.5741,37.8342],[-75.574,37.8367],[-75.5704,37.8406],[-75.5621,37.8393],[-75.5612,37.8405],[-75.5627,37.8445],[-75.5598,37.8474],[-75.5645,37.85],[-75.5569,37.8616],[-75.5601,37.8843],[-75.5543,37.8891],[-75.5561,37.8939],[-75.5523,37.8961],[-75.5506,37.8992],[-75.5529,37.903],[-75.5473,37.9093],[-75.5481,37.9137],[-75.5329,37.9278],[-75.5293,37.9343],[-75.5313,37.9359],[-75.5292,37.9383],[-75.5246,37.9396],[-75.5222,37.9422],[-75.5097,37.9409],[-75.5107,37.9456],[-75.5128,37.9471],[-75.5099,37.9546],[-75.5175,37.9607],[-75.5143,37.9692],[-75.5085,37.968],[-75.5016,37.9768],[-75.4983,37.976],[-75.4949,37.9799],[-75.4878,37.9804],[-75.4828,37.9846],[-75.4797,37.984],[-75.4779,37.9865],[-75.4796,37.9951],[-75.4876,38.0001],[-75.477,38.0061],[-75.4755,38.0128],[-75.4838,38.0176],[-75.4844,38.0214],[-75.4887,38.0234],[-75.4897,38.0275],[-75.4941,38.0302],[-75.4963,38.0348],[-75.4936,38.0374],[-75.4935,38.0401],[-75.4871,38.0385],[-75.4845,38.0402],[-75.4821,38.0464],[-75.4747,38.0426],[-75.4754,38.048],[-75.4728,38.0485],[-75.4695,38.0527],[-75.4504,38.058],[-75.4477,38.0606],[-75.4439,38.0586],[-75.4428,38.0561],[-75.4355,38.0554],[-75.4248,38.0518],[-75.4231,38.0501],[-75.4252,38.0471],[-75.4239,38.0445],[-75.4215,38.043],[-75.4148,38.0427],[-75.4147,38.0487],[-75.4216,38.0557],[-75.4177,38.0594],[-75.4229,38.0711],[-75.4224,38.0864],[-75.415,38.0865],[-75.4107,38.0901],[-75.403,38.0899],[-75.3994,38.0933],[-75.3887,38.0955],[-75.3835,38.099],[-75.3778,38.0987],[-75.3754,38.1006],[-75.3696,38.0993],[-75.3647,38.1042],[-75.3644,38.1171],[-75.3658,38.1195],[-75.3628,38.1269],[-75.3565,38.1311],[-75.3526,38.1299],[-75.3483,38.1356],[-75.3389,38.1358],[-75.3372,38.1445],[-75.3317,38.1486],[-75.3377,38.1567],[-75.3372,38.1583],[-75.3227,38.1585],[-75.3126,38.1725],[-75.3124,38.1773],[-75.3227,38.1817],[-75.3281,38.1902],[-75.326,38.1927],[-75.3248,38.1996],[-75.3194,38.2039],[-75.3134,38.2029],[-75.3107,38.2005],[-75.3069,38.202],[-75.3066,38.2054],[-75.3098,38.2143],[-75.3074,38.2189],[-75.3023,38.2221],[-75.3049,38.2286],[-75.3034,38.2374],[-75.2965,38.2388],[-75.2995,38.2449],[-75.2924,38.2521],[-75.2926,38.2595],[-75.2844,38.2664],[-75.2735,38.2707],[-75.2646,38.2799],[-75.2585,38.2793],[-75.2551,38.2827],[-75.2473,38.2831],[-75.2472,38.29],[-75.2449,38.2897],[-75.24,38.2925],[-75.2353,38.2905],[-75.2351,38.2931],[-75.2376,38.2964],[-75.2423,38.2953],[-75.2453,38.2982],[-75.2486,38.3085],[-75.2355,38.309],[-75.2245,38.3146],[-75.225,38.3166],[-75.2295,38.3182],[-75.2297,38.3201],[-75.2324,38.3217],[-75.2312,38.3258],[-75.2255,38.3313],[-75.2291,38.3357],[-75.2349,38.3496],[-75.2383,38.3522],[-75.2388,38.3569],[-75.2371,38.3592],[-75.241,38.3666],[-75.2439,38.3679],[-75.2432,38.3696],[-75.2469,38.374],[-75.2456,38.375],[-75.2482,38.3765],[-75.2479,38.3788],[-75.2523,38.3792],[-75.2491,38.3816],[-75.2485,38.3871],[-75.2549,38.3864],[-75.2682,38.3894],[-75.2656,38.3941],[-75.2716,38.4008],[-75.2725,38.404],[-75.2665,38.4183],[-75.2685,38.4197],[-75.2739,38.4186],[-75.2762,38.4264],[-75.2753,38.4284],[-75.2704,38.4294],[-75.2675,38.4371],[-75.2689,38.4389],[-75.2671,38.4431],[-75.2708,38.4522],[-75.2703,38.4588],[-75.2688,38.4601],[-75.2749,38.4658],[-75.2745,38.467],[-75.2787,38.4689],[-75.2793,38.4702],[-75.2764,38.4715],[-75.2928,38.4725],[-75.2994,38.4756],[-75.3019,38.4791],[-75.3169,38.4803],[-75.3156,38.4836],[-75.3172,38.4866],[-75.3163,38.4912],[-75.3225,38.4986],[-75.321,38.5013],[-75.3218,38.5029],[-75.315,38.5047],[-75.3163,38.5067],[-75.3139,38.5071],[-75.3131,38.5107],[-75.3244,38.5178],[-75.3241,38.52],[-75.3386,38.5266],[-75.3582,38.5246],[-75.3619,38.5218],[-75.3705,38.5231],[-75.3646,38.53],[-75.3644,38.5364],[-75.3676,38.536],[-75.3749,38.5387],[-75.3744,38.5402],[-75.3867,38.5412],[-75.3908,38.5433],[-75.3949,38.5508],[-75.3929,38.5516],[-75.3949,38.5521],[-75.3965,38.5569],[-75.3985,38.5577],[-75.3985,38.5608],[-75.4004,38.5618],[-75.3989,38.5665],[-75.4005,38.5674],[-75.4011,38.5708],[-75.399,38.5731],[-75.3998,38.5758],[-75.4075,38.5791],[-75.407,38.581],[-75.4089,38.5823],[-75.4132,38.5816],[-75.4126,38.5836],[-75.4043,38.5881],[-75.4045,38.5906],[-75.4081,38.593],[-75.4213,38.596],[-75.422,38.598],[-75.4206,38.5992],[-75.4225,38.6035],[-75.4195,38.6052],[-75.4199,38.6082],[-75.4135,38.6079],[-75.4111,38.6115],[-75.4198,38.6121],[-75.4231,38.6138],[-75.4234,38.6152],[-75.4211,38.6152],[-75.4186,38.6177],[-75.4186,38.6202],[-75.4214,38.6231],[-75.416,38.6258],[-75.4165,38.627],[-75.423,38.6271],[-75.4237,38.6323],[-75.4211,38.6358],[-75.4168,38.6354],[-75.4143,38.6369],[-75.4136,38.6383],[-75.4159,38.6401],[-75.4146,38.6413],[-75.4046,38.6404],[-75.4013,38.6439],[-75.4019,38.6486],[-75.3984,38.6517],[-75.399,38.6601],[-75.3967,38.6628],[-75.3922,38.6631],[-75.3906,38.6652],[-75.3918,38.6669],[-75.3992,38.6681],[-75.3935,38.6726],[-75.3957,38.6758],[-75.394,38.6791],[-75.3973,38.6861],[-75.3941,38.6881],[-75.3905,38.6961],[-75.3909,38.6988],[-75.3997,38.7035],[-75.4007,38.7079],[-75.3972,38.7129],[-75.3885,38.7128],[-75.3904,38.7154],[-75.3885,38.7191],[-75.3803,38.7181],[-75.377,38.7199],[-75.3789,38.7205],[-75.3796,38.7245],[-75.3838,38.7294],[-75.3833,38.7341],[-75.3782,38.7403],[-75.3787,38.7474],[-75.3813,38.7486],[-75.3909,38.7455],[-75.3946,38.749],[-75.3946,38.7529],[-75.3883,38.7584],[-75.3887,38.7639],[-75.3866,38.7657],[-75.3897,38.7749],[-75.3856,38.7754],[-75.3869,38.7819],[-75.3925,38.7853],[-75.3918,38.7927],[-75.4068,38.7903],[-75.4079,38.7977],[-75.4064,38.8026],[-75.4047,38.8037],[-75.4188,38.809],[-75.4175,38.8099],[-75.4193,38.8126],[-75.4288,38.8068],[-75.4345,38.8073],[-75.4355,38.8136],[-75.438,38.8109],[-75.4381,38.8071],[-75.4406,38.8082],[-75.4448,38.8062],[-75.4478,38.8085],[-75.4497,38.8079],[-75.4574,38.8135],[-75.4562,38.8147],[-75.4588,38.8171],[-75.4583,38.8199],[-75.4615,38.821],[-75.4672,38.831],[-75.4719,38.8322],[-75.478,38.8289],[-75.4823,38.8362],[-75.4911,38.8376],[-75.4905,38.842],[-75.4932,38.84],[-75.4945,38.8422],[-75.495,38.8404],[-75.4974,38.8428],[-75.5033,38.8431],[-75.5031,38.8449],[-75.5051,38.8446],[-75.5058,38.8474],[-75.5096,38.8471],[-75.5095,38.8509],[-75.518,38.8493],[-75.5209,38.8542],[-75.5208,38.8608],[-75.5121,38.8646],[-75.5118,38.8687],[-75.5159,38.8701],[-75.5212,38.8756],[-75.5227,38.8801],[-75.5273,38.8854],[-75.5331,38.8872],[-75.5459,38.8859],[-75.5494,38.8884],[-75.5501,38.8924],[-75.5532,38.8947],[-75.5561,38.8943],[-75.5549,38.892],[-75.5576,38.8911],[-75.562,38.894],[-75.5693,38.8958],[-75.57,38.8906],[-75.5726,38.8889],[-75.5755,38.892],[-75.5738,38.8943],[-75.5765,38.8967],[-75.577,38.9097],[-75.5802,38.9108],[-75.5851,38.9209],[-75.5895,38.9245],[-75.6008,38.9222],[-75.5991,38.9265],[-75.5947,38.9249],[-75.592,38.9262],[-75.5953,38.9282],[-75.5952,38.9314],[-75.598,38.9354],[-75.597,38.9435],[-75.6025,38.9499],[-75.6049,38.9566],[-75.603,38.9607],[-75.607,38.9676],[-75.6142,38.9702],[-75.6182,38.9751],[-75.6189,38.9817],[-75.627,38.9817],[-75.6314,38.9784],[-75.6356,38.9783],[-75.6384,38.983],[-75.6412,38.9841],[-75.6418,38.9887],[-75.6469,38.9895]]]},"properties":{"OBJECTID":367,"tnmid":"{5DA1777D-75B3-4FC9-8816-3D1C0D5DA420}","loaddate":1723806686000,"areaacres":6617708.76,"areasqkm":26780.94,"states":"DE,MD,VA","huc6":"020801","name":"Lower Chesapeake","MaxSimpTol":100,"MinSimpTol":100,"shape_Length":1848966.620937878,"shape_Area":43200130653.855484,"metasourceid":"{511D2AC8-11BA-45FC-AB98-F69D693D4C44}","sourcedatadesc":"Watershed Boundary Dataset (WBD)","sourceoriginator":"Natural Resources and Conservation Service and U.S. Geological Survey","sourcefeatureid":null,"InPoly_FID":368,"SimPgnFlag":0,"referencegnis_ids":"597227"}},{"type":"Feature","id":369,"geometry":{"type":"Polygon","coordinates":[[[-75.9064,39.8725],[-75.9109,39.8723],[-75.9162,39.8744],[-75.9212,39.8716],[-75.9223,39.8665],[-75.9336,39.8568],[-75.9314,39.8529],[-75.9357,39.8456],[-75.9408,39.8435],[-75.9476,39.8375],[-75.9576,39.8251],[-75.9651,39.8234],[-75.9655,39.8181],[-75.9696,39.8155],[-75.9668,39.8099],[-75.9674,39.8063],[-75.9698,39.8052],[-75.9699,39.8016],[-75.9741,39.7995],[-75.9749,39.7961],[-75.9781,39.7949],[-75.9782,39.7923],[-75.9823,39.7901],[-75.9792,39.7844],[-75.9817,39.7765],[-75.9862,39.7741],[-75.9891,39.7643],[-75.9938,39.7602],[-75.9979,39.7623],[-76.0147,39.7556],[-76.0188,39.7488],[-76.0215,39.7479],[-76.0241,39.7335],[-76.026,39.7302],[-76.0283,39.7296],[-76.0267,39.7185],[-76.0283,39.7084],[-76.0297,39.7051],[-76.035,39.7019],[-76.0372,39.6941],[-76.0369,39.6893],[-76.0435,39.6899],[-76.0563,39.6814],[-76.0673,39.6814],[-76.0639,39.6739],[-76.0582,39.6718],[-76.0523,39.6639],[-76.0505,39.6541],[-76.0551,39.651],[-76.0635,39.641],[-76.0724,39.6372],[-76.0755,39.6316],[-76.0818,39.6289],[-76.0864,39.6293],[-76.0886,39.626],[-76.086,39.6242],[-76.084,39.6161],[-76.0792,39.6154],[-76.0766,39.6129],[-76.0781,39.6066],[-76.0664,39.5978],[-76.0671,39.5949],[-76.0648,39.5891],[-76.0667,39.585],[-76.0659,39.5806],[-76.0675,39.5746],[-76.0749,39.571],[-76.068,39.5602],[-76.0657,39.5514],[-76.0679,39.5482],[-76.084,39.5405],[-76.0974,39.5415],[-76.1071,39.5344],[-76.1138,39.5345],[-76.1201,39.5398],[-76.1214,39.545],[-76.1191,39.5495],[-76.121,39.5541],[-76.1201,39.5577],[-76.1227,39.5627],[-76.1285,39.5652],[-76.13,39.57],[-76.1424,39.5715],[-76.1496,39.5764],[-76.1661,39.5713],[-76.1738,39.5717],[-76.1832,39.575],[-76.1865,39.5797],[-76.197,39.5825],[-76.1994,39.5794],[-76.2077,39.575],[-76.2055,39.5675],[-76.21,39.5626],[-76.2358,39.5502],[-76.2447,39.5584],[-76.254,39.5599],[-76.2592,39.5594],[-76.2612,39.5563],[-76.2672,39.5544],[-76.2869,39.5571],[-76.3038,39.5483],[-76.3068,39.5542],[-76.3116,39.5601],[-76.3166,39.563],[-76.3186,39.5672],[-76.3356,39.5697],[-76.3401,39.573],[-76.3392,39.5759],[-76.3435,39.5785],[-76.3607,39.5753],[-76.3653,39.5776],[-76.3696,39.577],[-76.3714,39.5783],[-76.372,39.5817],[-76.3857,39.5859],[-76.3972,39.5845],[-76.4078,39.5798],[-76.4155,39.5827],[-76.4223,39.5809],[-76.4277,39.5829],[-76.4298,39.5844],[-76.4295,39.5913],[-76.4406,39.5941],[-76.4421,39.6011],[-76.4403,39.6051],[-76.4434,39.6117],[-76.4509,39.6154],[-76.4526,39.6202],[-76.4511,39.6232],[-76.4523,39.6252],[-76.4639,39.6286],[-76.4747,39.6265],[-76.4791,39.6228],[-76.483,39.6222],[-76.4845,39.6191],[-76.4909,39.6156],[-76.5029,39.6171],[-76.5117,39.6138],[-76.5251,39.6117],[-76.539,39.6138],[-76.5465,39.618],[-76.5556,39.6345],[-76.553,39.6429],[-76.5538,39.6464],[-76.5603,39.6452],[-76.562,39.6493],[-76.5665,39.6532],[-76.5698,39.6624],[-76.5801,39.6645],[-76.5894,39.6627],[-76.5887,39.6645],[-76.5952,39.67],[-76.6047,39.6745],[-76.6021,39.6819],[-76.6032,39.6853],[-76.6324,39.7019],[-76.6347,39.7052],[-76.6402,39.7081],[-76.6456,39.7071],[-76.6524,39.7125],[-76.6591,39.723],[-76.659,39.7254],[-76.6722,39.7273],[-76.6737,39.7314],[-76.6776,39.734],[-76.6853,39.7357],[-76.6876,39.7392],[-76.6909,39.7402],[-76.6976,39.7312],[-76.7033,39.7313],[-76.7085,39.7294],[-76.7133,39.7386],[-76.7235,39.7352],[-76.7383,39.7387],[-76.743,39.7332],[-76.7432,39.7275],[-76.7542,39.7221],[-76.7649,39.7209],[-76.7671,39.7283],[-76.773,39.7318],[-76.7802,39.7323],[-76.7909,39.7277],[-76.7978,39.7352],[-76.8054,39.7343],[-76.8053,39.7371],[-76.8079,39.7407],[-76.8069,39.7426],[-76.8098,39.7426],[-76.8124,39.7449],[-76.8268,39.7366],[-76.8374,39.7386],[-76.8443,39.7428],[-76.8526,39.7451],[-76.861,39.7412],[-76.8572,39.7399],[-76.8571,39.737],[-76.8652,39.7333],[-76.8682,39.7298],[-76.8719,39.7298],[-76.8782,39.7347],[-76.8848,39.7307],[-76.8901,39.7311],[-76.8935,39.7289],[-76.8927,39.7259],[-76.8975,39.7204],[-76.9104,39.716],[-76.9141,39.712],[-76.9226,39.7116],[-76.9216,39.7088],[-76.9228,39.7061],[-76.9169,39.7011],[-76.9069,39.6979],[-76.9028,39.6949],[-76.8968,39.6861],[-76.8981,39.6838],[-76.8965,39.6814],[-76.8977,39.6782],[-76.8917,39.6735],[-76.8968,39.6691],[-76.897,39.6661],[-76.8853,39.665],[-76.8842,39.6636],[-76.8855,39.6573],[-76.8916,39.6552],[-76.8989,39.6464],[-76.9055,39.6424],[-76.9072,39.6395],[-76.9164,39.6365],[-76.9205,39.6302],[-76.9347,39.6263],[-76.9429,39.6348],[-76.9541,39.6259],[-76.958,39.6256],[-76.9612,39.6298],[-76.9675,39.6289],[-76.9707,39.6276],[-76.9778,39.6192],[-76.9844,39.6148],[-76.9928,39.6127],[-76.9965,39.6138],[-77.0008,39.6097],[-77.0032,39.6097],[-77.0023,39.6065],[-77.0065,39.6031],[-77.0016,39.6007],[-77.006,39.5927],[-77.0013,39.5912],[-77.003,39.588],[-77.0017,39.5851],[-77.0026,39.5816],[-76.997,39.5782],[-76.9978,39.5741],[-76.9877,39.569],[-76.9853,39.5623],[-76.9924,39.5467],[-77.005,39.5462],[-77.0123,39.5405],[-77.0113,39.5374],[-77.0203,39.5313],[-77.0257,39.5241],[-77.0306,39.5242],[-77.0311,39.5347],[-77.0378,39.5393],[-77.0409,39.5358],[-77.0385,39.5298],[-77.044,39.5213],[-77.0592,39.515],[-77.0608,39.5097],[-77.0693,39.5015],[-77.074,39.4933],[-77.0745,39.4897],[-77.0787,39.4879],[-77.0769,39.4868],[-77.0772,39.4844],[-77.069,39.478],[-77.0758,39.4695],[-77.0759,39.4611],[-77.0819,39.4591],[-77.085,39.4611],[-77.0891,39.4552],[-77.0903,39.4506],[-77.0933,39.4492],[-77.0962,39.4421],[-77.1,39.441],[-77.1056,39.4362],[-77.1056,39.4331],[-77.1099,39.4289],[-77.1063,39.4259],[-77.1068,39.4236],[-77.1169,39.4194],[-77.1271,39.4113],[-77.1311,39.4038],[-77.1363,39.4001],[-77.1383,39.3957],[-77.142,39.3939],[-77.1444,39.3864],[-77.1517,39.3772],[-77.1658,39.369],[-77.1654,39.365],[-77.1699,39.3607],[-77.1699,39.3534],[-77.1747,39.3503],[-77.1795,39.3506],[-77.1855,39.3483],[-77.1935,39.3419],[-77.1928,39.3379],[-77.1943,39.334],[-77.196,39.332],[-77.2007,39.3309],[-77.2029,39.3262],[-77.2021,39.3221],[-77.1969,39.3166],[-77.1986,39.3112],[-77.1969,39.3087],[-77.1982,39.3066],[-77.1973,39.3026],[-77.198,39.3008],[-77.2043,39.298],[-77.2039,39.2927],[-77.2054,39.289],[-77.1895,39.2827],[-77.1825,39.2847],[-77.179,39.2816],[-77.1765,39.2823],[-77.171,39.2789],[-77.1651,39.2786],[-77.1551,39.2748],[-77.1485,39.2638],[-77.1495,39.2597],[-77.1431,39.2543],[-77.1454,39.2486],[-77.1435,39.2384],[-77.1377,39.2334],[-77.1426,39.2229],[-77.1417,39.2089],[-77.138,39.2065],[-77.1398,39.2036],[-77.132,39.1977],[-77.1265,39.1968],[-77.1204,39.1891],[-77.117,39.1884],[-77.1156,39.1853],[-77.0995,39.1835],[-77.0986,39.1808],[-77.0996,39.1785],[-77.094,39.1718],[-77.0891,39.1735],[-77.0859,39.1725],[-77.0823,39.1637],[-77.0762,39.1624],[-77.0692,39.1564],[-77.0666,39.1434],[-77.0607,39.1433],[-77.061,39.1421],[-77.0569,39.1414],[-77.0495,39.1451],[-77.0476,39.1423],[-77.0434,39.1422],[-77.0386,39.149],[-77.0341,39.1506],[-77.022,39.1488],[-77.0124,39.1505],[-77.0118,39.1483],[-77.0072,39.1459],[-77.0075,39.1443],[-76.9968,39.142],[-76.9934,39.1389],[-76.9947,39.1356],[-76.9926,39.1308],[-76.9893,39.1253],[-76.9846,39.1215],[-76.981,39.1202],[-76.9744,39.121],[-76.9703,39.1198],[-76.9693,39.118],[-76.9589,39.1158],[-76.9536,39.1168],[-76.9497,39.1113],[-76.943,39.1063],[-76.9387,39.107],[-76.9323,39.1131],[-76.9226,39.1101],[-76.9213,39.1044],[-76.9101,39.1062],[-76.905,39.0998],[-76.9109,39.0949],[-76.9087,39.0929],[-76.9088,39.0907],[-76.8971,39.0847],[-76.8821,39.0832],[-76.8835,39.0733],[-76.8812,39.0725],[-76.8773,39.0664],[-76.8713,39.0655],[-76.8687,39.0586],[-76.8594,39.055],[-76.8501,39.0562],[-76.8459,39.0531],[-76.8407,39.0535],[-76.8313,39.0496],[-76.8294,39.0501],[-76.8211,39.045],[-76.8197,39.0381],[-76.8153,39.0329],[-76.8181,39.0289],[-76.814,39.023],[-76.8149,39.0194],[-76.8189,39.0145],[-76.8177,39.0113],[-76.8123,39.0089],[-76.8106,39.0055],[-76.8189,39.001],[-76.8263,39.0006],[-76.833,38.9957],[-76.843,38.9955],[-76.8504,38.9979],[-76.8553,38.9926],[-76.8654,38.9917],[-76.8633,38.9878],[-76.8636,38.9838],[-76.8597,38.9819],[-76.8584,38.9754],[-76.8613,38.9727],[-76.8598,38.9693],[-76.8636,38.9676],[-76.8649,38.9587],[-76.8604,38.9564],[-76.8604,38.9537],[-76.8571,38.9536],[-76.8541,38.9463],[-76.8511,38.9463],[-76.8552,38.9444],[-76.8555,38.9397],[-76.855,38.9378],[-76.8477,38.9363],[-76.8465,38.9315],[-76.8502,38.9292],[-76.8485,38.9259],[-76.8458,38.9245],[-76.8518,38.9206],[-76.8505,38.9188],[-76.8523,38.9198],[-76.856,38.917],[-76.8534,38.9118],[-76.8569,38.9093],[-76.8557,38.9083],[-76.8565,38.9064],[-76.8637,38.9071],[-76.8707,38.9053],[-76.8736,38.9037],[-76.8728,38.9024],[-76.8746,38.9004],[-76.8768,38.9013],[-76.8768,38.8998],[-76.8797,38.8981],[-76.8766,38.8937],[-76.8786,38.8887],[-76.8765,38.8876],[-76.8771,38.8834],[-76.8804,38.8812],[-76.8837,38.8728],[-76.888,38.8716],[-76.8916,38.8683],[-76.8919,38.8652],[-76.9019,38.8627],[-76.9035,38.8567],[-76.901,38.8555],[-76.8984,38.8502],[-76.8869,38.8523],[-76.8811,38.8458],[-76.8735,38.8443],[-76.8633,38.8397],[-76.8619,38.8331],[-76.858,38.8292],[-76.8607,38.8251],[-76.8606,38.8188],[-76.8553,38.8158],[-76.8551,38.8095],[-76.8505,38.8052],[-76.8412,38.8034],[-76.84,38.7979],[-76.8415,38.7954],[-76.8383,38.7901],[-76.8273,38.786],[-76.8294,38.7842],[-76.8293,38.7798],[-76.8327,38.7755],[-76.8282,38.7721],[-76.8228,38.7744],[-76.8184,38.7727],[-76.8167,38.7662],[-76.821,38.7643],[-76.8208,38.763],[-76.8177,38.7594],[-76.8106,38.7581],[-76.8109,38.7532],[-76.8051,38.751],[-76.8084,38.7467],[-76.8111,38.7465],[-76.8104,38.7422],[-76.8119,38.7407],[-76.8172,38.7379],[-76.8222,38.7387],[-76.8319,38.7326],[-76.8321,38.7308],[-76.8292,38.7286],[-76.8298,38.7237],[-76.8369,38.7166],[-76.845,38.7116],[-76.8453,38.7052],[-76.843,38.7011],[-76.838,38.696],[-76.829,38.6916],[-76.8178,38.6904],[-76.815,38.6837],[-76.8094,38.6779],[-76.803,38.6767],[-76.7962,38.6713],[-76.7887,38.6706],[-76.7786,38.6607],[-76.7727,38.6595],[-76.7715,38.6503],[-76.7663,38.6425],[-76.7675,38.633],[-76.7717,38.6332],[-76.7755,38.6307],[-76.7816,38.6315],[-76.7859,38.6294],[-76.7855,38.626],[-76.7815,38.6232],[-76.7819,38.618],[-76.7803,38.6143],[-76.7711,38.6038],[-76.7833,38.6009],[-76.7919,38.5959],[-76.7911,38.5919],[-76.7874,38.5867],[-76.7949,38.5786],[-76.7991,38.5763],[-76.796,38.5672],[-76.8002,38.5641],[-76.8018,38.5592],[-76.8008,38.5524],[-76.7982,38.5506],[-76.7979,38.5483],[-76.7871,38.5386],[-76.784,38.5374],[-76.7853,38.5342],[-76.7801,38.5291],[-76.7816,38.5263],[-76.7729,38.5214],[-76.773,38.5186],[-76.7766,38.5165],[-76.7776,38.5101],[-76.7765,38.5067],[-76.7725,38.5046],[-76.7694,38.4997],[-76.7759,38.4975],[-76.7781,38.4908],[-76.7839,38.4863],[-76.7795,38.4821],[-76.7757,38.4701],[-76.7555,38.4514],[-76.752,38.4431],[-76.7462,38.4409],[-76.7403,38.4444],[-76.7309,38.4423],[-76.7296,38.4349],[-76.725,38.4293],[-76.7204,38.4266],[-76.7161,38.4263],[-76.7149,38.4242],[-76.7169,38.422],[-76.7153,38.4188],[-76.7123,38.4181],[-76.7056,38.4206],[-76.7018,38.4195],[-76.6966,38.4207],[-76.6929,38.4154],[-76.6896,38.4165],[-76.6842,38.4141],[-76.6798,38.4161],[-76.6635,38.402],[-76.662,38.399],[-76.6522,38.3964],[-76.6515,38.3935],[-76.6389,38.3936],[-76.6384,38.3885],[-76.6345,38.3854],[-76.6316,38.3858],[-76.6218,38.3799],[-76.6119,38.3806],[-76.6082,38.377],[-76.6092,38.3747],[-76.6061,38.3723],[-76.5943,38.3684],[-76.5885,38.3685],[-76.5896,38.3659],[-76.5839,38.356],[-76.5684,38.3463],[-76.5657,38.3411],[-76.5602,38.3372],[-76.5593,38.3328],[-76.5543,38.3297],[-76.5516,38.3298],[-76.5523,38.3246],[-76.5448,38.3211],[-76.5434,38.3223],[-76.534,38.3146],[-76.5328,38.3082],[-76.5258,38.308],[-76.5228,38.3052],[-76.5181,38.3053],[-76.5197,38.3035],[-76.516,38.3012],[-76.502,38.2975],[-76.4968,38.2923],[-76.4922,38.2907],[-76.49,38.2867],[-76.4759,38.2855],[-76.4657,38.279],[-76.4602,38.2708],[-76.4563,38.2705],[-76.4562,38.2674],[-76.4483,38.2622],[-76.4384,38.2601],[-76.4296,38.2507],[-76.4187,38.2442],[-76.4179,38.2399],[-76.4114,38.2373],[-76.4088,38.2339],[-76.4102,38.2243],[-76.4091,38.2198],[-76.4059,38.2178],[-76.4057,38.2137],[-76.4013,38.2136],[-76.3974,38.2039],[-76.3937,38.2015],[-76.3928,38.1978],[-76.3949,38.1962],[-76.3946,38.1938],[-76.3851,38.1865],[-76.3848,38.179],[-76.3789,38.1723],[-76.3813,38.1687],[-76.3783,38.1664],[-76.3756,38.1598],[-76.3694,38.1523],[-76.364,38.1484],[-76.3622,38.1438],[-76.3651,38.1282],[-76.3672,38.1232],[-76.3715,38.1212],[-76.3726,38.117],[-76.3647,38.1087],[-76.3672,38.0948],[-76.3603,38.0931],[-76.3579,38.0816],[-76.3553,38.0789],[-76.342,38.0736],[-76.3348,38.0636],[-76.3269,38.0623],[-76.3212,38.044],[-76.3224,38.0403],[-76.3215,38.0358],[-76.3185,38.0326],[-76.0944,38.0668],[-76.071,38.0783],[-76.0635,38.0735],[-76.06,38.0735],[-76.0478,38.0839],[-76.0426,38.0856],[-76.0325,38.0859],[-76.0252,38.0925],[-76.0252,38.0967],[-76.0286,38.1025],[-76.0391,38.1063],[-76.0403,38.1085],[-76.037,38.1129],[-76.0294,38.1143],[-76.0269,38.1192],[-76.0204,38.1258],[-76.0198,38.1307],[-76.0217,38.1333],[-76.0403,38.145],[-76.0422,38.1524],[-76.0487,38.1593],[-76.0493,38.1618],[-76.0465,38.1748],[-76.0404,38.1806],[-76.0497,38.1911],[-76.051,38.1995],[-76.0497,38.2044],[-76.0505,38.2122],[-76.0494,38.2141],[-76.0468,38.2142],[-76.0397,38.2108],[-76.0321,38.2142],[-76.0371,38.2267],[-76.0524,38.2348],[-76.062,38.2436],[-76.0638,38.251],[-76.0602,38.2526],[-76.06,38.2545],[-76.0714,38.2672],[-76.0676,38.2686],[-76.0667,38.2707],[-76.0712,38.2823],[-76.0769,38.2873],[-76.0887,38.2887],[-76.0866,38.2959],[-76.0888,38.3012],[-76.1114,38.3183],[-76.1093,38.3216],[-76.1003,38.325],[-76.1017,38.3317],[-76.1067,38.3349],[-76.1226,38.336],[-76.1304,38.3408],[-76.1328,38.3484],[-76.1225,38.3518],[-76.1208,38.3557],[-76.1223,38.3617],[-76.1388,38.3713],[-76.1467,38.3783],[-76.1519,38.3867],[-76.1611,38.395],[-76.1694,38.3982],[-76.1857,38.4003],[-76.2051,38.4079],[-76.2049,38.4112],[-76.2015,38.4137],[-76.1929,38.4151],[-76.1939,38.4206],[-76.1996,38.4243],[-76.2082,38.425],[-76.2121,38.4311],[-76.2178,38.4353],[-76.2328,38.439],[-76.2368,38.4489],[-76.235,38.4574],[-76.225,38.4735],[-76.2202,38.4773],[-76.2166,38.4781],[-76.2143,38.4757],[-76.2128,38.4782],[-76.2057,38.4811],[-76.1901,38.4807],[-76.1778,38.4843],[-76.1773,38.4855],[-76.1807,38.4879],[-76.179,38.4957],[-76.1707,38.494],[-76.1702,38.4898],[-76.165,38.4868],[-76.1595,38.4867],[-76.1591,38.4889],[-76.1509,38.4883],[-76.1454,38.4926],[-76.1337,38.4915],[-76.1347,38.4991],[-76.126,38.5102],[-76.1162,38.5132],[-76.1113,38.52],[-76.1002,38.5207],[-76.0937,38.5383],[-76.095,38.5461],[-76.0883,38.5512],[-76.0863,38.5561],[-76.0878,38.5585],[-76.0802,38.5606],[-76.0704,38.5597],[-76.0662,38.5615],[-76.0603,38.5581],[-76.0614,38.5531],[-76.0542,38.5489],[-76.0415,38.5477],[-76.0369,38.5508],[-76.0295,38.5505],[-76.0254,38.5473],[-76.0239,38.5393],[-76.0208,38.538],[-76.0068,38.5423],[-75.9974,38.5502],[-75.9952,38.5552],[-75.9976,38.5636],[-75.9761,38.5635],[-75.9714,38.5669],[-75.9645,38.5683],[-75.9587,38.5735],[-75.9542,38.575],[-75.9507,38.5827],[-75.9429,38.5837],[-75.9379,38.5866],[-75.9258,38.587],[-75.9213,38.5919],[-75.9214,38.5944],[-75.9185,38.5963],[-75.9106,38.5951],[-75.9088,38.5975],[-75.9024,38.5976],[-75.8997,38.6],[-75.8928,38.6],[-75.8899,38.6015],[-75.8827,38.6004],[-75.8776,38.6033],[-75.8788,38.6062],[-75.8756,38.6101],[-75.8783,38.6125],[-75.8761,38.618],[-75.8699,38.6223],[-75.8673,38.6289],[-75.8622,38.6303],[-75.8648,38.6375],[-75.8633,38.6435],[-75.8639,38.6492],[-75.8547,38.6539],[-75.8537,38.6563],[-75.8558,38.6605],[-75.8498,38.6644],[-75.853,38.6694],[-75.8492,38.6724],[-75.8508,38.678],[-75.849,38.6789],[-75.8493,38.6816],[-75.8474,38.6843],[-75.8485,38.6872],[-75.8457,38.6916],[-75.8479,38.6938],[-75.8466,38.6962],[-75.8468,38.7032],[-75.8431,38.7062],[-75.843,38.7108],[-75.841,38.7148],[-75.8432,38.7185],[-75.8452,38.7191],[-75.8441,38.7221],[-75.8499,38.7291],[-75.8479,38.737],[-75.8486,38.7413],[-75.8468,38.7432],[-75.8471,38.7494],[-75.8447,38.7514],[-75.8298,38.7537],[-75.8334,38.7603],[-75.8251,38.7614],[-75.823,38.7637],[-75.8238,38.7658],[-75.831,38.7685],[-75.8308,38.7778],[-75.8273,38.7793],[-75.816,38.7792],[-75.8043,38.7856],[-75.801,38.7923],[-75.7869,38.8059],[-75.7837,38.8137],[-75.7797,38.8183],[-75.7805,38.8218],[-75.7738,38.8258],[-75.7582,38.8286],[-75.7527,38.8311],[-75.7516,38.8353],[-75.7554,38.841],[-75.756,38.846],[-75.7532,38.8541],[-75.7455,38.8598],[-75.7371,38.8629],[-75.7359,38.8651],[-75.7321,38.8645],[-75.7293,38.8664],[-75.7281,38.8707],[-75.7245,38.8721],[-75.724,38.8744],[-75.7271,38.8808],[-75.726,38.8841],[-75.7279,38.8856],[-75.7225,38.8907],[-75.7223,38.8947],[-75.7195,38.8935],[-75.7148,38.8944],[-75.716,38.8996],[-75.7135,38.9015],[-75.7125,38.9056],[-75.719,38.9067],[-75.7178,38.9092],[-75.719,38.9115],[-75.7166,38.9132],[-75.711,38.9133],[-75.7081,38.9171],[-75.7027,38.9157],[-75.6941,38.9175],[-75.6936,38.9198],[-75.6958,38.9221],[-75.6923,38.9246],[-75.6945,38.9263],[-75.6922,38.9294],[-75.6869,38.9272],[-75.6825,38.9293],[-75.6849,38.9375],[-75.6804,38.9391],[-75.6788,38.9413],[-75.6784,38.9481],[-75.6803,38.9503],[-75.6757,38.9537],[-75.676,38.9575],[-75.6641,38.9596],[-75.662,38.9629],[-75.6635,38.9672],[-75.6697,38.9719],[-75.6678,38.973],[-75.6677,38.9765],[-75.6725,38.9813],[-75.6724,38.9842],[-75.666,38.9853],[-75.6636,38.9835],[-75.6557,38.9829],[-75.6548,38.989],[-75.6575,38.9898],[-75.6524,38.9941],[-75.655,38.9946],[-75.6569,38.9993],[-75.6541,39.0007],[-75.6475,39.0015],[-75.644,38.998],[-75.6409,39.0002],[-75.6282,39.0024],[-75.611,39.0015],[-75.6091,39.0059],[-75.597,39.0134],[-75.5999,39.0171],[-75.5989,39.0185],[-75.5888,39.017],[-75.5847,39.0182],[-75.584,39.0202],[-75.5949,39.0241],[-75.5989,39.0292],[-75.5992,39.0351],[-75.5964,39.0369],[-75.5958,39.0399],[-75.5982,39.0399],[-75.6061,39.0455],[-75.584,39.048],[-75.5855,39.0528],[-75.5828,39.0534],[-75.5828,39.0551],[-75.5849,39.058],[-75.5885,39.0591],[-75.5849,39.0636],[-75.5885,39.0642],[-75.5922,39.0681],[-75.5907,39.0716],[-75.5916,39.0732],[-75.5891,39.0761],[-75.5952,39.0807],[-75.5957,39.0833],[-75.5994,39.0824],[-75.6017,39.0865],[-75.6005,39.0888],[-75.6023,39.094],[-75.6083,39.0932],[-75.6125,39.099],[-75.6139,39.1044],[-75.6177,39.1035],[-75.6211,39.1146],[-75.6279,39.1136],[-75.6404,39.1248],[-75.6513,39.1316],[-75.65,39.1341],[-75.652,39.1362],[-75.651,39.139],[-75.6474,39.1432],[-75.6431,39.1434],[-75.6472,39.147],[-75.6463,39.1487],[-75.6489,39.1577],[-75.6533,39.1605],[-75.6573,39.16],[-75.6625,39.1622],[-75.6684,39.1701],[-75.676,39.1734],[-75.6756,39.1778],[-75.6842,39.1809],[-75.6844,39.1847],[-75.6893,39.1877],[-75.687,39.1897],[-75.6814,39.1895],[-75.6823,39.1931],[-75.6801,39.1942],[-75.6802,39.1975],[-75.6822,39.1998],[-75.6857,39.1989],[-75.692,39.2038],[-75.6898,39.2054],[-75.6915,39.2076],[-75.6896,39.2079],[-75.6891,39.2103],[-75.6919,39.213],[-75.6883,39.2145],[-75.6876,39.218],[-75.6903,39.2195],[-75.6891,39.2219],[-75.6906,39.2231],[-75.6925,39.2311],[-75.6944,39.2341],[-75.6977,39.2353],[-75.6979,39.2392],[-75.6877,39.2417],[-75.6802,39.2383],[-75.6788,39.2411],[-75.6814,39.2444],[-75.6778,39.2463],[-75.6759,39.2494],[-75.6804,39.2526],[-75.681,39.2563],[-75.6859,39.2587],[-75.6873,39.2609],[-75.6924,39.2608],[-75.6935,39.2628],[-75.6993,39.2641],[-75.7026,39.2769],[-75.7045,39.2809],[-75.7078,39.2827],[-75.706,39.2835],[-75.706,39.2884],[-75.7024,39.2911],[-75.7019,39.2955],[-75.7043,39.2974],[-75.701,39.2988],[-75.7005,39.3014],[-75.7072,39.3058],[-75.7037,39.3107],[-75.7064,39.3199],[-75.6999,39.3243],[-75.7031,39.3271],[-75.7044,39.3315],[-75.703,39.3358],[-75.7043,39.3387],[-75.7219,39.3491],[-75.7216,39.3531],[-75.7261,39.3559],[-75.7247,39.3573],[-75.7254,39.359],[-75.7282,39.3626],[-75.7311,39.363],[-75.7296,39.3737],[-75.7336,39.3754],[-75.7412,39.3753],[-75.7424,39.3768],[-75.7396,39.3844],[-75.743,39.3965],[-75.7408,39.4043],[-75.7421,39.4095],[-75.7412,39.4159],[-75.7544,39.4255],[-75.7517,39.4294],[-75.7534,39.4318],[-75.7459,39.4382],[-75.7369,39.4421],[-75.7373,39.4462],[-75.7335,39.4479],[-75.7346,39.4493],[-75.7333,39.4522],[-75.7383,39.4624],[-75.7386,39.4672],[-75.7359,39.4731],[-75.7327,39.4742],[-75.7288,39.4788],[-75.7274,39.4884],[-75.7287,39.4951],[-75.7244,39.4973],[-75.716,39.4978],[-75.712,39.5022],[-75.7104,39.5085],[-75.7119,39.5159],[-75.7141,39.5195],[-75.7211,39.5223],[-75.7223,39.5286],[-75.7311,39.5299],[-75.7315,39.5398],[-75.736,39.5414],[-75.7339,39.5446],[-75.7337,39.5523],[-75.7435,39.5606],[-75.7407,39.5666],[-75.7438,39.5725],[-75.7414,39.577],[-75.7431,39.5825],[-75.7418,39.5843],[-75.7461,39.5899],[-75.7591,39.5928],[-75.7618,39.6],[-75.7669,39.603],[-75.7721,39.6045],[-75.7763,39.6038],[-75.7954,39.6116],[-75.7954,39.6136],[-75.7851,39.6224],[-75.7837,39.6254],[-75.7784,39.6273],[-75.7777,39.6303],[-75.7811,39.6344],[-75.792,39.6357],[-75.794,39.6411],[-75.807,39.6479],[-75.8135,39.6557],[-75.8128,39.6648],[-75.8158,39.6664],[-75.8159,39.6746],[-75.8185,39.6752],[-75.8166,39.6784],[-75.8175,39.6814],[-75.8159,39.6865],[-75.8178,39.6917],[-75.8127,39.6988],[-75.8185,39.7024],[-75.8163,39.7086],[-75.8243,39.7191],[-75.8202,39.7245],[-75.8233,39.7312],[-75.823,39.7352],[-75.825,39.7376],[-75.8223,39.748],[-75.826,39.7514],[-75.8307,39.7528],[-75.8311,39.757],[-75.8352,39.7564],[-75.8403,39.7592],[-75.8455,39.7592],[-75.8517,39.7643],[-75.8513,39.7687],[-75.8624,39.7741],[-75.8634,39.777],[-75.8681,39.7795],[-75.8779,39.7825],[-75.8836,39.7891],[-75.8834,39.7914],[-75.8879,39.795],[-75.8874,39.7999],[-75.8821,39.8064],[-75.8781,39.8087],[-75.8683,39.8256],[-75.8745,39.8347],[-75.8746,39.8419],[-75.8727,39.847],[-75.8692,39.8492],[-75.867,39.854],[-75.8789,39.8585],[-75.8782,39.8616],[-75.8797,39.8641],[-75.8884,39.8648],[-75.8898,39.8692],[-75.897,39.868],[-75.9047,39.8701],[-75.9064,39.8725]]]},"properties":{"OBJECTID":369,"tnmid":"{F9763114-B5E5-45DB-A390-8376A099D4D8}","loaddate":1723806686000,"areaacres":3757932.27,"areasqkm":15207.83,"states":"DE,MD,PA","huc6":"020600","name":"Upper Chesapeake","MaxSimpTol":100,"MinSimpTol":100,"shape_Length":1027112.9941749669,"shape_Area":25245824427.674347,"metasourceid":"{511D2AC8-11BA-45FC-AB98-F69D693D4C44}","sourcedatadesc":"Watershed Boundary Dataset (WBD)","sourceoriginator":"Natural Resources and Conservation Service and U.S. Geological Survey","sourcefeatureid":null,"InPoly_FID":370,"SimPgnFlag":0,"referencegnis_ids":"597227"}}]}