{"type":"FeatureCollection","features":[{"type":"Feature","properties":{"huc10":"1601020203","name":"Deep Creek"},"geometry":{"type":"Polygon","coordinates":[[[-111.9697,42.3997],[-111.9756,42.3983],[-111.9762,42.3903],[-111.9795,42.3875],[-111.9795,42.3843],[-111.9837,42.3817],[-111.9873,42.3732],[-112.004,42.3812],[-112.0125,42.3736],[-112.0135,42.3694],[-112.0212,42.3664],[-112.0282,42.3695],[-112.0398,42.3617],[-112.0435,42.3556],[-112.0634,42.3553],[-112.073,42.3517],[-112.0744,42.3442],[-112.0803,42.3408],[-112.0764,42.332],[-112.0862,42.3248],[-112.0832,42.3167],[-112.0877,42.3118],[-112.0808,42.3055],[-112.0809,42.302],[-112.097,42.2913],[-112.1022,42.2831],[-112.0955,42.2738],[-112.0979,42.2695],[-112.0967,42.264],[-112.094,42.263],[-112.084,42.2465],[-112.0753,42.2411],[-112.0747,42.2361],[-112.0703,42.2324],[-112.0608,42.2096],[-112.0704,42.2024],[-112.073,42.1971],[-112.0688,42.1949],[-112.069,42.1892],[-112.0761,42.1848],[-112.0818,42.1734],[-112.0807,42.1695],[-112.0731,42.1633],[-112.0764,42.1583],[-112.0766,42.1489],[-112.066,42.1464],[-112.0571,42.1484],[-112.047,42.1467],[-112.0413,42.1384],[-112.0175,42.1423],[-112.0058,42.1419],[-112.0019,42.138],[-111.9945,42.1375],[-111.9683,42.1283],[-111.9632,42.1209],[-111.9478,42.12],[-111.9455,42.1179],[-111.9301,42.1183],[-111.9464,42.1612],[-111.9563,42.1779],[-111.9486,42.185],[-111.9513,42.1913],[-111.9548,42.1932],[-111.9502,42.1943],[-111.9474,42.1993],[-111.9427,42.1998],[-111.9384,42.207],[-111.9312,42.2122],[-111.9309,42.218],[-111.9205,42.2291],[-111.9238,42.2331],[-111.9218,42.2376],[-111.9077,42.2503],[-111.9081,42.2557],[-111.8947,42.2611],[-111.8952,42.2663],[-111.8888,42.2713],[-111.8896,42.2796],[-111.9025,42.2942],[-111.901,42.2983],[-111.8872,42.3093],[-111.8642,42.3047],[-111.8619,42.308],[-111.8637,42.3184],[-111.872,42.3222],[-111.8701,42.3246],[-111.8734,42.3261],[-111.8699,42.3291],[-111.8618,42.3285],[-111.8593,42.3303],[-111.864,42.3349],[-111.8646,42.3399],[-111.8762,42.3458],[-111.887,42.3457],[-111.909,42.3505],[-111.923,42.3586],[-111.9343,42.3597],[-111.9513,42.3658],[-111.9543,42.3679],[-111.9517,42.3772],[-111.9562,42.3802],[-111.9547,42.3856],[-111.9587,42.3897],[-111.955,42.397],[-111.9697,42.3997]]]}},{"type":"Feature","properties":{"huc10":"1601020204","name":"Battle Creek-Bear River"},"geometry":{"type":"Polygon","coordinates":[[[-111.7153,42.3308],[-111.7261,42.3302],[-111.7318,42.3253],[-111.7312,42.3207],[-111.7232,42.3144],[-111.729,42.3103],[-111.7296,42.3058],[-111.7421,42.2989],[-111.7583,42.2939],[-111.7698,42.2972],[-111.7808,42.294],[-111.8004,42.3013],[-111.8103,42.3111],[-111.8095,42.3246],[-111.8169,42.3224],[-111.8217,42.3249],[-111.832,42.3206],[-111.8631,42.3294],[-111.8699,42.3291],[-111.8734,42.3261],[-111.8701,42.3246],[-111.872,42.3222],[-111.8637,42.3184],[-111.8619,42.308],[-111.8642,42.3047],[-111.8871,42.3093],[-111.8984,42.3018],[-111.9026,42.2943],[-111.8896,42.2796],[-111.8888,42.2713],[-111.8952,42.2663],[-111.8947,42.2611],[-111.9081,42.2557],[-111.9077,42.2503],[-111.9218,42.2376],[-111.9238,42.2331],[-111.9205,42.2291],[-111.9309,42.218],[-111.9312,42.2122],[-111.9384,42.207],[-111.9427,42.1998],[-111.9474,42.1993],[-111.9502,42.1943],[-111.9548,42.1932],[-111.9513,42.1913],[-111.9486,42.185],[-111.9563,42.1779],[-111.9464,42.1612],[-111.9347,42.1284],[-111.9285,42.1181],[-111.9176,42.1135],[-111.904,42.1182],[-111.8964,42.1142],[-111.8835,42.1168],[-111.87,42.125],[-111.8687,42.1316],[-111.8721,42.1415],[-111.8688,42.1453],[-111.8474,42.1475],[-111.8187,42.14],[-111.8147,42.1425],[-111.8118,42.1553],[-111.7974,42.1532],[-111.7963,42.1612],[-111.7937,42.1634],[-111.7864,42.1605],[-111.7793,42.1615],[-111.7733,42.1583],[-111.7663,42.1594],[-111.7527,42.1566],[-111.7507,42.1497],[-111.7477,42.1489],[-111.7327,42.1578],[-111.7207,42.1611],[-111.7161,42.1656],[-111.6998,42.1705],[-111.6883,42.1847],[-111.6922,42.191],[-111.6817,42.1952],[-111.6752,42.1954],[-111.6649,42.1908],[-111.6584,42.1801],[-111.6535,42.182],[-111.6476,42.1805],[-111.6402,42.1859],[-111.6359,42.1853],[-111.6246,42.1893],[-111.6262,42.2087],[-111.6137,42.2276],[-111.6144,42.246],[-111.6097,42.2503],[-111.5971,42.2491],[-111.5964,42.2564],[-111.5913,42.2628],[-111.573,42.2699],[-111.5622,42.2768],[-111.5784,42.2804],[-111.5802,42.2851],[-111.5864,42.2878],[-111.5874,42.2932],[-111.5833,42.2947],[-111.5855,42.308],[-111.5915,42.3097],[-111.5897,42.3141],[-111.5923,42.3168],[-111.6157,42.3173],[-111.6284,42.3224],[-111.6393,42.3139],[-111.6482,42.3208],[-111.6614,42.3225],[-111.6687,42.3207],[-111.6744,42.3262],[-111.68,42.3236],[-111.6895,42.3238],[-111.6953,42.3182],[-111.7153,42.3308]]]}},{"type":"Feature","properties":{"huc10":"1602030901","name":"Upper Deep Creek"},"geometry":{"type":"Polygon","coordinates":[[[-112.6622,42.4706],[-112.6673,42.4718],[-112.6776,42.4664],[-112.6969,42.4619],[-112.7001,42.4513],[-112.7097,42.4493],[-112.7165,42.4426],[-112.7139,42.4356],[-112.7164,42.4291],[-112.7144,42.4243],[-112.7153,42.4175],[-112.7182,42.4144],[-112.7125,42.4042],[-112.7183,42.3953],[-112.7232,42.3936],[-112.7214,42.3911],[-112.7246,42.3858],[-112.7219,42.3809],[-112.7261,42.3705],[-112.7235,42.3601],[-112.7378,42.3555],[-112.7431,42.351],[-112.7607,42.3511],[-112.773,42.3462],[-112.7784,42.348],[-112.7893,42.3467],[-112.7993,42.341],[-112.8004,42.3306],[-112.7979,42.3239],[-112.8059,42.3139],[-112.8062,42.3091],[-112.804,42.3069],[-112.8063,42.2985],[-112.8055,42.2897],[-112.8103,42.2887],[-112.8109,42.2814],[-112.8189,42.2803],[-112.8162,42.2773],[-112.8154,42.2696],[-112.8266,42.2621],[-112.8431,42.2571],[-112.8536,42.2581],[-112.8618,42.2559],[-112.8667,42.251],[-112.8589,42.2391],[-112.8602,42.2322],[-112.8448,42.2305],[-112.8337,42.219],[-112.8245,42.2214],[-112.8238,42.2145],[-112.8203,42.2124],[-112.8228,42.2091],[-112.818,42.1927],[-112.8194,42.1896],[-112.8123,42.1827],[-112.8128,42.1806],[-112.8062,42.1814],[-112.7952,42.173],[-112.7631,42.1727],[-112.7558,42.1677],[-112.7463,42.1766],[-112.7385,42.1753],[-112.7318,42.1785],[-112.7259,42.1776],[-112.7215,42.1815],[-112.7046,42.1726],[-112.7065,42.1673],[-112.7038,42.1611],[-112.6937,42.1518],[-112.6898,42.1514],[-112.6603,42.1636],[-112.6385,42.1626],[-112.6299,42.1652],[-112.6209,42.1727],[-112.6103,42.1763],[-112.6082,42.1843],[-112.6107,42.1866],[-112.6088,42.1904],[-112.5938,42.1943],[-112.5825,42.2005],[-112.5808,42.2061],[-112.5764,42.209],[-112.5621,42.211],[-112.5577,42.2162],[-112.5515,42.217],[-112.5484,42.2268],[-112.5447,42.2288],[-112.5359,42.2246],[-112.5246,42.2249],[-112.5193,42.2309],[-112.5243,42.2352],[-112.5242,42.2395],[-112.5272,42.2426],[-112.5274,42.2462],[-112.5227,42.2497],[-112.5294,42.2527],[-112.5323,42.2569],[-112.529,42.2594],[-112.53,42.2638],[-112.5429,42.2664],[-112.5452,42.2743],[-112.5515,42.2766],[-112.5522,42.2796],[-112.5443,42.2822],[-112.5332,42.2788],[-112.5312,42.287],[-112.5339,42.294],[-112.5298,42.2966],[-112.53,42.3059],[-112.5252,42.3097],[-112.5208,42.3209],[-112.5241,42.3259],[-112.5294,42.3259],[-112.5272,42.3297],[-112.5304,42.336],[-112.5253,42.3368],[-112.5266,42.3439],[-112.5135,42.3469],[-112.509,42.3519],[-112.5113,42.3554],[-112.5193,42.3557],[-112.53,42.363],[-112.5389,42.3562],[-112.551,42.3525],[-112.5679,42.3527],[-112.5789,42.3597],[-112.5982,42.3623],[-112.6112,42.3655],[-112.6171,42.3696],[-112.6289,42.3712],[-112.6554,42.3846],[-112.6582,42.3891],[-112.6589,42.3999],[-112.655,42.4151],[-112.6489,42.4186],[-112.6498,42.4289],[-112.6463,42.4325],[-112.649,42.4371],[-112.6505,42.4565],[-112.656,42.4711],[-112.6622,42.4706]]]}},{"type":"Feature","properties":{"huc10":"1601020206","name":"Weston Creek-Bear River"},"geometry":{"type":"Polygon","coordinates":[[[-112.1026,42.18],[-112.1053,42.181],[-112.111,42.1766],[-112.1203,42.1625],[-112.1284,42.1642],[-112.1347,42.1613],[-112.1364,42.1641],[-112.1465,42.1678],[-112.1511,42.1666],[-112.1579,42.1694],[-112.1639,42.1668],[-112.161,42.1575],[-112.1617,42.1507],[-112.1683,42.1478],[-112.162,42.1419],[-112.1652,42.1375],[-112.1622,42.126],[-112.1683,42.1197],[-112.1654,42.1072],[-112.162,42.1034],[-112.1657,42.0954],[-112.1588,42.0917],[-112.1599,42.0884],[-112.1533,42.0833],[-112.1535,42.08],[-112.1566,42.0778],[-112.1623,42.0778],[-112.1605,42.0745],[-112.163,42.0717],[-112.156,42.0602],[-112.1523,42.0589],[-112.1515,42.0477],[-112.1482,42.052],[-112.1427,42.053],[-112.1418,42.0435],[-112.1324,42.0332],[-112.1179,42.0359],[-112.0998,42.0281],[-112.0859,42.0301],[-112.0607,42.0226],[-112.0585,42.0179],[-112.063,42.0072],[-112.0618,41.9843],[-112.049,41.9884],[-112.0348,41.9838],[-112.019,41.9861],[-112.01,41.9901],[-112.0042,41.9872],[-112.0072,41.9814],[-112.0025,41.9785],[-112.0051,41.9689],[-112.0017,41.9643],[-112.0096,41.9592],[-112.015,41.9494],[-112.0157,41.9416],[-112.0229,41.9333],[-112.018,41.9279],[-112.0085,41.9281],[-111.9984,41.9243],[-111.994,41.9158],[-111.9842,41.9136],[-111.9811,41.9094],[-111.9742,41.9106],[-111.971,41.9067],[-111.9681,41.907],[-111.9617,41.898],[-111.9585,41.8992],[-111.9562,41.9051],[-111.944,41.9068],[-111.916,41.9028],[-111.9046,41.8892],[-111.9005,41.889],[-111.8895,41.8969],[-111.8793,41.8973],[-111.8799,41.9004],[-111.878,41.9015],[-111.8828,41.9043],[-111.8806,41.91],[-111.8821,41.914],[-111.8668,41.9222],[-111.8671,41.9274],[-111.8595,41.9498],[-111.8497,41.9607],[-111.8491,41.9641],[-111.8548,41.9792],[-111.8634,41.9896],[-111.8623,41.9972],[-111.8646,42.0031],[-111.8757,42.0093],[-111.895,42.014],[-111.9039,42.0233],[-111.896,42.0325],[-111.8939,42.0423],[-111.8964,42.0463],[-111.9069,42.0496],[-111.9092,42.0529],[-111.9099,42.0638],[-111.9087,42.0673],[-111.9011,42.0721],[-111.8974,42.079],[-111.8921,42.0821],[-111.8907,42.0965],[-111.8716,42.1162],[-111.87,42.125],[-111.8889,42.1154],[-111.8964,42.1142],[-111.9036,42.1182],[-111.9176,42.1135],[-111.9289,42.1188],[-111.9455,42.1179],[-111.9478,42.12],[-111.9632,42.1209],[-111.9683,42.1283],[-111.9945,42.1375],[-112.0019,42.138],[-112.0058,42.1419],[-112.0415,42.1385],[-112.047,42.1467],[-112.0571,42.1484],[-112.066,42.1464],[-112.0766,42.1489],[-112.0764,42.1583],[-112.0731,42.1633],[-112.0808,42.1696],[-112.0802,42.1785],[-112.0859,42.1807],[-112.1026,42.18]]]}},{"type":"Feature","properties":{"huc10":"1601020401","name":"Little Malad River"},"geometry":{"type":"Polygon","coordinates":[[[-112.4453,42.5499],[-112.4515,42.5564],[-112.457,42.5558],[-112.4648,42.5493],[-112.4595,42.5406],[-112.4685,42.5304],[-112.4836,42.5291],[-112.4824,42.5246],[-112.4848,42.5118],[-112.4815,42.5093],[-112.4792,42.5027],[-112.4828,42.5025],[-112.4879,42.4918],[-112.4818,42.4801],[-112.4932,42.4737],[-112.4927,42.4684],[-112.5033,42.4678],[-112.5048,42.4567],[-112.5002,42.4556],[-112.4999,42.4472],[-112.4949,42.4345],[-112.4987,42.4324],[-112.4974,42.4264],[-112.5021,42.426],[-112.5053,42.421],[-112.508,42.4142],[-112.5053,42.41],[-112.5152,42.4042],[-112.5121,42.3992],[-112.5198,42.3924],[-112.5179,42.3831],[-112.5217,42.3827],[-112.5266,42.3742],[-112.5247,42.3698],[-112.53,42.3668],[-112.53,42.3619],[-112.5193,42.3557],[-112.5113,42.3554],[-112.5091,42.3496],[-112.5266,42.3439],[-112.5253,42.3368],[-112.5304,42.336],[-112.5272,42.3297],[-112.5294,42.3259],[-112.5241,42.3259],[-112.5208,42.3209],[-112.5252,42.3097],[-112.53,42.3059],[-112.5298,42.2966],[-112.5339,42.294],[-112.5312,42.287],[-112.5332,42.2788],[-112.5448,42.2822],[-112.5521,42.2798],[-112.5518,42.277],[-112.5452,42.2743],[-112.5425,42.2662],[-112.53,42.2638],[-112.529,42.2594],[-112.5322,42.2567],[-112.5294,42.2527],[-112.5227,42.2497],[-112.5274,42.246],[-112.524,42.2349],[-112.5193,42.2312],[-112.5103,42.2329],[-112.5054,42.2295],[-112.4891,42.2254],[-112.4833,42.2143],[-112.4839,42.2088],[-112.4691,42.1987],[-112.4529,42.198],[-112.4514,42.2001],[-112.453,42.2037],[-112.4484,42.207],[-112.4342,42.2045],[-112.4215,42.206],[-112.4185,42.2078],[-112.4171,42.2137],[-112.4178,42.2217],[-112.4115,42.2241],[-112.4034,42.2355],[-112.3742,42.2386],[-112.3687,42.235],[-112.3616,42.2347],[-112.356,42.2293],[-112.3553,42.225],[-112.3551,42.213],[-112.3607,42.2105],[-112.3564,42.1987],[-112.3587,42.1945],[-112.3493,42.1896],[-112.3459,42.1783],[-112.3316,42.156],[-112.3267,42.1521],[-112.3195,42.1381],[-112.3018,42.1251],[-112.288,42.1199],[-112.2858,42.1345],[-112.2904,42.1416],[-112.2895,42.1477],[-112.3011,42.1778],[-112.2974,42.1906],[-112.2893,42.202],[-112.2921,42.2095],[-112.289,42.2146],[-112.3016,42.2318],[-112.3031,42.2457],[-112.3002,42.2529],[-112.2907,42.2596],[-112.2866,42.2655],[-112.2911,42.2735],[-112.2975,42.2979],[-112.2915,42.3047],[-112.2954,42.3093],[-112.2912,42.3166],[-112.3057,42.3265],[-112.3152,42.322],[-112.3269,42.3237],[-112.3307,42.3411],[-112.3241,42.3535],[-112.31,42.3659],[-112.3103,42.3712],[-112.305,42.3794],[-112.294,42.3864],[-112.2942,42.3948],[-112.2909,42.3971],[-112.2939,42.4081],[-112.2923,42.4164],[-112.2937,42.4225],[-112.2908,42.4271],[-112.2953,42.4372],[-112.2945,42.4463],[-112.2974,42.4542],[-112.3108,42.4569],[-112.312,42.453],[-112.3198,42.4493],[-112.3245,42.451],[-112.3427,42.4478],[-112.3499,42.4523],[-112.3677,42.4543],[-112.3725,42.4579],[-112.3725,42.4618],[-112.3672,42.466],[-112.3659,42.4825],[-112.3737,42.4815],[-112.3763,42.4789],[-112.3839,42.4836],[-112.3822,42.487],[-112.3945,42.4935],[-112.399,42.4986],[-112.4012,42.5146],[-112.4043,42.5173],[-112.4114,42.5141],[-112.4195,42.5151],[-112.4208,42.5218],[-112.4288,42.523],[-112.4348,42.5286],[-112.4418,42.5278],[-112.4396,42.5314],[-112.4446,42.5357],[-112.4405,42.5391],[-112.4453,42.5499]]]}},{"type":"Feature","properties":{"huc10":"1601020402","name":"Deep Creek-Malad River"},"geometry":{"type":"Polygon","coordinates":[[[-112.2067,42.3506],[-112.217,42.35],[-112.2288,42.3446],[-112.2572,42.3425],[-112.2741,42.3243],[-112.2765,42.3179],[-112.2912,42.3166],[-112.2951,42.3105],[-112.2915,42.3047],[-112.2975,42.2979],[-112.2911,42.2735],[-112.2866,42.2655],[-112.3007,42.2523],[-112.3029,42.2411],[-112.3016,42.2318],[-112.289,42.2149],[-112.2921,42.2095],[-112.2893,42.202],[-112.2974,42.1906],[-112.3011,42.1778],[-112.2895,42.1477],[-112.2904,42.1416],[-112.2858,42.1345],[-112.288,42.1199],[-112.3018,42.1251],[-112.3195,42.1381],[-112.3267,42.1521],[-112.3316,42.156],[-112.3459,42.1783],[-112.3493,42.1896],[-112.3587,42.1945],[-112.3564,42.1987],[-112.3607,42.2105],[-112.3551,42.213],[-112.3553,42.225],[-112.356,42.2293],[-112.3622,42.2351],[-112.3687,42.235],[-112.3742,42.2386],[-112.4034,42.2355],[-112.4115,42.2241],[-112.4178,42.2217],[-112.4171,42.2137],[-112.4185,42.2078],[-112.4215,42.206],[-112.4342,42.2045],[-112.4484,42.207],[-112.453,42.2037],[-112.4514,42.2001],[-112.4529,42.198],[-112.4723,42.2],[-112.474,42.1952],[-112.4717,42.1919],[-112.4551,42.1849],[-112.4555,42.1762],[-112.4498,42.1738],[-112.4546,42.1611],[-112.4501,42.1533],[-112.4518,42.1498],[-112.4479,42.1463],[-112.4499,42.1435],[-112.4494,42.1348],[-112.4441,42.1303],[-112.4461,42.1276],[-112.4435,42.1234],[-112.4451,42.12],[-112.4394,42.1158],[-112.4404,42.1087],[-112.4272,42.1054],[-112.421,42.0975],[-112.4121,42.0952],[-112.4167,42.0877],[-112.4156,42.0801],[-112.4206,42.0759],[-112.4143,42.0659],[-112.4095,42.0635],[-112.4008,42.0659],[-112.3734,42.0645],[-112.3728,42.0615],[-112.3616,42.056],[-112.3339,42.0606],[-112.3125,42.0553],[-112.3015,42.0575],[-112.295,42.0621],[-112.2875,42.0549],[-112.2764,42.0618],[-112.2761,42.067],[-112.2801,42.0692],[-112.2799,42.0753],[-112.2737,42.0762],[-112.2728,42.0808],[-112.2529,42.0924],[-112.2239,42.0939],[-112.1851,42.0892],[-112.1762,42.0913],[-112.1716,42.0956],[-112.1657,42.0954],[-112.162,42.1028],[-112.1654,42.1072],[-112.1684,42.1202],[-112.1622,42.1259],[-112.1652,42.1375],[-112.162,42.1419],[-112.1683,42.1478],[-112.1617,42.1507],[-112.1635,42.1674],[-112.1579,42.1694],[-112.1511,42.1666],[-112.1465,42.1678],[-112.1364,42.1641],[-112.1342,42.1612],[-112.1284,42.1642],[-112.1203,42.1625],[-112.1131,42.1741],[-112.1053,42.181],[-112.0948,42.1793],[-112.0859,42.1807],[-112.0802,42.1785],[-112.076,42.1849],[-112.0703,42.187],[-112.0688,42.1949],[-112.073,42.1971],[-112.0703,42.2025],[-112.0608,42.2088],[-112.0619,42.2137],[-112.0703,42.2324],[-112.0747,42.2361],[-112.0753,42.2411],[-112.0844,42.2469],[-112.094,42.263],[-112.0967,42.264],[-112.0979,42.2695],[-112.1133,42.2693],[-112.1189,42.2812],[-112.1259,42.2847],[-112.1293,42.2905],[-112.1369,42.2954],[-112.1442,42.2932],[-112.156,42.2944],[-112.1562,42.297],[-112.1614,42.2999],[-112.1612,42.3087],[-112.1766,42.3242],[-112.1774,42.3287],[-112.1858,42.3372],[-112.1895,42.3467],[-112.1957,42.345],[-112.2057,42.3465],[-112.2067,42.3506]]]}},{"type":"Feature","properties":{"huc10":"1602030902","name":"Glen Canyon"},"geometry":{"type":"Polygon","coordinates":[[[-112.8874,42.2577],[-112.8927,42.2629],[-112.8988,42.2577],[-112.918,42.2561],[-112.9164,42.2444],[-112.9186,42.2388],[-112.9165,42.2344],[-112.9293,42.2283],[-112.9396,42.2272],[-112.9497,42.2198],[-112.9654,42.2224],[-112.969,42.2208],[-112.9698,42.2172],[-112.9796,42.2151],[-112.9867,42.2207],[-112.9895,42.2186],[-113.0035,42.2235],[-113.0203,42.2201],[-113.0219,42.2164],[-113.0313,42.2146],[-113.0408,42.205],[-113.0451,42.2035],[-113.0459,42.1981],[-113.0437,42.1939],[-113.0813,42.1783],[-113.091,42.1657],[-113.1045,42.1557],[-113.1251,42.1523],[-113.1218,42.1447],[-113.1257,42.1394],[-113.1255,42.1323],[-113.1193,42.1157],[-113.105,42.1117],[-113.103,42.1088],[-113.1065,42.1041],[-113.1077,42.0883],[-113.1154,42.0776],[-113.121,42.0775],[-113.1207,42.0625],[-113.1244,42.0552],[-113.123,42.0462],[-113.1268,42.0376],[-113.1189,42.0352],[-113.0946,42.0161],[-113.0856,42.0047],[-113.0729,41.9972],[-113.0656,41.9854],[-113.0597,41.9809],[-113.0403,41.9766],[-113.0359,41.9661],[-113.0161,41.9654],[-113.0005,41.9525],[-112.9975,41.9466],[-112.9777,41.9433],[-112.9634,41.9333],[-112.9561,41.9326],[-112.9504,41.9279],[-112.9437,41.9268],[-112.9376,41.915],[-112.9228,41.9015],[-112.9173,41.8916],[-112.9044,41.9074],[-112.8939,41.9159],[-112.8945,41.9345],[-112.89,41.9413],[-112.8881,41.9571],[-112.8929,41.9818],[-112.9005,41.9967],[-112.8995,42.0041],[-112.903,42.0135],[-112.903,42.0288],[-112.901,42.0317],[-112.9045,42.046],[-112.9008,42.0656],[-112.909,42.0767],[-112.9052,42.1171],[-112.8808,42.1305],[-112.8709,42.1328],[-112.8619,42.1292],[-112.8611,42.1316],[-112.8543,42.1342],[-112.8585,42.1483],[-112.8459,42.1503],[-112.83,42.1633],[-112.8311,42.1679],[-112.8375,42.175],[-112.8442,42.1766],[-112.8439,42.1799],[-112.8506,42.1877],[-112.8487,42.1888],[-112.8515,42.1923],[-112.8463,42.1961],[-112.8483,42.2037],[-112.8464,42.2089],[-112.8381,42.2127],[-112.839,42.216],[-112.8341,42.2184],[-112.8347,42.2213],[-112.8448,42.2305],[-112.8602,42.2322],[-112.8589,42.2391],[-112.8667,42.251],[-112.8874,42.2577]]]}},{"type":"Feature","properties":{"huc10":"1601020102","name":"Bear Lake"},"geometry":{"type":"Polygon","coordinates":[[[-111.3145,42.1228],[-111.3536,42.1185],[-111.365,42.1147],[-111.3723,42.1095],[-111.3762,42.0965],[-111.3799,42.0885],[-111.3807,42.0913],[-111.3822,42.0878],[-111.3819,42.0847],[-111.3791,42.0871],[-111.3829,42.0829],[-111.384,42.0762],[-111.3821,42.0758],[-111.3848,42.074],[-111.3848,42.0652],[-111.3893,42.0589],[-111.3913,42.041],[-111.3943,42.0341],[-111.4016,42.0289],[-111.4073,42.02],[-111.4062,42.0101],[-111.4087,42.0071],[-111.4079,42.0008],[-111.4109,41.9928],[-111.4088,41.9868],[-111.4059,41.9857],[-111.4084,41.9849],[-111.403,41.9786],[-111.4021,41.9704],[-111.3987,41.9662],[-111.4,41.9598],[-111.3916,41.9531],[-111.39,41.9489],[-111.389,41.94],[-111.3934,41.9341],[-111.3954,41.9234],[-111.3868,41.9119],[-111.3685,41.9059],[-111.369,41.9009],[-111.366,41.8942],[-111.3652,41.8606],[-111.3628,41.854],[-111.3526,41.8483],[-111.3371,41.846],[-111.3061,41.8481],[-111.2963,41.8551],[-111.296,41.8766],[-111.2915,41.8821],[-111.291,41.8894],[-111.2848,41.8967],[-111.289,41.9251],[-111.2815,41.9349],[-111.2781,41.9538],[-111.271,41.971],[-111.2747,41.9887],[-111.2641,41.9985],[-111.2604,42.0052],[-111.2594,42.0377],[-111.2539,42.0663],[-111.2547,42.079],[-111.2629,42.0911],[-111.2615,42.0997],[-111.2686,42.11],[-111.2835,42.1168],[-111.3145,42.1228]]]}},{"type":"Feature","properties":{"huc10":"1601020205","name":"Cub River"},"geometry":{"type":"Polygon","coordinates":[[[-111.6584,42.1805],[-111.6649,42.1908],[-111.6793,42.1957],[-111.6922,42.191],[-111.6883,42.1847],[-111.6998,42.1705],[-111.7161,42.1656],[-111.7207,42.1611],[-111.7327,42.1578],[-111.7477,42.1489],[-111.7507,42.1497],[-111.7527,42.1566],[-111.7663,42.1594],[-111.7733,42.1583],[-111.7793,42.1615],[-111.7864,42.1605],[-111.7918,42.1636],[-111.7963,42.1612],[-111.7974,42.1532],[-111.8118,42.1553],[-111.8147,42.1425],[-111.8187,42.14],[-111.8474,42.1475],[-111.8685,42.1454],[-111.8717,42.1428],[-111.8687,42.1313],[-111.871,42.117],[-111.8887,42.1003],[-111.8921,42.0821],[-111.8974,42.079],[-111.9011,42.0721],[-111.9087,42.0673],[-111.9099,42.0638],[-111.9092,42.0529],[-111.9069,42.0496],[-111.8964,42.0463],[-111.8939,42.0423],[-111.896,42.0325],[-111.9039,42.0233],[-111.895,42.014],[-111.8757,42.0093],[-111.8646,42.0031],[-111.8623,41.9972],[-111.8634,41.9896],[-111.8548,41.9792],[-111.8491,41.9641],[-111.8497,41.9607],[-111.8595,41.9498],[-111.8671,41.9274],[-111.8668,41.9222],[-111.8821,41.914],[-111.8806,41.91],[-111.8828,41.9043],[-111.8781,41.9016],[-111.8791,41.8976],[-111.87,41.9017],[-111.8608,41.9105],[-111.8476,41.912],[-111.8376,41.9076],[-111.8025,41.9089],[-111.7755,41.9009],[-111.7579,41.9016],[-111.7417,41.8958],[-111.7266,41.897],[-111.7196,41.9],[-111.7125,41.9084],[-111.702,41.9095],[-111.7005,41.9176],[-111.6961,41.9233],[-111.6868,41.9241],[-111.6793,41.9194],[-111.6746,41.9197],[-111.6679,41.9381],[-111.6632,41.9418],[-111.6626,41.9452],[-111.6571,41.9474],[-111.6555,41.9537],[-111.6565,41.963],[-111.6594,41.9663],[-111.6579,41.9688],[-111.6616,41.9758],[-111.6575,41.9816],[-111.6611,41.9871],[-111.6614,42.0002],[-111.6639,42.0041],[-111.6608,42.0182],[-111.6536,42.0235],[-111.6464,42.0342],[-111.6121,42.0333],[-111.5891,42.0383],[-111.5887,42.0506],[-111.5867,42.0525],[-111.5919,42.0725],[-111.5893,42.0829],[-111.5939,42.0934],[-111.5989,42.0985],[-111.6007,42.1056],[-111.5935,42.1138],[-111.5944,42.1167],[-111.5904,42.124],[-111.5921,42.1316],[-111.5872,42.1419],[-111.6107,42.1566],[-111.6124,42.1727],[-111.6174,42.1862],[-111.6246,42.1893],[-111.6359,42.1853],[-111.6402,42.1859],[-111.6476,42.1805],[-111.6535,42.182],[-111.6584,42.1805]]]}},{"type":"Feature","properties":{"huc10":"1602030903","name":"Middle Deep Creek"},"geometry":{"type":"Polygon","coordinates":[[[-112.5085,42.2312],[-112.5105,42.2329],[-112.5193,42.2312],[-112.5246,42.2249],[-112.5359,42.2246],[-112.5452,42.2287],[-112.5487,42.2265],[-112.5515,42.217],[-112.5577,42.2162],[-112.5621,42.211],[-112.5764,42.209],[-112.5808,42.2061],[-112.5825,42.2005],[-112.5938,42.1943],[-112.6088,42.1904],[-112.6107,42.1866],[-112.6082,42.1843],[-112.6103,42.1763],[-112.6209,42.1727],[-112.6277,42.1663],[-112.6379,42.1626],[-112.6624,42.1631],[-112.69,42.1514],[-112.6937,42.1518],[-112.7038,42.1611],[-112.7065,42.1673],[-112.7046,42.1726],[-112.7215,42.1815],[-112.7259,42.1776],[-112.7318,42.1785],[-112.7385,42.1753],[-112.7463,42.1766],[-112.7558,42.1677],[-112.7631,42.1727],[-112.7963,42.1733],[-112.8062,42.1814],[-112.8128,42.1806],[-112.8123,42.1827],[-112.8193,42.1895],[-112.818,42.1927],[-112.8228,42.2091],[-112.8203,42.2124],[-112.8238,42.2145],[-112.8246,42.2215],[-112.839,42.216],[-112.8381,42.2127],[-112.8464,42.2089],[-112.8483,42.2037],[-112.8463,42.1961],[-112.8515,42.1923],[-112.8487,42.1888],[-112.8506,42.1877],[-112.8439,42.1799],[-112.8442,42.1766],[-112.8375,42.175],[-112.8311,42.1679],[-112.8308,42.1619],[-112.8459,42.1503],[-112.8585,42.1483],[-112.8543,42.1342],[-112.8611,42.1316],[-112.8619,42.1292],[-112.8709,42.1328],[-112.8808,42.1305],[-112.8871,42.1254],[-112.9001,42.1215],[-112.906,42.1142],[-112.909,42.0767],[-112.9008,42.0656],[-112.9045,42.046],[-112.901,42.0317],[-112.903,42.0288],[-112.903,42.0135],[-112.8995,42.0041],[-112.9005,41.9967],[-112.8929,41.9818],[-112.8881,41.9571],[-112.89,41.9413],[-112.8945,41.9345],[-112.8939,41.9159],[-112.9044,41.9074],[-112.9173,41.8916],[-112.907,41.8861],[-112.8866,41.8842],[-112.8591,41.8653],[-112.8615,41.8616],[-112.8615,41.8482],[-112.8511,41.8477],[-112.8459,41.8488],[-112.8384,41.8554],[-112.8235,41.8576],[-112.806,41.8508],[-112.8,41.8543],[-112.7821,41.8525],[-112.7745,41.86],[-112.7754,41.8617],[-112.7677,41.8656],[-112.7617,41.8762],[-112.7521,41.883],[-112.7488,41.8884],[-112.7339,41.8825],[-112.7037,41.8853],[-112.7026,41.8912],[-112.7067,41.8958],[-112.7057,41.902],[-112.7014,41.9031],[-112.6961,41.9077],[-112.6951,41.9118],[-112.6865,41.916],[-112.6852,41.919],[-112.6768,41.9162],[-112.6634,41.9171],[-112.6622,41.9111],[-112.656,41.9069],[-112.6255,41.9118],[-112.6137,41.9069],[-112.6022,41.911],[-112.6006,41.9189],[-112.597,41.9223],[-112.6032,41.9269],[-112.6016,41.9313],[-112.6175,41.9418],[-112.6173,41.9495],[-112.6201,41.9528],[-112.6187,41.9584],[-112.6156,41.9598],[-112.6149,41.9662],[-112.6095,41.9676],[-112.6076,41.971],[-112.6052,41.9685],[-112.6053,41.9633],[-112.5918,41.9597],[-112.5874,41.9719],[-112.5831,41.9745],[-112.5837,41.9832],[-112.5792,41.9848],[-112.5809,41.9916],[-112.5864,41.9937],[-112.5849,41.996],[-112.587,42.0005],[-112.5869,42.0138],[-112.5968,42.02],[-112.5978,42.0242],[-112.5955,42.0254],[-112.5948,42.0337],[-112.5962,42.0378],[-112.5942,42.0412],[-112.5988,42.0459],[-112.5956,42.0527],[-112.5963,42.061],[-112.5857,42.067],[-112.5883,42.0713],[-112.5876,42.0801],[-112.5846,42.0843],[-112.5734,42.0834],[-112.5703,42.0853],[-112.5731,42.0949],[-112.5659,42.1067],[-112.5675,42.1105],[-112.5637,42.117],[-112.5639,42.1251],[-112.555,42.1338],[-112.5606,42.1365],[-112.559,42.142],[-112.5486,42.1426],[-112.5364,42.1365],[-112.5151,42.1425],[-112.5142,42.1465],[-112.5049,42.1544],[-112.4699,42.1476],[-112.453,42.1494],[-112.4501,42.1533],[-112.4547,42.1613],[-112.4498,42.1738],[-112.4555,42.1762],[-112.4551,42.1848],[-112.4717,42.1919],[-112.474,42.1952],[-112.473,42.2029],[-112.4839,42.2088],[-112.4833,42.2143],[-112.4891,42.2254],[-112.5085,42.2312]]]}},{"type":"Feature","properties":{"huc10":"1602020204","name":"Hobble Creek-Frontal Utah Lake"},"geometry":{"type":"Polygon","coordinates":[[[-111.4583,40.3005],[-111.4719,40.2912],[-111.4866,40.2886],[-111.4932,40.2904],[-111.502,40.2851],[-111.5217,40.2821],[-111.5265,40.2744],[-111.5406,40.2693],[-111.5446,40.2638],[-111.5444,40.2524],[-111.5467,40.2481],[-111.5569,40.2444],[-111.5589,40.2405],[-111.5588,40.2322],[-111.5516,40.2251],[-111.5534,40.2179],[-111.5622,40.2123],[-111.5758,40.2133],[-111.5833,40.2106],[-111.5886,40.2138],[-111.6081,40.2079],[-111.6317,40.1942],[-111.6429,40.1934],[-111.6397,40.1902],[-111.6406,40.1884],[-111.6496,40.1883],[-111.6513,40.185],[-111.6458,40.1786],[-111.6316,40.1745],[-111.6077,40.1632],[-111.5852,40.1487],[-111.5555,40.1448],[-111.5475,40.1471],[-111.5272,40.1435],[-111.5192,40.1457],[-111.4969,40.1335],[-111.4794,40.1368],[-111.4733,40.1303],[-111.4732,40.1248],[-111.4654,40.1212],[-111.4596,40.1346],[-111.4519,40.1373],[-111.449,40.1441],[-111.43,40.1576],[-111.4259,40.1565],[-111.4219,40.1684],[-111.4122,40.168],[-111.4099,40.1649],[-111.3986,40.1722],[-111.3873,40.1743],[-111.3716,40.1704],[-111.3591,40.177],[-111.3597,40.1873],[-111.353,40.192],[-111.3529,40.2008],[-111.347,40.2026],[-111.3452,40.2074],[-111.3414,40.2092],[-111.3386,40.2231],[-111.3316,40.2295],[-111.3304,40.2338],[-111.3225,40.2369],[-111.3218,40.2426],[-111.3138,40.2475],[-111.3099,40.2543],[-111.3039,40.2558],[-111.2941,40.2654],[-111.2944,40.2708],[-111.3081,40.2749],[-111.3077,40.2834],[-111.315,40.2876],[-111.3221,40.2872],[-111.3276,40.2821],[-111.3372,40.2883],[-111.3605,40.2886],[-111.3772,40.2974],[-111.3817,40.2944],[-111.3923,40.2962],[-111.3967,40.2923],[-111.4023,40.2959],[-111.4104,40.2951],[-111.4129,40.2894],[-111.4266,40.2869],[-111.4336,40.2919],[-111.4421,40.2898],[-111.4516,40.2932],[-111.4522,40.297],[-111.4583,40.3005]]]}},{"type":"Feature","properties":{"huc10":"1601020101","name":"Big Creek-Frontal Bear Lake"},"geometry":{"type":"Polygon","coordinates":[[[-111.2478,42.1375],[-111.2506,42.1379],[-111.2543,42.1319],[-111.2598,42.1108],[-111.2669,42.107],[-111.2621,42.1013],[-111.2629,42.0911],[-111.2548,42.0793],[-111.2535,42.0719],[-111.2594,42.0377],[-111.2603,42.0056],[-111.2641,41.9985],[-111.2749,41.9879],[-111.271,41.971],[-111.2781,41.9538],[-111.2815,41.9349],[-111.289,41.9251],[-111.2848,41.8964],[-111.291,41.8894],[-111.2915,41.8821],[-111.296,41.8766],[-111.2967,41.8541],[-111.3061,41.8481],[-111.3371,41.846],[-111.3526,41.8483],[-111.3627,41.8538],[-111.3652,41.8606],[-111.366,41.8942],[-111.369,41.9009],[-111.3685,41.9059],[-111.3868,41.9119],[-111.3954,41.9234],[-111.3934,41.9341],[-111.389,41.94],[-111.39,41.9489],[-111.3916,41.9531],[-111.4,41.9598],[-111.3987,41.9662],[-111.4021,41.9704],[-111.403,41.9786],[-111.4084,41.9849],[-111.4059,41.9857],[-111.4106,41.9905],[-111.4077,42.0028],[-111.409,42.0061],[-111.4062,42.0101],[-111.4073,42.02],[-111.4016,42.0289],[-111.3943,42.0341],[-111.3913,42.041],[-111.3893,42.0589],[-111.3848,42.0652],[-111.3848,42.074],[-111.3821,42.0758],[-111.384,42.0762],[-111.3829,42.0829],[-111.3791,42.0871],[-111.3819,42.0847],[-111.3812,42.0906],[-111.3799,42.0885],[-111.3723,42.1095],[-111.3647,42.1137],[-111.4001,42.1128],[-111.4105,42.1114],[-111.4182,42.1062],[-111.4305,42.106],[-111.4418,42.1022],[-111.4442,42.0954],[-111.4563,42.0887],[-111.4583,42.084],[-111.4688,42.0822],[-111.475,42.0845],[-111.4928,42.0788],[-111.5009,42.0788],[-111.5157,42.0696],[-111.517,42.0622],[-111.511,42.0574],[-111.5141,42.0483],[-111.5078,42.0382],[-111.508,42.0356],[-111.5116,42.0338],[-111.5084,42.0223],[-111.5111,42.0168],[-111.5078,42.0071],[-111.5087,41.9929],[-111.4952,41.9829],[-111.4942,41.9797],[-111.4846,41.9756],[-111.4842,41.9656],[-111.4763,41.9585],[-111.4775,41.9533],[-111.4733,41.9473],[-111.4768,41.9358],[-111.4716,41.9285],[-111.4778,41.9189],[-111.4782,41.913],[-111.4902,41.9107],[-111.5034,41.9138],[-111.5117,41.9084],[-111.512,41.9051],[-111.5005,41.8984],[-111.5002,41.8931],[-111.503,41.8877],[-111.4947,41.8867],[-111.4922,41.8838],[-111.4945,41.8737],[-111.5036,41.868],[-111.5093,41.8684],[-111.502,41.8611],[-111.5078,41.8525],[-111.468,41.8247],[-111.461,41.8181],[-111.4609,41.8139],[-111.4569,41.8122],[-111.4576,41.8079],[-111.4535,41.8051],[-111.4509,41.7926],[-111.4544,41.7882],[-111.4547,41.7797],[-111.4496,41.7721],[-111.4433,41.7711],[-111.4455,41.7604],[-111.4412,41.7555],[-111.4419,41.7479],[-111.4451,41.7448],[-111.4407,41.7412],[-111.4419,41.7357],[-111.4287,41.7267],[-111.42,41.7246],[-111.4175,41.7203],[-111.4178,41.7094],[-111.4213,41.7053],[-111.4202,41.697],[-111.4287,41.696],[-111.424,41.6921],[-111.4267,41.678],[-111.4237,41.6747],[-111.4153,41.6763],[-111.4114,41.6799],[-111.4123,41.6879],[-111.4091,41.6886],[-111.4057,41.6936],[-111.4001,41.6951],[-111.394,41.7029],[-111.3826,41.705],[-111.3817,41.7122],[-111.3854,41.7168],[-111.3756,41.7238],[-111.3394,41.7285],[-111.3246,41.7518],[-111.3131,41.7507],[-111.2955,41.7537],[-111.2894,41.7579],[-111.2623,41.7643],[-111.2638,41.7754],[-111.2668,41.7804],[-111.2639,41.7862],[-111.2717,41.7905],[-111.2729,41.7936],[-111.2644,41.7965],[-111.2453,41.8142],[-111.247,41.8168],[-111.2558,41.8198],[-111.2535,41.8254],[-111.2583,41.8302],[-111.2447,41.8329],[-111.2458,41.8378],[-111.2505,41.8404],[-111.2503,41.8439],[-111.2591,41.8532],[-111.2546,41.8584],[-111.2555,41.8627],[-111.2507,41.8631],[-111.2456,41.8733],[-111.2313,41.8714],[-111.2123,41.8739],[-111.2081,41.8793],[-111.1991,41.8839],[-111.1949,41.8897],[-111.1949,41.8954],[-111.1893,41.9013],[-111.1719,41.9069],[-111.1661,41.9186],[-111.1688,41.9238],[-111.1634,41.9277],[-111.1347,41.9295],[-111.1158,41.9252],[-111.1095,41.921],[-111.0993,41.9222],[-111.0985,41.9348],[-111.0907,41.9526],[-111.0998,41.9662],[-111.0984,41.9702],[-111.0938,41.9691],[-111.0856,41.9755],[-111.0852,41.9883],[-111.079,41.9927],[-111.0832,42.0075],[-111.0923,42.0068],[-111.0952,42.0042],[-111.1065,42.006],[-111.1066,42.0116],[-111.1105,42.0147],[-111.1102,42.0169],[-111.1143,42.0207],[-111.1193,42.0211],[-111.1258,42.03],[-111.1318,42.0312],[-111.1357,42.0353],[-111.1354,42.0379],[-111.1292,42.0414],[-111.1317,42.0434],[-111.1467,42.043],[-111.1496,42.0381],[-111.1617,42.0338],[-111.1707,42.0348],[-111.1754,42.0445],[-111.2102,42.0459],[-111.2055,42.0501],[-111.2138,42.052],[-111.2119,42.0627],[-111.2138,42.0652],[-111.2115,42.0698],[-111.2161,42.0733],[-111.2158,42.077],[-111.2185,42.0801],[-111.2234,42.0819],[-111.2108,42.094],[-111.2174,42.1014],[-111.218,42.1155],[-111.23,42.1229],[-111.232,42.1344],[-111.2364,42.1369],[-111.2478,42.1375]]]}},{"type":"Feature","properties":{"huc10":"1602030818","name":"Clyman Bay-Frontal Great Salt Lake"},"geometry":{"type":"Polygon","coordinates":[[[-113.0584,41.4789],[-113.0638,41.4857],[-113.0811,41.4773],[-113.0919,41.4672],[-113.1019,41.4636],[-113.1141,41.4657],[-113.1256,41.483],[-113.1531,41.4735],[-113.1615,41.4783],[-113.1705,41.4778],[-113.1748,41.4812],[-113.173,41.4768],[-113.1754,41.4719],[-113.1819,41.4679],[-113.1782,41.4614],[-113.1819,41.4493],[-113.1846,41.447],[-113.1817,41.4402],[-113.1884,41.4328],[-113.1849,41.4292],[-113.1848,41.4253],[-113.177,41.4224],[-113.1739,41.4183],[-113.1736,41.4044],[-113.1799,41.4026],[-113.1764,41.3969],[-113.1821,41.389],[-113.1817,41.3862],[-113.1788,41.3856],[-113.1797,41.3791],[-113.1725,41.3625],[-113.1656,41.3565],[-113.1576,41.352],[-113.1513,41.3446],[-113.1434,41.3442],[-113.1328,41.3381],[-113.1337,41.3274],[-113.1294,41.319],[-113.1317,41.3101],[-113.1224,41.3032],[-113.1133,41.2887],[-113.1066,41.2877],[-113.1039,41.284],[-113.1034,41.2801],[-113.1089,41.2728],[-113.1058,41.2692],[-113.1147,41.2626],[-113.099,41.2467],[-113.0987,41.2428],[-113.1012,41.2403],[-113.0867,41.234],[-113.0814,41.229],[-113.0803,41.2228],[-113.0828,41.2178],[-113.0917,41.2113],[-113.0918,41.2049],[-113.0894,41.2026],[-113.0916,41.2021],[-113.0924,41.1978],[-113.0817,41.1917],[-113.0716,41.1777],[-113.0584,41.1792],[-113.0485,41.1848],[-113.0346,41.1859],[-113.0232,41.1747],[-113.0079,41.174],[-112.9988,41.1705],[-113.0047,41.1595],[-113.0127,41.1517],[-113.0152,41.1429],[-113.0084,41.1363],[-113.0137,41.1272],[-113.0124,41.1223],[-113.0091,41.1172],[-113.0062,41.1173],[-112.9995,41.1105],[-113.0001,41.0975],[-112.9987,41.0947],[-112.9953,41.0944],[-112.9983,41.0882],[-112.9952,41.0858],[-113.0011,41.0793],[-113.0048,41.0788],[-113.0043,41.0759],[-112.9993,41.0732],[-112.9976,41.062],[-112.9917,41.0652],[-112.986,41.0623],[-112.9878,41.0539],[-112.9955,41.0462],[-112.9935,41.0349],[-112.9971,41.0308],[-112.9808,41.0284],[-112.9769,41.0353],[-112.9597,41.0328],[-112.9547,41.0361],[-112.94,41.0283],[-112.9363,41.0216],[-112.9282,41.0239],[-112.9195,41.0204],[-112.9088,41.0196],[-112.9053,41.0208],[-112.9047,41.0389],[-112.8908,41.0624],[-112.8941,41.0656],[-112.8892,41.072],[-112.8891,41.0772],[-112.8792,41.0852],[-112.8843,41.0905],[-112.8817,41.0981],[-112.8865,41.1071],[-112.8813,41.1165],[-112.8883,41.1243],[-112.8896,41.1334],[-112.8962,41.1393],[-112.8963,41.1441],[-112.8944,41.151],[-112.8884,41.1572],[-112.8885,41.1615],[-112.8753,41.1764],[-112.8765,41.1829],[-112.8709,41.1862],[-112.8701,41.1919],[-112.8632,41.2013],[-112.8669,41.2067],[-112.8584,41.2121],[-112.8584,41.2183],[-112.853,41.2233],[-112.8692,41.2259],[-112.8837,41.2251],[-112.8721,41.2268],[-112.8768,41.2299],[-112.8774,41.2391],[-112.8631,41.2457],[-112.8674,41.2489],[-112.8771,41.2469],[-112.8857,41.2562],[-112.9025,41.2503],[-112.9087,41.2552],[-112.92,41.2581],[-112.9251,41.2632],[-112.9426,41.2674],[-112.9436,41.2691],[-112.9409,41.2696],[-112.9531,41.2725],[-112.9581,41.2701],[-112.9495,41.2601],[-112.9524,41.2563],[-112.9505,41.2514],[-112.954,41.2456],[-112.9573,41.2454],[-112.9714,41.2476],[-112.9829,41.2539],[-112.9888,41.2527],[-112.9952,41.2588],[-113.004,41.2583],[-113.0091,41.2672],[-113.0149,41.2671],[-113.0222,41.272],[-113.0323,41.2878],[-113.0322,41.2923],[-113.0284,41.2952],[-113.0189,41.2957],[-113.0016,41.3136],[-112.9997,41.3373],[-113.0107,41.3923],[-113.0175,41.3997],[-113.022,41.414],[-113.0281,41.421],[-113.019,41.4228],[-113.0128,41.4313],[-113.0071,41.4335],[-113.0063,41.4379],[-113.0127,41.4454],[-113.019,41.4475],[-113.0287,41.4464],[-113.0413,41.4522],[-113.0564,41.469],[-113.0584,41.4789]]]}},{"type":"Feature","properties":{"huc10":"1602030819","name":"Carrington Bay-Frontal Great Salt Lake"},"geometry":{"type":"Polygon","coordinates":[[[-112.8486,41.2113],[-112.8487,41.2163],[-112.853,41.2233],[-112.8584,41.2183],[-112.8584,41.2121],[-112.8669,41.2067],[-112.8631,41.2016],[-112.8701,41.1919],[-112.8709,41.1862],[-112.8765,41.1829],[-112.8753,41.1764],[-112.8885,41.1615],[-112.8899,41.1542],[-112.8944,41.151],[-112.8963,41.1395],[-112.8901,41.1344],[-112.8883,41.1243],[-112.8813,41.1165],[-112.8865,41.1071],[-112.8817,41.0981],[-112.8843,41.0905],[-112.8792,41.0852],[-112.8891,41.0772],[-112.8892,41.072],[-112.8941,41.0656],[-112.8908,41.0624],[-112.9047,41.0389],[-112.9055,41.0224],[-112.9029,41.0184],[-112.8961,41.0191],[-112.8947,41.0072],[-112.8931,41.0033],[-112.8898,41.003],[-112.8889,40.995],[-112.8771,40.9905],[-112.8765,40.9859],[-112.8684,40.9835],[-112.8605,40.9709],[-112.854,40.9522],[-112.8436,40.9453],[-112.8394,40.945],[-112.8382,40.9424],[-112.8305,40.9402],[-112.8351,40.9366],[-112.8408,40.9359],[-112.8384,40.9325],[-112.8402,40.9269],[-112.8349,40.9186],[-112.8369,40.9139],[-112.8349,40.9053],[-112.8251,40.8925],[-112.8241,40.884],[-112.8201,40.8801],[-112.8211,40.8695],[-112.8121,40.8644],[-112.8132,40.8572],[-112.8083,40.85],[-112.8005,40.848],[-112.7953,40.8429],[-112.7832,40.8409],[-112.7831,40.8373],[-112.7782,40.836],[-112.7779,40.8271],[-112.7719,40.8234],[-112.7689,40.8253],[-112.7585,40.8223],[-112.7562,40.8182],[-112.7495,40.8147],[-112.7485,40.8108],[-112.7448,40.8095],[-112.7428,40.8027],[-112.7386,40.7983],[-112.7322,40.8007],[-112.7276,40.8145],[-112.7204,40.8132],[-112.7096,40.8038],[-112.6964,40.8025],[-112.6838,40.8076],[-112.6611,40.8236],[-112.6373,40.8224],[-112.6209,40.8132],[-112.6202,40.8156],[-112.6263,40.8283],[-112.6208,40.8329],[-112.6284,40.8407],[-112.6315,40.8497],[-112.6454,40.866],[-112.6454,40.8698],[-112.6553,40.8709],[-112.6606,40.8749],[-112.6793,40.8998],[-112.6768,40.9047],[-112.6533,40.9084],[-112.6407,40.9075],[-112.6495,40.912],[-112.6637,40.9119],[-112.6516,40.9157],[-112.6576,40.9281],[-112.6586,40.9424],[-112.6723,40.9496],[-112.6793,40.9492],[-112.6854,40.9441],[-112.7037,40.9437],[-112.7111,40.9526],[-112.7543,40.9687],[-112.7597,40.9738],[-112.7727,41.0011],[-112.7683,41.0082],[-112.7624,41.0107],[-112.7668,41.0153],[-112.7673,41.0204],[-112.7741,41.0242],[-112.7775,41.0294],[-112.777,41.043],[-112.7802,41.0446],[-112.7852,41.0664],[-112.7921,41.0765],[-112.7999,41.098],[-112.7996,41.1137],[-112.8053,41.1325],[-112.8026,41.1357],[-112.8112,41.1406],[-112.8194,41.1552],[-112.8251,41.1589],[-112.8167,41.1722],[-112.8186,41.1873],[-112.8322,41.1975],[-112.8312,41.2065],[-112.8486,41.2113]]]}},{"type":"Feature","properties":{"huc10":"1602031002","name":"Great Salt Lake"},"geometry":{"type":"Polygon","coordinates":[[[-112.8399,41.6992],[-112.8422,41.7009],[-112.8438,41.6983],[-112.8627,41.6971],[-112.8671,41.6899],[-112.8643,41.678],[-112.8895,41.6778],[-112.8962,41.6709],[-112.8877,41.6692],[-112.888,41.6673],[-112.8922,41.667],[-112.8939,41.663],[-112.9092,41.6531],[-112.9239,41.6474],[-112.9555,41.6463],[-112.9724,41.6417],[-112.9928,41.6465],[-113.005,41.6451],[-113.0196,41.6362],[-113.0282,41.624],[-113.0293,41.6155],[-113.0261,41.6037],[-113.0281,41.6008],[-113.0332,41.6021],[-113.0364,41.5982],[-113.0268,41.591],[-113.0279,41.5896],[-113.0327,41.5917],[-113.0405,41.5833],[-113.0366,41.577],[-113.0172,41.5704],[-113.0307,41.5703],[-113.0369,41.5632],[-113.034,41.5572],[-113.0243,41.5509],[-113.0256,41.5537],[-113.0234,41.5537],[-113.0215,41.5497],[-113.0313,41.5476],[-113.0528,41.5242],[-113.0644,41.5177],[-113.0644,41.5147],[-113.0696,41.5196],[-113.0727,41.5131],[-113.0656,41.488],[-113.0573,41.4778],[-113.0564,41.469],[-113.0451,41.4586],[-113.0444,41.4553],[-113.0287,41.4464],[-113.019,41.4475],[-113.0121,41.4451],[-113.0063,41.4379],[-113.0071,41.4335],[-113.0128,41.4313],[-113.019,41.4228],[-113.0281,41.421],[-113.022,41.414],[-113.0175,41.3997],[-113.0108,41.3925],[-113.0093,41.3876],[-113.0087,41.3752],[-112.9997,41.3373],[-113.0015,41.3138],[-113.0189,41.2957],[-113.0305,41.2943],[-113.0323,41.2878],[-113.0222,41.272],[-113.0149,41.2671],[-113.0091,41.2672],[-113.0061,41.2593],[-112.994,41.2584],[-112.9888,41.2527],[-112.9824,41.2538],[-112.9813,41.2513],[-112.9712,41.2475],[-112.954,41.2456],[-112.9505,41.2514],[-112.9522,41.2575],[-112.9494,41.2595],[-112.9581,41.2701],[-112.9531,41.2725],[-112.9409,41.2696],[-112.9436,41.2691],[-112.9426,41.2674],[-112.9251,41.2632],[-112.92,41.2581],[-112.9087,41.2552],[-112.9025,41.2503],[-112.8857,41.2562],[-112.8771,41.2469],[-112.8674,41.2489],[-112.8634,41.2462],[-112.8774,41.2391],[-112.8768,41.2299],[-112.8721,41.2268],[-112.8837,41.2251],[-112.8692,41.2259],[-112.853,41.2233],[-112.8487,41.2163],[-112.8484,41.2111],[-112.8312,41.2065],[-112.8322,41.1975],[-112.8186,41.1873],[-112.8167,41.1722],[-112.8251,41.1589],[-112.8194,41.1552],[-112.8112,41.1406],[-112.8026,41.1357],[-112.8053,41.1325],[-112.7996,41.1137],[-112.7999,41.098],[-112.7921,41.0765],[-112.7852,41.0664],[-112.7802,41.0446],[-112.777,41.043],[-112.7775,41.0294],[-112.7741,41.0242],[-112.7673,41.0204],[-112.7668,41.0153],[-112.7624,41.0107],[-112.7683,41.0082],[-112.7727,41.0011],[-112.7597,40.9738],[-112.7543,40.9687],[-112.7111,40.9526],[-112.7037,40.9437],[-112.6854,40.9441],[-112.6793,40.9492],[-112.6723,40.9496],[-112.6586,40.9424],[-112.6576,40.9281],[-112.6516,40.9157],[-112.6637,40.9119],[-112.6495,40.912],[-112.6407,40.9075],[-112.6533,40.9084],[-112.6768,40.9047],[-112.6793,40.8998],[-112.6606,40.8749],[-112.6553,40.8709],[-112.6454,40.8698],[-112.6454,40.866],[-112.636,40.8563],[-112.6282,40.8403],[-112.6208,40.8329],[-112.6263,40.8283],[-112.6202,40.8156],[-112.6209,40.8132],[-112.6279,40.813],[-112.6349,40.8168],[-112.6376,40.8169],[-112.6375,40.8147],[-112.6397,40.8185],[-112.6415,40.818],[-112.6339,40.8032],[-112.6161,40.7906],[-112.6121,40.7852],[-112.6073,40.7824],[-112.5768,40.7824],[-112.5735,40.7843],[-112.5773,40.7882],[-112.5752,40.8019],[-112.566,40.8076],[-112.5668,40.8116],[-112.5651,40.8131],[-112.5642,40.8108],[-112.5601,40.8154],[-112.5507,40.8301],[-112.5536,40.8666],[-112.5508,40.8698],[-112.5468,40.8894],[-112.5415,40.8968],[-112.5469,40.8985],[-112.5338,40.9058],[-112.5281,40.9149],[-112.5176,40.9211],[-112.5101,40.9328],[-112.5068,40.925],[-112.5014,40.9223],[-112.503,40.9141],[-112.5003,40.91],[-112.501,40.907],[-112.4954,40.9002],[-112.4948,40.8901],[-112.4792,40.8768],[-112.4793,40.8626],[-112.4706,40.845],[-112.4693,40.8362],[-112.4719,40.8285],[-112.4626,40.8217],[-112.4695,40.8151],[-112.4722,40.8083],[-112.4676,40.7966],[-112.4577,40.7869],[-112.4485,40.7902],[-112.4474,40.7884],[-112.4525,40.7862],[-112.4531,40.7831],[-112.44,40.7693],[-112.4354,40.7602],[-112.4155,40.7541],[-112.4117,40.7471],[-112.3822,40.7396],[-112.4068,40.7306],[-112.4067,40.7282],[-112.4005,40.7237],[-112.4039,40.7156],[-112.4095,40.7099],[-112.4082,40.7064],[-112.4033,40.7056],[-112.3964,40.6958],[-112.3953,40.682],[-112.3872,40.6724],[-112.3621,40.666],[-112.3587,40.6702],[-112.258,40.7057],[-112.2274,40.7238],[-112.2281,40.7256],[-112.2213,40.726],[-112.2228,40.7282],[-112.2181,40.7273],[-112.1978,40.7388],[-112.1881,40.7491],[-112.18,40.7654],[-112.1747,40.7659],[-112.1743,40.7697],[-112.1712,40.769],[-112.1701,40.772],[-112.1737,40.7737],[-112.173,40.7757],[-112.1656,40.7747],[-112.141,40.7971],[-112.1385,40.8018],[-112.1426,40.8117],[-112.1393,40.821],[-112.1409,40.8233],[-112.1364,40.8274],[-112.1409,40.8362],[-112.1488,40.8385],[-112.1503,40.8433],[-112.1548,40.8445],[-112.1586,40.8497],[-112.1619,40.8484],[-112.1616,40.8438],[-112.1653,40.8432],[-112.1681,40.8461],[-112.167,40.8501],[-112.1745,40.8472],[-112.1838,40.849],[-112.1931,40.8622],[-112.2082,40.8703],[-112.2136,40.883],[-112.2182,40.8851],[-112.2194,40.8954],[-112.2246,40.9003],[-112.2281,40.9192],[-112.2381,40.9316],[-112.2446,40.9348],[-112.247,40.9405],[-112.2543,40.9478],[-112.2512,40.9529],[-112.2541,40.9569],[-112.2481,40.974],[-112.2503,40.9774],[-112.2471,40.9806],[-112.2488,40.984],[-112.2536,40.9844],[-112.2502,40.9897],[-112.2513,40.9936],[-112.242,40.9987],[-112.2391,41.0066],[-112.2398,41.0165],[-112.2473,41.0246],[-112.2705,41.0277],[-112.2779,41.0393],[-112.2749,41.0423],[-112.2615,41.041],[-112.2524,41.0469],[-112.2482,41.0532],[-112.2545,41.0602],[-112.2379,41.0594],[-112.2308,41.0467],[-112.2024,41.0412],[-112.1934,41.0316],[-112.1939,41.0257],[-112.1857,41.0201],[-112.1925,41.0157],[-112.1903,41.0105],[-112.1963,41.0054],[-112.1969,40.996],[-112.1823,40.9791],[-112.1729,40.9608],[-112.1591,40.953],[-112.1503,40.9404],[-112.1519,40.938],[-112.1497,40.941],[-112.1463,40.938],[-112.1521,40.9364],[-112.1547,40.9391],[-112.1588,40.9382],[-112.1667,40.9179],[-112.169,40.8978],[-112.1655,40.8936],[-112.1672,40.8828],[-112.1642,40.8842],[-112.1723,40.8712],[-112.1729,40.8675],[-112.1699,40.8664],[-112.1734,40.8623],[-112.1679,40.8608],[-112.1614,40.8649],[-112.1663,40.8524],[-112.1702,40.8535],[-112.1652,40.85],[-112.1658,40.8452],[-112.1631,40.85],[-112.1643,40.8547],[-112.1535,40.8614],[-112.1579,40.8727],[-112.1547,40.8845],[-112.1543,40.9028],[-112.1494,40.9022],[-112.1467,40.8971],[-112.1388,40.8914],[-112.1352,40.8832],[-112.1185,40.8769],[-112.1172,40.8743],[-112.1034,40.8734],[-112.1069,40.871],[-112.0931,40.8713],[-112.0878,40.8725],[-112.093,40.8783],[-112.0837,40.8786],[-112.0823,40.8848],[-112.0769,40.8869],[-112.0752,40.884],[-112.0704,40.8837],[-112.069,40.8884],[-112.0525,40.8922],[-112.0496,40.8965],[-112.0389,40.8969],[-112.0375,40.899],[-112.0292,40.9],[-112.0298,40.9023],[-112.0194,40.9015],[-112.0074,40.8967],[-112.0039,40.8969],[-112.0061,40.8987],[-112.0045,40.899],[-112.0001,40.8977],[-112.0022,40.9009],[-111.9937,40.9008],[-112.0004,40.9061],[-111.9857,40.9067],[-111.9787,40.9109],[-111.9855,40.9135],[-111.9809,40.915],[-111.9832,40.9165],[-111.9819,40.9178],[-111.9763,40.9126],[-111.9768,40.9191],[-111.9717,40.9207],[-111.966,40.9271],[-111.9562,40.9286],[-111.967,40.9283],[-111.9838,40.9184],[-111.9939,40.9236],[-111.9881,40.9286],[-111.9811,40.9257],[-111.9793,40.9301],[-111.9735,40.9287],[-111.9725,40.9324],[-111.9756,40.9348],[-111.9733,40.9357],[-111.9731,40.9403],[-111.9716,40.9344],[-111.9662,40.9293],[-111.9639,40.935],[-111.9576,40.9395],[-111.9613,40.9325],[-111.9561,40.9317],[-111.9533,40.9344],[-111.9485,40.9314],[-111.9479,40.9185],[-111.9436,40.9204],[-111.9411,40.9192],[-111.9408,40.9218],[-111.9322,40.9238],[-111.931,40.9252],[-111.934,40.9273],[-111.9303,40.9291],[-111.9321,40.9298],[-111.9287,40.9312],[-111.9289,40.9331],[-111.9179,40.9382],[-111.9134,40.9431],[-111.915,40.9453],[-111.9095,40.946],[-111.932,40.9565],[-111.9397,40.9694],[-111.9447,40.984],[-111.9487,40.988],[-111.9516,40.9877],[-111.952,40.9901],[-111.956,40.9913],[-111.9635,40.9887],[-111.9665,40.9917],[-111.9692,40.9868],[-111.9727,40.986],[-111.9765,40.9928],[-111.9836,40.994],[-112.0025,40.9841],[-112.0346,40.9877],[-112.0492,40.9922],[-112.0576,41.0064],[-112.0573,41.0109],[-112.0657,41.0218],[-112.0977,41.0356],[-112.1043,41.0494],[-112.1197,41.0642],[-112.1269,41.0896],[-112.1336,41.0949],[-112.1398,41.1094],[-112.1499,41.1142],[-112.1491,41.1161],[-112.1516,41.1143],[-112.1544,41.1182],[-112.1578,41.1175],[-112.1628,41.1219],[-112.1679,41.1226],[-112.1811,41.1332],[-112.1918,41.1559],[-112.202,41.1546],[-112.2064,41.1569],[-112.2051,41.1623],[-112.1985,41.1667],[-112.2043,41.1737],[-112.2078,41.1741],[-112.204,41.176],[-112.2084,41.1766],[-112.21,41.1803],[-112.2148,41.1793],[-112.2183,41.1822],[-112.2182,41.1875],[-112.2266,41.1929],[-112.2255,41.1949],[-112.2305,41.1972],[-112.2408,41.2122],[-112.2472,41.2117],[-112.2504,41.2139],[-112.2489,41.2188],[-112.2508,41.2217],[-112.2579,41.2235],[-112.2706,41.2323],[-112.2691,41.2362],[-112.2749,41.2461],[-112.276,41.2553],[-112.2862,41.2644],[-112.2891,41.2699],[-112.2922,41.2854],[-112.2884,41.3109],[-112.2845,41.3207],[-112.2761,41.3294],[-112.2724,41.3371],[-112.263,41.3452],[-112.2576,41.363],[-112.2505,41.3653],[-112.2458,41.3642],[-112.2428,41.3613],[-112.2389,41.3618],[-112.2368,41.3566],[-112.2047,41.3596],[-112.178,41.3583],[-112.1646,41.3632],[-112.1654,41.3662],[-112.1629,41.3633],[-112.1332,41.369],[-112.132,41.3791],[-112.0718,41.4175],[-112.0711,41.4206],[-112.0821,41.4264],[-112.0874,41.4228],[-112.1356,41.4219],[-112.1441,41.4141],[-112.1596,41.419],[-112.1774,41.4086],[-112.1779,41.4046],[-112.1719,41.4036],[-112.1746,41.4001],[-112.1923,41.4027],[-112.1962,41.4],[-112.1948,41.3987],[-112.1973,41.3983],[-112.1968,41.3956],[-112.2048,41.3915],[-112.2176,41.3895],[-112.2342,41.3929],[-112.2368,41.3915],[-112.2358,41.3935],[-112.2506,41.3902],[-112.2558,41.3913],[-112.2666,41.3844],[-112.2857,41.3624],[-112.2951,41.3589],[-112.3029,41.3614],[-112.3114,41.3701],[-112.3162,41.3836],[-112.3163,41.3927],[-112.3202,41.3973],[-112.3242,41.395],[-112.322,41.4013],[-112.3341,41.3996],[-112.3331,41.4054],[-112.3361,41.4046],[-112.3326,41.4081],[-112.3322,41.4123],[-112.3359,41.4123],[-112.3346,41.4156],[-112.3417,41.4181],[-112.3471,41.4149],[-112.3455,41.4178],[-112.3473,41.4229],[-112.3503,41.4181],[-112.3556,41.4165],[-112.3556,41.4263],[-112.3599,41.4326],[-112.3693,41.4305],[-112.3711,41.4344],[-112.3786,41.4349],[-112.3705,41.4407],[-112.3764,41.439],[-112.3769,41.4431],[-112.3796,41.4424],[-112.3778,41.4481],[-112.3809,41.4436],[-112.3854,41.4452],[-112.381,41.448],[-112.3883,41.4461],[-112.3839,41.4499],[-112.3874,41.4495],[-112.3836,41.4511],[-112.3871,41.4502],[-112.3878,41.4543],[-112.385,41.4563],[-112.3835,41.4536],[-112.3784,41.4565],[-112.3777,41.4586],[-112.3804,41.4578],[-112.3792,41.4604],[-112.381,41.4599],[-112.3707,41.4639],[-112.3738,41.4644],[-112.3656,41.4717],[-112.3571,41.4711],[-112.3411,41.4743],[-112.3427,41.4848],[-112.3697,41.4708],[-112.3754,41.4706],[-112.3731,41.476],[-112.3848,41.4722],[-112.3962,41.4626],[-112.4163,41.4515],[-112.4083,41.4481],[-112.4178,41.4497],[-112.4215,41.4424],[-112.4232,41.4297],[-112.4145,41.4075],[-112.4028,41.4028],[-112.3975,41.3937],[-112.4025,41.3879],[-112.4069,41.3675],[-112.4151,41.3661],[-112.4194,41.3624],[-112.4203,41.3554],[-112.4168,41.3478],[-112.4096,41.3445],[-112.4065,41.3384],[-112.4015,41.338],[-112.4006,41.3354],[-112.4045,41.3345],[-112.4008,41.3311],[-112.3998,41.3156],[-112.3956,41.3117],[-112.3972,41.3097],[-112.3935,41.3075],[-112.3889,41.2928],[-112.3816,41.2904],[-112.384,41.2899],[-112.3839,41.284],[-112.3777,41.273],[-112.3944,41.2671],[-112.3969,41.2571],[-112.4038,41.2494],[-112.4049,41.2444],[-112.3973,41.2359],[-112.3979,41.2328],[-112.3963,41.2333],[-112.4061,41.221],[-112.4225,41.2174],[-112.4254,41.2129],[-112.4235,41.2076],[-112.429,41.2042],[-112.4634,41.2097],[-112.4823,41.2154],[-112.4922,41.2346],[-112.4907,41.2358],[-112.4958,41.2456],[-112.4957,41.2509],[-112.5018,41.2516],[-112.4993,41.2535],[-112.4955,41.2524],[-112.4977,41.2575],[-112.5005,41.2589],[-112.4992,41.2553],[-112.503,41.2539],[-112.4995,41.2603],[-112.5075,41.2673],[-112.5092,41.272],[-112.5061,41.2807],[-112.509,41.2865],[-112.5072,41.291],[-112.5098,41.2993],[-112.4988,41.3102],[-112.4953,41.3289],[-112.5002,41.3365],[-112.5113,41.3383],[-112.5334,41.3484],[-112.5322,41.3503],[-112.5367,41.3651],[-112.5364,41.3822],[-112.5425,41.3936],[-112.5387,41.3999],[-112.5386,41.4058],[-112.5417,41.4163],[-112.5424,41.4139],[-112.5458,41.4195],[-112.5436,41.4217],[-112.5525,41.4219],[-112.5481,41.4266],[-112.5522,41.4292],[-112.5542,41.4353],[-112.5681,41.4358],[-112.5734,41.4435],[-112.5792,41.4433],[-112.5831,41.447],[-112.5882,41.4462],[-112.5941,41.4486],[-112.6088,41.4479],[-112.6084,41.4459],[-112.5974,41.4432],[-112.6047,41.4408],[-112.611,41.4345],[-112.6217,41.4288],[-112.6255,41.4342],[-112.6304,41.4363],[-112.6422,41.4362],[-112.6516,41.4327],[-112.6676,41.4383],[-112.6794,41.4541],[-112.7246,41.4716],[-112.7276,41.4838],[-112.7439,41.501],[-112.7468,41.5112],[-112.7559,41.516],[-112.7626,41.5161],[-112.7622,41.5222],[-112.7656,41.5259],[-112.7701,41.5267],[-112.7742,41.5384],[-112.7825,41.5405],[-112.7811,41.5508],[-112.7872,41.5531],[-112.7906,41.5505],[-112.7993,41.561],[-112.7927,41.5677],[-112.7898,41.5644],[-112.784,41.5665],[-112.787,41.573],[-112.7835,41.5834],[-112.7699,41.591],[-112.7602,41.6072],[-112.7665,41.6148],[-112.7697,41.6149],[-112.7706,41.612],[-112.7719,41.6156],[-112.7748,41.6133],[-112.7744,41.6184],[-112.7895,41.6174],[-112.7547,41.6265],[-112.7481,41.6327],[-112.7468,41.6388],[-112.7397,41.6441],[-112.7434,41.6563],[-112.7464,41.6557],[-112.7542,41.6635],[-112.761,41.6664],[-112.7635,41.6717],[-112.7906,41.6883],[-112.8067,41.6896],[-112.8118,41.6916],[-112.812,41.6959],[-112.8209,41.6988],[-112.8341,41.7008],[-112.8399,41.6992]]]}},{"type":"Feature","properties":{"huc10":"1601020103","name":"Outlet Bear Lake"},"geometry":{"type":"Polygon","coordinates":[[[-111.3574,42.3142],[-111.3574,42.3213],[-111.363,42.3147],[-111.3593,42.3135],[-111.3597,42.3052],[-111.3905,42.2843],[-111.4082,42.2782],[-111.4178,42.2651],[-111.4271,42.2617],[-111.4298,42.2573],[-111.4549,42.2477],[-111.4586,42.2477],[-111.4606,42.2522],[-111.4773,42.2532],[-111.4889,42.2512],[-111.4937,42.2609],[-111.508,42.2556],[-111.5226,42.2595],[-111.5286,42.2566],[-111.5346,42.2438],[-111.5541,42.2417],[-111.5567,42.2476],[-111.5544,42.2547],[-111.5556,42.2587],[-111.5727,42.2701],[-111.5913,42.2628],[-111.5964,42.2564],[-111.5971,42.2491],[-111.6097,42.2503],[-111.6124,42.2482],[-111.6146,42.2455],[-111.6129,42.237],[-111.6144,42.2255],[-111.6262,42.2087],[-111.6262,42.1929],[-111.6232,42.1881],[-111.6158,42.1843],[-111.6107,42.1566],[-111.5871,42.1419],[-111.5921,42.1316],[-111.5904,42.124],[-111.5944,42.1167],[-111.5935,42.1138],[-111.6007,42.1069],[-111.597,42.0958],[-111.5871,42.0925],[-111.5807,42.0946],[-111.5727,42.0851],[-111.566,42.0831],[-111.5576,42.0845],[-111.5491,42.0775],[-111.54,42.0751],[-111.5359,42.0771],[-111.5219,42.0744],[-111.5159,42.0688],[-111.5018,42.0785],[-111.4928,42.0788],[-111.475,42.0845],[-111.4688,42.0822],[-111.4583,42.084],[-111.4563,42.0887],[-111.4442,42.0954],[-111.4418,42.1022],[-111.4305,42.106],[-111.4182,42.1062],[-111.4105,42.1114],[-111.3664,42.1134],[-111.347,42.1198],[-111.3139,42.1228],[-111.2807,42.116],[-111.2707,42.1116],[-111.2669,42.107],[-111.2596,42.1113],[-111.2543,42.1319],[-111.2506,42.1379],[-111.2364,42.1369],[-111.2316,42.134],[-111.2272,42.1434],[-111.2243,42.1626],[-111.2171,42.1762],[-111.2279,42.181],[-111.2275,42.1842],[-111.2302,42.1867],[-111.2299,42.2074],[-111.2479,42.2263],[-111.2661,42.2334],[-111.2719,42.2386],[-111.278,42.2404],[-111.2785,42.244],[-111.2858,42.2461],[-111.2953,42.2444],[-111.3091,42.2523],[-111.3308,42.2522],[-111.3438,42.2568],[-111.3553,42.2571],[-111.3532,42.2607],[-111.3529,42.2869],[-111.3577,42.2926],[-111.351,42.2967],[-111.3494,42.3003],[-111.3543,42.3065],[-111.3514,42.3086],[-111.3576,42.3117],[-111.3574,42.3142]]]}},{"type":"Feature","properties":{"huc10":"1602030401","name":"East Government Creek"},"geometry":{"type":"Polygon","coordinates":[[[-112.3761,40.2374],[-112.3773,40.2481],[-112.367,40.2629],[-112.376,40.2773],[-112.3878,40.2882],[-112.393,40.2768],[-112.4061,40.2683],[-112.4737,40.2384],[-112.4959,40.2361],[-112.5034,40.232],[-112.5057,40.2268],[-112.5149,40.2229],[-112.5152,40.2188],[-112.521,40.219],[-112.5306,40.2275],[-112.5381,40.2284],[-112.5505,40.2406],[-112.5646,40.2292],[-112.5687,40.2287],[-112.5528,40.1987],[-112.5536,40.1944],[-112.5432,40.1807],[-112.5422,40.1748],[-112.5535,40.1654],[-112.5566,40.1566],[-112.5602,40.1538],[-112.561,40.1451],[-112.5633,40.1426],[-112.5636,40.1261],[-112.5607,40.1214],[-112.5709,40.109],[-112.5656,40.0983],[-112.5707,40.0941],[-112.5681,40.0836],[-112.5703,40.0756],[-112.5686,40.0739],[-112.5728,40.0668],[-112.5809,40.066],[-112.5844,40.0556],[-112.5778,40.0526],[-112.5789,40.0478],[-112.5747,40.0407],[-112.5661,40.0344],[-112.5674,40.0295],[-112.5612,40.0214],[-112.5527,40.0157],[-112.5407,39.9848],[-112.5329,39.9824],[-112.5282,39.9741],[-112.5166,39.9721],[-112.4983,39.96],[-112.4889,39.9611],[-112.4798,39.9586],[-112.4811,39.9527],[-112.4586,39.9423],[-112.4567,39.938],[-112.4455,39.9377],[-112.4403,39.9346],[-112.4417,39.9306],[-112.4378,39.9251],[-112.4236,39.9299],[-112.4138,39.9261],[-112.4219,39.9198],[-112.4207,39.916],[-112.408,39.9057],[-112.4123,39.9029],[-112.4118,39.8959],[-112.4084,39.8954],[-112.4098,39.8915],[-112.3958,39.8889],[-112.3934,39.8857],[-112.3939,39.8808],[-112.3832,39.884],[-112.3792,39.8901],[-112.3733,39.8869],[-112.3624,39.8873],[-112.3584,39.8805],[-112.3504,39.8891],[-112.3442,39.8902],[-112.3464,39.8957],[-112.3417,39.9035],[-112.3432,39.9105],[-112.3353,39.9235],[-112.3398,39.9434],[-112.3345,39.9459],[-112.3322,39.9527],[-112.3428,39.9652],[-112.3481,39.9663],[-112.362,39.9795],[-112.3715,39.9813],[-112.3758,40.0008],[-112.3835,40.0024],[-112.3863,40.0064],[-112.376,40.0129],[-112.3737,40.0176],[-112.3898,40.0247],[-112.3882,40.0308],[-112.3903,40.0324],[-112.3788,40.0375],[-112.3801,40.0442],[-112.3724,40.0488],[-112.3759,40.0539],[-112.3727,40.0635],[-112.3688,40.0675],[-112.3713,40.0719],[-112.3678,40.0758],[-112.3702,40.0828],[-112.3748,40.0861],[-112.381,40.0978],[-112.371,40.1022],[-112.3688,40.1054],[-112.3696,40.1109],[-112.3744,40.1137],[-112.3785,40.1209],[-112.383,40.1221],[-112.3839,40.1263],[-112.3821,40.1275],[-112.3902,40.1395],[-112.3886,40.1416],[-112.3898,40.154],[-112.3963,40.1618],[-112.3926,40.1823],[-112.3944,40.1863],[-112.3901,40.1902],[-112.3855,40.2052],[-112.3781,40.2105],[-112.3704,40.2306],[-112.3752,40.2333],[-112.3761,40.2374]]]}},{"type":"Feature","properties":{"huc10":"1602030504","name":"Town of Delle"},"geometry":{"type":"Polygon","coordinates":[[[-112.8203,40.8751],[-112.8205,40.8809],[-112.8242,40.884],[-112.8334,40.8763],[-112.8524,40.8726],[-112.8758,40.8591],[-112.9011,40.8568],[-112.9004,40.852],[-112.8932,40.8452],[-112.8974,40.8336],[-112.9037,40.8302],[-112.9059,40.8258],[-112.8999,40.8088],[-112.8908,40.804],[-112.8894,40.7999],[-112.898,40.7975],[-112.8988,40.7928],[-112.905,40.7917],[-112.9069,40.7846],[-112.9017,40.7763],[-112.9059,40.7704],[-112.9021,40.7657],[-112.9042,40.7579],[-112.8966,40.7539],[-112.8941,40.7469],[-112.8975,40.7454],[-112.8989,40.7411],[-112.897,40.736],[-112.908,40.7275],[-112.9101,40.7169],[-112.9195,40.711],[-112.9282,40.7102],[-112.9386,40.6998],[-112.9431,40.701],[-112.941,40.6974],[-112.9442,40.6958],[-112.9423,40.6923],[-112.946,40.6904],[-112.9481,40.6784],[-112.9424,40.6675],[-112.9439,40.6619],[-112.9417,40.6587],[-112.9463,40.6523],[-112.944,40.6422],[-112.9505,40.6337],[-112.9515,40.6185],[-112.9546,40.6136],[-112.9532,40.6067],[-112.9587,40.6035],[-112.957,40.5998],[-112.9608,40.5962],[-112.962,40.5866],[-112.965,40.5826],[-112.9655,40.5776],[-112.9615,40.5726],[-112.9635,40.5599],[-112.9617,40.5577],[-112.9675,40.549],[-112.9672,40.5455],[-112.9527,40.5448],[-112.9473,40.5413],[-112.9281,40.5406],[-112.9135,40.5448],[-112.8591,40.5517],[-112.8079,40.5542],[-112.8011,40.5567],[-112.7893,40.5689],[-112.7995,40.5859],[-112.79,40.5971],[-112.7846,40.6188],[-112.7715,40.6272],[-112.7765,40.6365],[-112.7839,40.6415],[-112.7831,40.6497],[-112.7853,40.6528],[-112.7834,40.6556],[-112.7861,40.6687],[-112.7854,40.6706],[-112.7754,40.6727],[-112.7724,40.6773],[-112.7682,40.7047],[-112.7702,40.7152],[-112.7627,40.7259],[-112.7631,40.7391],[-112.7568,40.7421],[-112.7567,40.7468],[-112.7497,40.7482],[-112.7453,40.757],[-112.7369,40.7527],[-112.7242,40.7557],[-112.7222,40.7596],[-112.7249,40.7634],[-112.7251,40.7741],[-112.7334,40.7773],[-112.7448,40.8095],[-112.7606,40.8234],[-112.7689,40.8253],[-112.7719,40.8234],[-112.7777,40.8269],[-112.7782,40.836],[-112.7831,40.8373],[-112.7839,40.8413],[-112.7953,40.8429],[-112.8005,40.848],[-112.8083,40.85],[-112.8132,40.8572],[-112.8121,40.8644],[-112.8212,40.8697],[-112.8203,40.8751]]]}},{"type":"Feature","properties":{"huc10":"1602030505","name":"Skull Valley-Frontal Great Salt Lake"},"geometry":{"type":"Polygon","coordinates":[[[-112.6317,40.8199],[-112.6395,40.8229],[-112.6611,40.8236],[-112.6838,40.8076],[-112.6964,40.8025],[-112.7096,40.8038],[-112.7204,40.8132],[-112.7273,40.8146],[-112.7314,40.8079],[-112.7301,40.8042],[-112.7325,40.8003],[-112.7361,40.7978],[-112.7408,40.7988],[-112.7412,40.7955],[-112.7334,40.7773],[-112.7251,40.7741],[-112.7227,40.7567],[-112.7369,40.7527],[-112.7453,40.757],[-112.7497,40.7482],[-112.7567,40.7468],[-112.7568,40.7421],[-112.7631,40.7391],[-112.7627,40.7259],[-112.7702,40.7152],[-112.7682,40.7047],[-112.7724,40.6773],[-112.7754,40.6727],[-112.7854,40.6706],[-112.7861,40.6687],[-112.7834,40.6556],[-112.7853,40.6528],[-112.7831,40.6497],[-112.7839,40.6415],[-112.7765,40.6365],[-112.7715,40.6272],[-112.7846,40.6188],[-112.79,40.5971],[-112.7995,40.5859],[-112.7893,40.5689],[-112.7775,40.5728],[-112.7795,40.5669],[-112.7866,40.5626],[-112.7875,40.5496],[-112.7935,40.5361],[-112.7881,40.5188],[-112.7884,40.5087],[-112.786,40.5061],[-112.7764,40.5037],[-112.771,40.4975],[-112.7573,40.4971],[-112.7274,40.5085],[-112.6985,40.505],[-112.6817,40.497],[-112.6569,40.4979],[-112.6316,40.4887],[-112.6289,40.4957],[-112.6316,40.5009],[-112.6256,40.5164],[-112.6281,40.5282],[-112.623,40.5387],[-112.6232,40.5515],[-112.619,40.5547],[-112.6215,40.5654],[-112.611,40.5755],[-112.6105,40.5818],[-112.6202,40.5831],[-112.6221,40.591],[-112.6164,40.598],[-112.6129,40.6102],[-112.6055,40.619],[-112.6045,40.6339],[-112.5998,40.6412],[-112.6025,40.6441],[-112.6093,40.644],[-112.6157,40.6489],[-112.6163,40.6524],[-112.6258,40.6587],[-112.6311,40.6777],[-112.628,40.6899],[-112.6298,40.6928],[-112.6303,40.7146],[-112.6337,40.719],[-112.6316,40.7275],[-112.6388,40.7319],[-112.6392,40.7373],[-112.652,40.7393],[-112.6625,40.7529],[-112.6562,40.7583],[-112.6508,40.7732],[-112.6441,40.7786],[-112.6346,40.7825],[-112.6075,40.7825],[-112.6339,40.8032],[-112.6413,40.8184],[-112.6375,40.8147],[-112.6376,40.8169],[-112.6349,40.8168],[-112.6279,40.813],[-112.6209,40.8132],[-112.6317,40.8199]]]}},{"type":"Feature","properties":{"huc10":"1602030810","name":"Grayback Hills-Hickman Pass"},"geometry":{"type":"Polygon","coordinates":[[[-113.1021,40.7208],[-113.1105,40.7255],[-113.1255,40.7452],[-113.1336,40.7485],[-113.1399,40.7556],[-113.1459,40.7539],[-113.1478,40.7504],[-113.1455,40.7448],[-113.1483,40.7372],[-113.1415,40.7337],[-113.1416,40.7313],[-113.1473,40.7264],[-113.158,40.725],[-113.1644,40.7207],[-113.1977,40.7182],[-113.1995,40.7153],[-113.1997,40.7207],[-113.2112,40.7206],[-113.2173,40.7093],[-113.229,40.7103],[-113.2349,40.7058],[-113.2416,40.7079],[-113.2514,40.7031],[-113.2579,40.7062],[-113.2582,40.7154],[-113.2689,40.7176],[-113.2716,40.7223],[-113.2702,40.7268],[-113.281,40.7251],[-113.2796,40.7236],[-113.2844,40.7159],[-113.2829,40.7107],[-113.2863,40.7087],[-113.2873,40.7011],[-113.2905,40.6976],[-113.2892,40.6913],[-113.292,40.6912],[-113.2876,40.682],[-113.2915,40.6787],[-113.2918,40.6742],[-113.2894,40.672],[-113.2899,40.6635],[-113.2929,40.6594],[-113.2909,40.6476],[-113.2974,40.6351],[-113.3023,40.6309],[-113.3037,40.6236],[-113.2974,40.6152],[-113.2975,40.6074],[-113.2872,40.5946],[-113.2892,40.5874],[-113.2763,40.585],[-113.2679,40.5896],[-113.2563,40.5829],[-113.2529,40.5848],[-113.2271,40.5802],[-113.2069,40.5844],[-113.1952,40.5822],[-113.1901,40.5875],[-113.1893,40.5962],[-113.1849,40.6017],[-113.1883,40.6115],[-113.1868,40.6145],[-113.1785,40.6207],[-113.1763,40.6275],[-113.1664,40.6294],[-113.1537,40.6239],[-113.1395,40.6244],[-113.1367,40.6183],[-113.1281,40.6159],[-113.1215,40.6168],[-113.1165,40.6224],[-113.1098,40.6229],[-113.0823,40.6103],[-113.0668,40.6066],[-113.0309,40.6094],[-113.0266,40.5997],[-113.0191,40.6015],[-113.0153,40.6075],[-113.0085,40.6104],[-112.9879,40.6038],[-112.9804,40.606],[-112.9587,40.6035],[-112.9532,40.6067],[-112.9546,40.6136],[-112.9515,40.6185],[-112.9505,40.6344],[-112.9617,40.6422],[-112.9702,40.6417],[-112.9962,40.654],[-113.0003,40.6572],[-113.0046,40.6664],[-113.0484,40.6992],[-113.0782,40.7062],[-113.0946,40.7184],[-113.1021,40.7208]]]}},{"type":"Feature","properties":{"huc10":"1602030811","name":"Town of Barro-Frontal Newfoundland Evaporation Basin"},"geometry":{"type":"Polygon","coordinates":[[[-113.3597,41.0062],[-113.3613,41.0081],[-113.362,41.0038],[-113.3673,41.001],[-113.3736,40.9866],[-113.3772,40.9838],[-113.4132,40.971],[-113.4241,40.9636],[-113.4302,40.9535],[-113.4399,40.9114],[-113.4468,40.8982],[-113.4385,40.8988],[-113.4329,40.9019],[-113.4255,40.9094],[-113.4096,40.9343],[-113.3901,40.9467],[-113.3757,40.9455],[-113.3711,40.9416],[-113.3551,40.9441],[-113.347,40.9406],[-113.3139,40.9376],[-113.3096,40.9326],[-113.301,40.9311],[-113.3016,40.9266],[-113.3132,40.9239],[-113.3232,40.9147],[-113.3376,40.9098],[-113.3467,40.91],[-113.3538,40.9158],[-113.3609,40.916],[-113.3841,40.9022],[-113.3914,40.8896],[-113.3917,40.8845],[-113.383,40.8789],[-113.3815,40.874],[-113.3779,40.8744],[-113.3755,40.8718],[-113.3749,40.8623],[-113.3755,40.8569],[-113.3845,40.8483],[-113.3847,40.8443],[-113.3871,40.8458],[-113.3861,40.8478],[-113.3902,40.849],[-113.3905,40.8441],[-113.392,40.8455],[-113.3925,40.8437],[-113.392,40.8485],[-113.3935,40.845],[-113.4009,40.8575],[-113.4083,40.8609],[-113.4141,40.8608],[-113.4204,40.8554],[-113.4719,40.8562],[-113.477,40.8598],[-113.4775,40.8644],[-113.4672,40.8735],[-113.4843,40.8719],[-113.4958,40.8681],[-113.5236,40.8528],[-113.5624,40.7956],[-113.587,40.7771],[-113.5803,40.7668],[-113.5779,40.7503],[-113.5689,40.7403],[-113.5593,40.7218],[-113.5551,40.7185],[-113.5279,40.7105],[-113.5158,40.7017],[-113.5013,40.7021],[-113.4927,40.6995],[-113.4564,40.7122],[-113.4561,40.7155],[-113.4487,40.7173],[-113.4209,40.7166],[-113.4085,40.7138],[-113.4041,40.7092],[-113.3928,40.7167],[-113.3745,40.7194],[-113.3677,40.7154],[-113.3667,40.7044],[-113.3544,40.7065],[-113.3453,40.7039],[-113.34,40.6955],[-113.3422,40.6843],[-113.3393,40.6824],[-113.3354,40.6832],[-113.3272,40.6913],[-113.3207,40.6911],[-113.3204,40.6827],[-113.3016,40.6829],[-113.2909,40.6795],[-113.2876,40.682],[-113.2918,40.6885],[-113.292,40.6912],[-113.2892,40.6913],[-113.2905,40.6976],[-113.2873,40.7011],[-113.2863,40.7087],[-113.2829,40.7107],[-113.2844,40.7159],[-113.2796,40.7236],[-113.2811,40.725],[-113.2776,40.7268],[-113.2702,40.7268],[-113.2716,40.7223],[-113.2689,40.7176],[-113.2582,40.7154],[-113.2579,40.7062],[-113.2514,40.7031],[-113.2416,40.7079],[-113.2349,40.7058],[-113.229,40.7103],[-113.2173,40.7093],[-113.2112,40.7206],[-113.1997,40.7207],[-113.1995,40.7153],[-113.1977,40.7182],[-113.1644,40.7207],[-113.158,40.725],[-113.1454,40.7277],[-113.1412,40.7332],[-113.1484,40.7375],[-113.1455,40.7448],[-113.1478,40.7503],[-113.1467,40.7533],[-113.1512,40.7602],[-113.155,40.7805],[-113.1509,40.7935],[-113.1573,40.8044],[-113.1539,40.8102],[-113.1581,40.8145],[-113.1535,40.8164],[-113.1577,40.8238],[-113.1534,40.8252],[-113.1493,40.8302],[-113.1514,40.837],[-113.1709,40.844],[-113.1746,40.8515],[-113.1563,40.8659],[-113.1452,40.8644],[-113.1384,40.8601],[-113.1214,40.858],[-113.0936,40.8598],[-113.0883,40.8621],[-113.0758,40.8738],[-113.0636,40.89],[-113.0595,40.8918],[-113.0563,40.9039],[-113.0625,40.9167],[-113.0614,40.9247],[-113.0569,40.9306],[-113.0603,40.9404],[-113.0725,40.9401],[-113.0746,40.9417],[-113.0738,40.9446],[-113.0827,40.9494],[-113.0865,40.9491],[-113.0893,40.9408],[-113.1052,40.9296],[-113.134,40.9246],[-113.1355,40.9187],[-113.1486,40.9097],[-113.1566,40.92],[-113.1751,40.9246],[-113.1776,40.9284],[-113.1864,40.929],[-113.1881,40.9369],[-113.198,40.9395],[-113.1988,40.9494],[-113.2054,40.9574],[-113.2032,40.9631],[-113.207,40.9645],[-113.2279,40.9609],[-113.2527,40.9608],[-113.2919,40.9682],[-113.3204,40.9813],[-113.3313,40.9827],[-113.3376,40.9909],[-113.3445,40.9929],[-113.3543,41.0007],[-113.3548,41.0061],[-113.3597,41.0062]]]}},{"type":"Feature","properties":{"huc10":"1601020403","name":"Outlet Malad River"},"geometry":{"type":"Polygon","coordinates":[[[-112.1686,42.095],[-112.1716,42.0956],[-112.1762,42.0913],[-112.1851,42.0892],[-112.2239,42.0939],[-112.2529,42.0924],[-112.2728,42.0808],[-112.2737,42.0762],[-112.2799,42.0753],[-112.2801,42.0692],[-112.2761,42.067],[-112.2764,42.0618],[-112.2875,42.0549],[-112.295,42.0621],[-112.3015,42.0575],[-112.3125,42.0553],[-112.3339,42.0606],[-112.3616,42.056],[-112.3728,42.0615],[-112.3732,42.0645],[-112.3978,42.0647],[-112.3885,42.0537],[-112.391,42.0437],[-112.3828,42.0383],[-112.3796,42.0276],[-112.3809,42.0238],[-112.3644,42.0106],[-112.3659,42.0041],[-112.3632,42.0031],[-112.364,41.9995],[-112.3615,41.9974],[-112.3687,41.9926],[-112.375,41.9925],[-112.3751,41.9879],[-112.3813,41.9804],[-112.3709,41.9637],[-112.3623,41.9575],[-112.3719,41.9516],[-112.3679,41.9405],[-112.3754,41.9367],[-112.3671,41.9321],[-112.368,41.9262],[-112.3797,41.9231],[-112.3833,41.9181],[-112.3876,41.9057],[-112.3844,41.9013],[-112.3889,41.8931],[-112.3834,41.8886],[-112.3688,41.8918],[-112.3696,41.8956],[-112.3609,41.9006],[-112.3512,41.901],[-112.3434,41.9051],[-112.3329,41.9031],[-112.3282,41.8969],[-112.3238,41.8952],[-112.3194,41.9008],[-112.3151,41.9008],[-112.31,41.8942],[-112.3075,41.8856],[-112.2966,41.8868],[-112.2862,41.8753],[-112.2822,41.8737],[-112.2739,41.8577],[-112.2682,41.8561],[-112.2583,41.8591],[-112.2579,41.856],[-112.261,41.8524],[-112.2614,41.839],[-112.2662,41.8393],[-112.2674,41.8344],[-112.2728,41.836],[-112.2775,41.8338],[-112.2785,41.819],[-112.274,41.8117],[-112.276,41.8079],[-112.2513,41.8058],[-112.242,41.7976],[-112.2413,41.7935],[-112.2363,41.7926],[-112.2328,41.7855],[-112.2356,41.7799],[-112.2348,41.7716],[-112.2313,41.7689],[-112.2303,41.7592],[-112.2261,41.7583],[-112.2271,41.7535],[-112.2069,41.7473],[-112.1968,41.7477],[-112.1825,41.7423],[-112.1686,41.7265],[-112.1714,41.7127],[-112.17,41.7054],[-112.1658,41.7012],[-112.162,41.6831],[-112.1667,41.6798],[-112.1677,41.6738],[-112.1627,41.6605],[-112.1668,41.6528],[-112.1773,41.6489],[-112.1806,41.6321],[-112.176,41.6181],[-112.178,41.6111],[-112.1709,41.6003],[-112.1722,41.5961],[-112.1287,41.5912],[-112.1184,41.5854],[-112.1158,41.5904],[-112.1253,41.5991],[-112.1242,41.6058],[-112.129,41.615],[-112.1227,41.6279],[-112.1296,41.6351],[-112.1308,41.6553],[-112.1244,41.6667],[-112.1365,41.6779],[-112.1436,41.696],[-112.137,41.72],[-112.1434,41.7256],[-112.1433,41.7363],[-112.1346,41.7433],[-112.126,41.7582],[-112.1256,41.7701],[-112.1194,41.7781],[-112.1198,41.7891],[-112.1087,41.8059],[-112.0993,41.8113],[-112.0891,41.8118],[-112.0839,41.8145],[-112.0816,41.8288],[-112.0628,41.8491],[-112.0645,41.8582],[-112.0737,41.8629],[-112.064,41.8674],[-112.0638,41.8752],[-112.0856,41.9033],[-112.1047,41.9106],[-112.1182,41.9231],[-112.1228,41.9298],[-112.125,41.9428],[-112.1343,41.9591],[-112.1376,41.9638],[-112.1427,41.9638],[-112.1453,41.9679],[-112.1509,41.9704],[-112.1544,41.9861],[-112.1579,41.9914],[-112.1661,41.996],[-112.1523,42.0034],[-112.1435,42.0161],[-112.1448,42.0199],[-112.1488,42.0217],[-112.1519,42.0298],[-112.1523,42.0589],[-112.156,42.0602],[-112.163,42.0717],[-112.1605,42.0745],[-112.1623,42.0778],[-112.1566,42.0778],[-112.1535,42.08],[-112.1533,42.0833],[-112.1599,42.0884],[-112.1588,42.0917],[-112.1686,42.095]]]}},{"type":"Feature","properties":{"huc10":"1602010202","name":"North Branch South Fork Ogden River"},"geometry":{"type":"Polygon","coordinates":[[[-111.5645,41.4232],[-111.5746,41.4279],[-111.5843,41.4183],[-111.5992,41.4215],[-111.6092,41.4189],[-111.6126,41.4218],[-111.6185,41.4224],[-111.6265,41.4176],[-111.6314,41.418],[-111.6405,41.4142],[-111.6432,41.4103],[-111.6427,41.401],[-111.6454,41.3993],[-111.6463,41.3936],[-111.6275,41.3882],[-111.6398,41.3729],[-111.6328,41.3687],[-111.6328,41.3665],[-111.6386,41.3592],[-111.656,41.3551],[-111.6571,41.3496],[-111.6611,41.3461],[-111.6661,41.3464],[-111.6761,41.3424],[-111.6732,41.334],[-111.6782,41.3251],[-111.6868,41.3224],[-111.6895,41.3197],[-111.6883,41.3134],[-111.6972,41.3064],[-111.7024,41.3067],[-111.7061,41.3027],[-111.705,41.2954],[-111.6991,41.2928],[-111.6965,41.2878],[-111.7001,41.2866],[-111.6966,41.2764],[-111.7016,41.2691],[-111.7029,41.2609],[-111.7094,41.2563],[-111.7211,41.2535],[-111.773,41.2532],[-111.7659,41.2488],[-111.7534,41.2479],[-111.715,41.2533],[-111.7095,41.2478],[-111.7033,41.2505],[-111.6978,41.2487],[-111.6851,41.25],[-111.6741,41.2446],[-111.6722,41.2413],[-111.6575,41.2413],[-111.6487,41.2295],[-111.6428,41.2301],[-111.6283,41.2246],[-111.6219,41.2277],[-111.6156,41.2241],[-111.6097,41.2254],[-111.6093,41.2293],[-111.6027,41.2353],[-111.5897,41.241],[-111.5841,41.2384],[-111.5604,41.2401],[-111.536,41.2363],[-111.5264,41.2288],[-111.5127,41.2286],[-111.5065,41.2309],[-111.497,41.2274],[-111.491,41.2376],[-111.4943,41.2411],[-111.4772,41.2452],[-111.4783,41.2504],[-111.4716,41.2515],[-111.4711,41.2557],[-111.4643,41.2583],[-111.4668,41.2619],[-111.4623,41.2665],[-111.4574,41.2673],[-111.4577,41.2736],[-111.4479,41.2748],[-111.4454,41.2779],[-111.4463,41.2848],[-111.4401,41.2899],[-111.443,41.2923],[-111.4394,41.2952],[-111.4449,41.3034],[-111.4444,41.307],[-111.4486,41.3107],[-111.4492,41.316],[-111.4431,41.3222],[-111.4379,41.323],[-111.4365,41.3361],[-111.4381,41.3382],[-111.4347,41.3421],[-111.429,41.3417],[-111.4244,41.3451],[-111.4241,41.3562],[-111.4206,41.3613],[-111.4237,41.3651],[-111.4329,41.362],[-111.4372,41.3667],[-111.4459,41.3669],[-111.4457,41.3713],[-111.4479,41.3729],[-111.4601,41.3739],[-111.4627,41.3795],[-111.4776,41.3843],[-111.4785,41.3906],[-111.4756,41.4],[-111.4816,41.4011],[-111.4845,41.4048],[-111.4934,41.4055],[-111.4994,41.4083],[-111.5033,41.4134],[-111.5079,41.4138],[-111.5065,41.418],[-111.5107,41.4207],[-111.5108,41.4232],[-111.5175,41.4218],[-111.5214,41.416],[-111.5319,41.4146],[-111.5338,41.4116],[-111.5437,41.4073],[-111.5515,41.4139],[-111.5543,41.4238],[-111.5645,41.4232]]]}},{"type":"Feature","properties":{"huc10":"1602010203","name":"Ogden River"},"geometry":{"type":"Polygon","coordinates":[[[-111.9408,41.4207],[-111.9584,41.4338],[-111.9635,41.4254],[-111.9723,41.4204],[-111.9713,41.4142],[-111.9676,41.4096],[-111.9673,41.3956],[-111.9758,41.3846],[-111.975,41.3774],[-111.9608,41.3632],[-111.9515,41.3634],[-111.9433,41.36],[-111.9249,41.3471],[-111.9191,41.3322],[-111.8993,41.3272],[-111.9001,41.3214],[-111.8913,41.3094],[-111.8911,41.2924],[-111.8971,41.2838],[-111.9037,41.2804],[-111.9003,41.2722],[-111.907,41.2662],[-111.9132,41.2647],[-111.9138,41.26],[-111.9186,41.2562],[-111.92,41.2513],[-111.929,41.2477],[-111.9389,41.2397],[-111.9715,41.2351],[-112.003,41.2363],[-111.9961,41.23],[-111.988,41.2313],[-111.9398,41.2214],[-111.9145,41.2251],[-111.9007,41.2229],[-111.8814,41.2119],[-111.8805,41.2095],[-111.8843,41.2043],[-111.8821,41.1999],[-111.8838,41.196],[-111.873,41.188],[-111.8604,41.1938],[-111.8582,41.1975],[-111.8386,41.199],[-111.8291,41.2047],[-111.8178,41.2048],[-111.8064,41.216],[-111.7965,41.2159],[-111.7897,41.2187],[-111.7784,41.2167],[-111.7736,41.2182],[-111.7642,41.2113],[-111.7642,41.2085],[-111.7548,41.2148],[-111.7484,41.2144],[-111.7459,41.2122],[-111.7452,41.2034],[-111.7278,41.1974],[-111.7266,41.1939],[-111.7165,41.1867],[-111.6856,41.1807],[-111.678,41.1811],[-111.6667,41.1875],[-111.6565,41.1862],[-111.6469,41.1921],[-111.6418,41.1985],[-111.6255,41.1997],[-111.6223,41.2062],[-111.6118,41.2098],[-111.6074,41.2257],[-111.6156,41.2241],[-111.6219,41.2277],[-111.6283,41.2246],[-111.6428,41.2301],[-111.6487,41.2295],[-111.6575,41.2413],[-111.6722,41.2413],[-111.6741,41.2446],[-111.6851,41.25],[-111.6978,41.2487],[-111.7033,41.2505],[-111.7095,41.2478],[-111.715,41.2533],[-111.7534,41.2479],[-111.7659,41.2488],[-111.773,41.2532],[-111.7211,41.2535],[-111.7094,41.2563],[-111.7035,41.2604],[-111.6999,41.273],[-111.6966,41.2764],[-111.7001,41.2866],[-111.6965,41.2878],[-111.6991,41.2928],[-111.705,41.2954],[-111.7061,41.3027],[-111.7024,41.3067],[-111.6972,41.3064],[-111.6883,41.3134],[-111.6895,41.3197],[-111.6868,41.3224],[-111.6782,41.3251],[-111.6732,41.334],[-111.6761,41.3424],[-111.6661,41.3464],[-111.6611,41.3461],[-111.6571,41.3496],[-111.656,41.3551],[-111.6386,41.3592],[-111.6333,41.3655],[-111.6328,41.3687],[-111.6398,41.3729],[-111.6275,41.3882],[-111.6462,41.3934],[-111.6454,41.3993],[-111.6427,41.401],[-111.6444,41.4058],[-111.6525,41.408],[-111.6522,41.4105],[-111.6665,41.4286],[-111.6791,41.4276],[-111.6859,41.4217],[-111.6987,41.4184],[-111.7076,41.4253],[-111.7118,41.4232],[-111.7218,41.427],[-111.7229,41.423],[-111.718,41.4159],[-111.7062,41.4113],[-111.7065,41.405],[-111.7118,41.3995],[-111.7114,41.3956],[-111.7165,41.3945],[-111.7266,41.3853],[-111.7257,41.3763],[-111.7372,41.3744],[-111.7462,41.3699],[-111.7608,41.3688],[-111.7679,41.3711],[-111.7715,41.3758],[-111.7891,41.3846],[-111.7931,41.3914],[-111.7978,41.3923],[-111.8134,41.388],[-111.8201,41.3918],[-111.8277,41.3926],[-111.8297,41.3894],[-111.8368,41.3883],[-111.8467,41.3941],[-111.8549,41.3943],[-111.8614,41.3967],[-111.8627,41.3995],[-111.8692,41.3993],[-111.8751,41.4049],[-111.8758,41.4099],[-111.8801,41.4145],[-111.8723,41.4214],[-111.8859,41.4267],[-111.8914,41.4231],[-111.8928,41.4188],[-111.9029,41.4193],[-111.9056,41.4152],[-111.9126,41.4165],[-111.9184,41.4126],[-111.9383,41.4158],[-111.9408,41.4207]]]}},{"type":"Feature","properties":{"huc10":"1704021005","name":"Meadow Creek"},"geometry":{"type":"Polygon","coordinates":[[[-112.9895,42.3041],[-112.9917,42.3054],[-113,42.2984],[-113.0106,42.2961],[-113.0245,42.2988],[-113.0376,42.2976],[-113.0402,42.2921],[-113.0459,42.288],[-113.0585,42.2831],[-113.088,42.2778],[-113.1,42.2841],[-113.1352,42.2882],[-113.1435,42.292],[-113.1675,42.2962],[-113.1868,42.2968],[-113.2124,42.2893],[-113.2659,42.2826],[-113.2825,42.2772],[-113.2945,42.2759],[-113.2948,42.2727],[-113.2981,42.2718],[-113.3015,42.2754],[-113.3246,42.2733],[-113.3427,42.2775],[-113.3397,42.271],[-113.3397,42.2594],[-113.3274,42.2479],[-113.3295,42.2406],[-113.3179,42.2245],[-113.3192,42.2183],[-113.3073,42.2003],[-113.2992,42.1939],[-113.2709,42.1853],[-113.2448,42.1839],[-113.203,42.1889],[-113.1873,42.1936],[-113.1488,42.1903],[-113.128,42.1785],[-113.1247,42.165],[-113.1205,42.161],[-113.1244,42.1535],[-113.1122,42.1537],[-113.0981,42.159],[-113.0813,42.1783],[-113.0437,42.1939],[-113.0459,42.1981],[-113.0451,42.2035],[-113.0408,42.205],[-113.0313,42.2146],[-113.0219,42.2164],[-113.0202,42.2202],[-113.0035,42.2235],[-112.9895,42.2186],[-112.9867,42.2207],[-112.9794,42.2151],[-112.9698,42.2172],[-112.969,42.2208],[-112.9654,42.2224],[-112.9497,42.2198],[-112.9396,42.2272],[-112.9293,42.2283],[-112.9165,42.2344],[-112.9186,42.2388],[-112.9166,42.2531],[-112.9213,42.258],[-112.9231,42.2661],[-112.9269,42.2681],[-112.9224,42.279],[-112.9158,42.2799],[-112.9123,42.284],[-112.9132,42.2882],[-112.9181,42.2928],[-112.9272,42.2983],[-112.938,42.2935],[-112.958,42.2948],[-112.9675,42.2912],[-112.9794,42.3041],[-112.983,42.3024],[-112.9866,42.3052],[-112.9895,42.3041]]]}},{"type":"Feature","properties":{"huc10":"1601020303","name":"Logan River"},"geometry":{"type":"Polygon","coordinates":[[[-111.5795,42.0926],[-111.5808,42.0947],[-111.5866,42.0925],[-111.5939,42.0934],[-111.5893,42.0829],[-111.5919,42.0725],[-111.5867,42.0525],[-111.5887,42.0506],[-111.589,42.0383],[-111.6121,42.0333],[-111.6464,42.0342],[-111.6536,42.0235],[-111.6608,42.0182],[-111.6639,42.0041],[-111.6614,42.0002],[-111.6611,41.9871],[-111.6575,41.9816],[-111.6616,41.9758],[-111.6579,41.9688],[-111.6594,41.9663],[-111.6565,41.963],[-111.6555,41.9537],[-111.6571,41.9474],[-111.6627,41.945],[-111.6728,41.9289],[-111.676,41.9175],[-111.6737,41.914],[-111.6754,41.9108],[-111.6687,41.8957],[-111.6829,41.8784],[-111.6874,41.8614],[-111.6866,41.8555],[-111.6921,41.8524],[-111.6923,41.8476],[-111.6957,41.8435],[-111.6848,41.8382],[-111.685,41.8297],[-111.6812,41.825],[-111.6851,41.8181],[-111.6858,41.8041],[-111.6935,41.7934],[-111.7077,41.7879],[-111.7137,41.7772],[-111.7282,41.7639],[-111.7502,41.7637],[-111.771,41.7536],[-111.7743,41.7494],[-111.807,41.741],[-111.8487,41.7444],[-111.895,41.7432],[-111.9128,41.7465],[-111.9237,41.7455],[-111.9301,41.7418],[-111.9451,41.7439],[-111.946,41.7418],[-111.9356,41.7367],[-111.9276,41.736],[-111.9074,41.7187],[-111.8859,41.7132],[-111.8634,41.7011],[-111.8526,41.692],[-111.8531,41.7051],[-111.843,41.705],[-111.8345,41.6994],[-111.8209,41.6962],[-111.804,41.6965],[-111.7921,41.69],[-111.7895,41.6855],[-111.7774,41.679],[-111.773,41.6738],[-111.7529,41.6742],[-111.752,41.6769],[-111.7393,41.6805],[-111.7123,41.6764],[-111.707,41.673],[-111.7031,41.6732],[-111.7045,41.6766],[-111.6976,41.6838],[-111.6918,41.7166],[-111.6865,41.7261],[-111.6581,41.7283],[-111.6485,41.7265],[-111.639,41.7321],[-111.636,41.7275],[-111.6291,41.725],[-111.6015,41.7291],[-111.5965,41.7279],[-111.5942,41.7241],[-111.589,41.7236],[-111.5797,41.7254],[-111.5768,41.7362],[-111.5658,41.7379],[-111.5565,41.747],[-111.5455,41.7421],[-111.5371,41.7426],[-111.5338,41.7495],[-111.5261,41.7537],[-111.5217,41.7616],[-111.5227,41.7638],[-111.5185,41.7705],[-111.5158,41.7847],[-111.5122,41.7899],[-111.5138,41.7963],[-111.5111,41.8019],[-111.5121,41.8051],[-111.5077,41.8063],[-111.503,41.8152],[-111.4978,41.8182],[-111.5164,41.8354],[-111.5011,41.8468],[-111.5015,41.8498],[-111.5078,41.8525],[-111.502,41.8611],[-111.5093,41.8684],[-111.5036,41.868],[-111.4945,41.8737],[-111.4923,41.8785],[-111.4936,41.8862],[-111.5031,41.8878],[-111.5002,41.8931],[-111.5007,41.8986],[-111.512,41.9051],[-111.5118,41.908],[-111.5091,41.9118],[-111.5053,41.9114],[-111.5034,41.9138],[-111.4861,41.9106],[-111.478,41.9131],[-111.4778,41.9189],[-111.4716,41.9285],[-111.4768,41.9361],[-111.4733,41.9473],[-111.4775,41.9533],[-111.4763,41.9585],[-111.4844,41.966],[-111.4846,41.9756],[-111.4942,41.9797],[-111.4954,41.9831],[-111.5086,41.9926],[-111.5078,42.0071],[-111.5111,42.0168],[-111.5084,42.0223],[-111.5116,42.0338],[-111.508,42.0356],[-111.5078,42.0382],[-111.5141,42.0483],[-111.511,42.0574],[-111.517,42.0622],[-111.5152,42.0683],[-111.5219,42.0744],[-111.5359,42.0771],[-111.54,42.0751],[-111.5491,42.0775],[-111.5576,42.0845],[-111.566,42.0831],[-111.5724,42.085],[-111.5795,42.0926]]]}},{"type":"Feature","properties":{"huc10":"1602030904","name":"Lower Deep Creek-Frontal Great Salt Lake"},"geometry":{"type":"Polygon","coordinates":[[[-113.1203,42.0741],[-113.1208,42.0774],[-113.1269,42.0781],[-113.1319,42.074],[-113.1407,42.0738],[-113.1434,42.0716],[-113.1377,42.0459],[-113.1401,42.0439],[-113.1389,42.0298],[-113.1491,42.0258],[-113.1508,42.02],[-113.1669,42.014],[-113.1699,42.0075],[-113.1889,41.9901],[-113.2038,41.9702],[-113.211,41.9682],[-113.2178,41.9595],[-113.225,41.9605],[-113.2272,41.9551],[-113.2374,41.9532],[-113.2368,41.9446],[-113.2399,41.9384],[-113.2531,41.9316],[-113.2594,41.931],[-113.2608,41.9235],[-113.2698,41.9201],[-113.2627,41.9207],[-113.2529,41.917],[-113.2465,41.9198],[-113.2378,41.9177],[-113.228,41.9187],[-113.2264,41.9221],[-113.2158,41.9258],[-113.214,41.9304],[-113.2052,41.9312],[-113.1988,41.9378],[-113.1892,41.9338],[-113.1803,41.939],[-113.1767,41.9349],[-113.1661,41.9325],[-113.1289,41.9326],[-113.1127,41.9257],[-113.0969,41.9349],[-113.0924,41.9352],[-113.0705,41.9268],[-113.0495,41.9081],[-113.0463,41.8927],[-113.0415,41.8827],[-113.0434,41.8742],[-113.0507,41.8695],[-113.0506,41.863],[-113.0466,41.8556],[-113.0388,41.8515],[-113.038,41.8486],[-113.0257,41.8453],[-113.0272,41.8381],[-113.0306,41.8351],[-113.0276,41.8288],[-113.0195,41.8223],[-113.0186,41.8127],[-113.0156,41.8078],[-113.0177,41.8007],[-113.0135,41.7952],[-113.0166,41.7907],[-113.0134,41.7875],[-113.0158,41.7796],[-113.0282,41.7707],[-113.0301,41.7492],[-113.0234,41.7494],[-113.0192,41.7454],[-113.0157,41.7328],[-113.0236,41.7254],[-113.0212,41.7218],[-113.0145,41.7197],[-113.0101,41.7101],[-113.0274,41.7101],[-113.0259,41.699],[-113.0202,41.6945],[-113.0234,41.6847],[-113.0322,41.6763],[-113.0262,41.6727],[-113.0176,41.652],[-113.0106,41.643],[-112.9931,41.6465],[-112.9724,41.6417],[-112.9555,41.6463],[-112.9239,41.6474],[-112.907,41.6542],[-112.8939,41.663],[-112.8922,41.667],[-112.8882,41.6671],[-112.8877,41.6692],[-112.8962,41.6709],[-112.8895,41.6778],[-112.8643,41.678],[-112.8671,41.6899],[-112.8643,41.6957],[-112.8567,41.6988],[-112.8418,41.699],[-112.8442,41.7029],[-112.8426,41.7143],[-112.8379,41.7217],[-112.8396,41.7288],[-112.8343,41.7306],[-112.8307,41.7361],[-112.8199,41.7577],[-112.8186,41.7649],[-112.8154,41.7628],[-112.7909,41.771],[-112.7866,41.7757],[-112.7858,41.7866],[-112.7671,41.8013],[-112.7658,41.8056],[-112.7399,41.8205],[-112.7271,41.8346],[-112.7273,41.8368],[-112.7224,41.8386],[-112.7184,41.848],[-112.7046,41.8486],[-112.7045,41.8526],[-112.6971,41.856],[-112.699,41.864],[-112.6924,41.873],[-112.6931,41.8798],[-112.6873,41.8816],[-112.6844,41.8856],[-112.6909,41.8882],[-112.6928,41.8919],[-112.7002,41.8924],[-112.7026,41.8912],[-112.7037,41.8853],[-112.7265,41.8828],[-112.7377,41.8829],[-112.7441,41.8879],[-112.7494,41.8882],[-112.7521,41.883],[-112.7617,41.8762],[-112.7677,41.8656],[-112.7754,41.8617],[-112.7745,41.86],[-112.7821,41.8525],[-112.8,41.8543],[-112.806,41.8508],[-112.8235,41.8576],[-112.8384,41.8554],[-112.8486,41.8481],[-112.8615,41.8482],[-112.8615,41.8616],[-112.8591,41.8653],[-112.8866,41.8842],[-112.907,41.8861],[-112.9179,41.8919],[-112.9228,41.9015],[-112.9376,41.915],[-112.9437,41.9268],[-112.9504,41.9279],[-112.9561,41.9326],[-112.9634,41.9333],[-112.9777,41.9433],[-112.9975,41.9466],[-113.0005,41.9525],[-113.0161,41.9654],[-113.0359,41.9661],[-113.0403,41.9766],[-113.0597,41.9809],[-113.0656,41.9854],[-113.0729,41.9972],[-113.0856,42.0047],[-113.0946,42.0161],[-113.1189,42.0352],[-113.1266,42.0374],[-113.123,42.0462],[-113.1244,42.0552],[-113.1207,42.0625],[-113.1203,42.0741]]]}},{"type":"Feature","properties":{"huc10":"1602030908","name":"Blue Creek-Frontal Great Salt Lake"},"geometry":{"type":"Polygon","coordinates":[[[-112.5037,42.1543],[-112.5138,42.147],[-112.5151,42.1425],[-112.5364,42.1365],[-112.5486,42.1426],[-112.559,42.142],[-112.5606,42.1365],[-112.555,42.1338],[-112.5639,42.1251],[-112.5637,42.117],[-112.5675,42.1105],[-112.5659,42.1067],[-112.5731,42.0949],[-112.5703,42.0853],[-112.5734,42.0834],[-112.5846,42.0843],[-112.5876,42.0801],[-112.5883,42.0713],[-112.5857,42.067],[-112.5966,42.0604],[-112.5956,42.0527],[-112.5988,42.0457],[-112.5942,42.0412],[-112.5962,42.0378],[-112.5948,42.0337],[-112.5955,42.0254],[-112.5978,42.0242],[-112.5968,42.02],[-112.5869,42.0138],[-112.587,42.0005],[-112.5849,41.996],[-112.5864,41.9937],[-112.5809,41.9916],[-112.5797,41.9854],[-112.5709,41.98],[-112.5606,41.9652],[-112.5641,41.9567],[-112.571,41.9575],[-112.5692,41.9423],[-112.5525,41.9351],[-112.5397,41.9365],[-112.5394,41.9246],[-112.5357,41.9236],[-112.5349,41.9211],[-112.5403,41.9039],[-112.5398,41.8922],[-112.5359,41.8893],[-112.5363,41.8795],[-112.539,41.8734],[-112.5378,41.8701],[-112.5495,41.8644],[-112.552,41.8431],[-112.5478,41.8376],[-112.5444,41.8377],[-112.5496,41.8241],[-112.5479,41.8178],[-112.5425,41.8177],[-112.5451,41.8123],[-112.5442,41.794],[-112.5477,41.781],[-112.5455,41.777],[-112.5477,41.7713],[-112.5442,41.7674],[-112.5457,41.7584],[-112.5437,41.7539],[-112.551,41.7459],[-112.5477,41.7357],[-112.5547,41.7346],[-112.5538,41.7285],[-112.5636,41.7189],[-112.5648,41.7143],[-112.5722,41.7111],[-112.5743,41.7067],[-112.5821,41.7043],[-112.5774,41.7002],[-112.5801,41.6846],[-112.5863,41.6745],[-112.5986,41.6713],[-112.5986,41.6602],[-112.5733,41.647],[-112.572,41.6422],[-112.5596,41.6335],[-112.5526,41.6207],[-112.537,41.6123],[-112.5264,41.5995],[-112.5354,41.5734],[-112.5324,41.5646],[-112.5346,41.5593],[-112.5334,41.5536],[-112.5374,41.5456],[-112.5348,41.5426],[-112.5375,41.5355],[-112.5282,41.5289],[-112.5226,41.5162],[-112.5018,41.5112],[-112.5037,41.5027],[-112.5001,41.4961],[-112.5083,41.4903],[-112.4955,41.4801],[-112.4902,41.4561],[-112.4803,41.4382],[-112.4802,41.434],[-112.4861,41.4248],[-112.478,41.417],[-112.4808,41.4055],[-112.4852,41.4016],[-112.4847,41.3923],[-112.4793,41.3868],[-112.4661,41.3951],[-112.4621,41.3947],[-112.4623,41.3916],[-112.4572,41.3878],[-112.4507,41.3763],[-112.4501,41.373],[-112.4534,41.3721],[-112.4536,41.3687],[-112.4463,41.3572],[-112.4443,41.3494],[-112.4458,41.3436],[-112.4413,41.3422],[-112.4378,41.3354],[-112.4382,41.3297],[-112.4424,41.3278],[-112.4429,41.3193],[-112.439,41.3178],[-112.4371,41.312],[-112.424,41.3074],[-112.4237,41.304],[-112.419,41.3001],[-112.4209,41.2848],[-112.4184,41.275],[-112.406,41.2737],[-112.394,41.2674],[-112.3777,41.273],[-112.3839,41.284],[-112.384,41.2899],[-112.3816,41.2904],[-112.3889,41.2928],[-112.3935,41.3075],[-112.3972,41.3097],[-112.3956,41.3117],[-112.3991,41.3138],[-112.4008,41.3311],[-112.4045,41.3345],[-112.4006,41.3354],[-112.4015,41.338],[-112.4065,41.3384],[-112.4096,41.3445],[-112.4168,41.3478],[-112.4207,41.3592],[-112.4151,41.3661],[-112.4069,41.3675],[-112.4025,41.3879],[-112.3975,41.3937],[-112.4028,41.4028],[-112.4145,41.4075],[-112.4232,41.4297],[-112.4215,41.4424],[-112.4178,41.4497],[-112.4083,41.4481],[-112.4163,41.4513],[-112.4143,41.4529],[-112.3962,41.4626],[-112.3848,41.4722],[-112.3731,41.476],[-112.3754,41.4706],[-112.3697,41.4708],[-112.3551,41.4788],[-112.3583,41.4982],[-112.3581,41.516],[-112.3503,41.5154],[-112.3465,41.5174],[-112.3623,41.5309],[-112.384,41.5579],[-112.397,41.5831],[-112.3903,41.6087],[-112.3904,41.6179],[-112.3787,41.6231],[-112.3751,41.6294],[-112.3758,41.6362],[-112.3736,41.6413],[-112.3789,41.6522],[-112.3771,41.659],[-112.3784,41.6652],[-112.3755,41.668],[-112.3761,41.6708],[-112.3724,41.6731],[-112.3717,41.6782],[-112.3644,41.6787],[-112.3576,41.6851],[-112.3515,41.6841],[-112.341,41.6881],[-112.3441,41.6923],[-112.3421,41.6994],[-112.345,41.7048],[-112.3408,41.7301],[-112.3464,41.7326],[-112.3477,41.7406],[-112.3448,41.7417],[-112.3494,41.7443],[-112.3497,41.7543],[-112.3456,41.7555],[-112.3451,41.7579],[-112.3478,41.7653],[-112.3516,41.7657],[-112.3494,41.7686],[-112.3569,41.7719],[-112.3563,41.776],[-112.3594,41.7794],[-112.3519,41.783],[-112.3493,41.7871],[-112.3583,41.7926],[-112.3575,41.7962],[-112.3605,41.8],[-112.356,41.8164],[-112.3632,41.8247],[-112.3621,41.8275],[-112.358,41.829],[-112.3582,41.8364],[-112.3721,41.8449],[-112.3692,41.8505],[-112.3823,41.8589],[-112.3801,41.8647],[-112.3901,41.8729],[-112.3944,41.8736],[-112.3968,41.8839],[-112.3945,41.889],[-112.3859,41.8956],[-112.3863,41.9003],[-112.3844,41.9019],[-112.3876,41.9057],[-112.3833,41.9181],[-112.3797,41.9231],[-112.368,41.9262],[-112.3671,41.9321],[-112.3754,41.9367],[-112.3679,41.9405],[-112.3719,41.9516],[-112.3623,41.9575],[-112.3709,41.9637],[-112.3813,41.9804],[-112.3751,41.9879],[-112.375,41.9925],[-112.3687,41.9926],[-112.3615,41.9974],[-112.364,41.9995],[-112.3632,42.0031],[-112.3659,42.0041],[-112.3644,42.0106],[-112.3809,42.0238],[-112.3796,42.0276],[-112.3828,42.0383],[-112.3909,42.0432],[-112.3885,42.0537],[-112.3976,42.0646],[-112.4008,42.0659],[-112.4098,42.0636],[-112.4203,42.0729],[-112.4205,42.0761],[-112.4156,42.0801],[-112.4167,42.0877],[-112.4121,42.0952],[-112.421,42.0975],[-112.4272,42.1054],[-112.4404,42.1087],[-112.4394,42.1158],[-112.4451,42.12],[-112.4435,42.1234],[-112.4461,42.1276],[-112.4441,42.1303],[-112.4495,42.135],[-112.448,42.1464],[-112.4518,42.1498],[-112.4707,42.1476],[-112.5037,42.1543]]]}},{"type":"Feature","properties":{"huc10":"1601010104","name":"Saleratus Creek"},"geometry":{"type":"Polygon","coordinates":[[[-111.1201,41.5194],[-111.1285,41.5202],[-111.1308,41.5159],[-111.1435,41.5085],[-111.1644,41.5162],[-111.1859,41.5167],[-111.1976,41.5041],[-111.2071,41.5021],[-111.2114,41.4971],[-111.2161,41.4967],[-111.2263,41.4857],[-111.2368,41.4841],[-111.2419,41.4779],[-111.2394,41.4737],[-111.2398,41.4685],[-111.2415,41.4596],[-111.2442,41.4569],[-111.2558,41.4564],[-111.2604,41.4519],[-111.2773,41.4491],[-111.2984,41.4482],[-111.3083,41.4426],[-111.3246,41.4398],[-111.3388,41.4284],[-111.3625,41.4156],[-111.3712,41.3999],[-111.378,41.3941],[-111.3739,41.3855],[-111.3768,41.376],[-111.3806,41.3719],[-111.3681,41.3657],[-111.3672,41.3616],[-111.3482,41.3623],[-111.3399,41.3552],[-111.3319,41.3575],[-111.3272,41.3532],[-111.3272,41.3454],[-111.3187,41.3438],[-111.3054,41.3336],[-111.2951,41.3302],[-111.2936,41.3203],[-111.2969,41.3184],[-111.2925,41.3094],[-111.2843,41.3093],[-111.2861,41.3051],[-111.2747,41.3016],[-111.2744,41.2995],[-111.2623,41.297],[-111.2597,41.2931],[-111.2632,41.2857],[-111.2774,41.2771],[-111.2739,41.2652],[-111.2809,41.2614],[-111.2767,41.257],[-111.2772,41.2448],[-111.2694,41.2373],[-111.281,41.2306],[-111.283,41.2282],[-111.2814,41.225],[-111.2543,41.2292],[-111.2455,41.2339],[-111.2433,41.2379],[-111.2337,41.2411],[-111.2242,41.2515],[-111.2105,41.2561],[-111.2077,41.2599],[-111.2089,41.2631],[-111.2015,41.2683],[-111.2014,41.2751],[-111.1928,41.2727],[-111.1769,41.2752],[-111.156,41.2728],[-111.1443,41.2759],[-111.1309,41.2749],[-111.1314,41.2801],[-111.1284,41.2837],[-111.1139,41.2895],[-111.106,41.2864],[-111.0909,41.2935],[-111.076,41.2918],[-111.0801,41.3011],[-111.0751,41.3025],[-111.0689,41.3116],[-111.0672,41.3172],[-111.0693,41.3246],[-111.0605,41.3401],[-111.048,41.3469],[-111.048,41.3588],[-111.0415,41.3697],[-111.0412,41.3768],[-111.0433,41.3796],[-111.0403,41.3849],[-111.0423,41.387],[-111.0382,41.399],[-111.0406,41.4078],[-111.0366,41.4143],[-111.0396,41.4343],[-111.0443,41.4404],[-111.0364,41.4495],[-111.038,41.4563],[-111.033,41.4654],[-111.034,41.4696],[-111.0419,41.4751],[-111.0425,41.479],[-111.0492,41.4819],[-111.0456,41.4854],[-111.0477,41.4884],[-111.0472,41.4953],[-111.0635,41.4926],[-111.0654,41.4978],[-111.0699,41.5007],[-111.0961,41.5051],[-111.0981,41.5124],[-111.1039,41.5129],[-111.1121,41.5197],[-111.1201,41.5194]]]}},{"type":"Feature","properties":{"huc10":"1406000401","name":"Upper Strawberry River"},"geometry":{"type":"Polygon","coordinates":[[[-111.2104,40.4127],[-111.2237,40.4187],[-111.2275,40.4137],[-111.2349,40.4117],[-111.2395,40.4073],[-111.2397,40.4037],[-111.2357,40.3989],[-111.2426,40.3856],[-111.2445,40.3641],[-111.2414,40.3506],[-111.2476,40.3448],[-111.2443,40.3414],[-111.2456,40.3394],[-111.2437,40.3356],[-111.2538,40.3241],[-111.2533,40.3167],[-111.2498,40.3102],[-111.2456,40.3076],[-111.2469,40.3044],[-111.2504,40.304],[-111.2514,40.2978],[-111.2688,40.2996],[-111.2776,40.2979],[-111.2973,40.3103],[-111.3083,40.2976],[-111.3097,40.2902],[-111.315,40.2876],[-111.3077,40.2834],[-111.3081,40.2749],[-111.2944,40.2708],[-111.2942,40.2655],[-111.2894,40.266],[-111.2796,40.2593],[-111.2767,40.2531],[-111.2704,40.2495],[-111.2649,40.2424],[-111.2671,40.2374],[-111.2737,40.236],[-111.2719,40.2191],[-111.264,40.2113],[-111.264,40.2058],[-111.2566,40.2011],[-111.2582,40.1979],[-111.2482,40.1937],[-111.2351,40.1802],[-111.2349,40.1757],[-111.2254,40.167],[-111.2269,40.1556],[-111.2313,40.1479],[-111.2249,40.1428],[-111.2215,40.1247],[-111.2258,40.1195],[-111.2298,40.107],[-111.2355,40.1039],[-111.2353,40.0982],[-111.2417,40.0912],[-111.2425,40.0859],[-111.2381,40.0804],[-111.2413,40.0739],[-111.236,40.0693],[-111.2408,40.0664],[-111.2492,40.0554],[-111.2465,40.0527],[-111.2458,40.0468],[-111.2407,40.0436],[-111.2375,40.0379],[-111.2316,40.0357],[-111.2162,40.0408],[-111.2052,40.048],[-111.2041,40.0508],[-111.2039,40.0462],[-111.199,40.0419],[-111.1838,40.0462],[-111.1766,40.0455],[-111.1616,40.0532],[-111.1573,40.05],[-111.15,40.0516],[-111.1287,40.0627],[-111.1279,40.0665],[-111.122,40.0682],[-111.117,40.0772],[-111.1031,40.0799],[-111.0872,40.0787],[-111.0839,40.0839],[-111.0708,40.0916],[-111.044,40.1016],[-111.0367,40.1077],[-111.0318,40.1086],[-111.0293,40.1124],[-111.0237,40.1116],[-111.016,40.1149],[-111.0082,40.1235],[-111.013,40.1276],[-111.0113,40.1309],[-110.9999,40.1342],[-110.9973,40.1432],[-110.9922,40.1458],[-110.986,40.1429],[-110.9845,40.1452],[-110.9866,40.1533],[-110.9942,40.1527],[-110.9938,40.1545],[-111.0014,40.1562],[-110.9973,40.1659],[-111.0001,40.1687],[-110.999,40.173],[-111.0043,40.1753],[-111.012,40.1746],[-111.016,40.1787],[-111.0159,40.1819],[-111.0238,40.1826],[-111.0238,40.1867],[-111.0324,40.1921],[-111.0305,40.1962],[-111.0318,40.203],[-111.0459,40.207],[-111.0549,40.2141],[-111.0573,40.2189],[-111.0607,40.2186],[-111.0615,40.2251],[-111.0717,40.2276],[-111.0706,40.2365],[-111.0739,40.2391],[-111.0743,40.2452],[-111.0866,40.265],[-111.0913,40.2652],[-111.108,40.2824],[-111.1152,40.2847],[-111.127,40.2936],[-111.1281,40.3026],[-111.1264,40.3057],[-111.1361,40.3145],[-111.1392,40.3276],[-111.1492,40.3343],[-111.1494,40.3448],[-111.165,40.3533],[-111.1658,40.3621],[-111.1625,40.3675],[-111.1656,40.3726],[-111.1735,40.3737],[-111.1769,40.3901],[-111.1879,40.3973],[-111.1856,40.4058],[-111.1899,40.4081],[-111.2023,40.4076],[-111.2104,40.4127]]]}},{"type":"Feature","properties":{"huc10":"1603000506","name":"Judd Creek-Old River Bed"},"geometry":{"type":"Polygon","coordinates":[[[-112.5547,39.9945],[-112.5646,39.9933],[-112.5756,39.9816],[-112.588,39.9795],[-112.5938,39.9713],[-112.6072,39.9649],[-112.6217,39.952],[-112.6245,39.9548],[-112.6316,39.9557],[-112.636,39.9551],[-112.6374,39.9524],[-112.6564,39.951],[-112.6623,39.9564],[-112.6708,39.9581],[-112.6791,39.9561],[-112.6863,39.9608],[-112.6982,39.9533],[-112.7052,39.9556],[-112.7095,39.952],[-112.7236,39.9555],[-112.7254,39.96],[-112.7292,39.9613],[-112.7428,39.954],[-112.7678,39.9543],[-112.8008,39.9624],[-112.8154,39.957],[-112.8243,39.9497],[-112.8217,39.9453],[-112.8239,39.9425],[-112.8307,39.9406],[-112.8344,39.945],[-112.8423,39.9447],[-112.8464,39.9367],[-112.8461,39.9309],[-112.8571,39.9312],[-112.8611,39.927],[-112.8586,39.9163],[-112.8503,39.9088],[-112.8558,39.9025],[-112.8566,39.8982],[-112.8535,39.8949],[-112.8557,39.8926],[-112.857,39.8824],[-112.8616,39.8825],[-112.8644,39.8852],[-112.8675,39.883],[-112.8687,39.8729],[-112.8729,39.8692],[-112.8709,39.8601],[-112.8784,39.8572],[-112.8757,39.8522],[-112.879,39.841],[-112.8781,39.8332],[-112.8668,39.8239],[-112.8591,39.8208],[-112.8586,39.8106],[-112.8522,39.8001],[-112.8479,39.7998],[-112.8451,39.8027],[-112.8364,39.7956],[-112.8271,39.7939],[-112.8242,39.7875],[-112.8196,39.7852],[-112.8176,39.7788],[-112.808,39.7693],[-112.8077,39.7646],[-112.7913,39.7611],[-112.7798,39.7519],[-112.7579,39.7453],[-112.7466,39.7456],[-112.7222,39.7515],[-112.7035,39.7686],[-112.699,39.7689],[-112.6844,39.7783],[-112.6742,39.7777],[-112.6693,39.7726],[-112.6629,39.7714],[-112.6554,39.7716],[-112.638,39.7808],[-112.6313,39.7804],[-112.6274,39.7759],[-112.6225,39.7775],[-112.6157,39.7756],[-112.6144,39.7783],[-112.5948,39.7815],[-112.5711,39.7764],[-112.569,39.7808],[-112.5597,39.7857],[-112.5615,39.7931],[-112.5559,39.8012],[-112.5565,39.8071],[-112.5505,39.8099],[-112.5395,39.8103],[-112.5329,39.814],[-112.5252,39.8234],[-112.5231,39.8348],[-112.529,39.8402],[-112.5109,39.8483],[-112.5085,39.8544],[-112.4862,39.8768],[-112.4839,39.8903],[-112.4801,39.8933],[-112.4782,39.907],[-112.473,39.9082],[-112.4667,39.9167],[-112.4489,39.9321],[-112.4492,39.9364],[-112.4567,39.938],[-112.4586,39.9423],[-112.4812,39.9528],[-112.4798,39.9586],[-112.4889,39.9611],[-112.4983,39.96],[-112.5166,39.9721],[-112.5267,39.9731],[-112.5343,39.9836],[-112.5404,39.9845],[-112.5433,39.9899],[-112.5547,39.9945]]]}},{"type":"Feature","properties":{"huc10":"1602010106","name":"Lost Creek"},"geometry":{"type":"Polygon","coordinates":[[[-111.3828,41.3736],[-111.3967,41.373],[-111.404,41.3688],[-111.4046,41.3622],[-111.4206,41.3613],[-111.4241,41.3562],[-111.4244,41.3451],[-111.429,41.3417],[-111.4347,41.3421],[-111.4381,41.3382],[-111.4365,41.3361],[-111.4379,41.323],[-111.4431,41.3222],[-111.4494,41.3149],[-111.4485,41.3105],[-111.4444,41.307],[-111.4425,41.2978],[-111.4394,41.2952],[-111.443,41.2923],[-111.4401,41.2899],[-111.4463,41.2848],[-111.4454,41.2779],[-111.4479,41.2748],[-111.4577,41.2736],[-111.4574,41.2673],[-111.4623,41.2665],[-111.4668,41.2619],[-111.4643,41.2583],[-111.4711,41.2557],[-111.4716,41.2515],[-111.4783,41.2504],[-111.4772,41.2452],[-111.4943,41.2411],[-111.491,41.2376],[-111.4972,41.2273],[-111.5065,41.2309],[-111.5127,41.2286],[-111.5332,41.2303],[-111.5402,41.2223],[-111.5468,41.2208],[-111.5437,41.2135],[-111.5466,41.2116],[-111.5495,41.2002],[-111.5563,41.1958],[-111.5639,41.186],[-111.5606,41.1805],[-111.5634,41.1758],[-111.5738,41.169],[-111.5664,41.1649],[-111.5599,41.1543],[-111.5598,41.1494],[-111.5536,41.1429],[-111.555,41.1321],[-111.5513,41.1239],[-111.5453,41.1192],[-111.5432,41.1039],[-111.5387,41.0992],[-111.5413,41.0932],[-111.5362,41.0876],[-111.5411,41.0782],[-111.5335,41.0722],[-111.5387,41.0649],[-111.5386,41.0594],[-111.5274,41.0599],[-111.5238,41.0564],[-111.514,41.0564],[-111.5083,41.0631],[-111.4999,41.0613],[-111.4941,41.064],[-111.4905,41.0611],[-111.4839,41.0616],[-111.4708,41.0655],[-111.4666,41.0709],[-111.4553,41.074],[-111.4468,41.0822],[-111.4247,41.0803],[-111.4228,41.0764],[-111.4133,41.0739],[-111.4079,41.0752],[-111.4004,41.0814],[-111.3924,41.0815],[-111.3909,41.0847],[-111.3807,41.0871],[-111.3817,41.0972],[-111.3783,41.0988],[-111.3754,41.1121],[-111.3677,41.1196],[-111.3669,41.1299],[-111.3635,41.1281],[-111.3527,41.1304],[-111.3448,41.129],[-111.3324,41.1383],[-111.3237,41.1373],[-111.3188,41.1325],[-111.3095,41.1304],[-111.2912,41.1429],[-111.2649,41.1441],[-111.2428,41.1643],[-111.2332,41.177],[-111.2357,41.1839],[-111.2297,41.1862],[-111.2257,41.1911],[-111.2305,41.1951],[-111.2316,41.2025],[-111.2216,41.2125],[-111.2218,41.2151],[-111.2338,41.2183],[-111.2523,41.2147],[-111.2566,41.2176],[-111.253,41.223],[-111.2543,41.2292],[-111.281,41.225],[-111.2825,41.2265],[-111.281,41.2306],[-111.2695,41.2371],[-111.2772,41.2448],[-111.2767,41.257],[-111.2809,41.2614],[-111.2739,41.2652],[-111.2772,41.2775],[-111.2638,41.2852],[-111.2595,41.2907],[-111.2618,41.2965],[-111.2861,41.3051],[-111.2843,41.3093],[-111.2925,41.3094],[-111.2969,41.3184],[-111.2936,41.3203],[-111.2951,41.3302],[-111.3054,41.3336],[-111.3187,41.3438],[-111.3272,41.3454],[-111.3272,41.3532],[-111.3319,41.3575],[-111.3399,41.3552],[-111.3482,41.3623],[-111.3672,41.3616],[-111.3681,41.3657],[-111.3828,41.3736]]]}},{"type":"Feature","properties":{"huc10":"1602010107","name":"Main Canyon Creek-Weber River"},"geometry":{"type":"Polygon","coordinates":[[[-111.4443,41.0814],[-111.4488,41.0812],[-111.4553,41.074],[-111.4666,41.0709],[-111.4708,41.0655],[-111.4839,41.0616],[-111.4905,41.0611],[-111.4941,41.064],[-111.4999,41.0613],[-111.5083,41.0631],[-111.514,41.0564],[-111.5238,41.0564],[-111.5277,41.0599],[-111.5531,41.0582],[-111.5635,41.0445],[-111.5605,41.0394],[-111.5616,41.0357],[-111.5534,41.0299],[-111.5575,41.0241],[-111.5533,41.0206],[-111.5563,41.0138],[-111.5686,41.0033],[-111.5667,41.0006],[-111.5728,41.0007],[-111.5795,40.996],[-111.5873,40.9965],[-111.5934,40.9923],[-111.5936,40.9862],[-111.5876,40.9787],[-111.588,40.9663],[-111.5838,40.9613],[-111.5776,40.9582],[-111.5737,40.961],[-111.5615,40.9601],[-111.5515,40.9542],[-111.5331,40.9584],[-111.5247,40.9537],[-111.5235,40.9459],[-111.5288,40.919],[-111.5174,40.9179],[-111.5103,40.9123],[-111.5084,40.9092],[-111.5105,40.8985],[-111.5025,40.8936],[-111.495,40.8796],[-111.486,40.8729],[-111.4797,40.8579],[-111.4589,40.86],[-111.4586,40.864],[-111.4516,40.8703],[-111.4427,40.8734],[-111.4404,40.8848],[-111.4249,40.8962],[-111.4228,40.8954],[-111.4176,40.9114],[-111.4055,40.912],[-111.4006,40.9073],[-111.3939,40.9059],[-111.3848,40.9079],[-111.3915,40.9098],[-111.3962,40.9162],[-111.4039,40.9201],[-111.3962,40.925],[-111.391,40.9335],[-111.3821,40.941],[-111.3785,40.9419],[-111.374,40.9388],[-111.3553,40.9529],[-111.345,40.9563],[-111.3337,40.9575],[-111.3301,40.9558],[-111.3224,40.9586],[-111.3175,40.9569],[-111.3068,40.962],[-111.3046,40.9691],[-111.2974,40.9764],[-111.2904,40.9782],[-111.2864,40.9829],[-111.2761,40.9875],[-111.2733,40.9937],[-111.2696,40.9951],[-111.275,40.9983],[-111.2737,41.0009],[-111.2628,41.007],[-111.2573,41.0072],[-111.2536,41.0126],[-111.2537,41.0159],[-111.261,41.0182],[-111.266,41.0167],[-111.2755,41.0184],[-111.2779,41.0158],[-111.2972,41.0108],[-111.3044,41.0142],[-111.3073,41.0124],[-111.3106,41.0138],[-111.3193,41.0044],[-111.3368,40.9973],[-111.342,40.9984],[-111.3459,40.9958],[-111.3468,40.9914],[-111.3568,40.992],[-111.3697,40.9836],[-111.3881,40.9835],[-111.4002,40.9741],[-111.4092,40.9737],[-111.4185,40.9698],[-111.4266,40.9718],[-111.4365,40.9706],[-111.4393,40.9745],[-111.4345,40.9788],[-111.4276,40.9951],[-111.4281,41.0087],[-111.4176,41.0234],[-111.4186,41.0381],[-111.4164,41.0409],[-111.4154,41.0567],[-111.4184,41.0581],[-111.4211,41.0659],[-111.417,41.0741],[-111.4228,41.0764],[-111.4247,41.0803],[-111.4443,41.0814]]]}},{"type":"Feature","properties":{"huc10":"1602010204","name":"Cottonwood Creek-Weber River"},"geometry":{"type":"Polygon","coordinates":[[[-111.5844,41.2384],[-111.5916,41.2406],[-111.6027,41.2353],[-111.6093,41.2293],[-111.6067,41.2238],[-111.61,41.2129],[-111.6127,41.209],[-111.6223,41.2062],[-111.6252,41.1999],[-111.6411,41.1988],[-111.6565,41.1862],[-111.6667,41.1875],[-111.678,41.1811],[-111.6856,41.1807],[-111.7165,41.1867],[-111.7266,41.1939],[-111.7278,41.1974],[-111.7452,41.2034],[-111.7459,41.2122],[-111.7481,41.2142],[-111.7548,41.2148],[-111.7644,41.2085],[-111.7642,41.2113],[-111.7738,41.2183],[-111.7784,41.2167],[-111.7897,41.2187],[-111.7965,41.2159],[-111.8064,41.216],[-111.8178,41.2048],[-111.8291,41.2047],[-111.8386,41.199],[-111.8579,41.1976],[-111.8604,41.1938],[-111.8731,41.188],[-111.8838,41.196],[-111.8821,41.1999],[-111.8843,41.2043],[-111.8805,41.2095],[-111.8814,41.2119],[-111.9007,41.2229],[-111.9145,41.2251],[-111.9452,41.2219],[-111.988,41.2313],[-111.9957,41.2298],[-112.0013,41.235],[-112.0035,41.2274],[-111.996,41.221],[-111.9947,41.2122],[-112.0006,41.2044],[-112.0033,41.1958],[-112.0195,41.1788],[-112.0228,41.1714],[-112.0215,41.1646],[-112.0171,41.1624],[-112.0146,41.1524],[-112.0063,41.1463],[-112.0059,41.1414],[-111.9857,41.1374],[-111.9657,41.1299],[-111.9549,41.1206],[-111.9444,41.1214],[-111.9366,41.1188],[-111.9386,41.1149],[-111.9327,41.1104],[-111.9287,41.1095],[-111.9159,41.1142],[-111.9099,41.1086],[-111.9052,41.1083],[-111.8848,41.1137],[-111.8541,41.1088],[-111.8562,41.1019],[-111.8515,41.0975],[-111.8551,41.0924],[-111.8509,41.0881],[-111.852,41.0825],[-111.8483,41.0757],[-111.8517,41.0667],[-111.8444,41.0595],[-111.8441,41.0501],[-111.8388,41.0446],[-111.8394,41.0406],[-111.8347,41.0374],[-111.8395,41.031],[-111.8382,41.0229],[-111.8255,41.0184],[-111.8204,41.0067],[-111.8108,41.0051],[-111.8069,41.0023],[-111.8042,40.9951],[-111.7934,40.9863],[-111.7733,40.9574],[-111.7549,40.9655],[-111.7517,40.9697],[-111.7448,40.9718],[-111.7453,40.9748],[-111.7369,40.9756],[-111.7286,40.9806],[-111.7324,40.9929],[-111.7283,40.998],[-111.7195,41.0007],[-111.7252,41.0128],[-111.7115,41.029],[-111.7112,41.0349],[-111.7163,41.038],[-111.7159,41.0538],[-111.7129,41.0564],[-111.7059,41.05],[-111.7057,41.0457],[-111.703,41.0438],[-111.6586,41.0287],[-111.6528,41.0219],[-111.6406,41.0222],[-111.6336,41.0169],[-111.6103,41.0121],[-111.6041,41.0061],[-111.5896,40.9986],[-111.5886,40.9956],[-111.5795,40.996],[-111.5728,41.0007],[-111.5667,41.0006],[-111.5686,41.0033],[-111.5563,41.0138],[-111.5533,41.0206],[-111.5575,41.0241],[-111.5534,41.0299],[-111.5616,41.0357],[-111.5605,41.0394],[-111.5635,41.0445],[-111.5531,41.0582],[-111.5391,41.0602],[-111.5387,41.0649],[-111.5335,41.0722],[-111.541,41.0779],[-111.5362,41.0879],[-111.5412,41.093],[-111.5387,41.0992],[-111.5432,41.1039],[-111.5453,41.1192],[-111.5513,41.1239],[-111.555,41.1321],[-111.5536,41.1429],[-111.5598,41.1494],[-111.5599,41.1543],[-111.5664,41.1649],[-111.5739,41.1685],[-111.5634,41.1758],[-111.5606,41.1805],[-111.5639,41.186],[-111.5563,41.1958],[-111.5495,41.2002],[-111.5466,41.2116],[-111.5437,41.2135],[-111.5468,41.2208],[-111.5402,41.2223],[-111.5341,41.2299],[-111.5293,41.2299],[-111.5306,41.2331],[-111.5367,41.2364],[-111.5608,41.2401],[-111.5844,41.2384]]]}},{"type":"Feature","properties":{"huc10":"1602010205","name":"Farmington Creek-Frontal Farmington Bay"},"geometry":{"type":"Polygon","coordinates":[[[-112.0707,41.1789],[-112.0915,41.1732],[-112.099,41.1667],[-112.1076,41.1641],[-112.1237,41.1645],[-112.131,41.1673],[-112.1364,41.1635],[-112.1623,41.1655],[-112.168,41.1712],[-112.1808,41.1711],[-112.1874,41.1678],[-112.1906,41.1628],[-112.1915,41.1545],[-112.1811,41.1332],[-112.1679,41.1226],[-112.1628,41.1219],[-112.1578,41.1175],[-112.1544,41.1182],[-112.1516,41.1143],[-112.1491,41.1161],[-112.1499,41.1142],[-112.1398,41.1094],[-112.1336,41.0949],[-112.1269,41.0896],[-112.1197,41.0642],[-112.1043,41.0494],[-112.0977,41.0356],[-112.0657,41.0218],[-112.0573,41.0109],[-112.0576,41.0064],[-112.0485,40.9916],[-112.0346,40.9877],[-112.0025,40.9841],[-111.9946,40.9867],[-111.989,40.9923],[-111.9808,40.994],[-111.9763,40.9926],[-111.9731,40.986],[-111.9692,40.9868],[-111.9665,40.9917],[-111.9638,40.9887],[-111.956,40.9913],[-111.947,40.987],[-111.932,40.9565],[-111.9095,40.9461],[-111.915,40.9453],[-111.9134,40.9431],[-111.9179,40.9382],[-111.9289,40.9331],[-111.9287,40.9312],[-111.9321,40.9298],[-111.9303,40.9291],[-111.934,40.9273],[-111.931,40.9252],[-111.9322,40.9238],[-111.9408,40.9218],[-111.9411,40.9192],[-111.9479,40.9185],[-111.948,40.9122],[-111.9426,40.9111],[-111.9459,40.9069],[-111.9488,40.9087],[-111.9483,40.9032],[-111.9376,40.8977],[-111.9258,40.8843],[-111.9151,40.8792],[-111.8763,40.8753],[-111.85,40.8692],[-111.8505,40.8658],[-111.8465,40.8635],[-111.8418,40.8493],[-111.8313,40.849],[-111.8172,40.8385],[-111.8125,40.8401],[-111.8039,40.8386],[-111.789,40.8456],[-111.7783,40.8446],[-111.7601,40.8529],[-111.7525,40.853],[-111.7474,40.8599],[-111.7389,40.8611],[-111.7465,40.871],[-111.768,40.8727],[-111.7622,40.8875],[-111.7704,40.888],[-111.7747,40.8956],[-111.7795,40.8962],[-111.7766,40.9002],[-111.7823,40.9122],[-111.7938,40.9159],[-111.7909,40.9279],[-111.804,40.9409],[-111.807,40.949],[-111.8114,40.9499],[-111.8148,40.9562],[-111.8144,40.96],[-111.8093,40.9574],[-111.7913,40.9609],[-111.783,40.9568],[-111.775,40.9599],[-111.7934,40.9863],[-111.8042,40.9951],[-111.8069,41.0023],[-111.8108,41.0051],[-111.8204,41.0067],[-111.8255,41.0184],[-111.8382,41.0229],[-111.8395,41.031],[-111.8347,41.0374],[-111.8394,41.0406],[-111.8388,41.0446],[-111.8441,41.0501],[-111.8444,41.0595],[-111.8517,41.0667],[-111.8483,41.0757],[-111.852,41.0825],[-111.8509,41.0881],[-111.8551,41.0924],[-111.8515,41.0975],[-111.8562,41.1019],[-111.8541,41.1088],[-111.8848,41.1137],[-111.9052,41.1083],[-111.9099,41.1086],[-111.9159,41.1142],[-111.9287,41.1095],[-111.9327,41.1104],[-111.9386,41.1149],[-111.9366,41.1188],[-111.9444,41.1214],[-111.9549,41.1206],[-111.9657,41.1299],[-111.9857,41.1374],[-112.0059,41.1414],[-112.0063,41.1463],[-112.0146,41.1524],[-112.0171,41.1624],[-112.0215,41.1646],[-112.0228,41.1714],[-112.0278,41.1762],[-112.0707,41.1789]]]}},{"type":"Feature","properties":{"huc10":"1602010206","name":"Weber River-Frontal Great Salt Lake"},"geometry":{"type":"Polygon","coordinates":[[[-111.9609,41.3633],[-111.9631,41.3652],[-111.9701,41.3636],[-111.9932,41.3528],[-111.9958,41.3497],[-112.0037,41.3493],[-112.0048,41.3456],[-112.009,41.3436],[-112.0101,41.3338],[-112.0209,41.3243],[-112.0342,41.3252],[-112.0394,41.3191],[-112.0559,41.3151],[-112.058,41.3119],[-112.0536,41.3045],[-112.0545,41.3017],[-112.0912,41.295],[-112.0935,41.2919],[-112.0918,41.2838],[-112.1046,41.2771],[-112.1074,41.2618],[-112.1179,41.2571],[-112.1225,41.2484],[-112.1295,41.2497],[-112.1377,41.2445],[-112.1522,41.2447],[-112.1595,41.2515],[-112.1618,41.2672],[-112.1793,41.2705],[-112.1845,41.2687],[-112.1865,41.2601],[-112.1979,41.2592],[-112.1999,41.2537],[-112.2032,41.2523],[-112.2129,41.254],[-112.2175,41.2513],[-112.2235,41.2542],[-112.2342,41.2543],[-112.2242,41.2469],[-112.2247,41.24],[-112.2494,41.22],[-112.2504,41.2139],[-112.2472,41.2117],[-112.2413,41.2126],[-112.2305,41.1972],[-112.2255,41.1949],[-112.2266,41.1929],[-112.2182,41.1875],[-112.2183,41.1822],[-112.2148,41.1793],[-112.21,41.1803],[-112.2084,41.1766],[-112.204,41.176],[-112.2078,41.1741],[-112.2043,41.1737],[-112.1985,41.1667],[-112.2074,41.159],[-112.2023,41.1546],[-112.192,41.1555],[-112.187,41.1684],[-112.1802,41.1712],[-112.1672,41.1709],[-112.1623,41.1655],[-112.1364,41.1635],[-112.131,41.1673],[-112.1237,41.1645],[-112.1076,41.1641],[-112.099,41.1667],[-112.0915,41.1732],[-112.0726,41.1792],[-112.048,41.1762],[-112.0326,41.1773],[-112.0278,41.1762],[-112.0228,41.1714],[-112.0195,41.1788],[-112.0033,41.1958],[-112.0006,41.2044],[-111.9947,41.2122],[-111.996,41.221],[-112.0035,41.2274],[-112.003,41.2363],[-111.9715,41.2351],[-111.9397,41.2392],[-111.929,41.2477],[-111.92,41.2513],[-111.9186,41.2562],[-111.9138,41.26],[-111.9132,41.2647],[-111.907,41.2662],[-111.9003,41.2722],[-111.9037,41.2804],[-111.8971,41.2838],[-111.8911,41.2924],[-111.8913,41.3094],[-111.9001,41.3214],[-111.8993,41.3272],[-111.9191,41.3322],[-111.9245,41.3467],[-111.943,41.3599],[-111.9513,41.3634],[-111.9609,41.3633]]]}},{"type":"Feature","properties":{"huc10":"1602010207","name":"Third Salt Creek-Frontal Great Salt Lake"},"geometry":{"type":"Polygon","coordinates":[[[-111.9748,41.424],[-111.9863,41.4291],[-111.9896,41.4264],[-112.0064,41.4237],[-112.0251,41.4173],[-112.0408,41.4234],[-112.0813,41.4275],[-112.0842,41.426],[-112.0807,41.4262],[-112.0711,41.4206],[-112.0718,41.4175],[-112.1312,41.3798],[-112.1332,41.369],[-112.1629,41.3633],[-112.1654,41.3662],[-112.1646,41.3632],[-112.178,41.3583],[-112.2047,41.3596],[-112.2368,41.3566],[-112.2389,41.3618],[-112.2428,41.3613],[-112.2458,41.3642],[-112.2505,41.3653],[-112.2576,41.363],[-112.263,41.3452],[-112.2724,41.3371],[-112.2761,41.3294],[-112.2845,41.3207],[-112.292,41.2923],[-112.2921,41.2816],[-112.2891,41.2699],[-112.2862,41.2644],[-112.276,41.2553],[-112.2749,41.2461],[-112.2691,41.2362],[-112.2706,41.2323],[-112.2494,41.22],[-112.2247,41.24],[-112.2242,41.2469],[-112.2342,41.2543],[-112.2235,41.2542],[-112.2175,41.2513],[-112.2129,41.254],[-112.2084,41.2519],[-112.2016,41.2528],[-112.1979,41.2592],[-112.1865,41.2601],[-112.1845,41.2687],[-112.1813,41.2704],[-112.1618,41.2672],[-112.1595,41.2515],[-112.1522,41.2447],[-112.1377,41.2445],[-112.1295,41.2497],[-112.1216,41.2488],[-112.1179,41.2571],[-112.1074,41.2618],[-112.1046,41.2771],[-112.0918,41.2838],[-112.0935,41.2919],[-112.0912,41.295],[-112.0545,41.3017],[-112.0536,41.3045],[-112.058,41.3119],[-112.0559,41.3151],[-112.0394,41.3191],[-112.0342,41.3252],[-112.0209,41.3243],[-112.0101,41.3338],[-112.009,41.3436],[-112.0048,41.3456],[-112.0037,41.3493],[-111.9958,41.3497],[-111.9932,41.3528],[-111.963,41.3652],[-111.9751,41.3776],[-111.9758,41.3844],[-111.9682,41.3923],[-111.9671,41.4044],[-111.9748,41.424]]]}},{"type":"Feature","properties":{"huc10":"1602020101","name":"West Creek-Currant Creek"},"geometry":{"type":"Polygon","coordinates":[[[-111.8172,39.9395],[-111.8203,39.9406],[-111.824,39.9476],[-111.8266,39.9472],[-111.8326,39.9366],[-111.8333,39.9243],[-111.8409,39.9238],[-111.8509,39.9161],[-111.8589,39.9151],[-111.8584,39.9104],[-111.8663,39.9059],[-111.8779,39.9061],[-111.8869,39.913],[-111.8863,39.9163],[-111.8932,39.9305],[-111.9027,39.9329],[-111.9103,39.9391],[-111.922,39.939],[-111.9296,39.9437],[-111.9342,39.9421],[-111.9368,39.9326],[-111.9085,39.9185],[-111.9105,39.913],[-111.9084,39.9086],[-111.912,39.9057],[-111.9132,39.899],[-111.9094,39.8926],[-111.9153,39.8837],[-111.9209,39.8802],[-111.9217,39.8745],[-111.9265,39.8728],[-111.9255,39.8703],[-111.9281,39.865],[-111.9376,39.8585],[-111.9372,39.8553],[-111.9481,39.8493],[-111.9502,39.8348],[-111.9578,39.8363],[-111.9648,39.8253],[-111.9629,39.8157],[-111.9546,39.8115],[-111.9519,39.8047],[-111.9497,39.7733],[-111.9384,39.7615],[-111.9422,39.7491],[-111.9466,39.7449],[-111.9468,39.7428],[-111.9412,39.7383],[-111.9448,39.7343],[-111.9405,39.7297],[-111.9452,39.7258],[-111.942,39.718],[-111.945,39.7131],[-111.9416,39.708],[-111.9477,39.703],[-111.9485,39.6982],[-111.9457,39.6932],[-111.9367,39.6867],[-111.9396,39.6801],[-111.9454,39.6792],[-111.9479,39.6754],[-111.9465,39.6739],[-111.9623,39.6649],[-111.964,39.6577],[-111.958,39.6566],[-111.9581,39.6529],[-111.953,39.6507],[-111.9514,39.641],[-111.9446,39.6327],[-111.9359,39.6404],[-111.9095,39.632],[-111.9075,39.6291],[-111.8964,39.6252],[-111.8804,39.6244],[-111.8673,39.6204],[-111.8226,39.6182],[-111.8125,39.6134],[-111.8067,39.6045],[-111.7947,39.6056],[-111.7897,39.5981],[-111.7856,39.5968],[-111.781,39.5888],[-111.777,39.5869],[-111.7665,39.5905],[-111.7596,39.5871],[-111.7572,39.5831],[-111.7491,39.5833],[-111.7409,39.5872],[-111.7263,39.5848],[-111.7198,39.5906],[-111.7123,39.5924],[-111.7083,39.6032],[-111.7115,39.6099],[-111.7097,39.6133],[-111.7201,39.6198],[-111.7434,39.6417],[-111.7383,39.6516],[-111.7406,39.6562],[-111.7345,39.6551],[-111.7228,39.6595],[-111.7145,39.6584],[-111.7046,39.6644],[-111.6801,39.6693],[-111.671,39.6785],[-111.6681,39.6864],[-111.6651,39.6876],[-111.6391,39.6905],[-111.6293,39.6939],[-111.6175,39.6927],[-111.6106,39.6967],[-111.603,39.6963],[-111.5918,39.7007],[-111.5848,39.7104],[-111.5798,39.7095],[-111.5698,39.7176],[-111.5674,39.7252],[-111.5693,39.7271],[-111.5681,39.7395],[-111.5745,39.7422],[-111.5761,39.7486],[-111.5721,39.7558],[-111.5788,39.7612],[-111.5818,39.7706],[-111.588,39.7707],[-111.5882,39.7745],[-111.5944,39.7773],[-111.6156,39.7727],[-111.6149,39.7777],[-111.621,39.7918],[-111.6233,39.794],[-111.6305,39.7927],[-111.6361,39.7947],[-111.6367,39.8022],[-111.6422,39.8069],[-111.6415,39.8106],[-111.6538,39.8095],[-111.6574,39.8124],[-111.6739,39.807],[-111.6779,39.8033],[-111.6829,39.8062],[-111.6863,39.8038],[-111.6961,39.8055],[-111.6971,39.8131],[-111.6952,39.8144],[-111.6972,39.8182],[-111.7004,39.8185],[-111.7065,39.8265],[-111.7108,39.8272],[-111.7144,39.836],[-111.722,39.8395],[-111.7179,39.8467],[-111.7356,39.8523],[-111.7346,39.8567],[-111.738,39.8641],[-111.758,39.8768],[-111.7611,39.8838],[-111.7569,39.8888],[-111.7579,39.8904],[-111.7686,39.8983],[-111.7814,39.9013],[-111.7821,39.9072],[-111.7872,39.9093],[-111.789,39.9153],[-111.7862,39.9213],[-111.7888,39.9262],[-111.809,39.9389],[-111.8172,39.9395]]]}},{"type":"Feature","properties":{"huc10":"1602020102","name":"Currant Creek-Frontal Utah Lake"},"geometry":{"type":"Polygon","coordinates":[[[-111.9176,40.0567],[-111.9282,40.0591],[-111.9351,40.056],[-111.9529,40.0548],[-111.9794,40.0582],[-112.0121,40.049],[-112.0216,40.0391],[-112.036,40.0336],[-112.0366,40.0289],[-112.0466,40.0179],[-112.0511,40.0183],[-112.0549,40.0126],[-112.0527,40.0094],[-112.0565,39.9986],[-112.0606,39.9997],[-112.072,39.9893],[-112.0768,39.9911],[-112.0808,39.9857],[-112.0876,39.9868],[-112.1036,39.9753],[-112.1098,39.974],[-112.1097,39.9705],[-112.1042,39.9654],[-112.1023,39.9591],[-112.0941,39.954],[-112.1027,39.948],[-112.1057,39.9409],[-112.1027,39.9349],[-112.1035,39.9288],[-112.093,39.9303],[-112.0924,39.9277],[-112.0853,39.9255],[-112.0835,39.9185],[-112.0806,39.9172],[-112.0811,39.913],[-112.0718,39.9111],[-112.0626,39.9047],[-112.061,39.8981],[-112.0536,39.8935],[-112.0595,39.8873],[-112.0594,39.8799],[-112.0663,39.8762],[-112.0706,39.8698],[-112.0813,39.865],[-112.0806,39.8534],[-112.0768,39.8529],[-112.074,39.8472],[-112.0752,39.8397],[-112.0702,39.8379],[-112.0654,39.8299],[-112.0682,39.8275],[-112.0713,39.8143],[-112.0777,39.809],[-112.08,39.8021],[-112.0767,39.8001],[-112.0873,39.7904],[-112.0896,39.7819],[-112.0685,39.7773],[-112.0611,39.7821],[-112.0558,39.7774],[-112.0476,39.7769],[-112.0415,39.7833],[-112.0318,39.7812],[-112.0258,39.7827],[-112.0251,39.7862],[-112.0208,39.7865],[-112.0162,39.7917],[-112.0044,39.7957],[-112.0031,39.8],[-111.9909,39.8047],[-111.9896,39.8116],[-111.9697,39.807],[-111.9629,39.8157],[-111.9648,39.8253],[-111.958,39.8362],[-111.9502,39.8348],[-111.9481,39.8493],[-111.9372,39.8553],[-111.9376,39.8585],[-111.9281,39.865],[-111.9255,39.8703],[-111.9265,39.8728],[-111.9217,39.8745],[-111.9209,39.8802],[-111.9153,39.8837],[-111.9096,39.8922],[-111.9132,39.899],[-111.912,39.9057],[-111.9084,39.9086],[-111.9105,39.913],[-111.9085,39.9185],[-111.9374,39.9342],[-111.9341,39.9424],[-111.9307,39.9437],[-111.922,39.939],[-111.9078,39.9405],[-111.901,39.9517],[-111.8973,39.9671],[-111.8984,39.9729],[-111.9083,39.9853],[-111.9065,39.9997],[-111.9141,40.0103],[-111.9121,40.0151],[-111.9166,40.0122],[-111.9164,40.009],[-111.9166,40.0127],[-111.9224,40.0196],[-111.9207,40.0229],[-111.9222,40.0278],[-111.9268,40.0301],[-111.9211,40.0454],[-111.9235,40.0517],[-111.9214,40.0543],[-111.8987,40.0557],[-111.8988,40.0514],[-111.9043,40.0492],[-111.8921,40.0468],[-111.8974,40.0566],[-111.9176,40.0567]]]}},{"type":"Feature","properties":{"huc10":"1602020103","name":"White Lake-Frontal Utah Lake"},"geometry":{"type":"Polygon","coordinates":[[[-111.8243,40.0952],[-111.8164,40.1232],[-111.8121,40.1295],[-111.8133,40.1331],[-111.8063,40.1458],[-111.8252,40.1395],[-111.8392,40.1316],[-111.8465,40.118],[-111.8526,40.1136],[-111.8545,40.1009],[-111.8633,40.0858],[-111.8675,40.0844],[-111.8703,40.0795],[-111.8609,40.0771],[-111.8568,40.0715],[-111.8623,40.0607],[-111.8671,40.058],[-111.88,40.0412],[-111.8768,40.0395],[-111.8758,40.0352],[-111.883,40.0266],[-111.8806,40.0243],[-111.8832,40.0259],[-111.9059,40.021],[-111.908,40.0125],[-111.9127,40.0113],[-111.9117,40.0149],[-111.9132,40.0138],[-111.9141,40.0103],[-111.9065,39.9997],[-111.9083,39.9853],[-111.8972,39.9694],[-111.901,39.9517],[-111.9102,39.939],[-111.9027,39.9329],[-111.892,39.9294],[-111.8863,39.9163],[-111.8871,39.9134],[-111.8813,39.9076],[-111.8665,39.9059],[-111.8584,39.9104],[-111.8589,39.9151],[-111.8509,39.9161],[-111.8409,39.9238],[-111.8333,39.9243],[-111.8326,39.9366],[-111.8274,39.9465],[-111.824,39.9476],[-111.8201,39.9404],[-111.809,39.9389],[-111.7888,39.9262],[-111.7862,39.9213],[-111.7891,39.9155],[-111.7872,39.9093],[-111.7822,39.9074],[-111.783,39.9042],[-111.7807,39.9007],[-111.7686,39.8983],[-111.7579,39.8904],[-111.7569,39.8888],[-111.7611,39.8838],[-111.758,39.8768],[-111.738,39.8641],[-111.7346,39.8567],[-111.7356,39.8523],[-111.714,39.8463],[-111.6995,39.8585],[-111.6869,39.8623],[-111.6855,39.8656],[-111.6885,39.8716],[-111.6835,39.8773],[-111.6894,39.8803],[-111.6883,39.8846],[-111.6975,39.8961],[-111.6951,39.9004],[-111.6998,39.9077],[-111.7156,39.9232],[-111.7328,39.9322],[-111.7315,39.9467],[-111.7543,39.9439],[-111.7663,39.9475],[-111.7703,39.956],[-111.7911,39.9724],[-111.8021,39.9842],[-111.8043,39.9897],[-111.8103,39.9926],[-111.8107,40.0004],[-111.8075,40.0061],[-111.8036,40.008],[-111.8029,40.0123],[-111.8075,40.0152],[-111.8101,40.0208],[-111.8078,40.0264],[-111.8111,40.0285],[-111.8181,40.0279],[-111.8201,40.0328],[-111.8263,40.036],[-111.8255,40.0386],[-111.8294,40.0413],[-111.828,40.0454],[-111.8307,40.0486],[-111.8255,40.0757],[-111.8292,40.0777],[-111.8231,40.083],[-111.822,40.0888],[-111.8221,40.0945],[-111.8243,40.0952]]]}},{"type":"Feature","properties":{"huc10":"1602020104","name":"Manning Canyon-Fremont Canyon"},"geometry":{"type":"Polygon","coordinates":[[[-112.084,40.3889],[-112.0978,40.3977],[-112.1141,40.4006],[-112.1358,40.3888],[-112.1684,40.3835],[-112.1722,40.3746],[-112.1888,40.3725],[-112.1937,40.368],[-112.1948,40.3626],[-112.1756,40.3358],[-112.1963,40.3262],[-112.1935,40.319],[-112.1979,40.3158],[-112.1987,40.3072],[-112.1922,40.3042],[-112.1897,40.3003],[-112.1866,40.2869],[-112.1885,40.2855],[-112.1891,40.2735],[-112.1929,40.269],[-112.1921,40.2645],[-112.1843,40.2581],[-112.1825,40.2382],[-112.1767,40.2277],[-112.1709,40.2258],[-112.1673,40.2184],[-112.1542,40.2183],[-112.1549,40.2152],[-112.1496,40.2123],[-112.1585,40.2067],[-112.1573,40.2031],[-112.1605,40.1988],[-112.1541,40.1972],[-112.1519,40.1941],[-112.1486,40.1956],[-112.1489,40.191],[-112.1469,40.1894],[-112.1524,40.1845],[-112.1529,40.1792],[-112.1469,40.1783],[-112.1443,40.1732],[-112.1459,40.1709],[-112.1555,40.1704],[-112.1588,40.1632],[-112.1763,40.1558],[-112.1678,40.1468],[-112.1762,40.131],[-112.1637,40.1233],[-112.1641,40.1186],[-112.1608,40.1143],[-112.156,40.1131],[-112.1541,40.1077],[-112.1585,40.1005],[-112.158,40.0888],[-112.1728,40.0843],[-112.176,40.0776],[-112.1721,40.0685],[-112.1733,40.0662],[-112.1802,40.0673],[-112.1837,40.0599],[-112.172,40.0396],[-112.1749,40.0354],[-112.1741,40.0327],[-112.1774,40.03],[-112.1769,40.0194],[-112.1798,40.0115],[-112.1602,40.0069],[-112.1506,39.998],[-112.1509,39.9933],[-112.142,39.9897],[-112.142,39.9864],[-112.1352,39.9793],[-112.1244,39.974],[-112.1036,39.9753],[-112.0876,39.9868],[-112.0808,39.9857],[-112.0771,39.991],[-112.072,39.9893],[-112.0606,39.9997],[-112.0565,39.9986],[-112.0527,40.0094],[-112.0549,40.0126],[-112.0508,40.0177],[-112.0554,40.0183],[-112.0532,40.0219],[-112.0578,40.0346],[-112.0571,40.0395],[-112.0603,40.0416],[-112.0539,40.0481],[-112.056,40.0544],[-112.0517,40.0606],[-112.0531,40.0655],[-112.0457,40.0754],[-112.0478,40.0854],[-112.0373,40.1057],[-112.0237,40.1162],[-112.0163,40.1165],[-112.0171,40.1248],[-112.0131,40.1294],[-112.0119,40.1419],[-112.0056,40.1483],[-111.9874,40.1543],[-111.9832,40.1715],[-111.9749,40.1769],[-111.9745,40.1832],[-111.9703,40.1871],[-111.9731,40.1899],[-111.9719,40.1964],[-111.968,40.197],[-111.9654,40.2066],[-111.9522,40.2137],[-111.939,40.2304],[-111.9272,40.2347],[-111.9278,40.2418],[-111.9215,40.2453],[-111.9262,40.2521],[-111.9283,40.2615],[-111.9333,40.2635],[-111.9351,40.2694],[-111.9299,40.2718],[-111.9304,40.2754],[-111.9357,40.2806],[-111.9407,40.2786],[-111.9499,40.2851],[-111.9577,40.2979],[-111.9618,40.3082],[-111.9611,40.3121],[-111.9671,40.3181],[-111.9623,40.3266],[-111.9693,40.3349],[-111.971,40.3431],[-111.9828,40.3433],[-111.9858,40.3399],[-111.9918,40.3391],[-111.9971,40.3434],[-111.9987,40.3481],[-112.0092,40.3537],[-112.0156,40.3603],[-112.0368,40.3693],[-112.0504,40.3779],[-112.0644,40.3803],[-112.0755,40.3877],[-112.084,40.3889]]]}},{"type":"Feature","properties":{"huc10":"1602020109","name":"Utah Lake"},"geometry":{"type":"Polygon","coordinates":[[[-111.8729,40.3637],[-111.8986,40.3602],[-111.8989,40.356],[-111.9101,40.3439],[-111.912,40.3382],[-111.8991,40.3313],[-111.8959,40.3231],[-111.8889,40.3178],[-111.8794,40.3004],[-111.8665,40.2859],[-111.8603,40.2722],[-111.8549,40.268],[-111.8481,40.2684],[-111.857,40.2629],[-111.8615,40.2555],[-111.8623,40.2523],[-111.8571,40.2513],[-111.8635,40.2414],[-111.8766,40.2061],[-111.8809,40.2006],[-111.8883,40.1977],[-111.8907,40.1912],[-111.897,40.189],[-111.9029,40.1811],[-111.911,40.1759],[-111.9284,40.1527],[-111.9434,40.1271],[-111.9399,40.1168],[-111.9178,40.1026],[-111.9196,40.0998],[-111.9292,40.0958],[-111.9254,40.0825],[-111.9055,40.0668],[-111.9032,40.0641],[-111.9051,40.0631],[-111.8957,40.059],[-111.8924,40.0551],[-111.8923,40.0468],[-111.9043,40.0492],[-111.8988,40.0514],[-111.8987,40.0557],[-111.9204,40.0547],[-111.9234,40.052],[-111.9211,40.0454],[-111.9268,40.0299],[-111.9222,40.0278],[-111.9207,40.0229],[-111.9224,40.0196],[-111.9166,40.0127],[-111.9164,40.009],[-111.9166,40.0122],[-111.9128,40.0151],[-111.9127,40.0113],[-111.908,40.0125],[-111.9056,40.0165],[-111.9065,40.0208],[-111.8832,40.0259],[-111.8806,40.0243],[-111.883,40.0266],[-111.8758,40.0352],[-111.8768,40.0395],[-111.88,40.0412],[-111.8671,40.058],[-111.8623,40.0607],[-111.8568,40.0715],[-111.8576,40.0751],[-111.8702,40.08],[-111.867,40.0848],[-111.8632,40.0861],[-111.8533,40.1035],[-111.8537,40.1114],[-111.8465,40.118],[-111.8384,40.1322],[-111.8075,40.1458],[-111.8035,40.144],[-111.8005,40.1369],[-111.8027,40.1373],[-111.8026,40.1347],[-111.7998,40.1341],[-111.797,40.1286],[-111.7928,40.1286],[-111.7905,40.1345],[-111.7751,40.138],[-111.752,40.1422],[-111.7497,40.1378],[-111.7512,40.1422],[-111.7408,40.1468],[-111.7391,40.1513],[-111.7436,40.1647],[-111.7483,40.1665],[-111.735,40.1704],[-111.7354,40.18],[-111.7223,40.1748],[-111.7205,40.1712],[-111.722,40.168],[-111.7177,40.1622],[-111.7106,40.1603],[-111.6963,40.1733],[-111.6839,40.1714],[-111.6826,40.1686],[-111.6781,40.1738],[-111.6658,40.17],[-111.6638,40.1746],[-111.6583,40.1768],[-111.6579,40.1807],[-111.6527,40.1824],[-111.6522,40.1867],[-111.6406,40.1884],[-111.6397,40.1902],[-111.6429,40.1934],[-111.6317,40.1942],[-111.6268,40.1978],[-111.6324,40.2064],[-111.6459,40.2109],[-111.6602,40.2106],[-111.6694,40.2063],[-111.6757,40.21],[-111.6785,40.2079],[-111.6884,40.2111],[-111.6892,40.2148],[-111.6975,40.217],[-111.7008,40.2218],[-111.7008,40.2146],[-111.7054,40.2142],[-111.7049,40.2179],[-111.7158,40.2238],[-111.7205,40.2335],[-111.729,40.2371],[-111.7385,40.2364],[-111.7255,40.2374],[-111.7127,40.2424],[-111.7181,40.2423],[-111.7164,40.2463],[-111.7223,40.2512],[-111.7275,40.2522],[-111.726,40.2575],[-111.7312,40.2644],[-111.7427,40.2737],[-111.7511,40.2774],[-111.759,40.2866],[-111.7622,40.2943],[-111.7639,40.3144],[-111.7665,40.3181],[-111.7633,40.329],[-111.7654,40.3332],[-111.7754,40.3364],[-111.7693,40.3347],[-111.773,40.3373],[-111.7839,40.3381],[-111.777,40.3372],[-111.7818,40.3422],[-111.7836,40.3402],[-111.7948,40.3431],[-111.7931,40.3411],[-111.7988,40.3456],[-111.7994,40.3424],[-111.8019,40.3424],[-111.8135,40.3519],[-111.8156,40.3509],[-111.8153,40.3544],[-111.82,40.3552],[-111.818,40.3526],[-111.8241,40.3555],[-111.8243,40.3537],[-111.8291,40.3548],[-111.8276,40.3558],[-111.8302,40.359],[-111.837,40.3582],[-111.8392,40.3616],[-111.8729,40.3637]]]}},{"type":"Feature","properties":{"huc10":"1602020110","name":"Dry Creek-Jordan River"},"geometry":{"type":"Polygon","coordinates":[[[-111.6925,40.5337],[-111.6982,40.5357],[-111.7131,40.5327],[-111.7204,40.5252],[-111.7351,40.5327],[-111.7398,40.5241],[-111.7438,40.5226],[-111.7627,40.5292],[-111.7698,40.5225],[-111.7784,40.5201],[-111.788,40.5136],[-111.7916,40.5052],[-111.7894,40.4979],[-111.8022,40.4938],[-111.8092,40.4885],[-111.8161,40.4891],[-111.8237,40.4848],[-111.8312,40.4841],[-111.8341,40.475],[-111.8509,40.4756],[-111.8504,40.4717],[-111.8551,40.4697],[-111.8557,40.4669],[-111.8653,40.4701],[-111.8706,40.4767],[-111.8735,40.4769],[-111.8923,40.4641],[-111.9006,40.4633],[-111.9116,40.4497],[-111.9247,40.4417],[-111.9253,40.4367],[-111.9384,40.4285],[-111.944,40.4284],[-111.946,40.4249],[-111.9597,40.4186],[-111.9677,40.4198],[-111.9819,40.4143],[-111.9834,40.4157],[-111.9894,40.4137],[-111.9935,40.3928],[-111.9953,40.3925],[-111.9938,40.3792],[-111.9861,40.3787],[-111.9833,40.3718],[-111.9561,40.36],[-111.9529,40.3551],[-111.9453,40.3519],[-111.925,40.3542],[-111.9019,40.3534],[-111.8989,40.356],[-111.8985,40.3603],[-111.8814,40.3612],[-111.8738,40.364],[-111.8612,40.3615],[-111.849,40.3631],[-111.8392,40.3616],[-111.837,40.3582],[-111.8302,40.359],[-111.8276,40.3558],[-111.8291,40.3549],[-111.8261,40.354],[-111.8241,40.3555],[-111.818,40.3526],[-111.82,40.3552],[-111.8155,40.3545],[-111.8156,40.3509],[-111.8135,40.3519],[-111.8114,40.3484],[-111.8049,40.3459],[-111.8001,40.3584],[-111.8015,40.3704],[-111.7989,40.3779],[-111.7873,40.3913],[-111.7874,40.4024],[-111.7902,40.4099],[-111.7841,40.4239],[-111.7613,40.4367],[-111.7559,40.4347],[-111.7475,40.4367],[-111.7346,40.4466],[-111.7283,40.4475],[-111.7242,40.4504],[-111.7182,40.4649],[-111.7065,40.4713],[-111.6956,40.4725],[-111.692,40.4767],[-111.6977,40.4847],[-111.6952,40.4914],[-111.6971,40.4963],[-111.6937,40.5053],[-111.683,40.5148],[-111.6841,40.525],[-111.6862,40.5266],[-111.6847,40.5313],[-111.6925,40.5337]]]}},{"type":"Feature","properties":{"huc10":"1602020201","name":"Soldier Creek"},"geometry":{"type":"Polygon","coordinates":[[[-111.2006,40.0421],[-111.2041,40.0508],[-111.2052,40.048],[-111.2174,40.0402],[-111.2316,40.0357],[-111.2373,40.0378],[-111.2393,40.0301],[-111.2442,40.0253],[-111.2489,40.0245],[-111.265,40.0324],[-111.274,40.0312],[-111.2792,40.0277],[-111.2827,40.0302],[-111.284,40.0348],[-111.2922,40.0371],[-111.2937,40.0257],[-111.3012,40.0267],[-111.3073,40.0217],[-111.311,40.0221],[-111.3159,40.0277],[-111.3228,40.0221],[-111.3269,40.0221],[-111.3406,40.038],[-111.3507,40.0395],[-111.3528,40.0361],[-111.3574,40.0365],[-111.3639,40.0297],[-111.3701,40.0281],[-111.3817,40.0307],[-111.3864,40.0343],[-111.3938,40.0339],[-111.3967,40.0364],[-111.4138,40.0369],[-111.4207,40.0312],[-111.4282,40.0325],[-111.4334,40.0262],[-111.4377,40.0269],[-111.4465,40.0181],[-111.459,40.0117],[-111.4688,40.0116],[-111.4885,40.0049],[-111.4959,40.0001],[-111.4983,39.9936],[-111.4965,39.9888],[-111.4822,39.9725],[-111.4864,39.9519],[-111.4794,39.9485],[-111.4798,39.9287],[-111.4712,39.9231],[-111.4721,39.916],[-111.4662,39.9078],[-111.4669,39.9035],[-111.4627,39.9016],[-111.4427,39.901],[-111.4359,39.8977],[-111.4352,39.8881],[-111.4298,39.8788],[-111.432,39.8734],[-111.4302,39.8698],[-111.433,39.8681],[-111.429,39.8597],[-111.4238,39.8553],[-111.4195,39.8555],[-111.4158,39.8501],[-111.3962,39.8438],[-111.3887,39.845],[-111.381,39.8424],[-111.3798,39.8371],[-111.3748,39.8345],[-111.3494,39.8317],[-111.3331,39.8374],[-111.334,39.8453],[-111.3264,39.8487],[-111.324,39.857],[-111.3163,39.8585],[-111.3111,39.855],[-111.3023,39.8546],[-111.2963,39.8492],[-111.2921,39.8385],[-111.2882,39.8355],[-111.2594,39.8261],[-111.2479,39.8251],[-111.2436,39.8282],[-111.2382,39.827],[-111.2352,39.8249],[-111.2352,39.8218],[-111.2266,39.8208],[-111.2241,39.813],[-111.2157,39.8066],[-111.2086,39.8068],[-111.1987,39.7997],[-111.1814,39.794],[-111.1766,39.8037],[-111.1774,39.8127],[-111.1741,39.8172],[-111.1735,39.83],[-111.1656,39.8334],[-111.1569,39.8416],[-111.1547,39.8463],[-111.155,39.8565],[-111.1481,39.8664],[-111.1513,39.876],[-111.15,39.8927],[-111.1313,39.8909],[-111.1183,39.8958],[-111.1192,39.9001],[-111.0991,39.9105],[-111.09,39.9237],[-111.0832,39.9265],[-111.082,39.9336],[-111.0827,39.9394],[-111.1052,39.9442],[-111.1179,39.9432],[-111.1293,39.9472],[-111.1296,39.9511],[-111.1202,39.9571],[-111.1208,39.9598],[-111.118,39.9616],[-111.1189,39.9677],[-111.1295,39.9705],[-111.1346,39.9751],[-111.134,39.9791],[-111.1431,39.987],[-111.1517,39.9849],[-111.1598,39.9921],[-111.1677,39.9906],[-111.1717,40.0107],[-111.1769,40.0159],[-111.1874,40.0207],[-111.1914,40.0296],[-111.198,40.0316],[-111.2009,40.0369],[-111.1988,40.0417],[-111.2006,40.0421]]]}},{"type":"Feature","properties":{"huc10":"1602030815","name":"Beards Hollow-Puddle Valley"},"geometry":{"type":"Polygon","coordinates":[[[-112.9486,41.0332],[-112.9553,41.0362],[-112.9597,41.0328],[-112.9769,41.0353],[-112.9808,41.0284],[-113.0023,41.0313],[-113.0014,41.0203],[-112.9959,41.0131],[-113.0007,41.0105],[-113.0023,41.0021],[-113.0082,41.0005],[-113.0215,40.9888],[-113.0359,40.9819],[-113.0409,40.9722],[-113.0514,40.9603],[-113.0584,40.955],[-113.0668,40.9551],[-113.07,40.9526],[-113.0735,40.9483],[-113.0723,40.9454],[-113.0746,40.9417],[-113.0603,40.9404],[-113.0569,40.9306],[-113.0614,40.9247],[-113.0625,40.9167],[-113.0591,40.9084],[-113.0364,40.9052],[-113.0315,40.9012],[-113.0303,40.8949],[-113.0239,40.8893],[-113.0223,40.8772],[-113.0118,40.8643],[-113.0186,40.859],[-113.0113,40.852],[-113.0145,40.8409],[-113.0126,40.8223],[-113.0094,40.8143],[-113.0173,40.8046],[-113.0151,40.7983],[-113.0226,40.7929],[-113.0224,40.7838],[-113.0095,40.7863],[-113.0047,40.784],[-113.0038,40.78],[-112.9992,40.776],[-112.9859,40.7698],[-112.9807,40.7581],[-112.9607,40.7424],[-112.9424,40.7321],[-112.9246,40.7318],[-112.9157,40.7426],[-112.9147,40.749],[-112.9084,40.7515],[-112.9066,40.759],[-112.9019,40.7639],[-112.9059,40.7704],[-112.9017,40.7763],[-112.9065,40.7821],[-112.9052,40.7916],[-112.8985,40.793],[-112.8975,40.7978],[-112.8894,40.7999],[-112.8908,40.804],[-112.8999,40.8088],[-112.9059,40.8258],[-112.9037,40.8302],[-112.8974,40.8336],[-112.8932,40.8452],[-112.9004,40.852],[-112.9009,40.8571],[-112.8758,40.8591],[-112.8524,40.8726],[-112.8334,40.8763],[-112.8241,40.8844],[-112.8251,40.8925],[-112.8349,40.9053],[-112.8369,40.9139],[-112.8349,40.9186],[-112.8402,40.9269],[-112.8384,40.9325],[-112.8408,40.9359],[-112.8351,40.9366],[-112.8305,40.9402],[-112.8382,40.9424],[-112.8394,40.945],[-112.8436,40.9453],[-112.854,40.9522],[-112.8605,40.9709],[-112.8684,40.9835],[-112.8765,40.9859],[-112.8771,40.9905],[-112.8889,40.995],[-112.8898,41.003],[-112.8931,41.0033],[-112.8947,41.0072],[-112.8961,41.0191],[-112.9195,41.0204],[-112.9282,41.0239],[-112.9363,41.0216],[-112.94,41.0283],[-112.9486,41.0332]]]}},{"type":"Feature","properties":{"huc10":"1602030816","name":"Dells Canyon-German Valley"},"geometry":{"type":"Polygon","coordinates":[[[-113.3087,41.2468],[-113.3263,41.2467],[-113.3438,41.2378],[-113.3504,41.2294],[-113.3465,41.2245],[-113.35,41.2154],[-113.3545,41.2101],[-113.3624,41.209],[-113.3645,41.1911],[-113.3686,41.1847],[-113.3746,41.18],[-113.3857,41.1798],[-113.3855,41.1657],[-113.3917,41.1546],[-113.3952,41.1529],[-113.3968,41.1444],[-113.3925,41.1305],[-113.3918,41.1185],[-113.3875,41.116],[-113.393,41.0904],[-113.3841,41.0776],[-113.3839,41.0665],[-113.3797,41.0626],[-113.3806,41.0532],[-113.3773,41.0498],[-113.3716,41.0317],[-113.3738,41.0269],[-113.3692,41.0165],[-113.3596,41.006],[-113.3548,41.0061],[-113.3543,41.0007],[-113.3504,40.997],[-113.3376,40.9909],[-113.3313,40.9827],[-113.3204,40.9813],[-113.2824,40.9658],[-113.2527,40.9608],[-113.2279,40.9609],[-113.207,40.9645],[-113.2032,40.9631],[-113.2054,40.9574],[-113.1988,40.9494],[-113.198,40.9395],[-113.1881,40.9369],[-113.1864,40.929],[-113.1776,40.9284],[-113.1751,40.9246],[-113.1566,40.92],[-113.1483,40.9096],[-113.1355,40.9187],[-113.134,40.9246],[-113.1052,40.9296],[-113.0893,40.9408],[-113.0865,40.9491],[-113.0726,40.9451],[-113.0735,40.9483],[-113.0679,40.9548],[-113.0584,40.955],[-113.0514,40.9603],[-113.0409,40.9722],[-113.0359,40.9819],[-113.0215,40.9888],[-113.0082,41.0005],[-113.0023,41.0021],[-113.0007,41.0105],[-112.9959,41.0139],[-113.0014,41.0203],[-113.0033,41.0298],[-112.997,41.0308],[-112.9936,41.0345],[-112.9955,41.0462],[-112.9878,41.0539],[-112.986,41.0623],[-112.9917,41.0652],[-112.9976,41.062],[-112.9993,41.0732],[-113.0043,41.0759],[-113.0048,41.0788],[-113.0011,41.0793],[-112.9952,41.0858],[-112.9983,41.0882],[-112.9953,41.0944],[-112.9987,41.0947],[-113.0001,41.0975],[-112.9995,41.1105],[-113.0062,41.1173],[-113.0091,41.1172],[-113.0124,41.1223],[-113.0137,41.1272],[-113.0084,41.1363],[-113.0152,41.1429],[-113.0127,41.1517],[-113.0047,41.1595],[-112.9988,41.1705],[-113.0085,41.174],[-113.0412,41.1612],[-113.0754,41.1559],[-113.0987,41.1555],[-113.1679,41.1629],[-113.1995,41.1696],[-113.2128,41.1773],[-113.2198,41.1901],[-113.2255,41.1845],[-113.2282,41.185],[-113.2274,41.1895],[-113.2358,41.1944],[-113.2369,41.1972],[-113.2345,41.2028],[-113.2439,41.2147],[-113.2458,41.2205],[-113.2502,41.2268],[-113.2626,41.2359],[-113.3087,41.2468]]]}},{"type":"Feature","properties":{"huc10":"1602030817","name":"Matlin Basin"},"geometry":{"type":"Polygon","coordinates":[[[-113.3493,41.6383],[-113.359,41.6443],[-113.367,41.6259],[-113.397,41.6101],[-113.3988,41.6063],[-113.3953,41.6024],[-113.398,41.6009],[-113.3971,41.5955],[-113.4041,41.5954],[-113.4102,41.5884],[-113.4266,41.577],[-113.4297,41.568],[-113.4357,41.5656],[-113.4417,41.5548],[-113.4626,41.5533],[-113.4645,41.5455],[-113.4743,41.5395],[-113.4766,41.534],[-113.4865,41.5317],[-113.4931,41.5187],[-113.4908,41.5059],[-113.4851,41.502],[-113.4769,41.4877],[-113.4823,41.4791],[-113.4825,41.4746],[-113.4889,41.4663],[-113.486,41.4604],[-113.4568,41.4436],[-113.4426,41.4417],[-113.4305,41.4454],[-113.4303,41.4404],[-113.4222,41.4371],[-113.4178,41.4309],[-113.4017,41.4188],[-113.4014,41.4149],[-113.4095,41.4052],[-113.4051,41.3933],[-113.4024,41.3709],[-113.3969,41.3627],[-113.3906,41.3582],[-113.3995,41.3481],[-113.3942,41.3446],[-113.3888,41.3309],[-113.3747,41.3144],[-113.3763,41.3064],[-113.3725,41.3031],[-113.3765,41.2987],[-113.3662,41.2898],[-113.361,41.2914],[-113.3465,41.2839],[-113.3495,41.2811],[-113.3467,41.2741],[-113.3434,41.2736],[-113.341,41.2681],[-113.329,41.2577],[-113.3288,41.2546],[-113.3398,41.2489],[-113.3489,41.2315],[-113.3352,41.2438],[-113.3138,41.2481],[-113.2626,41.2359],[-113.2502,41.2268],[-113.2458,41.2205],[-113.2439,41.2147],[-113.2345,41.2028],[-113.2369,41.1972],[-113.2358,41.1944],[-113.2274,41.1895],[-113.2282,41.185],[-113.2255,41.1845],[-113.2198,41.1901],[-113.2142,41.1789],[-113.2095,41.1752],[-113.1995,41.1696],[-113.1794,41.1647],[-113.0987,41.1555],[-113.0754,41.1559],[-113.0412,41.1612],[-113.0085,41.174],[-113.0232,41.1747],[-113.0317,41.1845],[-113.0366,41.1861],[-113.0485,41.1848],[-113.0584,41.1792],[-113.0716,41.1777],[-113.0817,41.1917],[-113.0924,41.1978],[-113.0916,41.2021],[-113.0894,41.2026],[-113.0918,41.2049],[-113.0917,41.2113],[-113.0828,41.2178],[-113.0803,41.2228],[-113.0814,41.229],[-113.0867,41.234],[-113.1012,41.2403],[-113.0987,41.2428],[-113.099,41.2467],[-113.1147,41.2626],[-113.1058,41.2692],[-113.1089,41.2728],[-113.1034,41.2801],[-113.1039,41.284],[-113.1066,41.2877],[-113.1133,41.2887],[-113.1224,41.3032],[-113.1317,41.3101],[-113.1294,41.319],[-113.1337,41.3274],[-113.1328,41.3381],[-113.1434,41.3442],[-113.1513,41.3446],[-113.1576,41.352],[-113.1656,41.3565],[-113.1725,41.3625],[-113.1797,41.3791],[-113.1788,41.3856],[-113.1817,41.3862],[-113.1821,41.389],[-113.1764,41.3969],[-113.18,41.4022],[-113.1736,41.4044],[-113.1729,41.4104],[-113.175,41.4139],[-113.1739,41.4183],[-113.177,41.4224],[-113.1848,41.4253],[-113.1849,41.4292],[-113.1883,41.4325],[-113.1875,41.4359],[-113.1817,41.4402],[-113.1846,41.447],[-113.1819,41.4493],[-113.1782,41.4614],[-113.1818,41.4682],[-113.1754,41.4719],[-113.173,41.4768],[-113.1744,41.4815],[-113.1705,41.4778],[-113.1615,41.4783],[-113.1531,41.4735],[-113.1273,41.4832],[-113.1307,41.4904],[-113.1298,41.4965],[-113.135,41.5008],[-113.1356,41.5078],[-113.143,41.5137],[-113.1428,41.5296],[-113.1516,41.5342],[-113.1573,41.5423],[-113.1562,41.5465],[-113.1627,41.5552],[-113.161,41.5568],[-113.1632,41.564],[-113.1659,41.5655],[-113.1639,41.5667],[-113.165,41.5688],[-113.1674,41.5701],[-113.1723,41.5674],[-113.1892,41.581],[-113.1968,41.5815],[-113.2133,41.5956],[-113.2158,41.6032],[-113.2198,41.6046],[-113.2292,41.6053],[-113.2397,41.602],[-113.2493,41.6047],[-113.2543,41.6032],[-113.2627,41.6048],[-113.2667,41.6108],[-113.272,41.6123],[-113.2813,41.6096],[-113.2861,41.6056],[-113.2892,41.6073],[-113.2922,41.6013],[-113.3016,41.6022],[-113.3092,41.609],[-113.3345,41.6237],[-113.3355,41.6283],[-113.3493,41.6383]]]}},{"type":"Feature","properties":{"huc10":"1602030905","name":"Hansel Valley Wash-Frontal Great Salt Lake"},"geometry":{"type":"Polygon","coordinates":[[[-112.5781,41.9838],[-112.5837,41.9832],[-112.5831,41.9745],[-112.5874,41.9719],[-112.5918,41.9597],[-112.6053,41.9633],[-112.6071,41.971],[-112.6095,41.9676],[-112.6148,41.9663],[-112.6156,41.9598],[-112.6187,41.9584],[-112.6201,41.9528],[-112.6173,41.9495],[-112.6175,41.9418],[-112.6016,41.9313],[-112.6032,41.9269],[-112.597,41.9223],[-112.6006,41.9189],[-112.6022,41.911],[-112.6137,41.9069],[-112.6255,41.9118],[-112.656,41.9069],[-112.6622,41.9111],[-112.6634,41.9171],[-112.6768,41.9162],[-112.6852,41.919],[-112.6865,41.916],[-112.6951,41.9118],[-112.6962,41.9074],[-112.7055,41.9023],[-112.7067,41.8958],[-112.7031,41.8913],[-112.6928,41.8919],[-112.6909,41.8882],[-112.6844,41.8856],[-112.6873,41.8816],[-112.6931,41.8798],[-112.6924,41.873],[-112.699,41.864],[-112.6975,41.8555],[-112.7045,41.8526],[-112.7046,41.8486],[-112.7184,41.848],[-112.7224,41.8386],[-112.7273,41.8368],[-112.7271,41.8346],[-112.7399,41.8205],[-112.7658,41.8056],[-112.7671,41.8013],[-112.7858,41.7866],[-112.7866,41.7757],[-112.7909,41.771],[-112.8154,41.7628],[-112.8186,41.7649],[-112.8199,41.7577],[-112.8307,41.7361],[-112.8343,41.7306],[-112.8396,41.7288],[-112.8379,41.7217],[-112.8429,41.7133],[-112.8432,41.7012],[-112.8398,41.6992],[-112.8341,41.7008],[-112.8209,41.6988],[-112.812,41.6959],[-112.8118,41.6916],[-112.8067,41.6896],[-112.7906,41.6883],[-112.7635,41.6717],[-112.761,41.6664],[-112.7542,41.6635],[-112.7464,41.6557],[-112.7435,41.6563],[-112.7435,41.6527],[-112.7393,41.6479],[-112.7405,41.6429],[-112.7468,41.6388],[-112.7481,41.6327],[-112.7547,41.6265],[-112.7895,41.6174],[-112.7744,41.6184],[-112.7748,41.6133],[-112.7719,41.6156],[-112.7706,41.612],[-112.7697,41.6149],[-112.7665,41.6148],[-112.7602,41.6076],[-112.7683,41.5927],[-112.7757,41.5862],[-112.7835,41.5834],[-112.787,41.573],[-112.784,41.5665],[-112.7898,41.5644],[-112.7927,41.5677],[-112.7993,41.561],[-112.7906,41.5505],[-112.7872,41.5531],[-112.7811,41.5508],[-112.7825,41.5405],[-112.7742,41.5384],[-112.7701,41.5267],[-112.7656,41.5259],[-112.7622,41.5222],[-112.7622,41.5158],[-112.7586,41.5228],[-112.7611,41.5278],[-112.7596,41.5331],[-112.7613,41.5375],[-112.7558,41.5412],[-112.753,41.55],[-112.7411,41.5638],[-112.744,41.5745],[-112.7437,41.5879],[-112.7258,41.5909],[-112.692,41.5917],[-112.6823,41.5995],[-112.6845,41.6081],[-112.6787,41.6185],[-112.6781,41.624],[-112.6813,41.6287],[-112.6879,41.632],[-112.6895,41.6465],[-112.6804,41.6504],[-112.6704,41.651],[-112.6573,41.6598],[-112.6531,41.6585],[-112.6336,41.6617],[-112.615,41.6607],[-112.6133,41.6589],[-112.5987,41.66],[-112.5986,41.6713],[-112.5863,41.6745],[-112.5801,41.6846],[-112.5774,41.7002],[-112.5821,41.7043],[-112.5743,41.7067],[-112.5722,41.7111],[-112.5648,41.7143],[-112.5636,41.7189],[-112.5538,41.7285],[-112.5547,41.7346],[-112.5477,41.7357],[-112.551,41.7459],[-112.5437,41.7539],[-112.5457,41.7584],[-112.5442,41.7674],[-112.5477,41.7713],[-112.5455,41.777],[-112.5477,41.781],[-112.5442,41.794],[-112.5451,41.8123],[-112.5425,41.8177],[-112.5479,41.8178],[-112.5496,41.8241],[-112.5444,41.8377],[-112.5478,41.8376],[-112.552,41.8431],[-112.5495,41.8644],[-112.5378,41.8701],[-112.539,41.8734],[-112.5363,41.8795],[-112.5359,41.8893],[-112.5398,41.8922],[-112.5403,41.9039],[-112.5349,41.9211],[-112.5357,41.9236],[-112.5394,41.9246],[-112.5397,41.9365],[-112.5525,41.9351],[-112.5692,41.9423],[-112.571,41.9575],[-112.5641,41.9567],[-112.5606,41.9652],[-112.5709,41.98],[-112.5781,41.9838]]]}},{"type":"Feature","properties":{"huc10":"1602030906","name":"Indian Creek-Frontal Great Salt Lake"},"geometry":{"type":"Polygon","coordinates":[[[-113.1791,41.9374],[-113.1817,41.9385],[-113.1892,41.9338],[-113.1988,41.9378],[-113.2052,41.9312],[-113.214,41.9304],[-113.2158,41.9258],[-113.2264,41.9221],[-113.228,41.9187],[-113.2378,41.9177],[-113.2465,41.9198],[-113.2567,41.9171],[-113.2627,41.9207],[-113.2792,41.9189],[-113.3018,41.9115],[-113.3199,41.9094],[-113.321,41.9073],[-113.3128,41.8951],[-113.2989,41.8911],[-113.2886,41.8834],[-113.2946,41.8712],[-113.2925,41.8613],[-113.2967,41.839],[-113.2944,41.831],[-113.285,41.8197],[-113.2746,41.797],[-113.2709,41.7824],[-113.2594,41.7605],[-113.2411,41.7486],[-113.2426,41.7374],[-113.2284,41.7209],[-113.2353,41.7173],[-113.234,41.7098],[-113.2436,41.7074],[-113.2451,41.7008],[-113.2492,41.6976],[-113.2383,41.6956],[-113.2329,41.6971],[-113.233,41.6869],[-113.2355,41.6819],[-113.2254,41.6623],[-113.2291,41.653],[-113.2281,41.6405],[-113.2252,41.6378],[-113.2142,41.6351],[-113.2148,41.6292],[-113.2102,41.6277],[-113.2054,41.6211],[-113.2061,41.6091],[-113.2107,41.6011],[-113.2151,41.5985],[-113.1968,41.5815],[-113.1892,41.581],[-113.1723,41.5674],[-113.1674,41.5701],[-113.165,41.5688],[-113.1639,41.5667],[-113.1659,41.5655],[-113.1632,41.564],[-113.161,41.5568],[-113.1627,41.5552],[-113.1562,41.5465],[-113.1573,41.5423],[-113.1516,41.5342],[-113.1428,41.5296],[-113.143,41.5137],[-113.1357,41.508],[-113.135,41.5008],[-113.1298,41.4965],[-113.129,41.4847],[-113.1201,41.477],[-113.1141,41.4657],[-113.1013,41.4637],[-113.0919,41.4672],[-113.0811,41.4773],[-113.0639,41.4855],[-113.0723,41.5092],[-113.0723,41.5158],[-113.0696,41.5196],[-113.0644,41.5147],[-113.0644,41.5177],[-113.0444,41.5316],[-113.0313,41.5476],[-113.0215,41.5497],[-113.0234,41.5537],[-113.0256,41.5537],[-113.0243,41.5509],[-113.034,41.5572],[-113.0369,41.5632],[-113.0307,41.5703],[-113.0172,41.5704],[-113.0366,41.577],[-113.0406,41.5838],[-113.0327,41.5917],[-113.0272,41.5898],[-113.0364,41.5988],[-113.0332,41.6021],[-113.0271,41.6015],[-113.0293,41.6155],[-113.0282,41.624],[-113.0223,41.6336],[-113.0106,41.643],[-113.0176,41.652],[-113.0262,41.6727],[-113.0322,41.6763],[-113.0234,41.6847],[-113.0202,41.6945],[-113.0259,41.699],[-113.0274,41.7101],[-113.0101,41.7101],[-113.0145,41.7197],[-113.0212,41.7218],[-113.0236,41.7254],[-113.0157,41.7328],[-113.0192,41.7454],[-113.0234,41.7494],[-113.0301,41.7492],[-113.0282,41.7707],[-113.0158,41.7796],[-113.0134,41.7875],[-113.0166,41.7907],[-113.0135,41.7952],[-113.0177,41.8007],[-113.0156,41.8078],[-113.0186,41.8127],[-113.0195,41.8223],[-113.0276,41.8288],[-113.0306,41.8351],[-113.0272,41.8381],[-113.0257,41.8453],[-113.038,41.8486],[-113.0388,41.8515],[-113.0466,41.8556],[-113.0506,41.863],[-113.0507,41.8695],[-113.0434,41.8742],[-113.0415,41.8827],[-113.0463,41.8927],[-113.0479,41.9045],[-113.0663,41.9241],[-113.0902,41.935],[-113.0969,41.9349],[-113.1127,41.9257],[-113.1289,41.9326],[-113.1661,41.9325],[-113.1763,41.9347],[-113.1791,41.9374]]]}},{"type":"Feature","properties":{"huc10":"1602030907","name":"Maple Canyon-Frontal Great Salt Lake"},"geometry":{"type":"Polygon","coordinates":[[[-112.6272,41.6607],[-112.6573,41.6598],[-112.6704,41.651],[-112.6804,41.6504],[-112.6895,41.6465],[-112.6879,41.632],[-112.6813,41.6287],[-112.6781,41.624],[-112.6787,41.6185],[-112.6845,41.6081],[-112.682,41.6002],[-112.6897,41.5922],[-112.7258,41.5909],[-112.7437,41.5879],[-112.744,41.5745],[-112.7411,41.5638],[-112.753,41.55],[-112.7558,41.5412],[-112.7613,41.5375],[-112.7596,41.5331],[-112.7611,41.5278],[-112.7586,41.5228],[-112.7611,41.5158],[-112.7559,41.516],[-112.7468,41.5112],[-112.7439,41.501],[-112.7276,41.4838],[-112.7246,41.4716],[-112.6794,41.4541],[-112.6676,41.4383],[-112.664,41.4365],[-112.6507,41.4326],[-112.6422,41.4362],[-112.6286,41.436],[-112.6217,41.4288],[-112.611,41.4345],[-112.6047,41.4408],[-112.5989,41.4415],[-112.5977,41.4436],[-112.609,41.447],[-112.5993,41.4488],[-112.5734,41.4435],[-112.5681,41.4358],[-112.5539,41.4351],[-112.5534,41.431],[-112.5481,41.4266],[-112.5525,41.4219],[-112.544,41.4221],[-112.5458,41.4195],[-112.5424,41.4139],[-112.5417,41.4163],[-112.5387,41.4062],[-112.5387,41.3999],[-112.5425,41.3936],[-112.5364,41.3822],[-112.5367,41.3651],[-112.5322,41.3503],[-112.5334,41.3484],[-112.5113,41.3383],[-112.5002,41.3365],[-112.4953,41.3289],[-112.4988,41.3102],[-112.5098,41.2993],[-112.5072,41.291],[-112.509,41.2865],[-112.5061,41.2807],[-112.5092,41.272],[-112.5075,41.2673],[-112.4995,41.2603],[-112.503,41.2539],[-112.4992,41.2553],[-112.5005,41.2589],[-112.4977,41.2575],[-112.4955,41.2524],[-112.4993,41.2535],[-112.5018,41.2516],[-112.4957,41.2509],[-112.4958,41.2456],[-112.4907,41.2358],[-112.4922,41.2346],[-112.4856,41.2247],[-112.486,41.2199],[-112.4833,41.2193],[-112.4823,41.2154],[-112.4668,41.2105],[-112.4298,41.2038],[-112.4235,41.2076],[-112.4254,41.2129],[-112.4225,41.2174],[-112.4061,41.221],[-112.3963,41.2333],[-112.3979,41.2328],[-112.3973,41.2359],[-112.4049,41.2444],[-112.4038,41.2494],[-112.3969,41.2571],[-112.394,41.2674],[-112.406,41.2737],[-112.4184,41.275],[-112.4209,41.2848],[-112.419,41.3001],[-112.4237,41.304],[-112.424,41.3074],[-112.4371,41.312],[-112.439,41.3178],[-112.4429,41.3193],[-112.4424,41.3278],[-112.4382,41.3297],[-112.4378,41.3354],[-112.4413,41.3422],[-112.4458,41.3436],[-112.4443,41.3494],[-112.4463,41.3572],[-112.4536,41.3687],[-112.4534,41.3721],[-112.4501,41.373],[-112.4507,41.3763],[-112.4572,41.3878],[-112.4623,41.3916],[-112.4621,41.3947],[-112.4661,41.3951],[-112.4793,41.3868],[-112.4847,41.3923],[-112.4852,41.4016],[-112.4808,41.4055],[-112.478,41.417],[-112.4861,41.4248],[-112.4802,41.434],[-112.4803,41.4382],[-112.4902,41.4561],[-112.4955,41.4801],[-112.5083,41.4903],[-112.5001,41.4961],[-112.5037,41.5027],[-112.5018,41.5112],[-112.5226,41.5162],[-112.5282,41.5289],[-112.5375,41.5355],[-112.5348,41.5426],[-112.5374,41.5456],[-112.5334,41.5536],[-112.5346,41.5593],[-112.5324,41.5646],[-112.5354,41.5734],[-112.5264,41.5995],[-112.537,41.6123],[-112.5526,41.6207],[-112.5599,41.6339],[-112.572,41.6422],[-112.5739,41.6476],[-112.5977,41.66],[-112.6128,41.6588],[-112.615,41.6607],[-112.6272,41.6607]]]}},{"type":"Feature","properties":{"huc10":"1602031001","name":"Antelop Island"},"geometry":{"type":"Polygon","coordinates":[[[-112.2379,41.0594],[-112.2546,41.0601],[-112.2482,41.0532],[-112.2524,41.0469],[-112.2615,41.041],[-112.2749,41.0423],[-112.2779,41.0396],[-112.2705,41.0277],[-112.2473,41.0246],[-112.2398,41.0165],[-112.2391,41.0066],[-112.242,40.9987],[-112.2513,40.9936],[-112.2502,40.9897],[-112.2536,40.9844],[-112.2488,40.984],[-112.2471,40.9806],[-112.2503,40.9774],[-112.2481,40.974],[-112.2541,40.9569],[-112.2512,40.9529],[-112.2543,40.9478],[-112.247,40.9405],[-112.2446,40.9348],[-112.2381,40.9316],[-112.2281,40.9192],[-112.2246,40.9003],[-112.2194,40.8954],[-112.2182,40.8851],[-112.2136,40.883],[-112.2082,40.8703],[-112.1931,40.8622],[-112.1844,40.8494],[-112.1745,40.8472],[-112.167,40.8501],[-112.167,40.8436],[-112.1621,40.8436],[-112.161,40.8491],[-112.1635,40.8511],[-112.1658,40.8452],[-112.1652,40.85],[-112.1702,40.8535],[-112.1663,40.8524],[-112.1614,40.8649],[-112.1679,40.8608],[-112.1734,40.8621],[-112.1699,40.8664],[-112.1729,40.8675],[-112.1723,40.8712],[-112.1642,40.8842],[-112.1672,40.8828],[-112.1655,40.8936],[-112.169,40.8978],[-112.1667,40.9059],[-112.1678,40.9109],[-112.1588,40.9382],[-112.1547,40.9391],[-112.1521,40.9364],[-112.1463,40.938],[-112.1497,40.941],[-112.1519,40.938],[-112.1503,40.9404],[-112.1591,40.953],[-112.1729,40.9608],[-112.1823,40.9791],[-112.1969,40.996],[-112.1963,41.0054],[-112.1903,41.0105],[-112.1925,41.0157],[-112.1857,41.0201],[-112.1939,41.0257],[-112.1934,41.0316],[-112.2024,41.0412],[-112.2308,41.0467],[-112.2379,41.0594]]]}},{"type":"Feature","properties":{"huc10":"1603000505","name":"Tanner Creek"},"geometry":{"type":"Polygon","coordinates":[[[-112.1777,40.0112],[-112.1815,40.0113],[-112.1918,40.0041],[-112.2001,40.004],[-112.202,39.9998],[-112.225,39.988],[-112.225,39.982],[-112.2354,39.9704],[-112.2366,39.9604],[-112.245,39.957],[-112.2489,39.9507],[-112.2542,39.9505],[-112.2609,39.9432],[-112.2699,39.9392],[-112.2857,39.9421],[-112.3019,39.9367],[-112.305,39.939],[-112.3065,39.9454],[-112.3093,39.9448],[-112.3106,39.9479],[-112.3236,39.9446],[-112.3322,39.9527],[-112.3345,39.9459],[-112.3396,39.944],[-112.3353,39.9235],[-112.3431,39.9109],[-112.3417,39.9035],[-112.3458,39.8983],[-112.3465,39.8923],[-112.3396,39.8889],[-112.3354,39.8829],[-112.3271,39.8793],[-112.3214,39.8699],[-112.325,39.8535],[-112.3224,39.8516],[-112.3232,39.8463],[-112.3173,39.8465],[-112.3093,39.8397],[-112.3058,39.84],[-112.2959,39.8274],[-112.2853,39.8211],[-112.2797,39.8131],[-112.2793,39.8083],[-112.272,39.8022],[-112.2729,39.7893],[-112.2712,39.7852],[-112.2735,39.7805],[-112.2737,39.7635],[-112.2654,39.7533],[-112.2703,39.75],[-112.2765,39.7535],[-112.2787,39.7499],[-112.2838,39.7367],[-112.2843,39.7225],[-112.2905,39.7181],[-112.2939,39.7091],[-112.2995,39.7068],[-112.3011,39.7004],[-112.2992,39.6963],[-112.302,39.6936],[-112.3191,39.6931],[-112.3173,39.6905],[-112.3198,39.6841],[-112.3273,39.6862],[-112.3343,39.6839],[-112.3341,39.6766],[-112.3386,39.6691],[-112.3547,39.6584],[-112.3552,39.6564],[-112.3459,39.6465],[-112.3329,39.6417],[-112.3322,39.6381],[-112.3371,39.6357],[-112.3441,39.6248],[-112.3486,39.6227],[-112.3613,39.6046],[-112.3676,39.6023],[-112.3705,39.5979],[-112.3754,39.5969],[-112.3761,39.5937],[-112.3796,39.5925],[-112.3871,39.584],[-112.3857,39.5814],[-112.3704,39.5885],[-112.3664,39.5886],[-112.3619,39.5845],[-112.3558,39.5858],[-112.3548,39.5886],[-112.3375,39.5865],[-112.3319,39.591],[-112.3232,39.5927],[-112.3183,39.598],[-112.3088,39.5999],[-112.2852,39.5997],[-112.2744,39.5957],[-112.2561,39.606],[-112.232,39.611],[-112.2255,39.6166],[-112.2191,39.6165],[-112.216,39.6201],[-112.1923,39.6271],[-112.1796,39.6433],[-112.1927,39.6384],[-112.2028,39.644],[-112.2055,39.6492],[-112.2051,39.6553],[-112.2017,39.6576],[-112.1929,39.6572],[-112.1913,39.6641],[-112.1789,39.6809],[-112.1594,39.6911],[-112.1589,39.7026],[-112.1518,39.7193],[-112.1308,39.7454],[-112.1232,39.7647],[-112.1126,39.7733],[-112.0959,39.774],[-112.0901,39.78],[-112.0873,39.7904],[-112.0767,39.8001],[-112.08,39.8021],[-112.0777,39.809],[-112.0713,39.8143],[-112.0682,39.8275],[-112.0654,39.8301],[-112.0702,39.8379],[-112.0752,39.8397],[-112.074,39.8472],[-112.0768,39.8529],[-112.0806,39.8534],[-112.0813,39.865],[-112.0706,39.8698],[-112.0663,39.8762],[-112.0594,39.8799],[-112.0595,39.8873],[-112.0536,39.8935],[-112.061,39.8981],[-112.0626,39.9047],[-112.0718,39.9111],[-112.0811,39.913],[-112.0806,39.9172],[-112.0835,39.9185],[-112.0853,39.9255],[-112.0924,39.9277],[-112.093,39.9303],[-112.1035,39.9288],[-112.1027,39.9349],[-112.1057,39.9409],[-112.1027,39.948],[-112.0941,39.954],[-112.1023,39.9591],[-112.1098,39.9737],[-112.1244,39.974],[-112.1327,39.9774],[-112.142,39.9864],[-112.142,39.9897],[-112.1509,39.9933],[-112.1506,39.998],[-112.1602,40.0069],[-112.17,40.0078],[-112.1777,40.0112]]]}},{"type":"Feature","properties":{"huc10":"1602030809","name":"Ripple Valley"},"geometry":{"type":"Polygon","coordinates":[[[-113.0546,40.9083],[-113.0589,40.9082],[-113.0563,40.9039],[-113.06,40.8911],[-113.0636,40.89],[-113.0758,40.8738],[-113.0891,40.8616],[-113.1214,40.858],[-113.1384,40.8601],[-113.1452,40.8644],[-113.1563,40.8659],[-113.1746,40.8515],[-113.1709,40.844],[-113.1514,40.837],[-113.1493,40.8302],[-113.1534,40.8252],[-113.1577,40.8238],[-113.1535,40.8164],[-113.1581,40.8145],[-113.1539,40.8102],[-113.1573,40.8044],[-113.1509,40.7935],[-113.155,40.7805],[-113.1512,40.7601],[-113.1467,40.7533],[-113.1396,40.7556],[-113.1336,40.7485],[-113.1258,40.7455],[-113.1067,40.7223],[-113.0946,40.7184],[-113.0782,40.7062],[-113.0484,40.6992],[-113.0046,40.6664],[-113.0003,40.6572],[-112.9962,40.654],[-112.9702,40.6417],[-112.9617,40.6422],[-112.9491,40.6342],[-112.944,40.6422],[-112.9463,40.6525],[-112.9417,40.6587],[-112.9439,40.6619],[-112.9426,40.6685],[-112.9481,40.6779],[-112.946,40.6904],[-112.9423,40.6923],[-112.9442,40.6958],[-112.941,40.6974],[-112.9431,40.701],[-112.9386,40.6998],[-112.9282,40.7102],[-112.9195,40.711],[-112.9101,40.7169],[-112.908,40.7275],[-112.897,40.736],[-112.8989,40.7411],[-112.8975,40.7454],[-112.8941,40.7469],[-112.8944,40.7506],[-112.906,40.7593],[-112.9084,40.7515],[-112.9147,40.749],[-112.9157,40.7426],[-112.9239,40.7321],[-112.9424,40.7321],[-112.9607,40.7424],[-112.9807,40.7581],[-112.9859,40.7698],[-112.9992,40.776],[-113.0038,40.78],[-113.0047,40.784],[-113.0095,40.7863],[-113.0224,40.7838],[-113.0226,40.7929],[-113.0151,40.7983],[-113.0173,40.8046],[-113.0094,40.8143],[-113.0126,40.8223],[-113.0145,40.8409],[-113.0113,40.852],[-113.0186,40.859],[-113.0118,40.8643],[-113.0223,40.8772],[-113.0239,40.8893],[-113.0303,40.8949],[-113.0313,40.901],[-113.0364,40.9052],[-113.0546,40.9083]]]}},{"type":"Feature","properties":{"huc10":"1602020205","name":"Spanish Fork-Frontal Utah Lake"},"geometry":{"type":"Polygon","coordinates":[[[-111.6514,40.1866],[-111.6527,40.1824],[-111.6579,40.1807],[-111.6583,40.1768],[-111.6638,40.1746],[-111.6658,40.17],[-111.6781,40.1738],[-111.6826,40.1686],[-111.6839,40.1714],[-111.6963,40.1733],[-111.7106,40.1603],[-111.7177,40.1622],[-111.722,40.168],[-111.7205,40.1712],[-111.7223,40.1748],[-111.7347,40.1801],[-111.7362,40.1782],[-111.735,40.1704],[-111.7483,40.1663],[-111.7391,40.164],[-111.7199,40.1423],[-111.6935,40.1017],[-111.6678,40.0957],[-111.6615,40.0902],[-111.656,40.0782],[-111.6506,40.0723],[-111.6287,40.068],[-111.6044,40.0586],[-111.5978,40.0471],[-111.5995,40.0378],[-111.5889,40.0323],[-111.5916,40.0269],[-111.5952,40.0252],[-111.5952,40.017],[-111.5979,40.0119],[-111.5886,39.998],[-111.5772,39.9951],[-111.5702,39.9895],[-111.55,39.9981],[-111.5373,39.9978],[-111.5328,39.9938],[-111.5186,39.9882],[-111.5055,39.996],[-111.4969,39.9951],[-111.4959,40.0001],[-111.4831,40.0073],[-111.4638,40.0124],[-111.4743,40.02],[-111.483,40.0226],[-111.4861,40.0271],[-111.5059,40.0262],[-111.5061,40.0395],[-111.5025,40.0452],[-111.5118,40.0507],[-111.5054,40.0585],[-111.5086,40.074],[-111.5121,40.0814],[-111.5193,40.0862],[-111.5243,40.0859],[-111.5279,40.0883],[-111.5111,40.0966],[-111.5077,40.1014],[-111.4974,40.1037],[-111.4939,40.1086],[-111.4886,40.1074],[-111.4848,40.1128],[-111.4769,40.1135],[-111.4743,40.1189],[-111.477,40.1232],[-111.4732,40.1248],[-111.4726,40.1285],[-111.4793,40.1368],[-111.4969,40.1335],[-111.5192,40.1457],[-111.5272,40.1435],[-111.5475,40.1471],[-111.5555,40.1448],[-111.5852,40.1487],[-111.6077,40.1632],[-111.6316,40.1745],[-111.6458,40.1786],[-111.6514,40.1866]]]}},{"type":"Feature","properties":{"huc10":"1602020302","name":"Little South Fork Provo River-Provo River"},"geometry":{"type":"Polygon","coordinates":[[[-111.3612,40.6299],[-111.3761,40.6292],[-111.3808,40.6193],[-111.3886,40.6226],[-111.393,40.6215],[-111.3987,40.6121],[-111.4059,40.6098],[-111.4154,40.5999],[-111.4167,40.588],[-111.4016,40.5744],[-111.3922,40.571],[-111.3771,40.5565],[-111.3696,40.5613],[-111.3685,40.569],[-111.3568,40.5709],[-111.3339,40.5624],[-111.3343,40.5551],[-111.3277,40.5515],[-111.3243,40.5463],[-111.2922,40.5469],[-111.2825,40.5376],[-111.274,40.5392],[-111.2566,40.534],[-111.2567,40.5304],[-111.2528,40.5264],[-111.2533,40.5231],[-111.2454,40.5068],[-111.2279,40.4969],[-111.2194,40.4821],[-111.2196,40.4772],[-111.2152,40.469],[-111.211,40.4686],[-111.2085,40.4617],[-111.203,40.459],[-111.1969,40.4508],[-111.1877,40.4482],[-111.1855,40.4372],[-111.1696,40.4501],[-111.164,40.4508],[-111.1404,40.4631],[-111.1301,40.4733],[-111.1321,40.4778],[-111.1268,40.4833],[-111.1282,40.4903],[-111.1198,40.4974],[-111.1238,40.5023],[-111.1235,40.5056],[-111.1135,40.5169],[-111.1121,40.526],[-111.1043,40.5337],[-111.1123,40.5394],[-111.1154,40.5498],[-111.1301,40.5516],[-111.1312,40.5553],[-111.1393,40.5585],[-111.1448,40.5934],[-111.141,40.5996],[-111.1454,40.5995],[-111.1518,40.6042],[-111.1551,40.5994],[-111.1603,40.6051],[-111.1715,40.6095],[-111.1738,40.5981],[-111.1839,40.5884],[-111.1902,40.5898],[-111.1958,40.5876],[-111.2101,40.5913],[-111.2166,40.5864],[-111.2282,40.5843],[-111.2501,40.594],[-111.2657,40.6077],[-111.2753,40.6129],[-111.289,40.6159],[-111.3014,40.6226],[-111.3073,40.6227],[-111.3174,40.6172],[-111.325,40.6201],[-111.3266,40.623],[-111.3438,40.6234],[-111.3612,40.6299]]]}},{"type":"Feature","properties":{"huc10":"1602020303","name":"Lake Creek-Provo River"},"geometry":{"type":"Polygon","coordinates":[[[-111.3964,40.6903],[-111.4114,40.6813],[-111.4239,40.6813],[-111.4273,40.6854],[-111.4372,40.6855],[-111.4363,40.6742],[-111.4304,40.6651],[-111.4351,40.6609],[-111.4449,40.6595],[-111.4515,40.6525],[-111.4538,40.6544],[-111.4606,40.6532],[-111.4636,40.6448],[-111.468,40.6461],[-111.4735,40.6438],[-111.4752,40.6379],[-111.4709,40.6337],[-111.4869,40.621],[-111.4866,40.6154],[-111.4822,40.6095],[-111.4867,40.6011],[-111.4964,40.6029],[-111.502,40.6067],[-111.5095,40.606],[-111.5403,40.6133],[-111.5543,40.6083],[-111.5593,40.6016],[-111.5599,40.5908],[-111.564,40.585],[-111.5907,40.5802],[-111.5937,40.5771],[-111.5917,40.5729],[-111.5817,40.5665],[-111.5755,40.5547],[-111.5677,40.5474],[-111.5614,40.547],[-111.545,40.5385],[-111.5435,40.532],[-111.5391,40.529],[-111.5398,40.5251],[-111.5356,40.5218],[-111.5367,40.5185],[-111.5264,40.5079],[-111.5165,40.5079],[-111.4988,40.5032],[-111.4917,40.4972],[-111.4768,40.4916],[-111.4727,40.4873],[-111.4713,40.4803],[-111.4548,40.4747],[-111.4335,40.4749],[-111.4236,40.4697],[-111.4043,40.4698],[-111.3821,40.4632],[-111.3705,40.4654],[-111.3672,40.4588],[-111.3473,40.446],[-111.3227,40.4212],[-111.2995,40.4135],[-111.2786,40.4164],[-111.2652,40.4114],[-111.2548,40.4119],[-111.2494,40.4063],[-111.2445,40.4076],[-111.2399,40.4055],[-111.2377,40.4097],[-111.2278,40.4135],[-111.2237,40.4187],[-111.2023,40.4076],[-111.1899,40.4081],[-111.1859,40.4058],[-111.1815,40.4079],[-111.1807,40.4122],[-111.1741,40.4144],[-111.1791,40.4197],[-111.1791,40.4282],[-111.1814,40.4338],[-111.1851,40.4355],[-111.1877,40.4482],[-111.1969,40.4508],[-111.203,40.459],[-111.2085,40.4617],[-111.211,40.4686],[-111.2152,40.469],[-111.2196,40.4772],[-111.2194,40.4821],[-111.2279,40.4969],[-111.2454,40.5068],[-111.2533,40.5231],[-111.2528,40.5264],[-111.2567,40.5304],[-111.2566,40.534],[-111.274,40.5392],[-111.2825,40.5376],[-111.2922,40.5469],[-111.3243,40.5463],[-111.3277,40.5515],[-111.3343,40.5551],[-111.3339,40.5624],[-111.3568,40.5709],[-111.3685,40.569],[-111.3696,40.5613],[-111.3771,40.5565],[-111.3922,40.571],[-111.4016,40.5744],[-111.4176,40.5892],[-111.415,40.5922],[-111.4154,40.5999],[-111.4059,40.6098],[-111.3987,40.6121],[-111.393,40.6215],[-111.3886,40.6226],[-111.3808,40.6193],[-111.3765,40.6289],[-111.3701,40.6298],[-111.3756,40.633],[-111.3744,40.6373],[-111.3765,40.6426],[-111.381,40.6455],[-111.3819,40.6517],[-111.3864,40.6531],[-111.3901,40.6602],[-111.3887,40.6706],[-111.3913,40.6709],[-111.3914,40.6748],[-111.3896,40.6778],[-111.394,40.6837],[-111.3922,40.6891],[-111.3964,40.6903]]]}},{"type":"Feature","properties":{"huc10":"1602020304","name":"Daniels Creek-Provo River"},"geometry":{"type":"Polygon","coordinates":[[[-111.5264,40.5079],[-111.5288,40.5011],[-111.5274,40.4901],[-111.5314,40.4806],[-111.5317,40.4736],[-111.538,40.4643],[-111.5346,40.458],[-111.5366,40.4536],[-111.532,40.4463],[-111.5383,40.4406],[-111.5406,40.4315],[-111.5325,40.4198],[-111.5364,40.4144],[-111.5323,40.4105],[-111.5312,40.4037],[-111.521,40.3989],[-111.5186,40.3871],[-111.5083,40.3783],[-111.4937,40.3743],[-111.4742,40.3499],[-111.4608,40.3431],[-111.4441,40.3253],[-111.4383,40.3221],[-111.4441,40.3121],[-111.4575,40.3003],[-111.4522,40.297],[-111.4517,40.2933],[-111.4421,40.2898],[-111.4336,40.2919],[-111.4264,40.2869],[-111.4129,40.2894],[-111.4104,40.2951],[-111.4023,40.2959],[-111.3967,40.2923],[-111.3923,40.2962],[-111.3817,40.2944],[-111.3769,40.2974],[-111.3605,40.2886],[-111.3372,40.2883],[-111.3276,40.2821],[-111.3221,40.2872],[-111.3101,40.2898],[-111.3083,40.2976],[-111.2973,40.3103],[-111.2776,40.2979],[-111.2688,40.2996],[-111.2514,40.2978],[-111.2504,40.304],[-111.2469,40.3044],[-111.2456,40.3076],[-111.2498,40.3102],[-111.2533,40.3167],[-111.2538,40.3241],[-111.2437,40.3356],[-111.2456,40.3394],[-111.2443,40.3414],[-111.2476,40.3448],[-111.2414,40.3506],[-111.2445,40.3641],[-111.2426,40.3856],[-111.2357,40.3989],[-111.2399,40.4055],[-111.2445,40.4076],[-111.2494,40.4063],[-111.2548,40.4119],[-111.2652,40.4114],[-111.2786,40.4164],[-111.2989,40.4134],[-111.3215,40.4206],[-111.332,40.4286],[-111.3338,40.4343],[-111.3421,40.439],[-111.3473,40.446],[-111.3672,40.4588],[-111.3705,40.4654],[-111.3783,40.4628],[-111.4043,40.4698],[-111.4236,40.4697],[-111.4335,40.4749],[-111.4573,40.4753],[-111.4653,40.4798],[-111.4713,40.4803],[-111.4727,40.4873],[-111.4768,40.4916],[-111.4917,40.4972],[-111.4988,40.5032],[-111.5165,40.5079],[-111.5264,40.5079]]]}},{"type":"Feature","properties":{"huc10":"1602020305","name":"Outlet Provo River"},"geometry":{"type":"Polygon","coordinates":[[[-111.5672,40.5474],[-111.5713,40.5431],[-111.5727,40.5375],[-111.5697,40.5268],[-111.5717,40.52],[-111.5755,40.5167],[-111.5755,40.503],[-111.5792,40.5003],[-111.5744,40.493],[-111.5748,40.4869],[-111.595,40.4676],[-111.6087,40.4667],[-111.6149,40.4576],[-111.6203,40.4553],[-111.621,40.4495],[-111.6159,40.4438],[-111.618,40.4393],[-111.6126,40.4322],[-111.6194,40.4237],[-111.6195,40.419],[-111.6305,40.4136],[-111.6361,40.4064],[-111.6376,40.3995],[-111.6466,40.392],[-111.6438,40.3861],[-111.6366,40.3844],[-111.6322,40.3802],[-111.6333,40.3727],[-111.6478,40.3635],[-111.6539,40.3537],[-111.6613,40.3485],[-111.6589,40.3467],[-111.6623,40.3362],[-111.66,40.3285],[-111.6572,40.3269],[-111.6654,40.3121],[-111.6757,40.2773],[-111.6917,40.2581],[-111.7036,40.2543],[-111.7069,40.2459],[-111.7115,40.2427],[-111.7255,40.2374],[-111.7385,40.2364],[-111.729,40.2371],[-111.7192,40.2313],[-111.6851,40.2386],[-111.6732,40.2433],[-111.6551,40.2591],[-111.6357,40.265],[-111.6233,40.2654],[-111.6193,40.259],[-111.6108,40.2547],[-111.6067,40.2566],[-111.5955,40.2485],[-111.5965,40.2407],[-111.5896,40.2442],[-111.5807,40.2411],[-111.5674,40.2447],[-111.5557,40.2446],[-111.5467,40.2481],[-111.5444,40.2524],[-111.5446,40.2638],[-111.541,40.269],[-111.5265,40.2744],[-111.5217,40.2821],[-111.502,40.2851],[-111.4932,40.2904],[-111.4866,40.2886],[-111.4719,40.2912],[-111.4505,40.3052],[-111.4422,40.3147],[-111.4411,40.32],[-111.4381,40.3204],[-111.4602,40.3426],[-111.4742,40.3499],[-111.477,40.3551],[-111.4864,40.3628],[-111.4932,40.374],[-111.5083,40.3783],[-111.5186,40.3871],[-111.521,40.3989],[-111.5312,40.4037],[-111.5323,40.4105],[-111.5364,40.4144],[-111.5325,40.4198],[-111.5406,40.4312],[-111.5383,40.4406],[-111.5321,40.4447],[-111.5326,40.4496],[-111.5366,40.4536],[-111.5346,40.458],[-111.538,40.4643],[-111.5317,40.4736],[-111.5314,40.4806],[-111.5274,40.4901],[-111.5288,40.5011],[-111.5264,40.5081],[-111.5367,40.5185],[-111.5356,40.5218],[-111.5398,40.5251],[-111.5391,40.529],[-111.5435,40.532],[-111.545,40.5385],[-111.5614,40.547],[-111.5672,40.5474]]]}},{"type":"Feature","properties":{"huc10":"1602020401","name":"Bingham Creek-Jordan River"},"geometry":{"type":"Polygon","coordinates":[[[-111.9495,40.6119],[-111.9684,40.6098],[-111.9751,40.5981],[-111.9834,40.5973],[-112.0024,40.5889],[-112.0204,40.5856],[-112.0245,40.5827],[-112.0454,40.5808],[-112.073,40.5688],[-112.092,40.5673],[-112.0966,40.5729],[-112.1099,40.5769],[-112.12,40.5753],[-112.1282,40.5768],[-112.1403,40.5734],[-112.1433,40.5776],[-112.147,40.5784],[-112.1472,40.584],[-112.1588,40.5868],[-112.1781,40.584],[-112.1835,40.5734],[-112.1829,40.5623],[-112.1782,40.5561],[-112.1793,40.5463],[-112.1829,40.5391],[-112.1792,40.5315],[-112.1788,40.5218],[-112.1876,40.5137],[-112.1805,40.5028],[-112.1759,40.5],[-112.1804,40.4977],[-112.1814,40.4935],[-112.1769,40.4852],[-112.1783,40.4821],[-112.1763,40.4767],[-112.1718,40.4717],[-112.1721,40.4656],[-112.1601,40.461],[-112.1532,40.4684],[-112.1455,40.4704],[-112.1388,40.4684],[-112.1143,40.4501],[-112.1145,40.4414],[-112.1121,40.4389],[-112.1016,40.4454],[-112.0923,40.448],[-112.0671,40.4463],[-112.0592,40.453],[-112.0467,40.457],[-112.0383,40.4645],[-112.0358,40.4641],[-112.0324,40.4608],[-112.0315,40.451],[-112.0247,40.4504],[-112.0205,40.4473],[-112.0246,40.4445],[-112.0215,40.439],[-112.0163,40.4351],[-112.0107,40.4371],[-112.0069,40.4353],[-112.009,40.4323],[-112.0062,40.4277],[-111.9994,40.4241],[-111.9929,40.4243],[-111.9921,40.42],[-111.9853,40.4184],[-111.9819,40.4143],[-111.9682,40.4197],[-111.9597,40.4186],[-111.946,40.4249],[-111.944,40.4284],[-111.9384,40.4285],[-111.9253,40.4367],[-111.9247,40.4417],[-111.9116,40.4497],[-111.9018,40.4625],[-111.8923,40.4641],[-111.8737,40.4768],[-111.8706,40.4767],[-111.8653,40.4701],[-111.8557,40.4669],[-111.8551,40.4697],[-111.8504,40.4717],[-111.8509,40.4756],[-111.8341,40.475],[-111.8312,40.4841],[-111.8237,40.4848],[-111.8161,40.4891],[-111.8092,40.4885],[-111.8022,40.4938],[-111.7894,40.4979],[-111.7916,40.5055],[-111.788,40.5136],[-111.7835,40.5149],[-111.7813,40.5186],[-111.7698,40.5225],[-111.7621,40.5292],[-111.7439,40.5226],[-111.74,40.524],[-111.7352,40.5357],[-111.7316,40.538],[-111.7316,40.5449],[-111.7405,40.5556],[-111.7982,40.5708],[-111.8029,40.5837],[-111.8085,40.5866],[-111.8538,40.5908],[-111.887,40.6032],[-111.9077,40.6048],[-111.9153,40.6078],[-111.925,40.608],[-111.9285,40.6107],[-111.9495,40.6119]]]}},{"type":"Feature","properties":{"huc10":"1602020402","name":"Big Cottonwood Creek-Jordan River"},"geometry":{"type":"Polygon","coordinates":[[[-111.8666,40.6877],[-111.8799,40.6849],[-111.8957,40.6871],[-111.9059,40.6841],[-111.9075,40.681],[-111.9141,40.6792],[-111.9189,40.6689],[-111.9254,40.6672],[-111.9262,40.66],[-111.9432,40.6526],[-111.9467,40.6464],[-111.9509,40.6456],[-111.9587,40.6392],[-111.9688,40.6395],[-111.9802,40.6455],[-111.9965,40.6446],[-112.0062,40.6477],[-112.016,40.6475],[-112.0263,40.6385],[-112.0385,40.6325],[-112.0548,40.6322],[-112.0863,40.6252],[-112.0946,40.627],[-112.1017,40.6236],[-112.1251,40.6211],[-112.1293,40.6158],[-112.1526,40.6071],[-112.1604,40.6079],[-112.1753,40.6039],[-112.1776,40.5961],[-112.1766,40.5884],[-112.1738,40.5851],[-112.159,40.5869],[-112.1485,40.5847],[-112.147,40.5784],[-112.1433,40.5776],[-112.1403,40.5734],[-112.1282,40.5768],[-112.12,40.5753],[-112.1099,40.5769],[-112.0966,40.5729],[-112.0931,40.5677],[-112.0897,40.5672],[-112.0689,40.5695],[-112.0454,40.5808],[-112.0245,40.5827],[-112.0204,40.5856],[-112.0024,40.5889],[-111.9834,40.5973],[-111.9751,40.5981],[-111.9697,40.6087],[-111.9648,40.6111],[-111.9545,40.6126],[-111.9285,40.6107],[-111.925,40.608],[-111.9153,40.6078],[-111.9077,40.6048],[-111.8861,40.603],[-111.8538,40.5908],[-111.8085,40.5866],[-111.8029,40.5837],[-111.7982,40.5708],[-111.7405,40.5556],[-111.7316,40.5449],[-111.7316,40.538],[-111.7352,40.5357],[-111.7351,40.5327],[-111.7204,40.5252],[-111.7131,40.5327],[-111.6982,40.5357],[-111.6847,40.5313],[-111.6758,40.5328],[-111.6726,40.5378],[-111.664,40.5413],[-111.6614,40.55],[-111.6501,40.5513],[-111.6378,40.5681],[-111.6057,40.5645],[-111.602,40.5696],[-111.6024,40.5751],[-111.5995,40.5775],[-111.5935,40.5771],[-111.5878,40.5813],[-111.5777,40.5835],[-111.572,40.5822],[-111.5641,40.5849],[-111.5599,40.5908],[-111.5593,40.6016],[-111.5532,40.6095],[-111.5588,40.6133],[-111.5577,40.6195],[-111.5675,40.6232],[-111.5687,40.6291],[-111.5762,40.6328],[-111.5777,40.6436],[-111.5938,40.6516],[-111.596,40.6589],[-111.6042,40.6662],[-111.6045,40.6691],[-111.6156,40.6736],[-111.6339,40.6689],[-111.6407,40.6692],[-111.6441,40.665],[-111.652,40.673],[-111.6725,40.674],[-111.6974,40.6634],[-111.7021,40.6585],[-111.7079,40.6587],[-111.7179,40.6611],[-111.7241,40.668],[-111.74,40.6768],[-111.7617,40.6806],[-111.778,40.6868],[-111.8158,40.6827],[-111.8345,40.6742],[-111.839,40.6785],[-111.8552,40.6812],[-111.8615,40.6874],[-111.8666,40.6877]]]}},{"type":"Feature","properties":{"huc10":"1602020403","name":"Mill Creek-Jordan River"},"geometry":{"type":"Polygon","coordinates":[[[-111.6951,40.8617],[-111.7012,40.8615],[-111.7067,40.8527],[-111.7126,40.8519],[-111.7208,40.8558],[-111.7254,40.8548],[-111.7389,40.8611],[-111.7457,40.8605],[-111.7525,40.853],[-111.7601,40.8529],[-111.7783,40.8446],[-111.789,40.8456],[-111.8039,40.8386],[-111.8129,40.84],[-111.8304,40.8319],[-111.844,40.8321],[-111.846,40.8297],[-111.8536,40.8292],[-111.8588,40.8228],[-111.866,40.822],[-111.871,40.816],[-111.8757,40.8156],[-111.8805,40.8047],[-111.8877,40.8011],[-111.8869,40.7979],[-111.8908,40.7953],[-111.886,40.7895],[-111.8874,40.7758],[-111.892,40.7645],[-111.899,40.7555],[-111.9131,40.7516],[-111.9527,40.7504],[-111.9628,40.7483],[-111.9782,40.7397],[-112.0026,40.7376],[-112.0031,40.714],[-112.0072,40.6972],[-112.0148,40.6774],[-112.0267,40.6619],[-112.0348,40.655],[-112.0387,40.648],[-112.0568,40.6379],[-112.0572,40.6354],[-112.0739,40.6337],[-112.0945,40.627],[-112.0863,40.6252],[-112.0548,40.6322],[-112.0385,40.6325],[-112.0263,40.6385],[-112.0201,40.6458],[-112.015,40.6476],[-111.9965,40.6446],[-111.9802,40.6455],[-111.9688,40.6395],[-111.9587,40.6392],[-111.9509,40.6456],[-111.9467,40.6464],[-111.9432,40.6526],[-111.9262,40.66],[-111.9256,40.6669],[-111.9185,40.6693],[-111.9137,40.6796],[-111.8957,40.6871],[-111.8799,40.6849],[-111.8728,40.6875],[-111.862,40.6876],[-111.8552,40.6812],[-111.839,40.6785],[-111.8345,40.6742],[-111.8158,40.6827],[-111.7782,40.6869],[-111.7617,40.6806],[-111.74,40.6768],[-111.7241,40.668],[-111.7179,40.6611],[-111.708,40.6587],[-111.7021,40.6585],[-111.6974,40.6634],[-111.6725,40.674],[-111.652,40.673],[-111.6441,40.665],[-111.6407,40.6692],[-111.6339,40.6689],[-111.6165,40.6737],[-111.6045,40.6691],[-111.6018,40.671],[-111.603,40.6775],[-111.5997,40.6919],[-111.5928,40.6995],[-111.5947,40.7036],[-111.615,40.7195],[-111.6164,40.7231],[-111.6135,40.7281],[-111.6233,40.7312],[-111.6217,40.7379],[-111.6246,40.7408],[-111.6174,40.7465],[-111.6233,40.7542],[-111.6211,40.7582],[-111.6369,40.7631],[-111.6385,40.7693],[-111.6491,40.7734],[-111.6454,40.7789],[-111.6464,40.7826],[-111.6431,40.786],[-111.6488,40.7922],[-111.6463,40.7977],[-111.6412,40.799],[-111.6424,40.806],[-111.6391,40.8094],[-111.6404,40.8149],[-111.6457,40.8206],[-111.6458,40.824],[-111.652,40.8241],[-111.6524,40.8272],[-111.6567,40.8304],[-111.6659,40.8307],[-111.6641,40.8413],[-111.6607,40.8452],[-111.6638,40.8499],[-111.6951,40.8617]]]}},{"type":"Feature","properties":{"huc10":"1602020404","name":"Jordan River-Frontal Great Salt Lake"},"geometry":{"type":"Polygon","coordinates":[[[-111.9717,40.9354],[-111.973,40.9403],[-111.9733,40.9357],[-111.9756,40.9348],[-111.9725,40.9324],[-111.9736,40.9286],[-111.9793,40.9301],[-111.9811,40.9257],[-111.9881,40.9286],[-111.9939,40.9236],[-111.9838,40.9184],[-111.967,40.9283],[-111.9562,40.9286],[-111.966,40.9271],[-111.9717,40.9207],[-111.9768,40.9191],[-111.9763,40.9126],[-111.9819,40.9178],[-111.9832,40.9165],[-111.9809,40.915],[-111.9855,40.9135],[-111.9787,40.9109],[-111.9857,40.9067],[-112.0004,40.9061],[-111.9937,40.9008],[-112.0022,40.9009],[-112.0001,40.8977],[-112.0045,40.899],[-112.0061,40.8987],[-112.0039,40.8969],[-112.0074,40.8967],[-112.0194,40.9015],[-112.0298,40.9023],[-112.0292,40.9],[-112.0375,40.899],[-112.0389,40.8969],[-112.0496,40.8965],[-112.0525,40.8922],[-112.069,40.8884],[-112.0704,40.8837],[-112.0752,40.884],[-112.0769,40.8869],[-112.0823,40.8848],[-112.0837,40.8786],[-112.093,40.8783],[-112.0878,40.8725],[-112.0931,40.8713],[-112.1069,40.871],[-112.1034,40.8734],[-112.1172,40.8743],[-112.1185,40.8769],[-112.1352,40.8832],[-112.1388,40.8914],[-112.1467,40.8971],[-112.149,40.9018],[-112.1545,40.9025],[-112.1547,40.8845],[-112.1579,40.8727],[-112.1535,40.8614],[-112.1648,40.8536],[-112.1622,40.8494],[-112.1586,40.8497],[-112.1548,40.8445],[-112.1503,40.8433],[-112.1488,40.8385],[-112.1409,40.8362],[-112.137,40.8303],[-112.1365,40.8257],[-112.1407,40.824],[-112.1393,40.821],[-112.1426,40.8117],[-112.1391,40.8001],[-112.1653,40.7749],[-112.173,40.7757],[-112.1737,40.7737],[-112.1701,40.772],[-112.1712,40.769],[-112.1743,40.7697],[-112.1747,40.7659],[-112.18,40.7654],[-112.1802,40.7619],[-112.1946,40.7413],[-112.2068,40.7325],[-112.2099,40.7328],[-112.2199,40.7267],[-112.2228,40.7282],[-112.2222,40.7255],[-112.2278,40.7256],[-112.2234,40.717],[-112.2258,40.7113],[-112.2216,40.7045],[-112.2216,40.6961],[-112.2031,40.6818],[-112.2043,40.6779],[-112.2015,40.6724],[-112.2013,40.6639],[-112.2029,40.6541],[-112.1979,40.6484],[-112.1939,40.6355],[-112.1977,40.6252],[-112.1888,40.6144],[-112.1816,40.6119],[-112.1784,40.6054],[-112.1747,40.6039],[-112.1604,40.6079],[-112.1538,40.6067],[-112.1293,40.6158],[-112.1251,40.6211],[-112.1017,40.6236],[-112.0739,40.6337],[-112.0572,40.6354],[-112.0568,40.6379],[-112.0387,40.648],[-112.0148,40.6774],[-112.0031,40.714],[-112.0026,40.7376],[-111.9782,40.7397],[-111.9628,40.7483],[-111.9527,40.7504],[-111.9131,40.7516],[-111.8996,40.755],[-111.892,40.7645],[-111.8874,40.7758],[-111.886,40.7895],[-111.8908,40.7953],[-111.8869,40.7979],[-111.8877,40.8011],[-111.8805,40.8047],[-111.8757,40.8156],[-111.871,40.816],[-111.8656,40.8222],[-111.8585,40.823],[-111.8536,40.8292],[-111.846,40.8297],[-111.8418,40.8325],[-111.8376,40.8307],[-111.8304,40.8319],[-111.8217,40.8344],[-111.8172,40.8385],[-111.8313,40.849],[-111.8418,40.8493],[-111.8465,40.8635],[-111.8505,40.8658],[-111.85,40.8692],[-111.8763,40.8753],[-111.9151,40.8792],[-111.9258,40.8843],[-111.9376,40.8977],[-111.9483,40.9032],[-111.9488,40.9087],[-111.9459,40.9069],[-111.9426,40.9111],[-111.948,40.9122],[-111.9485,40.9314],[-111.9533,40.9344],[-111.9608,40.9315],[-111.9616,40.9339],[-111.9578,40.9396],[-111.9639,40.935],[-111.9666,40.9312],[-111.9654,40.9294],[-111.9717,40.9354]]]}},{"type":"Feature","properties":{"huc10":"1602030402","name":"Boulter Creek"},"geometry":{"type":"Polygon","coordinates":[[[-112.194,40.36],[-112.2056,40.3586],[-112.2105,40.3537],[-112.224,40.3495],[-112.2228,40.3465],[-112.2292,40.3432],[-112.2436,40.3418],[-112.2508,40.3363],[-112.2619,40.3388],[-112.2701,40.3378],[-112.2735,40.341],[-112.3088,40.3356],[-112.3294,40.3154],[-112.3572,40.3002],[-112.3666,40.2984],[-112.3878,40.2882],[-112.376,40.2773],[-112.367,40.2626],[-112.3773,40.2481],[-112.3757,40.2341],[-112.3704,40.2306],[-112.374,40.2246],[-112.3737,40.2195],[-112.3775,40.2159],[-112.3786,40.2098],[-112.3855,40.2052],[-112.3901,40.1902],[-112.3944,40.1863],[-112.3926,40.1823],[-112.3961,40.1652],[-112.3957,40.1595],[-112.3898,40.154],[-112.3886,40.1416],[-112.3902,40.1395],[-112.3821,40.1275],[-112.3839,40.1263],[-112.383,40.1221],[-112.3774,40.1198],[-112.3747,40.114],[-112.3697,40.111],[-112.3688,40.106],[-112.3713,40.1019],[-112.381,40.0978],[-112.3748,40.0861],[-112.3702,40.0828],[-112.3678,40.0758],[-112.3713,40.0719],[-112.3688,40.0675],[-112.3727,40.0635],[-112.3759,40.0539],[-112.3724,40.0488],[-112.3801,40.0442],[-112.3788,40.0375],[-112.3903,40.0324],[-112.3882,40.0308],[-112.3897,40.0245],[-112.3737,40.0176],[-112.376,40.0129],[-112.3863,40.0062],[-112.3835,40.0024],[-112.3758,40.0008],[-112.3713,39.9812],[-112.362,39.9795],[-112.3481,39.9663],[-112.3428,39.9652],[-112.3274,39.9466],[-112.3233,39.9446],[-112.311,39.948],[-112.3093,39.9448],[-112.3065,39.9454],[-112.3034,39.937],[-112.2848,39.9422],[-112.2705,39.939],[-112.2612,39.943],[-112.2544,39.9504],[-112.2489,39.9507],[-112.245,39.957],[-112.2366,39.9604],[-112.2354,39.9704],[-112.225,39.982],[-112.225,39.988],[-112.202,39.9998],[-112.2001,40.004],[-112.1869,40.0059],[-112.1798,40.0115],[-112.1769,40.0194],[-112.1774,40.03],[-112.1741,40.0327],[-112.1749,40.0354],[-112.172,40.0396],[-112.1837,40.0599],[-112.1802,40.0673],[-112.1733,40.0662],[-112.1721,40.0685],[-112.176,40.0776],[-112.1728,40.0843],[-112.1579,40.0891],[-112.1585,40.1005],[-112.1542,40.1081],[-112.1561,40.1132],[-112.1608,40.1143],[-112.1641,40.1186],[-112.1637,40.1233],[-112.1762,40.131],[-112.1678,40.1468],[-112.1763,40.1558],[-112.1588,40.1632],[-112.1555,40.1704],[-112.1459,40.1709],[-112.1443,40.1732],[-112.1469,40.1783],[-112.1529,40.1792],[-112.1524,40.1845],[-112.1469,40.1894],[-112.1489,40.191],[-112.1486,40.1956],[-112.1519,40.1941],[-112.1541,40.1972],[-112.1605,40.1988],[-112.1573,40.2031],[-112.1585,40.2067],[-112.1496,40.2123],[-112.1549,40.2152],[-112.1542,40.2183],[-112.1673,40.2184],[-112.1709,40.2258],[-112.1767,40.2277],[-112.1825,40.2382],[-112.1843,40.2581],[-112.1921,40.2645],[-112.1929,40.269],[-112.1891,40.2735],[-112.1885,40.2855],[-112.1866,40.2869],[-112.1897,40.3003],[-112.1922,40.3042],[-112.1987,40.3072],[-112.1979,40.3158],[-112.1935,40.319],[-112.1963,40.3262],[-112.1756,40.3358],[-112.188,40.3548],[-112.194,40.36]]]}},{"type":"Feature","properties":{"huc10":"1602030403","name":"Rush Valley"},"geometry":{"type":"Polygon","coordinates":[[[-112.3452,40.4691],[-112.378,40.4624],[-112.4008,40.4644],[-112.4124,40.4593],[-112.4242,40.4615],[-112.4288,40.4663],[-112.4612,40.4689],[-112.473,40.4654],[-112.479,40.4599],[-112.5145,40.4454],[-112.5254,40.4444],[-112.5575,40.45],[-112.5672,40.4359],[-112.5703,40.4368],[-112.5768,40.4481],[-112.5823,40.4523],[-112.6054,40.4505],[-112.6069,40.4467],[-112.6022,40.436],[-112.6048,40.4161],[-112.6026,40.4128],[-112.6025,40.4033],[-112.5909,40.3932],[-112.5872,40.3726],[-112.5839,40.3657],[-112.5755,40.3572],[-112.5711,40.347],[-112.5734,40.3437],[-112.5708,40.3387],[-112.5817,40.3318],[-112.5821,40.3249],[-112.5788,40.3189],[-112.5811,40.3144],[-112.5706,40.3046],[-112.5697,40.2947],[-112.552,40.2646],[-112.5506,40.2528],[-112.5439,40.2486],[-112.551,40.2452],[-112.5505,40.2406],[-112.5381,40.2284],[-112.5306,40.2275],[-112.521,40.219],[-112.5155,40.2188],[-112.5149,40.2229],[-112.5057,40.2268],[-112.5034,40.232],[-112.4959,40.2361],[-112.4737,40.2384],[-112.4075,40.2676],[-112.393,40.2768],[-112.3875,40.2892],[-112.3759,40.2924],[-112.3661,40.2986],[-112.3572,40.3002],[-112.3294,40.3154],[-112.3088,40.3356],[-112.2735,40.341],[-112.2701,40.3378],[-112.2619,40.3388],[-112.2508,40.3363],[-112.2436,40.3418],[-112.2292,40.3432],[-112.2228,40.3465],[-112.224,40.3495],[-112.2105,40.3537],[-112.2056,40.3586],[-112.1941,40.3601],[-112.1938,40.3678],[-112.1888,40.3725],[-112.1994,40.3828],[-112.2017,40.3878],[-112.1995,40.3907],[-112.198,40.4148],[-112.1948,40.421],[-112.2051,40.4311],[-112.2189,40.4312],[-112.2203,40.4347],[-112.2297,40.4396],[-112.2621,40.4375],[-112.2827,40.4446],[-112.2871,40.444],[-112.293,40.4516],[-112.2998,40.454],[-112.3022,40.4596],[-112.3082,40.4615],[-112.3102,40.4669],[-112.3153,40.4682],[-112.3272,40.4622],[-112.3452,40.4691]]]}},{"type":"Feature","properties":{"huc10":"1602030404","name":"Settlement Canyon-Frontal Great Salt Lake"},"geometry":{"type":"Polygon","coordinates":[[[-112.2015,40.666],[-112.2033,40.6821],[-112.2216,40.6961],[-112.2216,40.7045],[-112.2258,40.7113],[-112.2234,40.717],[-112.2281,40.7256],[-112.2274,40.7238],[-112.258,40.7057],[-112.3587,40.6702],[-112.3621,40.666],[-112.3872,40.6724],[-112.3999,40.657],[-112.4,40.6464],[-112.3932,40.6362],[-112.3911,40.6227],[-112.3879,40.6208],[-112.3921,40.6185],[-112.3922,40.6006],[-112.3779,40.5611],[-112.3661,40.5467],[-112.3431,40.5324],[-112.3269,40.5278],[-112.304,40.5145],[-112.3076,40.5077],[-112.3022,40.4989],[-112.302,40.4854],[-112.2889,40.4697],[-112.297,40.4663],[-112.3022,40.4596],[-112.3,40.4542],[-112.293,40.4516],[-112.2874,40.4441],[-112.2827,40.4446],[-112.2621,40.4375],[-112.2297,40.4396],[-112.2203,40.4347],[-112.2189,40.4312],[-112.2119,40.4314],[-112.2094,40.4342],[-112.2142,40.4519],[-112.2122,40.4592],[-112.1956,40.4623],[-112.1904,40.4684],[-112.1739,40.4669],[-112.1719,40.4691],[-112.1813,40.4926],[-112.1805,40.4976],[-112.1759,40.5],[-112.1805,40.5028],[-112.1876,40.5137],[-112.1788,40.5218],[-112.1792,40.5315],[-112.1829,40.5391],[-112.1793,40.5463],[-112.1782,40.5561],[-112.1829,40.5623],[-112.1835,40.5734],[-112.1805,40.5773],[-112.1814,40.5805],[-112.175,40.5852],[-112.1776,40.5961],[-112.1753,40.6039],[-112.1787,40.6056],[-112.182,40.6122],[-112.1888,40.6144],[-112.1977,40.6252],[-112.1939,40.6355],[-112.1979,40.6484],[-112.2029,40.6541],[-112.2015,40.666]]]}},{"type":"Feature","properties":{"huc10":"1602030405","name":"North Willow Creek-Frontal Great Salt Lake"},"geometry":{"type":"Polygon","coordinates":[[[-112.5026,40.915],[-112.5016,40.9228],[-112.5068,40.925],[-112.5083,40.931],[-112.511,40.9328],[-112.5188,40.9199],[-112.5281,40.9149],[-112.5341,40.9055],[-112.5469,40.8985],[-112.5415,40.8968],[-112.5468,40.8894],[-112.5508,40.8698],[-112.5536,40.8666],[-112.5507,40.8301],[-112.5601,40.8154],[-112.5642,40.8108],[-112.5651,40.8131],[-112.5668,40.8116],[-112.566,40.8076],[-112.5752,40.8019],[-112.5773,40.7882],[-112.5735,40.7843],[-112.5768,40.7824],[-112.6365,40.7821],[-112.6508,40.7732],[-112.6562,40.7583],[-112.6625,40.7535],[-112.652,40.7393],[-112.6392,40.7373],[-112.6388,40.7319],[-112.6316,40.7275],[-112.6337,40.719],[-112.6303,40.7146],[-112.6298,40.6928],[-112.628,40.6899],[-112.6311,40.6777],[-112.6258,40.6587],[-112.6163,40.6524],[-112.6157,40.6489],[-112.6093,40.644],[-112.6025,40.6441],[-112.5998,40.6412],[-112.6045,40.6339],[-112.6055,40.6191],[-112.6129,40.6102],[-112.6163,40.5981],[-112.6225,40.5891],[-112.6198,40.5828],[-112.6105,40.5817],[-112.6121,40.5739],[-112.6215,40.5656],[-112.619,40.5547],[-112.6232,40.5515],[-112.623,40.5387],[-112.6281,40.5282],[-112.6256,40.5164],[-112.6317,40.4998],[-112.6289,40.4957],[-112.6315,40.4823],[-112.6284,40.4773],[-112.6279,40.4621],[-112.6221,40.4567],[-112.6093,40.459],[-112.6054,40.4505],[-112.5823,40.4523],[-112.5768,40.4481],[-112.5703,40.4368],[-112.5672,40.4359],[-112.5575,40.45],[-112.5254,40.4444],[-112.5145,40.4454],[-112.479,40.4599],[-112.473,40.4654],[-112.4609,40.4689],[-112.4288,40.4663],[-112.4242,40.4615],[-112.4124,40.4593],[-112.4008,40.4644],[-112.378,40.4624],[-112.346,40.4691],[-112.3272,40.4622],[-112.3147,40.4683],[-112.31,40.4667],[-112.3074,40.4608],[-112.3022,40.4596],[-112.297,40.4663],[-112.2889,40.4697],[-112.302,40.4854],[-112.3022,40.4989],[-112.3076,40.5077],[-112.304,40.5145],[-112.3269,40.5278],[-112.3431,40.5324],[-112.3667,40.5472],[-112.3779,40.5611],[-112.3922,40.6006],[-112.3921,40.6185],[-112.3879,40.6208],[-112.3911,40.6227],[-112.3932,40.6362],[-112.4,40.6464],[-112.4008,40.6525],[-112.3995,40.658],[-112.397,40.6585],[-112.3872,40.6724],[-112.3953,40.682],[-112.3964,40.6958],[-112.4033,40.7056],[-112.4082,40.7064],[-112.4095,40.7099],[-112.4039,40.7156],[-112.4005,40.7237],[-112.4067,40.7282],[-112.4068,40.7306],[-112.3822,40.7396],[-112.4117,40.7471],[-112.4155,40.7541],[-112.4354,40.7602],[-112.44,40.7693],[-112.4531,40.7831],[-112.4525,40.7862],[-112.4474,40.7884],[-112.4485,40.7902],[-112.4577,40.7869],[-112.4676,40.7966],[-112.4722,40.8083],[-112.4703,40.814],[-112.4627,40.8219],[-112.4719,40.8285],[-112.4693,40.8362],[-112.4706,40.845],[-112.4793,40.8626],[-112.4793,40.8772],[-112.4882,40.8826],[-112.4899,40.8872],[-112.4948,40.8901],[-112.4954,40.9002],[-112.501,40.907],[-112.5026,40.915]]]}},{"type":"Feature","properties":{"huc10":"1602030501","name":"Dry Creek-Skull Valley"},"geometry":{"type":"Polygon","coordinates":[[[-112.6017,40.4024],[-112.6188,40.4011],[-112.6246,40.3835],[-112.6316,40.3799],[-112.6359,40.3745],[-112.6658,40.3618],[-112.6699,40.3534],[-112.6793,40.3447],[-112.6989,40.3361],[-112.7119,40.3256],[-112.7316,40.3203],[-112.7353,40.312],[-112.744,40.3026],[-112.7469,40.2909],[-112.7447,40.288],[-112.7504,40.2859],[-112.7614,40.272],[-112.7807,40.2645],[-112.7953,40.2635],[-112.7978,40.2598],[-112.794,40.2535],[-112.7861,40.2509],[-112.7757,40.2433],[-112.7734,40.2358],[-112.7757,40.23],[-112.7712,40.2253],[-112.7732,40.2196],[-112.7618,40.2156],[-112.7605,40.1927],[-112.7661,40.1781],[-112.7633,40.1738],[-112.765,40.1649],[-112.7513,40.1611],[-112.7487,40.1633],[-112.7408,40.1621],[-112.7398,40.1572],[-112.7358,40.1543],[-112.7291,40.1425],[-112.7299,40.1363],[-112.7257,40.1256],[-112.7124,40.119],[-112.6898,40.1214],[-112.6887,40.1155],[-112.679,40.1089],[-112.6611,40.1116],[-112.6357,40.1029],[-112.6296,40.1067],[-112.6223,40.1043],[-112.6164,40.1063],[-112.6091,40.1033],[-112.6034,40.0957],[-112.6059,40.0931],[-112.6018,40.0898],[-112.6001,40.0795],[-112.5852,40.0674],[-112.5863,40.0569],[-112.5844,40.0556],[-112.5809,40.066],[-112.5728,40.0668],[-112.5686,40.0739],[-112.5703,40.0756],[-112.5681,40.0836],[-112.5707,40.0941],[-112.5656,40.0983],[-112.5709,40.109],[-112.5607,40.1214],[-112.5636,40.1261],[-112.5633,40.1426],[-112.561,40.1451],[-112.5602,40.1538],[-112.5566,40.1566],[-112.5535,40.1654],[-112.5422,40.1748],[-112.5432,40.1807],[-112.5536,40.1944],[-112.5528,40.1987],[-112.5687,40.2286],[-112.5646,40.2292],[-112.559,40.2356],[-112.5523,40.2383],[-112.551,40.2452],[-112.5439,40.2485],[-112.5506,40.2528],[-112.552,40.2646],[-112.5697,40.2947],[-112.5706,40.3046],[-112.581,40.3139],[-112.5788,40.3189],[-112.5821,40.3249],[-112.5817,40.3318],[-112.5708,40.3387],[-112.5734,40.3437],[-112.5711,40.347],[-112.5755,40.3572],[-112.5839,40.3657],[-112.5872,40.3726],[-112.5909,40.3932],[-112.6017,40.4024]]]}},{"type":"Feature","properties":{"huc10":"1602030502","name":"Middle Lost Creek-Skull Valley"},"geometry":{"type":"Polygon","coordinates":[[[-112.6814,40.4969],[-112.6985,40.505],[-112.7289,40.5085],[-112.7573,40.4971],[-112.7763,40.4964],[-112.7907,40.4989],[-112.7977,40.4947],[-112.8026,40.4842],[-112.8011,40.4641],[-112.8094,40.4411],[-112.8096,40.4311],[-112.8078,40.4245],[-112.7988,40.4116],[-112.8002,40.4054],[-112.7962,40.4004],[-112.7942,40.3918],[-112.7795,40.3827],[-112.7792,40.3787],[-112.7747,40.3745],[-112.7754,40.3667],[-112.7812,40.3627],[-112.7876,40.3511],[-112.7974,40.318],[-112.8104,40.3024],[-112.8198,40.2963],[-112.8258,40.2966],[-112.8299,40.2942],[-112.8372,40.2979],[-112.8481,40.2845],[-112.8531,40.2859],[-112.8562,40.2811],[-112.8529,40.2751],[-112.8483,40.2759],[-112.8469,40.2738],[-112.8442,40.276],[-112.8375,40.2757],[-112.8354,40.2729],[-112.8274,40.2715],[-112.8208,40.267],[-112.8129,40.2678],[-112.8127,40.2591],[-112.803,40.2533],[-112.799,40.2565],[-112.796,40.2559],[-112.7978,40.2598],[-112.7953,40.2635],[-112.7807,40.2645],[-112.7614,40.272],[-112.7504,40.2859],[-112.7447,40.288],[-112.7469,40.2909],[-112.744,40.3026],[-112.7353,40.312],[-112.7316,40.3203],[-112.7119,40.3256],[-112.6989,40.3361],[-112.6798,40.3444],[-112.6699,40.3534],[-112.6663,40.3614],[-112.6365,40.3741],[-112.6316,40.3799],[-112.6248,40.3832],[-112.6188,40.4011],[-112.6025,40.4033],[-112.6026,40.4128],[-112.6048,40.4161],[-112.6022,40.436],[-112.6069,40.4467],[-112.6058,40.452],[-112.6093,40.459],[-112.6206,40.4566],[-112.6263,40.4594],[-112.6292,40.4654],[-112.6275,40.4713],[-112.6316,40.4887],[-112.6569,40.4979],[-112.6814,40.4969]]]}},{"type":"Feature","properties":{"huc10":"1602030503","name":"Wildcat Canyon-Skull Valley"},"geometry":{"type":"Polygon","coordinates":[[[-112.7874,40.5529],[-112.7866,40.5626],[-112.7795,40.5669],[-112.7775,40.5728],[-112.7898,40.5686],[-112.8011,40.5567],[-112.8079,40.5542],[-112.8591,40.5517],[-112.9135,40.5448],[-112.9281,40.5406],[-112.9473,40.5413],[-112.9527,40.5448],[-112.9672,40.5455],[-112.9696,40.5416],[-112.9678,40.5377],[-112.9692,40.5308],[-112.9733,40.5259],[-112.9775,40.5258],[-112.9779,40.5167],[-112.9842,40.5097],[-112.983,40.5027],[-112.9866,40.495],[-112.978,40.4865],[-112.9795,40.4724],[-112.9819,40.4722],[-112.9805,40.4688],[-112.9831,40.4646],[-112.9874,40.4634],[-112.9858,40.4547],[-112.9962,40.449],[-113.0019,40.4428],[-112.9993,40.4363],[-113.0028,40.4339],[-113.0034,40.43],[-113.007,40.4294],[-113.0038,40.4272],[-113.0135,40.4186],[-113.014,40.4109],[-113.0187,40.4052],[-113.0144,40.4004],[-113.0154,40.3953],[-113.0089,40.3888],[-113.0104,40.3844],[-113.014,40.3833],[-113.0141,40.3772],[-113.007,40.3738],[-113.0039,40.369],[-113.0066,40.3657],[-113.0024,40.3589],[-112.9955,40.3593],[-112.9934,40.3567],[-112.988,40.3561],[-112.9892,40.3527],[-112.986,40.351],[-112.9761,40.3506],[-112.9738,40.345],[-112.9639,40.3435],[-112.9564,40.3367],[-112.9481,40.3348],[-112.9475,40.3309],[-112.9406,40.3234],[-112.9405,40.3184],[-112.9326,40.3177],[-112.9216,40.3096],[-112.9036,40.3095],[-112.8861,40.2992],[-112.8817,40.299],[-112.8805,40.2962],[-112.8736,40.2957],[-112.8744,40.2904],[-112.8719,40.2884],[-112.8713,40.2827],[-112.865,40.2776],[-112.8558,40.2798],[-112.8524,40.2864],[-112.8481,40.2845],[-112.8372,40.2979],[-112.8299,40.2942],[-112.8258,40.2966],[-112.8198,40.2963],[-112.8105,40.3022],[-112.7974,40.318],[-112.7927,40.3384],[-112.7812,40.3627],[-112.7759,40.3653],[-112.7747,40.3741],[-112.7839,40.3869],[-112.7942,40.3918],[-112.7962,40.4004],[-112.8002,40.4054],[-112.7988,40.4116],[-112.8078,40.4245],[-112.8097,40.4316],[-112.8094,40.4411],[-112.8011,40.4641],[-112.803,40.4812],[-112.7989,40.4929],[-112.7916,40.4988],[-112.771,40.4975],[-112.7764,40.5037],[-112.786,40.5061],[-112.7884,40.5087],[-112.7881,40.5188],[-112.7936,40.5369],[-112.7874,40.5529]]]}},{"type":"Feature","properties":{"huc10":"1602030606","name":"Pismire Wash"},"geometry":{"type":"Polygon","coordinates":[[[-113.1465,40.1387],[-113.1549,40.1424],[-113.166,40.1427],[-113.1864,40.1366],[-113.1964,40.1365],[-113.2296,40.1293],[-113.2511,40.1272],[-113.2615,40.1316],[-113.2723,40.1276],[-113.2694,40.124],[-113.2708,40.1153],[-113.2774,40.1062],[-113.2755,40.0967],[-113.2663,40.0905],[-113.264,40.0813],[-113.2451,40.0778],[-113.22,40.0444],[-113.2167,40.0357],[-113.2078,40.0285],[-113.2031,40.0199],[-113.1991,40.0182],[-113.2015,40.0169],[-113.1998,40.0128],[-113.1945,40.0122],[-113.1935,40.0071],[-113.1984,39.9924],[-113.1955,39.989],[-113.1877,39.9885],[-113.1764,39.9786],[-113.172,39.9715],[-113.1495,39.9641],[-113.14,39.9505],[-113.1292,39.9479],[-113.1235,39.9429],[-113.1185,39.9445],[-113.114,39.9376],[-113.1067,39.9349],[-113.0956,39.9238],[-113.0874,39.9191],[-113.0732,39.92],[-113.071,39.9164],[-113.0709,39.9018],[-113.0847,39.886],[-113.0817,39.8721],[-113.0747,39.8687],[-113.0749,39.8651],[-113.0836,39.8624],[-113.0855,39.856],[-113.0805,39.8343],[-113.0855,39.8342],[-113.0907,39.8276],[-113.0942,39.8281],[-113.0979,39.8248],[-113.098,39.8164],[-113.1013,39.8122],[-113.105,39.8116],[-113.1146,39.8167],[-113.122,39.8053],[-113.1272,39.8037],[-113.1329,39.8071],[-113.1482,39.8042],[-113.1518,39.8022],[-113.1511,39.7975],[-113.1621,39.792],[-113.163,39.7863],[-113.158,39.7786],[-113.1438,39.7683],[-113.1433,39.7619],[-113.1346,39.7544],[-113.1369,39.7454],[-113.1316,39.7363],[-113.1364,39.7311],[-113.1312,39.7283],[-113.1258,39.7327],[-113.1133,39.7238],[-113.1075,39.7238],[-113.1019,39.735],[-113.0969,39.7341],[-113.0957,39.737],[-113.0834,39.7438],[-113.0638,39.7347],[-113.0407,39.7379],[-113.0234,39.7431],[-113.0172,39.7405],[-113.0081,39.7439],[-113.0009,39.7422],[-112.9959,39.7442],[-112.9826,39.741],[-112.9446,39.7528],[-112.937,39.7487],[-112.9292,39.7493],[-112.9259,39.7542],[-112.9272,39.7591],[-112.9249,39.7641],[-112.9268,39.7715],[-112.9303,39.7738],[-112.9245,39.7816],[-112.9146,39.7831],[-112.9096,39.7865],[-112.9135,39.7946],[-112.9093,39.8023],[-112.9011,39.8101],[-112.9007,39.8229],[-112.9053,39.828],[-112.9027,39.8335],[-112.9043,39.8368],[-112.9112,39.8413],[-112.9143,39.8549],[-112.9271,39.865],[-112.9352,39.8751],[-112.939,39.8856],[-112.9422,39.9133],[-112.9483,39.9237],[-112.9488,39.9355],[-112.9549,39.9512],[-112.968,39.9616],[-112.9716,39.9672],[-112.9754,39.9912],[-112.979,39.9988],[-112.9777,40.0149],[-112.9846,40.0142],[-112.9871,40.0262],[-112.9941,40.0324],[-113.0039,40.0349],[-113.0104,40.0402],[-113.0085,40.0429],[-113.0118,40.0498],[-113.0229,40.0577],[-113.0231,40.0623],[-113.0359,40.0713],[-113.0359,40.0789],[-113.046,40.0838],[-113.0469,40.0916],[-113.0619,40.0942],[-113.0749,40.1081],[-113.0792,40.11],[-113.0774,40.1141],[-113.0815,40.118],[-113.0807,40.1207],[-113.0888,40.1245],[-113.0976,40.1231],[-113.1031,40.13],[-113.1314,40.131],[-113.1465,40.1387]]]}},{"type":"Feature","properties":{"huc10":"1602030610","name":"Government Creek"},"geometry":{"type":"Polygon","coordinates":[[[-112.9154,40.3103],[-112.9176,40.3102],[-112.9158,40.3062],[-112.9231,40.2927],[-112.9369,40.2885],[-112.9513,40.2719],[-112.957,40.2702],[-112.9661,40.2628],[-112.9739,40.252],[-112.9812,40.2492],[-112.9815,40.2443],[-112.9975,40.2351],[-113.0027,40.2356],[-113.0046,40.2274],[-113.0103,40.2301],[-113.0111,40.2344],[-113.014,40.2359],[-113.0161,40.2245],[-113.0179,40.2214],[-113.0213,40.2221],[-113.0246,40.2163],[-113.0228,40.2148],[-113.0274,40.2155],[-113.0304,40.2101],[-113.0371,40.2074],[-113.0406,40.2088],[-113.0417,40.1986],[-113.0484,40.1981],[-113.0457,40.1906],[-113.0485,40.1869],[-113.0385,40.1739],[-113.0303,40.1525],[-113.0277,40.1358],[-113.0295,40.133],[-113.0266,40.1294],[-113.0219,40.129],[-113.0209,40.1263],[-113.0153,40.1283],[-113.0175,40.1253],[-113.0144,40.124],[-113.0132,40.1199],[-113.018,40.1129],[-113.0239,40.1107],[-113.0263,40.1068],[-113.0234,40.0963],[-113.016,40.0957],[-113.0141,40.0925],[-113.0202,40.0835],[-113.0121,40.0781],[-113.015,40.0722],[-113.0095,40.0663],[-113.0108,40.0637],[-113.0012,40.0558],[-112.9981,40.0498],[-112.9923,40.0476],[-112.9923,40.0411],[-112.9871,40.0419],[-112.9803,40.034],[-112.971,40.0348],[-112.9603,40.023],[-112.9592,40.0162],[-112.9569,40.0156],[-112.9531,40.0196],[-112.9415,40.0177],[-112.9299,40.0069],[-112.9299,40.0025],[-112.9085,39.9907],[-112.9038,39.984],[-112.8935,39.9795],[-112.8834,39.9704],[-112.8735,39.9697],[-112.8626,39.9648],[-112.8504,39.953],[-112.8502,39.9485],[-112.8406,39.9442],[-112.8344,39.945],[-112.8307,39.9406],[-112.8224,39.9435],[-112.8243,39.9497],[-112.8154,39.957],[-112.8018,39.9623],[-112.7678,39.9543],[-112.7428,39.954],[-112.7292,39.9613],[-112.7254,39.96],[-112.7236,39.9555],[-112.7095,39.952],[-112.7052,39.9556],[-112.6982,39.9533],[-112.6863,39.9608],[-112.6791,39.9561],[-112.6708,39.9581],[-112.6623,39.9564],[-112.6564,39.951],[-112.6374,39.9524],[-112.636,39.9551],[-112.6316,39.9557],[-112.6245,39.9548],[-112.6217,39.952],[-112.6072,39.9649],[-112.5938,39.9713],[-112.588,39.9795],[-112.5754,39.9817],[-112.5645,39.9934],[-112.552,39.994],[-112.5441,39.9898],[-112.543,39.9923],[-112.5478,40.0072],[-112.5523,40.0116],[-112.5527,40.0157],[-112.5612,40.0214],[-112.5674,40.0295],[-112.5661,40.0344],[-112.5747,40.0407],[-112.5789,40.0478],[-112.5778,40.0526],[-112.5862,40.0566],[-112.5852,40.0674],[-112.6001,40.0795],[-112.6018,40.0898],[-112.6059,40.0931],[-112.6034,40.0957],[-112.607,40.1017],[-112.6164,40.1063],[-112.6223,40.1043],[-112.6298,40.1067],[-112.6357,40.1029],[-112.6604,40.1115],[-112.679,40.1089],[-112.6887,40.1155],[-112.6888,40.1207],[-112.6926,40.1224],[-112.7091,40.119],[-112.7211,40.1223],[-112.7273,40.1281],[-112.7299,40.1363],[-112.7291,40.1425],[-112.7358,40.1543],[-112.7398,40.1572],[-112.7408,40.1621],[-112.7487,40.1633],[-112.7513,40.1611],[-112.765,40.165],[-112.7633,40.1738],[-112.7661,40.1781],[-112.7605,40.1927],[-112.7618,40.2156],[-112.7732,40.2196],[-112.7712,40.2253],[-112.7757,40.23],[-112.7734,40.2358],[-112.7757,40.2433],[-112.796,40.2559],[-112.799,40.2565],[-112.803,40.2533],[-112.8121,40.2585],[-112.8129,40.2678],[-112.8208,40.267],[-112.8274,40.2715],[-112.8354,40.2729],[-112.8375,40.2757],[-112.8442,40.276],[-112.8469,40.2738],[-112.8483,40.2759],[-112.8529,40.2751],[-112.8556,40.2798],[-112.865,40.2776],[-112.8714,40.2829],[-112.8719,40.2884],[-112.8744,40.2904],[-112.8727,40.2951],[-112.8805,40.2962],[-112.8817,40.299],[-112.8881,40.3002],[-112.8983,40.3077],[-112.9154,40.3103]]]}},{"type":"Feature","properties":{"huc10":"1601010107","name":"Big Creek-Bear River"},"geometry":{"type":"Polygon","coordinates":[[[-111.0346,41.771],[-111.1033,41.7638],[-111.126,41.768],[-111.1357,41.7667],[-111.1367,41.7643],[-111.1537,41.7644],[-111.1591,41.7603],[-111.1746,41.7633],[-111.1795,41.7594],[-111.1939,41.7592],[-111.1969,41.7558],[-111.2065,41.7523],[-111.2219,41.7494],[-111.2467,41.7505],[-111.2525,41.7533],[-111.2572,41.7611],[-111.2633,41.7643],[-111.2699,41.761],[-111.2894,41.7579],[-111.2955,41.7537],[-111.3131,41.7507],[-111.3246,41.7518],[-111.3394,41.7285],[-111.3632,41.7266],[-111.3799,41.7212],[-111.3855,41.7166],[-111.3817,41.7122],[-111.3826,41.705],[-111.394,41.7029],[-111.4001,41.6951],[-111.4057,41.6936],[-111.4129,41.687],[-111.4114,41.6799],[-111.4154,41.6763],[-111.4146,41.6676],[-111.4061,41.666],[-111.4068,41.6631],[-111.4023,41.6595],[-111.4017,41.6544],[-111.4083,41.6493],[-111.4089,41.6447],[-111.4166,41.6392],[-111.4119,41.6317],[-111.4119,41.6258],[-111.4174,41.6225],[-111.4227,41.6241],[-111.4298,41.6184],[-111.4266,41.6106],[-111.4272,41.5927],[-111.4292,41.5901],[-111.4272,41.5811],[-111.4306,41.5758],[-111.4294,41.567],[-111.4332,41.5535],[-111.4421,41.549],[-111.4451,41.5444],[-111.4418,41.5353],[-111.4436,41.5282],[-111.4104,41.5187],[-111.3883,41.5328],[-111.3827,41.5326],[-111.3806,41.5359],[-111.3546,41.5395],[-111.342,41.5386],[-111.3229,41.5451],[-111.3081,41.546],[-111.2906,41.5509],[-111.2877,41.5411],[-111.2826,41.5406],[-111.281,41.5366],[-111.2769,41.5351],[-111.2717,41.5355],[-111.2677,41.5313],[-111.2395,41.537],[-111.2198,41.5308],[-111.2156,41.5332],[-111.2075,41.5315],[-111.2035,41.5274],[-111.1886,41.5329],[-111.1718,41.5273],[-111.1349,41.5314],[-111.1387,41.5263],[-111.1512,41.5197],[-111.1783,41.5175],[-111.1635,41.516],[-111.1446,41.5085],[-111.1308,41.5159],[-111.1285,41.5202],[-111.114,41.5191],[-111.1116,41.524],[-111.0995,41.5314],[-111.0971,41.5419],[-111.0999,41.5506],[-111.1029,41.5531],[-111.1091,41.5519],[-111.1141,41.5474],[-111.1147,41.549],[-111.1117,41.5568],[-111.1147,41.5659],[-111.1135,41.5722],[-111.1164,41.5776],[-111.1131,41.5823],[-111.1144,41.5871],[-111.1106,41.591],[-111.1122,41.6019],[-111.1063,41.6078],[-111.1057,41.6164],[-111.1033,41.6167],[-111.1068,41.6223],[-111.1149,41.6267],[-111.1101,41.6304],[-111.108,41.6388],[-111.1009,41.6509],[-111.0966,41.651],[-111.0965,41.6541],[-111.0918,41.6587],[-111.0795,41.6617],[-111.0757,41.6589],[-111.0596,41.6621],[-111.0596,41.6657],[-111.0515,41.6749],[-111.0552,41.6823],[-111.0479,41.6926],[-111.0496,41.6959],[-111.0438,41.7023],[-111.0421,41.71],[-111.0341,41.7198],[-111.0255,41.7228],[-111.0221,41.7312],[-111.0176,41.7328],[-111.0129,41.7389],[-111.0145,41.7473],[-111.0346,41.771]]]}},{"type":"Feature","properties":{"huc10":"1601010106","name":"Woodruff Creek"},"geometry":{"type":"Polygon","coordinates":[[[-111.288,41.5457],[-111.2916,41.5509],[-111.3081,41.546],[-111.3229,41.5451],[-111.342,41.5386],[-111.3546,41.5395],[-111.3801,41.536],[-111.3827,41.5326],[-111.3883,41.5328],[-111.4109,41.5186],[-111.4387,41.5255],[-111.4436,41.5282],[-111.443,41.5313],[-111.4531,41.5299],[-111.4587,41.532],[-111.4591,41.5291],[-111.456,41.5268],[-111.4565,41.5208],[-111.4648,41.5148],[-111.4668,41.5095],[-111.4783,41.5037],[-111.4748,41.5002],[-111.4781,41.4974],[-111.475,41.4948],[-111.4755,41.4888],[-111.48,41.4839],[-111.4815,41.4767],[-111.4904,41.4728],[-111.4898,41.4662],[-111.5007,41.4644],[-111.5036,41.4594],[-111.5031,41.4539],[-111.5051,41.4519],[-111.5029,41.4488],[-111.506,41.4439],[-111.5006,41.4378],[-111.5047,41.4358],[-111.5069,41.4294],[-111.5108,41.4276],[-111.5107,41.4207],[-111.5064,41.4178],[-111.5083,41.4143],[-111.5033,41.4134],[-111.4994,41.4083],[-111.4934,41.4055],[-111.4845,41.4048],[-111.4816,41.4011],[-111.4756,41.4],[-111.4779,41.3846],[-111.4627,41.3795],[-111.4606,41.3741],[-111.4481,41.373],[-111.4457,41.3713],[-111.4464,41.3672],[-111.4372,41.3667],[-111.4335,41.3621],[-111.4237,41.3651],[-111.4206,41.3613],[-111.4046,41.3622],[-111.404,41.3688],[-111.3967,41.373],[-111.381,41.3725],[-111.3779,41.3747],[-111.3739,41.3855],[-111.378,41.3941],[-111.3712,41.3999],[-111.3631,41.415],[-111.3388,41.4284],[-111.3251,41.4396],[-111.3083,41.4426],[-111.2984,41.4482],[-111.2773,41.4491],[-111.2604,41.4519],[-111.2558,41.4564],[-111.2442,41.4569],[-111.2415,41.4596],[-111.2398,41.4685],[-111.2394,41.4737],[-111.2419,41.4779],[-111.2366,41.4843],[-111.2263,41.4857],[-111.2161,41.4967],[-111.2114,41.4971],[-111.2071,41.5021],[-111.1976,41.5041],[-111.1859,41.5167],[-111.1512,41.5197],[-111.1344,41.5309],[-111.1718,41.5273],[-111.1886,41.5329],[-111.2035,41.5274],[-111.2075,41.5315],[-111.2156,41.5332],[-111.2198,41.5308],[-111.2395,41.537],[-111.2677,41.5313],[-111.2717,41.5355],[-111.2769,41.5351],[-111.281,41.5366],[-111.2826,41.5406],[-111.2877,41.5411],[-111.288,41.5457]]]}},{"type":"Feature","properties":{"huc10":"1601020301","name":"Headwaters Little Bear River"},"geometry":{"type":"Polygon","coordinates":[[[-111.8662,41.6272],[-111.8716,41.6269],[-111.8771,41.6169],[-111.8998,41.61],[-111.9006,41.6016],[-111.9267,41.5792],[-111.938,41.576],[-111.9476,41.5764],[-111.9523,41.5746],[-111.9539,41.5705],[-111.9513,41.5656],[-111.9532,41.562],[-111.9482,41.5546],[-111.937,41.5509],[-111.9334,41.5414],[-111.9267,41.5369],[-111.9165,41.5385],[-111.9122,41.5187],[-111.9058,41.5148],[-111.9094,41.508],[-111.9055,41.4971],[-111.8842,41.4961],[-111.8733,41.4856],[-111.8778,41.4824],[-111.8763,41.4795],[-111.8792,41.4682],[-111.8748,41.4625],[-111.881,41.4505],[-111.8803,41.4426],[-111.8842,41.4263],[-111.8723,41.4214],[-111.8801,41.4145],[-111.8758,41.4099],[-111.8751,41.4049],[-111.8692,41.3993],[-111.8627,41.3995],[-111.8614,41.3967],[-111.8549,41.3943],[-111.8467,41.3941],[-111.8368,41.3883],[-111.8297,41.3894],[-111.8277,41.3926],[-111.8201,41.3918],[-111.8134,41.388],[-111.7978,41.3923],[-111.7931,41.3914],[-111.7891,41.3847],[-111.7715,41.3758],[-111.7677,41.371],[-111.7608,41.3688],[-111.7463,41.3699],[-111.7372,41.3744],[-111.7257,41.3763],[-111.7266,41.3853],[-111.7165,41.3945],[-111.7116,41.3954],[-111.7118,41.3995],[-111.7065,41.405],[-111.7067,41.4125],[-111.718,41.4159],[-111.7229,41.423],[-111.7216,41.4271],[-111.7118,41.4232],[-111.7076,41.4253],[-111.6987,41.4184],[-111.6859,41.4217],[-111.6791,41.4276],[-111.6666,41.4287],[-111.6522,41.4105],[-111.6525,41.408],[-111.6475,41.4055],[-111.6441,41.406],[-111.6403,41.4143],[-111.6314,41.418],[-111.6265,41.4176],[-111.6187,41.4223],[-111.6126,41.4218],[-111.6092,41.4189],[-111.5992,41.4215],[-111.5843,41.4183],[-111.5738,41.428],[-111.5645,41.4232],[-111.5543,41.4238],[-111.5515,41.4139],[-111.5437,41.4073],[-111.5338,41.4116],[-111.5319,41.4146],[-111.5214,41.416],[-111.5175,41.4218],[-111.5108,41.4232],[-111.5107,41.4279],[-111.5069,41.4294],[-111.5047,41.4358],[-111.5006,41.4378],[-111.506,41.4439],[-111.5029,41.4488],[-111.5051,41.4519],[-111.5009,41.4643],[-111.5141,41.4607],[-111.5416,41.462],[-111.5559,41.467],[-111.5568,41.4713],[-111.5625,41.4752],[-111.5631,41.4787],[-111.5736,41.4799],[-111.5799,41.4864],[-111.6033,41.485],[-111.606,41.4913],[-111.614,41.4919],[-111.6207,41.4962],[-111.6316,41.4942],[-111.6359,41.4959],[-111.6373,41.4978],[-111.6324,41.5075],[-111.6336,41.5204],[-111.6364,41.525],[-111.6404,41.5249],[-111.646,41.5177],[-111.6551,41.5175],[-111.6611,41.5245],[-111.6689,41.526],[-111.6707,41.533],[-111.6809,41.5364],[-111.6858,41.5349],[-111.6886,41.539],[-111.6962,41.5416],[-111.6969,41.5435],[-111.6871,41.5475],[-111.6841,41.5544],[-111.6677,41.56],[-111.6688,41.5651],[-111.6868,41.5713],[-111.6909,41.5768],[-111.6873,41.5836],[-111.6894,41.5859],[-111.6884,41.5964],[-111.6914,41.602],[-111.6947,41.602],[-111.7045,41.5949],[-111.7148,41.5931],[-111.724,41.5973],[-111.7239,41.6006],[-111.7432,41.6051],[-111.7625,41.6009],[-111.7661,41.6052],[-111.7831,41.6094],[-111.8057,41.6258],[-111.8459,41.6205],[-111.8662,41.6272]]]}},{"type":"Feature","properties":{"huc10":"1601020302","name":"Blacksmith Fork"},"geometry":{"type":"Polygon","coordinates":[[[-111.4615,41.8164],[-111.468,41.8247],[-111.5015,41.8498],[-111.5023,41.8446],[-111.5164,41.8354],[-111.4979,41.8177],[-111.503,41.8152],[-111.5077,41.8063],[-111.5121,41.8051],[-111.5111,41.8019],[-111.5138,41.7963],[-111.5122,41.7899],[-111.5158,41.7847],[-111.5185,41.7705],[-111.5227,41.7638],[-111.5217,41.7616],[-111.5261,41.7537],[-111.5338,41.7495],[-111.5371,41.7426],[-111.5455,41.7421],[-111.5565,41.747],[-111.5658,41.7379],[-111.5768,41.7362],[-111.5797,41.7254],[-111.589,41.7236],[-111.5942,41.7241],[-111.5965,41.7279],[-111.6015,41.7291],[-111.6291,41.725],[-111.636,41.7275],[-111.639,41.7321],[-111.6485,41.7265],[-111.6581,41.7283],[-111.6865,41.7261],[-111.6918,41.7166],[-111.6976,41.6838],[-111.7045,41.6766],[-111.7032,41.6731],[-111.7393,41.6805],[-111.752,41.6769],[-111.7529,41.6742],[-111.773,41.6738],[-111.7774,41.679],[-111.7895,41.6855],[-111.7921,41.69],[-111.804,41.6965],[-111.8209,41.6962],[-111.8345,41.6994],[-111.8441,41.7051],[-111.8531,41.705],[-111.8522,41.6819],[-111.8373,41.6614],[-111.8282,41.6554],[-111.829,41.6457],[-111.8259,41.6391],[-111.8149,41.634],[-111.7818,41.6086],[-111.7661,41.6052],[-111.7623,41.6008],[-111.7433,41.6051],[-111.7327,41.6032],[-111.7239,41.6006],[-111.724,41.5973],[-111.7202,41.5942],[-111.7142,41.593],[-111.7045,41.5949],[-111.6947,41.602],[-111.6914,41.602],[-111.6884,41.5964],[-111.6894,41.5859],[-111.6873,41.5836],[-111.6909,41.5768],[-111.6868,41.5713],[-111.6688,41.5651],[-111.6677,41.56],[-111.6801,41.5569],[-111.6855,41.5531],[-111.6873,41.5472],[-111.6973,41.5431],[-111.6883,41.5389],[-111.6858,41.5349],[-111.6809,41.5364],[-111.6707,41.533],[-111.6689,41.526],[-111.6611,41.5245],[-111.6551,41.5175],[-111.646,41.5177],[-111.6404,41.5249],[-111.6364,41.525],[-111.6336,41.5204],[-111.6324,41.507],[-111.6373,41.498],[-111.6361,41.4959],[-111.6316,41.4942],[-111.6215,41.4964],[-111.614,41.4919],[-111.606,41.4913],[-111.6033,41.485],[-111.5799,41.4864],[-111.5736,41.4799],[-111.5631,41.4787],[-111.5625,41.4752],[-111.5568,41.4713],[-111.5559,41.467],[-111.541,41.4619],[-111.5139,41.4608],[-111.4902,41.466],[-111.4886,41.4687],[-111.4904,41.4728],[-111.4815,41.4767],[-111.48,41.4839],[-111.4756,41.4885],[-111.475,41.4948],[-111.4781,41.4974],[-111.4748,41.5002],[-111.4783,41.5037],[-111.4668,41.5095],[-111.4648,41.5148],[-111.4565,41.5208],[-111.456,41.5268],[-111.459,41.5317],[-111.4525,41.5299],[-111.4423,41.5327],[-111.4451,41.5444],[-111.4421,41.549],[-111.4332,41.5535],[-111.4294,41.567],[-111.4306,41.5758],[-111.4272,41.5811],[-111.4292,41.5901],[-111.4272,41.5927],[-111.4266,41.6106],[-111.4298,41.6184],[-111.4227,41.6241],[-111.4174,41.6225],[-111.4119,41.6258],[-111.4119,41.6317],[-111.4166,41.6392],[-111.4089,41.6447],[-111.4083,41.6493],[-111.4017,41.6544],[-111.4023,41.6595],[-111.4068,41.6631],[-111.4064,41.6663],[-111.4141,41.6667],[-111.4153,41.6763],[-111.4212,41.6742],[-111.4267,41.6778],[-111.424,41.6919],[-111.4287,41.696],[-111.4202,41.697],[-111.4213,41.7053],[-111.4178,41.7094],[-111.4175,41.7203],[-111.42,41.7246],[-111.4287,41.7267],[-111.4419,41.7357],[-111.4407,41.7412],[-111.4451,41.7448],[-111.4419,41.7479],[-111.4412,41.7555],[-111.4455,41.7604],[-111.4433,41.7711],[-111.4496,41.7721],[-111.4546,41.7795],[-111.4544,41.7882],[-111.4509,41.7926],[-111.4535,41.8051],[-111.4573,41.8074],[-111.4569,41.8122],[-111.4609,41.8139],[-111.4615,41.8164]]]}},{"type":"Feature","properties":{"huc10":"1601020404","name":"Whites Valley"},"geometry":{"type":"Polygon","coordinates":[[[-112.343,41.9049],[-112.3482,41.9042],[-112.3512,41.901],[-112.3609,41.9006],[-112.3696,41.8956],[-112.3688,41.8918],[-112.3834,41.8886],[-112.3899,41.893],[-112.3968,41.8841],[-112.3944,41.8736],[-112.3901,41.8729],[-112.3801,41.8647],[-112.3823,41.8589],[-112.3692,41.8505],[-112.3721,41.8449],[-112.3582,41.8364],[-112.358,41.829],[-112.3621,41.8275],[-112.3632,41.8247],[-112.356,41.8164],[-112.3605,41.8],[-112.3575,41.7962],[-112.3583,41.7926],[-112.3493,41.7871],[-112.3519,41.783],[-112.3594,41.7794],[-112.3563,41.776],[-112.3569,41.7719],[-112.3494,41.7686],[-112.3516,41.7657],[-112.3478,41.7653],[-112.3451,41.7579],[-112.3456,41.7555],[-112.3497,41.7543],[-112.3497,41.748],[-112.3491,41.7437],[-112.3447,41.7415],[-112.3477,41.7406],[-112.3464,41.7326],[-112.3408,41.7301],[-112.345,41.7048],[-112.3421,41.6994],[-112.3441,41.6923],[-112.3407,41.6876],[-112.3411,41.6813],[-112.3398,41.6789],[-112.3298,41.6783],[-112.3268,41.6741],[-112.3073,41.6706],[-112.3058,41.6663],[-112.285,41.6443],[-112.269,41.6405],[-112.2672,41.6351],[-112.256,41.6305],[-112.2533,41.6226],[-112.238,41.6126],[-112.2278,41.602],[-112.2327,41.5927],[-112.2231,41.5846],[-112.2205,41.5761],[-112.226,41.5704],[-112.2275,41.5643],[-112.2343,41.5591],[-112.2226,41.557],[-112.2071,41.5662],[-112.1998,41.5765],[-112.1846,41.5805],[-112.1833,41.5869],[-112.1719,41.5956],[-112.1713,41.6018],[-112.1782,41.6117],[-112.176,41.6181],[-112.1806,41.6321],[-112.1773,41.6489],[-112.1668,41.6528],[-112.1627,41.6605],[-112.1677,41.6738],[-112.1667,41.6798],[-112.162,41.6831],[-112.1658,41.7012],[-112.17,41.7054],[-112.1714,41.7127],[-112.1686,41.7265],[-112.1825,41.7423],[-112.1968,41.7477],[-112.2069,41.7473],[-112.2271,41.7535],[-112.2261,41.7583],[-112.2303,41.7592],[-112.2313,41.7689],[-112.2348,41.7716],[-112.2356,41.7799],[-112.2328,41.7855],[-112.2363,41.7926],[-112.2413,41.7935],[-112.242,41.7976],[-112.2513,41.8058],[-112.276,41.8079],[-112.274,41.8117],[-112.2785,41.819],[-112.2775,41.8338],[-112.2728,41.836],[-112.2674,41.8344],[-112.2662,41.8393],[-112.2614,41.839],[-112.261,41.8524],[-112.2579,41.856],[-112.2583,41.8591],[-112.2682,41.8561],[-112.2739,41.8577],[-112.2822,41.8737],[-112.2862,41.8753],[-112.2966,41.8868],[-112.3075,41.8856],[-112.31,41.8942],[-112.3151,41.9008],[-112.3194,41.9008],[-112.3238,41.8952],[-112.3282,41.8969],[-112.3329,41.9031],[-112.343,41.9049]]]}},{"type":"Feature","properties":{"huc10":"1601020405","name":"Bear River-Frontal Great Salt Lake"},"geometry":{"type":"Polygon","coordinates":[[[-112.0586,41.8685],[-112.0735,41.8636],[-112.0645,41.8582],[-112.0628,41.8491],[-112.0816,41.8288],[-112.0839,41.8145],[-112.0891,41.8118],[-112.0993,41.8113],[-112.1087,41.8059],[-112.1198,41.7891],[-112.1194,41.7781],[-112.1256,41.7701],[-112.126,41.7582],[-112.1346,41.7433],[-112.1433,41.7363],[-112.1434,41.7256],[-112.137,41.72],[-112.1436,41.696],[-112.1365,41.6779],[-112.1244,41.6667],[-112.1308,41.6553],[-112.1296,41.6351],[-112.1227,41.6279],[-112.129,41.615],[-112.1242,41.6058],[-112.1253,41.5991],[-112.1158,41.5904],[-112.118,41.5855],[-112.1287,41.5912],[-112.1719,41.5956],[-112.1833,41.5869],[-112.1846,41.5805],[-112.1998,41.5765],[-112.2071,41.5662],[-112.2215,41.5575],[-112.2339,41.5588],[-112.2275,41.5643],[-112.226,41.5704],[-112.2205,41.5761],[-112.2231,41.5846],[-112.2327,41.5927],[-112.2278,41.602],[-112.238,41.6126],[-112.2533,41.6226],[-112.256,41.6305],[-112.2669,41.6348],[-112.269,41.6405],[-112.285,41.6443],[-112.3078,41.6709],[-112.327,41.6742],[-112.3299,41.6783],[-112.3398,41.6789],[-112.3411,41.688],[-112.3515,41.6841],[-112.3576,41.6851],[-112.3644,41.6787],[-112.3717,41.6782],[-112.3724,41.6731],[-112.3761,41.6708],[-112.3755,41.668],[-112.3784,41.6652],[-112.3771,41.659],[-112.3789,41.6522],[-112.3736,41.6413],[-112.3758,41.6362],[-112.3751,41.6294],[-112.3787,41.6231],[-112.3904,41.6179],[-112.3903,41.6087],[-112.3969,41.582],[-112.384,41.5579],[-112.3757,41.5472],[-112.3623,41.5309],[-112.3465,41.5178],[-112.3503,41.5154],[-112.3581,41.516],[-112.358,41.4956],[-112.355,41.4794],[-112.3428,41.4849],[-112.3406,41.4751],[-112.3571,41.4711],[-112.3656,41.4717],[-112.3738,41.4644],[-112.3707,41.4639],[-112.381,41.4599],[-112.3792,41.4604],[-112.3804,41.4578],[-112.3777,41.4586],[-112.3784,41.4565],[-112.3835,41.4536],[-112.385,41.4563],[-112.3878,41.4543],[-112.3871,41.4502],[-112.3836,41.4511],[-112.3874,41.4495],[-112.3839,41.4499],[-112.3883,41.4461],[-112.381,41.448],[-112.3854,41.4452],[-112.3809,41.4436],[-112.3778,41.4481],[-112.3796,41.4424],[-112.3769,41.4431],[-112.3764,41.439],[-112.3705,41.4407],[-112.3786,41.4349],[-112.3711,41.4344],[-112.3693,41.4305],[-112.3599,41.4326],[-112.3556,41.4263],[-112.3556,41.4165],[-112.3503,41.4181],[-112.3473,41.4229],[-112.3455,41.4178],[-112.3471,41.4149],[-112.3417,41.4181],[-112.3346,41.4156],[-112.3359,41.4123],[-112.3322,41.4123],[-112.3326,41.4081],[-112.3361,41.4046],[-112.3331,41.4054],[-112.3341,41.3996],[-112.322,41.4013],[-112.3242,41.395],[-112.3202,41.3973],[-112.3163,41.3927],[-112.3174,41.3891],[-112.3118,41.3709],[-112.3013,41.3606],[-112.2946,41.3589],[-112.2877,41.3608],[-112.2666,41.3844],[-112.2557,41.3914],[-112.2506,41.3902],[-112.2358,41.3935],[-112.2368,41.3915],[-112.2342,41.3929],[-112.2176,41.3895],[-112.2048,41.3915],[-112.1968,41.3956],[-112.1973,41.3983],[-112.1948,41.3987],[-112.1962,41.4],[-112.1923,41.4027],[-112.1746,41.4001],[-112.1719,41.4036],[-112.1779,41.4046],[-112.1774,41.4086],[-112.1596,41.419],[-112.1441,41.4141],[-112.1356,41.4219],[-112.0871,41.4228],[-112.0821,41.4273],[-112.0763,41.4277],[-112.0556,41.4234],[-112.0384,41.4229],[-112.0251,41.4173],[-111.9852,41.4292],[-111.9708,41.4206],[-111.9635,41.4254],[-111.9579,41.4338],[-111.9404,41.4205],[-111.9383,41.4158],[-111.9187,41.4125],[-111.9126,41.4165],[-111.9056,41.4152],[-111.9029,41.4193],[-111.8928,41.4188],[-111.891,41.4236],[-111.8867,41.4268],[-111.884,41.4258],[-111.8803,41.4426],[-111.881,41.4505],[-111.8748,41.4625],[-111.8792,41.4682],[-111.8763,41.4795],[-111.8778,41.4824],[-111.8733,41.4856],[-111.8842,41.4961],[-111.9056,41.4973],[-111.9094,41.5083],[-111.9058,41.5148],[-111.9122,41.5187],[-111.9165,41.5385],[-111.9274,41.5371],[-111.9336,41.5416],[-111.937,41.5509],[-111.9445,41.5532],[-111.9553,41.5498],[-111.9625,41.5435],[-111.9731,41.5436],[-111.977,41.54],[-111.9777,41.5356],[-111.9819,41.534],[-111.9919,41.5499],[-111.9928,41.5549],[-111.9967,41.5578],[-111.9941,41.5661],[-111.999,41.5718],[-112.0078,41.6001],[-112.0033,41.6122],[-112.0063,41.6147],[-112.0077,41.6234],[-112.0046,41.6296],[-112.0131,41.6357],[-112.0155,41.6415],[-112.0127,41.648],[-112.016,41.6587],[-112.0275,41.6718],[-112.0309,41.6818],[-112.045,41.6869],[-112.0518,41.6998],[-112.0504,41.706],[-112.0427,41.7106],[-112.0455,41.7187],[-112.044,41.7351],[-112.0335,41.7506],[-112.0314,41.7594],[-112.0336,41.7644],[-112.0327,41.7683],[-112.0266,41.7722],[-112.0263,41.7764],[-112.0144,41.7803],[-112.0086,41.7946],[-112.0177,41.8042],[-112.0297,41.808],[-112.0311,41.8157],[-112.0286,41.8204],[-112.0348,41.8239],[-112.0408,41.8334],[-112.0479,41.8344],[-112.0495,41.8377],[-112.046,41.8428],[-112.0487,41.8497],[-112.0474,41.8524],[-112.0524,41.8656],[-112.0586,41.8685]]]}},{"type":"Feature","properties":{"huc10":"1602010101","name":"Beaver Creek"},"geometry":{"type":"Polygon","coordinates":[[[-111.2478,40.7236],[-111.2612,40.721],[-111.2699,40.7145],[-111.3052,40.7059],[-111.3282,40.7032],[-111.3308,40.7052],[-111.3477,40.7069],[-111.3487,40.7029],[-111.36,40.6953],[-111.3659,40.6867],[-111.368,40.6686],[-111.3795,40.6653],[-111.3872,40.6569],[-111.3864,40.6531],[-111.3819,40.6517],[-111.381,40.6455],[-111.3765,40.6426],[-111.3744,40.6373],[-111.3756,40.633],[-111.3687,40.629],[-111.3644,40.631],[-111.3579,40.6298],[-111.3552,40.6269],[-111.3438,40.6234],[-111.3266,40.623],[-111.325,40.6201],[-111.3174,40.6172],[-111.3073,40.6227],[-111.3014,40.6226],[-111.289,40.6159],[-111.2753,40.6129],[-111.2657,40.6077],[-111.2501,40.594],[-111.2282,40.5843],[-111.2166,40.5864],[-111.2101,40.5913],[-111.1958,40.5876],[-111.1902,40.5898],[-111.1839,40.5884],[-111.1738,40.5981],[-111.1715,40.6095],[-111.1603,40.6051],[-111.1551,40.5994],[-111.1518,40.6042],[-111.1443,40.5993],[-111.136,40.6004],[-111.1309,40.6068],[-111.1198,40.6112],[-111.1183,40.6222],[-111.1139,40.628],[-111.1164,40.6388],[-111.1102,40.6457],[-111.1116,40.6509],[-111.1094,40.6543],[-111.1152,40.6723],[-111.1144,40.6758],[-111.1168,40.6781],[-111.1203,40.6798],[-111.1267,40.6774],[-111.1341,40.6803],[-111.1534,40.6725],[-111.159,40.6741],[-111.1629,40.6768],[-111.1648,40.6851],[-111.1729,40.686],[-111.1894,40.6934],[-111.1938,40.6909],[-111.2109,40.6929],[-111.2255,40.7009],[-111.2478,40.7236]]]}},{"type":"Feature","properties":{"huc10":"1602010102","name":"Headwaters Weber River"},"geometry":{"type":"Polygon","coordinates":[[[-111.0398,40.848],[-111.0548,40.8438],[-111.0683,40.8466],[-111.0699,40.8388],[-111.0751,40.8336],[-111.0889,40.8331],[-111.0996,40.8272],[-111.1135,40.8308],[-111.1221,40.8272],[-111.1296,40.8283],[-111.1389,40.8239],[-111.164,40.8259],[-111.1678,40.824],[-111.1724,40.816],[-111.1791,40.8131],[-111.1885,40.8044],[-111.1985,40.8125],[-111.2097,40.8117],[-111.2135,40.8094],[-111.217,40.8119],[-111.229,40.8117],[-111.239,40.815],[-111.2507,40.8108],[-111.2582,40.807],[-111.2594,40.7932],[-111.2646,40.7924],[-111.2699,40.785],[-111.2803,40.7783],[-111.2781,40.7731],[-111.272,40.7691],[-111.2792,40.7662],[-111.2778,40.7586],[-111.2806,40.7556],[-111.2788,40.7526],[-111.2804,40.7487],[-111.2776,40.7422],[-111.2812,40.7375],[-111.2855,40.7368],[-111.286,40.729],[-111.2903,40.723],[-111.3002,40.72],[-111.3024,40.7118],[-111.3077,40.7086],[-111.327,40.7054],[-111.3478,40.7069],[-111.3308,40.7052],[-111.3282,40.7032],[-111.3052,40.7059],[-111.2699,40.7145],[-111.2612,40.721],[-111.2496,40.7244],[-111.2446,40.722],[-111.2425,40.7174],[-111.2255,40.7009],[-111.212,40.6934],[-111.1938,40.6909],[-111.1894,40.6934],[-111.1729,40.686],[-111.1682,40.6864],[-111.1641,40.6844],[-111.1627,40.6765],[-111.1534,40.6725],[-111.1341,40.6803],[-111.1267,40.6774],[-111.1194,40.6798],[-111.1144,40.6758],[-111.102,40.6789],[-111.0944,40.6866],[-111.0629,40.6778],[-111.0542,40.6827],[-111.0354,40.6808],[-111.0302,40.6845],[-111.0256,40.6839],[-111.0175,40.6939],[-111.0126,40.6913],[-110.9949,40.69],[-110.9845,40.6985],[-110.9797,40.6983],[-110.9711,40.7104],[-110.9667,40.712],[-110.9611,40.7074],[-110.9519,40.7094],[-110.9472,40.7061],[-110.9426,40.7064],[-110.9355,40.7001],[-110.9288,40.698],[-110.9202,40.7005],[-110.9033,40.6989],[-110.9032,40.7066],[-110.8984,40.7113],[-110.8858,40.7151],[-110.8878,40.7201],[-110.8907,40.7198],[-110.8944,40.7234],[-110.8921,40.7317],[-110.9059,40.7327],[-110.9047,40.7405],[-110.907,40.7439],[-110.9188,40.7473],[-110.9181,40.7512],[-110.9121,40.7575],[-110.9112,40.7763],[-110.918,40.7797],[-110.9201,40.7868],[-110.9304,40.7896],[-110.9407,40.8014],[-110.9473,40.7989],[-110.9514,40.8009],[-110.9505,40.8035],[-110.9549,40.8055],[-110.9545,40.8109],[-110.9576,40.8183],[-110.9627,40.8232],[-110.961,40.8317],[-110.9642,40.8367],[-110.969,40.8388],[-110.9734,40.8368],[-110.9864,40.846],[-111.0211,40.8439],[-111.0248,40.8464],[-111.0315,40.8455],[-111.0398,40.848]]]}},{"type":"Feature","properties":{"huc10":"1602010103","name":"Chalk Creek"},"geometry":{"type":"Polygon","coordinates":[[[-111.0283,41.0516],[-111.0328,41.0529],[-111.0473,41.0474],[-111.0514,41.0491],[-111.0553,41.0441],[-111.0732,41.0323],[-111.1054,41.0316],[-111.1078,41.0293],[-111.1081,41.0203],[-111.1165,41.0184],[-111.1289,41.0215],[-111.1318,41.0262],[-111.1315,41.033],[-111.142,41.0397],[-111.1485,41.0471],[-111.1571,41.0477],[-111.1636,41.0417],[-111.1758,41.05],[-111.1819,41.0482],[-111.1923,41.0525],[-111.2067,41.0459],[-111.2285,41.0227],[-111.2338,41.0224],[-111.2378,41.0187],[-111.2502,41.0196],[-111.2537,41.0159],[-111.2556,41.0083],[-111.2628,41.007],[-111.2737,41.0009],[-111.275,40.9983],[-111.2696,40.9951],[-111.2733,40.9937],[-111.2761,40.9875],[-111.2864,40.9829],[-111.2904,40.9782],[-111.2974,40.9764],[-111.3046,40.9691],[-111.3068,40.962],[-111.3175,40.9569],[-111.3224,40.9586],[-111.3301,40.9558],[-111.3398,40.9572],[-111.3553,40.9529],[-111.374,40.9388],[-111.3785,40.9419],[-111.3821,40.941],[-111.391,40.9335],[-111.3962,40.925],[-111.4039,40.9201],[-111.3962,40.9162],[-111.3895,40.9088],[-111.3786,40.9089],[-111.3686,40.9033],[-111.3512,40.9089],[-111.3377,40.8997],[-111.3321,40.8925],[-111.3272,40.8917],[-111.3217,40.8946],[-111.319,40.8918],[-111.3117,40.8917],[-111.3057,40.8691],[-111.2981,40.8576],[-111.2991,40.8404],[-111.2868,40.8349],[-111.2895,40.8255],[-111.2862,40.8191],[-111.2784,40.8153],[-111.2629,40.817],[-111.2612,40.8093],[-111.2582,40.807],[-111.2371,40.8151],[-111.229,40.8117],[-111.217,40.8119],[-111.2135,40.8094],[-111.2097,40.8117],[-111.1985,40.8125],[-111.1885,40.8044],[-111.1791,40.8131],[-111.1724,40.816],[-111.1678,40.824],[-111.164,40.8259],[-111.1389,40.8239],[-111.1296,40.8283],[-111.1221,40.8272],[-111.1135,40.8308],[-111.0996,40.8272],[-111.0889,40.8331],[-111.0751,40.8336],[-111.0699,40.8388],[-111.0683,40.8466],[-111.0548,40.8438],[-111.0398,40.848],[-111.0315,40.8455],[-111.0248,40.8464],[-111.0211,40.8439],[-111.0142,40.8554],[-111.0041,40.86],[-110.9962,40.8916],[-110.9908,40.8904],[-110.974,40.8943],[-110.9703,40.9021],[-110.9627,40.9079],[-110.9587,40.9314],[-110.9707,40.9438],[-110.9748,40.9522],[-110.9763,40.9595],[-110.9726,40.9724],[-110.9754,40.9869],[-110.9869,40.9976],[-110.9933,40.9961],[-110.9962,41.0001],[-111.0077,41.0018],[-111.013,41.0075],[-111.0069,41.0161],[-111.0086,41.0253],[-111.0049,41.0311],[-111.007,41.0346],[-111.0058,41.039],[-111.0146,41.041],[-111.0139,41.0456],[-111.0183,41.0476],[-111.0163,41.0493],[-111.0185,41.0531],[-111.0283,41.0516]]]}},{"type":"Feature","properties":{"huc10":"1602010104","name":"Silver Creek-Weber River"},"geometry":{"type":"Polygon","coordinates":[[[-111.4046,40.9114],[-111.4176,40.9114],[-111.4228,40.8954],[-111.4249,40.8962],[-111.4404,40.8848],[-111.4424,40.8738],[-111.4516,40.8703],[-111.4586,40.864],[-111.4576,40.8606],[-111.4757,40.859],[-111.4832,40.8535],[-111.4882,40.8543],[-111.5015,40.8312],[-111.5002,40.8222],[-111.5057,40.8253],[-111.5102,40.8209],[-111.5169,40.8195],[-111.5165,40.8131],[-111.511,40.8104],[-111.5146,40.8058],[-111.5143,40.8017],[-111.5066,40.7931],[-111.5043,40.7805],[-111.5005,40.7771],[-111.5008,40.7744],[-111.4937,40.7751],[-111.4898,40.7709],[-111.4805,40.7708],[-111.4759,40.7669],[-111.4821,40.7597],[-111.4825,40.7547],[-111.487,40.7485],[-111.4843,40.7364],[-111.4895,40.7328],[-111.4919,40.7221],[-111.4969,40.719],[-111.5022,40.7094],[-111.4973,40.7033],[-111.4994,40.6986],[-111.4982,40.6884],[-111.5063,40.6828],[-111.5029,40.6804],[-111.5019,40.6719],[-111.4994,40.6694],[-111.5017,40.6651],[-111.506,40.6635],[-111.5071,40.6515],[-111.5049,40.6385],[-111.5098,40.6335],[-111.5185,40.6331],[-111.5217,40.6294],[-111.5291,40.6269],[-111.5403,40.6133],[-111.5095,40.606],[-111.502,40.6067],[-111.4964,40.6029],[-111.4867,40.6011],[-111.4822,40.6095],[-111.4866,40.6154],[-111.4869,40.621],[-111.4709,40.6337],[-111.4752,40.6379],[-111.4735,40.6438],[-111.468,40.6461],[-111.4636,40.6448],[-111.4606,40.6532],[-111.4538,40.6544],[-111.4515,40.6525],[-111.4449,40.6595],[-111.4351,40.6609],[-111.4304,40.6651],[-111.4367,40.6758],[-111.4366,40.6859],[-111.4273,40.6854],[-111.4239,40.6813],[-111.4121,40.6813],[-111.3986,40.6906],[-111.3938,40.6904],[-111.3922,40.6888],[-111.394,40.6837],[-111.3896,40.6778],[-111.3913,40.6709],[-111.3887,40.6706],[-111.3908,40.6631],[-111.3871,40.6571],[-111.3795,40.6653],[-111.368,40.6686],[-111.3659,40.6867],[-111.36,40.6953],[-111.3487,40.7029],[-111.3477,40.7072],[-111.327,40.7054],[-111.3069,40.7089],[-111.3024,40.7118],[-111.3002,40.72],[-111.291,40.7226],[-111.2872,40.7266],[-111.2855,40.7368],[-111.2812,40.7375],[-111.2776,40.7422],[-111.2804,40.7487],[-111.2788,40.7526],[-111.2806,40.7556],[-111.2778,40.7586],[-111.2792,40.7662],[-111.272,40.7693],[-111.2781,40.7731],[-111.2803,40.7783],[-111.2699,40.785],[-111.2646,40.7924],[-111.2594,40.7932],[-111.2583,40.8072],[-111.2612,40.8093],[-111.2629,40.817],[-111.2784,40.8153],[-111.2862,40.8191],[-111.2895,40.8255],[-111.2868,40.8349],[-111.2991,40.8404],[-111.2981,40.8576],[-111.3057,40.8691],[-111.3113,40.8913],[-111.319,40.8918],[-111.3217,40.8946],[-111.3272,40.8917],[-111.3333,40.8931],[-111.3377,40.8997],[-111.3512,40.9089],[-111.3686,40.9033],[-111.3792,40.909],[-111.3978,40.9065],[-111.4046,40.9114]]]}},{"type":"Feature","properties":{"huc10":"1602010201","name":"East Canyon Creek"},"geometry":{"type":"Polygon","coordinates":[[[-111.6726,41.0327],[-111.6787,41.037],[-111.6936,41.0397],[-111.7045,41.0446],[-111.7059,41.05],[-111.7129,41.0564],[-111.7159,41.0538],[-111.7163,41.038],[-111.7112,41.0349],[-111.7115,41.029],[-111.7252,41.0128],[-111.7195,41.0007],[-111.7283,40.998],[-111.7324,40.9929],[-111.7286,40.9806],[-111.7369,40.9756],[-111.7453,40.9748],[-111.7448,40.9718],[-111.773,40.9574],[-111.775,40.9599],[-111.7836,40.9568],[-111.7946,40.961],[-111.8093,40.9574],[-111.8145,40.9599],[-111.8153,40.9573],[-111.8118,40.9502],[-111.807,40.949],[-111.804,40.9409],[-111.7909,40.9279],[-111.7938,40.9159],[-111.7823,40.9122],[-111.7766,40.9002],[-111.7795,40.8962],[-111.7747,40.8956],[-111.7704,40.888],[-111.7622,40.8875],[-111.768,40.8727],[-111.7465,40.871],[-111.7389,40.861],[-111.7254,40.8548],[-111.7208,40.8558],[-111.7126,40.8519],[-111.707,40.8525],[-111.7012,40.8615],[-111.6956,40.8618],[-111.6833,40.8562],[-111.6699,40.8535],[-111.6623,40.848],[-111.6607,40.8452],[-111.6641,40.8413],[-111.6659,40.8307],[-111.6567,40.8304],[-111.6524,40.8272],[-111.652,40.8241],[-111.6458,40.824],[-111.6391,40.8097],[-111.6424,40.806],[-111.6412,40.799],[-111.6463,40.7977],[-111.6488,40.7922],[-111.6431,40.786],[-111.6464,40.7826],[-111.6454,40.7789],[-111.6491,40.7734],[-111.6385,40.7693],[-111.6369,40.7631],[-111.6211,40.7582],[-111.6233,40.7542],[-111.6174,40.7465],[-111.6246,40.7408],[-111.6217,40.7379],[-111.6233,40.7312],[-111.6135,40.7281],[-111.6164,40.7231],[-111.615,40.7195],[-111.6118,40.7188],[-111.593,40.7004],[-111.6019,40.6858],[-111.6018,40.671],[-111.6045,40.6666],[-111.5965,40.6597],[-111.5938,40.6516],[-111.5777,40.6436],[-111.5762,40.6328],[-111.5687,40.6291],[-111.5675,40.6232],[-111.5577,40.6195],[-111.5588,40.6133],[-111.5533,40.6093],[-111.5465,40.61],[-111.5401,40.6134],[-111.5291,40.6269],[-111.5217,40.6294],[-111.5185,40.6331],[-111.5098,40.6335],[-111.5047,40.6389],[-111.5071,40.6515],[-111.506,40.6635],[-111.5017,40.6651],[-111.4994,40.6694],[-111.5019,40.6719],[-111.5029,40.6804],[-111.5063,40.6828],[-111.4982,40.6884],[-111.4994,40.6986],[-111.4973,40.7033],[-111.5022,40.7094],[-111.4969,40.719],[-111.4919,40.7221],[-111.4895,40.7328],[-111.4843,40.7364],[-111.487,40.7485],[-111.4825,40.7547],[-111.4821,40.7597],[-111.4766,40.7639],[-111.4759,40.7672],[-111.4808,40.7709],[-111.4898,40.7709],[-111.4937,40.7751],[-111.5008,40.7744],[-111.5005,40.7771],[-111.5043,40.7805],[-111.5066,40.7931],[-111.5143,40.8017],[-111.5146,40.8058],[-111.511,40.8104],[-111.5165,40.8131],[-111.5171,40.8191],[-111.5102,40.8209],[-111.5057,40.8253],[-111.5002,40.8222],[-111.5015,40.831],[-111.4972,40.8405],[-111.4882,40.8543],[-111.4806,40.8548],[-111.4801,40.8606],[-111.4841,40.8704],[-111.495,40.8796],[-111.5013,40.8922],[-111.5105,40.8985],[-111.5084,40.9092],[-111.5103,40.9123],[-111.5174,40.9179],[-111.5288,40.919],[-111.5235,40.9459],[-111.5247,40.9537],[-111.5331,40.9584],[-111.5515,40.9542],[-111.5615,40.9601],[-111.5737,40.961],[-111.5776,40.9582],[-111.5838,40.9613],[-111.588,40.9663],[-111.5876,40.9787],[-111.5936,40.9863],[-111.5931,40.9929],[-111.5886,40.9956],[-111.5896,40.9986],[-111.6041,41.0061],[-111.6103,41.0121],[-111.6336,41.0169],[-111.6406,41.0222],[-111.6528,41.0219],[-111.6586,41.0287],[-111.6726,41.0327]]]}},{"type":"Feature","properties":{"huc10":"1602010105","name":"Echo Creek"},"geometry":{"type":"Polygon","coordinates":[[[-111.1104,41.211],[-111.1142,41.2118],[-111.1276,41.2077],[-111.1309,41.2092],[-111.1338,41.2062],[-111.1334,41.1952],[-111.1416,41.1909],[-111.1424,41.1861],[-111.1587,41.1769],[-111.1684,41.1757],[-111.1758,41.1702],[-111.1836,41.1707],[-111.1997,41.1653],[-111.2233,41.1516],[-111.2326,41.143],[-111.241,41.142],[-111.2443,41.1451],[-111.2625,41.141],[-111.2649,41.1441],[-111.2896,41.1432],[-111.3095,41.1304],[-111.3188,41.1325],[-111.3237,41.1373],[-111.3324,41.1383],[-111.3448,41.129],[-111.3527,41.1304],[-111.3635,41.1281],[-111.3669,41.1299],[-111.3677,41.1196],[-111.3754,41.1121],[-111.3783,41.0988],[-111.3817,41.0972],[-111.3808,41.0868],[-111.3909,41.0847],[-111.396,41.0802],[-111.4004,41.0814],[-111.4083,41.075],[-111.417,41.0741],[-111.4211,41.0659],[-111.4184,41.0581],[-111.4154,41.0567],[-111.4164,41.0409],[-111.4186,41.0381],[-111.4176,41.0234],[-111.4281,41.0087],[-111.4276,40.9951],[-111.4345,40.9788],[-111.4392,40.9747],[-111.4384,40.9714],[-111.4185,40.9698],[-111.4092,40.9737],[-111.4002,40.9741],[-111.3881,40.9835],[-111.3697,40.9836],[-111.3568,40.992],[-111.3468,40.9914],[-111.3459,40.9958],[-111.3417,40.9985],[-111.3368,40.9973],[-111.3193,41.0044],[-111.3106,41.0138],[-111.3073,41.0124],[-111.3044,41.0142],[-111.2972,41.0108],[-111.2779,41.0158],[-111.2755,41.0184],[-111.266,41.0167],[-111.261,41.0182],[-111.2545,41.0159],[-111.2476,41.0205],[-111.2378,41.0187],[-111.2362,41.0213],[-111.2251,41.0253],[-111.2067,41.0459],[-111.1919,41.0526],[-111.1819,41.0482],[-111.1758,41.05],[-111.1636,41.0417],[-111.1571,41.0477],[-111.1485,41.0471],[-111.142,41.0397],[-111.1315,41.033],[-111.1318,41.0262],[-111.1286,41.0213],[-111.1165,41.0184],[-111.1084,41.0199],[-111.1077,41.0296],[-111.1033,41.032],[-111.1076,41.0398],[-111.1074,41.0481],[-111.1046,41.053],[-111.1187,41.063],[-111.1188,41.075],[-111.1232,41.08],[-111.1079,41.0928],[-111.106,41.1068],[-111.094,41.1182],[-111.0928,41.1266],[-111.086,41.1347],[-111.0877,41.1419],[-111.0816,41.1482],[-111.0842,41.1514],[-111.0834,41.1543],[-111.0723,41.161],[-111.0714,41.1639],[-111.0762,41.1691],[-111.0689,41.1831],[-111.0749,41.1873],[-111.0939,41.1904],[-111.0906,41.1949],[-111.105,41.2001],[-111.1078,41.2055],[-111.1073,41.2111],[-111.1104,41.211]]]}},{"type":"Feature","properties":{"huc10":"1602020105","name":"Big Dry Creek"},"geometry":{"type":"Polygon","coordinates":[[[-111.6229,40.2647],[-111.6392,40.2646],[-111.6527,40.2601],[-111.6732,40.2433],[-111.6851,40.2386],[-111.7189,40.2315],[-111.7191,40.2281],[-111.7149,40.223],[-111.7049,40.2179],[-111.7054,40.2142],[-111.7008,40.2146],[-111.7008,40.2218],[-111.6975,40.217],[-111.6892,40.2148],[-111.6884,40.2111],[-111.6785,40.2079],[-111.6757,40.21],[-111.6694,40.2063],[-111.6602,40.2106],[-111.6459,40.2109],[-111.6324,40.2064],[-111.6268,40.1978],[-111.6146,40.2057],[-111.5886,40.2138],[-111.5833,40.2106],[-111.5758,40.2133],[-111.5664,40.2112],[-111.5534,40.2179],[-111.5516,40.2251],[-111.5587,40.232],[-111.5598,40.237],[-111.557,40.2442],[-111.5674,40.2447],[-111.5807,40.2411],[-111.5896,40.2442],[-111.5965,40.2407],[-111.5964,40.2497],[-111.6067,40.2566],[-111.6108,40.2547],[-111.6193,40.259],[-111.6229,40.2647]]]}},{"type":"Feature","properties":{"huc10":"1602020106","name":"Enoch Canyon-Frontal Utah Lake"},"geometry":{"type":"Polygon","coordinates":[[[-111.9129,40.345],[-111.9326,40.3447],[-111.9367,40.3276],[-111.9543,40.3219],[-111.9553,40.3168],[-111.9611,40.3121],[-111.9618,40.3082],[-111.9499,40.2851],[-111.9407,40.2786],[-111.9357,40.2806],[-111.9304,40.2754],[-111.9299,40.2718],[-111.9351,40.2694],[-111.9333,40.2635],[-111.9283,40.2615],[-111.9262,40.2521],[-111.9217,40.2448],[-111.9278,40.2418],[-111.9272,40.2347],[-111.939,40.2304],[-111.9522,40.2137],[-111.9654,40.2066],[-111.968,40.197],[-111.9719,40.1964],[-111.9731,40.1899],[-111.9703,40.1871],[-111.9745,40.1832],[-111.9749,40.1769],[-111.9832,40.1715],[-111.9874,40.1543],[-112.0056,40.1483],[-112.0119,40.1419],[-112.0131,40.1294],[-112.0171,40.1248],[-112.0163,40.1165],[-112.0237,40.1162],[-112.0373,40.1057],[-112.0478,40.0854],[-112.0457,40.0754],[-112.0531,40.0655],[-112.0517,40.0606],[-112.056,40.0544],[-112.0539,40.0481],[-112.0603,40.0416],[-112.0571,40.0395],[-112.0578,40.0346],[-112.0532,40.0219],[-112.0552,40.0182],[-112.0466,40.0179],[-112.0366,40.0289],[-112.036,40.0336],[-112.0216,40.0391],[-112.0121,40.049],[-111.9794,40.0582],[-111.9529,40.0548],[-111.9351,40.056],[-111.9282,40.0591],[-111.9047,40.0554],[-111.8981,40.0569],[-111.892,40.047],[-111.8939,40.0578],[-111.9051,40.0631],[-111.9032,40.0641],[-111.9055,40.0668],[-111.9254,40.0825],[-111.9292,40.0958],[-111.9196,40.0998],[-111.9178,40.1026],[-111.9399,40.1168],[-111.9434,40.1271],[-111.9284,40.1527],[-111.911,40.1759],[-111.9029,40.1811],[-111.897,40.189],[-111.8907,40.1912],[-111.8883,40.1977],[-111.8809,40.2006],[-111.8766,40.2061],[-111.8635,40.2414],[-111.8571,40.2513],[-111.8623,40.2523],[-111.8615,40.2555],[-111.857,40.2629],[-111.8481,40.2684],[-111.8549,40.268],[-111.8603,40.2722],[-111.8665,40.2859],[-111.8795,40.3006],[-111.8853,40.313],[-111.8959,40.3231],[-111.8994,40.3316],[-111.9119,40.338],[-111.9097,40.3443],[-111.9129,40.345]]]}},{"type":"Feature","properties":{"huc10":"1602020107","name":"Tickville Gulch"},"geometry":{"type":"Polygon","coordinates":[[[-112.1451,40.4703],[-112.1559,40.4672],[-112.1601,40.461],[-112.1692,40.4636],[-112.1729,40.4669],[-112.1904,40.4684],[-112.1956,40.4623],[-112.2123,40.459],[-112.2142,40.4519],[-112.2095,40.4323],[-112.2051,40.4311],[-112.1948,40.421],[-112.198,40.4148],[-112.2014,40.3862],[-112.1888,40.3725],[-112.1724,40.3745],[-112.1684,40.3835],[-112.1358,40.3888],[-112.1141,40.4006],[-112.0993,40.3982],[-112.0868,40.3897],[-112.0755,40.3877],[-112.0644,40.3803],[-112.0504,40.3779],[-112.0368,40.3693],[-112.0145,40.3597],[-112.0092,40.3537],[-111.9987,40.3481],[-111.9971,40.3434],[-111.9918,40.3391],[-111.9858,40.3399],[-111.9828,40.3433],[-111.9782,40.3421],[-111.9727,40.3442],[-111.969,40.3387],[-111.9693,40.3349],[-111.9623,40.3267],[-111.9671,40.3181],[-111.9611,40.3121],[-111.9566,40.3146],[-111.9543,40.3219],[-111.9367,40.3276],[-111.9326,40.3447],[-111.9097,40.3443],[-111.9032,40.3505],[-111.9019,40.3534],[-111.9097,40.3546],[-111.9453,40.3519],[-111.9529,40.3551],[-111.9561,40.36],[-111.9833,40.3718],[-111.9864,40.3789],[-111.9935,40.3788],[-111.9955,40.3855],[-111.994,40.398],[-111.99,40.4054],[-111.9896,40.4135],[-111.9834,40.4157],[-111.9853,40.4184],[-111.9921,40.42],[-111.9929,40.4243],[-111.9994,40.4241],[-112.0062,40.4277],[-112.009,40.4323],[-112.0069,40.4353],[-112.0107,40.4371],[-112.0163,40.4351],[-112.0215,40.439],[-112.0246,40.4445],[-112.0205,40.4473],[-112.0247,40.4504],[-112.0315,40.451],[-112.0324,40.4608],[-112.0358,40.4641],[-112.0383,40.4645],[-112.0467,40.457],[-112.0592,40.453],[-112.0671,40.4463],[-112.0923,40.448],[-112.1016,40.4454],[-112.1121,40.4389],[-112.1145,40.4414],[-112.1146,40.4504],[-112.1318,40.4644],[-112.1451,40.4703]]]}},{"type":"Feature","properties":{"huc10":"1602020108","name":"American Fork Canyon-Frontal Utah Lake"},"geometry":{"type":"Polygon","coordinates":[[[-111.598,40.578],[-111.6024,40.5751],[-111.602,40.5696],[-111.6057,40.5645],[-111.6378,40.5681],[-111.6501,40.5513],[-111.6611,40.5502],[-111.664,40.5413],[-111.6726,40.5378],[-111.6758,40.5328],[-111.6847,40.5313],[-111.6862,40.5266],[-111.6841,40.525],[-111.6832,40.5134],[-111.6937,40.5053],[-111.6971,40.4963],[-111.6952,40.4914],[-111.6977,40.4847],[-111.6919,40.4768],[-111.6951,40.4729],[-111.7065,40.4713],[-111.7182,40.4649],[-111.7242,40.4504],[-111.7346,40.4466],[-111.7463,40.4373],[-111.7555,40.4347],[-111.7613,40.4367],[-111.7836,40.4244],[-111.7898,40.4113],[-111.7873,40.3913],[-111.7989,40.3779],[-111.8015,40.3704],[-111.8001,40.3584],[-111.8049,40.3459],[-111.8019,40.3424],[-111.7994,40.3424],[-111.7988,40.3456],[-111.7931,40.3411],[-111.7948,40.3431],[-111.7836,40.3402],[-111.7818,40.3422],[-111.777,40.3372],[-111.7839,40.3381],[-111.773,40.3373],[-111.7693,40.3347],[-111.7754,40.3364],[-111.7638,40.3316],[-111.7665,40.3181],[-111.7639,40.3144],[-111.7622,40.2943],[-111.759,40.2866],[-111.7511,40.2774],[-111.7427,40.2737],[-111.7312,40.2644],[-111.726,40.2575],[-111.7275,40.2522],[-111.7223,40.2512],[-111.7164,40.2463],[-111.7178,40.2422],[-111.7136,40.2419],[-111.7069,40.2459],[-111.707,40.2495],[-111.7026,40.2551],[-111.6912,40.2585],[-111.6754,40.2779],[-111.6654,40.3121],[-111.6572,40.3269],[-111.66,40.3285],[-111.6623,40.3362],[-111.6589,40.3467],[-111.6613,40.3485],[-111.6539,40.3537],[-111.6478,40.3635],[-111.6333,40.3727],[-111.6322,40.3802],[-111.6366,40.3844],[-111.6438,40.3861],[-111.6466,40.392],[-111.6376,40.3995],[-111.6361,40.4064],[-111.6305,40.4136],[-111.6195,40.419],[-111.6194,40.4237],[-111.6126,40.4322],[-111.618,40.4393],[-111.6159,40.4438],[-111.621,40.4495],[-111.6204,40.455],[-111.6149,40.4576],[-111.6087,40.4667],[-111.595,40.4676],[-111.5748,40.4869],[-111.5744,40.493],[-111.5792,40.5003],[-111.5755,40.503],[-111.5755,40.5167],[-111.5717,40.52],[-111.5697,40.5268],[-111.5727,40.5376],[-111.5677,40.5474],[-111.5755,40.5547],[-111.5817,40.5665],[-111.5911,40.5722],[-111.5937,40.5771],[-111.598,40.578]]]}},{"type":"Feature","properties":{"huc10":"1602020206","name":"Beer Creek-Frontal Utah Lake"},"geometry":{"type":"Polygon","coordinates":[[[-111.7405,40.1648],[-111.7483,40.1663],[-111.7436,40.1647],[-111.7391,40.1513],[-111.7408,40.1468],[-111.7512,40.1422],[-111.7497,40.1378],[-111.752,40.1422],[-111.7751,40.138],[-111.7905,40.1345],[-111.7928,40.1286],[-111.797,40.1286],[-111.7998,40.1341],[-111.8026,40.1347],[-111.8027,40.1373],[-111.8005,40.1369],[-111.8015,40.1403],[-111.8063,40.1458],[-111.8133,40.1331],[-111.8121,40.1295],[-111.8164,40.1232],[-111.8172,40.1148],[-111.8244,40.0952],[-111.8219,40.0935],[-111.8231,40.083],[-111.8292,40.0777],[-111.8255,40.0757],[-111.8306,40.0528],[-111.8305,40.0481],[-111.828,40.0454],[-111.8294,40.0413],[-111.8255,40.0386],[-111.8261,40.0357],[-111.8181,40.0306],[-111.8181,40.0279],[-111.8111,40.0285],[-111.8078,40.0264],[-111.8101,40.0208],[-111.8075,40.0152],[-111.8029,40.0123],[-111.8036,40.008],[-111.8075,40.0061],[-111.8107,40.0004],[-111.8103,39.9926],[-111.8043,39.9897],[-111.8021,39.9842],[-111.7911,39.9724],[-111.7703,39.956],[-111.7669,39.948],[-111.7543,39.9439],[-111.7315,39.9467],[-111.7328,39.9322],[-111.7125,39.9209],[-111.695,39.9],[-111.6779,39.9011],[-111.6709,39.8988],[-111.6658,39.9014],[-111.6581,39.8962],[-111.6538,39.8986],[-111.6479,39.9082],[-111.6408,39.9101],[-111.6383,39.9138],[-111.6342,39.9151],[-111.6295,39.9238],[-111.6311,39.9293],[-111.627,39.936],[-111.6411,39.9508],[-111.6367,39.96],[-111.6377,39.9675],[-111.6221,39.972],[-111.6115,39.981],[-111.605,39.9825],[-111.5992,39.9971],[-111.5939,39.996],[-111.5886,39.998],[-111.5979,40.0119],[-111.5952,40.017],[-111.5952,40.0252],[-111.5916,40.0269],[-111.5889,40.0323],[-111.5995,40.0378],[-111.5978,40.0471],[-111.6044,40.0586],[-111.6287,40.068],[-111.6506,40.0723],[-111.656,40.0782],[-111.6615,40.0902],[-111.6678,40.0957],[-111.6947,40.1026],[-111.7142,40.135],[-111.7405,40.1648]]]}},{"type":"Feature","properties":{"huc10":"1602020202","name":"Thistle Creek"},"geometry":{"type":"Polygon","coordinates":[[[-111.5437,39.9982],[-111.55,39.9981],[-111.5702,39.9895],[-111.5819,39.997],[-111.599,39.9972],[-111.605,39.9825],[-111.6115,39.981],[-111.6221,39.972],[-111.6376,39.9676],[-111.6367,39.96],[-111.6411,39.9507],[-111.6269,39.9357],[-111.631,39.9298],[-111.6295,39.9238],[-111.6338,39.9156],[-111.6408,39.9101],[-111.6479,39.9082],[-111.6538,39.8986],[-111.6581,39.8962],[-111.6658,39.9014],[-111.6708,39.8988],[-111.6783,39.9012],[-111.6975,39.8991],[-111.6955,39.893],[-111.6883,39.8846],[-111.6894,39.8803],[-111.6835,39.8773],[-111.6885,39.8716],[-111.686,39.8638],[-111.6995,39.8585],[-111.7122,39.8472],[-111.7179,39.8464],[-111.722,39.8395],[-111.7144,39.836],[-111.7108,39.8272],[-111.7065,39.8265],[-111.7004,39.8185],[-111.6972,39.8182],[-111.6952,39.8144],[-111.6971,39.8131],[-111.6961,39.8055],[-111.6863,39.8038],[-111.6829,39.8062],[-111.6779,39.8033],[-111.6739,39.807],[-111.6574,39.8124],[-111.6538,39.8095],[-111.6415,39.8106],[-111.6422,39.8069],[-111.6367,39.8022],[-111.6361,39.7947],[-111.6305,39.7927],[-111.6233,39.794],[-111.621,39.7918],[-111.6149,39.7778],[-111.6154,39.7725],[-111.5946,39.7773],[-111.5883,39.7746],[-111.588,39.7707],[-111.5823,39.771],[-111.5788,39.7612],[-111.5721,39.7558],[-111.5761,39.7494],[-111.5745,39.7422],[-111.5681,39.7395],[-111.5693,39.7271],[-111.5674,39.7252],[-111.5702,39.7143],[-111.5529,39.7102],[-111.5488,39.7114],[-111.5485,39.7067],[-111.5385,39.7047],[-111.5364,39.699],[-111.5315,39.7034],[-111.5146,39.7001],[-111.5052,39.7076],[-111.4837,39.7175],[-111.4693,39.7144],[-111.4556,39.719],[-111.4571,39.7257],[-111.45,39.7305],[-111.445,39.7548],[-111.4343,39.7621],[-111.4268,39.7615],[-111.4256,39.7632],[-111.4275,39.7758],[-111.4188,39.7755],[-111.3934,39.7844],[-111.3746,39.7822],[-111.36,39.7867],[-111.3562,39.8273],[-111.357,39.8318],[-111.3794,39.8365],[-111.381,39.8424],[-111.3887,39.845],[-111.3962,39.8438],[-111.4046,39.8479],[-111.4105,39.8473],[-111.4195,39.8555],[-111.4243,39.8556],[-111.429,39.8597],[-111.433,39.8681],[-111.4302,39.8698],[-111.432,39.8734],[-111.4298,39.8788],[-111.4352,39.8881],[-111.4359,39.8977],[-111.4427,39.901],[-111.4627,39.9016],[-111.4669,39.9035],[-111.4662,39.9078],[-111.4721,39.916],[-111.4712,39.9231],[-111.4798,39.9287],[-111.4794,39.9485],[-111.4864,39.9519],[-111.4822,39.9725],[-111.4965,39.9888],[-111.4985,39.995],[-111.5055,39.996],[-111.5189,39.9882],[-111.5331,39.9939],[-111.5371,39.9978],[-111.5437,39.9982]]]}},{"type":"Feature","properties":{"huc10":"1602020203","name":"Diamond Fork"},"geometry":{"type":"Polygon","coordinates":[[[-111.2784,40.2558],[-111.2796,40.2593],[-111.2912,40.2663],[-111.3039,40.2558],[-111.3099,40.2543],[-111.3138,40.2475],[-111.3218,40.2426],[-111.3225,40.2369],[-111.3304,40.2338],[-111.3316,40.2295],[-111.3386,40.2231],[-111.3415,40.209],[-111.3451,40.2075],[-111.347,40.2026],[-111.3529,40.2008],[-111.3523,40.1934],[-111.3605,40.1852],[-111.3578,40.1796],[-111.3599,40.1764],[-111.3716,40.1704],[-111.3873,40.1743],[-111.3986,40.1722],[-111.4099,40.1649],[-111.4122,40.168],[-111.4219,40.1684],[-111.4259,40.1565],[-111.43,40.1576],[-111.449,40.1441],[-111.4519,40.1373],[-111.4596,40.1346],[-111.4654,40.1212],[-111.4732,40.1248],[-111.4766,40.1236],[-111.4743,40.1189],[-111.4769,40.1135],[-111.4848,40.1128],[-111.4886,40.1074],[-111.4939,40.1086],[-111.4977,40.1035],[-111.5077,40.1014],[-111.5181,40.0922],[-111.5273,40.0892],[-111.5245,40.086],[-111.5194,40.0863],[-111.5119,40.0813],[-111.5086,40.074],[-111.5054,40.0585],[-111.5118,40.0507],[-111.5025,40.0452],[-111.5061,40.0395],[-111.5059,40.0262],[-111.4861,40.0271],[-111.483,40.0226],[-111.4593,40.0117],[-111.4465,40.0181],[-111.4377,40.0269],[-111.4334,40.0262],[-111.4282,40.0325],[-111.4207,40.0312],[-111.4137,40.037],[-111.3967,40.0364],[-111.3938,40.0339],[-111.3864,40.0343],[-111.3817,40.0307],[-111.3701,40.0281],[-111.3639,40.0297],[-111.3574,40.0365],[-111.3528,40.0361],[-111.351,40.0395],[-111.3406,40.038],[-111.333,40.0271],[-111.3237,40.0219],[-111.3163,40.0277],[-111.3092,40.0218],[-111.3012,40.0267],[-111.2945,40.0251],[-111.2919,40.0291],[-111.2922,40.0371],[-111.284,40.0348],[-111.2827,40.0302],[-111.2792,40.0277],[-111.274,40.0312],[-111.265,40.0324],[-111.2489,40.0245],[-111.2442,40.0253],[-111.2393,40.0301],[-111.2373,40.0378],[-111.2407,40.0436],[-111.2458,40.0468],[-111.2465,40.0527],[-111.2492,40.0554],[-111.2408,40.0664],[-111.236,40.0693],[-111.2413,40.0739],[-111.2381,40.0804],[-111.2425,40.0859],[-111.2417,40.0912],[-111.2353,40.0982],[-111.2355,40.1039],[-111.2298,40.107],[-111.2258,40.1195],[-111.2215,40.1247],[-111.2249,40.1428],[-111.2313,40.1479],[-111.2269,40.1556],[-111.2273,40.1622],[-111.2252,40.1661],[-111.2482,40.1937],[-111.2582,40.1979],[-111.2566,40.2011],[-111.264,40.2058],[-111.264,40.2113],[-111.2718,40.2188],[-111.2737,40.236],[-111.2677,40.237],[-111.2647,40.2419],[-111.2784,40.2558]]]}},{"type":"Feature","properties":{"huc10":"1602030611","name":"Bitter Springs-Old River Bed"},"geometry":{"type":"Polygon","coordinates":[[[-113.4673,40.5241],[-113.4791,40.5351],[-113.5002,40.5448],[-113.4999,40.5242],[-113.5037,40.5258],[-113.5105,40.5208],[-113.5086,40.5155],[-113.5098,40.5045],[-113.5051,40.4975],[-113.5022,40.4812],[-113.4945,40.4805],[-113.491,40.4775],[-113.4936,40.4748],[-113.4938,40.4627],[-113.4953,40.4596],[-113.5007,40.4573],[-113.5,40.4544],[-113.4978,40.4523],[-113.4879,40.4552],[-113.4855,40.4539],[-113.487,40.4436],[-113.4827,40.4411],[-113.4758,40.4249],[-113.475,40.4129],[-113.4816,40.4068],[-113.4873,40.4072],[-113.4928,40.4033],[-113.5034,40.4117],[-113.507,40.4083],[-113.5066,40.4049],[-113.5111,40.4019],[-113.5115,40.3998],[-113.505,40.3948],[-113.5029,40.3869],[-113.504,40.381],[-113.5009,40.3771],[-113.4991,40.3669],[-113.4659,40.3633],[-113.4364,40.3516],[-113.4029,40.3461],[-113.3853,40.3301],[-113.3834,40.3193],[-113.3718,40.3063],[-113.3661,40.286],[-113.363,40.2834],[-113.3496,40.2842],[-113.3393,40.279],[-113.3313,40.2851],[-113.3247,40.2838],[-113.3077,40.2919],[-113.2956,40.2872],[-113.286,40.2879],[-113.2728,40.285],[-113.2662,40.278],[-113.2747,40.275],[-113.2725,40.2685],[-113.2626,40.2601],[-113.2601,40.2541],[-113.2353,40.2514],[-113.2354,40.2389],[-113.2241,40.2407],[-113.2171,40.2381],[-113.2174,40.2293],[-113.213,40.2216],[-113.1993,40.2142],[-113.1679,40.2031],[-113.147,40.1748],[-113.14,40.1698],[-113.1256,40.1644],[-113.1017,40.1607],[-113.0998,40.1419],[-113.0871,40.1223],[-113.0806,40.1206],[-113.0815,40.118],[-113.0774,40.1139],[-113.0792,40.11],[-113.0749,40.1081],[-113.0619,40.0942],[-113.0469,40.0916],[-113.046,40.0838],[-113.0359,40.0789],[-113.0359,40.0713],[-113.0231,40.0623],[-113.0229,40.0577],[-113.0118,40.0498],[-113.0085,40.0429],[-113.0104,40.0402],[-113.0039,40.0349],[-112.9941,40.0324],[-112.9871,40.0262],[-112.9846,40.0142],[-112.9777,40.0149],[-112.979,39.9988],[-112.9754,39.9912],[-112.9716,39.9672],[-112.968,39.9616],[-112.9549,39.9512],[-112.9488,39.9355],[-112.9483,39.9237],[-112.9422,39.9133],[-112.939,39.8856],[-112.9352,39.8751],[-112.9271,39.865],[-112.9143,39.8549],[-112.9112,39.8413],[-112.9069,39.8395],[-112.9027,39.8337],[-112.9054,39.8282],[-112.9007,39.8229],[-112.901,39.8102],[-112.9093,39.8023],[-112.9135,39.7946],[-112.9112,39.7878],[-112.905,39.7859],[-112.8896,39.7864],[-112.8879,39.7894],[-112.8832,39.7856],[-112.8759,39.7849],[-112.8695,39.7893],[-112.8643,39.7865],[-112.858,39.7899],[-112.8412,39.7906],[-112.8406,39.794],[-112.8365,39.7956],[-112.8451,39.8027],[-112.8479,39.7998],[-112.8522,39.8001],[-112.8586,39.8106],[-112.8591,39.8208],[-112.8668,39.8239],[-112.8778,39.8327],[-112.879,39.841],[-112.8757,39.8522],[-112.8785,39.857],[-112.8709,39.8601],[-112.8729,39.8692],[-112.8685,39.8733],[-112.8681,39.8821],[-112.8644,39.8852],[-112.8616,39.8825],[-112.857,39.8824],[-112.8557,39.8926],[-112.8535,39.8949],[-112.8566,39.8982],[-112.8558,39.9025],[-112.8503,39.9088],[-112.8586,39.9163],[-112.8611,39.927],[-112.8571,39.9312],[-112.8461,39.9309],[-112.8464,39.9367],[-112.8421,39.9448],[-112.8502,39.9485],[-112.8504,39.953],[-112.8612,39.9639],[-112.8735,39.9697],[-112.8834,39.9704],[-112.8935,39.9795],[-112.9038,39.984],[-112.9085,39.9907],[-112.9299,40.0025],[-112.9299,40.0069],[-112.9415,40.0177],[-112.9531,40.0196],[-112.9569,40.0156],[-112.9592,40.0162],[-112.9603,40.023],[-112.971,40.0348],[-112.9803,40.034],[-112.9871,40.0419],[-112.9923,40.0411],[-112.9923,40.0476],[-112.9981,40.0498],[-113.0012,40.0558],[-113.0108,40.0637],[-113.0095,40.0663],[-113.015,40.0722],[-113.0121,40.0781],[-113.0202,40.0835],[-113.0141,40.0925],[-113.016,40.0957],[-113.0234,40.0963],[-113.0263,40.1068],[-113.0132,40.1194],[-113.0144,40.124],[-113.0175,40.1253],[-113.0153,40.1283],[-113.0209,40.1263],[-113.0219,40.129],[-113.0266,40.1294],[-113.0295,40.133],[-113.0277,40.1358],[-113.0305,40.153],[-113.0385,40.1739],[-113.0486,40.1871],[-113.0457,40.1906],[-113.0484,40.1981],[-113.0417,40.1986],[-113.0406,40.2088],[-113.0371,40.2074],[-113.0304,40.2101],[-113.0274,40.2155],[-113.0228,40.2148],[-113.0246,40.2163],[-113.0213,40.2221],[-113.0179,40.2214],[-113.0161,40.2245],[-113.014,40.2359],[-113.0111,40.2344],[-113.0103,40.2301],[-113.0047,40.2273],[-113.0027,40.2356],[-112.9975,40.2351],[-112.9815,40.2443],[-112.9812,40.2492],[-112.9739,40.252],[-112.9661,40.2628],[-112.957,40.2702],[-112.9513,40.2719],[-112.9369,40.2885],[-112.9231,40.2927],[-112.9158,40.3062],[-112.9176,40.3102],[-112.9252,40.3111],[-112.9326,40.3177],[-112.9405,40.3184],[-112.9406,40.3234],[-112.9475,40.3309],[-112.9481,40.3348],[-112.9564,40.3367],[-112.9639,40.3435],[-112.9738,40.345],[-112.9761,40.3506],[-112.986,40.351],[-112.9892,40.3527],[-112.9872,40.3556],[-112.9964,40.3593],[-113.0024,40.3589],[-113.0148,40.3515],[-113.0267,40.3516],[-113.0356,40.3484],[-113.0382,40.3339],[-113.0424,40.3267],[-113.059,40.3223],[-113.0662,40.3174],[-113.0679,40.313],[-113.0757,40.3131],[-113.0806,40.3104],[-113.0774,40.3079],[-113.0845,40.2961],[-113.0849,40.2894],[-113.1166,40.2867],[-113.1436,40.2961],[-113.1735,40.3005],[-113.1912,40.3113],[-113.1915,40.3142],[-113.2158,40.3362],[-113.2239,40.3408],[-113.2515,40.3486],[-113.2521,40.3549],[-113.2596,40.3564],[-113.2801,40.3718],[-113.2914,40.3733],[-113.2904,40.3757],[-113.2954,40.3804],[-113.2931,40.3827],[-113.3007,40.3875],[-113.304,40.4035],[-113.3217,40.4172],[-113.3283,40.4254],[-113.3246,40.4288],[-113.3257,40.4366],[-113.3136,40.4467],[-113.3142,40.4513],[-113.3051,40.4633],[-113.3072,40.4744],[-113.309,40.4784],[-113.3141,40.4777],[-113.3191,40.4844],[-113.3371,40.4985],[-113.3398,40.5077],[-113.3435,40.5071],[-113.3428,40.5032],[-113.3472,40.501],[-113.3728,40.4997],[-113.3772,40.5082],[-113.3803,40.5301],[-113.388,40.5247],[-113.4066,40.5228],[-113.4103,40.5252],[-113.4206,40.5207],[-113.432,40.522],[-113.4351,40.5248],[-113.4413,40.5209],[-113.4482,40.52],[-113.4607,40.5228],[-113.4641,40.5209],[-113.4673,40.5241]]]}},{"type":"Feature","properties":{"huc10":"1602030612","name":"Cedar Spring-Tabbys Spring"},"geometry":{"type":"Polygon","coordinates":[[[-113.1642,40.6288],[-113.1747,40.6286],[-113.1785,40.6207],[-113.1868,40.6145],[-113.1883,40.6115],[-113.1849,40.6017],[-113.1893,40.5962],[-113.1901,40.5875],[-113.1954,40.5822],[-113.2069,40.5844],[-113.2271,40.5802],[-113.2529,40.5848],[-113.2563,40.5829],[-113.2679,40.5896],[-113.2767,40.585],[-113.3047,40.5885],[-113.3107,40.5872],[-113.3094,40.5801],[-113.322,40.575],[-113.3615,40.5755],[-113.3665,40.5725],[-113.4462,40.576],[-113.4475,40.5751],[-113.4448,40.5724],[-113.4495,40.5683],[-113.4654,40.5655],[-113.4876,40.5686],[-113.488,40.5757],[-113.4915,40.5781],[-113.4962,40.5736],[-113.5011,40.5755],[-113.5068,40.5731],[-113.5121,40.5753],[-113.5176,40.5712],[-113.5344,40.5726],[-113.537,40.5748],[-113.5531,40.5701],[-113.5581,40.5665],[-113.5736,40.5666],[-113.5762,40.5562],[-113.5795,40.5549],[-113.6196,40.5577],[-113.6192,40.5548],[-113.5999,40.4973],[-113.5898,40.4838],[-113.5795,40.4791],[-113.5554,40.4781],[-113.544,40.473],[-113.5085,40.4678],[-113.5047,40.4654],[-113.5007,40.4573],[-113.4952,40.4597],[-113.4926,40.4679],[-113.4936,40.4749],[-113.491,40.4775],[-113.4945,40.4805],[-113.5022,40.4812],[-113.5051,40.4975],[-113.5098,40.5045],[-113.5086,40.5155],[-113.5105,40.5208],[-113.5037,40.5258],[-113.4999,40.5242],[-113.5002,40.5448],[-113.4755,40.5327],[-113.4641,40.5209],[-113.4607,40.5228],[-113.4454,40.5201],[-113.4351,40.5248],[-113.432,40.522],[-113.4187,40.5209],[-113.4103,40.5252],[-113.4066,40.5228],[-113.388,40.5247],[-113.3801,40.53],[-113.3772,40.5082],[-113.373,40.4999],[-113.3472,40.501],[-113.3428,40.5032],[-113.3435,40.5071],[-113.3398,40.5077],[-113.3373,40.4988],[-113.3319,40.4935],[-113.3191,40.4844],[-113.3141,40.4777],[-113.3088,40.4781],[-113.3051,40.4633],[-113.3142,40.4513],[-113.3136,40.4467],[-113.3257,40.4366],[-113.3246,40.4288],[-113.3283,40.4254],[-113.3217,40.4172],[-113.304,40.4035],[-113.3007,40.3875],[-113.2931,40.3827],[-113.2954,40.3804],[-113.2904,40.3757],[-113.2912,40.3731],[-113.2801,40.3718],[-113.2596,40.3564],[-113.2521,40.3549],[-113.2515,40.3486],[-113.2239,40.3408],[-113.2158,40.3362],[-113.1915,40.3142],[-113.1912,40.3113],[-113.1735,40.3005],[-113.1436,40.2961],[-113.1166,40.2867],[-113.0869,40.2889],[-113.0839,40.2899],[-113.0845,40.2961],[-113.0776,40.3074],[-113.0806,40.3104],[-113.0757,40.3131],[-113.0679,40.313],[-113.0662,40.3174],[-113.059,40.3223],[-113.0424,40.3267],[-113.0382,40.3339],[-113.0356,40.3484],[-113.0267,40.3516],[-113.0148,40.3515],[-113.0024,40.3589],[-113.0066,40.3657],[-113.0039,40.369],[-113.007,40.3738],[-113.0141,40.3772],[-113.014,40.3833],[-113.0104,40.3844],[-113.0089,40.3888],[-113.0154,40.3953],[-113.0144,40.4004],[-113.0187,40.4052],[-113.014,40.4109],[-113.0135,40.4186],[-113.0038,40.4272],[-113.007,40.4294],[-113.0034,40.43],[-113.0028,40.4339],[-112.9993,40.4363],[-113.0019,40.4428],[-112.9962,40.449],[-112.9858,40.4547],[-112.9874,40.4634],[-112.9831,40.4646],[-112.9804,40.469],[-112.9819,40.4722],[-112.9795,40.4724],[-112.978,40.4865],[-112.9866,40.495],[-112.983,40.5027],[-112.9842,40.5097],[-112.9779,40.5167],[-112.9775,40.5258],[-112.9733,40.5259],[-112.9692,40.5308],[-112.9678,40.5377],[-112.9696,40.5416],[-112.9617,40.5577],[-112.9635,40.5599],[-112.9615,40.5726],[-112.9655,40.5776],[-112.965,40.5826],[-112.962,40.5866],[-112.9608,40.5962],[-112.957,40.5999],[-112.9587,40.6035],[-112.9639,40.6052],[-112.9807,40.606],[-112.9879,40.6038],[-113.0085,40.6104],[-113.0153,40.6075],[-113.0191,40.6015],[-113.0266,40.5997],[-113.0309,40.6094],[-113.0668,40.6066],[-113.0823,40.6103],[-113.1098,40.6229],[-113.1165,40.6224],[-113.1215,40.6168],[-113.1281,40.6159],[-113.1367,40.6183],[-113.1395,40.6244],[-113.1537,40.6239],[-113.1642,40.6288]]]}},{"type":"Feature","properties":{"huc10":"1601020304","name":"Outlet Little Bear River"},"geometry":{"type":"Polygon","coordinates":[[[-111.9277,41.7874],[-111.9317,41.795],[-111.9436,41.7943],[-111.9454,41.7871],[-111.9682,41.7863],[-111.9884,41.7792],[-112.0141,41.7809],[-112.0263,41.7764],[-112.0266,41.7722],[-112.0331,41.7669],[-112.0314,41.7594],[-112.0335,41.7506],[-112.0439,41.7355],[-112.0455,41.7187],[-112.0427,41.7106],[-112.0516,41.7042],[-112.0518,41.6998],[-112.0464,41.6883],[-112.031,41.6819],[-112.0275,41.6718],[-112.0161,41.6588],[-112.0127,41.648],[-112.0154,41.6412],[-112.0131,41.6357],[-112.0046,41.6294],[-112.0077,41.6234],[-112.0063,41.6147],[-112.0033,41.6122],[-112.0078,41.6006],[-112.0068,41.5919],[-112,41.5789],[-111.999,41.5718],[-111.9941,41.5661],[-111.9967,41.5578],[-111.9928,41.5549],[-111.9919,41.5499],[-111.9819,41.534],[-111.9777,41.5356],[-111.977,41.54],[-111.9731,41.5436],[-111.9625,41.5435],[-111.9553,41.5498],[-111.9464,41.553],[-111.9532,41.562],[-111.9513,41.5656],[-111.9539,41.5702],[-111.9523,41.5746],[-111.9267,41.5792],[-111.9006,41.6016],[-111.8998,41.61],[-111.8771,41.6169],[-111.8716,41.6269],[-111.8614,41.6263],[-111.8459,41.6205],[-111.8057,41.6258],[-111.8149,41.634],[-111.8259,41.6391],[-111.829,41.6457],[-111.8282,41.6554],[-111.8373,41.6614],[-111.845,41.6707],[-111.8522,41.6819],[-111.8526,41.692],[-111.8622,41.7002],[-111.8859,41.7132],[-111.9074,41.7187],[-111.926,41.7352],[-111.9363,41.7369],[-111.946,41.7418],[-111.9458,41.7437],[-111.9303,41.7418],[-111.9237,41.7455],[-111.9128,41.7465],[-111.895,41.7432],[-111.8487,41.7444],[-111.8075,41.7409],[-111.7743,41.7494],[-111.7603,41.7599],[-111.7662,41.7622],[-111.7726,41.7687],[-111.7999,41.7702],[-111.8481,41.7781],[-111.8523,41.7851],[-111.8723,41.7902],[-111.8853,41.7895],[-111.8916,41.7855],[-111.8974,41.785],[-111.9219,41.7848],[-111.9277,41.7874]]]}},{"type":"Feature","properties":{"huc10":"1601020207","name":"Newton Creek-Bear River"},"geometry":{"type":"Polygon","coordinates":[[[-112.1326,42.0333],[-112.1418,42.0435],[-112.1426,42.0529],[-112.1484,42.0518],[-112.1532,42.0429],[-112.1519,42.0303],[-112.1488,42.0217],[-112.1448,42.0199],[-112.1436,42.0159],[-112.1523,42.0034],[-112.1661,41.996],[-112.1579,41.9914],[-112.1544,41.9861],[-112.1509,41.9704],[-112.1453,41.9679],[-112.1427,41.9638],[-112.1376,41.9638],[-112.1343,41.9591],[-112.125,41.9428],[-112.1228,41.9298],[-112.1182,41.9231],[-112.1047,41.9106],[-112.0856,41.9033],[-112.0642,41.876],[-112.0639,41.868],[-112.0586,41.8685],[-112.0524,41.8656],[-112.0459,41.8432],[-112.0495,41.8378],[-112.0479,41.8344],[-112.0408,41.8334],[-112.0348,41.8239],[-112.0286,41.8204],[-112.0311,41.8157],[-112.0297,41.808],[-112.0177,41.8042],[-112.0087,41.795],[-112.0141,41.7809],[-111.986,41.7795],[-111.9682,41.7863],[-111.9454,41.7871],[-111.9439,41.7941],[-111.9325,41.7952],[-111.9291,41.7879],[-111.9231,41.7849],[-111.8919,41.7854],[-111.8853,41.7895],[-111.8723,41.7902],[-111.8523,41.7851],[-111.8481,41.7781],[-111.7999,41.7702],[-111.7726,41.7687],[-111.7662,41.7622],[-111.7602,41.7599],[-111.7434,41.765],[-111.7282,41.7639],[-111.7137,41.7772],[-111.7077,41.7879],[-111.6937,41.7932],[-111.6858,41.8041],[-111.6851,41.8181],[-111.6812,41.825],[-111.685,41.8297],[-111.6848,41.8382],[-111.6957,41.8435],[-111.6923,41.8476],[-111.6921,41.8524],[-111.6866,41.8555],[-111.6874,41.8614],[-111.6829,41.8784],[-111.6687,41.8957],[-111.6754,41.9108],[-111.6737,41.9139],[-111.6755,41.919],[-111.6868,41.9241],[-111.6961,41.9233],[-111.7005,41.9176],[-111.7022,41.9093],[-111.7125,41.9084],[-111.7196,41.9],[-111.7263,41.897],[-111.741,41.8957],[-111.7579,41.9016],[-111.7755,41.9009],[-111.7996,41.9085],[-111.8369,41.9076],[-111.8476,41.912],[-111.8608,41.9105],[-111.8701,41.9015],[-111.8795,41.8972],[-111.8901,41.8967],[-111.9009,41.8889],[-111.9079,41.8909],[-111.9144,41.902],[-111.9301,41.9061],[-111.9529,41.9063],[-111.9617,41.898],[-111.9681,41.907],[-111.971,41.9067],[-111.9742,41.9106],[-111.9811,41.9094],[-111.9842,41.9136],[-111.994,41.9158],[-111.9984,41.9243],[-112.0085,41.9281],[-112.0176,41.9277],[-112.0229,41.9315],[-112.0157,41.9416],[-112.015,41.9494],[-112.01,41.9585],[-112.0018,41.9642],[-112.0051,41.9689],[-112.0025,41.9785],[-112.0072,41.9814],[-112.0034,41.9859],[-112.0044,41.9873],[-112.01,41.9901],[-112.019,41.9861],[-112.0348,41.9838],[-112.049,41.9884],[-112.0618,41.9843],[-112.063,42.0072],[-112.0585,42.0179],[-112.0607,42.0226],[-112.0859,42.0301],[-112.0998,42.0281],[-112.1179,42.0359],[-112.1326,42.0333]]]}}]}