{"type":"FeatureCollection","features":[{"type":"Feature","properties":{"huc12":"160102030402","name":"Spring Creek"},"geometry":{"type":"Polygon","coordinates":[[[-111.9124,41.7218],[-111.9272,41.7261],[-111.9389,41.7275],[-111.9462,41.7263],[-111.9476,41.7246],[-111.9453,41.7205],[-111.9386,41.7149],[-111.9373,41.7116],[-111.9311,41.7115],[-111.9219,41.7068],[-111.9198,41.6942],[-111.9248,41.6916],[-111.9254,41.6887],[-111.9211,41.6828],[-111.9217,41.6797],[-111.9201,41.675],[-111.9187,41.674],[-111.9133,41.6751],[-111.9054,41.6742],[-111.904,41.6714],[-111.9051,41.6692],[-111.8972,41.6605],[-111.8954,41.6517],[-111.8886,41.6429],[-111.8773,41.6409],[-111.8684,41.6378],[-111.8675,41.6353],[-111.8708,41.6306],[-111.8679,41.6298],[-111.8662,41.6272],[-111.8537,41.6236],[-111.8491,41.6209],[-111.8347,41.6214],[-111.8057,41.6258],[-111.8149,41.634],[-111.8259,41.6391],[-111.829,41.6457],[-111.8282,41.6554],[-111.8373,41.6614],[-111.8453,41.6711],[-111.847,41.6755],[-111.8522,41.6819],[-111.8532,41.6925],[-111.8634,41.7011],[-111.8752,41.7065],[-111.8859,41.7132],[-111.8967,41.7146],[-111.9124,41.7218]]]}},{"type":"Feature","properties":{"huc12":"160101010601","name":"Sugar Pine Canyon"},"geometry":{"type":"Polygon","coordinates":[[[-111.3781,41.4698],[-111.4009,41.4729],[-111.4151,41.4721],[-111.418,41.475],[-111.4225,41.4754],[-111.4284,41.4749],[-111.4313,41.4729],[-111.4506,41.4718],[-111.4582,41.4731],[-111.4596,41.4761],[-111.4622,41.4778],[-111.4705,41.477],[-111.4771,41.4732],[-111.4815,41.4767],[-111.4904,41.4728],[-111.4886,41.4687],[-111.4898,41.4662],[-111.5009,41.4643],[-111.5011,41.4617],[-111.5037,41.4591],[-111.5031,41.4539],[-111.5051,41.4519],[-111.5029,41.4488],[-111.506,41.4439],[-111.5006,41.4378],[-111.493,41.4347],[-111.4772,41.4355],[-111.468,41.4332],[-111.4572,41.4355],[-111.4537,41.4331],[-111.4349,41.4337],[-111.4287,41.4371],[-111.4167,41.4376],[-111.4111,41.4408],[-111.4012,41.4407],[-111.3941,41.4459],[-111.3854,41.4468],[-111.38,41.4494],[-111.3811,41.4536],[-111.3759,41.4604],[-111.3781,41.4698]]]}},{"type":"Feature","properties":{"huc12":"160102020704","name":"Clay Slough"},"geometry":{"type":"Polygon","coordinates":[[[-111.8933,41.8934],[-111.9005,41.889],[-111.9046,41.8892],[-111.9088,41.892],[-111.9133,41.9013],[-111.9174,41.9033],[-111.9244,41.9032],[-111.9301,41.9061],[-111.9424,41.9067],[-111.9516,41.9065],[-111.9564,41.905],[-111.9584,41.8994],[-111.9617,41.898],[-111.9626,41.8795],[-111.9615,41.8772],[-111.9628,41.8766],[-111.9627,41.8739],[-111.9666,41.8715],[-111.966,41.8637],[-111.9692,41.8605],[-111.9705,41.855],[-111.9677,41.8508],[-111.9652,41.8434],[-111.9555,41.8338],[-111.9514,41.8248],[-111.9447,41.8229],[-111.9413,41.8194],[-111.9334,41.8218],[-111.9298,41.8207],[-111.9067,41.8208],[-111.9058,41.8227],[-111.9081,41.8261],[-111.9089,41.8354],[-111.8885,41.8418],[-111.8882,41.8496],[-111.8939,41.8519],[-111.8962,41.8625],[-111.8854,41.8725],[-111.8803,41.8813],[-111.8792,41.8864],[-111.8815,41.8904],[-111.8892,41.8914],[-111.8933,41.8934]]]}},{"type":"Feature","properties":{"huc12":"160101010604","name":"Lower Woodruff Creek"},"geometry":{"type":"Polygon","coordinates":[[[-111.1783,41.5175],[-111.1763,41.5187],[-111.16,41.5184],[-111.1512,41.5197],[-111.1387,41.5263],[-111.1344,41.5309],[-111.1505,41.5306],[-111.1718,41.5273],[-111.1764,41.5278],[-111.1886,41.5329],[-111.1979,41.5308],[-111.1989,41.528],[-111.2035,41.5274],[-111.2075,41.5315],[-111.2156,41.5332],[-111.2198,41.5308],[-111.2277,41.5322],[-111.2282,41.5339],[-111.2395,41.537],[-111.2621,41.5333],[-111.2648,41.5316],[-111.2642,41.5263],[-111.2673,41.5213],[-111.2646,41.5201],[-111.2643,41.5173],[-111.2677,41.514],[-111.2699,41.5052],[-111.2596,41.5068],[-111.2574,41.5061],[-111.2572,41.4987],[-111.2582,41.4972],[-111.2559,41.494],[-111.2675,41.4894],[-111.2774,41.4871],[-111.2862,41.4877],[-111.2896,41.4867],[-111.2967,41.4929],[-111.3065,41.4907],[-111.313,41.4909],[-111.3168,41.4896],[-111.3202,41.4847],[-111.3312,41.4797],[-111.3358,41.4797],[-111.338,41.4773],[-111.342,41.4757],[-111.3781,41.4698],[-111.3759,41.4604],[-111.3813,41.4529],[-111.3784,41.4475],[-111.3787,41.4448],[-111.3713,41.4398],[-111.3717,41.4307],[-111.3732,41.4264],[-111.3639,41.4235],[-111.359,41.4177],[-111.3513,41.4211],[-111.3442,41.4269],[-111.3388,41.4284],[-111.336,41.4318],[-111.3292,41.4354],[-111.3241,41.44],[-111.3158,41.4405],[-111.3083,41.4426],[-111.303,41.4444],[-111.2984,41.4482],[-111.2883,41.4477],[-111.2865,41.4491],[-111.2773,41.4491],[-111.2694,41.4505],[-111.2683,41.4518],[-111.2604,41.4519],[-111.2597,41.4543],[-111.2558,41.4564],[-111.2476,41.4556],[-111.2442,41.4569],[-111.2415,41.4596],[-111.2421,41.4634],[-111.2398,41.4685],[-111.2394,41.4737],[-111.2419,41.4779],[-111.2368,41.4841],[-111.2298,41.4842],[-111.2263,41.4857],[-111.2161,41.4967],[-111.2114,41.4971],[-111.2071,41.5021],[-111.1976,41.5041],[-111.1879,41.5132],[-111.1865,41.5164],[-111.1783,41.5175]]]}},{"type":"Feature","properties":{"huc12":"160102020506","name":"High Creek"},"geometry":{"type":"Polygon","coordinates":[[[-111.657,41.9477],[-111.6576,41.9497],[-111.6555,41.9537],[-111.6568,41.9567],[-111.6565,41.9629],[-111.6588,41.9643],[-111.6594,41.9663],[-111.6579,41.9688],[-111.6607,41.972],[-111.6616,41.9758],[-111.6575,41.9816],[-111.6593,41.9862],[-111.6611,41.9871],[-111.6607,41.9934],[-111.6625,41.9947],[-111.6627,41.9969],[-111.6614,42.0002],[-111.6637,42.0025],[-111.6765,41.9998],[-111.6819,42.0014],[-111.6918,42.0015],[-111.6952,41.9966],[-111.7016,41.9949],[-111.7039,41.9911],[-111.7104,41.9867],[-111.7248,41.9878],[-111.7291,41.9841],[-111.7365,41.9874],[-111.7459,41.9832],[-111.7569,41.9814],[-111.7665,41.9813],[-111.7727,41.9771],[-111.7831,41.9669],[-111.7873,41.9647],[-111.7918,41.9642],[-111.7952,41.9601],[-111.7979,41.959],[-111.8056,41.9577],[-111.8191,41.962],[-111.8293,41.9595],[-111.8316,41.9575],[-111.8247,41.9562],[-111.8215,41.9572],[-111.8154,41.9566],[-111.8098,41.952],[-111.8069,41.9521],[-111.8024,41.9548],[-111.7925,41.9545],[-111.7859,41.952],[-111.78,41.9445],[-111.7678,41.9463],[-111.7561,41.9451],[-111.748,41.9377],[-111.7452,41.9371],[-111.735,41.9374],[-111.7316,41.9405],[-111.7237,41.9433],[-111.7217,41.9456],[-111.7127,41.9461],[-111.7113,41.9417],[-111.7067,41.9395],[-111.7061,41.9322],[-111.7036,41.9275],[-111.6999,41.9244],[-111.6962,41.9233],[-111.6903,41.9247],[-111.6868,41.9241],[-111.6811,41.9201],[-111.6762,41.9189],[-111.6745,41.9198],[-111.6725,41.9262],[-111.6728,41.9289],[-111.6687,41.934],[-111.6678,41.9382],[-111.6632,41.9418],[-111.6626,41.9452],[-111.657,41.9477]]]}},{"type":"Feature","properties":{"huc12":"160101010603","name":"Birch Creek-Walton Canyon"},"geometry":{"type":"Polygon","coordinates":[[[-111.2904,41.5509],[-111.3032,41.5482],[-111.3081,41.546],[-111.3229,41.5451],[-111.3289,41.5418],[-111.3383,41.5404],[-111.342,41.5386],[-111.3546,41.5395],[-111.3806,41.5359],[-111.3827,41.5326],[-111.3883,41.5328],[-111.3912,41.5296],[-111.3965,41.5275],[-111.4031,41.5223],[-111.4109,41.5186],[-111.4168,41.5192],[-111.4267,41.5238],[-111.4303,41.5231],[-111.4387,41.5255],[-111.4436,41.5282],[-111.443,41.5313],[-111.4487,41.5316],[-111.4531,41.5299],[-111.4567,41.5322],[-111.4587,41.532],[-111.4591,41.5291],[-111.456,41.5268],[-111.4576,41.5239],[-111.4565,41.5208],[-111.4648,41.5148],[-111.4668,41.5095],[-111.4783,41.5037],[-111.4763,41.5006],[-111.4748,41.5002],[-111.4755,41.4981],[-111.4781,41.4974],[-111.475,41.4948],[-111.4755,41.4888],[-111.4783,41.4871],[-111.48,41.4839],[-111.4821,41.4789],[-111.4815,41.4767],[-111.4771,41.4732],[-111.4705,41.477],[-111.4622,41.4778],[-111.4596,41.4761],[-111.4582,41.4731],[-111.4506,41.4718],[-111.4313,41.4729],[-111.4284,41.4749],[-111.4225,41.4754],[-111.418,41.475],[-111.4151,41.4721],[-111.4009,41.4729],[-111.3775,41.4698],[-111.342,41.4757],[-111.338,41.4773],[-111.3358,41.4797],[-111.3312,41.4797],[-111.3202,41.4847],[-111.3168,41.4896],[-111.313,41.4909],[-111.3065,41.4907],[-111.2967,41.4929],[-111.2896,41.4867],[-111.2862,41.4877],[-111.2774,41.4871],[-111.2675,41.4894],[-111.2557,41.4941],[-111.2582,41.4972],[-111.2572,41.4987],[-111.2574,41.5061],[-111.2596,41.5068],[-111.2699,41.5052],[-111.2677,41.514],[-111.2643,41.5173],[-111.2646,41.5201],[-111.2673,41.5213],[-111.2642,41.5263],[-111.2648,41.5316],[-111.2677,41.5313],[-111.2717,41.5355],[-111.2763,41.535],[-111.2806,41.5364],[-111.2826,41.5406],[-111.2877,41.5411],[-111.288,41.5457],[-111.2898,41.5474],[-111.2904,41.5509]]]}},{"type":"Feature","properties":{"huc12":"160102010101","name":"Cottonwood Canyon"},"geometry":{"type":"Polygon","coordinates":[[[-111.3347,41.7916],[-111.3402,41.7974],[-111.3381,41.8001],[-111.3397,41.8013],[-111.3393,41.8041],[-111.342,41.8053],[-111.3406,41.8094],[-111.3446,41.8114],[-111.3446,41.819],[-111.3568,41.8223],[-111.3653,41.7997],[-111.3686,41.7957],[-111.3718,41.788],[-111.3912,41.7733],[-111.4017,41.7727],[-111.4095,41.7704],[-111.4159,41.7716],[-111.4173,41.7745],[-111.4236,41.7756],[-111.426,41.7747],[-111.4312,41.7691],[-111.4392,41.7693],[-111.4434,41.7713],[-111.4455,41.7604],[-111.4412,41.7561],[-111.4428,41.7504],[-111.4419,41.7479],[-111.4451,41.7448],[-111.4407,41.7412],[-111.4419,41.7357],[-111.4369,41.7333],[-111.4287,41.7267],[-111.42,41.7246],[-111.4175,41.7203],[-111.4179,41.7161],[-111.4168,41.7141],[-111.4123,41.7159],[-111.4105,41.7182],[-111.4076,41.7187],[-111.404,41.7215],[-111.4036,41.7237],[-111.3937,41.7243],[-111.3892,41.7277],[-111.3905,41.733],[-111.3887,41.7356],[-111.3849,41.7363],[-111.3833,41.7418],[-111.3798,41.7446],[-111.3768,41.7449],[-111.374,41.7487],[-111.3683,41.7467],[-111.3595,41.748],[-111.3536,41.7506],[-111.356,41.7524],[-111.3569,41.7572],[-111.356,41.7617],[-111.3568,41.7654],[-111.3535,41.7718],[-111.3539,41.7736],[-111.3504,41.7792],[-111.3446,41.781],[-111.3368,41.7864],[-111.3347,41.7916]]]}},{"type":"Feature","properties":{"huc12":"160102010102","name":"Laketown Canyon"},"geometry":{"type":"Polygon","coordinates":[[[-111.2588,41.853],[-111.2624,41.8537],[-111.2698,41.851],[-111.2677,41.848],[-111.2684,41.8455],[-111.2799,41.8426],[-111.2798,41.8396],[-111.2833,41.835],[-111.2902,41.8326],[-111.2951,41.8289],[-111.296,41.831],[-111.3035,41.8319],[-111.3078,41.8304],[-111.3118,41.8306],[-111.3241,41.8388],[-111.3282,41.8375],[-111.3261,41.8266],[-111.3194,41.8209],[-111.3178,41.818],[-111.3186,41.8161],[-111.3149,41.8137],[-111.3166,41.8082],[-111.3147,41.8057],[-111.315,41.8022],[-111.3196,41.8003],[-111.3217,41.7975],[-111.3225,41.7933],[-111.3306,41.7904],[-111.3347,41.7916],[-111.3367,41.7865],[-111.3404,41.7832],[-111.3507,41.779],[-111.3568,41.7654],[-111.356,41.7524],[-111.3536,41.7506],[-111.3595,41.748],[-111.3683,41.7467],[-111.374,41.7487],[-111.3768,41.7449],[-111.3798,41.7446],[-111.3833,41.7418],[-111.3849,41.7363],[-111.3887,41.7356],[-111.3901,41.7337],[-111.3894,41.7275],[-111.3941,41.7241],[-111.4036,41.7237],[-111.404,41.7215],[-111.4076,41.7187],[-111.4105,41.7182],[-111.4123,41.7159],[-111.4168,41.7141],[-111.4178,41.7094],[-111.4211,41.7064],[-111.4217,41.7004],[-111.4202,41.697],[-111.4287,41.696],[-111.424,41.6919],[-111.4267,41.6781],[-111.4256,41.6764],[-111.4212,41.6742],[-111.4153,41.6763],[-111.4114,41.6799],[-111.4131,41.6864],[-111.4121,41.6882],[-111.4091,41.6886],[-111.4057,41.6936],[-111.4001,41.6951],[-111.394,41.7029],[-111.3884,41.7037],[-111.3868,41.7052],[-111.3826,41.705],[-111.3817,41.7122],[-111.3855,41.7166],[-111.3799,41.7212],[-111.3732,41.7248],[-111.3632,41.7266],[-111.3579,41.7259],[-111.3477,41.7281],[-111.3421,41.7272],[-111.3394,41.7285],[-111.3367,41.7346],[-111.3344,41.7353],[-111.332,41.7413],[-111.3301,41.7418],[-111.3258,41.7513],[-111.3201,41.7526],[-111.3131,41.7507],[-111.2955,41.7537],[-111.2894,41.7579],[-111.2699,41.761],[-111.2623,41.7643],[-111.2638,41.7754],[-111.2668,41.7804],[-111.2639,41.7862],[-111.2717,41.7905],[-111.2729,41.7938],[-111.2644,41.7965],[-111.2634,41.7992],[-111.2597,41.8007],[-111.2554,41.8056],[-111.2505,41.8082],[-111.2453,41.8148],[-111.247,41.8168],[-111.2558,41.8198],[-111.2535,41.8254],[-111.2575,41.8277],[-111.2583,41.8302],[-111.2454,41.8313],[-111.2447,41.8329],[-111.2458,41.8378],[-111.2505,41.8404],[-111.2503,41.8439],[-111.2588,41.853]]]}},{"type":"Feature","properties":{"huc12":"160102020507","name":"Lower Cub River"},"geometry":{"type":"Polygon","coordinates":[[[-111.7966,41.9595],[-111.813,41.9641],[-111.8197,41.9693],[-111.8241,41.9707],[-111.8204,41.975],[-111.8183,41.9828],[-111.8187,41.9883],[-111.8217,41.9942],[-111.8347,41.9879],[-111.8392,41.9892],[-111.8489,41.9874],[-111.8631,41.9907],[-111.8633,41.9893],[-111.8548,41.9792],[-111.8513,41.9725],[-111.8491,41.9624],[-111.8595,41.9498],[-111.8614,41.9414],[-111.8671,41.9274],[-111.8668,41.9222],[-111.8739,41.9194],[-111.8821,41.914],[-111.8806,41.91],[-111.8823,41.908],[-111.8828,41.9043],[-111.8781,41.9016],[-111.8799,41.9004],[-111.8793,41.8978],[-111.87,41.9017],[-111.8696,41.9041],[-111.8608,41.9105],[-111.8504,41.9109],[-111.8476,41.912],[-111.8369,41.9076],[-111.8226,41.9094],[-111.7996,41.9085],[-111.7934,41.907],[-111.7881,41.904],[-111.7782,41.9025],[-111.7755,41.9009],[-111.7579,41.9016],[-111.7496,41.9],[-111.741,41.8957],[-111.7351,41.8971],[-111.7263,41.897],[-111.723,41.8996],[-111.7196,41.9],[-111.7125,41.9084],[-111.7062,41.9082],[-111.7019,41.9096],[-111.7005,41.9176],[-111.6962,41.9233],[-111.6987,41.9237],[-111.7036,41.9275],[-111.7061,41.9322],[-111.7067,41.9394],[-111.7113,41.9417],[-111.7127,41.9461],[-111.7217,41.9456],[-111.7237,41.9433],[-111.7316,41.9405],[-111.735,41.9374],[-111.7452,41.9371],[-111.748,41.9377],[-111.7561,41.9451],[-111.7678,41.9463],[-111.78,41.9445],[-111.7859,41.952],[-111.7925,41.9545],[-111.8024,41.9548],[-111.8069,41.9521],[-111.8098,41.952],[-111.8154,41.9566],[-111.8215,41.9572],[-111.8247,41.9562],[-111.8316,41.9575],[-111.8293,41.9595],[-111.8191,41.962],[-111.8056,41.9577],[-111.7966,41.9595]]]}},{"type":"Feature","properties":{"huc12":"160102020701","name":"Summit Creek"},"geometry":{"type":"Polygon","coordinates":[[[-111.6755,41.919],[-111.6811,41.9201],[-111.6868,41.9241],[-111.6903,41.9247],[-111.6961,41.9233],[-111.7005,41.9176],[-111.702,41.9095],[-111.7064,41.9082],[-111.7125,41.9084],[-111.7196,41.9],[-111.723,41.8996],[-111.7289,41.8949],[-111.7333,41.8939],[-111.7352,41.8903],[-111.7389,41.8884],[-111.7563,41.8872],[-111.762,41.8849],[-111.764,41.8857],[-111.769,41.8832],[-111.7752,41.8843],[-111.7837,41.8827],[-111.7874,41.8787],[-111.794,41.8761],[-111.7967,41.873],[-111.7996,41.8719],[-111.8057,41.8636],[-111.8036,41.8601],[-111.8034,41.8571],[-111.8085,41.8472],[-111.8173,41.8444],[-111.8258,41.8385],[-111.8403,41.8396],[-111.8621,41.8387],[-111.8754,41.8369],[-111.8865,41.8329],[-111.8835,41.8319],[-111.8814,41.8282],[-111.8771,41.8265],[-111.8645,41.8249],[-111.8379,41.8333],[-111.8271,41.8348],[-111.8097,41.8421],[-111.7996,41.8433],[-111.7971,41.8416],[-111.7906,41.8415],[-111.7855,41.8438],[-111.7813,41.8422],[-111.7767,41.8423],[-111.7737,41.8406],[-111.7651,41.8429],[-111.7521,41.8442],[-111.7495,41.8458],[-111.7355,41.8443],[-111.7288,41.8465],[-111.7177,41.8454],[-111.7061,41.8368],[-111.7033,41.8362],[-111.6923,41.8476],[-111.6931,41.8501],[-111.6921,41.8524],[-111.6884,41.853],[-111.687,41.8544],[-111.6874,41.8614],[-111.6837,41.8713],[-111.683,41.8781],[-111.6687,41.8957],[-111.6697,41.9015],[-111.6754,41.9108],[-111.6737,41.9139],[-111.6757,41.9156],[-111.6755,41.919]]]}},{"type":"Feature","properties":{"huc12":"160102020702","name":"Hopkins Slough"},"geometry":{"type":"Polygon","coordinates":[[[-111.6957,41.8435],[-111.7034,41.8362],[-111.7061,41.8368],[-111.7177,41.8454],[-111.7236,41.8465],[-111.7261,41.8454],[-111.732,41.8462],[-111.7355,41.8443],[-111.7495,41.8458],[-111.7521,41.8442],[-111.7651,41.8429],[-111.7737,41.8406],[-111.7767,41.8423],[-111.7813,41.8422],[-111.7855,41.8438],[-111.7906,41.8415],[-111.7971,41.8416],[-111.7996,41.8433],[-111.8097,41.8421],[-111.8271,41.8348],[-111.8379,41.8333],[-111.8736,41.8227],[-111.8776,41.8222],[-111.8853,41.8242],[-111.8895,41.8234],[-111.8916,41.8214],[-111.8915,41.812],[-111.8941,41.8047],[-111.8987,41.8013],[-111.8856,41.7945],[-111.8817,41.7897],[-111.8723,41.7902],[-111.8523,41.7851],[-111.8495,41.7829],[-111.8489,41.7786],[-111.8476,41.778],[-111.8378,41.7777],[-111.8293,41.7753],[-111.8178,41.7745],[-111.7999,41.7702],[-111.78,41.7682],[-111.7726,41.7687],[-111.7662,41.7622],[-111.7603,41.7599],[-111.7434,41.765],[-111.7359,41.7652],[-111.7297,41.7634],[-111.7188,41.774],[-111.7137,41.7772],[-111.712,41.7825],[-111.7077,41.7879],[-111.7046,41.7901],[-111.6937,41.7932],[-111.6898,41.8005],[-111.6858,41.8041],[-111.6851,41.8181],[-111.6812,41.825],[-111.685,41.8297],[-111.6839,41.8349],[-111.6848,41.8382],[-111.6957,41.8435]]]}},{"type":"Feature","properties":{"huc12":"160102020703","name":"Nebo Creek-Bear River"},"geometry":{"type":"Polygon","coordinates":[[[-111.7266,41.897],[-111.7347,41.8971],[-111.7417,41.8958],[-111.7496,41.9],[-111.7579,41.9016],[-111.7755,41.9009],[-111.802,41.9089],[-111.8226,41.9094],[-111.8369,41.9076],[-111.8471,41.912],[-111.8608,41.9105],[-111.8696,41.9041],[-111.8701,41.9015],[-111.8774,41.8981],[-111.8788,41.8985],[-111.8795,41.8972],[-111.8895,41.8969],[-111.8933,41.8934],[-111.8892,41.8914],[-111.8809,41.89],[-111.8793,41.8845],[-111.8854,41.8725],[-111.8962,41.8625],[-111.8939,41.8519],[-111.8882,41.8496],[-111.8884,41.842],[-111.9092,41.835],[-111.9081,41.8261],[-111.906,41.8213],[-111.9192,41.8203],[-111.9362,41.8212],[-111.9441,41.8174],[-111.9477,41.811],[-111.9546,41.8086],[-111.9497,41.8037],[-111.9485,41.7983],[-111.9452,41.7946],[-111.9317,41.795],[-111.9291,41.7879],[-111.9258,41.7873],[-111.9238,41.785],[-111.9037,41.7863],[-111.8993,41.7851],[-111.8916,41.7855],[-111.886,41.7893],[-111.8817,41.7897],[-111.8856,41.7945],[-111.8986,41.801],[-111.8985,41.8023],[-111.8961,41.8025],[-111.8944,41.8043],[-111.8916,41.8112],[-111.8914,41.822],[-111.887,41.8242],[-111.8774,41.8222],[-111.8672,41.825],[-111.8807,41.8278],[-111.8835,41.8319],[-111.8864,41.8331],[-111.8754,41.8369],[-111.8621,41.8387],[-111.8403,41.8396],[-111.8258,41.8385],[-111.8173,41.8444],[-111.8085,41.8472],[-111.8034,41.8571],[-111.8036,41.8601],[-111.8057,41.8636],[-111.7996,41.8719],[-111.7967,41.873],[-111.794,41.8761],[-111.7874,41.8787],[-111.784,41.8826],[-111.7752,41.8843],[-111.769,41.8832],[-111.764,41.8857],[-111.762,41.8849],[-111.7516,41.8879],[-111.7401,41.8879],[-111.7354,41.8902],[-111.7336,41.8937],[-111.7289,41.8949],[-111.7266,41.897]]]}},{"type":"Feature","properties":{"huc12":"160102030103","name":"South Fork Little Bear River"},"geometry":{"type":"Polygon","coordinates":[[[-111.7861,41.4873],[-111.7916,41.4961],[-111.795,41.5051],[-111.7995,41.51],[-111.8023,41.5192],[-111.8063,41.5199],[-111.8076,41.5223],[-111.814,41.5272],[-111.822,41.5281],[-111.8238,41.5268],[-111.8315,41.527],[-111.8358,41.5245],[-111.8376,41.5214],[-111.8475,41.5182],[-111.8509,41.5181],[-111.8537,41.5222],[-111.8567,41.5215],[-111.8603,41.5235],[-111.8674,41.521],[-111.8743,41.5158],[-111.8739,41.5105],[-111.8822,41.5083],[-111.8827,41.5032],[-111.8915,41.5009],[-111.8964,41.4969],[-111.8836,41.4958],[-111.8798,41.4924],[-111.8804,41.4912],[-111.8759,41.4901],[-111.8733,41.4854],[-111.8778,41.4824],[-111.8763,41.4795],[-111.8785,41.476],[-111.8792,41.4682],[-111.8783,41.4647],[-111.8755,41.4641],[-111.8748,41.4625],[-111.8792,41.4554],[-111.8789,41.4524],[-111.881,41.4505],[-111.8803,41.4426],[-111.8819,41.4405],[-111.8817,41.4345],[-111.8842,41.4263],[-111.8723,41.4214],[-111.8793,41.4167],[-111.8802,41.4146],[-111.8758,41.4099],[-111.875,41.4047],[-111.8692,41.3993],[-111.8627,41.3995],[-111.8614,41.3967],[-111.8572,41.3968],[-111.8549,41.3943],[-111.8467,41.3941],[-111.8428,41.3906],[-111.8392,41.3901],[-111.8372,41.3883],[-111.8297,41.3894],[-111.8277,41.3926],[-111.8201,41.3918],[-111.8134,41.388],[-111.7975,41.3923],[-111.8005,41.3991],[-111.7997,41.414],[-111.8013,41.416],[-111.803,41.4237],[-111.8069,41.4266],[-111.8064,41.435],[-111.8105,41.4381],[-111.8103,41.4459],[-111.8087,41.4506],[-111.811,41.452],[-111.8122,41.4549],[-111.8118,41.4624],[-111.8103,41.4659],[-111.8121,41.4696],[-111.8153,41.4722],[-111.8149,41.4772],[-111.8117,41.4827],[-111.8148,41.4958],[-111.8136,41.4979],[-111.8153,41.5003],[-111.8151,41.504],[-111.8054,41.5041],[-111.7998,41.5003],[-111.7945,41.493],[-111.7861,41.4873]]]}},{"type":"Feature","properties":{"huc12":"160102030102","name":"Davenport Creek"},"geometry":{"type":"Polygon","coordinates":[[[-111.7861,41.4873],[-111.7945,41.493],[-111.7998,41.5003],[-111.8054,41.5041],[-111.8151,41.504],[-111.8153,41.5003],[-111.8136,41.4979],[-111.8148,41.4958],[-111.8117,41.4827],[-111.8149,41.4772],[-111.8153,41.4722],[-111.8121,41.4696],[-111.8103,41.4659],[-111.8118,41.4624],[-111.8122,41.4549],[-111.811,41.452],[-111.8087,41.4506],[-111.8103,41.4459],[-111.8105,41.4381],[-111.8064,41.435],[-111.8069,41.4266],[-111.803,41.4237],[-111.8013,41.416],[-111.7997,41.414],[-111.8005,41.3991],[-111.7982,41.393],[-111.7928,41.3913],[-111.7891,41.3847],[-111.7838,41.3822],[-111.7803,41.3786],[-111.7715,41.3758],[-111.7679,41.3711],[-111.7628,41.3691],[-111.7527,41.3705],[-111.7462,41.3699],[-111.7372,41.3744],[-111.7257,41.3763],[-111.7252,41.3785],[-111.7272,41.382],[-111.7266,41.3853],[-111.7225,41.3902],[-111.7165,41.3945],[-111.7114,41.3956],[-111.7107,41.3974],[-111.7118,41.3995],[-111.7065,41.405],[-111.7062,41.4109],[-111.7068,41.4125],[-111.7178,41.4158],[-111.7229,41.4231],[-111.7214,41.428],[-111.7228,41.4299],[-111.7224,41.4319],[-111.7253,41.4349],[-111.721,41.4397],[-111.7221,41.4423],[-111.7279,41.4453],[-111.7275,41.4479],[-111.7249,41.4493],[-111.7211,41.4552],[-111.7186,41.4616],[-111.7192,41.4634],[-111.718,41.466],[-111.7197,41.4686],[-111.7215,41.478],[-111.7361,41.4829],[-111.7412,41.4825],[-111.7472,41.4838],[-111.7524,41.4827],[-111.7554,41.4863],[-111.7617,41.4861],[-111.7666,41.4879],[-111.7761,41.485],[-111.7832,41.4855],[-111.7861,41.4873]]]}},{"type":"Feature","properties":{"huc12":"160102030105","name":"Hyrum Reservoir-Little Bear River"},"geometry":{"type":"Polygon","coordinates":[[[-111.8057,41.6258],[-111.8119,41.624],[-111.8459,41.6205],[-111.85,41.6212],[-111.8607,41.6261],[-111.8667,41.6276],[-111.8714,41.6271],[-111.8734,41.6249],[-111.8745,41.6193],[-111.8771,41.6169],[-111.8998,41.61],[-111.9009,41.6081],[-111.9006,41.6016],[-111.9243,41.5829],[-111.9267,41.5792],[-111.938,41.576],[-111.9476,41.5764],[-111.9531,41.5738],[-111.9538,41.5691],[-111.9513,41.5656],[-111.9532,41.562],[-111.9474,41.5537],[-111.937,41.5509],[-111.9366,41.5487],[-111.9342,41.5469],[-111.9351,41.5447],[-111.9336,41.5416],[-111.9274,41.5371],[-111.9204,41.5391],[-111.9165,41.5385],[-111.9139,41.532],[-111.9139,41.5247],[-111.9118,41.5225],[-111.9122,41.5187],[-111.9058,41.5148],[-111.908,41.5132],[-111.9094,41.508],[-111.906,41.5029],[-111.907,41.5015],[-111.9054,41.497],[-111.8974,41.4966],[-111.8915,41.5009],[-111.8827,41.5032],[-111.8824,41.5081],[-111.8739,41.5105],[-111.8741,41.5161],[-111.8705,41.5192],[-111.8631,41.5228],[-111.8603,41.5235],[-111.8565,41.5215],[-111.8537,41.5222],[-111.8515,41.5184],[-111.8482,41.5181],[-111.8379,41.5212],[-111.8358,41.5245],[-111.8315,41.527],[-111.823,41.527],[-111.8158,41.5329],[-111.8152,41.5356],[-111.8163,41.5402],[-111.8131,41.5468],[-111.8055,41.5483],[-111.803,41.5508],[-111.7954,41.5515],[-111.7845,41.558],[-111.7814,41.5584],[-111.7805,41.5598],[-111.7712,41.5569],[-111.7603,41.5608],[-111.7581,41.5677],[-111.7524,41.5678],[-111.7482,41.5695],[-111.7362,41.5682],[-111.7311,41.5706],[-111.7268,41.5709],[-111.7233,41.5724],[-111.7225,41.5747],[-111.718,41.5788],[-111.7075,41.5838],[-111.6971,41.5835],[-111.6877,41.5805],[-111.6875,41.5849],[-111.6894,41.5859],[-111.6884,41.5964],[-111.6914,41.602],[-111.6947,41.602],[-111.7045,41.5949],[-111.7098,41.5951],[-111.714,41.593],[-111.7202,41.5942],[-111.724,41.5973],[-111.7239,41.6006],[-111.7327,41.6032],[-111.739,41.6033],[-111.7432,41.6051],[-111.7576,41.6007],[-111.7623,41.6008],[-111.7661,41.6052],[-111.7818,41.6086],[-111.7923,41.6178],[-111.7977,41.62],[-111.8001,41.6234],[-111.8057,41.6258]]]}},{"type":"Feature","properties":{"huc12":"160102030201","name":"Sheep Creek"},"geometry":{"type":"Polygon","coordinates":[[[-111.4761,41.4881],[-111.4887,41.4898],[-111.493,41.4946],[-111.4936,41.4983],[-111.4975,41.5001],[-111.5038,41.5003],[-111.5051,41.5044],[-111.5169,41.5098],[-111.5179,41.512],[-111.5173,41.5154],[-111.5128,41.5185],[-111.5115,41.5207],[-111.5142,41.5277],[-111.5084,41.5311],[-111.5108,41.5349],[-111.5088,41.5371],[-111.5115,41.5406],[-111.5078,41.5475],[-111.5164,41.5445],[-111.5242,41.5456],[-111.5344,41.5531],[-111.5361,41.5551],[-111.5359,41.5573],[-111.551,41.5645],[-111.5538,41.5693],[-111.5581,41.5712],[-111.5597,41.5702],[-111.5606,41.5671],[-111.5633,41.5661],[-111.5654,41.5601],[-111.5667,41.5522],[-111.5654,41.548],[-111.5666,41.544],[-111.5662,41.5393],[-111.571,41.5362],[-111.5707,41.5326],[-111.5729,41.5304],[-111.5704,41.527],[-111.5729,41.523],[-111.568,41.5185],[-111.5727,41.5131],[-111.573,41.5098],[-111.5771,41.5084],[-111.5789,41.4939],[-111.5802,41.4917],[-111.5802,41.4865],[-111.5764,41.483],[-111.576,41.4811],[-111.569,41.4789],[-111.5637,41.4792],[-111.5624,41.475],[-111.5568,41.4713],[-111.5559,41.467],[-111.5491,41.4642],[-111.5376,41.4612],[-111.5141,41.4607],[-111.5027,41.4643],[-111.4898,41.4662],[-111.4886,41.4687],[-111.4904,41.4728],[-111.4815,41.4767],[-111.4821,41.4789],[-111.48,41.4839],[-111.4783,41.4871],[-111.4761,41.4881]]]}},{"type":"Feature","properties":{"huc12":"160102030203","name":"Curtis Creek"},"geometry":{"type":"Polygon","coordinates":[[[-111.4164,41.6394],[-111.4186,41.6402],[-111.4313,41.6378],[-111.4384,41.6383],[-111.4475,41.6429],[-111.4528,41.6408],[-111.4575,41.6434],[-111.4646,41.6395],[-111.4701,41.6401],[-111.4716,41.6371],[-111.4867,41.6437],[-111.4931,41.6441],[-111.5054,41.6423],[-111.5103,41.64],[-111.5279,41.6368],[-111.532,41.6343],[-111.543,41.633],[-111.5501,41.628],[-111.5623,41.6251],[-111.5623,41.6238],[-111.5652,41.6219],[-111.5679,41.6134],[-111.5724,41.6096],[-111.5708,41.6049],[-111.5694,41.6043],[-111.5693,41.5995],[-111.566,41.6004],[-111.5555,41.5949],[-111.5477,41.596],[-111.5444,41.593],[-111.5438,41.5889],[-111.5415,41.5871],[-111.5358,41.5868],[-111.531,41.5892],[-111.5278,41.5879],[-111.5197,41.5896],[-111.5154,41.5889],[-111.5139,41.5901],[-111.5057,41.5886],[-111.5019,41.5862],[-111.4946,41.5886],[-111.4883,41.5881],[-111.4854,41.5899],[-111.4721,41.5916],[-111.4616,41.5945],[-111.46,41.5968],[-111.4561,41.5966],[-111.4494,41.601],[-111.4404,41.602],[-111.4382,41.6041],[-111.4341,41.603],[-111.4279,41.6059],[-111.4266,41.6106],[-111.4298,41.6184],[-111.4288,41.6203],[-111.4227,41.6241],[-111.417,41.6226],[-111.4107,41.6273],[-111.4122,41.6326],[-111.4164,41.6394]]]}},{"type":"Feature","properties":{"huc12":"160102030205","name":"Rock Creek"},"geometry":{"type":"Polygon","coordinates":[[[-111.4267,41.678],[-111.433,41.6794],[-111.4424,41.673],[-111.4537,41.675],[-111.4578,41.6718],[-111.4637,41.6708],[-111.4649,41.6687],[-111.4766,41.6671],[-111.485,41.6679],[-111.4876,41.6697],[-111.4953,41.6685],[-111.5017,41.6716],[-111.5037,41.6701],[-111.5095,41.6715],[-111.5203,41.6703],[-111.523,41.6666],[-111.5376,41.667],[-111.5399,41.6653],[-111.5436,41.6658],[-111.5468,41.6647],[-111.5511,41.6662],[-111.5552,41.6657],[-111.5605,41.6681],[-111.5708,41.664],[-111.5723,41.6645],[-111.5731,41.6677],[-111.5761,41.6661],[-111.5791,41.6662],[-111.5823,41.6628],[-111.5827,41.6603],[-111.5852,41.6587],[-111.5827,41.6548],[-111.5851,41.6511],[-111.5884,41.6513],[-111.5908,41.6499],[-111.5921,41.6466],[-111.5956,41.6486],[-111.5966,41.6453],[-111.5997,41.6433],[-111.5964,41.6331],[-111.6,41.6299],[-111.5983,41.6259],[-111.6006,41.6233],[-111.6078,41.6206],[-111.6101,41.618],[-111.6074,41.6158],[-111.6011,41.6138],[-111.5943,41.6139],[-111.5928,41.611],[-111.5903,41.6093],[-111.5889,41.6042],[-111.5836,41.609],[-111.5823,41.6137],[-111.5763,41.618],[-111.5741,41.6227],[-111.5683,41.6241],[-111.5661,41.6259],[-111.5616,41.625],[-111.5518,41.6275],[-111.5443,41.6326],[-111.532,41.6343],[-111.5279,41.6368],[-111.5103,41.64],[-111.5054,41.6423],[-111.4931,41.6441],[-111.4867,41.6437],[-111.4716,41.6371],[-111.4701,41.6401],[-111.4646,41.6395],[-111.4575,41.6434],[-111.4528,41.6408],[-111.4475,41.6429],[-111.4384,41.6383],[-111.4313,41.6378],[-111.4186,41.6402],[-111.4164,41.6394],[-111.4089,41.6447],[-111.4083,41.6493],[-111.4018,41.6539],[-111.4021,41.659],[-111.4067,41.6629],[-111.4058,41.665],[-111.4068,41.6666],[-111.4141,41.6667],[-111.4151,41.6734],[-111.4143,41.6749],[-111.4153,41.6763],[-111.4214,41.6742],[-111.4239,41.6749],[-111.4267,41.678]]]}},{"type":"Feature","properties":{"huc12":"160102030206","name":"Saddle Creek"},"geometry":{"type":"Polygon","coordinates":[[[-111.4434,41.7713],[-111.4464,41.773],[-111.4496,41.7721],[-111.4524,41.7757],[-111.4521,41.7782],[-111.4546,41.7795],[-111.4552,41.7831],[-111.4534,41.7854],[-111.4544,41.7882],[-111.4536,41.7907],[-111.4509,41.7926],[-111.4541,41.8021],[-111.4535,41.8051],[-111.4573,41.8074],[-111.4569,41.8122],[-111.4613,41.8143],[-111.4612,41.8184],[-111.468,41.8247],[-111.4766,41.8294],[-111.4807,41.8343],[-111.5015,41.8498],[-111.5011,41.8468],[-111.5023,41.8446],[-111.5064,41.8431],[-111.5164,41.8354],[-111.5141,41.8347],[-111.5085,41.8277],[-111.5031,41.8247],[-111.4978,41.8182],[-111.4987,41.8164],[-111.503,41.8152],[-111.5055,41.8085],[-111.5077,41.8063],[-111.5121,41.8051],[-111.5111,41.8019],[-111.5138,41.7963],[-111.5122,41.7899],[-111.5158,41.7847],[-111.5185,41.7705],[-111.5204,41.7682],[-111.5205,41.7651],[-111.5227,41.7638],[-111.5217,41.7616],[-111.5261,41.7537],[-111.5335,41.7498],[-111.535,41.7457],[-111.5368,41.7444],[-111.5365,41.739],[-111.5379,41.7361],[-111.536,41.7339],[-111.5334,41.7333],[-111.5328,41.7313],[-111.5356,41.7238],[-111.5348,41.7223],[-111.5379,41.7179],[-111.5514,41.7137],[-111.5485,41.7123],[-111.5493,41.7096],[-111.5554,41.7059],[-111.5572,41.7015],[-111.5615,41.7003],[-111.5612,41.6979],[-111.558,41.6959],[-111.5499,41.6962],[-111.5475,41.6947],[-111.5471,41.6909],[-111.5453,41.6899],[-111.5407,41.6915],[-111.5361,41.6909],[-111.5325,41.6882],[-111.5317,41.6858],[-111.5246,41.6878],[-111.515,41.6857],[-111.5141,41.6836],[-111.5074,41.6816],[-111.5074,41.6793],[-111.4982,41.6804],[-111.4963,41.6765],[-111.4922,41.6766],[-111.4877,41.6729],[-111.4846,41.6678],[-111.4766,41.6671],[-111.4654,41.6686],[-111.4634,41.6709],[-111.4578,41.6718],[-111.4537,41.675],[-111.4424,41.673],[-111.433,41.6794],[-111.4267,41.678],[-111.424,41.6919],[-111.4287,41.696],[-111.4202,41.697],[-111.4217,41.7004],[-111.4213,41.7053],[-111.4178,41.7094],[-111.4167,41.7143],[-111.4179,41.7161],[-111.4175,41.7203],[-111.42,41.7246],[-111.4287,41.7267],[-111.4369,41.7333],[-111.4419,41.7357],[-111.4407,41.7412],[-111.4451,41.7448],[-111.4419,41.7479],[-111.4428,41.7504],[-111.4412,41.7561],[-111.4455,41.7604],[-111.4434,41.7713]]]}},{"type":"Feature","properties":{"huc12":"160102030207","name":"Left Hand Fork Blacksmith Fork Canyon"},"geometry":{"type":"Polygon","coordinates":[[[-111.5374,41.7425],[-111.5455,41.7421],[-111.5518,41.7446],[-111.5545,41.7472],[-111.5565,41.747],[-111.5616,41.7436],[-111.5622,41.741],[-111.5641,41.7406],[-111.5658,41.7379],[-111.5768,41.7362],[-111.5797,41.7254],[-111.589,41.7236],[-111.5942,41.7241],[-111.5962,41.7258],[-111.5965,41.7279],[-111.6015,41.7291],[-111.6291,41.725],[-111.636,41.7275],[-111.6364,41.7307],[-111.639,41.7321],[-111.6485,41.7265],[-111.6581,41.7283],[-111.6658,41.7276],[-111.6678,41.7262],[-111.6868,41.726],[-111.6918,41.7166],[-111.6918,41.7118],[-111.6944,41.7053],[-111.6942,41.6961],[-111.696,41.6885],[-111.6984,41.6823],[-111.7045,41.6766],[-111.7032,41.6731],[-111.7102,41.6739],[-111.7126,41.6765],[-111.7323,41.6781],[-111.7393,41.6805],[-111.7432,41.6782],[-111.7521,41.6768],[-111.7528,41.6742],[-111.7411,41.664],[-111.7462,41.6577],[-111.744,41.653],[-111.7395,41.649],[-111.7416,41.6467],[-111.7456,41.6463],[-111.7516,41.6384],[-111.7545,41.6372],[-111.7416,41.6343],[-111.7347,41.6354],[-111.7268,41.6393],[-111.7221,41.6395],[-111.7144,41.6359],[-111.7083,41.6305],[-111.7037,41.6324],[-111.6932,41.6415],[-111.6837,41.6416],[-111.675,41.6452],[-111.6535,41.6363],[-111.6515,41.636],[-111.65,41.6392],[-111.6476,41.6383],[-111.646,41.6353],[-111.6476,41.633],[-111.6458,41.6268],[-111.6423,41.6253],[-111.6368,41.6251],[-111.6348,41.6262],[-111.6338,41.6289],[-111.6317,41.6292],[-111.6289,41.636],[-111.6211,41.638],[-111.6121,41.6359],[-111.6065,41.6366],[-111.6059,41.638],[-111.6029,41.6389],[-111.6033,41.643],[-111.5981,41.644],[-111.5958,41.6484],[-111.5921,41.6466],[-111.5908,41.6499],[-111.5884,41.6513],[-111.5851,41.6511],[-111.5827,41.6548],[-111.5852,41.6587],[-111.5827,41.6603],[-111.5823,41.6628],[-111.5791,41.6662],[-111.5761,41.6661],[-111.5731,41.6677],[-111.5723,41.6645],[-111.5708,41.664],[-111.5605,41.6681],[-111.5552,41.6657],[-111.5511,41.6662],[-111.5468,41.6647],[-111.5436,41.6658],[-111.5399,41.6653],[-111.5376,41.667],[-111.523,41.6666],[-111.5208,41.6701],[-111.5103,41.6715],[-111.5039,41.6701],[-111.5008,41.6716],[-111.4953,41.6685],[-111.4864,41.6695],[-111.488,41.6732],[-111.4922,41.6766],[-111.4963,41.6765],[-111.4982,41.6804],[-111.5074,41.6793],[-111.5074,41.6816],[-111.5141,41.6836],[-111.515,41.6857],[-111.5246,41.6878],[-111.5317,41.6858],[-111.5325,41.6882],[-111.5361,41.6909],[-111.5407,41.6915],[-111.5453,41.6899],[-111.5471,41.6909],[-111.5475,41.6947],[-111.5501,41.6964],[-111.558,41.6959],[-111.561,41.6976],[-111.5615,41.7003],[-111.5572,41.7015],[-111.5554,41.7059],[-111.5493,41.7096],[-111.5485,41.7123],[-111.5514,41.7137],[-111.5379,41.7179],[-111.5348,41.7223],[-111.5356,41.7238],[-111.5328,41.7318],[-111.5379,41.7361],[-111.5365,41.739],[-111.5374,41.7425]]]}},{"type":"Feature","properties":{"huc12":"160102030208","name":"South Cottonwood Canyon-Blacksmith Fork"},"geometry":{"type":"Polygon","coordinates":[[[-111.5996,41.6434],[-111.6032,41.6431],[-111.6029,41.6389],[-111.6059,41.638],[-111.6065,41.6366],[-111.6121,41.6359],[-111.6211,41.638],[-111.6289,41.636],[-111.6317,41.6292],[-111.6338,41.6289],[-111.6348,41.6262],[-111.6368,41.6251],[-111.6423,41.6253],[-111.6458,41.6268],[-111.6476,41.633],[-111.646,41.6353],[-111.6476,41.6383],[-111.65,41.6392],[-111.6515,41.636],[-111.6535,41.6363],[-111.675,41.6452],[-111.6837,41.6416],[-111.6932,41.6415],[-111.7037,41.6324],[-111.7083,41.6305],[-111.7065,41.6281],[-111.7066,41.6225],[-111.6993,41.6172],[-111.6885,41.6126],[-111.6888,41.609],[-111.6932,41.6058],[-111.6942,41.6022],[-111.6914,41.602],[-111.6883,41.5955],[-111.6894,41.5859],[-111.6875,41.5849],[-111.6877,41.5805],[-111.6904,41.5809],[-111.6909,41.5768],[-111.6883,41.5758],[-111.6868,41.5713],[-111.6816,41.5711],[-111.6763,41.5666],[-111.6695,41.5655],[-111.668,41.5636],[-111.6678,41.5598],[-111.672,41.5582],[-111.676,41.5584],[-111.6841,41.5544],[-111.6859,41.5524],[-111.6851,41.5506],[-111.6871,41.5475],[-111.6969,41.5435],[-111.6962,41.5416],[-111.6886,41.539],[-111.6858,41.5349],[-111.6812,41.5364],[-111.6769,41.5356],[-111.6707,41.533],[-111.6694,41.5311],[-111.6662,41.5327],[-111.6652,41.5352],[-111.657,41.535],[-111.6516,41.5366],[-111.65,41.5382],[-111.6505,41.5463],[-111.6447,41.5502],[-111.6447,41.5532],[-111.6415,41.5537],[-111.6322,41.5512],[-111.6301,41.5525],[-111.6259,41.5512],[-111.6226,41.5556],[-111.6198,41.5566],[-111.6212,41.5622],[-111.6262,41.5663],[-111.6251,41.5681],[-111.6266,41.5732],[-111.6236,41.5801],[-111.6197,41.5823],[-111.6182,41.5919],[-111.6094,41.5927],[-111.6084,41.5944],[-111.6025,41.5933],[-111.5932,41.5952],[-111.5841,41.5937],[-111.5783,41.5982],[-111.5735,41.5973],[-111.5698,41.5989],[-111.5694,41.6043],[-111.5708,41.6049],[-111.5724,41.6099],[-111.5679,41.6134],[-111.5652,41.6219],[-111.5622,41.624],[-111.5632,41.6255],[-111.5661,41.6259],[-111.5683,41.6241],[-111.5742,41.6226],[-111.5763,41.618],[-111.5823,41.6137],[-111.5836,41.609],[-111.5888,41.6042],[-111.5903,41.6093],[-111.5928,41.611],[-111.5943,41.6139],[-111.6011,41.6138],[-111.6097,41.6173],[-111.6088,41.6199],[-111.6006,41.6233],[-111.5982,41.6262],[-111.6,41.6299],[-111.5964,41.6331],[-111.5996,41.6434]]]}},{"type":"Feature","properties":{"huc12":"160102030209","name":"Millville Canyon-Blacksmith Fork"},"geometry":{"type":"Polygon","coordinates":[[[-111.7528,41.6742],[-111.7735,41.674],[-111.7774,41.679],[-111.7897,41.6857],[-111.7921,41.69],[-111.7995,41.6929],[-111.804,41.6965],[-111.8209,41.6962],[-111.8345,41.6994],[-111.8374,41.7028],[-111.8424,41.7049],[-111.8532,41.7048],[-111.8522,41.6819],[-111.8373,41.6614],[-111.8282,41.6554],[-111.829,41.6457],[-111.8259,41.6391],[-111.8149,41.634],[-111.8055,41.6256],[-111.8001,41.6234],[-111.7975,41.6198],[-111.7879,41.6144],[-111.7831,41.6094],[-111.772,41.6057],[-111.7661,41.6052],[-111.7623,41.6008],[-111.7576,41.6007],[-111.7433,41.6051],[-111.7367,41.6028],[-111.7327,41.6032],[-111.7239,41.6006],[-111.724,41.5973],[-111.7202,41.5942],[-111.7142,41.593],[-111.7098,41.5951],[-111.7045,41.5949],[-111.6981,41.599],[-111.6942,41.6022],[-111.6932,41.6058],[-111.6889,41.6089],[-111.6886,41.613],[-111.6993,41.6172],[-111.7066,41.6225],[-111.7065,41.6282],[-111.709,41.6321],[-111.7132,41.634],[-111.7143,41.6359],[-111.7223,41.6395],[-111.7268,41.6393],[-111.7347,41.6354],[-111.7416,41.6343],[-111.7545,41.6372],[-111.7516,41.6384],[-111.7456,41.6463],[-111.7416,41.6467],[-111.7395,41.649],[-111.744,41.653],[-111.7462,41.6577],[-111.7411,41.664],[-111.7528,41.6742]]]}},{"type":"Feature","properties":{"huc12":"160102030303","name":"Temple Fork"},"geometry":{"type":"Polygon","coordinates":[[[-111.5078,41.8525],[-111.5121,41.8552],[-111.5342,41.8522],[-111.5374,41.8563],[-111.5516,41.8542],[-111.5598,41.8547],[-111.5612,41.8536],[-111.5615,41.851],[-111.5664,41.8494],[-111.5731,41.8492],[-111.5742,41.843],[-111.578,41.8374],[-111.5914,41.8354],[-111.5924,41.8336],[-111.5907,41.8318],[-111.5937,41.8282],[-111.5922,41.8259],[-111.5927,41.8227],[-111.5895,41.8211],[-111.5881,41.818],[-111.5824,41.8162],[-111.5772,41.8116],[-111.575,41.8063],[-111.5788,41.8003],[-111.5768,41.7968],[-111.5708,41.8016],[-111.5681,41.8015],[-111.5649,41.8008],[-111.5544,41.794],[-111.5476,41.7916],[-111.5408,41.7931],[-111.5343,41.7919],[-111.5334,41.7898],[-111.528,41.7881],[-111.5237,41.7837],[-111.5168,41.7846],[-111.5122,41.7899],[-111.5138,41.7963],[-111.5111,41.8019],[-111.5121,41.8051],[-111.5077,41.8063],[-111.5055,41.8085],[-111.503,41.8152],[-111.4987,41.8164],[-111.4978,41.8182],[-111.5031,41.8247],[-111.5085,41.8277],[-111.5141,41.8347],[-111.5164,41.8354],[-111.5064,41.8431],[-111.5028,41.8441],[-111.5012,41.8465],[-111.5015,41.8498],[-111.5078,41.8525]]]}},{"type":"Feature","properties":{"huc12":"160102030305","name":"Right Fork Logan Canyon"},"geometry":{"type":"Polygon","coordinates":[[[-111.5768,41.7968],[-111.5781,41.7955],[-111.587,41.7987],[-111.591,41.7974],[-111.592,41.7986],[-111.5977,41.7988],[-111.6002,41.8001],[-111.6056,41.7994],[-111.6065,41.8014],[-111.6044,41.8035],[-111.6055,41.8068],[-111.6102,41.8088],[-111.612,41.8077],[-111.6132,41.8045],[-111.6223,41.8035],[-111.6262,41.7965],[-111.6342,41.7936],[-111.6329,41.7864],[-111.6415,41.7813],[-111.6373,41.7726],[-111.6392,41.7688],[-111.6391,41.7655],[-111.6363,41.7572],[-111.6363,41.7536],[-111.6305,41.7511],[-111.6268,41.7452],[-111.6277,41.7387],[-111.6308,41.736],[-111.6396,41.7338],[-111.6397,41.732],[-111.6364,41.7307],[-111.6362,41.7277],[-111.6287,41.725],[-111.6015,41.7291],[-111.5965,41.7279],[-111.596,41.7255],[-111.5918,41.7234],[-111.5798,41.7253],[-111.5768,41.7362],[-111.5658,41.7379],[-111.5641,41.7406],[-111.5622,41.741],[-111.5616,41.7436],[-111.5565,41.747],[-111.5545,41.7472],[-111.5518,41.7446],[-111.5455,41.7421],[-111.5374,41.7425],[-111.5335,41.7498],[-111.5261,41.7537],[-111.5217,41.7616],[-111.5227,41.7641],[-111.5205,41.7651],[-111.5204,41.7682],[-111.5185,41.7705],[-111.5155,41.7854],[-111.5237,41.7837],[-111.528,41.7881],[-111.5334,41.7898],[-111.5343,41.7919],[-111.5408,41.7931],[-111.5476,41.7916],[-111.5544,41.794],[-111.5649,41.8008],[-111.5681,41.8015],[-111.5708,41.8016],[-111.5768,41.7968]]]}},{"type":"Feature","properties":{"huc12":"160102030306","name":"Cottonwood Canyon-Logan River"},"geometry":{"type":"Polygon","coordinates":[[[-111.5924,41.8336],[-111.5968,41.8357],[-111.6064,41.845],[-111.6081,41.8503],[-111.617,41.8539],[-111.6187,41.8568],[-111.6182,41.8588],[-111.636,41.8712],[-111.6371,41.8773],[-111.6411,41.8806],[-111.6427,41.8838],[-111.6644,41.8921],[-111.6687,41.896],[-111.6829,41.8784],[-111.6837,41.8713],[-111.6874,41.8614],[-111.6866,41.8555],[-111.6881,41.8531],[-111.6921,41.8524],[-111.6931,41.8501],[-111.6923,41.8476],[-111.6957,41.8435],[-111.6848,41.8382],[-111.6839,41.8349],[-111.685,41.8297],[-111.6812,41.825],[-111.6851,41.8181],[-111.6858,41.8041],[-111.69,41.8002],[-111.6938,41.7923],[-111.6916,41.7877],[-111.6807,41.7824],[-111.6737,41.7846],[-111.6583,41.786],[-111.6538,41.7879],[-111.6415,41.7813],[-111.6329,41.7864],[-111.6341,41.7937],[-111.6262,41.7965],[-111.6223,41.8035],[-111.6132,41.8045],[-111.612,41.8077],[-111.6102,41.8088],[-111.6055,41.8068],[-111.6044,41.8035],[-111.6065,41.8014],[-111.6056,41.7994],[-111.6002,41.8001],[-111.5977,41.7988],[-111.592,41.7986],[-111.591,41.7974],[-111.587,41.7987],[-111.5778,41.7956],[-111.5769,41.7968],[-111.5788,41.8004],[-111.575,41.8064],[-111.5774,41.8118],[-111.5824,41.8162],[-111.5881,41.818],[-111.5895,41.8211],[-111.5925,41.8225],[-111.5922,41.8259],[-111.5936,41.8285],[-111.5906,41.8323],[-111.5924,41.8336]]]}},{"type":"Feature","properties":{"huc12":"160102030307","name":"Card Canyon-Logan River"},"geometry":{"type":"Polygon","coordinates":[[[-111.6415,41.7813],[-111.6538,41.7879],[-111.6583,41.786],[-111.6737,41.7846],[-111.6807,41.7824],[-111.6916,41.7877],[-111.694,41.7931],[-111.6969,41.7929],[-111.7077,41.7879],[-111.712,41.7825],[-111.7137,41.7772],[-111.7188,41.774],[-111.7282,41.7639],[-111.7303,41.7634],[-111.7361,41.7652],[-111.7502,41.7637],[-111.7551,41.7607],[-111.7603,41.7599],[-111.7653,41.7549],[-111.771,41.7536],[-111.7727,41.7501],[-111.7743,41.7494],[-111.7957,41.7452],[-111.793,41.743],[-111.7925,41.7412],[-111.7664,41.7312],[-111.7601,41.7303],[-111.7557,41.7324],[-111.7359,41.7257],[-111.7271,41.7187],[-111.7248,41.7188],[-111.7189,41.7135],[-111.7172,41.7136],[-111.7147,41.7167],[-111.7057,41.7164],[-111.7024,41.711],[-111.6989,41.71],[-111.692,41.7122],[-111.6911,41.7184],[-111.6865,41.7261],[-111.6678,41.7262],[-111.6658,41.7276],[-111.6581,41.7283],[-111.6485,41.7265],[-111.641,41.7305],[-111.639,41.7345],[-111.6308,41.736],[-111.6275,41.7388],[-111.6274,41.7469],[-111.6309,41.7514],[-111.6363,41.7536],[-111.6363,41.7572],[-111.6392,41.7657],[-111.6392,41.7688],[-111.6373,41.7726],[-111.6415,41.7813]]]}},{"type":"Feature","properties":{"huc12":"160101010401","name":"Upper Saleratus Creek"},"geometry":{"type":"Polygon","coordinates":[[[-111.1755,41.3625],[-111.1785,41.362],[-111.1805,41.3655],[-111.1804,41.3699],[-111.1846,41.3706],[-111.189,41.3767],[-111.1959,41.3793],[-111.2171,41.3784],[-111.2265,41.3762],[-111.2433,41.3755],[-111.247,41.3742],[-111.256,41.3752],[-111.2574,41.3769],[-111.2605,41.3773],[-111.2749,41.374],[-111.2814,41.3743],[-111.2858,41.3712],[-111.2942,41.3702],[-111.2967,41.3676],[-111.3025,41.368],[-111.3143,41.3649],[-111.3176,41.3654],[-111.3221,41.3687],[-111.3244,41.369],[-111.3244,41.3675],[-111.3281,41.3651],[-111.3326,41.3651],[-111.3464,41.3612],[-111.3466,41.3592],[-111.3417,41.3574],[-111.3399,41.3552],[-111.3319,41.3575],[-111.3272,41.3532],[-111.3272,41.3454],[-111.3187,41.3438],[-111.3152,41.3399],[-111.3054,41.3336],[-111.2953,41.3304],[-111.2936,41.3203],[-111.2969,41.3184],[-111.2947,41.316],[-111.2947,41.313],[-111.2925,41.3094],[-111.2897,41.3084],[-111.2843,41.3093],[-111.2841,41.3078],[-111.2861,41.3051],[-111.2747,41.3016],[-111.2744,41.2995],[-111.2623,41.297],[-111.2597,41.2931],[-111.2595,41.2907],[-111.2632,41.2857],[-111.2695,41.2835],[-111.2774,41.2771],[-111.2762,41.2702],[-111.2739,41.2652],[-111.2809,41.2614],[-111.2767,41.257],[-111.2775,41.2554],[-111.2765,41.2535],[-111.2783,41.2517],[-111.2771,41.2497],[-111.2772,41.2448],[-111.2709,41.2406],[-111.2694,41.2373],[-111.281,41.2306],[-111.283,41.2282],[-111.2817,41.2252],[-111.2543,41.2292],[-111.2455,41.2339],[-111.2433,41.2379],[-111.2384,41.2384],[-111.2337,41.2411],[-111.2297,41.2471],[-111.2265,41.2484],[-111.2249,41.251],[-111.2209,41.2536],[-111.2105,41.2561],[-111.2099,41.2585],[-111.2077,41.2599],[-111.2089,41.2631],[-111.2068,41.2656],[-111.2015,41.2683],[-111.2014,41.2751],[-111.2038,41.2764],[-111.2122,41.2761],[-111.2183,41.2744],[-111.2238,41.2779],[-111.2203,41.2792],[-111.2171,41.2846],[-111.2081,41.289],[-111.1987,41.2887],[-111.1939,41.2939],[-111.1849,41.2998],[-111.1846,41.3019],[-111.1823,41.304],[-111.1818,41.3076],[-111.1866,41.3094],[-111.1875,41.3112],[-111.1825,41.3168],[-111.1808,41.3171],[-111.1809,41.3185],[-111.1821,41.319],[-111.1844,41.3262],[-111.1882,41.3319],[-111.1899,41.3418],[-111.1911,41.3437],[-111.1933,41.3441],[-111.1924,41.3464],[-111.1934,41.3485],[-111.1919,41.3537],[-111.1767,41.3586],[-111.1744,41.3615],[-111.1755,41.3625]]]}},{"type":"Feature","properties":{"huc12":"160101010402","name":"Middle Saleratus Creek"},"geometry":{"type":"Polygon","coordinates":[[[-111.1409,41.4322],[-111.1484,41.4314],[-111.1465,41.4355],[-111.1469,41.4393],[-111.1482,41.4402],[-111.151,41.4404],[-111.1581,41.4351],[-111.1617,41.4347],[-111.1733,41.4401],[-111.1846,41.4406],[-111.1904,41.4424],[-111.1939,41.4448],[-111.2026,41.4554],[-111.2141,41.4565],[-111.2193,41.461],[-111.2242,41.4627],[-111.2263,41.4614],[-111.2307,41.4635],[-111.2377,41.4622],[-111.2421,41.4627],[-111.2415,41.4596],[-111.2442,41.4569],[-111.2476,41.4556],[-111.2558,41.4564],[-111.2597,41.4543],[-111.2604,41.4519],[-111.2683,41.4518],[-111.2694,41.4505],[-111.2789,41.4489],[-111.2867,41.4491],[-111.2883,41.4477],[-111.2984,41.4482],[-111.303,41.4444],[-111.3083,41.4426],[-111.3158,41.4405],[-111.3241,41.44],[-111.3292,41.4354],[-111.336,41.4318],[-111.3388,41.4284],[-111.3442,41.4269],[-111.3513,41.4211],[-111.362,41.416],[-111.3705,41.4041],[-111.3712,41.3999],[-111.378,41.3941],[-111.3784,41.3923],[-111.3752,41.39],[-111.3739,41.3855],[-111.377,41.3806],[-111.3768,41.376],[-111.381,41.3725],[-111.3681,41.3657],[-111.3672,41.3616],[-111.3534,41.3628],[-111.3464,41.3612],[-111.3326,41.3651],[-111.3281,41.3651],[-111.3244,41.3675],[-111.3244,41.369],[-111.3221,41.3687],[-111.3176,41.3654],[-111.3143,41.3649],[-111.3025,41.368],[-111.2967,41.3676],[-111.2942,41.3702],[-111.2858,41.3712],[-111.2814,41.3743],[-111.2749,41.374],[-111.2605,41.3773],[-111.2574,41.3769],[-111.256,41.3752],[-111.247,41.3742],[-111.2433,41.3755],[-111.2265,41.3762],[-111.2171,41.3784],[-111.1947,41.3793],[-111.189,41.3767],[-111.1846,41.3706],[-111.1803,41.3697],[-111.1805,41.3655],[-111.1785,41.362],[-111.1755,41.3625],[-111.1748,41.3641],[-111.1681,41.3656],[-111.169,41.3685],[-111.168,41.3709],[-111.1694,41.3729],[-111.1675,41.3815],[-111.1692,41.3884],[-111.1678,41.3911],[-111.1683,41.3934],[-111.1661,41.3967],[-111.1598,41.3979],[-111.1531,41.4016],[-111.1478,41.4018],[-111.1457,41.4044],[-111.1415,41.4023],[-111.1332,41.4056],[-111.1343,41.408],[-111.136,41.4087],[-111.1343,41.4142],[-111.1358,41.421],[-111.1427,41.4213],[-111.1431,41.4238],[-111.1409,41.4322]]]}},{"type":"Feature","properties":{"huc12":"160101010701","name":"Upper Big Creek"},"geometry":{"type":"Polygon","coordinates":[[[-111.2839,41.572],[-111.2896,41.5753],[-111.283,41.5839],[-111.2834,41.5868],[-111.2882,41.5886],[-111.2888,41.5911],[-111.2935,41.591],[-111.2995,41.593],[-111.3006,41.5952],[-111.3046,41.5975],[-111.3059,41.6017],[-111.3018,41.6042],[-111.2999,41.6087],[-111.3007,41.6111],[-111.3051,41.6153],[-111.3117,41.6155],[-111.3127,41.621],[-111.3207,41.6279],[-111.3371,41.6284],[-111.3493,41.6265],[-111.355,41.6293],[-111.3844,41.6254],[-111.3948,41.6273],[-111.4012,41.6247],[-111.4107,41.6273],[-111.4174,41.6225],[-111.4227,41.6241],[-111.4286,41.6205],[-111.4298,41.6184],[-111.4266,41.6106],[-111.428,41.6058],[-111.4268,41.5993],[-111.428,41.5955],[-111.4272,41.5927],[-111.4292,41.5901],[-111.4269,41.5859],[-111.4272,41.5814],[-111.4276,41.5787],[-111.4298,41.5777],[-111.4306,41.5758],[-111.4306,41.5687],[-111.4294,41.567],[-111.4316,41.5627],[-111.4306,41.561],[-111.4322,41.5594],[-111.4336,41.5528],[-111.4357,41.5509],[-111.4421,41.549],[-111.4426,41.5461],[-111.4451,41.5444],[-111.4452,41.5421],[-111.4436,41.5408],[-111.4418,41.5353],[-111.4437,41.5286],[-111.4353,41.5243],[-111.4303,41.5231],[-111.4267,41.5238],[-111.4168,41.5192],[-111.4109,41.5186],[-111.4031,41.5223],[-111.3965,41.5275],[-111.3912,41.5296],[-111.3883,41.5328],[-111.3827,41.5326],[-111.3806,41.5359],[-111.3546,41.5395],[-111.342,41.5386],[-111.3383,41.5404],[-111.3289,41.5418],[-111.3229,41.5451],[-111.3081,41.546],[-111.2965,41.5495],[-111.2915,41.5597],[-111.2892,41.5618],[-111.289,41.5654],[-111.2849,41.5681],[-111.2839,41.572]]]}},{"type":"Feature","properties":{"huc12":"160101010702","name":"Lower Big Creek"},"geometry":{"type":"Polygon","coordinates":[[[-111.1542,41.6557],[-111.1655,41.6549],[-111.1681,41.6534],[-111.1798,41.6531],[-111.185,41.6556],[-111.188,41.6613],[-111.202,41.6685],[-111.2123,41.67],[-111.2265,41.6676],[-111.2315,41.6644],[-111.2413,41.6622],[-111.2454,41.6585],[-111.2572,41.6575],[-111.2591,41.6553],[-111.2588,41.6502],[-111.2616,41.6421],[-111.2684,41.6419],[-111.2794,41.637],[-111.2872,41.6357],[-111.3003,41.6387],[-111.3072,41.6365],[-111.3141,41.636],[-111.3522,41.6369],[-111.3602,41.6351],[-111.3635,41.6367],[-111.3739,41.6327],[-111.3841,41.6336],[-111.3887,41.6323],[-111.3929,41.6335],[-111.3958,41.6316],[-111.4071,41.6325],[-111.4119,41.6317],[-111.4123,41.6305],[-111.4107,41.6273],[-111.4019,41.6247],[-111.3948,41.6273],[-111.3844,41.6254],[-111.355,41.6293],[-111.3493,41.6265],[-111.3371,41.6284],[-111.3207,41.6279],[-111.3127,41.621],[-111.3117,41.6155],[-111.3051,41.6153],[-111.3007,41.6111],[-111.2999,41.6087],[-111.3018,41.6042],[-111.3059,41.6017],[-111.3046,41.5975],[-111.3006,41.5952],[-111.2995,41.593],[-111.2935,41.591],[-111.2888,41.5911],[-111.2882,41.5886],[-111.2834,41.5868],[-111.283,41.5839],[-111.2896,41.5753],[-111.2827,41.5719],[-111.273,41.5732],[-111.2683,41.5758],[-111.2474,41.5799],[-111.2442,41.5849],[-111.2405,41.5842],[-111.2405,41.5827],[-111.2387,41.5815],[-111.233,41.5838],[-111.2306,41.5886],[-111.2261,41.5913],[-111.2277,41.592],[-111.2271,41.594],[-111.2298,41.6001],[-111.2173,41.6034],[-111.2147,41.6071],[-111.2041,41.6124],[-111.2012,41.6156],[-111.2008,41.6172],[-111.2022,41.6187],[-111.2014,41.6228],[-111.2026,41.6242],[-111.1975,41.6284],[-111.1965,41.6359],[-111.1931,41.64],[-111.1885,41.6419],[-111.1863,41.645],[-111.1598,41.6486],[-111.1472,41.6518],[-111.1542,41.6557]]]}},{"type":"Feature","properties":{"huc12":"160101010704","name":"Little Creek"},"geometry":{"type":"Polygon","coordinates":[[[-111.2026,41.6917],[-111.2109,41.69],[-111.2196,41.6933],[-111.2241,41.6901],[-111.2274,41.6901],[-111.2321,41.6925],[-111.2361,41.6921],[-111.238,41.695],[-111.2431,41.6944],[-111.2463,41.6956],[-111.2545,41.6936],[-111.2692,41.6925],[-111.2793,41.694],[-111.2874,41.6967],[-111.2892,41.695],[-111.2959,41.6954],[-111.3071,41.6924],[-111.3264,41.6897],[-111.3286,41.6917],[-111.3282,41.6974],[-111.3304,41.701],[-111.3392,41.7008],[-111.3469,41.695],[-111.3469,41.6905],[-111.3521,41.6852],[-111.3576,41.685],[-111.3672,41.6884],[-111.3708,41.6834],[-111.3744,41.6857],[-111.377,41.6839],[-111.3811,41.6855],[-111.3913,41.6796],[-111.4114,41.6777],[-111.4129,41.679],[-111.4142,41.6784],[-111.4154,41.6763],[-111.4143,41.6749],[-111.4144,41.6672],[-111.4124,41.666],[-111.4061,41.666],[-111.4068,41.6631],[-111.4023,41.6595],[-111.4017,41.6544],[-111.4037,41.6516],[-111.4083,41.6493],[-111.4089,41.6447],[-111.4166,41.639],[-111.4119,41.6317],[-111.4064,41.6325],[-111.3958,41.6316],[-111.3929,41.6335],[-111.3887,41.6323],[-111.3841,41.6336],[-111.3739,41.6327],[-111.3635,41.6367],[-111.3602,41.6351],[-111.3522,41.6369],[-111.3112,41.6361],[-111.3003,41.6387],[-111.2865,41.6357],[-111.2794,41.637],[-111.2681,41.642],[-111.2616,41.6421],[-111.2588,41.6502],[-111.2591,41.6553],[-111.2577,41.6572],[-111.2454,41.6585],[-111.2413,41.6622],[-111.2315,41.6644],[-111.2258,41.6677],[-111.2123,41.67],[-111.202,41.6685],[-111.188,41.6613],[-111.185,41.6556],[-111.179,41.653],[-111.1549,41.6553],[-111.1474,41.6612],[-111.1357,41.6639],[-111.1658,41.6719],[-111.1816,41.6705],[-111.1971,41.6752],[-111.2055,41.6812],[-111.21,41.6824],[-111.2021,41.689],[-111.2026,41.6917]]]}},{"type":"Feature","properties":{"huc12":"160101010705","name":"Otter Creek"},"geometry":{"type":"Polygon","coordinates":[[[-111.2459,41.7502],[-111.2525,41.7533],[-111.2572,41.7611],[-111.2623,41.7643],[-111.2699,41.761],[-111.2894,41.7579],[-111.2955,41.7537],[-111.3131,41.7507],[-111.3201,41.7526],[-111.3254,41.7515],[-111.3299,41.7441],[-111.3301,41.7418],[-111.332,41.7413],[-111.3344,41.7353],[-111.3367,41.7346],[-111.3394,41.7285],[-111.3421,41.7272],[-111.3477,41.7281],[-111.3579,41.7259],[-111.3628,41.7266],[-111.3732,41.7248],[-111.3853,41.7171],[-111.3841,41.7139],[-111.3817,41.7122],[-111.3826,41.705],[-111.3868,41.7052],[-111.3884,41.7037],[-111.394,41.7029],[-111.4001,41.6951],[-111.4057,41.6936],[-111.4091,41.6886],[-111.4121,41.6882],[-111.4131,41.6864],[-111.4114,41.6799],[-111.4127,41.6782],[-111.3913,41.6796],[-111.3811,41.6855],[-111.377,41.6839],[-111.3744,41.6857],[-111.3708,41.6834],[-111.3672,41.6884],[-111.3576,41.685],[-111.3521,41.6852],[-111.3469,41.6905],[-111.3467,41.6953],[-111.3385,41.701],[-111.3304,41.701],[-111.3282,41.6974],[-111.3286,41.6917],[-111.3264,41.6897],[-111.3071,41.6924],[-111.2959,41.6954],[-111.2892,41.695],[-111.2874,41.6967],[-111.2793,41.694],[-111.2692,41.6925],[-111.2545,41.6936],[-111.2463,41.6956],[-111.2431,41.6944],[-111.238,41.695],[-111.2361,41.6921],[-111.2321,41.6925],[-111.2274,41.6901],[-111.2241,41.6901],[-111.2196,41.6933],[-111.2109,41.69],[-111.2026,41.6917],[-111.2016,41.6946],[-111.1993,41.6948],[-111.1916,41.6992],[-111.1725,41.7043],[-111.1651,41.7077],[-111.1589,41.7129],[-111.1503,41.7132],[-111.1154,41.7222],[-111.1039,41.7323],[-111.0962,41.7336],[-111.0922,41.7357],[-111.0838,41.7521],[-111.0827,41.7578],[-111.0808,41.7588],[-111.08,41.7612],[-111.0828,41.7615],[-111.087,41.7577],[-111.0985,41.7508],[-111.1022,41.7512],[-111.1131,41.7482],[-111.1179,41.7409],[-111.1235,41.7368],[-111.1335,41.7259],[-111.137,41.7244],[-111.1465,41.7239],[-111.1481,41.7227],[-111.1656,41.7262],[-111.1694,41.7274],[-111.1713,41.7295],[-111.18,41.7316],[-111.2013,41.7298],[-111.2016,41.7337],[-111.2144,41.7391],[-111.2203,41.7458],[-111.2382,41.7473],[-111.2459,41.7502]]]}},{"type":"Feature","properties":{"huc12":"160101010602","name":"Upper Woodruff Creek"},"geometry":{"type":"Polygon","coordinates":[[[-111.359,41.4177],[-111.3639,41.4235],[-111.3732,41.4264],[-111.3717,41.4307],[-111.3713,41.4398],[-111.3785,41.4446],[-111.3784,41.4475],[-111.38,41.4494],[-111.3854,41.4468],[-111.3941,41.4459],[-111.4012,41.4407],[-111.4111,41.4408],[-111.4167,41.4376],[-111.4287,41.4371],[-111.4358,41.4336],[-111.4537,41.4331],[-111.4572,41.4355],[-111.468,41.4332],[-111.4772,41.4355],[-111.4924,41.4346],[-111.5006,41.4378],[-111.5047,41.4358],[-111.5069,41.4325],[-111.5069,41.4294],[-111.5108,41.4276],[-111.5107,41.4207],[-111.5065,41.418],[-111.5079,41.4138],[-111.5033,41.4134],[-111.5006,41.4117],[-111.4994,41.4083],[-111.4934,41.4055],[-111.4845,41.4048],[-111.4816,41.4011],[-111.4756,41.4],[-111.4785,41.3906],[-111.4776,41.3843],[-111.4627,41.3795],[-111.4601,41.3739],[-111.4481,41.373],[-111.4457,41.3713],[-111.4464,41.3672],[-111.4372,41.3667],[-111.4329,41.362],[-111.4237,41.3651],[-111.4235,41.3632],[-111.4206,41.3613],[-111.4171,41.3624],[-111.4046,41.3622],[-111.404,41.3688],[-111.4007,41.3696],[-111.3967,41.373],[-111.3841,41.3739],[-111.381,41.3725],[-111.3779,41.3747],[-111.3764,41.3776],[-111.377,41.3806],[-111.3739,41.3855],[-111.3752,41.39],[-111.3784,41.3923],[-111.378,41.3941],[-111.3726,41.3982],[-111.3705,41.4041],[-111.3649,41.4126],[-111.359,41.4177]]]}},{"type":"Feature","properties":{"huc12":"160102030308","name":"Little Logan River-Logan River"},"geometry":{"type":"Polygon","coordinates":[[[-111.8874,41.7439],[-111.896,41.7433],[-111.9149,41.7465],[-111.9285,41.7441],[-111.9301,41.7418],[-111.9355,41.7431],[-111.9395,41.7417],[-111.9451,41.7439],[-111.9462,41.7424],[-111.9363,41.7369],[-111.9276,41.736],[-111.9177,41.729],[-111.9144,41.7231],[-111.9074,41.7187],[-111.8967,41.7146],[-111.8859,41.7132],[-111.8752,41.7065],[-111.8634,41.7011],[-111.8526,41.692],[-111.8532,41.7048],[-111.8519,41.7054],[-111.8424,41.7049],[-111.8374,41.7028],[-111.8345,41.6994],[-111.8209,41.6962],[-111.804,41.6965],[-111.7995,41.6929],[-111.7921,41.69],[-111.7895,41.6855],[-111.7774,41.679],[-111.7759,41.6758],[-111.773,41.6738],[-111.7529,41.6742],[-111.752,41.6769],[-111.7432,41.6782],[-111.7393,41.6805],[-111.7323,41.6781],[-111.7126,41.6765],[-111.7102,41.6739],[-111.7032,41.6731],[-111.7045,41.6766],[-111.6984,41.6823],[-111.696,41.6885],[-111.6942,41.6961],[-111.6944,41.7053],[-111.692,41.7122],[-111.7007,41.71],[-111.7061,41.7164],[-111.7147,41.7167],[-111.7172,41.7136],[-111.7189,41.7135],[-111.7248,41.7188],[-111.7271,41.7187],[-111.7359,41.7257],[-111.7557,41.7324],[-111.7601,41.7303],[-111.7664,41.7312],[-111.7925,41.7412],[-111.793,41.743],[-111.7957,41.7452],[-111.8075,41.7409],[-111.8153,41.7421],[-111.8176,41.7413],[-111.839,41.7423],[-111.8487,41.7444],[-111.8667,41.7431],[-111.8874,41.7439]]]}},{"type":"Feature","properties":{"huc12":"160102030401","name":"Wellsville Canyon"},"geometry":{"type":"Polygon","coordinates":[[[-111.9118,41.5935],[-111.9111,41.5998],[-111.9146,41.6089],[-111.9114,41.618],[-111.9114,41.6223],[-111.9199,41.6324],[-111.9235,41.6426],[-111.9235,41.6475],[-111.9284,41.6474],[-111.9336,41.6492],[-111.9492,41.6472],[-111.9659,41.6424],[-111.9665,41.6388],[-111.9704,41.6369],[-111.9741,41.6335],[-111.9739,41.6323],[-111.9798,41.6285],[-111.986,41.6274],[-111.9923,41.6288],[-112.0013,41.6276],[-112.0046,41.6294],[-112.0072,41.6273],[-112.0063,41.6147],[-112.0033,41.6122],[-112.0043,41.6065],[-112.0078,41.6006],[-112.0063,41.5975],[-112.0068,41.5919],[-112,41.5789],[-111.999,41.5718],[-111.9941,41.5661],[-111.9946,41.5627],[-111.9966,41.5611],[-111.9967,41.5578],[-111.9928,41.5549],[-111.9919,41.5499],[-111.9895,41.5477],[-111.9883,41.5439],[-111.9821,41.534],[-111.9777,41.5356],[-111.977,41.54],[-111.9731,41.5436],[-111.9625,41.5435],[-111.9553,41.5498],[-111.9464,41.553],[-111.9532,41.562],[-111.9513,41.5656],[-111.9539,41.5702],[-111.9523,41.5746],[-111.9468,41.5765],[-111.938,41.576],[-111.9272,41.5789],[-111.9243,41.5829],[-111.9176,41.5874],[-111.9118,41.5935]]]}},{"type":"Feature","properties":{"huc12":"160102030403","name":"Deep Canyon-Little Bear River"},"geometry":{"type":"Polygon","coordinates":[[[-111.9244,41.7452],[-111.9391,41.7511],[-111.949,41.7531],[-111.9531,41.7504],[-111.9779,41.7495],[-111.9859,41.7471],[-112.0006,41.7467],[-112.0031,41.7449],[-112.0256,41.7425],[-112.0258,41.7389],[-112.0391,41.7236],[-112.0383,41.7198],[-112.04,41.7173],[-112.0397,41.7152],[-112.0427,41.7123],[-112.0428,41.7105],[-112.0504,41.706],[-112.0518,41.6998],[-112.0492,41.6967],[-112.0494,41.6948],[-112.0474,41.693],[-112.0466,41.6887],[-112.045,41.6869],[-112.0364,41.6827],[-112.0309,41.6818],[-112.0275,41.6745],[-112.0275,41.6718],[-112.0189,41.6637],[-112.016,41.6587],[-112.0127,41.648],[-112.0155,41.6415],[-112.0131,41.6357],[-112.0078,41.6333],[-112.0015,41.6276],[-111.9923,41.6288],[-111.986,41.6274],[-111.9796,41.6286],[-111.9737,41.6325],[-111.9741,41.6335],[-111.9704,41.6369],[-111.9665,41.6388],[-111.9659,41.6424],[-111.9515,41.6466],[-111.9349,41.6491],[-111.9284,41.6474],[-111.9235,41.6475],[-111.9235,41.6426],[-111.9199,41.6324],[-111.9114,41.6223],[-111.9114,41.618],[-111.9146,41.6089],[-111.9111,41.5998],[-111.9118,41.5935],[-111.9006,41.6016],[-111.9009,41.6081],[-111.8998,41.61],[-111.8771,41.6169],[-111.8745,41.6193],[-111.8734,41.6249],[-111.8718,41.6267],[-111.8667,41.6276],[-111.8667,41.6285],[-111.8708,41.6306],[-111.8675,41.6353],[-111.8684,41.6378],[-111.8773,41.6409],[-111.888,41.6425],[-111.8922,41.6468],[-111.8956,41.6524],[-111.8972,41.6605],[-111.9051,41.6692],[-111.904,41.6714],[-111.9056,41.6744],[-111.9196,41.6743],[-111.9215,41.6786],[-111.9211,41.6828],[-111.9254,41.6887],[-111.9248,41.6916],[-111.9198,41.6942],[-111.9219,41.7068],[-111.9311,41.7115],[-111.9373,41.7116],[-111.9386,41.7149],[-111.9453,41.7205],[-111.9475,41.7241],[-111.9462,41.7263],[-111.9389,41.7275],[-111.9272,41.7261],[-111.9124,41.7218],[-111.9144,41.7231],[-111.9177,41.729],[-111.926,41.7352],[-111.9302,41.737],[-111.9363,41.7369],[-111.9462,41.7424],[-111.9451,41.7439],[-111.9395,41.7417],[-111.9355,41.7431],[-111.9301,41.7418],[-111.9288,41.7439],[-111.9244,41.7452]]]}},{"type":"Feature","properties":{"huc12":"160102030404","name":"Blue Spring Creek"},"geometry":{"type":"Polygon","coordinates":[[[-111.7603,41.7599],[-111.7662,41.7622],[-111.7726,41.7687],[-111.78,41.7682],[-111.7999,41.7702],[-111.8178,41.7745],[-111.8293,41.7753],[-111.8378,41.7777],[-111.8476,41.778],[-111.8489,41.7786],[-111.8495,41.7829],[-111.8523,41.7851],[-111.8732,41.7903],[-111.8853,41.7895],[-111.8916,41.7855],[-111.8974,41.785],[-111.9037,41.7863],[-111.9231,41.7849],[-111.9258,41.7873],[-111.9292,41.7881],[-111.935,41.7832],[-111.9377,41.7745],[-111.9369,41.7702],[-111.9376,41.7649],[-111.932,41.7641],[-111.9232,41.7551],[-111.9193,41.7547],[-111.9121,41.7566],[-111.8998,41.7552],[-111.8922,41.7513],[-111.8874,41.7439],[-111.8667,41.7431],[-111.8487,41.7444],[-111.839,41.7423],[-111.8176,41.7413],[-111.8153,41.7421],[-111.807,41.741],[-111.8026,41.7434],[-111.7878,41.7475],[-111.7743,41.7494],[-111.7727,41.7501],[-111.7713,41.7534],[-111.7649,41.7551],[-111.7603,41.7599]]]}},{"type":"Feature","properties":{"huc12":"160102040306","name":"Water Canyon-Malad River"},"geometry":{"type":"Polygon","coordinates":[[[-112.0678,41.8815],[-112.075,41.8882],[-112.0756,41.8907],[-112.0793,41.8941],[-112.0792,41.8959],[-112.0856,41.9033],[-112.1048,41.9107],[-112.1089,41.9165],[-112.1149,41.9194],[-112.1222,41.9287],[-112.1272,41.9243],[-112.127,41.9226],[-112.1303,41.9207],[-112.1317,41.9161],[-112.1303,41.9154],[-112.1301,41.9126],[-112.1329,41.9081],[-112.1388,41.9058],[-112.1664,41.8844],[-112.168,41.8702],[-112.1733,41.8658],[-112.1764,41.8641],[-112.1835,41.8633],[-112.191,41.8592],[-112.2097,41.8588],[-112.2135,41.8565],[-112.2166,41.8567],[-112.219,41.8546],[-112.2326,41.854],[-112.2464,41.8649],[-112.2506,41.8613],[-112.2583,41.8591],[-112.2579,41.856],[-112.2599,41.8552],[-112.261,41.8524],[-112.26,41.8469],[-112.2615,41.8457],[-112.2602,41.8434],[-112.2509,41.8409],[-112.2455,41.8427],[-112.2378,41.8427],[-112.2339,41.8455],[-112.2299,41.8448],[-112.2223,41.8408],[-112.215,41.8395],[-112.2103,41.8409],[-112.2063,41.8395],[-112.1913,41.8418],[-112.1819,41.8468],[-112.1608,41.8399],[-112.1579,41.8338],[-112.1501,41.8303],[-112.1477,41.8221],[-112.1451,41.8179],[-112.1445,41.8036],[-112.1457,41.7984],[-112.1487,41.7946],[-112.1477,41.7892],[-112.1408,41.7832],[-112.1331,41.7835],[-112.1196,41.7863],[-112.1196,41.7895],[-112.112,41.7984],[-112.1087,41.8059],[-112.1035,41.8092],[-112.0975,41.8117],[-112.0891,41.8118],[-112.0835,41.8149],[-112.0842,41.8201],[-112.0816,41.8288],[-112.0728,41.8368],[-112.0713,41.8404],[-112.0625,41.8499],[-112.0645,41.8582],[-112.0707,41.8603],[-112.0737,41.8629],[-112.0723,41.8645],[-112.0657,41.8657],[-112.064,41.8674],[-112.0639,41.8754],[-112.0678,41.8815]]]}},{"type":"Feature","properties":{"huc12":"160102040307","name":"Outlet Malad River"},"geometry":{"type":"Polygon","coordinates":[[[-112.1196,41.7863],[-112.138,41.7828],[-112.1408,41.7832],[-112.1456,41.7865],[-112.1477,41.7892],[-112.1487,41.7944],[-112.1447,41.8015],[-112.145,41.8174],[-112.1501,41.8303],[-112.1579,41.8338],[-112.1608,41.8399],[-112.1813,41.8466],[-112.1833,41.8466],[-112.1913,41.8418],[-112.2063,41.8395],[-112.2103,41.8409],[-112.215,41.8395],[-112.2223,41.8408],[-112.2299,41.8448],[-112.2339,41.8455],[-112.2378,41.8427],[-112.2455,41.8427],[-112.25,41.8408],[-112.2602,41.8434],[-112.2616,41.8389],[-112.2662,41.8393],[-112.2674,41.8344],[-112.2728,41.836],[-112.2775,41.8338],[-112.2771,41.8292],[-112.2788,41.827],[-112.2771,41.8237],[-112.2785,41.819],[-112.274,41.8117],[-112.276,41.8079],[-112.271,41.8078],[-112.2685,41.8064],[-112.2624,41.8076],[-112.2513,41.8058],[-112.2481,41.8016],[-112.242,41.7976],[-112.2413,41.7935],[-112.2363,41.7926],[-112.2362,41.7901],[-112.2328,41.7855],[-112.2356,41.7799],[-112.234,41.7752],[-112.2348,41.7716],[-112.2313,41.7689],[-112.2303,41.7592],[-112.2261,41.7583],[-112.2272,41.7537],[-112.2239,41.7521],[-112.2202,41.7523],[-112.2069,41.7473],[-112.1968,41.7477],[-112.1825,41.7423],[-112.1736,41.7343],[-112.1686,41.7265],[-112.169,41.7203],[-112.1714,41.7127],[-112.17,41.7054],[-112.1658,41.7012],[-112.1646,41.6906],[-112.162,41.6831],[-112.1667,41.6798],[-112.1677,41.6738],[-112.1627,41.6605],[-112.1668,41.6528],[-112.1773,41.6489],[-112.1806,41.6321],[-112.176,41.6181],[-112.1782,41.6117],[-112.1745,41.608],[-112.1738,41.6027],[-112.1713,41.6018],[-112.1719,41.5956],[-112.1287,41.5912],[-112.1184,41.5854],[-112.1158,41.5904],[-112.1253,41.5991],[-112.1242,41.6058],[-112.129,41.615],[-112.1278,41.6187],[-112.1233,41.6237],[-112.1227,41.6279],[-112.1296,41.6351],[-112.1287,41.6423],[-112.1308,41.6553],[-112.1249,41.6636],[-112.1244,41.6667],[-112.1307,41.6709],[-112.1365,41.6779],[-112.1437,41.6966],[-112.137,41.72],[-112.1434,41.7256],[-112.1433,41.7363],[-112.1346,41.7433],[-112.1285,41.7554],[-112.126,41.7582],[-112.1251,41.7638],[-112.1259,41.7693],[-112.123,41.7748],[-112.1194,41.7781],[-112.1196,41.7863]]]}},{"type":"Feature","properties":{"huc12":"160102040501","name":"Willow Creek-Bear River"},"geometry":{"type":"Polygon","coordinates":[[[-112.0141,41.7809],[-112.0104,41.7879],[-112.0087,41.795],[-112.0177,41.8042],[-112.0297,41.808],[-112.0305,41.8102],[-112.0294,41.8127],[-112.0311,41.8157],[-112.0284,41.8191],[-112.0286,41.8204],[-112.0348,41.8239],[-112.0356,41.8273],[-112.0382,41.8283],[-112.0408,41.8334],[-112.0457,41.8333],[-112.0479,41.8344],[-112.0495,41.8378],[-112.0459,41.8432],[-112.0486,41.8494],[-112.0474,41.8524],[-112.0525,41.862],[-112.0524,41.8656],[-112.0601,41.8685],[-112.0639,41.868],[-112.0657,41.8657],[-112.0732,41.8639],[-112.0736,41.8628],[-112.0707,41.8603],[-112.0645,41.8582],[-112.0628,41.8491],[-112.0713,41.8404],[-112.0723,41.8374],[-112.0762,41.8345],[-112.0768,41.8324],[-112.0816,41.8288],[-112.0842,41.8201],[-112.0832,41.8158],[-112.0839,41.8145],[-112.0891,41.8118],[-112.0993,41.8113],[-112.1087,41.8059],[-112.112,41.7984],[-112.1198,41.7891],[-112.1194,41.7781],[-112.123,41.7748],[-112.1256,41.7701],[-112.126,41.7582],[-112.1285,41.7554],[-112.1346,41.7433],[-112.1433,41.7363],[-112.1434,41.7256],[-112.137,41.72],[-112.1437,41.6966],[-112.1365,41.6779],[-112.1307,41.6709],[-112.1244,41.6667],[-112.1249,41.6636],[-112.1308,41.6553],[-112.1287,41.6423],[-112.1296,41.6351],[-112.1227,41.6279],[-112.1233,41.6237],[-112.1278,41.6187],[-112.129,41.615],[-112.1242,41.6058],[-112.1253,41.5991],[-112.1158,41.5904],[-112.1171,41.5862],[-112.1148,41.5861],[-112.1081,41.5893],[-112.1047,41.5937],[-112.1056,41.597],[-112.1108,41.6012],[-112.1112,41.6031],[-112.1088,41.6152],[-112.109,41.6237],[-112.1043,41.6291],[-112.1037,41.6327],[-112.1012,41.6352],[-112.1112,41.6465],[-112.1106,41.6489],[-112.1072,41.6522],[-112.1058,41.6647],[-112.104,41.669],[-112.0897,41.6702],[-112.0811,41.6663],[-112.0807,41.6646],[-112.0822,41.6635],[-112.0812,41.6626],[-112.0632,41.6627],[-112.0529,41.6633],[-112.0399,41.6689],[-112.0275,41.6718],[-112.0275,41.6745],[-112.031,41.6819],[-112.0366,41.6828],[-112.0464,41.6883],[-112.0474,41.693],[-112.0518,41.6998],[-112.0516,41.7042],[-112.0427,41.7106],[-112.0455,41.7187],[-112.045,41.7274],[-112.0428,41.7324],[-112.044,41.7351],[-112.0373,41.7431],[-112.0366,41.7464],[-112.0335,41.7506],[-112.0314,41.7594],[-112.0336,41.7644],[-112.0324,41.7687],[-112.0266,41.7722],[-112.0263,41.7764],[-112.0204,41.7798],[-112.0141,41.7809]]]}},{"type":"Feature","properties":{"huc12":"160102040401","name":"Blind Springs Canyon"},"geometry":{"type":"Polygon","coordinates":[[[-112.3151,41.9008],[-112.3194,41.9008],[-112.3192,41.899],[-112.3235,41.8951],[-112.3282,41.8969],[-112.3283,41.8992],[-112.3329,41.9031],[-112.3434,41.9051],[-112.3477,41.9043],[-112.3506,41.9012],[-112.357,41.9019],[-112.3609,41.9006],[-112.3647,41.897],[-112.3694,41.8957],[-112.3688,41.8918],[-112.3773,41.8913],[-112.3784,41.8895],[-112.3834,41.8886],[-112.3899,41.893],[-112.3945,41.889],[-112.3966,41.8848],[-112.3954,41.8794],[-112.396,41.8771],[-112.3946,41.8739],[-112.3901,41.8729],[-112.3875,41.8693],[-112.3801,41.8647],[-112.3817,41.8641],[-112.3823,41.8589],[-112.3754,41.8561],[-112.3731,41.8543],[-112.3725,41.851],[-112.3692,41.8505],[-112.3723,41.8468],[-112.3721,41.8449],[-112.3695,41.844],[-112.3663,41.8404],[-112.3624,41.8396],[-112.3583,41.8368],[-112.358,41.829],[-112.3621,41.8275],[-112.3632,41.8247],[-112.356,41.8164],[-112.3564,41.8106],[-112.3596,41.8088],[-112.3588,41.8066],[-112.3605,41.8014],[-112.3575,41.7962],[-112.3583,41.7926],[-112.3536,41.791],[-112.3467,41.7843],[-112.3405,41.7812],[-112.3272,41.7776],[-112.3188,41.7781],[-112.3159,41.7804],[-112.3029,41.7756],[-112.2968,41.7813],[-112.292,41.7832],[-112.2927,41.7869],[-112.2905,41.7909],[-112.2699,41.7932],[-112.2666,41.7946],[-112.2598,41.7934],[-112.2513,41.7959],[-112.2475,41.7928],[-112.2423,41.793],[-112.2411,41.7943],[-112.242,41.7976],[-112.2481,41.8016],[-112.2513,41.8058],[-112.2625,41.8076],[-112.2685,41.8064],[-112.271,41.8078],[-112.2761,41.808],[-112.274,41.8117],[-112.2785,41.819],[-112.2771,41.8237],[-112.2788,41.827],[-112.2771,41.8292],[-112.2775,41.8338],[-112.2728,41.836],[-112.2674,41.8344],[-112.2662,41.8393],[-112.2614,41.839],[-112.2602,41.8434],[-112.2615,41.8458],[-112.26,41.8469],[-112.261,41.8524],[-112.2599,41.8552],[-112.2579,41.856],[-112.2582,41.8589],[-112.2616,41.8589],[-112.2682,41.8561],[-112.2739,41.8577],[-112.2743,41.8606],[-112.2761,41.8619],[-112.2779,41.8673],[-112.2802,41.8691],[-112.2803,41.8715],[-112.2822,41.8737],[-112.2862,41.8753],[-112.2869,41.8781],[-112.2966,41.8868],[-112.3075,41.8856],[-112.3088,41.8872],[-112.3078,41.8897],[-112.31,41.8942],[-112.3151,41.9008]]]}},{"type":"Feature","properties":{"huc12":"160102040305","name":"Johnson Canyon-Malad River"},"geometry":{"type":"Polygon","coordinates":[[[-112.1291,41.9492],[-112.141,41.9462],[-112.1495,41.9381],[-112.164,41.9352],[-112.1778,41.9293],[-112.1979,41.9276],[-112.2037,41.9287],[-112.2189,41.926],[-112.2259,41.9225],[-112.2366,41.9197],[-112.24,41.9172],[-112.241,41.9145],[-112.2492,41.9135],[-112.2508,41.9106],[-112.2549,41.9088],[-112.26,41.9086],[-112.2667,41.9064],[-112.27,41.9075],[-112.2726,41.9057],[-112.2755,41.9068],[-112.281,41.9063],[-112.2875,41.904],[-112.2927,41.9049],[-112.2972,41.9037],[-112.3015,41.905],[-112.3061,41.9036],[-112.31,41.904],[-112.3151,41.9008],[-112.31,41.8942],[-112.3078,41.8897],[-112.3088,41.8872],[-112.3075,41.8856],[-112.2988,41.8873],[-112.2957,41.8863],[-112.2869,41.8781],[-112.2864,41.8755],[-112.2826,41.8741],[-112.2803,41.8716],[-112.2802,41.8691],[-112.2779,41.8673],[-112.2739,41.8577],[-112.2716,41.8569],[-112.2672,41.8562],[-112.2616,41.8589],[-112.2506,41.8613],[-112.2464,41.8649],[-112.2326,41.854],[-112.219,41.8546],[-112.2166,41.8567],[-112.2135,41.8565],[-112.2097,41.8588],[-112.1887,41.8598],[-112.1835,41.8633],[-112.1759,41.8643],[-112.1688,41.8693],[-112.1673,41.8817],[-112.1658,41.8852],[-112.1568,41.891],[-112.1388,41.9058],[-112.1348,41.9068],[-112.1306,41.9105],[-112.1301,41.9143],[-112.1317,41.9161],[-112.1303,41.9207],[-112.127,41.9226],[-112.1272,41.9243],[-112.1222,41.9287],[-112.1242,41.9344],[-112.1243,41.9409],[-112.1291,41.9492]]]}},{"type":"Feature","properties":{"huc12":"160102040402","name":"Blind Spring"},"geometry":{"type":"Polygon","coordinates":[[[-112.2415,41.7937],[-112.2473,41.7927],[-112.2513,41.7959],[-112.2598,41.7934],[-112.2666,41.7946],[-112.2699,41.7932],[-112.2905,41.7909],[-112.2927,41.7869],[-112.292,41.7832],[-112.2968,41.7813],[-112.3029,41.7756],[-112.3159,41.7804],[-112.3188,41.7781],[-112.3275,41.7776],[-112.3407,41.7813],[-112.3496,41.7869],[-112.3519,41.783],[-112.3575,41.7819],[-112.3594,41.7797],[-112.3563,41.776],[-112.3576,41.7735],[-112.3569,41.7719],[-112.3515,41.7708],[-112.3494,41.7686],[-112.3516,41.7657],[-112.3478,41.7653],[-112.3451,41.7579],[-112.3456,41.7555],[-112.3497,41.7543],[-112.3498,41.7508],[-112.3493,41.744],[-112.3447,41.7415],[-112.3477,41.7406],[-112.3457,41.7354],[-112.3464,41.7326],[-112.3448,41.7309],[-112.3408,41.7301],[-112.3414,41.7193],[-112.3444,41.7139],[-112.3437,41.71],[-112.3447,41.7015],[-112.3421,41.6993],[-112.3381,41.6996],[-112.337,41.7031],[-112.3268,41.7054],[-112.3137,41.7017],[-112.3012,41.7006],[-112.2884,41.6949],[-112.2779,41.6812],[-112.2698,41.6664],[-112.2676,41.6595],[-112.2677,41.6524],[-112.2614,41.6549],[-112.255,41.6597],[-112.2433,41.6637],[-112.2367,41.6696],[-112.2362,41.6721],[-112.2339,41.6745],[-112.2349,41.6759],[-112.2307,41.6792],[-112.232,41.6826],[-112.2292,41.6981],[-112.2317,41.711],[-112.2287,41.7161],[-112.2294,41.7305],[-112.2324,41.741],[-112.2315,41.7452],[-112.2281,41.7463],[-112.2289,41.752],[-112.2261,41.758],[-112.2303,41.7592],[-112.2313,41.7689],[-112.2348,41.7716],[-112.234,41.7752],[-112.2356,41.7799],[-112.233,41.7836],[-112.2329,41.7859],[-112.2362,41.7901],[-112.2363,41.7926],[-112.2415,41.7937]]]}},{"type":"Feature","properties":{"huc12":"160102040403","name":"Salt Creek Waterfowl Management Area"},"geometry":{"type":"Polygon","coordinates":[[[-112.1656,41.6984],[-112.1662,41.7019],[-112.17,41.7054],[-112.1714,41.712],[-112.169,41.7203],[-112.1686,41.7265],[-112.1781,41.7393],[-112.1825,41.7423],[-112.1968,41.7477],[-112.2069,41.7473],[-112.2205,41.7524],[-112.2241,41.7522],[-112.2275,41.7546],[-112.2291,41.7498],[-112.2281,41.7463],[-112.2315,41.7452],[-112.2324,41.741],[-112.2294,41.7305],[-112.2287,41.7161],[-112.2317,41.711],[-112.2292,41.6981],[-112.232,41.6826],[-112.2307,41.6792],[-112.2349,41.6759],[-112.2339,41.6745],[-112.2362,41.6721],[-112.2367,41.6696],[-112.2435,41.6636],[-112.255,41.6597],[-112.2626,41.6542],[-112.268,41.6525],[-112.2673,41.6575],[-112.2697,41.666],[-112.2779,41.6812],[-112.2875,41.6943],[-112.3012,41.7006],[-112.3137,41.7017],[-112.3268,41.7054],[-112.3302,41.7049],[-112.3372,41.703],[-112.3379,41.6997],[-112.3421,41.6993],[-112.3441,41.6923],[-112.3407,41.6876],[-112.3411,41.6813],[-112.3399,41.679],[-112.3299,41.6783],[-112.327,41.6742],[-112.3241,41.6745],[-112.3073,41.6706],[-112.3058,41.6663],[-112.2978,41.6571],[-112.2917,41.6532],[-112.285,41.6443],[-112.2767,41.6437],[-112.2727,41.6408],[-112.269,41.6405],[-112.2672,41.6351],[-112.2609,41.6314],[-112.256,41.6305],[-112.2533,41.6226],[-112.2381,41.6127],[-112.2296,41.6025],[-112.2274,41.602],[-112.2239,41.6032],[-112.2239,41.6102],[-112.2296,41.6181],[-112.2156,41.6267],[-112.2155,41.6357],[-112.21,41.645],[-112.188,41.6612],[-112.1685,41.6896],[-112.1656,41.6984]]]}},{"type":"Feature","properties":{"huc12":"160203040305","name":"Clover Creek-Frontal Rush Valley"},"geometry":{"type":"Polygon","coordinates":[[[-112.4036,40.4081],[-112.406,40.4074],[-112.4063,40.4094],[-112.4137,40.4021],[-112.4151,40.3967],[-112.4294,40.3687],[-112.4366,40.3587],[-112.4526,40.3551],[-112.4584,40.3561],[-112.4828,40.3528],[-112.4991,40.3484],[-112.5052,40.3488],[-112.4843,40.3406],[-112.4783,40.3349],[-112.4566,40.3359],[-112.4491,40.3334],[-112.4406,40.3331],[-112.4307,40.3354],[-112.428,40.338],[-112.4231,40.3468],[-112.4223,40.3552],[-112.4113,40.3521],[-112.4065,40.3546],[-112.4047,40.3537],[-112.3942,40.3565],[-112.3894,40.3558],[-112.3827,40.3569],[-112.3549,40.3529],[-112.3592,40.3606],[-112.3617,40.3625],[-112.3686,40.3655],[-112.3726,40.3656],[-112.3753,40.3681],[-112.3818,40.3705],[-112.3906,40.3722],[-112.3966,40.3768],[-112.4,40.382],[-112.4058,40.3852],[-112.4062,40.3985],[-112.4036,40.4081]]]}},{"type":"Feature","properties":{"huc12":"160102040504","name":"Black Slough-Box Elder Creek"},"geometry":{"type":"Polygon","coordinates":[[[-112.0136,41.6442],[-112.0279,41.6431],[-112.0327,41.6446],[-112.0382,41.6444],[-112.045,41.6426],[-112.0486,41.6403],[-112.054,41.6318],[-112.0624,41.6298],[-112.0737,41.6242],[-112.0761,41.6222],[-112.0761,41.6208],[-112.0814,41.6175],[-112.0837,41.6137],[-112.0828,41.5985],[-112.0859,41.5857],[-112.0883,41.5831],[-112.0783,41.5638],[-112.0781,41.558],[-112.0732,41.5342],[-112.0777,41.5257],[-112.0801,41.5176],[-112.0945,41.5004],[-112.0964,41.4949],[-112.093,41.4907],[-112.0923,41.4843],[-112.0935,41.4782],[-112.0918,41.473],[-112.0768,41.4595],[-112.0449,41.4585],[-112.0357,41.4559],[-112.0328,41.4563],[-112.0304,41.4584],[-112.0257,41.4588],[-112.0172,41.4578],[-112.0137,41.4591],[-112.0096,41.457],[-112.006,41.457],[-112.0004,41.4582],[-111.996,41.4613],[-111.9904,41.4598],[-111.9804,41.4593],[-111.9787,41.4599],[-111.9765,41.4639],[-111.9727,41.4649],[-111.971,41.467],[-111.9713,41.4706],[-111.9757,41.4727],[-111.9741,41.4824],[-111.9777,41.4874],[-111.9812,41.4892],[-111.9825,41.4925],[-111.9856,41.4954],[-112.0008,41.5011],[-111.9992,41.5044],[-111.9948,41.5063],[-111.9888,41.5053],[-111.9714,41.5065],[-111.9693,41.5086],[-111.9691,41.5113],[-111.9725,41.5133],[-111.9727,41.5153],[-111.9695,41.5159],[-111.9688,41.5182],[-111.9724,41.5264],[-111.9722,41.5283],[-111.9742,41.5301],[-111.9815,41.5312],[-111.9819,41.534],[-111.9882,41.5437],[-111.9895,41.5477],[-111.9919,41.5499],[-111.9928,41.5549],[-111.9967,41.5578],[-111.9966,41.5611],[-111.9946,41.5627],[-111.9941,41.5661],[-111.999,41.5718],[-112,41.5789],[-112.0068,41.5919],[-112.0063,41.5975],[-112.0078,41.6001],[-112.0043,41.6065],[-112.0033,41.6122],[-112.0063,41.6147],[-112.0063,41.6205],[-112.0077,41.6234],[-112.0072,41.6275],[-112.0046,41.6294],[-112.0063,41.6323],[-112.0131,41.6357],[-112.0155,41.6415],[-112.0136,41.6442]]]}},{"type":"Feature","properties":{"huc12":"160102030101","name":"Headwaters East Fork Little Bear River"},"geometry":{"type":"Polygon","coordinates":[[[-111.6694,41.5311],[-111.6707,41.533],[-111.6803,41.5363],[-111.6868,41.5347],[-111.6882,41.5289],[-111.686,41.5237],[-111.6856,41.5139],[-111.6894,41.5097],[-111.6903,41.5053],[-111.6947,41.4977],[-111.6969,41.4967],[-111.6952,41.4911],[-111.6976,41.4888],[-111.6995,41.4838],[-111.7017,41.4825],[-111.7027,41.4784],[-111.7015,41.4759],[-111.7029,41.4695],[-111.7002,41.4635],[-111.7041,41.46],[-111.7129,41.4589],[-111.7196,41.4521],[-111.7209,41.4483],[-111.72,41.4457],[-111.7221,41.4421],[-111.721,41.4394],[-111.7252,41.4352],[-111.7224,41.4319],[-111.7228,41.4299],[-111.7213,41.4271],[-111.7191,41.425],[-111.7142,41.4251],[-111.7118,41.4232],[-111.7076,41.4253],[-111.7045,41.4212],[-111.6984,41.4184],[-111.6859,41.4217],[-111.6854,41.4233],[-111.6802,41.4257],[-111.6791,41.4276],[-111.6666,41.4287],[-111.6646,41.424],[-111.6614,41.422],[-111.6606,41.4189],[-111.6522,41.4105],[-111.6525,41.408],[-111.6475,41.4055],[-111.6441,41.406],[-111.6431,41.4106],[-111.6403,41.4143],[-111.6314,41.418],[-111.6265,41.4176],[-111.6187,41.4223],[-111.6126,41.4218],[-111.6115,41.4195],[-111.6092,41.4189],[-111.5992,41.4215],[-111.5843,41.4183],[-111.5765,41.4274],[-111.5738,41.428],[-111.5711,41.4265],[-111.5713,41.4252],[-111.5645,41.4232],[-111.56,41.4234],[-111.5576,41.4248],[-111.5543,41.4238],[-111.5515,41.4139],[-111.5451,41.4096],[-111.5437,41.4073],[-111.5372,41.4111],[-111.5338,41.4116],[-111.5319,41.4146],[-111.5214,41.416],[-111.5207,41.4187],[-111.5175,41.4218],[-111.5108,41.4232],[-111.5107,41.4279],[-111.5069,41.4294],[-111.5069,41.4325],[-111.5047,41.4358],[-111.5006,41.4378],[-111.506,41.4439],[-111.5029,41.4488],[-111.5051,41.4519],[-111.5031,41.4539],[-111.5037,41.4591],[-111.5011,41.4617],[-111.5009,41.4643],[-111.5141,41.4607],[-111.5228,41.4616],[-111.5288,41.4603],[-111.5416,41.462],[-111.5559,41.467],[-111.5568,41.4713],[-111.5625,41.4752],[-111.5631,41.4787],[-111.5736,41.4799],[-111.576,41.4811],[-111.5761,41.4828],[-111.5799,41.4864],[-111.5887,41.4845],[-111.5924,41.486],[-111.6033,41.485],[-111.606,41.4913],[-111.614,41.4919],[-111.6207,41.4962],[-111.6316,41.4942],[-111.6359,41.4959],[-111.6373,41.4978],[-111.6351,41.4994],[-111.6349,41.504],[-111.6324,41.507],[-111.634,41.5123],[-111.6336,41.5204],[-111.6362,41.5248],[-111.6404,41.5249],[-111.646,41.5177],[-111.6546,41.5174],[-111.657,41.5214],[-111.6611,41.5245],[-111.6689,41.526],[-111.6694,41.5311]]]}},{"type":"Feature","properties":{"huc12":"160102010106","name":"Garden City Canyon-Frontal Bear Lake"},"geometry":{"type":"Polygon","coordinates":[[[-111.4074,42.0126],[-111.4252,42.0135],[-111.4334,42.0155],[-111.4443,42.0119],[-111.4635,42.0112],[-111.4712,42.0073],[-111.4715,42.0049],[-111.4766,42.0035],[-111.4795,42.0061],[-111.4756,42.0121],[-111.4779,42.0155],[-111.484,42.0162],[-111.4887,42.0197],[-111.4956,42.019],[-111.4983,42.0174],[-111.5048,42.0201],[-111.5096,42.0199],[-111.5111,42.0166],[-111.5078,42.0071],[-111.5074,41.9984],[-111.5086,41.9926],[-111.5026,41.9868],[-111.4954,41.9831],[-111.4942,41.9797],[-111.4846,41.9756],[-111.4842,41.9656],[-111.4763,41.9585],[-111.4775,41.9533],[-111.4733,41.9473],[-111.4749,41.9449],[-111.4752,41.939],[-111.4768,41.9358],[-111.4716,41.9285],[-111.4735,41.9234],[-111.4756,41.9227],[-111.4778,41.9189],[-111.478,41.9131],[-111.4741,41.9134],[-111.4652,41.9224],[-111.4612,41.9231],[-111.4553,41.9301],[-111.4558,41.9328],[-111.4543,41.9349],[-111.4519,41.9351],[-111.4512,41.9375],[-111.4471,41.9391],[-111.4433,41.9426],[-111.4356,41.9451],[-111.4277,41.9437],[-111.4106,41.9476],[-111.4041,41.9457],[-111.3971,41.9405],[-111.3891,41.9405],[-111.3908,41.9519],[-111.4,41.9598],[-111.3987,41.9662],[-111.4021,41.9704],[-111.403,41.9786],[-111.4066,41.9846],[-111.4084,41.9849],[-111.4059,41.9857],[-111.4088,41.9868],[-111.4106,41.9905],[-111.4108,41.9933],[-111.4091,41.9952],[-111.4077,42.0028],[-111.409,42.0061],[-111.4062,42.0101],[-111.4074,42.0126]]]}},{"type":"Feature","properties":{"huc12":"160102030202","name":"Mollens Hollow-Blacksmith Fork"},"geometry":{"type":"Polygon","coordinates":[[[-111.443,41.5313],[-111.4418,41.5353],[-111.4436,41.5408],[-111.4452,41.5421],[-111.4451,41.5444],[-111.4426,41.5461],[-111.4421,41.549],[-111.4357,41.5509],[-111.4336,41.5528],[-111.4322,41.5594],[-111.4306,41.561],[-111.4316,41.5627],[-111.4294,41.5668],[-111.4306,41.5687],[-111.4306,41.5758],[-111.4298,41.5777],[-111.4276,41.5787],[-111.4269,41.5856],[-111.4292,41.5901],[-111.4272,41.5927],[-111.4279,41.6059],[-111.4341,41.603],[-111.4382,41.6041],[-111.4404,41.602],[-111.4494,41.601],[-111.4561,41.5966],[-111.46,41.5968],[-111.4616,41.5945],[-111.4721,41.5916],[-111.4854,41.5899],[-111.4886,41.588],[-111.4946,41.5886],[-111.5017,41.5862],[-111.5057,41.5886],[-111.5137,41.5901],[-111.5154,41.5889],[-111.5197,41.5896],[-111.5274,41.588],[-111.531,41.5892],[-111.5365,41.5867],[-111.5415,41.5871],[-111.5437,41.5887],[-111.5476,41.5845],[-111.5475,41.582],[-111.5503,41.5817],[-111.5576,41.5752],[-111.5581,41.5712],[-111.5531,41.5688],[-111.551,41.5645],[-111.5359,41.5573],[-111.5361,41.5551],[-111.5344,41.5531],[-111.5245,41.5457],[-111.5164,41.5445],[-111.5076,41.5474],[-111.5115,41.5406],[-111.5088,41.5371],[-111.5108,41.5349],[-111.5084,41.5311],[-111.5142,41.5277],[-111.5115,41.5207],[-111.5128,41.5185],[-111.5173,41.5154],[-111.5179,41.512],[-111.5165,41.5093],[-111.5051,41.5044],[-111.5038,41.5003],[-111.4975,41.5001],[-111.4936,41.4983],[-111.493,41.4946],[-111.4887,41.4898],[-111.4756,41.4885],[-111.475,41.4948],[-111.4781,41.4974],[-111.4755,41.4981],[-111.4748,41.5002],[-111.4763,41.5006],[-111.4783,41.5037],[-111.4668,41.5095],[-111.4648,41.5148],[-111.4565,41.5208],[-111.4576,41.5239],[-111.456,41.5268],[-111.4591,41.5291],[-111.459,41.5317],[-111.4567,41.5322],[-111.4531,41.5299],[-111.4487,41.5316],[-111.443,41.5313]]]}},{"type":"Feature","properties":{"huc12":"160102030104","name":"Outlet East Fork Little Bear River"},"geometry":{"type":"Polygon","coordinates":[[[-111.6903,41.5809],[-111.6971,41.5835],[-111.7075,41.5838],[-111.718,41.5788],[-111.7225,41.5747],[-111.7233,41.5724],[-111.7268,41.5709],[-111.7311,41.5706],[-111.7362,41.5682],[-111.7482,41.5695],[-111.7524,41.5678],[-111.7574,41.5679],[-111.7602,41.5609],[-111.7621,41.5594],[-111.7683,41.5587],[-111.7721,41.5568],[-111.7796,41.5601],[-111.7954,41.5515],[-111.803,41.5508],[-111.8055,41.5483],[-111.8127,41.547],[-111.8163,41.5402],[-111.8152,41.5356],[-111.8158,41.5329],[-111.822,41.5281],[-111.814,41.5272],[-111.8076,41.5223],[-111.8063,41.5199],[-111.8023,41.5192],[-111.7995,41.51],[-111.7945,41.5044],[-111.7897,41.4925],[-111.7837,41.4857],[-111.7758,41.485],[-111.7666,41.4879],[-111.7617,41.4861],[-111.7554,41.4863],[-111.7524,41.4827],[-111.7472,41.4838],[-111.7412,41.4825],[-111.7361,41.4829],[-111.7218,41.4784],[-111.72,41.4748],[-111.7197,41.4686],[-111.718,41.466],[-111.7192,41.4634],[-111.7186,41.4616],[-111.7211,41.4552],[-111.7249,41.4493],[-111.7275,41.4479],[-111.7279,41.4453],[-111.7231,41.4424],[-111.72,41.4457],[-111.7209,41.4483],[-111.7197,41.4519],[-111.7149,41.4571],[-111.7108,41.4598],[-111.7041,41.46],[-111.7002,41.4635],[-111.7029,41.4695],[-111.7017,41.4825],[-111.6995,41.4838],[-111.6976,41.4888],[-111.6952,41.4911],[-111.6969,41.4967],[-111.6947,41.4977],[-111.6903,41.5053],[-111.6894,41.5097],[-111.6856,41.5139],[-111.686,41.5237],[-111.6882,41.5289],[-111.6864,41.5352],[-111.6883,41.5389],[-111.6935,41.5401],[-111.6973,41.5431],[-111.6873,41.5472],[-111.6851,41.5504],[-111.6855,41.5531],[-111.6801,41.5569],[-111.6677,41.56],[-111.6688,41.5651],[-111.676,41.5665],[-111.6817,41.5711],[-111.6869,41.5714],[-111.6883,41.5758],[-111.6909,41.5768],[-111.6903,41.5809]]]}},{"type":"Feature","properties":{"huc12":"160102030204","name":"Mill Creek-Blacksmith Fork"},"geometry":{"type":"Polygon","coordinates":[[[-111.5437,41.5887],[-111.5443,41.5928],[-111.5477,41.596],[-111.5555,41.5949],[-111.5664,41.6004],[-111.5735,41.5973],[-111.5783,41.5982],[-111.5841,41.5937],[-111.5932,41.5952],[-111.6025,41.5933],[-111.6084,41.5944],[-111.6094,41.5927],[-111.6182,41.5919],[-111.6197,41.5823],[-111.6236,41.5801],[-111.6266,41.5732],[-111.6251,41.5681],[-111.6262,41.5663],[-111.6212,41.5622],[-111.6198,41.5566],[-111.6226,41.5556],[-111.6259,41.5512],[-111.6301,41.5525],[-111.6322,41.5512],[-111.6415,41.5537],[-111.6447,41.5532],[-111.6447,41.5502],[-111.6505,41.5463],[-111.6501,41.538],[-111.657,41.535],[-111.6656,41.535],[-111.6662,41.5327],[-111.6694,41.5311],[-111.6684,41.5288],[-111.6689,41.5261],[-111.6615,41.5247],[-111.6556,41.5198],[-111.6554,41.5176],[-111.6532,41.5172],[-111.646,41.5177],[-111.6404,41.5249],[-111.6362,41.5248],[-111.6336,41.5204],[-111.634,41.5123],[-111.6324,41.507],[-111.6349,41.504],[-111.6351,41.4994],[-111.6373,41.4978],[-111.6359,41.4959],[-111.6316,41.4942],[-111.6207,41.4962],[-111.614,41.4919],[-111.606,41.4913],[-111.6033,41.485],[-111.5924,41.486],[-111.5887,41.4845],[-111.5802,41.4865],[-111.5771,41.5084],[-111.573,41.5098],[-111.5727,41.5131],[-111.568,41.5185],[-111.5729,41.523],[-111.5704,41.527],[-111.5729,41.5304],[-111.5707,41.5326],[-111.571,41.5362],[-111.5661,41.5394],[-111.5668,41.542],[-111.5654,41.548],[-111.5666,41.5533],[-111.5644,41.5635],[-111.5581,41.5712],[-111.5575,41.5755],[-111.5542,41.5772],[-111.5503,41.5817],[-111.5475,41.582],[-111.5476,41.5845],[-111.5437,41.5887]]]}},{"type":"Feature","properties":{"huc12":"160102030304","name":"Tony Grove Creek-Logan River"},"geometry":{"type":"Polygon","coordinates":[[[-111.5619,41.923],[-111.5677,41.9293],[-111.5826,41.9306],[-111.589,41.9295],[-111.5939,41.9309],[-111.5955,41.9337],[-111.6238,41.9363],[-111.6311,41.939],[-111.6321,41.9406],[-111.6495,41.9429],[-111.657,41.9477],[-111.6626,41.9452],[-111.6632,41.9418],[-111.6678,41.9382],[-111.6687,41.934],[-111.6728,41.9289],[-111.6725,41.9262],[-111.676,41.9174],[-111.6737,41.914],[-111.6754,41.9108],[-111.6717,41.9061],[-111.6687,41.896],[-111.6644,41.8921],[-111.6427,41.8838],[-111.6411,41.8806],[-111.6371,41.8773],[-111.636,41.8712],[-111.6182,41.8588],[-111.6187,41.8568],[-111.617,41.8539],[-111.6081,41.8503],[-111.6064,41.845],[-111.5943,41.8339],[-111.5924,41.8336],[-111.5906,41.836],[-111.586,41.8356],[-111.578,41.8374],[-111.5742,41.843],[-111.5731,41.8492],[-111.5664,41.8494],[-111.5615,41.851],[-111.5612,41.8536],[-111.5595,41.8547],[-111.5516,41.8542],[-111.5371,41.8563],[-111.5335,41.8522],[-111.5121,41.8552],[-111.5078,41.8525],[-111.502,41.8611],[-111.5085,41.8663],[-111.5093,41.8684],[-111.5036,41.868],[-111.4945,41.8737],[-111.4923,41.8785],[-111.4923,41.8843],[-111.4936,41.8862],[-111.5031,41.8878],[-111.5002,41.8931],[-111.5007,41.8986],[-111.5049,41.9027],[-111.512,41.9051],[-111.5118,41.908],[-111.5099,41.911],[-111.5085,41.912],[-111.5053,41.9114],[-111.5034,41.9138],[-111.5041,41.9156],[-111.5062,41.916],[-111.5115,41.9204],[-111.5211,41.9198],[-111.5252,41.9181],[-111.5262,41.9156],[-111.5312,41.9192],[-111.5314,41.9219],[-111.5355,41.923],[-111.5553,41.9253],[-111.5619,41.923]]]}},{"type":"Feature","properties":{"huc12":"160102040303","name":"Broad Canyon"},"geometry":{"type":"Polygon","coordinates":[[[-112.2211,41.9251],[-112.2048,41.9339],[-112.2027,41.9362],[-112.2024,41.9398],[-112.2,41.941],[-112.2067,41.944],[-112.219,41.9418],[-112.2283,41.9424],[-112.2433,41.9456],[-112.2515,41.9439],[-112.2572,41.935],[-112.2716,41.935],[-112.2852,41.9311],[-112.2939,41.9303],[-112.3018,41.9274],[-112.3028,41.9253],[-112.3158,41.9256],[-112.3254,41.9292],[-112.3272,41.9273],[-112.3384,41.9234],[-112.3488,41.9242],[-112.3542,41.9227],[-112.368,41.9262],[-112.3717,41.9239],[-112.3797,41.9231],[-112.3833,41.9181],[-112.3853,41.9084],[-112.3876,41.9057],[-112.3851,41.9043],[-112.3844,41.9013],[-112.3863,41.9003],[-112.3859,41.8956],[-112.3889,41.8931],[-112.3867,41.8901],[-112.3834,41.8886],[-112.3784,41.8895],[-112.3773,41.8913],[-112.3688,41.8918],[-112.3696,41.8956],[-112.3647,41.897],[-112.3609,41.9006],[-112.357,41.9019],[-112.3512,41.901],[-112.3482,41.9042],[-112.3434,41.9051],[-112.3329,41.9031],[-112.3283,41.8992],[-112.3282,41.8969],[-112.3233,41.8952],[-112.3224,41.8971],[-112.3192,41.899],[-112.3194,41.9008],[-112.3151,41.9008],[-112.31,41.904],[-112.3061,41.9036],[-112.3015,41.905],[-112.2972,41.9037],[-112.2927,41.9049],[-112.2875,41.904],[-112.281,41.9063],[-112.2755,41.9068],[-112.2726,41.9057],[-112.27,41.9075],[-112.2667,41.9064],[-112.26,41.9086],[-112.2549,41.9088],[-112.2508,41.9106],[-112.2492,41.9135],[-112.241,41.9145],[-112.24,41.9172],[-112.2366,41.9197],[-112.2283,41.9216],[-112.2211,41.9251]]]}},{"type":"Feature","properties":{"huc12":"160201020304","name":"North Fork Ogden River-Pineview Reservoir"},"geometry":{"type":"Polygon","coordinates":[[[-111.7462,41.3699],[-111.7527,41.3705],[-111.7608,41.3688],[-111.7677,41.371],[-111.7715,41.3758],[-111.7801,41.3784],[-111.7841,41.3823],[-111.7891,41.3847],[-111.7928,41.3913],[-111.7978,41.3923],[-111.8007,41.3909],[-111.8047,41.3908],[-111.8078,41.3889],[-111.8079,41.3832],[-111.8091,41.3808],[-111.815,41.376],[-111.8204,41.3736],[-111.8237,41.3687],[-111.8227,41.3665],[-111.8238,41.3625],[-111.8214,41.357],[-111.824,41.3518],[-111.8268,41.3511],[-111.8294,41.3478],[-111.8338,41.3461],[-111.8371,41.3428],[-111.8459,41.338],[-111.8522,41.336],[-111.8573,41.3367],[-111.8651,41.3445],[-111.8712,41.3478],[-111.8729,41.3508],[-111.88,41.353],[-111.8875,41.3509],[-111.8934,41.3512],[-111.8973,41.3443],[-111.8996,41.3434],[-111.9195,41.344],[-111.9232,41.3434],[-111.9233,41.3415],[-111.9191,41.3322],[-111.908,41.3283],[-111.8993,41.3272],[-111.9008,41.3235],[-111.9001,41.3214],[-111.8978,41.3179],[-111.895,41.3166],[-111.8913,41.3094],[-111.8905,41.3015],[-111.8926,41.2958],[-111.8911,41.2924],[-111.8796,41.2907],[-111.8697,41.2823],[-111.8601,41.2835],[-111.859,41.2776],[-111.8569,41.2767],[-111.8507,41.2779],[-111.8431,41.2734],[-111.8416,41.2697],[-111.8324,41.2723],[-111.8275,41.2718],[-111.8248,41.271],[-111.8217,41.268],[-111.8124,41.2664],[-111.8114,41.2719],[-111.8094,41.2736],[-111.8069,41.2821],[-111.8065,41.2892],[-111.8086,41.2924],[-111.8158,41.2979],[-111.827,41.3121],[-111.8251,41.319],[-111.8024,41.3446],[-111.7926,41.3474],[-111.7792,41.3472],[-111.7706,41.3526],[-111.768,41.3555],[-111.7572,41.3551],[-111.7463,41.3591],[-111.743,41.3618],[-111.7438,41.3654],[-111.746,41.3671],[-111.7462,41.3699]]]}},{"type":"Feature","properties":{"huc12":"160201010605","name":"Guildersleeve Canyon"},"geometry":{"type":"Polygon","coordinates":[[[-111.4971,41.2273],[-111.5042,41.229],[-111.5065,41.2309],[-111.5105,41.2307],[-111.5127,41.2286],[-111.522,41.2301],[-111.5258,41.2287],[-111.5311,41.2303],[-111.5341,41.2299],[-111.5402,41.2223],[-111.5468,41.2208],[-111.5437,41.2135],[-111.5466,41.2116],[-111.5461,41.2077],[-111.5492,41.2047],[-111.5498,41.2022],[-111.5493,41.2012],[-111.5413,41.2007],[-111.5373,41.1974],[-111.5348,41.1925],[-111.5296,41.1885],[-111.5274,41.184],[-111.5249,41.1824],[-111.5196,41.1738],[-111.5101,41.1674],[-111.5104,41.1643],[-111.5077,41.1534],[-111.5036,41.1501],[-111.504,41.1468],[-111.5028,41.1448],[-111.4958,41.1402],[-111.491,41.1409],[-111.4892,41.1387],[-111.48,41.134],[-111.4698,41.132],[-111.4645,41.1268],[-111.4637,41.1279],[-111.4645,41.1368],[-111.4701,41.1464],[-111.4698,41.1492],[-111.4677,41.1516],[-111.4686,41.1565],[-111.4676,41.1586],[-111.4713,41.1611],[-111.4711,41.1671],[-111.4751,41.17],[-111.475,41.1724],[-111.4769,41.1747],[-111.4768,41.1781],[-111.4796,41.1823],[-111.4799,41.1878],[-111.4784,41.1913],[-111.4822,41.1979],[-111.482,41.2017],[-111.4835,41.2035],[-111.4828,41.2065],[-111.4842,41.2104],[-111.4829,41.2121],[-111.4872,41.2188],[-111.4959,41.2227],[-111.4971,41.2273]]]}},{"type":"Feature","properties":{"huc12":"160201020601","name":"Mill Creek"},"geometry":{"type":"Polygon","coordinates":[[[-111.9131,41.2648],[-111.9219,41.2675],[-111.9291,41.2669],[-111.9359,41.2681],[-111.9383,41.2658],[-111.9469,41.2635],[-111.9648,41.2649],[-112.0081,41.262],[-112.0171,41.2636],[-112.0219,41.2663],[-112.0314,41.2671],[-112.0406,41.2708],[-112.0495,41.276],[-112.0546,41.2811],[-112.063,41.2804],[-112.0748,41.2831],[-112.0732,41.277],[-112.0703,41.277],[-112.0666,41.2739],[-112.065,41.2739],[-112.0633,41.2714],[-112.0615,41.2723],[-112.0558,41.2709],[-112.0557,41.2689],[-112.0533,41.2671],[-112.0528,41.2637],[-112.0484,41.2591],[-112.0493,41.2551],[-112.0475,41.2533],[-112.0421,41.2524],[-112.0364,41.2544],[-112.0266,41.2503],[-112.0189,41.2493],[-112.0106,41.2441],[-112.0006,41.2399],[-111.9966,41.2357],[-111.9715,41.2351],[-111.9558,41.2386],[-111.9402,41.239],[-111.9363,41.2433],[-111.9339,41.2437],[-111.929,41.2477],[-111.9196,41.2517],[-111.9186,41.2562],[-111.9138,41.26],[-111.9131,41.2648]]]}},{"type":"Feature","properties":{"huc12":"160201020303","name":"Middle Fork Ogden River-Pineview Reservoir"},"geometry":{"type":"Polygon","coordinates":[[[-111.6765,41.3416],[-111.6802,41.3414],[-111.6839,41.3433],[-111.6846,41.3482],[-111.692,41.349],[-111.6998,41.3528],[-111.7098,41.3626],[-111.7151,41.3648],[-111.7207,41.3702],[-111.7252,41.3711],[-111.7296,41.3752],[-111.7372,41.3744],[-111.7462,41.3699],[-111.746,41.3671],[-111.7438,41.3654],[-111.743,41.3618],[-111.7463,41.3591],[-111.7572,41.3551],[-111.768,41.3555],[-111.7706,41.3526],[-111.7792,41.3472],[-111.7926,41.3474],[-111.8024,41.3446],[-111.8201,41.3256],[-111.8251,41.319],[-111.8272,41.3133],[-111.8172,41.2994],[-111.8086,41.2924],[-111.8065,41.2892],[-111.8069,41.2821],[-111.8094,41.2736],[-111.8114,41.2719],[-111.8124,41.2664],[-111.807,41.2625],[-111.8002,41.2644],[-111.7903,41.2646],[-111.7772,41.2607],[-111.7669,41.2593],[-111.7608,41.2536],[-111.7579,41.2528],[-111.7211,41.2535],[-111.7084,41.2569],[-111.7025,41.2616],[-111.7016,41.2691],[-111.6999,41.273],[-111.6966,41.2765],[-111.6973,41.281],[-111.7002,41.2863],[-111.6965,41.2878],[-111.6972,41.2902],[-111.6998,41.2933],[-111.705,41.2954],[-111.7066,41.2987],[-111.7061,41.3027],[-111.7024,41.3067],[-111.6972,41.3064],[-111.6883,41.3134],[-111.6895,41.3197],[-111.6867,41.3206],[-111.6868,41.3224],[-111.6814,41.3229],[-111.6782,41.3251],[-111.6732,41.334],[-111.6765,41.3416]]]}},{"type":"Feature","properties":{"huc12":"160201020305","name":"South Branch South Fork Ogden River-Pineview Reservoir"},"geometry":{"type":"Polygon","coordinates":[[[-111.8417,41.2697],[-111.8431,41.2734],[-111.8509,41.278],[-111.8576,41.2766],[-111.8574,41.2742],[-111.8593,41.2726],[-111.861,41.2678],[-111.8605,41.2658],[-111.8578,41.2653],[-111.8562,41.2634],[-111.8436,41.2584],[-111.843,41.2554],[-111.8402,41.2527],[-111.8305,41.2489],[-111.8271,41.2448],[-111.8183,41.2403],[-111.8144,41.236],[-111.813,41.2325],[-111.8107,41.2316],[-111.8109,41.2208],[-111.8078,41.2184],[-111.807,41.2161],[-111.8036,41.2158],[-111.7996,41.2172],[-111.7965,41.2159],[-111.7897,41.2187],[-111.7852,41.2177],[-111.7809,41.2185],[-111.7784,41.2167],[-111.7738,41.2183],[-111.7704,41.2146],[-111.7642,41.2113],[-111.7642,41.2085],[-111.759,41.2104],[-111.7548,41.2148],[-111.7484,41.2144],[-111.7459,41.2122],[-111.7467,41.2074],[-111.745,41.2033],[-111.7375,41.2015],[-111.7325,41.1978],[-111.7278,41.1974],[-111.7266,41.1939],[-111.7231,41.1928],[-111.7165,41.1867],[-111.6989,41.182],[-111.678,41.1811],[-111.6755,41.1835],[-111.6726,41.1835],[-111.6725,41.1853],[-111.6671,41.1874],[-111.6575,41.1858],[-111.6535,41.1897],[-111.6469,41.1921],[-111.6411,41.1988],[-111.6314,41.1986],[-111.6252,41.1999],[-111.6223,41.2062],[-111.6118,41.2098],[-111.6067,41.2238],[-111.6089,41.2264],[-111.6156,41.2241],[-111.6219,41.2277],[-111.6283,41.2246],[-111.6306,41.2265],[-111.6389,41.2272],[-111.6428,41.2301],[-111.6487,41.2295],[-111.6525,41.2334],[-111.6544,41.2389],[-111.6575,41.2413],[-111.6722,41.2413],[-111.6741,41.2446],[-111.6785,41.2452],[-111.6851,41.25],[-111.6938,41.2499],[-111.6978,41.2487],[-111.7033,41.2505],[-111.7095,41.2478],[-111.7128,41.2495],[-111.7129,41.2524],[-111.715,41.2533],[-111.7259,41.2509],[-111.733,41.2514],[-111.7445,41.2481],[-111.7638,41.2483],[-111.773,41.2532],[-111.7608,41.2536],[-111.7669,41.2593],[-111.7772,41.2607],[-111.7903,41.2646],[-111.8002,41.2644],[-111.807,41.2625],[-111.8124,41.2664],[-111.8217,41.268],[-111.8248,41.271],[-111.8275,41.2718],[-111.8324,41.2723],[-111.8417,41.2697]]]}},{"type":"Feature","properties":{"huc12":"160202010203","name":"Silver Pass Canyon-Currant Creek"},"geometry":{"type":"Polygon","coordinates":[[[-111.9326,39.9431],[-111.9292,39.9507],[-111.9332,39.953],[-111.9297,39.9629],[-111.9298,39.9668],[-111.9315,39.9686],[-111.9525,39.9649],[-111.9663,39.969],[-111.9921,39.971],[-111.9973,39.9738],[-112.0043,39.9731],[-112.0157,39.9745],[-112.0319,39.9712],[-112.0339,39.969],[-112.0448,39.9714],[-112.0479,39.9755],[-112.0529,39.975],[-112.062,39.9704],[-112.0662,39.9647],[-112.0756,39.9611],[-112.0765,39.9585],[-112.0821,39.9574],[-112.0859,39.9551],[-112.0892,39.9554],[-112.0962,39.9534],[-112.0975,39.9512],[-112.1027,39.948],[-112.1037,39.9425],[-112.1062,39.939],[-112.1027,39.9349],[-112.1044,39.9307],[-112.1035,39.9288],[-112.0985,39.9282],[-112.093,39.9303],[-112.0924,39.9277],[-112.0877,39.9253],[-112.0853,39.9255],[-112.0851,39.9229],[-112.0829,39.9217],[-112.0835,39.9185],[-112.0806,39.9172],[-112.0811,39.913],[-112.078,39.9114],[-112.0715,39.9109],[-112.0626,39.9047],[-112.0624,39.9017],[-112.0585,39.9065],[-112.059,39.91],[-112.0566,39.9133],[-112.0592,39.9215],[-112.0584,39.925],[-112.0545,39.9289],[-112.0433,39.9313],[-112.0383,39.9343],[-112.04,39.9379],[-112.0391,39.9407],[-112.034,39.942],[-112.0262,39.9417],[-112.014,39.9465],[-111.9985,39.9484],[-111.9816,39.9487],[-111.9681,39.9447],[-111.9587,39.9441],[-111.956,39.9412],[-111.9421,39.9415],[-111.9349,39.9389],[-111.9342,39.9421],[-111.9326,39.9431]]]}},{"type":"Feature","properties":{"huc12":"160202010204","name":"Currant Creek-Frontal Utah Lake"},"geometry":{"type":"Polygon","coordinates":[[[-111.9176,40.0567],[-111.9282,40.0591],[-111.9351,40.056],[-111.9529,40.0548],[-111.9794,40.0582],[-111.9955,40.0552],[-112.0121,40.049],[-112.0164,40.0454],[-112.0175,40.0428],[-112.0206,40.0414],[-112.0216,40.0391],[-112.036,40.0336],[-112.0366,40.0289],[-112.0413,40.0256],[-112.0466,40.0179],[-112.0511,40.0183],[-112.0519,40.0144],[-112.0549,40.0126],[-112.0527,40.0094],[-112.0541,40.0035],[-112.0566,40.0018],[-112.0565,39.9986],[-112.0606,39.9997],[-112.0658,39.9961],[-112.0665,39.9935],[-112.072,39.9893],[-112.0771,39.991],[-112.0808,39.9857],[-112.0876,39.9868],[-112.0941,39.9809],[-112.1001,39.9795],[-112.1036,39.9753],[-112.1054,39.9763],[-112.1089,39.9749],[-112.1098,39.9706],[-112.1042,39.9654],[-112.102,39.9587],[-112.0958,39.9568],[-112.0941,39.9539],[-112.0859,39.9551],[-112.0821,39.9574],[-112.0765,39.9585],[-112.0756,39.9611],[-112.0662,39.9647],[-112.062,39.9704],[-112.0529,39.975],[-112.0479,39.9755],[-112.0448,39.9714],[-112.0339,39.969],[-112.0319,39.9712],[-112.0157,39.9745],[-112.0043,39.9731],[-111.9973,39.9738],[-111.9921,39.971],[-111.9663,39.969],[-111.9525,39.9649],[-111.9319,39.9687],[-111.93,39.9673],[-111.9297,39.9629],[-111.9332,39.953],[-111.9292,39.9507],[-111.9326,39.9431],[-111.928,39.9431],[-111.9228,39.9409],[-111.922,39.939],[-111.9166,39.9405],[-111.9102,39.939],[-111.9046,39.9445],[-111.901,39.9517],[-111.8973,39.9706],[-111.9051,39.9828],[-111.9083,39.9853],[-111.9086,39.9921],[-111.9065,39.9997],[-111.9096,40.0058],[-111.9141,40.0103],[-111.9121,40.0151],[-111.9166,40.0122],[-111.9164,40.009],[-111.9166,40.0127],[-111.9207,40.0198],[-111.9224,40.0196],[-111.9209,40.0205],[-111.9207,40.0229],[-111.9222,40.0278],[-111.9268,40.0297],[-111.9249,40.0348],[-111.9256,40.0372],[-111.9211,40.0454],[-111.9235,40.0517],[-111.9204,40.0547],[-111.9032,40.0543],[-111.8987,40.0557],[-111.8976,40.054],[-111.8988,40.0514],[-111.9043,40.0492],[-111.8999,40.0474],[-111.8942,40.0481],[-111.8921,40.0468],[-111.8951,40.0544],[-111.8974,40.0566],[-111.9044,40.0554],[-111.9176,40.0567]]]}},{"type":"Feature","properties":{"huc12":"160202010702","name":"Tickville Gulch-West Canyon Wash"},"geometry":{"type":"Polygon","coordinates":[[[-112.0332,40.4627],[-112.0383,40.4645],[-112.046,40.4573],[-112.0592,40.453],[-112.061,40.4504],[-112.0647,40.4491],[-112.0671,40.4463],[-112.0921,40.4481],[-112.1016,40.4454],[-112.1106,40.4398],[-112.1118,40.4389],[-112.1075,40.4323],[-112.1081,40.4282],[-112.1053,40.4205],[-112.1009,40.4168],[-112.1018,40.4115],[-112.1007,40.4085],[-112.1031,40.4059],[-112.1193,40.4038],[-112.121,40.4017],[-112.1215,40.3977],[-112.1114,40.4008],[-112.0993,40.3982],[-112.093,40.3956],[-112.0868,40.3897],[-112.0755,40.3877],[-112.0685,40.384],[-112.0649,40.3805],[-112.0504,40.3779],[-112.0368,40.3693],[-112.0118,40.3581],[-112.0092,40.3537],[-112.0064,40.3535],[-111.9987,40.3481],[-111.9971,40.3434],[-111.9918,40.3391],[-111.9858,40.3399],[-111.9828,40.3433],[-111.978,40.3421],[-111.9731,40.3444],[-111.9709,40.3429],[-111.9709,40.3407],[-111.969,40.3387],[-111.9693,40.3349],[-111.967,40.3337],[-111.9662,40.3303],[-111.9623,40.3267],[-111.9671,40.3181],[-111.9649,40.3171],[-111.9611,40.3121],[-111.9566,40.3146],[-111.9543,40.3219],[-111.949,40.3248],[-111.9451,40.3251],[-111.9437,40.3267],[-111.9367,40.3276],[-111.9346,40.3412],[-111.9324,40.3429],[-111.9326,40.3447],[-111.9169,40.3453],[-111.9097,40.3443],[-111.9045,40.3489],[-111.9019,40.3534],[-111.9083,40.3545],[-111.925,40.3542],[-111.9453,40.3519],[-111.9529,40.3551],[-111.9535,40.3572],[-111.9561,40.3577],[-111.9561,40.36],[-111.9641,40.362],[-111.9713,40.3668],[-111.9833,40.3718],[-111.9863,40.3765],[-111.9864,40.3789],[-111.9935,40.3788],[-111.9955,40.3855],[-111.9945,40.3896],[-111.9953,40.3925],[-111.9935,40.3928],[-111.9929,40.3967],[-111.994,40.398],[-111.99,40.4054],[-111.9896,40.4135],[-111.9834,40.4157],[-111.9853,40.4184],[-111.9921,40.42],[-111.9929,40.4243],[-111.9994,40.4241],[-112.0019,40.4267],[-112.0062,40.4277],[-112.009,40.4323],[-112.0068,40.4339],[-112.0069,40.4353],[-112.0107,40.4371],[-112.0163,40.4351],[-112.0215,40.439],[-112.0246,40.4445],[-112.0205,40.4473],[-112.0247,40.4504],[-112.0315,40.451],[-112.0304,40.4545],[-112.0326,40.4576],[-112.0332,40.4627]]]}},{"type":"Feature","properties":{"huc12":"160201020603","name":"Town of West Weber-Weber River"},"geometry":{"type":"Polygon","coordinates":[[[-112.0748,41.2831],[-112.0831,41.2811],[-112.0841,41.2861],[-112.0814,41.2907],[-112.0834,41.2972],[-112.0905,41.2955],[-112.0935,41.2919],[-112.0918,41.2838],[-112.1046,41.2771],[-112.1062,41.2721],[-112.1059,41.2674],[-112.108,41.2643],[-112.1074,41.2618],[-112.1179,41.2571],[-112.1216,41.2488],[-112.1295,41.2497],[-112.1377,41.2445],[-112.1504,41.2442],[-112.1556,41.247],[-112.1588,41.2434],[-112.1588,41.2403],[-112.147,41.2311],[-112.1334,41.2248],[-112.1275,41.2237],[-112.126,41.2244],[-112.1249,41.2281],[-112.1221,41.231],[-112.1199,41.2382],[-112.1169,41.2432],[-112.1053,41.2446],[-112.098,41.2502],[-112.0946,41.2573],[-112.0874,41.2632],[-112.0759,41.2621],[-112.0677,41.265],[-112.0632,41.2595],[-112.0612,41.2495],[-112.0617,41.2458],[-112.053,41.2421],[-112.0502,41.2381],[-112.0467,41.2379],[-112.0461,41.2352],[-112.0429,41.2334],[-112.0417,41.2295],[-112.0344,41.2215],[-112.0256,41.2197],[-112.0169,41.2221],[-112.0082,41.2156],[-111.996,41.2142],[-111.9957,41.2204],[-112.0026,41.2257],[-112.0038,41.2287],[-112.0024,41.2348],[-112.0031,41.2362],[-111.9966,41.2357],[-111.9984,41.2381],[-112.0189,41.2493],[-112.0266,41.2503],[-112.0364,41.2544],[-112.0421,41.2524],[-112.0475,41.2533],[-112.0493,41.2551],[-112.0484,41.2591],[-112.0528,41.2637],[-112.0533,41.2671],[-112.0557,41.2689],[-112.0558,41.2709],[-112.0615,41.2723],[-112.0633,41.2714],[-112.065,41.2739],[-112.0666,41.2739],[-112.0703,41.277],[-112.0732,41.277],[-112.0748,41.2831]]]}},{"type":"Feature","properties":{"huc12":"160201020604","name":"Weber River-Frontal Great Salt Lake"},"geometry":{"type":"Polygon","coordinates":[[[-112.1556,41.247],[-112.1595,41.2515],[-112.1598,41.2626],[-112.1612,41.2666],[-112.1669,41.2694],[-112.1762,41.2703],[-112.1832,41.2698],[-112.1847,41.268],[-112.1865,41.2601],[-112.1906,41.2592],[-112.1932,41.2608],[-112.1949,41.2588],[-112.1979,41.2592],[-112.1999,41.2537],[-112.2032,41.2523],[-112.2084,41.2519],[-112.2129,41.254],[-112.2149,41.2537],[-112.2154,41.2517],[-112.2175,41.2513],[-112.2235,41.2542],[-112.2343,41.254],[-112.2296,41.2519],[-112.2242,41.2469],[-112.2233,41.2449],[-112.2247,41.24],[-112.2272,41.2365],[-112.2348,41.2323],[-112.2494,41.22],[-112.2489,41.2179],[-112.2506,41.2144],[-112.2472,41.2117],[-112.2454,41.2129],[-112.2413,41.2126],[-112.2305,41.1972],[-112.2286,41.1954],[-112.2255,41.1949],[-112.2266,41.1929],[-112.2247,41.193],[-112.2208,41.1884],[-112.2182,41.1875],[-112.2183,41.1822],[-112.2148,41.1793],[-112.21,41.1803],[-112.2072,41.1772],[-112.2084,41.1766],[-112.2066,41.1755],[-112.204,41.176],[-112.207,41.1754],[-112.2078,41.1741],[-112.2043,41.1737],[-112.2044,41.172],[-112.2028,41.1723],[-112.2022,41.1696],[-112.201,41.1701],[-112.201,41.1683],[-112.1985,41.1668],[-112.2051,41.1623],[-112.2058,41.1598],[-112.2074,41.1591],[-112.2063,41.1569],[-112.2043,41.1567],[-112.2034,41.155],[-112.192,41.1555],[-112.1898,41.1597],[-112.1906,41.1628],[-112.187,41.1684],[-112.1802,41.1712],[-112.1672,41.1709],[-112.1623,41.1655],[-112.1474,41.1655],[-112.1364,41.1635],[-112.1334,41.1643],[-112.131,41.1673],[-112.1237,41.1645],[-112.1076,41.1641],[-112.099,41.1667],[-112.0915,41.1732],[-112.081,41.1758],[-112.0784,41.1782],[-112.0726,41.1792],[-112.048,41.1762],[-112.0326,41.1773],[-112.0278,41.1762],[-112.0228,41.1714],[-112.0195,41.1788],[-112.0033,41.1958],[-112.0006,41.2044],[-111.9974,41.2063],[-111.9977,41.2095],[-111.9944,41.2133],[-112.0082,41.2156],[-112.0169,41.2221],[-112.0256,41.2197],[-112.0344,41.2215],[-112.0417,41.2295],[-112.0429,41.2334],[-112.0461,41.2352],[-112.0467,41.2379],[-112.0502,41.2381],[-112.053,41.2421],[-112.0617,41.2458],[-112.0612,41.2495],[-112.0632,41.2595],[-112.0677,41.265],[-112.0759,41.2621],[-112.0874,41.2632],[-112.0946,41.2573],[-112.098,41.2502],[-112.1053,41.2446],[-112.1169,41.2432],[-112.1199,41.2382],[-112.1221,41.231],[-112.1249,41.2281],[-112.126,41.2244],[-112.1275,41.2237],[-112.1384,41.2268],[-112.1511,41.2333],[-112.1571,41.238],[-112.1592,41.2422],[-112.1556,41.247]]]}},{"type":"Feature","properties":{"huc12":"160202010109","name":"Mona Reservoir-Currant Creek"},"geometry":{"type":"Polygon","coordinates":[[[-111.9102,39.939],[-111.9166,39.9405],[-111.922,39.939],[-111.9231,39.9411],[-111.9307,39.9437],[-111.9341,39.9424],[-111.9346,39.9392],[-111.937,39.9361],[-111.9373,39.9334],[-111.9356,39.9317],[-111.9319,39.9314],[-111.9295,39.9285],[-111.9213,39.9256],[-111.918,39.9224],[-111.9131,39.9213],[-111.9085,39.9185],[-111.9105,39.913],[-111.9084,39.9086],[-111.912,39.9057],[-111.9119,39.9013],[-111.9132,39.899],[-111.9094,39.8926],[-111.9153,39.8837],[-111.9209,39.8802],[-111.9217,39.8745],[-111.9265,39.8728],[-111.9255,39.8703],[-111.9281,39.865],[-111.9327,39.8636],[-111.9376,39.8585],[-111.9372,39.8553],[-111.9481,39.8493],[-111.9481,39.8441],[-111.95,39.8391],[-111.949,39.8367],[-111.9502,39.8348],[-111.9578,39.8363],[-111.9612,39.8296],[-111.9641,39.8273],[-111.964,39.8175],[-111.9629,39.8157],[-111.9546,39.8115],[-111.9513,39.8026],[-111.9523,39.7923],[-111.95,39.7903],[-111.9473,39.7915],[-111.9471,39.7938],[-111.9441,39.7963],[-111.9438,39.7997],[-111.9425,39.8009],[-111.9377,39.8003],[-111.9284,39.8046],[-111.9252,39.8039],[-111.9238,39.8054],[-111.919,39.8056],[-111.8968,39.8167],[-111.8774,39.8201],[-111.8667,39.8201],[-111.8595,39.8173],[-111.8514,39.8164],[-111.8405,39.8131],[-111.8282,39.8035],[-111.817,39.7972],[-111.8088,39.7955],[-111.7941,39.7968],[-111.7855,39.8],[-111.7798,39.8066],[-111.7741,39.8078],[-111.7699,39.8067],[-111.7676,39.8084],[-111.7643,39.8161],[-111.7582,39.8248],[-111.7488,39.8331],[-111.7503,39.8413],[-111.7475,39.8454],[-111.7465,39.85],[-111.7381,39.8514],[-111.7342,39.8538],[-111.738,39.8641],[-111.7581,39.8769],[-111.7658,39.8719],[-111.7711,39.8714],[-111.7728,39.872],[-111.7746,39.8753],[-111.7753,39.8808],[-111.7808,39.8833],[-111.7906,39.884],[-111.7985,39.8819],[-111.8051,39.8839],[-111.8136,39.8831],[-111.8211,39.8853],[-111.8327,39.8852],[-111.8537,39.8878],[-111.855,39.8926],[-111.8583,39.8969],[-111.8624,39.8985],[-111.8612,39.901],[-111.8653,39.9025],[-111.8663,39.9059],[-111.8733,39.9072],[-111.8792,39.9064],[-111.8864,39.9123],[-111.8872,39.9138],[-111.8863,39.9163],[-111.8891,39.9196],[-111.8927,39.9301],[-111.8962,39.9321],[-111.9027,39.9329],[-111.9037,39.9353],[-111.9086,39.9371],[-111.9102,39.939]]]}},{"type":"Feature","properties":{"huc12":"160202020205","name":"Lower Thistle Creek"},"geometry":{"type":"Polygon","coordinates":[[[-111.4985,39.995],[-111.5055,39.996],[-111.5132,39.9899],[-111.5189,39.9882],[-111.5254,39.9924],[-111.5282,39.9921],[-111.5328,39.9938],[-111.5344,39.9965],[-111.5373,39.9978],[-111.55,39.9981],[-111.5645,39.991],[-111.5702,39.9895],[-111.5772,39.9951],[-111.5821,39.9971],[-111.5886,39.998],[-111.5939,39.996],[-111.5992,39.9971],[-111.6014,39.9952],[-111.6022,39.9878],[-111.605,39.9825],[-111.6115,39.981],[-111.6129,39.9782],[-111.6221,39.972],[-111.63,39.9688],[-111.6377,39.9675],[-111.6367,39.96],[-111.6411,39.9507],[-111.6372,39.9467],[-111.6367,39.9445],[-111.6269,39.9353],[-111.631,39.9298],[-111.6295,39.9238],[-111.6335,39.916],[-111.6359,39.914],[-111.6383,39.9138],[-111.6411,39.91],[-111.6383,39.9083],[-111.6374,39.9054],[-111.6312,39.8997],[-111.6306,39.8971],[-111.6278,39.8944],[-111.6153,39.8967],[-111.6005,39.8876],[-111.5801,39.8904],[-111.5736,39.8898],[-111.5703,39.891],[-111.5567,39.8887],[-111.5475,39.8923],[-111.5357,39.8872],[-111.5333,39.8897],[-111.5299,39.8902],[-111.5177,39.8871],[-111.5075,39.8935],[-111.5061,39.8962],[-111.507,39.8988],[-111.5016,39.9008],[-111.4903,39.901],[-111.4882,39.8978],[-111.486,39.8972],[-111.4812,39.8978],[-111.4744,39.9024],[-111.4668,39.9035],[-111.4662,39.9078],[-111.4695,39.9115],[-111.4692,39.9138],[-111.4721,39.916],[-111.4712,39.9231],[-111.4759,39.9275],[-111.4798,39.9287],[-111.4806,39.9372],[-111.4794,39.9485],[-111.4807,39.9503],[-111.4864,39.9519],[-111.4838,39.9581],[-111.4849,39.9592],[-111.4832,39.9623],[-111.4839,39.9649],[-111.482,39.9686],[-111.4822,39.9725],[-111.4965,39.9888],[-111.4964,39.9914],[-111.4985,39.995]]]}},{"type":"Feature","properties":{"huc12":"160202040405","name":"Jordan River-Frontal Great Salt Lake"},"geometry":{"type":"Polygon","coordinates":[[[-111.9717,40.9354],[-111.973,40.9403],[-111.9743,40.9381],[-111.9733,40.9357],[-111.9756,40.9348],[-111.9725,40.9324],[-111.9736,40.9286],[-111.9793,40.9301],[-111.9811,40.9257],[-111.9861,40.9289],[-111.9881,40.9286],[-111.9901,40.9268],[-111.99,40.9254],[-111.9939,40.9239],[-111.9885,40.9199],[-111.9874,40.9207],[-111.9838,40.9184],[-111.967,40.9283],[-111.9584,40.9295],[-111.9562,40.9287],[-111.9581,40.9268],[-111.96,40.9279],[-111.966,40.9271],[-111.9664,40.9249],[-111.9717,40.9207],[-111.9768,40.9191],[-111.977,40.9174],[-111.9752,40.9154],[-111.9763,40.9126],[-111.9817,40.9178],[-111.9822,40.9164],[-111.9832,40.9165],[-111.9809,40.915],[-111.9855,40.9136],[-111.9787,40.9109],[-111.9812,40.9106],[-111.9771,40.9051],[-111.9748,40.8953],[-111.9776,40.8789],[-111.9813,40.8726],[-111.9827,40.8605],[-111.9808,40.857],[-111.9665,40.843],[-111.956,40.8409],[-111.953,40.8236],[-111.9509,40.8181],[-111.955,40.8152],[-111.9678,40.8118],[-111.9737,40.8047],[-111.9876,40.7997],[-111.9928,40.7932],[-111.993,40.791],[-111.9893,40.7879],[-111.9787,40.7837],[-111.9762,40.776],[-111.9698,40.7714],[-111.9696,40.7635],[-111.9719,40.7555],[-111.9688,40.7454],[-111.9628,40.7483],[-111.9527,40.7504],[-111.9131,40.7516],[-111.9024,40.7537],[-111.899,40.7555],[-111.8966,40.7602],[-111.892,40.7645],[-111.8875,40.7751],[-111.886,40.7895],[-111.888,40.7934],[-111.8908,40.7953],[-111.8869,40.7979],[-111.8877,40.8011],[-111.8805,40.8047],[-111.8806,40.8073],[-111.8772,40.8108],[-111.8757,40.8156],[-111.871,40.816],[-111.8695,40.8188],[-111.8662,40.8201],[-111.8656,40.8222],[-111.8585,40.823],[-111.8573,40.8262],[-111.8536,40.8292],[-111.846,40.8297],[-111.8441,40.832],[-111.8418,40.8325],[-111.8376,40.8307],[-111.8304,40.8319],[-111.8282,40.8338],[-111.8217,40.8344],[-111.8172,40.8385],[-111.8212,40.8433],[-111.8306,40.8474],[-111.8313,40.849],[-111.8349,40.85],[-111.8373,40.8486],[-111.8418,40.8493],[-111.8465,40.8635],[-111.8505,40.8658],[-111.85,40.8692],[-111.8616,40.871],[-111.8763,40.8753],[-111.885,40.875],[-111.8938,40.8775],[-111.9048,40.8772],[-111.9151,40.8792],[-111.9258,40.8843],[-111.9376,40.8977],[-111.9483,40.9032],[-111.9488,40.9087],[-111.9459,40.9069],[-111.9426,40.9111],[-111.948,40.9122],[-111.9485,40.9314],[-111.9524,40.9324],[-111.9533,40.9344],[-111.9559,40.9318],[-111.9589,40.9328],[-111.9608,40.9315],[-111.9616,40.9339],[-111.9578,40.9396],[-111.9639,40.935],[-111.9646,40.9324],[-111.9666,40.9312],[-111.9654,40.9294],[-111.9677,40.9296],[-111.9717,40.9354]]]}},{"type":"Feature","properties":{"huc12":"160202011002","name":"Jordan River-Dry Creek"},"geometry":{"type":"Polygon","coordinates":[[[-111.8557,40.4669],[-111.8653,40.4701],[-111.8684,40.4726],[-111.8706,40.4767],[-111.8737,40.4768],[-111.8848,40.4709],[-111.8923,40.4641],[-111.9018,40.4625],[-111.9068,40.4555],[-111.9101,40.4536],[-111.9116,40.4497],[-111.9176,40.4462],[-111.9194,40.4432],[-111.9247,40.4417],[-111.9253,40.4367],[-111.9344,40.4323],[-111.9384,40.4285],[-111.944,40.4284],[-111.946,40.4249],[-111.9533,40.423],[-111.9597,40.4186],[-111.9672,40.4198],[-111.9739,40.4173],[-111.9782,40.4172],[-111.9819,40.4143],[-111.9834,40.4157],[-111.9877,40.415],[-111.9896,40.4135],[-111.99,40.4054],[-111.994,40.398],[-111.9929,40.3967],[-111.9935,40.3928],[-111.9953,40.3925],[-111.9945,40.3896],[-111.9954,40.3845],[-111.9938,40.3792],[-111.9861,40.3787],[-111.9863,40.3765],[-111.9833,40.3718],[-111.9713,40.3668],[-111.9641,40.362],[-111.9561,40.36],[-111.9561,40.3577],[-111.9535,40.3572],[-111.9529,40.3551],[-111.9453,40.3519],[-111.925,40.3542],[-111.9097,40.3546],[-111.9019,40.3534],[-111.8989,40.356],[-111.8985,40.3603],[-111.8952,40.3598],[-111.8899,40.3619],[-111.8921,40.3606],[-111.8814,40.3612],[-111.8742,40.3625],[-111.875,40.3634],[-111.8738,40.364],[-111.8646,40.362],[-111.8627,40.3631],[-111.8634,40.3619],[-111.8612,40.3615],[-111.8581,40.3618],[-111.8576,40.3632],[-111.8569,40.362],[-111.849,40.3631],[-111.8442,40.3628],[-111.8409,40.361],[-111.8392,40.3616],[-111.8401,40.3604],[-111.837,40.3582],[-111.8354,40.3581],[-111.835,40.3596],[-111.8302,40.359],[-111.8309,40.358],[-111.8276,40.3558],[-111.8291,40.3549],[-111.8261,40.354],[-111.8243,40.3537],[-111.8241,40.3555],[-111.8231,40.3539],[-111.8201,40.3539],[-111.818,40.3526],[-111.8169,40.3531],[-111.82,40.3552],[-111.8155,40.3545],[-111.8167,40.3524],[-111.8156,40.3509],[-111.8135,40.3519],[-111.8114,40.3484],[-111.8049,40.3459],[-111.8016,40.3511],[-111.8001,40.3584],[-111.7999,40.3648],[-111.8015,40.3704],[-111.7989,40.3779],[-111.7927,40.3856],[-111.7884,40.3884],[-111.7873,40.3913],[-111.7874,40.4024],[-111.7902,40.4088],[-111.7891,40.413],[-111.7849,40.4196],[-111.7836,40.4244],[-111.7668,40.4329],[-111.7818,40.4326],[-111.8021,40.4299],[-111.8098,40.4318],[-111.8179,40.4275],[-111.8211,40.4272],[-111.8232,40.4287],[-111.8225,40.431],[-111.8248,40.4363],[-111.825,40.4404],[-111.831,40.4489],[-111.8397,40.452],[-111.8438,40.4572],[-111.849,40.458],[-111.8534,40.4634],[-111.8578,40.4654],[-111.8557,40.4669]]]}},{"type":"Feature","properties":{"huc12":"160202030505","name":"Rock Canyon-Provo River"},"geometry":{"type":"Polygon","coordinates":[[[-111.622,40.2995],[-111.6256,40.3016],[-111.63,40.3008],[-111.6321,40.2991],[-111.6364,40.299],[-111.647,40.2948],[-111.6491,40.2914],[-111.6539,40.2883],[-111.6579,40.2879],[-111.6598,40.2846],[-111.659,40.2775],[-111.6617,40.2684],[-111.6636,40.2664],[-111.6782,40.2739],[-111.6872,40.2656],[-111.6917,40.2581],[-111.7005,40.2561],[-111.7036,40.2543],[-111.7073,40.2489],[-111.7069,40.2459],[-111.7115,40.2427],[-111.7174,40.2401],[-111.7216,40.24],[-111.7255,40.2374],[-111.7314,40.2383],[-111.7389,40.2369],[-111.7336,40.2356],[-111.7288,40.2371],[-111.7267,40.2361],[-111.7269,40.2346],[-111.7205,40.2335],[-111.7192,40.2313],[-111.6902,40.2384],[-111.6851,40.2386],[-111.6783,40.2425],[-111.6732,40.2433],[-111.6551,40.2591],[-111.6357,40.265],[-111.6233,40.2654],[-111.6193,40.259],[-111.6134,40.2576],[-111.6108,40.2547],[-111.6091,40.2564],[-111.6067,40.2566],[-111.6029,40.2527],[-111.5955,40.2485],[-111.5973,40.2451],[-111.5965,40.2407],[-111.5896,40.2442],[-111.5841,40.2435],[-111.5807,40.2411],[-111.5674,40.2447],[-111.5571,40.2442],[-111.5467,40.2481],[-111.5444,40.2524],[-111.5454,40.2577],[-111.5442,40.26],[-111.5446,40.2638],[-111.5405,40.2694],[-111.5459,40.273],[-111.5487,40.2771],[-111.566,40.2821],[-111.5707,40.2848],[-111.5779,40.2847],[-111.5839,40.2892],[-111.5959,40.2877],[-111.6012,40.2835],[-111.6081,40.2813],[-111.6095,40.2818],[-111.6149,40.2922],[-111.619,40.2932],[-111.6195,40.2979],[-111.622,40.2995]]]}},{"type":"Feature","properties":{"huc12":"160203040201","name":"Boulter Creek"},"geometry":{"type":"Polygon","coordinates":[[[-112.1807,40.0115],[-112.1871,40.0128],[-112.2058,40.0105],[-112.2185,40.0139],[-112.2314,40.0115],[-112.2374,40.0123],[-112.249,40.0184],[-112.2517,40.0269],[-112.2664,40.0397],[-112.27,40.044],[-112.2702,40.0468],[-112.2775,40.0498],[-112.2763,40.0677],[-112.2668,40.0976],[-112.2676,40.1019],[-112.2584,40.1139],[-112.2564,40.1203],[-112.2513,40.1236],[-112.2503,40.1259],[-112.243,40.1289],[-112.2384,40.1329],[-112.2295,40.1459],[-112.2226,40.1512],[-112.2207,40.1554],[-112.2209,40.1632],[-112.2251,40.1581],[-112.2341,40.1524],[-112.2485,40.1406],[-112.2519,40.1364],[-112.2518,40.1326],[-112.256,40.1275],[-112.2595,40.1273],[-112.2632,40.1237],[-112.2679,40.1132],[-112.2743,40.1073],[-112.2778,40.0845],[-112.2799,40.0828],[-112.2816,40.076],[-112.2836,40.0741],[-112.2942,40.0705],[-112.2962,40.0618],[-112.2944,40.0587],[-112.294,40.0541],[-112.2984,40.0529],[-112.2995,40.0512],[-112.3009,40.0345],[-112.3054,40.0276],[-112.3174,40.0281],[-112.3206,40.0205],[-112.3175,40.0195],[-112.3226,40.0093],[-112.3217,40.0047],[-112.3226,39.9954],[-112.3252,39.9904],[-112.3357,39.984],[-112.3368,39.9762],[-112.343,39.9729],[-112.3415,39.9669],[-112.3428,39.9652],[-112.3427,39.9629],[-112.3367,39.9593],[-112.3276,39.9468],[-112.3237,39.9446],[-112.3155,39.9459],[-112.3115,39.948],[-112.3101,39.9475],[-112.3093,39.9448],[-112.3065,39.9454],[-112.3054,39.9397],[-112.3034,39.937],[-112.2848,39.9422],[-112.2777,39.9396],[-112.2702,39.9391],[-112.2671,39.9418],[-112.2609,39.9432],[-112.2542,39.9505],[-112.2489,39.9507],[-112.245,39.957],[-112.2421,39.9569],[-112.2366,39.9604],[-112.2354,39.9704],[-112.2291,39.9758],[-112.225,39.982],[-112.2259,39.9859],[-112.225,39.988],[-112.202,39.9998],[-112.2001,40.004],[-112.1918,40.0041],[-112.1867,40.006],[-112.1807,40.0115]]]}},{"type":"Feature","properties":{"huc12":"160203040206","name":"Town of Faust"},"geometry":{"type":"Polygon","coordinates":[[[-112.3239,40.206],[-112.3258,40.2138],[-112.3225,40.2164],[-112.3215,40.2235],[-112.3242,40.2317],[-112.328,40.236],[-112.328,40.2482],[-112.3429,40.2423],[-112.3478,40.2389],[-112.3524,40.2319],[-112.3552,40.2317],[-112.3649,40.227],[-112.3665,40.2251],[-112.3742,40.2223],[-112.3737,40.2195],[-112.3775,40.2159],[-112.3781,40.2105],[-112.3855,40.2052],[-112.3901,40.1902],[-112.3944,40.1863],[-112.3926,40.1823],[-112.3963,40.1618],[-112.3941,40.1575],[-112.3898,40.154],[-112.3905,40.1521],[-112.3888,40.146],[-112.3898,40.144],[-112.3886,40.1416],[-112.3902,40.1395],[-112.3868,40.134],[-112.3867,40.1318],[-112.3847,40.1304],[-112.3821,40.1315],[-112.3795,40.131],[-112.3671,40.1393],[-112.3474,40.1416],[-112.3432,40.144],[-112.3364,40.1532],[-112.3324,40.1551],[-112.3293,40.1609],[-112.3263,40.1607],[-112.3243,40.1653],[-112.3248,40.1707],[-112.323,40.1778],[-112.3253,40.1857],[-112.3247,40.1895],[-112.3266,40.1908],[-112.3264,40.1937],[-112.3234,40.1971],[-112.3239,40.206]]]}},{"type":"Feature","properties":{"huc12":"160203040204","name":"160203040204"},"geometry":{"type":"Polygon","coordinates":[[[-112.2794,40.1497],[-112.274,40.1652],[-112.2722,40.176],[-112.2681,40.1792],[-112.2677,40.1895],[-112.2653,40.1954],[-112.2665,40.1996],[-112.2629,40.2049],[-112.2619,40.2094],[-112.2629,40.2126],[-112.2669,40.2154],[-112.2717,40.2222],[-112.277,40.2232],[-112.2793,40.2264],[-112.2859,40.2273],[-112.2874,40.229],[-112.292,40.2302],[-112.2963,40.2257],[-112.2973,40.2222],[-112.3091,40.2155],[-112.3131,40.2097],[-112.3172,40.2093],[-112.3239,40.206],[-112.3234,40.1971],[-112.3264,40.1937],[-112.3266,40.1908],[-112.3247,40.1895],[-112.3253,40.1857],[-112.323,40.1778],[-112.3248,40.1707],[-112.3243,40.1653],[-112.3263,40.1607],[-112.3293,40.1609],[-112.3324,40.1551],[-112.3364,40.1532],[-112.3432,40.144],[-112.3472,40.1417],[-112.3673,40.1393],[-112.3795,40.131],[-112.3821,40.1315],[-112.3847,40.1304],[-112.3821,40.1275],[-112.3839,40.1263],[-112.3834,40.1233],[-112.3826,40.1217],[-112.3785,40.1209],[-112.3756,40.1176],[-112.3744,40.1137],[-112.3697,40.111],[-112.371,40.1097],[-112.3688,40.106],[-112.3603,40.106],[-112.3579,40.1095],[-112.3476,40.1104],[-112.327,40.1183],[-112.3246,40.1198],[-112.32,40.1276],[-112.3122,40.1299],[-112.308,40.1336],[-112.3019,40.1365],[-112.2941,40.1363],[-112.285,40.1448],[-112.2843,40.1474],[-112.2794,40.1497]]]}},{"type":"Feature","properties":{"huc12":"160203050505","name":"Skull Valley-Frontal Great Salt Lake"},"geometry":{"type":"Polygon","coordinates":[[[-112.6209,40.8132],[-112.6373,40.8224],[-112.6611,40.8236],[-112.6743,40.8134],[-112.6777,40.8133],[-112.6815,40.8107],[-112.6838,40.8076],[-112.6877,40.8071],[-112.691,40.8043],[-112.6969,40.8024],[-112.7012,40.8042],[-112.7096,40.8038],[-112.7127,40.8055],[-112.7136,40.809],[-112.7185,40.811],[-112.7204,40.8132],[-112.7273,40.8146],[-112.7296,40.8111],[-112.7299,40.8081],[-112.7314,40.8079],[-112.7301,40.8042],[-112.7322,40.8007],[-112.7361,40.7978],[-112.7404,40.7994],[-112.7412,40.796],[-112.7348,40.7842],[-112.7334,40.7773],[-112.7251,40.7741],[-112.7239,40.7682],[-112.7249,40.7634],[-112.7224,40.7605],[-112.7228,40.7569],[-112.7211,40.7552],[-112.7214,40.7483],[-112.7173,40.7456],[-112.7134,40.7408],[-112.7138,40.7327],[-112.7097,40.7309],[-112.7087,40.7289],[-112.7079,40.7213],[-112.7034,40.7129],[-112.7016,40.7125],[-112.6977,40.7072],[-112.6908,40.7035],[-112.6811,40.7037],[-112.68,40.7018],[-112.6641,40.7002],[-112.6523,40.6964],[-112.648,40.6878],[-112.6445,40.6876],[-112.6414,40.6856],[-112.6339,40.6766],[-112.631,40.6768],[-112.628,40.6899],[-112.6298,40.6928],[-112.6313,40.7095],[-112.6303,40.7146],[-112.6314,40.7175],[-112.6337,40.719],[-112.6312,40.7234],[-112.6316,40.7273],[-112.6388,40.7319],[-112.6392,40.7373],[-112.6422,40.739],[-112.6483,40.7383],[-112.652,40.7393],[-112.6542,40.7428],[-112.6583,40.7455],[-112.6589,40.7487],[-112.6612,40.75],[-112.6625,40.7535],[-112.6562,40.7583],[-112.6521,40.7712],[-112.6441,40.7786],[-112.6346,40.7825],[-112.6075,40.7825],[-112.6121,40.7852],[-112.6161,40.7906],[-112.6223,40.7938],[-112.6286,40.8],[-112.6339,40.8032],[-112.6415,40.8182],[-112.6397,40.8185],[-112.6375,40.8147],[-112.6365,40.8152],[-112.6376,40.8169],[-112.6349,40.8168],[-112.6279,40.813],[-112.6209,40.8132]]]}},{"type":"Feature","properties":{"huc12":"160203040508","name":"Big Spring-Frontal Great Salt Lake"},"geometry":{"type":"Polygon","coordinates":[[[-112.576,40.7825],[-112.6365,40.7821],[-112.6441,40.7786],[-112.6508,40.7732],[-112.6541,40.7665],[-112.6562,40.7583],[-112.6625,40.7535],[-112.6612,40.75],[-112.6589,40.7487],[-112.6583,40.7455],[-112.6542,40.7428],[-112.652,40.7393],[-112.6483,40.7383],[-112.6422,40.739],[-112.6392,40.7373],[-112.6388,40.7319],[-112.6316,40.7275],[-112.6312,40.7234],[-112.6337,40.719],[-112.6314,40.7175],[-112.6303,40.7146],[-112.6313,40.7095],[-112.6298,40.6928],[-112.628,40.6899],[-112.6285,40.6846],[-112.6311,40.6781],[-112.6304,40.673],[-112.6264,40.665],[-112.6255,40.6583],[-112.6165,40.6525],[-112.6157,40.6489],[-112.6108,40.6468],[-112.6089,40.6438],[-112.6066,40.6449],[-112.6022,40.644],[-112.6002,40.6455],[-112.5958,40.6543],[-112.5923,40.6546],[-112.5897,40.6586],[-112.5903,40.6641],[-112.5943,40.6701],[-112.5911,40.6729],[-112.5916,40.676],[-112.5874,40.6771],[-112.5915,40.6845],[-112.5876,40.6863],[-112.5924,40.6946],[-112.5913,40.7012],[-112.588,40.7044],[-112.5877,40.7119],[-112.5841,40.7185],[-112.5824,40.7201],[-112.5756,40.7219],[-112.5705,40.7262],[-112.5637,40.7464],[-112.5628,40.7573],[-112.5648,40.7686],[-112.5562,40.7821],[-112.576,40.7825]]]}},{"type":"Feature","properties":{"huc12":"160203050402","name":"Town of Delle"},"geometry":{"type":"Polygon","coordinates":[[[-112.8242,40.884],[-112.8306,40.8803],[-112.8334,40.8763],[-112.843,40.8751],[-112.8474,40.8727],[-112.8524,40.8726],[-112.8565,40.8694],[-112.8616,40.8681],[-112.8636,40.8656],[-112.8702,40.8638],[-112.8758,40.8591],[-112.8853,40.8575],[-112.8944,40.8583],[-112.9011,40.8568],[-112.9004,40.852],[-112.8961,40.85],[-112.8932,40.8452],[-112.8978,40.8358],[-112.8974,40.8336],[-112.9037,40.8302],[-112.9059,40.8258],[-112.903,40.8152],[-112.8997,40.8117],[-112.8999,40.8088],[-112.8908,40.804],[-112.8894,40.8001],[-112.898,40.7975],[-112.8985,40.793],[-112.905,40.7917],[-112.9051,40.7878],[-112.9068,40.7849],[-112.9048,40.7789],[-112.9017,40.7763],[-112.9059,40.7704],[-112.9039,40.7692],[-112.905,40.7676],[-112.9021,40.7657],[-112.9019,40.7639],[-112.9047,40.7595],[-112.9042,40.7579],[-112.9007,40.7545],[-112.8966,40.7539],[-112.8948,40.757],[-112.8951,40.7605],[-112.891,40.7633],[-112.8887,40.7666],[-112.8768,40.7677],[-112.8704,40.7663],[-112.8567,40.7717],[-112.8426,40.7727],[-112.833,40.7717],[-112.8307,40.77],[-112.8225,40.7569],[-112.818,40.753],[-112.8209,40.7462],[-112.8186,40.745],[-112.8145,40.7443],[-112.8101,40.7467],[-112.7838,40.7453],[-112.7775,40.7488],[-112.7668,40.749],[-112.7693,40.7547],[-112.7773,40.7613],[-112.7798,40.7656],[-112.7758,40.7679],[-112.7769,40.773],[-112.775,40.7756],[-112.7749,40.7787],[-112.7821,40.792],[-112.781,40.7946],[-112.7763,40.7963],[-112.7768,40.7998],[-112.7742,40.8045],[-112.774,40.8078],[-112.7772,40.8094],[-112.778,40.8122],[-112.7878,40.8141],[-112.7896,40.8176],[-112.7845,40.8193],[-112.785,40.8206],[-112.7828,40.8245],[-112.7781,40.8273],[-112.7782,40.836],[-112.7809,40.8382],[-112.7831,40.8373],[-112.7828,40.8401],[-112.7839,40.8413],[-112.7953,40.8429],[-112.7994,40.8449],[-112.8005,40.848],[-112.8066,40.8488],[-112.8084,40.8502],[-112.8092,40.8539],[-112.8132,40.8572],[-112.8137,40.8597],[-112.8121,40.8644],[-112.815,40.8671],[-112.8212,40.8697],[-112.8216,40.8724],[-112.8202,40.8756],[-112.8212,40.8778],[-112.8201,40.8801],[-112.8242,40.884]]]}},{"type":"Feature","properties":{"huc12":"160203061008","name":"160203061008"},"geometry":{"type":"Polygon","coordinates":[[[-112.9162,40.3105],[-112.9176,40.3102],[-112.9171,40.3071],[-112.9158,40.3062],[-112.9166,40.3038],[-112.9199,40.3012],[-112.9231,40.2927],[-112.9287,40.2921],[-112.9369,40.2885],[-112.9388,40.2846],[-112.9426,40.2824],[-112.9452,40.2776],[-112.9513,40.2719],[-112.957,40.2702],[-112.9661,40.2628],[-112.9739,40.252],[-112.9776,40.2494],[-112.9812,40.2492],[-112.9815,40.2443],[-112.9845,40.2439],[-112.9845,40.2428],[-112.9898,40.24],[-112.9914,40.2377],[-112.9964,40.237],[-112.9975,40.2351],[-113.0027,40.2356],[-113.0046,40.2274],[-113.0064,40.2272],[-113.0072,40.23],[-113.0103,40.2301],[-113.0111,40.2344],[-113.0123,40.2362],[-113.014,40.2359],[-113.0141,40.2344],[-113.0153,40.2342],[-113.0161,40.2245],[-113.0179,40.2214],[-113.0213,40.2221],[-113.0214,40.2199],[-113.023,40.2195],[-113.0246,40.2163],[-113.0228,40.2148],[-113.0274,40.2155],[-113.0295,40.2138],[-113.0304,40.2101],[-113.0337,40.2103],[-113.0371,40.2074],[-113.0406,40.2088],[-113.0411,40.2041],[-113.0374,40.2044],[-113.0369,40.2028],[-113.0237,40.1993],[-113.0141,40.2022],[-112.9843,40.2016],[-112.9675,40.2038],[-112.9473,40.2108],[-112.9364,40.2124],[-112.928,40.2176],[-112.9236,40.2222],[-112.911,40.2264],[-112.9063,40.2296],[-112.8985,40.2301],[-112.89,40.2263],[-112.8928,40.2343],[-112.8905,40.235],[-112.8888,40.2378],[-112.8894,40.242],[-112.8833,40.2474],[-112.887,40.2558],[-112.88,40.262],[-112.8795,40.2641],[-112.8759,40.2677],[-112.8787,40.2699],[-112.8775,40.2724],[-112.8742,40.2738],[-112.871,40.277],[-112.8671,40.2764],[-112.865,40.2776],[-112.8714,40.2829],[-112.8719,40.2884],[-112.8744,40.2904],[-112.8727,40.2951],[-112.8758,40.2966],[-112.8805,40.2962],[-112.8817,40.299],[-112.8881,40.3002],[-112.8906,40.3032],[-112.8961,40.3049],[-112.8976,40.3073],[-112.9031,40.3094],[-112.9094,40.3086],[-112.9162,40.3105]]]}},{"type":"Feature","properties":{"huc12":"160203061103","name":"Bitter Spring"},"geometry":{"type":"Polygon","coordinates":[[[-112.9481,40.3348],[-112.9564,40.3367],[-112.9639,40.3435],[-112.9738,40.345],[-112.9756,40.3467],[-112.975,40.3496],[-112.9761,40.3506],[-112.986,40.351],[-112.9892,40.3527],[-112.9872,40.3556],[-112.9934,40.3567],[-112.9955,40.3593],[-113.0024,40.3589],[-113.0148,40.3515],[-113.0237,40.3505],[-113.0267,40.3516],[-113.0288,40.3497],[-113.0321,40.3501],[-113.0371,40.3468],[-113.0362,40.3443],[-113.0377,40.3411],[-113.0369,40.3393],[-113.0383,40.338],[-113.0382,40.3339],[-113.0424,40.3267],[-113.059,40.3223],[-113.06,40.32],[-113.0669,40.3164],[-113.0652,40.3133],[-113.0672,40.3106],[-113.0668,40.3091],[-113.0615,40.3035],[-113.0555,40.301],[-113.0549,40.2957],[-113.0571,40.294],[-113.06,40.2938],[-113.0623,40.2888],[-113.0609,40.2852],[-113.0568,40.2828],[-113.0563,40.2723],[-113.0601,40.2718],[-113.0618,40.2693],[-113.0651,40.2707],[-113.0713,40.2636],[-113.0798,40.2607],[-113.1014,40.259],[-113.1081,40.2607],[-113.1099,40.2587],[-113.1375,40.2533],[-113.109,40.2451],[-113.0691,40.2439],[-113.0437,40.2409],[-113.0154,40.2407],[-113.0148,40.2361],[-113.0123,40.2361],[-113.0104,40.2302],[-113.0072,40.23],[-113.0064,40.2272],[-113.0046,40.2274],[-113.0027,40.2356],[-112.9975,40.2351],[-112.9964,40.237],[-112.9914,40.2377],[-112.9898,40.24],[-112.9845,40.2428],[-112.9845,40.2439],[-112.9815,40.2443],[-112.9812,40.2492],[-112.9776,40.2494],[-112.9739,40.252],[-112.9661,40.2628],[-112.957,40.2702],[-112.9513,40.2719],[-112.9452,40.2776],[-112.9426,40.2824],[-112.9388,40.2846],[-112.9369,40.2885],[-112.9287,40.2921],[-112.9231,40.2927],[-112.9199,40.3012],[-112.9166,40.3038],[-112.9158,40.3062],[-112.9171,40.3071],[-112.9176,40.3102],[-112.9216,40.3096],[-112.9252,40.3111],[-112.9303,40.3146],[-112.9326,40.3177],[-112.9406,40.3185],[-112.9406,40.3234],[-112.9426,40.3244],[-112.9453,40.3299],[-112.9475,40.3309],[-112.9481,40.3348]]]}},{"type":"Feature","properties":{"huc12":"160203061105","name":"160203061105"},"geometry":{"type":"Polygon","coordinates":[[[-113.1375,40.2533],[-113.1099,40.2587],[-113.1081,40.2607],[-113.1014,40.259],[-113.0798,40.2607],[-113.0713,40.2636],[-113.0651,40.2707],[-113.0618,40.2693],[-113.0601,40.2718],[-113.0563,40.2723],[-113.0568,40.2828],[-113.0609,40.2852],[-113.0623,40.2888],[-113.06,40.2938],[-113.0571,40.294],[-113.0549,40.2957],[-113.0555,40.301],[-113.0615,40.3035],[-113.0668,40.3091],[-113.0672,40.3106],[-113.0652,40.3133],[-113.0659,40.3147],[-113.0679,40.313],[-113.0722,40.3122],[-113.0757,40.3131],[-113.0806,40.3104],[-113.0776,40.3074],[-113.0845,40.2961],[-113.0839,40.2899],[-113.0869,40.2889],[-113.1016,40.2865],[-113.1166,40.2867],[-113.1436,40.2961],[-113.1735,40.3005],[-113.1839,40.293],[-113.1894,40.286],[-113.1901,40.2779],[-113.189,40.2719],[-113.1727,40.2494],[-113.1686,40.2352],[-113.1694,40.2306],[-113.1726,40.2243],[-113.1767,40.2241],[-113.1766,40.2229],[-113.1784,40.2222],[-113.1786,40.221],[-113.1758,40.2184],[-113.1801,40.2073],[-113.1679,40.2031],[-113.1655,40.1973],[-113.157,40.1891],[-113.147,40.1748],[-113.14,40.1698],[-113.1256,40.1644],[-113.1017,40.1607],[-113.0976,40.1642],[-113.0954,40.1684],[-113.0957,40.1795],[-113.0994,40.1856],[-113.1021,40.1864],[-113.107,40.1914],[-113.106,40.1984],[-113.1078,40.2018],[-113.1064,40.2043],[-113.1085,40.2052],[-113.1101,40.2038],[-113.1128,40.204],[-113.1146,40.2087],[-113.1297,40.2233],[-113.1375,40.2533]]]}},{"type":"Feature","properties":{"huc12":"160203081003","name":"Hickman Pass"},"geometry":{"type":"Polygon","coordinates":[[[-113.266,40.7172],[-113.2689,40.7176],[-113.2713,40.7212],[-113.2693,40.7254],[-113.2702,40.7268],[-113.2763,40.727],[-113.2811,40.725],[-113.2796,40.7236],[-113.2819,40.7221],[-113.2844,40.7159],[-113.2827,40.7144],[-113.2829,40.7107],[-113.2863,40.7087],[-113.2873,40.7011],[-113.2905,40.6976],[-113.2888,40.6953],[-113.2892,40.6913],[-113.292,40.6912],[-113.2918,40.6885],[-113.288,40.6845],[-113.2883,40.6801],[-113.2802,40.6781],[-113.2763,40.6753],[-113.2684,40.6724],[-113.2676,40.6734],[-113.2686,40.6782],[-113.2664,40.6837],[-113.2588,40.6821],[-113.2535,40.6781],[-113.2518,40.6813],[-113.2493,40.6794],[-113.2463,40.6803],[-113.245,40.6743],[-113.2425,40.6719],[-113.2438,40.6704],[-113.2304,40.665],[-113.2275,40.661],[-113.2272,40.655],[-113.2254,40.6511],[-113.2171,40.6461],[-113.2131,40.6456],[-113.2113,40.6468],[-113.2091,40.6446],[-113.206,40.6439],[-113.2013,40.6458],[-113.1977,40.6455],[-113.1889,40.6433],[-113.1827,40.6391],[-113.1824,40.6355],[-113.178,40.6331],[-113.1751,40.6282],[-113.1658,40.6294],[-113.1537,40.6239],[-113.1395,40.6244],[-113.1368,40.6205],[-113.1367,40.6183],[-113.1281,40.6159],[-113.1215,40.6168],[-113.1165,40.6224],[-113.1098,40.6229],[-113.0823,40.6103],[-113.0668,40.6066],[-113.0524,40.6063],[-113.0371,40.6096],[-113.0309,40.6094],[-113.0281,40.6009],[-113.0266,40.5997],[-113.0191,40.6015],[-113.0151,40.6052],[-113.0153,40.6075],[-113.0085,40.6104],[-113.0022,40.607],[-112.9978,40.6069],[-112.9879,40.6038],[-112.9804,40.606],[-112.9732,40.6042],[-112.9663,40.6056],[-112.9587,40.6035],[-112.9532,40.6067],[-112.9528,40.6117],[-112.9546,40.6136],[-112.953,40.6164],[-112.958,40.6174],[-112.9619,40.6202],[-112.9667,40.6206],[-112.9771,40.6283],[-112.9927,40.6328],[-112.9992,40.6309],[-113.006,40.6334],[-113.0136,40.6324],[-113.0162,40.6333],[-113.0187,40.6306],[-113.021,40.6347],[-113.0251,40.6378],[-113.0331,40.6371],[-113.0363,40.6417],[-113.042,40.6462],[-113.0626,40.6426],[-113.0631,40.6445],[-113.0613,40.6452],[-113.0613,40.6476],[-113.0581,40.6538],[-113.0581,40.662],[-113.0566,40.6634],[-113.0617,40.668],[-113.0578,40.6756],[-113.0625,40.6831],[-113.062,40.6878],[-113.0632,40.6898],[-113.0666,40.6911],[-113.0733,40.6914],[-113.0824,40.6867],[-113.1063,40.6813],[-113.1262,40.671],[-113.1362,40.6723],[-113.1448,40.6793],[-113.1493,40.6803],[-113.1531,40.6778],[-113.1515,40.6702],[-113.1528,40.6674],[-113.1574,40.6661],[-113.1617,40.6664],[-113.1707,40.6701],[-113.1772,40.6794],[-113.1846,40.6855],[-113.1816,40.6942],[-113.1825,40.6968],[-113.1836,40.6968],[-113.1873,40.6925],[-113.1865,40.6893],[-113.1889,40.6859],[-113.1954,40.6845],[-113.1973,40.6857],[-113.1991,40.6842],[-113.201,40.6848],[-113.1993,40.6872],[-113.1956,40.6886],[-113.1942,40.7003],[-113.1918,40.7083],[-113.1928,40.7115],[-113.1959,40.7149],[-113.1997,40.7154],[-113.1997,40.7207],[-113.2035,40.7217],[-113.2127,40.72],[-113.2173,40.7093],[-113.2207,40.7088],[-113.224,40.7106],[-113.229,40.7103],[-113.2349,40.7058],[-113.2416,40.7079],[-113.2514,40.7031],[-113.2538,40.7057],[-113.2579,40.7062],[-113.2573,40.708],[-113.259,40.7093],[-113.257,40.7126],[-113.2582,40.7154],[-113.2611,40.7171],[-113.266,40.7172]]]}},{"type":"Feature","properties":{"huc12":"160203090310","name":"160203090310-Deep Creek"},"geometry":{"type":"Polygon","coordinates":[[[-112.7497,41.8879],[-112.7543,41.892],[-112.7633,41.8947],[-112.7727,41.8994],[-112.7774,41.9074],[-112.7803,41.9092],[-112.7764,41.9141],[-112.7772,41.923],[-112.7712,41.9277],[-112.7744,41.9339],[-112.7714,41.9354],[-112.7839,41.9399],[-112.7872,41.9428],[-112.796,41.9454],[-112.8005,41.9521],[-112.7984,41.955],[-112.7988,41.9577],[-112.8023,41.9612],[-112.8096,41.9628],[-112.8219,41.9583],[-112.8304,41.9603],[-112.8375,41.9556],[-112.8403,41.9552],[-112.8457,41.957],[-112.8531,41.955],[-112.8571,41.9507],[-112.8622,41.9387],[-112.8637,41.9376],[-112.8639,41.9339],[-112.8671,41.9347],[-112.8794,41.9233],[-112.8891,41.9057],[-112.8905,41.9062],[-112.8946,41.9145],[-112.9044,41.9074],[-112.91,41.8986],[-112.9173,41.8916],[-112.907,41.8861],[-112.8897,41.8856],[-112.8866,41.8842],[-112.865,41.8677],[-112.8591,41.8653],[-112.8615,41.8616],[-112.8615,41.8482],[-112.8589,41.8493],[-112.8519,41.8477],[-112.8459,41.8488],[-112.8384,41.8554],[-112.833,41.8548],[-112.8235,41.8576],[-112.8207,41.8574],[-112.806,41.8508],[-112.8039,41.8509],[-112.8,41.8543],[-112.7821,41.8525],[-112.7745,41.86],[-112.7754,41.8617],[-112.7677,41.8656],[-112.7677,41.8675],[-112.7649,41.8703],[-112.7645,41.8726],[-112.7623,41.8736],[-112.7617,41.8762],[-112.7583,41.8798],[-112.7521,41.883],[-112.7497,41.8879]]]}},{"type":"Feature","properties":{"huc12":"160203081501","name":"Puddle Valley Knolls-Frontal Puddle Valley"},"geometry":{"type":"Polygon","coordinates":[[[-112.9005,40.8574],[-112.9015,40.8628],[-112.8994,40.8642],[-112.8983,40.87],[-112.8936,40.8747],[-112.9017,40.8847],[-112.8993,40.8879],[-112.9012,40.8901],[-112.9,40.8929],[-112.9015,40.8961],[-112.91,40.8933],[-112.9247,40.8921],[-112.9203,40.8908],[-112.9189,40.8889],[-112.9263,40.8861],[-112.9291,40.8866],[-112.9307,40.885],[-112.9329,40.8854],[-112.9341,40.8883],[-112.9397,40.8893],[-112.9438,40.8856],[-112.961,40.8798],[-112.9727,40.8805],[-112.9723,40.8778],[-112.9804,40.8688],[-112.9888,40.8637],[-113.0012,40.8607],[-113.0138,40.8613],[-113.0184,40.8593],[-113.0153,40.8574],[-113.0149,40.8551],[-113.0123,40.854],[-113.0113,40.852],[-113.0145,40.8409],[-113.0123,40.8335],[-113.0134,40.827],[-113.0126,40.8223],[-113.0099,40.8188],[-113.0094,40.8146],[-113.0173,40.8046],[-113.0148,40.8009],[-113.0151,40.7983],[-113.0226,40.7929],[-113.0217,40.7893],[-113.0233,40.7878],[-113.0212,40.7858],[-113.0226,40.7841],[-113.0157,40.7838],[-113.0095,40.7863],[-113.0085,40.7847],[-113.0047,40.784],[-113.0038,40.78],[-113.0006,40.7785],[-112.9992,40.776],[-112.9859,40.7698],[-112.9865,40.768],[-112.9833,40.7651],[-112.9807,40.7581],[-112.9695,40.7508],[-112.9607,40.7424],[-112.9491,40.7369],[-112.9424,40.7321],[-112.9371,40.733],[-112.9329,40.7318],[-112.9241,40.7319],[-112.9181,40.7413],[-112.9157,40.7426],[-112.9147,40.749],[-112.9084,40.7515],[-112.9088,40.7531],[-112.9066,40.759],[-112.9047,40.7595],[-112.9019,40.7639],[-112.9028,40.7667],[-112.905,40.7676],[-112.904,40.7695],[-112.9059,40.7704],[-112.9017,40.7763],[-112.9065,40.7821],[-112.9052,40.7916],[-112.8985,40.793],[-112.8975,40.7978],[-112.8894,40.7999],[-112.8908,40.804],[-112.8999,40.8088],[-112.8997,40.8117],[-112.903,40.8152],[-112.9059,40.8258],[-112.9037,40.8302],[-112.8974,40.8336],[-112.8978,40.8358],[-112.8932,40.8452],[-112.8961,40.85],[-112.9004,40.852],[-112.9005,40.8574]]]}},{"type":"Feature","properties":{"huc12":"160203090407","name":"Deep Creek-Frontal Great Salt Lake"},"geometry":{"type":"Polygon","coordinates":[[[-112.9776,41.704],[-112.9878,41.7025],[-112.9913,41.7029],[-112.9956,41.7054],[-112.9973,41.7025],[-112.9986,41.7024],[-113.0017,41.7054],[-112.9944,41.7182],[-112.9938,41.727],[-112.9961,41.7289],[-112.997,41.7321],[-112.9968,41.7397],[-112.9954,41.7413],[-112.9973,41.7443],[-112.9962,41.7464],[-112.9935,41.7475],[-112.9917,41.7509],[-112.9934,41.7551],[-112.9933,41.7639],[-112.9905,41.7727],[-112.9832,41.7803],[-112.9822,41.7831],[-112.9849,41.7868],[-112.9849,41.7975],[-112.9834,41.8041],[-112.9844,41.8117],[-112.988,41.8202],[-112.9907,41.8223],[-112.9983,41.824],[-113.0036,41.8234],[-113.0066,41.8257],[-113.0146,41.8277],[-113.0241,41.8269],[-113.0195,41.8223],[-113.0186,41.8127],[-113.0156,41.8078],[-113.0177,41.8007],[-113.0135,41.7947],[-113.0168,41.7893],[-113.0134,41.7875],[-113.0158,41.7796],[-113.0194,41.7762],[-113.026,41.7736],[-113.0282,41.7707],[-113.0298,41.7628],[-113.0301,41.7492],[-113.028,41.7485],[-113.0234,41.7494],[-113.0226,41.747],[-113.0192,41.7454],[-113.0191,41.74],[-113.0157,41.736],[-113.0157,41.7328],[-113.0194,41.7278],[-113.0236,41.7254],[-113.0212,41.7218],[-113.0145,41.7197],[-113.0101,41.7101],[-113.0138,41.7088],[-113.025,41.7109],[-113.0274,41.7101],[-113.0277,41.7064],[-113.0259,41.699],[-113.0208,41.696],[-113.0202,41.6945],[-113.0234,41.6847],[-113.0322,41.6763],[-113.0262,41.6727],[-113.0176,41.652],[-113.0106,41.643],[-113.0036,41.6454],[-112.9929,41.6465],[-112.9817,41.6661],[-112.97,41.6797],[-112.9693,41.686],[-112.9722,41.6909],[-112.9798,41.6931],[-112.9781,41.6974],[-112.9801,41.7005],[-112.9768,41.7022],[-112.9776,41.704]]]}},{"type":"Feature","properties":{"huc12":"160203090807","name":"Promontory Summit-Blue Creek"},"geometry":{"type":"Polygon","coordinates":[[[-112.4493,41.629],[-112.4524,41.6294],[-112.4641,41.6439],[-112.4713,41.6458],[-112.4742,41.6484],[-112.4794,41.6481],[-112.4821,41.6503],[-112.4884,41.65],[-112.4899,41.6466],[-112.4936,41.646],[-112.4941,41.642],[-112.4955,41.6411],[-112.5007,41.6404],[-112.5097,41.643],[-112.5172,41.6426],[-112.5212,41.6443],[-112.5262,41.6504],[-112.5236,41.6532],[-112.524,41.6554],[-112.5283,41.6584],[-112.5296,41.6613],[-112.5359,41.6679],[-112.5432,41.6699],[-112.5477,41.675],[-112.5512,41.671],[-112.5504,41.6688],[-112.5516,41.6664],[-112.5577,41.6647],[-112.5744,41.6719],[-112.5848,41.6711],[-112.5955,41.6731],[-112.5988,41.671],[-112.5978,41.669],[-112.5992,41.6678],[-112.5986,41.6602],[-112.5733,41.647],[-112.5734,41.6442],[-112.572,41.6422],[-112.5679,41.6411],[-112.5596,41.6335],[-112.5567,41.6262],[-112.5535,41.6237],[-112.5526,41.6207],[-112.537,41.6123],[-112.5308,41.6027],[-112.5266,41.5998],[-112.5266,41.5977],[-112.5299,41.5927],[-112.5293,41.5889],[-112.5329,41.5829],[-112.5337,41.5797],[-112.5328,41.5774],[-112.5354,41.5734],[-112.535,41.5684],[-112.533,41.5658],[-112.5257,41.5649],[-112.518,41.5694],[-112.5048,41.5676],[-112.482,41.5745],[-112.4788,41.5743],[-112.4775,41.5765],[-112.4697,41.5758],[-112.4526,41.5772],[-112.4471,41.5832],[-112.4495,41.5865],[-112.4494,41.5954],[-112.4505,41.5967],[-112.4497,41.5998],[-112.455,41.6034],[-112.4542,41.6113],[-112.4558,41.6122],[-112.4491,41.6184],[-112.4493,41.629]]]}},{"type":"Feature","properties":{"huc12":"160203090701","name":"Cedar Spring"},"geometry":{"type":"Polygon","coordinates":[[[-112.6331,41.6617],[-112.6531,41.6585],[-112.6577,41.6597],[-112.6704,41.651],[-112.6727,41.6517],[-112.6804,41.6504],[-112.6866,41.6467],[-112.6895,41.6465],[-112.6891,41.6379],[-112.6875,41.6354],[-112.6879,41.632],[-112.6863,41.6303],[-112.6813,41.6287],[-112.6781,41.624],[-112.6787,41.6185],[-112.6845,41.6081],[-112.683,41.604],[-112.6837,41.6014],[-112.682,41.6002],[-112.6897,41.5922],[-112.7258,41.5909],[-112.7437,41.5879],[-112.744,41.5745],[-112.7428,41.5668],[-112.7411,41.5638],[-112.749,41.5526],[-112.753,41.55],[-112.7558,41.5412],[-112.7613,41.5375],[-112.7596,41.5331],[-112.7611,41.5278],[-112.7589,41.5252],[-112.7586,41.5228],[-112.7609,41.521],[-112.7611,41.5158],[-112.76,41.5168],[-112.7547,41.5156],[-112.7534,41.517],[-112.7514,41.5164],[-112.7406,41.5105],[-112.7383,41.5064],[-112.7296,41.5094],[-112.7255,41.5127],[-112.722,41.5133],[-112.7148,41.5098],[-112.7027,41.5073],[-112.6964,41.5076],[-112.6938,41.5055],[-112.69,41.511],[-112.6911,41.5143],[-112.6826,41.5267],[-112.6779,41.5369],[-112.6623,41.5396],[-112.6613,41.5412],[-112.6508,41.5463],[-112.6409,41.553],[-112.6368,41.5548],[-112.6308,41.5549],[-112.6229,41.5607],[-112.6219,41.5767],[-112.6153,41.5805],[-112.6148,41.5815],[-112.6172,41.5844],[-112.6045,41.5983],[-112.6064,41.6029],[-112.6048,41.6067],[-112.6091,41.6152],[-112.6041,41.6219],[-112.6068,41.6248],[-112.6068,41.6273],[-112.598,41.6333],[-112.598,41.6426],[-112.5934,41.65],[-112.5959,41.6514],[-112.5957,41.6538],[-112.6005,41.6602],[-112.6053,41.6607],[-112.6133,41.6589],[-112.615,41.6607],[-112.6331,41.6617]]]}},{"type":"Feature","properties":{"huc12":"160203090808","name":"Town of Lampo Junction-Frontal Great Salt Lake"},"geometry":{"type":"Polygon","coordinates":[[[-112.3783,41.6575],[-112.3882,41.658],[-112.3954,41.661],[-112.4072,41.6581],[-112.422,41.6595],[-112.4286,41.6621],[-112.4352,41.6569],[-112.4433,41.6417],[-112.4444,41.6334],[-112.4493,41.629],[-112.4491,41.6184],[-112.4558,41.6122],[-112.4542,41.6113],[-112.455,41.6034],[-112.4497,41.5998],[-112.4505,41.5967],[-112.4494,41.5954],[-112.4495,41.5865],[-112.4462,41.5835],[-112.4454,41.5748],[-112.4421,41.5699],[-112.4393,41.5621],[-112.4399,41.5577],[-112.433,41.5463],[-112.431,41.5408],[-112.4242,41.5312],[-112.423,41.5281],[-112.4219,41.5131],[-112.4125,41.4987],[-112.3993,41.4619],[-112.3962,41.4626],[-112.389,41.4689],[-112.3846,41.4709],[-112.3848,41.4722],[-112.3806,41.4724],[-112.3731,41.476],[-112.3726,41.4741],[-112.3754,41.4706],[-112.3697,41.4708],[-112.3646,41.4748],[-112.3551,41.4788],[-112.3583,41.4982],[-112.3585,41.5073],[-112.357,41.5093],[-112.3582,41.5112],[-112.3568,41.5126],[-112.3581,41.516],[-112.3503,41.5154],[-112.3465,41.5174],[-112.3623,41.5309],[-112.3757,41.5472],[-112.384,41.5579],[-112.3896,41.571],[-112.3969,41.582],[-112.3967,41.5861],[-112.3903,41.6087],[-112.3904,41.6179],[-112.386,41.6209],[-112.3787,41.6231],[-112.3778,41.6268],[-112.3751,41.6294],[-112.3758,41.6362],[-112.3735,41.6407],[-112.3788,41.6515],[-112.3783,41.6575]]]}},{"type":"Feature","properties":{"huc12":"160202020405","name":"Hobble Creek-Frontal Utah Lake"},"geometry":{"type":"Polygon","coordinates":[[[-111.5835,40.2106],[-111.585,40.2127],[-111.5886,40.2138],[-111.5945,40.2107],[-111.6137,40.2061],[-111.6302,40.1963],[-111.6317,40.1942],[-111.6429,40.1934],[-111.6425,40.1912],[-111.6415,40.1912],[-111.6424,40.1909],[-111.6397,40.1902],[-111.6406,40.1884],[-111.6496,40.1883],[-111.6514,40.1872],[-111.6513,40.185],[-111.6471,40.1821],[-111.6458,40.1786],[-111.6316,40.1745],[-111.6077,40.1632],[-111.5943,40.1551],[-111.592,40.1517],[-111.5852,40.1487],[-111.5754,40.1463],[-111.5555,40.1448],[-111.5513,40.145],[-111.5475,40.1471],[-111.5399,40.1448],[-111.5307,40.1456],[-111.5272,40.1435],[-111.5192,40.1457],[-111.5062,40.1386],[-111.5031,40.1383],[-111.4999,40.1344],[-111.4969,40.1335],[-111.4949,40.135],[-111.4902,40.1345],[-111.4794,40.1368],[-111.4807,40.1492],[-111.4834,40.1523],[-111.4899,40.1532],[-111.4932,40.1554],[-111.4949,40.1578],[-111.4945,40.1609],[-111.5013,40.1653],[-111.5015,40.1709],[-111.5081,40.1801],[-111.5185,40.1815],[-111.5249,40.1767],[-111.5331,40.1739],[-111.5413,40.1787],[-111.5412,40.181],[-111.5439,40.1859],[-111.5437,40.1887],[-111.5472,40.1963],[-111.5632,40.2049],[-111.5634,40.2095],[-111.5621,40.2124],[-111.5668,40.2111],[-111.5758,40.2133],[-111.5835,40.2106]]]}},{"type":"Feature","properties":{"huc12":"160102010108","name":"Fish Haven Creek-Frontal Bear Lake"},"geometry":{"type":"Polygon","coordinates":[[[-111.4074,42.0126],[-111.4081,42.0167],[-111.4072,42.0205],[-111.4016,42.0289],[-111.3943,42.0341],[-111.3913,42.041],[-111.3916,42.0487],[-111.3891,42.0538],[-111.3897,42.0562],[-111.3884,42.0583],[-111.3893,42.0589],[-111.3862,42.0618],[-111.3848,42.0652],[-111.3848,42.0693],[-111.3837,42.0705],[-111.3848,42.074],[-111.3821,42.0758],[-111.384,42.0762],[-111.3824,42.08],[-111.3829,42.0829],[-111.3791,42.0871],[-111.3819,42.0847],[-111.3811,42.0909],[-111.3799,42.0885],[-111.3751,42.0995],[-111.3752,42.1043],[-111.3723,42.1095],[-111.3651,42.114],[-111.3835,42.112],[-111.3946,42.1135],[-111.4001,42.1128],[-111.4105,42.1114],[-111.4182,42.1062],[-111.4305,42.106],[-111.4326,42.104],[-111.4418,42.1022],[-111.444,42.0984],[-111.4442,42.0954],[-111.4487,42.0922],[-111.4508,42.0925],[-111.4525,42.0894],[-111.4563,42.0887],[-111.4586,42.0862],[-111.4583,42.084],[-111.4621,42.0844],[-111.4688,42.0822],[-111.475,42.0845],[-111.4806,42.0822],[-111.4847,42.0827],[-111.4928,42.0788],[-111.5009,42.0788],[-111.51,42.0745],[-111.5114,42.0721],[-111.5155,42.0701],[-111.515,42.0657],[-111.517,42.0622],[-111.5118,42.059],[-111.511,42.0574],[-111.5122,42.05],[-111.5141,42.0483],[-111.5078,42.0386],[-111.508,42.0356],[-111.5116,42.0338],[-111.5095,42.0283],[-111.5104,42.0245],[-111.5084,42.0223],[-111.5092,42.0196],[-111.5048,42.0201],[-111.4983,42.0174],[-111.4956,42.019],[-111.4887,42.0197],[-111.484,42.0162],[-111.4779,42.0155],[-111.4756,42.0121],[-111.4795,42.0061],[-111.4766,42.0035],[-111.4715,42.0049],[-111.4712,42.0073],[-111.4635,42.0112],[-111.4443,42.0119],[-111.4334,42.0155],[-111.4252,42.0135],[-111.4074,42.0126]]]}},{"type":"Feature","properties":{"huc12":"160102010301","name":"Saint Charles Creek"},"geometry":{"type":"Polygon","coordinates":[[[-111.4231,42.1407],[-111.4256,42.1391],[-111.4351,42.1382],[-111.4441,42.1403],[-111.4467,42.1417],[-111.4477,42.1455],[-111.4491,42.1449],[-111.4517,42.1464],[-111.4666,42.1414],[-111.4776,42.1443],[-111.48,42.1394],[-111.4884,42.1385],[-111.4887,42.1369],[-111.4922,42.1363],[-111.4955,42.1395],[-111.4951,42.1414],[-111.4992,42.1431],[-111.5048,42.1406],[-111.5084,42.1413],[-111.5095,42.1392],[-111.5149,42.1414],[-111.5229,42.1393],[-111.5322,42.1403],[-111.5355,42.1362],[-111.5384,42.1347],[-111.5438,42.1348],[-111.5478,42.1329],[-111.5503,42.1332],[-111.5521,42.1352],[-111.5614,42.137],[-111.5656,42.1409],[-111.5744,42.1396],[-111.583,42.1432],[-111.5884,42.1404],[-111.5898,42.1367],[-111.589,42.1346],[-111.5921,42.1316],[-111.5907,42.1212],[-111.5935,42.1196],[-111.5945,42.1164],[-111.5935,42.1136],[-111.6005,42.1073],[-111.6007,42.1049],[-111.599,42.102],[-111.5989,42.0985],[-111.5945,42.0935],[-111.5866,42.0925],[-111.5807,42.0946],[-111.576,42.0877],[-111.5727,42.0851],[-111.566,42.0831],[-111.5576,42.0845],[-111.5526,42.0815],[-111.5513,42.0788],[-111.5491,42.0775],[-111.54,42.0751],[-111.5359,42.0771],[-111.5219,42.0744],[-111.5211,42.0723],[-111.5159,42.0688],[-111.51,42.0745],[-111.5018,42.0785],[-111.4928,42.0788],[-111.4847,42.0827],[-111.4806,42.0822],[-111.475,42.0845],[-111.4688,42.0822],[-111.4621,42.0844],[-111.4583,42.084],[-111.4586,42.0862],[-111.4563,42.0887],[-111.4525,42.0894],[-111.4508,42.0925],[-111.4487,42.0922],[-111.4442,42.0954],[-111.444,42.0984],[-111.4418,42.1022],[-111.4326,42.104],[-111.4305,42.106],[-111.4182,42.1062],[-111.4105,42.1114],[-111.4028,42.112],[-111.3992,42.1165],[-111.3991,42.1264],[-111.406,42.1312],[-111.4092,42.1314],[-111.4094,42.1327],[-111.4183,42.1343],[-111.4202,42.1386],[-111.4231,42.1407]]]}},{"type":"Feature","properties":{"huc12":"160102010304","name":"Dingle Swamp-Bear Lake Outlet"},"geometry":{"type":"Polygon","coordinates":[[[-111.2299,42.2074],[-111.2479,42.2141],[-111.2637,42.2129],[-111.272,42.2165],[-111.2712,42.2194],[-111.2769,42.2205],[-111.2788,42.2192],[-111.2836,42.2194],[-111.2868,42.2209],[-111.2959,42.2192],[-111.2961,42.2158],[-111.3067,42.2138],[-111.307,42.212],[-111.311,42.2087],[-111.3166,42.2086],[-111.32,42.207],[-111.323,42.2081],[-111.3519,42.2082],[-111.3534,42.2133],[-111.3581,42.2156],[-111.3646,42.2118],[-111.3736,42.2135],[-111.3761,42.2165],[-111.3786,42.2173],[-111.3908,42.2172],[-111.3963,42.214],[-111.4012,42.214],[-111.4035,42.2119],[-111.4062,42.2118],[-111.4125,42.2142],[-111.421,42.2133],[-111.4268,42.209],[-111.4387,42.2079],[-111.4405,42.2061],[-111.4469,42.2043],[-111.4426,42.2017],[-111.4321,42.1998],[-111.425,42.1949],[-111.4223,42.1916],[-111.4133,42.1913],[-111.4028,42.1854],[-111.3881,42.1882],[-111.3846,42.1875],[-111.3823,42.1798],[-111.3769,42.1774],[-111.3715,42.1771],[-111.3701,42.1744],[-111.3662,42.172],[-111.3694,42.1681],[-111.3712,42.1675],[-111.3758,42.1677],[-111.3851,42.1709],[-111.3793,42.1676],[-111.3683,42.1657],[-111.3666,42.1644],[-111.3671,42.1563],[-111.3651,42.1516],[-111.3677,42.1498],[-111.372,42.1495],[-111.3757,42.1527],[-111.3825,42.1524],[-111.3814,42.1456],[-111.3858,42.1427],[-111.3934,42.1484],[-111.3963,42.1479],[-111.4032,42.1508],[-111.4079,42.1486],[-111.42,42.1508],[-111.4236,42.1486],[-111.4244,42.1432],[-111.4202,42.1386],[-111.4184,42.1344],[-111.4094,42.1327],[-111.4092,42.1314],[-111.406,42.1312],[-111.3991,42.1264],[-111.3992,42.1165],[-111.4034,42.1117],[-111.3946,42.1135],[-111.3867,42.112],[-111.3664,42.1134],[-111.3571,42.1176],[-111.347,42.1198],[-111.3356,42.1214],[-111.3168,42.1215],[-111.3139,42.1228],[-111.3129,42.1211],[-111.2994,42.1203],[-111.2807,42.116],[-111.2707,42.1116],[-111.2669,42.107],[-111.2626,42.1086],[-111.2596,42.1113],[-111.2543,42.1319],[-111.2526,42.1329],[-111.2506,42.1379],[-111.2414,42.1364],[-111.2364,42.1369],[-111.2316,42.134],[-111.2272,42.1434],[-111.227,42.1529],[-111.2245,42.1572],[-111.2243,42.1626],[-111.2171,42.1762],[-111.2279,42.181],[-111.2275,42.1842],[-111.2302,42.1867],[-111.2285,42.2045],[-111.2299,42.2074]]]}},{"type":"Feature","properties":{"huc12":"160102010306","name":"Sleight Canyon-Bear Lake Outlet"},"geometry":{"type":"Polygon","coordinates":[[[-111.2299,42.2074],[-111.2354,42.2142],[-111.2434,42.2197],[-111.2479,42.2263],[-111.2533,42.2278],[-111.2546,42.2297],[-111.2599,42.2325],[-111.262,42.2319],[-111.2661,42.2334],[-111.2719,42.2386],[-111.278,42.2404],[-111.2785,42.244],[-111.2858,42.2461],[-111.2953,42.2444],[-111.3042,42.2485],[-111.3091,42.2523],[-111.3153,42.2509],[-111.3175,42.2519],[-111.3308,42.2522],[-111.3438,42.2568],[-111.3553,42.2571],[-111.3532,42.2607],[-111.3541,42.2621],[-111.3529,42.2869],[-111.3577,42.2926],[-111.3563,42.2949],[-111.351,42.2967],[-111.3494,42.3003],[-111.3543,42.3065],[-111.3514,42.3086],[-111.3576,42.3117],[-111.3572,42.3213],[-111.3593,42.3204],[-111.3602,42.3172],[-111.363,42.3147],[-111.3593,42.3135],[-111.3603,42.3088],[-111.3594,42.3054],[-111.3866,42.2887],[-111.3868,42.2866],[-111.3905,42.2843],[-111.3985,42.2828],[-111.3996,42.2802],[-111.4082,42.2782],[-111.4152,42.2707],[-111.4178,42.2651],[-111.4252,42.2615],[-111.4271,42.2617],[-111.4298,42.2573],[-111.4373,42.2555],[-111.4408,42.2519],[-111.4482,42.2511],[-111.4549,42.2477],[-111.4581,42.2476],[-111.4606,42.2522],[-111.4706,42.2518],[-111.4773,42.2532],[-111.4889,42.2512],[-111.4937,42.2609],[-111.5005,42.2573],[-111.508,42.2556],[-111.5136,42.2581],[-111.5226,42.2595],[-111.5286,42.2566],[-111.5309,42.2522],[-111.531,42.249],[-111.5346,42.2438],[-111.5242,42.2396],[-111.5157,42.234],[-111.5138,42.2307],[-111.5105,42.2314],[-111.5041,42.2292],[-111.4988,42.2298],[-111.4958,42.2275],[-111.4846,42.2291],[-111.4814,42.2263],[-111.4743,42.2254],[-111.466,42.225],[-111.4635,42.2262],[-111.4564,42.224],[-111.4546,42.2221],[-111.4452,42.2237],[-111.4453,42.225],[-111.4414,42.2262],[-111.4378,42.2254],[-111.4324,42.2269],[-111.4214,42.2271],[-111.4136,42.2257],[-111.4087,42.2271],[-111.4013,42.2257],[-111.3992,42.2289],[-111.3912,42.2313],[-111.3735,42.2295],[-111.3717,42.231],[-111.37,42.2299],[-111.3632,42.2313],[-111.3607,42.2295],[-111.3606,42.2273],[-111.3625,42.2271],[-111.3641,42.2251],[-111.364,42.2229],[-111.3654,42.222],[-111.3724,42.2224],[-111.3718,42.2165],[-111.3761,42.2165],[-111.3759,42.2154],[-111.3721,42.2129],[-111.3646,42.2118],[-111.363,42.2135],[-111.3602,42.2136],[-111.3605,42.2151],[-111.3571,42.2154],[-111.3534,42.2133],[-111.3519,42.2082],[-111.323,42.2081],[-111.32,42.207],[-111.3166,42.2086],[-111.3114,42.2085],[-111.307,42.212],[-111.3067,42.2138],[-111.2961,42.2158],[-111.2959,42.2192],[-111.2868,42.2209],[-111.2836,42.2194],[-111.2788,42.2192],[-111.2769,42.2205],[-111.2712,42.2194],[-111.272,42.2165],[-111.2637,42.2129],[-111.2479,42.2141],[-111.2299,42.2074]]]}},{"type":"Feature","properties":{"huc12":"160102010105","name":"Hodges Canyon-Frontal Bear Lake"},"geometry":{"type":"Polygon","coordinates":[[[-111.3891,41.9405],[-111.3971,41.9405],[-111.4041,41.9457],[-111.4106,41.9476],[-111.4277,41.9437],[-111.4356,41.9451],[-111.4433,41.9426],[-111.4471,41.9391],[-111.4516,41.9373],[-111.4519,41.9351],[-111.4543,41.9349],[-111.4558,41.9328],[-111.4553,41.9301],[-111.4599,41.9244],[-111.4618,41.9228],[-111.4652,41.9224],[-111.4741,41.9134],[-111.4861,41.9106],[-111.5034,41.9138],[-111.5053,41.9114],[-111.5093,41.9117],[-111.5117,41.9084],[-111.512,41.9051],[-111.5049,41.9027],[-111.5007,41.8986],[-111.5002,41.8931],[-111.5031,41.8878],[-111.4936,41.8862],[-111.4923,41.8843],[-111.4928,41.8816],[-111.4846,41.883],[-111.4813,41.8889],[-111.4813,41.8927],[-111.478,41.8955],[-111.4772,41.8994],[-111.4748,41.9005],[-111.4754,41.9033],[-111.4729,41.9043],[-111.4715,41.9064],[-111.468,41.9064],[-111.4618,41.9029],[-111.4477,41.9026],[-111.4491,41.8995],[-111.4478,41.8977],[-111.4439,41.8978],[-111.4345,41.8931],[-111.4255,41.8914],[-111.4255,41.8867],[-111.4213,41.8818],[-111.4176,41.8796],[-111.4168,41.8763],[-111.4013,41.8661],[-111.3999,41.863],[-111.3914,41.8575],[-111.3928,41.851],[-111.3879,41.8508],[-111.3773,41.8448],[-111.3715,41.849],[-111.3719,41.8507],[-111.3699,41.8518],[-111.3647,41.8475],[-111.3646,41.8423],[-111.3612,41.8378],[-111.3545,41.8334],[-111.3518,41.8346],[-111.3415,41.8445],[-111.3376,41.8462],[-111.3526,41.8483],[-111.3628,41.854],[-111.3629,41.8568],[-111.3652,41.8606],[-111.3642,41.8656],[-111.3663,41.8857],[-111.366,41.8942],[-111.369,41.9009],[-111.3687,41.9062],[-111.3704,41.9079],[-111.3753,41.9081],[-111.3868,41.9119],[-111.3904,41.9148],[-111.3911,41.9191],[-111.3956,41.924],[-111.3958,41.9278],[-111.3934,41.9341],[-111.3891,41.9405]]]}},{"type":"Feature","properties":{"huc12":"160202010108","name":"Wash Canyon"},"geometry":{"type":"Polygon","coordinates":[[[-111.7581,39.8769],[-111.7583,39.8805],[-111.7611,39.8838],[-111.7569,39.8888],[-111.7579,39.8904],[-111.7686,39.8983],[-111.7783,39.8992],[-111.7807,39.9007],[-111.783,39.9042],[-111.7822,39.9074],[-111.7872,39.9093],[-111.7872,39.9131],[-111.7891,39.9155],[-111.7871,39.9175],[-111.7862,39.9213],[-111.7888,39.9262],[-111.7921,39.9272],[-111.7946,39.9311],[-111.8053,39.9348],[-111.809,39.9389],[-111.8201,39.9404],[-111.8242,39.9477],[-111.8274,39.9465],[-111.8326,39.9366],[-111.8317,39.9302],[-111.8333,39.9243],[-111.8386,39.923],[-111.8409,39.9238],[-111.8447,39.922],[-111.8461,39.919],[-111.8509,39.9161],[-111.8564,39.9145],[-111.8589,39.9151],[-111.8584,39.9104],[-111.8629,39.9092],[-111.8663,39.9059],[-111.8653,39.9025],[-111.8612,39.901],[-111.8624,39.8985],[-111.8582,39.8968],[-111.8538,39.8905],[-111.8537,39.8878],[-111.8509,39.8869],[-111.8211,39.8853],[-111.8136,39.8831],[-111.8051,39.8839],[-111.7985,39.8819],[-111.7906,39.884],[-111.7808,39.8833],[-111.7753,39.8808],[-111.7746,39.8753],[-111.7728,39.872],[-111.7711,39.8714],[-111.7658,39.8719],[-111.7581,39.8769]]]}},{"type":"Feature","properties":{"huc12":"160202010202","name":"Outlet Kimball Creek"},"geometry":{"type":"Polygon","coordinates":[[[-111.9349,39.9389],[-111.9421,39.9415],[-111.956,39.9412],[-111.9587,39.9441],[-111.9681,39.9447],[-111.9819,39.9487],[-112.01,39.9472],[-112.0144,39.9463],[-112.019,39.9437],[-112.022,39.944],[-112.0261,39.9417],[-112.034,39.942],[-112.0391,39.9407],[-112.04,39.9379],[-112.0383,39.9343],[-112.0433,39.9313],[-112.0545,39.9289],[-112.0584,39.925],[-112.0592,39.9215],[-112.0566,39.9133],[-112.059,39.91],[-112.0585,39.9065],[-112.0627,39.9012],[-112.0591,39.896],[-112.0536,39.8935],[-112.0551,39.8903],[-112.0519,39.8848],[-112.0532,39.8837],[-112.0522,39.8824],[-112.0478,39.8812],[-112.0463,39.8778],[-112.0414,39.8775],[-112.0391,39.8755],[-112.0309,39.8754],[-112.0288,39.8692],[-112.0248,39.8682],[-112.0229,39.866],[-112.0171,39.8632],[-112.0064,39.8651],[-111.997,39.8689],[-111.9865,39.8807],[-111.9865,39.8748],[-111.9891,39.8684],[-111.9869,39.8522],[-111.982,39.8475],[-111.9816,39.8433],[-111.9763,39.8408],[-111.9719,39.8402],[-111.9685,39.8296],[-111.9641,39.8273],[-111.9612,39.8296],[-111.9578,39.8363],[-111.9502,39.8348],[-111.949,39.8367],[-111.95,39.8391],[-111.9481,39.8441],[-111.9481,39.8493],[-111.9372,39.8553],[-111.9376,39.8585],[-111.9327,39.8636],[-111.9281,39.865],[-111.9255,39.8703],[-111.9265,39.8728],[-111.9217,39.8745],[-111.9209,39.8802],[-111.9153,39.8837],[-111.9129,39.8887],[-111.9095,39.8925],[-111.9098,39.8946],[-111.9132,39.899],[-111.9119,39.9013],[-111.912,39.9057],[-111.9084,39.9086],[-111.9105,39.913],[-111.9085,39.9185],[-111.9131,39.9213],[-111.918,39.9224],[-111.9213,39.9256],[-111.9295,39.9285],[-111.9319,39.9314],[-111.9364,39.9322],[-111.9373,39.9348],[-111.9349,39.9389]]]}},{"type":"Feature","properties":{"huc12":"160202010301","name":"Summit Creek"},"geometry":{"type":"Polygon","coordinates":[[[-111.7854,39.9687],[-111.7911,39.9724],[-111.7993,39.9809],[-111.8043,39.9897],[-111.8103,39.9929],[-111.8219,39.9909],[-111.8412,39.9829],[-111.8601,39.9804],[-111.8652,39.9774],[-111.8557,39.9801],[-111.8472,39.9795],[-111.8435,39.9752],[-111.8403,39.9737],[-111.8339,39.9641],[-111.8296,39.9625],[-111.8284,39.9575],[-111.8301,39.9521],[-111.8296,39.9485],[-111.833,39.9415],[-111.8301,39.9415],[-111.827,39.947],[-111.8242,39.9477],[-111.8201,39.9404],[-111.809,39.9389],[-111.8053,39.9348],[-111.7946,39.9311],[-111.7921,39.9272],[-111.7888,39.9262],[-111.7862,39.9213],[-111.7871,39.9175],[-111.7891,39.9155],[-111.7872,39.9131],[-111.7872,39.9093],[-111.7822,39.9074],[-111.783,39.9042],[-111.7807,39.9007],[-111.7783,39.8992],[-111.7686,39.8983],[-111.7579,39.8904],[-111.7569,39.8888],[-111.7611,39.8838],[-111.7583,39.8805],[-111.758,39.8768],[-111.738,39.8641],[-111.7366,39.8592],[-111.7346,39.8567],[-111.7342,39.8538],[-111.7356,39.8523],[-111.7318,39.85],[-111.7267,39.85],[-111.7147,39.846],[-111.7062,39.8518],[-111.6995,39.8585],[-111.6869,39.8623],[-111.6855,39.8656],[-111.6882,39.8688],[-111.6885,39.8716],[-111.6835,39.8771],[-111.6894,39.8803],[-111.6878,39.8825],[-111.6883,39.8846],[-111.6912,39.8865],[-111.6918,39.8891],[-111.6956,39.8931],[-111.6952,39.8945],[-111.6975,39.8961],[-111.6976,39.8989],[-111.695,39.9],[-111.6956,39.9014],[-111.6998,39.9077],[-111.7037,39.9103],[-111.7042,39.9125],[-111.7083,39.9152],[-111.7125,39.9209],[-111.7328,39.9322],[-111.7307,39.9418],[-111.7315,39.9467],[-111.7504,39.9457],[-111.7543,39.9439],[-111.765,39.9469],[-111.7683,39.9496],[-111.7695,39.9553],[-111.7766,39.9597],[-111.7854,39.9687]]]}},{"type":"Feature","properties":{"huc12":"160202010401","name":"Threemile Canyon"},"geometry":{"type":"Polygon","coordinates":[[[-112.0661,40.3814],[-112.0755,40.3877],[-112.0868,40.3897],[-112.093,40.3956],[-112.0978,40.3977],[-112.1124,40.4008],[-112.1278,40.3948],[-112.1288,40.393],[-112.1358,40.3888],[-112.149,40.3857],[-112.1549,40.3871],[-112.1684,40.3835],[-112.1719,40.3754],[-112.1683,40.3726],[-112.1672,40.3691],[-112.1642,40.3663],[-112.1593,40.3642],[-112.1547,40.3561],[-112.1482,40.349],[-112.1441,40.3482],[-112.1437,40.3457],[-112.1386,40.3421],[-112.1351,40.3376],[-112.1299,40.3348],[-112.1233,40.329],[-112.1221,40.3261],[-112.1259,40.3224],[-112.1171,40.3086],[-112.1129,40.3061],[-112.1013,40.3038],[-112.0935,40.2993],[-112.0858,40.2977],[-112.0732,40.2975],[-112.07,40.2961],[-112.0661,40.2924],[-112.0618,40.285],[-112.054,40.2788],[-112.0501,40.2676],[-112.0432,40.2553],[-112.036,40.2529],[-112.0285,40.2435],[-112.0242,40.2569],[-112.0306,40.2787],[-112.0261,40.298],[-112.0261,40.3026],[-112.028,40.3052],[-112.0327,40.3057],[-112.034,40.3117],[-112.0305,40.3214],[-112.0317,40.3219],[-112.0331,40.3294],[-112.0414,40.3504],[-112.0509,40.3589],[-112.0549,40.3691],[-112.0574,40.3722],[-112.0636,40.3761],[-112.0661,40.3814]]]}},{"type":"Feature","properties":{"huc12":"160202010402","name":"Fremont Canyon"},"geometry":{"type":"Polygon","coordinates":[[[-111.9725,40.192],[-111.9754,40.1926],[-111.9782,40.1911],[-111.9805,40.1965],[-111.9845,40.1948],[-112.0025,40.1949],[-112.0163,40.1991],[-112.0232,40.2041],[-112.0389,40.2222],[-112.0416,40.2154],[-112.0744,40.1699],[-112.0733,40.1558],[-112.0742,40.1213],[-112.0737,40.1185],[-112.0688,40.1124],[-112.0679,40.1094],[-112.0691,40.0934],[-112.0655,40.0791],[-112.0668,40.0706],[-112.0701,40.0647],[-112.0704,40.0542],[-112.0752,40.0373],[-112.0834,40.0257],[-112.093,40.0241],[-112.0931,40.0205],[-112.0963,40.0188],[-112.102,40.0176],[-112.1067,40.0195],[-112.113,40.0159],[-112.1169,40.015],[-112.1244,40.0183],[-112.1265,40.0206],[-112.135,40.0175],[-112.1411,40.0198],[-112.1437,40.0164],[-112.1413,40.0126],[-112.1417,40.0108],[-112.1512,40.0092],[-112.1533,40.0083],[-112.1539,40.0066],[-112.1587,40.0054],[-112.1548,40.0004],[-112.1506,39.998],[-112.1518,39.995],[-112.1509,39.9933],[-112.142,39.9897],[-112.142,39.9864],[-112.1364,39.9825],[-112.1348,39.9789],[-112.1244,39.974],[-112.1119,39.9736],[-112.1071,39.976],[-112.1036,39.9753],[-112.1001,39.9795],[-112.0941,39.9809],[-112.0876,39.9868],[-112.0808,39.9857],[-112.0771,39.991],[-112.072,39.9893],[-112.0665,39.9935],[-112.0658,39.9961],[-112.0606,39.9997],[-112.0565,39.9986],[-112.0566,40.0018],[-112.0541,40.0035],[-112.0527,40.0094],[-112.0549,40.0126],[-112.0519,40.0144],[-112.0508,40.0177],[-112.0554,40.0183],[-112.0532,40.0219],[-112.0562,40.0276],[-112.0556,40.0322],[-112.0578,40.0346],[-112.0571,40.0395],[-112.0603,40.0416],[-112.0545,40.0465],[-112.0538,40.0489],[-112.056,40.0544],[-112.0517,40.0606],[-112.0531,40.0655],[-112.0521,40.0679],[-112.0467,40.0722],[-112.0457,40.0754],[-112.0478,40.0854],[-112.0446,40.0889],[-112.039,40.0993],[-112.0366,40.1042],[-112.0369,40.1062],[-112.0237,40.1162],[-112.0163,40.1165],[-112.0156,40.1185],[-112.0171,40.1248],[-112.0131,40.1294],[-112.0116,40.1422],[-112.0081,40.1438],[-112.0079,40.1461],[-112.0056,40.1483],[-111.9997,40.1498],[-111.9986,40.1515],[-111.9942,40.1516],[-111.9911,40.1542],[-111.9883,40.1533],[-111.9874,40.1543],[-111.9856,40.1571],[-111.9847,40.1613],[-111.9857,40.1653],[-111.984,40.1669],[-111.9832,40.1715],[-111.9749,40.1769],[-111.9737,40.1797],[-111.9745,40.1832],[-111.9703,40.1871],[-111.9731,40.1899],[-111.9725,40.192]]]}},{"type":"Feature","properties":{"huc12":"160202010403","name":"Broad Canyon"},"geometry":{"type":"Polygon","coordinates":[[[-112.1587,40.0054],[-112.1539,40.0066],[-112.1533,40.0083],[-112.1512,40.0092],[-112.1417,40.0108],[-112.1413,40.0126],[-112.1437,40.0164],[-112.1411,40.0198],[-112.135,40.0175],[-112.1265,40.0206],[-112.1244,40.0183],[-112.1169,40.015],[-112.113,40.0159],[-112.1067,40.0195],[-112.102,40.0176],[-112.0966,40.0186],[-112.0931,40.0205],[-112.093,40.0241],[-112.0834,40.0257],[-112.0757,40.0362],[-112.0704,40.0542],[-112.0701,40.0647],[-112.0668,40.0706],[-112.0655,40.0791],[-112.0691,40.0934],[-112.0679,40.1094],[-112.0688,40.1124],[-112.0737,40.1185],[-112.0742,40.1213],[-112.0733,40.1558],[-112.0744,40.1699],[-112.0862,40.1566],[-112.0978,40.1473],[-112.1173,40.1353],[-112.1275,40.132],[-112.1295,40.1299],[-112.1342,40.1303],[-112.1373,40.1282],[-112.1437,40.1302],[-112.1441,40.1363],[-112.1515,40.1383],[-112.1558,40.136],[-112.1604,40.1363],[-112.1646,40.1342],[-112.1645,40.1306],[-112.1676,40.1261],[-112.1637,40.1233],[-112.1641,40.1186],[-112.1614,40.1171],[-112.1608,40.1143],[-112.1561,40.1132],[-112.1542,40.1081],[-112.1585,40.1005],[-112.1579,40.0891],[-112.1651,40.0877],[-112.1728,40.0843],[-112.176,40.0776],[-112.1721,40.0685],[-112.1733,40.0662],[-112.1802,40.0673],[-112.1837,40.0598],[-112.1788,40.0535],[-112.1778,40.0476],[-112.172,40.0396],[-112.1732,40.0362],[-112.1749,40.0354],[-112.1741,40.0327],[-112.1774,40.03],[-112.1779,40.0225],[-112.1769,40.0194],[-112.1798,40.0115],[-112.1745,40.011],[-112.17,40.0078],[-112.1624,40.0079],[-112.1587,40.0054]]]}},{"type":"Feature","properties":{"huc12":"160202010404","name":"Tenmile Pass"},"geometry":{"type":"Polygon","coordinates":[[[-112.0389,40.2222],[-112.0483,40.2172],[-112.054,40.2162],[-112.0626,40.2188],[-112.0946,40.2197],[-112.1048,40.2248],[-112.1145,40.2266],[-112.1379,40.225],[-112.1417,40.2259],[-112.147,40.2234],[-112.1489,40.2211],[-112.1525,40.2215],[-112.155,40.2153],[-112.1496,40.212],[-112.1585,40.2067],[-112.1573,40.2031],[-112.1605,40.1988],[-112.1572,40.197],[-112.1541,40.1972],[-112.1519,40.1941],[-112.1486,40.1956],[-112.1489,40.191],[-112.1469,40.1894],[-112.1504,40.1877],[-112.1508,40.1853],[-112.1524,40.1845],[-112.1529,40.1792],[-112.1469,40.1783],[-112.1459,40.1742],[-112.1443,40.1731],[-112.1459,40.1709],[-112.1506,40.1717],[-112.1555,40.1704],[-112.1552,40.1683],[-112.1588,40.1632],[-112.1642,40.1619],[-112.1763,40.1558],[-112.1717,40.1491],[-112.1678,40.1468],[-112.1761,40.1308],[-112.1728,40.1275],[-112.1676,40.1261],[-112.1645,40.1306],[-112.1642,40.1347],[-112.1604,40.1363],[-112.1558,40.136],[-112.1516,40.1383],[-112.1441,40.1363],[-112.1438,40.1303],[-112.1363,40.1283],[-112.1342,40.1303],[-112.1295,40.1299],[-112.1275,40.132],[-112.1173,40.1353],[-112.1003,40.1455],[-112.0862,40.1566],[-112.0753,40.1686],[-112.0416,40.2154],[-112.0389,40.2222]]]}},{"type":"Feature","properties":{"huc12":"160202010405","name":"Mercer Canyon"},"geometry":{"type":"Polygon","coordinates":[[[-111.9611,40.3121],[-111.9649,40.3171],[-111.9671,40.3181],[-111.9623,40.3267],[-111.9662,40.3303],[-111.967,40.3337],[-111.9693,40.3349],[-111.969,40.3387],[-111.9727,40.3442],[-111.9752,40.3442],[-111.9782,40.3421],[-111.9828,40.3433],[-111.9858,40.3399],[-111.9918,40.3391],[-111.9971,40.3434],[-111.9987,40.3481],[-112.0064,40.3535],[-112.0092,40.3537],[-112.0116,40.358],[-112.0145,40.3597],[-112.0368,40.3693],[-112.0504,40.3779],[-112.0661,40.3814],[-112.0636,40.3761],[-112.0574,40.3722],[-112.0549,40.3691],[-112.0509,40.3589],[-112.0414,40.3504],[-112.0331,40.3294],[-112.0317,40.3219],[-112.0305,40.3214],[-112.034,40.3117],[-112.0327,40.3057],[-112.028,40.3052],[-112.0261,40.3026],[-112.0261,40.298],[-112.0306,40.2787],[-112.0242,40.2569],[-112.0285,40.2435],[-112.0265,40.2432],[-112.0256,40.2406],[-112.0238,40.2415],[-112.0217,40.2396],[-112.017,40.2395],[-112.0153,40.2377],[-112.0125,40.2383],[-112.014,40.2355],[-112.012,40.2344],[-112.0131,40.2326],[-112.0117,40.2312],[-112.0138,40.2307],[-112.0139,40.2288],[-112.0173,40.2248],[-112.0252,40.2211],[-112.0288,40.2239],[-112.0296,40.2209],[-112.0313,40.2222],[-112.0337,40.2211],[-112.0363,40.2234],[-112.0389,40.2222],[-112.0232,40.2041],[-112.0163,40.1991],[-112.0025,40.1949],[-111.9845,40.1948],[-111.9805,40.1965],[-111.9782,40.1911],[-111.9754,40.1926],[-111.9725,40.192],[-111.9716,40.1971],[-111.9679,40.1972],[-111.9681,40.2016],[-111.9661,40.2033],[-111.9654,40.2066],[-111.9613,40.2076],[-111.9522,40.2137],[-111.9505,40.217],[-111.9458,40.2198],[-111.9426,40.2271],[-111.939,40.2304],[-111.9363,40.2305],[-111.934,40.2328],[-111.9272,40.2347],[-111.9264,40.2396],[-111.9278,40.2418],[-111.9217,40.2448],[-111.9231,40.2497],[-111.9262,40.2521],[-111.9283,40.2615],[-111.9333,40.2635],[-111.9331,40.2662],[-111.9351,40.2694],[-111.9299,40.2718],[-111.9304,40.2754],[-111.9328,40.2761],[-111.9357,40.2806],[-111.9377,40.2789],[-111.9407,40.2786],[-111.9426,40.2816],[-111.9462,40.2823],[-111.95,40.2853],[-111.9506,40.2882],[-111.9545,40.2922],[-111.96,40.3036],[-111.9618,40.3082],[-111.9611,40.3121]]]}},{"type":"Feature","properties":{"huc12":"160300050503","name":"Diamond Gulch-Tanner Creek"},"geometry":{"type":"Polygon","coordinates":[[[-112.1061,39.9386],[-112.1088,39.9369],[-112.1137,39.9398],[-112.1198,39.941],[-112.1326,39.9379],[-112.1342,39.9343],[-112.1349,39.9264],[-112.146,39.9203],[-112.1554,39.9187],[-112.1619,39.9121],[-112.1636,39.9082],[-112.1709,39.9053],[-112.1764,39.8954],[-112.1785,39.894],[-112.1811,39.8943],[-112.1868,39.8988],[-112.1958,39.9004],[-112.2031,39.904],[-112.2064,39.9031],[-112.2152,39.9043],[-112.2203,39.9071],[-112.221,39.9109],[-112.2241,39.9135],[-112.2265,39.9136],[-112.2293,39.9168],[-112.2363,39.9148],[-112.2433,39.9164],[-112.237,39.9117],[-112.2295,39.9023],[-112.2301,39.895],[-112.2286,39.889],[-112.2216,39.8857],[-112.2157,39.8866],[-112.2089,39.8852],[-112.2076,39.8816],[-112.2103,39.8801],[-112.2103,39.8782],[-112.2077,39.8754],[-112.2047,39.8748],[-112.2015,39.8703],[-112.1983,39.8615],[-112.1961,39.8445],[-112.1913,39.8404],[-112.1875,39.8326],[-112.1803,39.8325],[-112.1649,39.8253],[-112.1366,39.8226],[-112.1266,39.8196],[-112.1207,39.8222],[-112.1153,39.8291],[-112.1091,39.8308],[-112.1055,39.8339],[-112.1062,39.8362],[-112.1022,39.8413],[-112.0998,39.8503],[-112.0806,39.8536],[-112.0795,39.8576],[-112.0816,39.8626],[-112.0813,39.865],[-112.0764,39.866],[-112.0732,39.8695],[-112.0706,39.8698],[-112.0663,39.8762],[-112.0633,39.8767],[-112.0623,39.8787],[-112.0594,39.8799],[-112.0595,39.8873],[-112.0536,39.8933],[-112.0571,39.8943],[-112.061,39.8981],[-112.0627,39.9012],[-112.0626,39.9047],[-112.0718,39.9111],[-112.0764,39.911],[-112.0811,39.913],[-112.0806,39.9172],[-112.0835,39.9185],[-112.0829,39.9217],[-112.0851,39.9229],[-112.0853,39.9255],[-112.0877,39.9253],[-112.0924,39.9277],[-112.093,39.9303],[-112.0985,39.9282],[-112.1035,39.9288],[-112.1044,39.9307],[-112.1027,39.9349],[-112.1061,39.9386]]]}},{"type":"Feature","properties":{"huc12":"160300050501","name":"Headwaters Tanner Creek"},"geometry":{"type":"Polygon","coordinates":[[[-112.1798,40.0115],[-112.1821,40.0109],[-112.1869,40.0059],[-112.1918,40.0041],[-112.2001,40.004],[-112.202,39.9998],[-112.225,39.988],[-112.2259,39.9859],[-112.225,39.982],[-112.2291,39.9758],[-112.2354,39.9704],[-112.2366,39.9604],[-112.2421,39.9569],[-112.245,39.957],[-112.2489,39.9507],[-112.2544,39.9504],[-112.2612,39.943],[-112.2671,39.9418],[-112.2705,39.939],[-112.2777,39.9396],[-112.2857,39.9421],[-112.2889,39.9403],[-112.2991,39.9384],[-112.3016,39.9363],[-112.2984,39.9349],[-112.2914,39.9377],[-112.2804,39.9359],[-112.2777,39.9316],[-112.2667,39.926],[-112.2642,39.923],[-112.2587,39.9214],[-112.2454,39.9213],[-112.2435,39.9166],[-112.241,39.9156],[-112.2345,39.915],[-112.2293,39.9168],[-112.2265,39.9136],[-112.2241,39.9135],[-112.221,39.9109],[-112.2203,39.9071],[-112.2152,39.9043],[-112.2064,39.9031],[-112.2031,39.904],[-112.1958,39.9004],[-112.1868,39.8988],[-112.1815,39.8945],[-112.1791,39.894],[-112.1764,39.8954],[-112.1709,39.9053],[-112.1636,39.9082],[-112.1619,39.9121],[-112.1554,39.9187],[-112.146,39.9203],[-112.1349,39.9264],[-112.1342,39.9343],[-112.1326,39.9379],[-112.1198,39.941],[-112.1073,39.9371],[-112.1055,39.9412],[-112.1037,39.9425],[-112.1027,39.948],[-112.0941,39.954],[-112.0958,39.9568],[-112.1023,39.9591],[-112.1042,39.9654],[-112.1097,39.9705],[-112.1098,39.9737],[-112.1244,39.974],[-112.1327,39.9774],[-112.1354,39.9795],[-112.1364,39.9825],[-112.142,39.9864],[-112.142,39.9897],[-112.1509,39.9933],[-112.1518,39.995],[-112.1506,39.998],[-112.1548,40.0004],[-112.1602,40.0069],[-112.1639,40.0082],[-112.17,40.0078],[-112.1745,40.011],[-112.1798,40.0115]]]}},{"type":"Feature","properties":{"huc12":"160300050502","name":"Death Creek"},"geometry":{"type":"Polygon","coordinates":[[[-112.3017,39.9367],[-112.305,39.939],[-112.3065,39.9454],[-112.3093,39.9448],[-112.3106,39.9479],[-112.3236,39.9446],[-112.3275,39.9467],[-112.3316,39.9522],[-112.3331,39.9522],[-112.3346,39.9494],[-112.3345,39.9459],[-112.3384,39.9453],[-112.3398,39.9434],[-112.3355,39.931],[-112.337,39.9276],[-112.3353,39.9235],[-112.337,39.9219],[-112.3373,39.9189],[-112.3396,39.9174],[-112.3415,39.9116],[-112.3431,39.9109],[-112.3417,39.9035],[-112.3459,39.898],[-112.3462,39.8918],[-112.3435,39.8897],[-112.3396,39.8889],[-112.3354,39.8829],[-112.3271,39.8793],[-112.3261,39.875],[-112.3227,39.872],[-112.3186,39.878],[-112.3089,39.8817],[-112.2968,39.8744],[-112.2715,39.8674],[-112.2584,39.861],[-112.2503,39.8598],[-112.2342,39.8611],[-112.2291,39.8589],[-112.2253,39.8587],[-112.2219,39.8562],[-112.2159,39.8564],[-112.2134,39.8539],[-112.2135,39.8509],[-112.2108,39.8474],[-112.2072,39.8461],[-112.2033,39.8415],[-112.2,39.8402],[-112.1945,39.8337],[-112.1913,39.8321],[-112.1875,39.8326],[-112.1913,39.8404],[-112.1961,39.8445],[-112.1983,39.8615],[-112.2015,39.8703],[-112.2047,39.8748],[-112.2077,39.8754],[-112.2103,39.8782],[-112.2103,39.8801],[-112.2076,39.8816],[-112.2089,39.8852],[-112.2157,39.8866],[-112.2216,39.8857],[-112.2286,39.889],[-112.2301,39.895],[-112.2295,39.9023],[-112.237,39.9117],[-112.2435,39.9166],[-112.2452,39.9212],[-112.2587,39.9214],[-112.2642,39.923],[-112.2667,39.926],[-112.2777,39.9316],[-112.2797,39.9356],[-112.2855,39.9374],[-112.2925,39.9376],[-112.2984,39.9349],[-112.3017,39.9367]]]}},{"type":"Feature","properties":{"huc12":"160300050601","name":"Headwaters South Pine Wash"},"geometry":{"type":"Polygon","coordinates":[[[-112.4805,39.9589],[-112.4889,39.9611],[-112.493,39.9594],[-112.4983,39.96],[-112.5052,39.9634],[-112.5091,39.9677],[-112.5153,39.9697],[-112.5166,39.9721],[-112.5283,39.9742],[-112.5346,39.9691],[-112.5331,39.967],[-112.5359,39.963],[-112.542,39.9606],[-112.5426,39.9574],[-112.5482,39.9526],[-112.5463,39.9429],[-112.5497,39.9381],[-112.5494,39.9312],[-112.552,39.9259],[-112.564,39.9203],[-112.5703,39.9121],[-112.5747,39.9085],[-112.5807,39.8987],[-112.5796,39.897],[-112.5806,39.8919],[-112.5894,39.8898],[-112.5964,39.884],[-112.6049,39.8459],[-112.6044,39.8398],[-112.607,39.8332],[-112.606,39.8285],[-112.5907,39.8418],[-112.5836,39.8438],[-112.5749,39.8494],[-112.5641,39.8529],[-112.5616,39.8556],[-112.548,39.8633],[-112.5446,39.8686],[-112.5389,39.8739],[-112.5333,39.876],[-112.5298,39.8856],[-112.5244,39.8918],[-112.5221,39.897],[-112.5193,39.9126],[-112.5134,39.9207],[-112.5092,39.933],[-112.5015,39.9417],[-112.501,39.9465],[-112.4908,39.9494],[-112.4864,39.9477],[-112.4826,39.9484],[-112.4828,39.9512],[-112.4811,39.9527],[-112.4797,39.9584],[-112.4805,39.9589]]]}},{"type":"Feature","properties":{"huc12":"160300050602","name":"Joes Canyon"},"geometry":{"type":"Polygon","coordinates":[[[-112.4492,39.9364],[-112.4567,39.938],[-112.4586,39.9423],[-112.4619,39.9426],[-112.4635,39.9446],[-112.4709,39.9471],[-112.4751,39.9513],[-112.4782,39.9524],[-112.4816,39.9524],[-112.4828,39.9512],[-112.4824,39.9486],[-112.4839,39.9479],[-112.4908,39.9494],[-112.5006,39.947],[-112.5015,39.9417],[-112.5092,39.933],[-112.5134,39.9207],[-112.5193,39.9126],[-112.5221,39.897],[-112.5244,39.8918],[-112.5298,39.8856],[-112.5333,39.876],[-112.5389,39.8739],[-112.5446,39.8686],[-112.548,39.8633],[-112.5616,39.8556],[-112.5641,39.8529],[-112.5749,39.8494],[-112.5836,39.8438],[-112.5907,39.8418],[-112.6059,39.8284],[-112.5942,39.8327],[-112.5761,39.8368],[-112.5686,39.84],[-112.5558,39.8424],[-112.551,39.8423],[-112.5475,39.8335],[-112.5429,39.833],[-112.54,39.834],[-112.5426,39.8375],[-112.5403,39.8394],[-112.5364,39.8396],[-112.5331,39.8375],[-112.5307,39.8376],[-112.5288,39.8385],[-112.5289,39.8403],[-112.5252,39.8407],[-112.5183,39.8452],[-112.5114,39.8479],[-112.5085,39.8544],[-112.5039,39.8573],[-112.4997,39.8619],[-112.4991,39.8644],[-112.4934,39.8682],[-112.4861,39.8771],[-112.4865,39.8795],[-112.4835,39.885],[-112.4839,39.8903],[-112.4801,39.8933],[-112.4782,39.907],[-112.473,39.9082],[-112.4667,39.9167],[-112.4503,39.9301],[-112.4489,39.9321],[-112.4492,39.9364]]]}},{"type":"Feature","properties":{"huc12":"160300050604","name":"Erickson Wash"},"geometry":{"type":"Polygon","coordinates":[[[-112.5547,39.9945],[-112.5646,39.9933],[-112.569,39.9882],[-112.5717,39.9871],[-112.5756,39.9816],[-112.583,39.9817],[-112.588,39.9795],[-112.5938,39.9713],[-112.6072,39.9649],[-112.6118,39.9601],[-112.6165,39.9581],[-112.6214,39.9521],[-112.6232,39.9525],[-112.6245,39.9548],[-112.6289,39.954],[-112.6316,39.9557],[-112.636,39.9551],[-112.6374,39.9524],[-112.6472,39.953],[-112.651,39.9512],[-112.6494,39.9411],[-112.6443,39.9375],[-112.6455,39.9339],[-112.6449,39.9315],[-112.6484,39.9276],[-112.6479,39.9235],[-112.649,39.9214],[-112.6465,39.9196],[-112.6459,39.9169],[-112.6493,39.9147],[-112.6487,39.9118],[-112.6449,39.9065],[-112.6417,39.9059],[-112.639,39.9028],[-112.6354,39.9014],[-112.6361,39.8951],[-112.6418,39.8904],[-112.6416,39.8878],[-112.6396,39.8854],[-112.6409,39.8805],[-112.64,39.8781],[-112.6452,39.877],[-112.6481,39.8746],[-112.6482,39.8705],[-112.6632,39.8434],[-112.6756,39.8336],[-112.6789,39.8285],[-112.6861,39.8229],[-112.6903,39.8215],[-112.6922,39.819],[-112.7154,39.8186],[-112.7278,39.8144],[-112.7418,39.8123],[-112.7539,39.8085],[-112.7362,39.809],[-112.7166,39.8056],[-112.7127,39.8014],[-112.7049,39.7968],[-112.7037,39.7946],[-112.7045,39.7922],[-112.7031,39.7919],[-112.6937,39.7943],[-112.6862,39.799],[-112.6825,39.7983],[-112.6786,39.8009],[-112.677,39.8007],[-112.6595,39.8122],[-112.646,39.8189],[-112.6354,39.83],[-112.6266,39.8346],[-112.624,39.8376],[-112.6218,39.8476],[-112.613,39.8581],[-112.6077,39.8683],[-112.6048,39.8687],[-112.5987,39.8759],[-112.5958,39.8848],[-112.5894,39.8898],[-112.5806,39.8919],[-112.5796,39.897],[-112.5807,39.8987],[-112.5747,39.9085],[-112.5703,39.9121],[-112.564,39.9203],[-112.552,39.9259],[-112.5494,39.9312],[-112.5497,39.9381],[-112.5463,39.9429],[-112.5462,39.946],[-112.5486,39.9503],[-112.548,39.9529],[-112.5429,39.9572],[-112.542,39.9606],[-112.5359,39.9629],[-112.5331,39.967],[-112.5346,39.969],[-112.5283,39.9742],[-112.5343,39.9836],[-112.5404,39.9845],[-112.5414,39.9884],[-112.5433,39.9899],[-112.5465,39.9899],[-112.55,39.9936],[-112.5547,39.9945]]]}},{"type":"Feature","properties":{"huc12":"160300050605","name":"Judd Creek"},"geometry":{"type":"Polygon","coordinates":[[[-112.651,39.9512],[-112.6531,39.952],[-112.6564,39.951],[-112.6617,39.9561],[-112.6645,39.957],[-112.671,39.958],[-112.6794,39.9561],[-112.6823,39.9595],[-112.6863,39.9608],[-112.6918,39.9563],[-112.6944,39.9566],[-112.6982,39.9533],[-112.7052,39.9556],[-112.7095,39.952],[-112.7089,39.949],[-112.7061,39.9468],[-112.7032,39.9395],[-112.6993,39.9363],[-112.698,39.9316],[-112.7003,39.9287],[-112.6996,39.9252],[-112.7007,39.9229],[-112.6981,39.908],[-112.7013,39.9009],[-112.6986,39.8937],[-112.7022,39.8878],[-112.7006,39.8834],[-112.7033,39.8707],[-112.703,39.8656],[-112.7058,39.8582],[-112.7057,39.8527],[-112.7087,39.846],[-112.7093,39.8399],[-112.7214,39.8274],[-112.7323,39.8227],[-112.7397,39.8173],[-112.7463,39.816],[-112.7575,39.8161],[-112.749,39.813],[-112.7374,39.8131],[-112.7278,39.8144],[-112.7154,39.8186],[-112.6922,39.819],[-112.6903,39.8215],[-112.6861,39.8229],[-112.6789,39.8285],[-112.6756,39.8336],[-112.6635,39.843],[-112.6482,39.8705],[-112.6481,39.8746],[-112.6452,39.877],[-112.64,39.8781],[-112.6409,39.8805],[-112.6396,39.8854],[-112.6416,39.8878],[-112.6418,39.8904],[-112.6361,39.8951],[-112.6364,39.8983],[-112.6351,39.9002],[-112.6415,39.9057],[-112.6449,39.9065],[-112.6487,39.9118],[-112.6493,39.9147],[-112.6459,39.9169],[-112.6465,39.9196],[-112.649,39.9214],[-112.6479,39.9235],[-112.6484,39.9276],[-112.6449,39.9315],[-112.6455,39.9339],[-112.6443,39.9375],[-112.6494,39.9411],[-112.651,39.9512]]]}},{"type":"Feature","properties":{"huc12":"160300050607","name":"Death Canyon Wash-Old River Bed"},"geometry":{"type":"Polygon","coordinates":[[[-112.7095,39.952],[-112.7162,39.9551],[-112.7236,39.9555],[-112.7242,39.9518],[-112.7262,39.9506],[-112.7266,39.9475],[-112.7294,39.9443],[-112.7302,39.9394],[-112.7344,39.9363],[-112.7351,39.9325],[-112.7399,39.9246],[-112.7391,39.9198],[-112.7405,39.9174],[-112.7409,39.9108],[-112.7436,39.9054],[-112.7388,39.9019],[-112.7378,39.8939],[-112.7424,39.889],[-112.751,39.8851],[-112.7553,39.8799],[-112.7725,39.8831],[-112.7944,39.8776],[-112.8028,39.8724],[-112.8091,39.8655],[-112.8117,39.8591],[-112.8144,39.8561],[-112.8301,39.8482],[-112.8366,39.8484],[-112.8381,39.8471],[-112.838,39.8442],[-112.841,39.8439],[-112.8418,39.841],[-112.8455,39.8362],[-112.8502,39.8347],[-112.8521,39.83],[-112.8517,39.826],[-112.8586,39.818],[-112.8575,39.8075],[-112.8522,39.8001],[-112.8479,39.7998],[-112.8478,39.8018],[-112.8451,39.8027],[-112.842,39.8001],[-112.8402,39.8001],[-112.8364,39.7956],[-112.833,39.795],[-112.8263,39.7983],[-112.8256,39.8012],[-112.8212,39.8031],[-112.8197,39.808],[-112.8143,39.8123],[-112.8081,39.8129],[-112.7956,39.8095],[-112.78,39.808],[-112.7654,39.815],[-112.7561,39.8167],[-112.7475,39.8159],[-112.741,39.8168],[-112.7323,39.8227],[-112.7214,39.8274],[-112.7107,39.8374],[-112.7092,39.8404],[-112.7082,39.8475],[-112.706,39.8517],[-112.7059,39.8577],[-112.703,39.8656],[-112.7033,39.8707],[-112.7006,39.8834],[-112.7022,39.8878],[-112.6986,39.8941],[-112.7013,39.901],[-112.6981,39.908],[-112.7007,39.9229],[-112.6996,39.9252],[-112.7003,39.9287],[-112.698,39.9316],[-112.6993,39.9363],[-112.7032,39.9395],[-112.7061,39.9468],[-112.7089,39.949],[-112.7095,39.952]]]}},{"type":"Feature","properties":{"huc12":"160300050608","name":"Dead Ox Wash-Old River Bed"},"geometry":{"type":"Polygon","coordinates":[[[-112.7293,39.9612],[-112.7321,39.9602],[-112.7353,39.9565],[-112.7374,39.9567],[-112.7428,39.954],[-112.7609,39.9551],[-112.7675,39.9543],[-112.7819,39.9583],[-112.785,39.958],[-112.7967,39.9621],[-112.8027,39.9622],[-112.8106,39.9579],[-112.8154,39.957],[-112.8243,39.9497],[-112.8244,39.9478],[-112.8217,39.9453],[-112.8239,39.9425],[-112.8307,39.9406],[-112.8321,39.9439],[-112.8344,39.945],[-112.8423,39.9447],[-112.8464,39.9367],[-112.8449,39.9338],[-112.8461,39.9309],[-112.8571,39.9312],[-112.8578,39.9291],[-112.8611,39.927],[-112.8579,39.9194],[-112.8586,39.9163],[-112.8551,39.9114],[-112.8503,39.9088],[-112.8558,39.9025],[-112.8566,39.8982],[-112.8535,39.8949],[-112.8557,39.8926],[-112.8552,39.8896],[-112.857,39.8824],[-112.8616,39.8825],[-112.8644,39.8852],[-112.8675,39.883],[-112.8687,39.8729],[-112.8729,39.8692],[-112.8709,39.8601],[-112.8749,39.8598],[-112.8784,39.8572],[-112.8757,39.8522],[-112.879,39.841],[-112.8778,39.8327],[-112.8733,39.8309],[-112.8668,39.8239],[-112.8635,39.8223],[-112.8605,39.8226],[-112.8585,39.8186],[-112.8517,39.826],[-112.8521,39.83],[-112.8502,39.8347],[-112.8455,39.8362],[-112.8418,39.841],[-112.841,39.8439],[-112.838,39.8442],[-112.8381,39.8471],[-112.8358,39.8487],[-112.8301,39.8482],[-112.8157,39.8551],[-112.8117,39.8591],[-112.8091,39.8655],[-112.8016,39.8734],[-112.7938,39.8778],[-112.7725,39.8831],[-112.7553,39.8799],[-112.751,39.8851],[-112.7424,39.889],[-112.7378,39.8939],[-112.7388,39.9019],[-112.7436,39.9053],[-112.7409,39.9108],[-112.7405,39.9174],[-112.7391,39.9198],[-112.7399,39.9246],[-112.7351,39.9325],[-112.7344,39.9363],[-112.7302,39.9394],[-112.7294,39.9443],[-112.7266,39.9475],[-112.7264,39.9502],[-112.7242,39.9518],[-112.7236,39.9545],[-112.7254,39.96],[-112.7293,39.9612]]]}},{"type":"Feature","properties":{"huc12":"160102020706","name":"Cutler Reservoir-Bear River"},"geometry":{"type":"Polygon","coordinates":[[[-111.9793,41.8935],[-111.981,41.8976],[-111.9903,41.9034],[-111.9984,41.9026],[-112.0146,41.8972],[-112.0428,41.8925],[-112.048,41.884],[-112.0552,41.8823],[-112.0564,41.881],[-112.0581,41.882],[-112.0654,41.8806],[-112.0678,41.8815],[-112.0639,41.8754],[-112.0639,41.868],[-112.0586,41.8685],[-112.0555,41.8659],[-112.0532,41.8664],[-112.0521,41.8651],[-112.0526,41.8626],[-112.0474,41.8524],[-112.0486,41.8494],[-112.0459,41.8432],[-112.0495,41.8378],[-112.0479,41.8344],[-112.0457,41.8333],[-112.0408,41.8334],[-112.0382,41.8283],[-112.0356,41.8273],[-112.0348,41.8239],[-112.0286,41.8204],[-112.0284,41.8191],[-112.0311,41.8157],[-112.0294,41.8127],[-112.0305,41.8102],[-112.0297,41.808],[-112.0177,41.8042],[-112.0087,41.795],[-112.0104,41.7879],[-112.014,41.7808],[-111.9884,41.7792],[-111.9818,41.7805],[-111.9682,41.7863],[-111.9453,41.7873],[-111.9452,41.7914],[-111.9436,41.7943],[-111.9476,41.797],[-111.9496,41.8035],[-111.9546,41.8091],[-111.9477,41.811],[-111.9451,41.8162],[-111.9413,41.8194],[-111.9447,41.8229],[-111.9514,41.8248],[-111.9555,41.8338],[-111.9652,41.8434],[-111.9664,41.8422],[-111.9659,41.8396],[-111.9723,41.8308],[-111.9741,41.8303],[-111.9766,41.8343],[-111.9759,41.8392],[-111.9725,41.8448],[-111.9779,41.8515],[-111.9811,41.8536],[-111.9829,41.8653],[-111.9855,41.8692],[-111.9862,41.8748],[-111.9908,41.8821],[-111.989,41.886],[-111.9807,41.8894],[-111.9793,41.8935]]]}},{"type":"Feature","properties":{"huc12":"160102030405","name":"Fourmile Creek-Little Bear River"},"geometry":{"type":"Polygon","coordinates":[[[-111.9292,41.7881],[-111.9305,41.7941],[-111.9317,41.795],[-111.9436,41.7943],[-111.9452,41.7914],[-111.9454,41.7871],[-111.9682,41.7863],[-111.9818,41.7805],[-111.9884,41.7792],[-111.9982,41.779],[-112.0141,41.7809],[-112.0204,41.7798],[-112.0263,41.7764],[-112.0266,41.7722],[-112.0322,41.7691],[-112.0331,41.7669],[-112.0332,41.7617],[-112.0314,41.7594],[-112.0335,41.7506],[-112.0366,41.7464],[-112.0373,41.7431],[-112.0439,41.7355],[-112.0428,41.7324],[-112.045,41.7274],[-112.0455,41.7187],[-112.043,41.7114],[-112.0396,41.7154],[-112.04,41.7173],[-112.0383,41.7198],[-112.039,41.7238],[-112.0258,41.7389],[-112.0262,41.7423],[-112.021,41.7437],[-112.0031,41.7449],[-112.0006,41.7467],[-111.9859,41.7471],[-111.976,41.7497],[-111.9531,41.7504],[-111.9485,41.7531],[-111.9382,41.7508],[-111.9244,41.7452],[-111.9128,41.7465],[-111.896,41.7433],[-111.8874,41.7439],[-111.8922,41.7513],[-111.8998,41.7552],[-111.9121,41.7566],[-111.9223,41.7547],[-111.932,41.7641],[-111.9376,41.7649],[-111.9369,41.7702],[-111.9377,41.7745],[-111.9356,41.7821],[-111.9292,41.7881]]]}},{"type":"Feature","properties":{"huc12":"160202010602","name":"Enoch Canyon-Frontal Utah Lake"},"geometry":{"type":"Polygon","coordinates":[[[-111.9097,40.3443],[-111.9169,40.3453],[-111.9326,40.3447],[-111.9324,40.3429],[-111.9346,40.3412],[-111.9367,40.3276],[-111.9437,40.3267],[-111.9451,40.3251],[-111.949,40.3248],[-111.9543,40.3219],[-111.9559,40.3189],[-111.9553,40.3168],[-111.9572,40.314],[-111.9611,40.3121],[-111.9618,40.3082],[-111.9577,40.2979],[-111.9507,40.2883],[-111.9499,40.2851],[-111.9462,40.2823],[-111.9426,40.2816],[-111.9407,40.2786],[-111.9377,40.2789],[-111.9357,40.2806],[-111.9328,40.2761],[-111.9304,40.2754],[-111.9299,40.2718],[-111.9351,40.2694],[-111.9331,40.2662],[-111.9333,40.2635],[-111.9283,40.2615],[-111.9262,40.2521],[-111.9231,40.2497],[-111.9215,40.2453],[-111.9235,40.2432],[-111.9278,40.2418],[-111.9264,40.2396],[-111.9272,40.2347],[-111.934,40.2328],[-111.9363,40.2305],[-111.939,40.2304],[-111.9426,40.2271],[-111.9458,40.2198],[-111.9505,40.217],[-111.9522,40.2137],[-111.9613,40.2076],[-111.9654,40.2066],[-111.9661,40.2033],[-111.9681,40.2016],[-111.9679,40.1972],[-111.9717,40.197],[-111.9731,40.1899],[-111.9686,40.1858],[-111.9643,40.184],[-111.9632,40.1806],[-111.9591,40.1785],[-111.9585,40.1763],[-111.9548,40.173],[-111.9545,40.1695],[-111.9509,40.1629],[-111.9448,40.1551],[-111.9304,40.1478],[-111.9265,40.1555],[-111.911,40.1759],[-111.9029,40.1811],[-111.897,40.189],[-111.8907,40.1912],[-111.8883,40.1977],[-111.8809,40.2006],[-111.8766,40.2061],[-111.8692,40.2221],[-111.8635,40.2414],[-111.8598,40.249],[-111.8571,40.2513],[-111.8605,40.2508],[-111.8594,40.2519],[-111.8613,40.2535],[-111.8623,40.2523],[-111.8615,40.2555],[-111.857,40.2629],[-111.854,40.265],[-111.8527,40.2643],[-111.8538,40.2656],[-111.8522,40.2647],[-111.8532,40.2661],[-111.8481,40.2684],[-111.8549,40.268],[-111.8604,40.2723],[-111.8667,40.2838],[-111.8665,40.2859],[-111.8794,40.3004],[-111.8806,40.3056],[-111.8889,40.3178],[-111.8959,40.3231],[-111.8961,40.3265],[-111.8991,40.3313],[-111.9119,40.338],[-111.9097,40.3443]]]}},{"type":"Feature","properties":{"huc12":"160202010406","name":"Manning Canyon"},"geometry":{"type":"Polygon","coordinates":[[[-112.0285,40.2435],[-112.036,40.2529],[-112.0432,40.2553],[-112.0501,40.2676],[-112.054,40.2788],[-112.0618,40.285],[-112.0661,40.2924],[-112.07,40.2961],[-112.0732,40.2975],[-112.0858,40.2977],[-112.0935,40.2993],[-112.1013,40.3038],[-112.1129,40.3061],[-112.1171,40.3086],[-112.1259,40.3224],[-112.1221,40.3261],[-112.1233,40.329],[-112.1299,40.3348],[-112.1351,40.3376],[-112.1386,40.3421],[-112.1437,40.3457],[-112.1441,40.3482],[-112.1482,40.349],[-112.1547,40.3561],[-112.1581,40.3629],[-112.1608,40.3656],[-112.1642,40.3663],[-112.1672,40.3691],[-112.1684,40.3727],[-112.1719,40.3749],[-112.176,40.3736],[-112.1846,40.3745],[-112.1935,40.3683],[-112.1948,40.3626],[-112.1941,40.3601],[-112.188,40.3548],[-112.1852,40.3483],[-112.1814,40.3459],[-112.1756,40.3358],[-112.18,40.3322],[-112.191,40.3295],[-112.1963,40.3262],[-112.1935,40.319],[-112.1979,40.3158],[-112.1986,40.3125],[-112.1975,40.309],[-112.1987,40.3072],[-112.1922,40.3042],[-112.1897,40.3003],[-112.1902,40.2961],[-112.188,40.2938],[-112.1884,40.2902],[-112.1866,40.2869],[-112.1885,40.2855],[-112.1891,40.2735],[-112.1916,40.2717],[-112.1927,40.2675],[-112.1915,40.2635],[-112.1843,40.2581],[-112.1849,40.2527],[-112.1827,40.2484],[-112.1835,40.2433],[-112.1804,40.2335],[-112.1757,40.2267],[-112.1707,40.2257],[-112.1688,40.2229],[-112.1691,40.2195],[-112.1613,40.2171],[-112.157,40.2192],[-112.1539,40.2182],[-112.1525,40.2215],[-112.1489,40.2211],[-112.147,40.2234],[-112.1417,40.2259],[-112.133,40.2251],[-112.1156,40.2267],[-112.1048,40.2248],[-112.0971,40.2205],[-112.0907,40.2191],[-112.0626,40.2188],[-112.057,40.2164],[-112.0511,40.2164],[-112.0375,40.2232],[-112.0353,40.2232],[-112.0337,40.2211],[-112.0311,40.2221],[-112.03,40.2209],[-112.0286,40.2219],[-112.0296,40.2233],[-112.0288,40.2239],[-112.0254,40.2211],[-112.021,40.2237],[-112.0193,40.2235],[-112.0155,40.2266],[-112.0138,40.2307],[-112.0117,40.2312],[-112.0131,40.2326],[-112.012,40.2344],[-112.014,40.2355],[-112.013,40.2362],[-112.0139,40.2372],[-112.012,40.2378],[-112.0217,40.2396],[-112.0238,40.2415],[-112.0256,40.2406],[-112.0265,40.2432],[-112.0285,40.2435]]]}},{"type":"Feature","properties":{"huc12":"160202010500","name":"Big Dry Creek"},"geometry":{"type":"Polygon","coordinates":[[[-111.557,40.2442],[-111.5674,40.2447],[-111.5807,40.2411],[-111.5841,40.2435],[-111.5896,40.2442],[-111.5965,40.2407],[-111.5973,40.2451],[-111.5955,40.2485],[-111.6029,40.2527],[-111.6067,40.2566],[-111.6091,40.2564],[-111.6108,40.2547],[-111.6134,40.2576],[-111.6193,40.259],[-111.6233,40.2654],[-111.6364,40.265],[-111.6551,40.2591],[-111.6732,40.2433],[-111.6783,40.2425],[-111.6851,40.2386],[-111.7034,40.2354],[-111.7189,40.2315],[-111.7195,40.2301],[-111.7191,40.2279],[-111.7166,40.2272],[-111.7149,40.223],[-111.7092,40.2196],[-111.7076,40.2206],[-111.7049,40.2179],[-111.7054,40.2142],[-111.7008,40.2146],[-111.7008,40.217],[-111.7023,40.2185],[-111.702,40.2211],[-111.7008,40.2218],[-111.6997,40.2212],[-111.6999,40.219],[-111.6975,40.217],[-111.6892,40.2148],[-111.6884,40.2111],[-111.6866,40.2119],[-111.6855,40.2101],[-111.6819,40.2099],[-111.6785,40.2079],[-111.6778,40.2098],[-111.6757,40.21],[-111.6736,40.2077],[-111.6694,40.2063],[-111.6602,40.2106],[-111.6459,40.2109],[-111.6435,40.2091],[-111.6324,40.2064],[-111.6268,40.1978],[-111.6146,40.2057],[-111.5945,40.2107],[-111.5886,40.2138],[-111.585,40.2127],[-111.5833,40.2106],[-111.5758,40.2133],[-111.5664,40.2112],[-111.5622,40.2123],[-111.554,40.2172],[-111.5523,40.2198],[-111.5532,40.2228],[-111.5516,40.2251],[-111.5539,40.2285],[-111.5587,40.232],[-111.5598,40.237],[-111.557,40.2442]]]}},{"type":"Feature","properties":{"huc12":"160202010601","name":"Clyde Knoll-Frontal Utah Lake"},"geometry":{"type":"Polygon","coordinates":[[[-111.9304,40.1478],[-111.9448,40.1551],[-111.9509,40.1629],[-111.9545,40.1695],[-111.9548,40.173],[-111.9585,40.1763],[-111.9591,40.1785],[-111.9633,40.1807],[-111.9643,40.184],[-111.9703,40.1872],[-111.9742,40.1836],[-111.9747,40.1773],[-111.9832,40.1715],[-111.984,40.1669],[-111.9857,40.1653],[-111.9847,40.1613],[-111.9856,40.1571],[-111.9874,40.1543],[-111.9883,40.1533],[-111.9911,40.1542],[-111.9942,40.1516],[-111.9986,40.1515],[-111.9997,40.1498],[-112.0056,40.1483],[-112.0079,40.1461],[-112.0081,40.1438],[-112.0116,40.1422],[-112.0131,40.1294],[-112.0171,40.1248],[-112.0156,40.1185],[-112.0163,40.1165],[-112.0237,40.1162],[-112.0369,40.1062],[-112.0366,40.1042],[-112.039,40.0993],[-112.0446,40.0889],[-112.0478,40.0854],[-112.0457,40.0754],[-112.0467,40.0722],[-112.0521,40.0679],[-112.0531,40.0655],[-112.0517,40.0606],[-112.056,40.0544],[-112.0538,40.0489],[-112.0545,40.0465],[-112.0603,40.0416],[-112.0571,40.0395],[-112.0578,40.0346],[-112.0556,40.0322],[-112.0562,40.0276],[-112.0532,40.0219],[-112.0554,40.0182],[-112.0466,40.0179],[-112.0413,40.0256],[-112.0366,40.0289],[-112.036,40.0336],[-112.0216,40.0391],[-112.0206,40.0414],[-112.0175,40.0428],[-112.0164,40.0454],[-112.0121,40.049],[-111.9955,40.0552],[-111.9794,40.0582],[-111.9529,40.0548],[-111.9351,40.056],[-111.9282,40.0591],[-111.9047,40.0554],[-111.8981,40.0569],[-111.8951,40.0544],[-111.8921,40.0468],[-111.8923,40.0544],[-111.8939,40.0578],[-111.9051,40.0631],[-111.9032,40.0639],[-111.9047,40.066],[-111.9211,40.0782],[-111.9275,40.0865],[-111.9297,40.094],[-111.929,40.0961],[-111.9196,40.0998],[-111.918,40.103],[-111.9341,40.1121],[-111.9427,40.1206],[-111.9435,40.1257],[-111.9427,40.1298],[-111.9389,40.1333],[-111.937,40.1385],[-111.9304,40.1478]]]}},{"type":"Feature","properties":{"huc12":"160202010701","name":"West Canyon Wash"},"geometry":{"type":"Polygon","coordinates":[[[-112.1388,40.4684],[-112.1455,40.4704],[-112.1505,40.4681],[-112.1532,40.4684],[-112.156,40.4671],[-112.1565,40.464],[-112.1602,40.461],[-112.1692,40.4636],[-112.1729,40.4669],[-112.1904,40.4684],[-112.1956,40.4623],[-112.2123,40.459],[-112.2142,40.4519],[-112.2095,40.4323],[-112.2051,40.4311],[-112.1948,40.421],[-112.1955,40.4175],[-112.198,40.4148],[-112.1999,40.4041],[-112.1986,40.4002],[-112.2001,40.3974],[-112.1995,40.3907],[-112.2016,40.3881],[-112.2014,40.3862],[-112.1994,40.3828],[-112.1946,40.3797],[-112.1888,40.3725],[-112.1846,40.3745],[-112.176,40.3736],[-112.1722,40.3746],[-112.1697,40.3826],[-112.1672,40.3839],[-112.1549,40.3871],[-112.149,40.3857],[-112.1358,40.3888],[-112.1288,40.393],[-112.1278,40.3948],[-112.1215,40.3977],[-112.121,40.4017],[-112.1193,40.4038],[-112.1031,40.4059],[-112.1008,40.4082],[-112.1018,40.4115],[-112.1009,40.4168],[-112.1053,40.4205],[-112.1081,40.4282],[-112.1075,40.4323],[-112.1145,40.4414],[-112.1135,40.4473],[-112.1143,40.4501],[-112.1194,40.4527],[-112.1238,40.4581],[-112.1388,40.4684]]]}},{"type":"Feature","properties":{"huc12":"160202010801","name":"Upper American Fork"},"geometry":{"type":"Polygon","coordinates":[[[-111.5937,40.5771],[-111.5982,40.578],[-111.6022,40.5755],[-111.602,40.5696],[-111.6057,40.5645],[-111.6108,40.566],[-111.6203,40.5653],[-111.6378,40.5681],[-111.6418,40.5623],[-111.645,40.5608],[-111.6463,40.5563],[-111.6501,40.5513],[-111.6566,40.5518],[-111.6611,40.5502],[-111.664,40.5413],[-111.6726,40.5378],[-111.6756,40.5329],[-111.6786,40.5317],[-111.6816,40.5329],[-111.6847,40.5313],[-111.6858,40.5291],[-111.6862,40.5265],[-111.6839,40.5235],[-111.6843,40.5183],[-111.6702,40.5129],[-111.6644,40.5091],[-111.66,40.5003],[-111.6515,40.499],[-111.6514,40.4953],[-111.6437,40.4913],[-111.6432,40.4846],[-111.6397,40.4807],[-111.6351,40.4788],[-111.6263,40.4724],[-111.6257,40.4695],[-111.6207,40.4658],[-111.6217,40.4631],[-111.625,40.4617],[-111.6252,40.4604],[-111.6252,40.4574],[-111.6212,40.4557],[-111.6149,40.4576],[-111.6145,40.4594],[-111.6099,40.4631],[-111.6087,40.4667],[-111.595,40.4676],[-111.5843,40.4767],[-111.5838,40.4795],[-111.5787,40.4819],[-111.5748,40.4869],[-111.5744,40.493],[-111.5792,40.5003],[-111.5755,40.503],[-111.5755,40.5167],[-111.5717,40.52],[-111.5697,40.5268],[-111.571,40.5324],[-111.5703,40.5345],[-111.5727,40.5376],[-111.5708,40.54],[-111.5708,40.5442],[-111.5677,40.5474],[-111.5702,40.5508],[-111.5755,40.5547],[-111.5816,40.5664],[-111.5911,40.5722],[-111.5937,40.5771]]]}},{"type":"Feature","properties":{"huc12":"160202010802","name":"Middle American Fork"},"geometry":{"type":"Polygon","coordinates":[[[-111.62,40.4555],[-111.6252,40.4574],[-111.6251,40.4616],[-111.622,40.4629],[-111.6207,40.4658],[-111.6257,40.4695],[-111.6268,40.4728],[-111.6397,40.4807],[-111.6431,40.4844],[-111.6438,40.4915],[-111.6514,40.4953],[-111.6515,40.499],[-111.66,40.5003],[-111.6621,40.503],[-111.6633,40.5081],[-111.67,40.5128],[-111.6837,40.5179],[-111.6833,40.5132],[-111.6896,40.5097],[-111.6937,40.5053],[-111.6954,40.5027],[-111.6952,40.4984],[-111.6971,40.4963],[-111.6952,40.4914],[-111.6977,40.4847],[-111.6951,40.4812],[-111.6952,40.4792],[-111.6919,40.4768],[-111.6951,40.4729],[-111.7065,40.4713],[-111.7098,40.4697],[-111.7107,40.4676],[-111.718,40.4651],[-111.723,40.4567],[-111.7242,40.4504],[-111.7285,40.4474],[-111.7346,40.4466],[-111.7363,40.4438],[-111.7438,40.4401],[-111.7487,40.4351],[-111.7551,40.4314],[-111.7199,40.4261],[-111.7162,40.4247],[-111.71,40.4198],[-111.6957,40.4224],[-111.6916,40.4212],[-111.6892,40.4226],[-111.6878,40.4208],[-111.6816,40.4191],[-111.6761,40.4179],[-111.6714,40.4185],[-111.6675,40.4158],[-111.6655,40.4116],[-111.6602,40.4076],[-111.6555,40.3971],[-111.6526,40.3936],[-111.6466,40.392],[-111.6376,40.3995],[-111.6377,40.4028],[-111.6361,40.4064],[-111.6305,40.4136],[-111.6195,40.419],[-111.6194,40.4237],[-111.617,40.4251],[-111.6162,40.4285],[-111.6126,40.4322],[-111.618,40.4393],[-111.6159,40.4438],[-111.6184,40.4489],[-111.621,40.4495],[-111.6196,40.4529],[-111.62,40.4555]]]}},{"type":"Feature","properties":{"huc12":"160202010804","name":"Dry Canyon-Frontal Utah Lake"},"geometry":{"type":"Polygon","coordinates":[[[-111.6333,40.3727],[-111.6337,40.3751],[-111.6322,40.3802],[-111.6365,40.3843],[-111.6395,40.384],[-111.6439,40.3862],[-111.6464,40.3849],[-111.6527,40.3737],[-111.6668,40.3658],[-111.667,40.3631],[-111.6739,40.3575],[-111.6737,40.3536],[-111.6754,40.3524],[-111.6744,40.3507],[-111.677,40.3471],[-111.678,40.3413],[-111.6772,40.3391],[-111.6821,40.3342],[-111.6849,40.3286],[-111.6914,40.3243],[-111.6993,40.3232],[-111.7179,40.3252],[-111.7295,40.323],[-111.7395,40.3258],[-111.7525,40.3251],[-111.7643,40.3263],[-111.7665,40.3181],[-111.7639,40.3144],[-111.7616,40.3007],[-111.7622,40.2943],[-111.7587,40.288],[-111.759,40.2866],[-111.7569,40.2858],[-111.7572,40.2838],[-111.7563,40.2847],[-111.7545,40.2836],[-111.7529,40.28],[-111.7509,40.2789],[-111.7511,40.2774],[-111.7427,40.2737],[-111.7378,40.2699],[-111.7348,40.2656],[-111.7312,40.2644],[-111.726,40.2575],[-111.7275,40.2522],[-111.7223,40.2512],[-111.7164,40.2463],[-111.7181,40.2423],[-111.7136,40.2419],[-111.7069,40.2459],[-111.707,40.2495],[-111.7026,40.2551],[-111.6917,40.2581],[-111.6872,40.2656],[-111.6762,40.2763],[-111.6654,40.3121],[-111.6628,40.3191],[-111.6572,40.3269],[-111.66,40.3285],[-111.6623,40.3362],[-111.6624,40.3398],[-111.6589,40.3467],[-111.6613,40.3485],[-111.6539,40.3537],[-111.6478,40.3635],[-111.6418,40.3672],[-111.6401,40.3698],[-111.6333,40.3727]]]}},{"type":"Feature","properties":{"huc12":"160202010900","name":"Utah Lake"},"geometry":{"type":"Polygon","coordinates":[[[-111.8729,40.3637],[-111.8814,40.3612],[-111.8921,40.3606],[-111.8899,40.3619],[-111.8952,40.3598],[-111.8986,40.3602],[-111.8989,40.356],[-111.9101,40.3439],[-111.912,40.3382],[-111.8991,40.3313],[-111.8961,40.3265],[-111.8959,40.3231],[-111.8889,40.3178],[-111.8806,40.3056],[-111.8794,40.3004],[-111.8665,40.2859],[-111.8667,40.2838],[-111.8603,40.2722],[-111.8549,40.268],[-111.8481,40.2684],[-111.8532,40.2661],[-111.8522,40.2647],[-111.8538,40.2656],[-111.8527,40.2643],[-111.854,40.265],[-111.857,40.2629],[-111.8615,40.2555],[-111.8623,40.2523],[-111.8613,40.2535],[-111.8594,40.2519],[-111.8605,40.2508],[-111.8571,40.2513],[-111.8598,40.249],[-111.8635,40.2414],[-111.8692,40.2221],[-111.8766,40.2061],[-111.8809,40.2006],[-111.8883,40.1977],[-111.8907,40.1912],[-111.897,40.189],[-111.9029,40.1811],[-111.911,40.1759],[-111.9284,40.1527],[-111.9434,40.1271],[-111.9428,40.1208],[-111.9399,40.1168],[-111.9315,40.1103],[-111.9178,40.1026],[-111.9196,40.0998],[-111.9292,40.0958],[-111.9297,40.094],[-111.9254,40.0825],[-111.9055,40.0668],[-111.9032,40.0641],[-111.9051,40.0631],[-111.8957,40.059],[-111.8924,40.0551],[-111.8923,40.0468],[-111.8942,40.0481],[-111.8999,40.0474],[-111.9043,40.0492],[-111.8988,40.0514],[-111.8976,40.054],[-111.8987,40.0557],[-111.9032,40.0543],[-111.9204,40.0547],[-111.9234,40.052],[-111.9211,40.0454],[-111.9256,40.0372],[-111.9249,40.0348],[-111.9268,40.0299],[-111.9222,40.0278],[-111.9207,40.0229],[-111.9209,40.0205],[-111.9224,40.0196],[-111.9207,40.0198],[-111.9166,40.0127],[-111.9164,40.009],[-111.9166,40.0122],[-111.9128,40.0151],[-111.9116,40.0143],[-111.9127,40.0113],[-111.908,40.0125],[-111.9056,40.0165],[-111.9065,40.0208],[-111.8976,40.0228],[-111.8927,40.0225],[-111.8832,40.0259],[-111.8806,40.0243],[-111.883,40.0266],[-111.8784,40.0308],[-111.8783,40.033],[-111.8758,40.0352],[-111.8768,40.0395],[-111.88,40.0412],[-111.8758,40.046],[-111.8748,40.0491],[-111.8687,40.0538],[-111.8671,40.058],[-111.8623,40.0607],[-111.8617,40.0651],[-111.8568,40.0715],[-111.8576,40.0751],[-111.8638,40.0784],[-111.8702,40.08],[-111.867,40.0848],[-111.8632,40.0861],[-111.8533,40.1035],[-111.8543,40.107],[-111.8537,40.1114],[-111.8522,40.114],[-111.8465,40.118],[-111.8425,40.1278],[-111.8384,40.1322],[-111.8315,40.1346],[-111.8252,40.1395],[-111.8075,40.1458],[-111.8035,40.144],[-111.8015,40.1403],[-111.8023,40.1383],[-111.8005,40.1369],[-111.8027,40.1373],[-111.8026,40.1347],[-111.7998,40.1341],[-111.797,40.1286],[-111.7928,40.1286],[-111.7905,40.1345],[-111.7751,40.138],[-111.7681,40.138],[-111.752,40.1422],[-111.7497,40.1378],[-111.7512,40.1422],[-111.7408,40.1468],[-111.7391,40.1513],[-111.7422,40.16],[-111.7443,40.1621],[-111.7436,40.1647],[-111.7459,40.1643],[-111.7483,40.1665],[-111.7376,40.1686],[-111.735,40.1704],[-111.7346,40.1734],[-111.7362,40.1782],[-111.7354,40.18],[-111.7223,40.1748],[-111.7205,40.1712],[-111.722,40.168],[-111.7183,40.1647],[-111.7177,40.1622],[-111.7106,40.1603],[-111.7092,40.1631],[-111.7062,40.1644],[-111.6998,40.1714],[-111.6963,40.1733],[-111.6839,40.1714],[-111.6826,40.1686],[-111.6781,40.1738],[-111.6759,40.1727],[-111.6744,40.1736],[-111.6712,40.1709],[-111.6683,40.1717],[-111.6658,40.17],[-111.6638,40.1746],[-111.6583,40.1768],[-111.6571,40.179],[-111.6579,40.1807],[-111.6527,40.1824],[-111.6522,40.1867],[-111.6496,40.1883],[-111.6406,40.1884],[-111.6397,40.1902],[-111.6424,40.1909],[-111.6415,40.1912],[-111.6425,40.1912],[-111.6429,40.1934],[-111.6317,40.1942],[-111.6302,40.1963],[-111.6268,40.1978],[-111.6324,40.2064],[-111.6435,40.2091],[-111.6459,40.2109],[-111.6602,40.2106],[-111.6694,40.2063],[-111.6736,40.2077],[-111.6757,40.21],[-111.6778,40.2098],[-111.6785,40.2079],[-111.6819,40.2099],[-111.6855,40.2101],[-111.6866,40.2119],[-111.6884,40.2111],[-111.6892,40.2148],[-111.6975,40.217],[-111.6999,40.219],[-111.6997,40.2212],[-111.7008,40.2218],[-111.702,40.2211],[-111.7023,40.2185],[-111.7008,40.217],[-111.7008,40.2146],[-111.7054,40.2142],[-111.7049,40.2179],[-111.7076,40.2206],[-111.7095,40.2197],[-111.7158,40.2238],[-111.7166,40.2272],[-111.7191,40.2279],[-111.7191,40.2317],[-111.7205,40.2335],[-111.7269,40.2346],[-111.7267,40.2361],[-111.729,40.2371],[-111.7336,40.2356],[-111.7385,40.2364],[-111.7314,40.2383],[-111.7255,40.2374],[-111.7216,40.24],[-111.7174,40.2401],[-111.7127,40.2424],[-111.7181,40.2423],[-111.7164,40.2463],[-111.7223,40.2512],[-111.7275,40.2522],[-111.726,40.2575],[-111.7312,40.2644],[-111.7348,40.2656],[-111.7378,40.2699],[-111.7427,40.2737],[-111.7511,40.2774],[-111.7509,40.2789],[-111.7529,40.28],[-111.7545,40.2836],[-111.7563,40.2847],[-111.7572,40.2838],[-111.7569,40.2858],[-111.759,40.2866],[-111.7587,40.288],[-111.7622,40.2943],[-111.7616,40.3007],[-111.7639,40.3144],[-111.7665,40.3181],[-111.7633,40.329],[-111.7654,40.3332],[-111.7754,40.3364],[-111.7693,40.3347],[-111.773,40.3373],[-111.7756,40.3374],[-111.7761,40.3365],[-111.7839,40.3381],[-111.777,40.3372],[-111.7776,40.3394],[-111.7778,40.3381],[-111.7789,40.34],[-111.7808,40.3394],[-111.7818,40.3422],[-111.7836,40.3402],[-111.7948,40.3431],[-111.7931,40.3411],[-111.7961,40.3423],[-111.7953,40.344],[-111.7988,40.3456],[-111.7994,40.3424],[-111.8,40.3433],[-111.8019,40.3424],[-111.8052,40.3463],[-111.8116,40.3486],[-111.8135,40.3519],[-111.8156,40.3509],[-111.8167,40.3524],[-111.8153,40.3544],[-111.82,40.3552],[-111.8169,40.3531],[-111.818,40.3526],[-111.8201,40.3539],[-111.8231,40.3539],[-111.8241,40.3555],[-111.8243,40.3537],[-111.8291,40.3548],[-111.8276,40.3558],[-111.8309,40.358],[-111.8302,40.359],[-111.835,40.3596],[-111.8354,40.3581],[-111.837,40.3582],[-111.8401,40.3604],[-111.8392,40.3616],[-111.8409,40.361],[-111.8442,40.3628],[-111.849,40.3631],[-111.8569,40.362],[-111.8575,40.3632],[-111.8581,40.3618],[-111.8612,40.3615],[-111.8634,40.3619],[-111.8627,40.3631],[-111.8646,40.362],[-111.8729,40.3637]]]}},{"type":"Feature","properties":{"huc12":"160102040404","name":"Sulphur Creek"},"geometry":{"type":"Polygon","coordinates":[[[-112.1719,41.5956],[-112.1713,41.6018],[-112.1738,41.6027],[-112.1745,41.608],[-112.1782,41.6117],[-112.176,41.6181],[-112.1806,41.6321],[-112.1773,41.6489],[-112.1668,41.6528],[-112.1627,41.6605],[-112.1677,41.6727],[-112.1667,41.6798],[-112.162,41.6831],[-112.1644,41.6899],[-112.1656,41.6984],[-112.1685,41.6896],[-112.188,41.6612],[-112.21,41.645],[-112.2155,41.6357],[-112.2156,41.6267],[-112.2297,41.618],[-112.224,41.6105],[-112.2239,41.6032],[-112.2293,41.6012],[-112.2327,41.5927],[-112.2266,41.5865],[-112.2231,41.5846],[-112.2204,41.5766],[-112.2229,41.5726],[-112.226,41.5704],[-112.2275,41.5643],[-112.2343,41.5591],[-112.2236,41.5569],[-112.2215,41.5575],[-112.2165,41.5621],[-112.2071,41.5662],[-112.1998,41.5765],[-112.1846,41.5805],[-112.1848,41.5836],[-112.1833,41.5869],[-112.1791,41.5912],[-112.1719,41.5956]]]}},{"type":"Feature","properties":{"huc12":"160201020501","name":"Holbrook Creek-Frontal Farmington Bay"},"geometry":{"type":"Polygon","coordinates":[[[-111.811,40.9495],[-111.815,40.9447],[-111.8203,40.9433],[-111.8261,40.9377],[-111.8331,40.9343],[-111.8449,40.9333],[-111.8512,40.9286],[-111.8747,40.9216],[-111.8875,40.9216],[-111.8966,40.9243],[-111.9049,40.9244],[-111.9158,40.9276],[-111.9253,40.934],[-111.9288,40.9332],[-111.9287,40.9312],[-111.9321,40.9298],[-111.9303,40.9291],[-111.934,40.9273],[-111.931,40.9252],[-111.9322,40.9238],[-111.9408,40.9218],[-111.9411,40.9192],[-111.9436,40.9204],[-111.9479,40.9185],[-111.948,40.9122],[-111.9426,40.9111],[-111.9459,40.9069],[-111.9488,40.9087],[-111.9484,40.9035],[-111.9376,40.8977],[-111.9258,40.8843],[-111.9159,40.8794],[-111.9048,40.8772],[-111.8938,40.8775],[-111.885,40.875],[-111.8763,40.8753],[-111.8616,40.871],[-111.85,40.8692],[-111.8505,40.8658],[-111.8465,40.8635],[-111.8418,40.8493],[-111.8373,40.8486],[-111.8349,40.85],[-111.8313,40.849],[-111.8306,40.8474],[-111.8212,40.8433],[-111.8172,40.8385],[-111.8125,40.8401],[-111.8039,40.8386],[-111.789,40.8456],[-111.7818,40.8439],[-111.7783,40.8446],[-111.7747,40.8476],[-111.7716,40.8488],[-111.7684,40.8483],[-111.7601,40.8529],[-111.755,40.8539],[-111.7525,40.853],[-111.7487,40.8565],[-111.7474,40.8599],[-111.7389,40.8611],[-111.7405,40.8654],[-111.7465,40.871],[-111.7634,40.8736],[-111.768,40.8727],[-111.7683,40.8755],[-111.7653,40.8783],[-111.7617,40.8855],[-111.7622,40.8875],[-111.7643,40.8889],[-111.7704,40.888],[-111.7747,40.8956],[-111.7795,40.8962],[-111.7766,40.9002],[-111.7787,40.9032],[-111.7785,40.9062],[-111.7814,40.9088],[-111.7823,40.9122],[-111.7938,40.9159],[-111.7934,40.9239],[-111.7909,40.9279],[-111.7967,40.9349],[-111.804,40.9409],[-111.8039,40.9443],[-111.807,40.949],[-111.811,40.9495]]]}},{"type":"Feature","properties":{"huc12":"160201010102","name":"City Creek"},"geometry":{"type":"Polygon","coordinates":[[[-111.365,40.6685],[-111.3748,40.6679],[-111.3795,40.6653],[-111.3835,40.6599],[-111.3861,40.6592],[-111.3873,40.6566],[-111.3864,40.6531],[-111.3819,40.6517],[-111.3827,40.6509],[-111.381,40.6455],[-111.3791,40.6453],[-111.3765,40.6426],[-111.3744,40.6373],[-111.3756,40.633],[-111.3706,40.6316],[-111.3693,40.6292],[-111.3639,40.631],[-111.3579,40.6298],[-111.3552,40.6269],[-111.3498,40.6249],[-111.3457,40.625],[-111.3438,40.6234],[-111.3415,40.6241],[-111.334,40.6227],[-111.3266,40.623],[-111.325,40.6201],[-111.3174,40.6172],[-111.3113,40.6211],[-111.3034,40.6232],[-111.289,40.6159],[-111.2753,40.6129],[-111.2657,40.6077],[-111.2501,40.594],[-111.2298,40.5861],[-111.2282,40.5843],[-111.2166,40.5864],[-111.2101,40.5913],[-111.216,40.5972],[-111.2189,40.5975],[-111.229,40.6036],[-111.2382,40.6046],[-111.2397,40.6086],[-111.2383,40.6113],[-111.2384,40.6189],[-111.2448,40.6229],[-111.2502,40.6242],[-111.2601,40.6331],[-111.2852,40.6442],[-111.2987,40.6458],[-111.3052,40.65],[-111.3081,40.655],[-111.3115,40.6535],[-111.3159,40.6535],[-111.3237,40.6581],[-111.3303,40.658],[-111.3355,40.6632],[-111.3479,40.664],[-111.3559,40.6657],[-111.3611,40.6687],[-111.365,40.6685]]]}},{"type":"Feature","properties":{"huc12":"160102040502","name":"Jim May Canyon-Salt Creek"},"geometry":{"type":"Polygon","coordinates":[[[-112.0136,41.6442],[-112.0128,41.6481],[-112.0175,41.6617],[-112.0275,41.6718],[-112.0399,41.6689],[-112.0529,41.6633],[-112.0632,41.6627],[-112.0808,41.6625],[-112.0822,41.6634],[-112.0809,41.666],[-112.085,41.6688],[-112.0903,41.6702],[-112.1034,41.6694],[-112.1058,41.6647],[-112.1072,41.6522],[-112.1106,41.6489],[-112.1112,41.6465],[-112.1043,41.6398],[-112.1012,41.6351],[-112.1037,41.6327],[-112.1043,41.6291],[-112.109,41.6237],[-112.1088,41.6152],[-112.1111,41.6018],[-112.1056,41.597],[-112.1051,41.5927],[-112.0932,41.587],[-112.0937,41.5829],[-112.088,41.5832],[-112.0859,41.5857],[-112.0828,41.5985],[-112.0837,41.6137],[-112.0806,41.6182],[-112.0761,41.6208],[-112.0757,41.6227],[-112.0628,41.6296],[-112.054,41.6318],[-112.0486,41.6403],[-112.045,41.6426],[-112.0382,41.6444],[-112.0327,41.6446],[-112.0279,41.6431],[-112.0136,41.6442]]]}},{"type":"Feature","properties":{"huc12":"160102040503","name":"Mantua Reservoir-Box Elder Creek"},"geometry":{"type":"Polygon","coordinates":[[[-111.8964,41.4969],[-111.9057,41.4975],[-111.907,41.5015],[-111.906,41.5029],[-111.9094,41.5083],[-111.9078,41.5134],[-111.9058,41.5148],[-111.9122,41.5187],[-111.9118,41.5225],[-111.9139,41.5247],[-111.9139,41.532],[-111.9165,41.5385],[-111.9204,41.5391],[-111.9274,41.5371],[-111.9336,41.5416],[-111.9351,41.5447],[-111.9342,41.5469],[-111.9366,41.5487],[-111.937,41.5509],[-111.9434,41.5532],[-111.9533,41.5509],[-111.96,41.5467],[-111.9625,41.5435],[-111.9731,41.5436],[-111.977,41.54],[-111.9777,41.5356],[-111.9819,41.534],[-111.9808,41.5308],[-111.9742,41.5301],[-111.9721,41.5282],[-111.9724,41.5264],[-111.9688,41.518],[-111.9695,41.5159],[-111.9727,41.5153],[-111.9725,41.5133],[-111.9691,41.5113],[-111.9693,41.5086],[-111.9714,41.5065],[-111.9888,41.5053],[-111.9948,41.5063],[-111.9991,41.5045],[-112.0008,41.5015],[-111.9856,41.4954],[-111.9825,41.4925],[-111.9812,41.4892],[-111.9779,41.4877],[-111.9742,41.4827],[-111.9758,41.4728],[-111.9719,41.4713],[-111.9709,41.4673],[-111.9727,41.4649],[-111.9765,41.4639],[-111.9789,41.4603],[-111.9666,41.4493],[-111.9659,41.4456],[-111.9684,41.4428],[-111.9643,41.4345],[-111.9623,41.4328],[-111.9589,41.4324],[-111.9591,41.4335],[-111.9579,41.4338],[-111.9551,41.4322],[-111.9533,41.4285],[-111.9404,41.4205],[-111.9382,41.4177],[-111.9383,41.4158],[-111.932,41.4163],[-111.9265,41.4125],[-111.9181,41.4126],[-111.9147,41.4138],[-111.9149,41.4156],[-111.9122,41.4166],[-111.9057,41.4152],[-111.9048,41.418],[-111.9026,41.4193],[-111.8928,41.4188],[-111.891,41.4236],[-111.8867,41.4268],[-111.884,41.4258],[-111.8817,41.4345],[-111.8819,41.4405],[-111.8803,41.4426],[-111.881,41.4505],[-111.8789,41.4524],[-111.8792,41.4554],[-111.8748,41.4625],[-111.8755,41.4641],[-111.8783,41.4647],[-111.8792,41.4682],[-111.8785,41.476],[-111.8763,41.4795],[-111.8778,41.4824],[-111.8733,41.4854],[-111.8759,41.4901],[-111.8804,41.4912],[-111.8798,41.4924],[-111.8836,41.4958],[-111.8964,41.4969]]]}},{"type":"Feature","properties":{"huc12":"160201010103","name":"Thorn Creek-Beaver Creek"},"geometry":{"type":"Polygon","coordinates":[[[-111.1984,40.6918],[-111.2109,40.6929],[-111.2255,40.7009],[-111.2332,40.7096],[-111.2425,40.7174],[-111.2446,40.722],[-111.2501,40.7245],[-111.2612,40.721],[-111.2699,40.7145],[-111.2951,40.7078],[-111.3007,40.7081],[-111.3052,40.7059],[-111.319,40.7057],[-111.3282,40.7032],[-111.3308,40.7052],[-111.3422,40.7049],[-111.3477,40.7069],[-111.3487,40.7029],[-111.3527,40.699],[-111.36,40.6953],[-111.3659,40.6867],[-111.3651,40.684],[-111.3685,40.6702],[-111.3679,40.6687],[-111.3611,40.6687],[-111.3559,40.6657],[-111.3355,40.6632],[-111.3303,40.658],[-111.3237,40.6581],[-111.3159,40.6535],[-111.3075,40.6548],[-111.3052,40.65],[-111.3022,40.6475],[-111.2948,40.6449],[-111.2852,40.6442],[-111.2648,40.6353],[-111.2601,40.6331],[-111.2502,40.6242],[-111.2448,40.6229],[-111.2385,40.619],[-111.2329,40.622],[-111.2335,40.6271],[-111.2324,40.6337],[-111.2281,40.6464],[-111.2349,40.6543],[-111.2353,40.6608],[-111.2319,40.6627],[-111.2292,40.6623],[-111.2217,40.665],[-111.216,40.6694],[-111.2128,40.6703],[-111.21,40.6736],[-111.1989,40.6767],[-111.1998,40.6782],[-111.1974,40.6857],[-111.1984,40.6918]]]}},{"type":"Feature","properties":{"huc12":"160102040505","name":"Bear River-Frontal Great Salt Lake"},"geometry":{"type":"Polygon","coordinates":[[[-112.3411,41.688],[-112.3429,41.6876],[-112.344,41.6856],[-112.3471,41.6859],[-112.3515,41.6841],[-112.3556,41.6838],[-112.3576,41.6851],[-112.3612,41.6829],[-112.3644,41.6787],[-112.3717,41.6782],[-112.3729,41.6764],[-112.3724,41.6731],[-112.3761,41.6708],[-112.3755,41.668],[-112.3784,41.6652],[-112.3771,41.659],[-112.3789,41.6522],[-112.3736,41.6413],[-112.3758,41.6362],[-112.3751,41.6294],[-112.3778,41.6268],[-112.3787,41.6231],[-112.386,41.6209],[-112.3904,41.6179],[-112.3903,41.6087],[-112.397,41.5831],[-112.396,41.5794],[-112.3896,41.571],[-112.384,41.5579],[-112.3623,41.5309],[-112.3564,41.5263],[-112.3551,41.5238],[-112.3465,41.5178],[-112.3503,41.5154],[-112.3581,41.516],[-112.3568,41.5126],[-112.3582,41.5112],[-112.357,41.5093],[-112.3585,41.5073],[-112.358,41.4956],[-112.355,41.4794],[-112.3485,41.4828],[-112.3472,41.4819],[-112.347,41.4841],[-112.3428,41.4849],[-112.3415,41.4813],[-112.3423,41.4764],[-112.3406,41.4751],[-112.3442,41.4733],[-112.3549,41.4729],[-112.3571,41.4711],[-112.3611,41.4724],[-112.3656,41.4717],[-112.3738,41.4644],[-112.3707,41.4639],[-112.381,41.4599],[-112.3816,41.459],[-112.3792,41.4604],[-112.3804,41.4578],[-112.3777,41.4586],[-112.3791,41.4577],[-112.3779,41.4576],[-112.3784,41.4565],[-112.3827,41.4553],[-112.3835,41.4536],[-112.385,41.4563],[-112.3878,41.4543],[-112.3871,41.4502],[-112.3836,41.4511],[-112.3873,41.4496],[-112.3839,41.4499],[-112.3883,41.4463],[-112.381,41.448],[-112.3801,41.4475],[-112.3851,41.4463],[-112.3854,41.4452],[-112.3835,41.4436],[-112.3809,41.4436],[-112.3786,41.4454],[-112.3778,41.4481],[-112.3776,41.4458],[-112.3796,41.4424],[-112.378,41.4438],[-112.3769,41.4431],[-112.3764,41.439],[-112.3705,41.4407],[-112.3713,41.4389],[-112.3763,41.4381],[-112.3786,41.4349],[-112.3711,41.4344],[-112.3693,41.4305],[-112.3599,41.4326],[-112.359,41.4295],[-112.3556,41.4263],[-112.3565,41.4188],[-112.3556,41.4165],[-112.3503,41.4181],[-112.3473,41.4229],[-112.3455,41.4178],[-112.3471,41.4149],[-112.3417,41.4181],[-112.3346,41.4156],[-112.3363,41.4143],[-112.3359,41.4123],[-112.3322,41.4123],[-112.3322,41.4103],[-112.3339,41.4081],[-112.3326,41.4081],[-112.3361,41.4046],[-112.3331,41.4054],[-112.3336,41.4031],[-112.3326,41.4026],[-112.3341,41.3996],[-112.3315,41.4001],[-112.3309,41.399],[-112.3271,41.4011],[-112.322,41.4013],[-112.3238,41.3986],[-112.3242,41.395],[-112.3202,41.3973],[-112.3206,41.3961],[-112.3194,41.3962],[-112.3203,41.3953],[-112.3163,41.3927],[-112.3174,41.3891],[-112.3152,41.3863],[-112.3161,41.3834],[-112.3117,41.3749],[-112.3118,41.3709],[-112.3079,41.368],[-112.3029,41.3614],[-112.2946,41.3589],[-112.2877,41.3608],[-112.2777,41.3699],[-112.2666,41.3844],[-112.2605,41.3887],[-112.2602,41.3877],[-112.2573,41.3888],[-112.2557,41.3914],[-112.2512,41.3914],[-112.2506,41.3902],[-112.2485,41.3915],[-112.2417,41.3917],[-112.2358,41.3935],[-112.2368,41.3915],[-112.2346,41.3915],[-112.2342,41.3929],[-112.2276,41.3901],[-112.2176,41.3895],[-112.2054,41.3924],[-112.2059,41.3917],[-112.2048,41.3915],[-112.2,41.3955],[-112.1968,41.3956],[-112.1978,41.3965],[-112.1973,41.3983],[-112.1948,41.3987],[-112.1962,41.4],[-112.1946,41.3996],[-112.195,41.4005],[-112.1923,41.4027],[-112.1913,41.4013],[-112.1916,41.4026],[-112.1902,41.4014],[-112.1856,41.4021],[-112.1814,41.3998],[-112.1816,41.4013],[-112.1788,41.3999],[-112.1746,41.4001],[-112.1732,41.4013],[-112.1737,41.4031],[-112.1724,41.4021],[-112.1719,41.4036],[-112.1742,41.4035],[-112.1734,41.4048],[-112.1755,41.4053],[-112.1779,41.4046],[-112.1781,41.4071],[-112.176,41.4079],[-112.1774,41.4086],[-112.1756,41.4084],[-112.1716,41.4132],[-112.1689,41.4131],[-112.1596,41.419],[-112.1441,41.4141],[-112.1414,41.4153],[-112.1356,41.4219],[-112.132,41.4209],[-112.131,41.4222],[-112.1209,41.4214],[-112.1083,41.4219],[-112.1086,41.4227],[-112.0871,41.4228],[-112.0821,41.4273],[-112.0763,41.4277],[-112.0669,41.4267],[-112.0556,41.4234],[-112.0384,41.4229],[-112.028,41.4195],[-112.0251,41.4173],[-112.02,41.42],[-112.0134,41.4209],[-112.0064,41.4237],[-112.0006,41.4232],[-111.9896,41.4264],[-111.9879,41.4287],[-111.9852,41.4292],[-111.9769,41.4259],[-111.9721,41.4207],[-111.9702,41.4206],[-111.9635,41.4254],[-111.9595,41.4308],[-111.9589,41.4324],[-111.9623,41.4328],[-111.9643,41.4345],[-111.9681,41.4414],[-111.9683,41.4436],[-111.9659,41.4456],[-111.9678,41.4513],[-111.9787,41.4599],[-111.9904,41.4598],[-111.996,41.4613],[-112.0004,41.4582],[-112.0059,41.457],[-112.0096,41.457],[-112.0137,41.4591],[-112.0172,41.4578],[-112.0257,41.4588],[-112.0304,41.4584],[-112.0328,41.4563],[-112.0357,41.4559],[-112.0449,41.4585],[-112.0735,41.4589],[-112.078,41.4602],[-112.0906,41.4711],[-112.0935,41.4782],[-112.0923,41.4843],[-112.093,41.4907],[-112.0964,41.4952],[-112.0945,41.5004],[-112.0801,41.5176],[-112.0777,41.5257],[-112.0735,41.5322],[-112.0732,41.5363],[-112.078,41.5573],[-112.0785,41.5645],[-112.0883,41.5831],[-112.0937,41.5829],[-112.0931,41.5868],[-112.0947,41.5883],[-112.1051,41.5927],[-112.109,41.5888],[-112.1188,41.5854],[-112.1287,41.5912],[-112.1719,41.5956],[-112.1791,41.5912],[-112.1833,41.5869],[-112.1848,41.5836],[-112.1846,41.5805],[-112.1998,41.5765],[-112.2071,41.5662],[-112.2165,41.5621],[-112.2215,41.5575],[-112.2236,41.5569],[-112.2341,41.5588],[-112.2335,41.5605],[-112.2275,41.5643],[-112.226,41.5704],[-112.2205,41.5761],[-112.2231,41.5846],[-112.2266,41.5865],[-112.2327,41.5927],[-112.2294,41.601],[-112.2278,41.602],[-112.2296,41.6025],[-112.238,41.6126],[-112.2533,41.6226],[-112.256,41.6305],[-112.2609,41.6314],[-112.2672,41.6351],[-112.269,41.6405],[-112.2727,41.6408],[-112.2767,41.6437],[-112.285,41.6443],[-112.2917,41.6532],[-112.2978,41.6571],[-112.3058,41.6663],[-112.3073,41.6706],[-112.3241,41.6745],[-112.327,41.6742],[-112.3299,41.6783],[-112.3366,41.6795],[-112.3398,41.6789],[-112.3411,41.6813],[-112.3411,41.688]]]}},{"type":"Feature","properties":{"huc12":"160201010206","name":"Whites Creek-Weber River"},"geometry":{"type":"Polygon","coordinates":[[[-111.2229,40.7493],[-111.2272,40.7525],[-111.2312,40.7534],[-111.2311,40.756],[-111.2332,40.7573],[-111.2342,40.7599],[-111.2371,40.7612],[-111.2347,40.7671],[-111.2357,40.7725],[-111.2377,40.7739],[-111.2427,40.7743],[-111.2448,40.7779],[-111.2499,40.7802],[-111.2484,40.7815],[-111.2466,40.7904],[-111.2537,40.7923],[-111.2593,40.7955],[-111.2594,40.7932],[-111.2646,40.7924],[-111.2699,40.785],[-111.2753,40.7805],[-111.2803,40.7783],[-111.2781,40.7731],[-111.2724,40.7703],[-111.272,40.7691],[-111.2751,40.7691],[-111.2792,40.7662],[-111.2778,40.7586],[-111.2806,40.7556],[-111.2788,40.7526],[-111.2804,40.7487],[-111.2782,40.7457],[-111.2776,40.7422],[-111.2812,40.7375],[-111.2836,40.7382],[-111.2855,40.7368],[-111.286,40.729],[-111.2903,40.723],[-111.3002,40.72],[-111.3024,40.7166],[-111.3024,40.7118],[-111.3077,40.7086],[-111.327,40.7054],[-111.3333,40.7067],[-111.3478,40.7069],[-111.3422,40.7049],[-111.3308,40.7052],[-111.3282,40.7032],[-111.319,40.7057],[-111.3052,40.7059],[-111.3007,40.7081],[-111.2951,40.7078],[-111.2699,40.7145],[-111.2612,40.721],[-111.2501,40.7245],[-111.2446,40.722],[-111.2425,40.7174],[-111.2332,40.7096],[-111.2255,40.7009],[-111.2109,40.6929],[-111.1976,40.692],[-111.1994,40.6963],[-111.1979,40.701],[-111.2011,40.7035],[-111.2013,40.7058],[-111.1958,40.7134],[-111.1935,40.7207],[-111.1946,40.7277],[-111.2019,40.7408],[-111.2154,40.7401],[-111.2194,40.7461],[-111.2236,40.747],[-111.2229,40.7493]]]}},{"type":"Feature","properties":{"huc12":"160201010306","name":"Elkhorn Canyon-South Fork Chalk Creek"},"geometry":{"type":"Polygon","coordinates":[[[-111.1943,40.9325],[-111.1946,40.9354],[-111.2018,40.9372],[-111.2065,40.9406],[-111.2166,40.9363],[-111.2253,40.9385],[-111.226,40.9404],[-111.2299,40.9427],[-111.2373,40.9427],[-111.2532,40.9396],[-111.2537,40.9379],[-111.259,40.937],[-111.2619,40.9332],[-111.2685,40.9315],[-111.2824,40.9318],[-111.2944,40.9301],[-111.2929,40.9267],[-111.2884,40.9234],[-111.2876,40.9216],[-111.2886,40.9199],[-111.2866,40.9184],[-111.2895,40.9138],[-111.2904,40.9088],[-111.2931,40.9069],[-111.2968,40.9081],[-111.3014,40.9072],[-111.3041,40.9048],[-111.306,40.9052],[-111.3066,40.9001],[-111.31,40.8967],[-111.312,40.892],[-111.3102,40.8887],[-111.3104,40.8827],[-111.3082,40.8811],[-111.3069,40.8774],[-111.3057,40.8691],[-111.303,40.8662],[-111.3034,40.8642],[-111.3011,40.8597],[-111.2981,40.8576],[-111.2974,40.854],[-111.3,40.8487],[-111.2982,40.846],[-111.2991,40.8404],[-111.2963,40.8382],[-111.287,40.8352],[-111.2895,40.8255],[-111.2858,40.8186],[-111.2784,40.8153],[-111.2666,40.8176],[-111.2629,40.817],[-111.2612,40.8093],[-111.2582,40.807],[-111.2533,40.808],[-111.2507,40.8108],[-111.2449,40.8115],[-111.2433,40.8132],[-111.2443,40.8149],[-111.2428,40.8193],[-111.2446,40.8271],[-111.2432,40.832],[-111.2486,40.8365],[-111.2485,40.8414],[-111.2511,40.8461],[-111.2483,40.8525],[-111.2478,40.8569],[-111.2437,40.8615],[-111.2371,40.8629],[-111.2364,40.8645],[-111.2278,40.8656],[-111.2268,40.869],[-111.228,40.8732],[-111.2254,40.8779],[-111.2252,40.8874],[-111.2277,40.8933],[-111.2329,40.8956],[-111.2328,40.8982],[-111.2287,40.9046],[-111.2239,40.9088],[-111.2177,40.9187],[-111.2004,40.9273],[-111.1943,40.9325]]]}},{"type":"Feature","properties":{"huc12":"160201010401","name":"Browns Canyon-Weber River"},"geometry":{"type":"Polygon","coordinates":[[[-111.3477,40.7069],[-111.3333,40.7067],[-111.327,40.7054],[-111.3077,40.7086],[-111.3024,40.7118],[-111.3024,40.7166],[-111.3002,40.72],[-111.2903,40.723],[-111.286,40.729],[-111.2855,40.7368],[-111.2836,40.7382],[-111.2812,40.7375],[-111.2776,40.7422],[-111.2782,40.7457],[-111.2804,40.7487],[-111.2788,40.7526],[-111.2806,40.7556],[-111.2778,40.7586],[-111.2792,40.7662],[-111.2751,40.7691],[-111.272,40.7691],[-111.2724,40.7703],[-111.2781,40.7731],[-111.2803,40.7783],[-111.2867,40.7764],[-111.292,40.7779],[-111.3024,40.7751],[-111.3079,40.7709],[-111.3126,40.7719],[-111.3186,40.7696],[-111.3213,40.7679],[-111.3209,40.7635],[-111.3312,40.7627],[-111.3415,40.765],[-111.3627,40.7558],[-111.3652,40.7564],[-111.3754,40.7527],[-111.3784,40.7489],[-111.376,40.7425],[-111.3774,40.7423],[-111.3797,40.7374],[-111.3868,40.732],[-111.3869,40.7276],[-111.3908,40.7192],[-111.396,40.7133],[-111.4003,40.7134],[-111.4027,40.7077],[-111.4071,40.7047],[-111.4107,40.699],[-111.417,40.6958],[-111.4175,40.6935],[-111.4126,40.6898],[-111.4057,40.6879],[-111.4059,40.6857],[-111.4034,40.6861],[-111.3977,40.6909],[-111.3924,40.6894],[-111.394,40.684],[-111.3896,40.6778],[-111.3914,40.6751],[-111.3913,40.6709],[-111.3887,40.6706],[-111.3908,40.6631],[-111.3899,40.6598],[-111.3871,40.6571],[-111.3861,40.6592],[-111.3835,40.6599],[-111.3809,40.6627],[-111.3795,40.6653],[-111.3743,40.6681],[-111.368,40.6686],[-111.3675,40.6775],[-111.3651,40.684],[-111.3659,40.6867],[-111.36,40.6953],[-111.3527,40.699],[-111.3487,40.7029],[-111.3477,40.7069]]]}},{"type":"Feature","properties":{"huc12":"160201010402","name":"Crandall Canyon"},"geometry":{"type":"Polygon","coordinates":[[[-111.2849,40.8185],[-111.2921,40.8173],[-111.2917,40.82],[-111.2953,40.8203],[-111.2994,40.8176],[-111.3027,40.8187],[-111.3069,40.8177],[-111.3096,40.8138],[-111.3162,40.8124],[-111.3269,40.8046],[-111.3281,40.7993],[-111.3297,40.7983],[-111.3372,40.7982],[-111.3404,40.7934],[-111.3435,40.795],[-111.3488,40.7936],[-111.3563,40.7897],[-111.3576,40.7872],[-111.3642,40.787],[-111.3664,40.784],[-111.3701,40.7841],[-111.3727,40.7777],[-111.3816,40.7735],[-111.3818,40.7692],[-111.3835,40.7683],[-111.3846,40.7655],[-111.3811,40.7643],[-111.3548,40.7712],[-111.3301,40.7758],[-111.325,40.773],[-111.3079,40.7709],[-111.3024,40.7751],[-111.2986,40.7762],[-111.2913,40.7779],[-111.2867,40.7764],[-111.2785,40.7785],[-111.2699,40.785],[-111.2646,40.7924],[-111.2594,40.7932],[-111.2597,40.7981],[-111.2575,40.8009],[-111.2582,40.8069],[-111.2612,40.8093],[-111.2629,40.817],[-111.2666,40.8176],[-111.2784,40.8153],[-111.2849,40.8185]]]}},{"type":"Feature","properties":{"huc12":"160201010404","name":"Rockport Lake-Weber River"},"geometry":{"type":"Polygon","coordinates":[[[-111.3175,40.8116],[-111.3231,40.8128],[-111.3323,40.817],[-111.341,40.818],[-111.3497,40.8167],[-111.3606,40.8196],[-111.3675,40.8145],[-111.3734,40.8158],[-111.3882,40.8133],[-111.3965,40.8172],[-111.3996,40.8162],[-111.4047,40.8095],[-111.411,40.8083],[-111.4099,40.8073],[-111.4106,40.8046],[-111.4191,40.7999],[-111.424,40.8035],[-111.4297,40.8],[-111.4359,40.799],[-111.4395,40.7961],[-111.4421,40.7924],[-111.4413,40.7888],[-111.4436,40.7875],[-111.4455,40.7835],[-111.4451,40.782],[-111.4399,40.7812],[-111.4418,40.779],[-111.439,40.7766],[-111.4436,40.7745],[-111.4434,40.7724],[-111.4457,40.7698],[-111.4471,40.7653],[-111.4467,40.7612],[-111.4413,40.7555],[-111.4413,40.7541],[-111.4418,40.7506],[-111.4444,40.7482],[-111.4442,40.7401],[-111.442,40.7388],[-111.4442,40.7333],[-111.4491,40.7268],[-111.449,40.7226],[-111.4479,40.7216],[-111.4504,40.7183],[-111.4495,40.7141],[-111.4509,40.709],[-111.4484,40.7075],[-111.4489,40.7031],[-111.4464,40.7005],[-111.4501,40.6932],[-111.4501,40.6874],[-111.4445,40.6881],[-111.4427,40.6856],[-111.4362,40.6859],[-111.4329,40.6844],[-111.4276,40.6855],[-111.4263,40.6828],[-111.4239,40.6813],[-111.4114,40.6813],[-111.407,40.6842],[-111.4055,40.6877],[-111.4155,40.6917],[-111.4175,40.6935],[-111.4172,40.6955],[-111.4107,40.699],[-111.4071,40.7047],[-111.4027,40.7077],[-111.4003,40.7134],[-111.396,40.7133],[-111.3908,40.7192],[-111.3869,40.7276],[-111.3868,40.732],[-111.3797,40.7374],[-111.3774,40.7423],[-111.376,40.7425],[-111.3784,40.7489],[-111.3775,40.7509],[-111.3692,40.7553],[-111.3627,40.7558],[-111.3415,40.765],[-111.3312,40.7627],[-111.3204,40.7637],[-111.3211,40.7681],[-111.3126,40.7719],[-111.325,40.773],[-111.3301,40.7758],[-111.3548,40.7712],[-111.3811,40.7643],[-111.3846,40.7656],[-111.3818,40.7692],[-111.3816,40.7735],[-111.3727,40.7777],[-111.3701,40.7841],[-111.3664,40.784],[-111.3642,40.787],[-111.3576,40.7872],[-111.3563,40.7897],[-111.3488,40.7936],[-111.3435,40.795],[-111.3404,40.7934],[-111.3372,40.7982],[-111.3297,40.7983],[-111.3281,40.7993],[-111.3269,40.8046],[-111.3175,40.8116]]]}},{"type":"Feature","properties":{"huc12":"160201010405","name":"Spring Canyon-Weber River"},"geometry":{"type":"Polygon","coordinates":[[[-111.3848,40.9079],[-111.3939,40.9059],[-111.4006,40.9073],[-111.4055,40.912],[-111.4115,40.9108],[-111.4176,40.9114],[-111.4183,40.9083],[-111.4209,40.9056],[-111.4228,40.8954],[-111.4249,40.8962],[-111.4404,40.8848],[-111.4427,40.8734],[-111.4516,40.8703],[-111.4586,40.864],[-111.4576,40.8606],[-111.4643,40.8587],[-111.4696,40.8598],[-111.4797,40.8579],[-111.4818,40.8542],[-111.4811,40.8526],[-111.4735,40.8423],[-111.4579,40.8368],[-111.448,40.8302],[-111.4457,40.8268],[-111.4394,40.8268],[-111.4307,40.8245],[-111.4216,40.8177],[-111.4188,40.8198],[-111.4137,40.8198],[-111.4124,40.819],[-111.4129,40.8169],[-111.4084,40.816],[-111.4042,40.8129],[-111.4017,40.8159],[-111.3953,40.8173],[-111.3882,40.8133],[-111.3734,40.8158],[-111.3675,40.8145],[-111.3606,40.8196],[-111.3497,40.8167],[-111.341,40.818],[-111.3323,40.817],[-111.3231,40.8128],[-111.3175,40.8116],[-111.3096,40.8138],[-111.3069,40.8177],[-111.3027,40.8187],[-111.2994,40.8176],[-111.2959,40.8202],[-111.2917,40.82],[-111.2921,40.8173],[-111.2849,40.8185],[-111.2895,40.8255],[-111.287,40.8352],[-111.2963,40.8382],[-111.2991,40.8404],[-111.2982,40.846],[-111.3,40.8487],[-111.2974,40.854],[-111.2981,40.8576],[-111.3011,40.8597],[-111.3034,40.8642],[-111.303,40.8662],[-111.3057,40.8691],[-111.3077,40.8798],[-111.3107,40.8836],[-111.3101,40.8882],[-111.3117,40.8917],[-111.319,40.8918],[-111.3217,40.8946],[-111.3272,40.8917],[-111.3321,40.8925],[-111.3341,40.8936],[-111.3377,40.8997],[-111.3422,40.9029],[-111.3459,40.9037],[-111.3461,40.9065],[-111.3512,40.9089],[-111.3558,40.9062],[-111.3686,40.9033],[-111.3731,40.9042],[-111.3786,40.9089],[-111.3848,40.9079]]]}},{"type":"Feature","properties":{"huc12":"160201010504","name":"Middle Echo Creek"},"geometry":{"type":"Polygon","coordinates":[[[-111.2139,41.1399],[-111.2126,41.1417],[-111.2134,41.1444],[-111.2203,41.143],[-111.2217,41.1401],[-111.228,41.1367],[-111.229,41.1317],[-111.2362,41.1275],[-111.2373,41.1253],[-111.2332,41.1241],[-111.2349,41.1234],[-111.2386,41.1146],[-111.2433,41.1089],[-111.2512,41.1062],[-111.2483,41.1033],[-111.247,41.0993],[-111.2492,41.0969],[-111.2667,41.0879],[-111.2744,41.0865],[-111.2801,41.0835],[-111.2858,41.0775],[-111.2931,41.0747],[-111.3008,41.0657],[-111.3012,41.0599],[-111.3083,41.0587],[-111.3111,41.0545],[-111.3325,41.0392],[-111.3338,41.0366],[-111.3337,41.033],[-111.3367,41.0308],[-111.3369,41.028],[-111.3243,41.0217],[-111.3224,41.0178],[-111.313,41.012],[-111.3106,41.0138],[-111.3073,41.0124],[-111.3044,41.0142],[-111.2972,41.0108],[-111.295,41.0126],[-111.2885,41.0128],[-111.285,41.0147],[-111.2779,41.0158],[-111.2747,41.0184],[-111.266,41.0167],[-111.261,41.0182],[-111.2537,41.0159],[-111.2482,41.0204],[-111.2421,41.0183],[-111.2378,41.0187],[-111.2362,41.0213],[-111.2338,41.0224],[-111.2285,41.0227],[-111.2184,41.0324],[-111.2168,41.0358],[-111.213,41.0373],[-111.2123,41.0406],[-111.2072,41.0441],[-111.2067,41.0459],[-111.1916,41.0526],[-111.1898,41.0593],[-111.1872,41.0621],[-111.1898,41.0654],[-111.1859,41.0716],[-111.1885,41.0834],[-111.191,41.0863],[-111.1888,41.096],[-111.1919,41.0979],[-111.1946,41.1022],[-111.1941,41.109],[-111.1953,41.1122],[-111.1931,41.1165],[-111.1982,41.1167],[-111.1958,41.1214],[-111.1983,41.1281],[-111.2036,41.1282],[-111.2071,41.131],[-111.2125,41.1317],[-111.2142,41.1344],[-111.2131,41.1367],[-111.2139,41.1399]]]}},{"type":"Feature","properties":{"huc12":"160201010505","name":"Lower Echo Creek"},"geometry":{"type":"Polygon","coordinates":[[[-111.3367,41.0308],[-111.3381,41.0333],[-111.3421,41.0337],[-111.3529,41.0408],[-111.3525,41.0425],[-111.3569,41.0463],[-111.3572,41.0486],[-111.3609,41.052],[-111.3636,41.0568],[-111.3655,41.0573],[-111.3651,41.0602],[-111.3671,41.0659],[-111.3653,41.0671],[-111.3642,41.0711],[-111.3661,41.0717],[-111.3667,41.074],[-111.369,41.0756],[-111.3715,41.0814],[-111.3776,41.0857],[-111.3799,41.0857],[-111.3808,41.087],[-111.3868,41.0848],[-111.3891,41.0854],[-111.3923,41.0833],[-111.3924,41.0815],[-111.3965,41.0801],[-111.4004,41.0814],[-111.4083,41.075],[-111.417,41.0741],[-111.4211,41.0659],[-111.4187,41.062],[-111.4184,41.0581],[-111.4154,41.0567],[-111.4166,41.0521],[-111.416,41.0441],[-111.4173,41.0426],[-111.4164,41.0409],[-111.4186,41.0381],[-111.4175,41.034],[-111.4191,41.0282],[-111.4172,41.026],[-111.4176,41.0234],[-111.419,41.02],[-111.4225,41.0173],[-111.4237,41.0135],[-111.4265,41.0118],[-111.4281,41.0087],[-111.4287,41.0011],[-111.4276,40.9951],[-111.4345,40.9788],[-111.4392,40.9747],[-111.4384,40.9714],[-111.4348,40.9703],[-111.4257,40.9718],[-111.4187,40.9697],[-111.4118,40.9715],[-111.4092,40.9737],[-111.4004,40.974],[-111.3936,40.9809],[-111.3907,40.9813],[-111.3881,40.9835],[-111.3834,40.9845],[-111.3806,40.9831],[-111.3697,40.9836],[-111.3568,40.992],[-111.3468,40.9914],[-111.3459,40.9958],[-111.3417,40.9985],[-111.3368,40.9973],[-111.3353,40.9992],[-111.3255,41.0018],[-111.3158,41.0069],[-111.313,41.012],[-111.3224,41.0178],[-111.3243,41.0217],[-111.3369,41.028],[-111.3367,41.0308]]]}},{"type":"Feature","properties":{"huc12":"160201020301","name":"Right Fork Middle Fork Ogden River"},"geometry":{"type":"Polygon","coordinates":[[[-111.6444,41.4058],[-111.6479,41.4055],[-111.6525,41.408],[-111.6522,41.4105],[-111.6606,41.4189],[-111.6614,41.422],[-111.6646,41.424],[-111.6666,41.4287],[-111.6791,41.4276],[-111.6802,41.4257],[-111.6854,41.4233],[-111.6859,41.4217],[-111.6987,41.4184],[-111.7045,41.4212],[-111.7076,41.4253],[-111.7118,41.4232],[-111.7142,41.4251],[-111.7186,41.4247],[-111.7216,41.4271],[-111.7229,41.423],[-111.718,41.4159],[-111.7067,41.4125],[-111.7065,41.405],[-111.7118,41.3995],[-111.7107,41.3974],[-111.7116,41.3954],[-111.7165,41.3945],[-111.7264,41.3856],[-111.7272,41.382],[-111.7253,41.3769],[-111.7296,41.3752],[-111.7252,41.3711],[-111.7207,41.3702],[-111.7151,41.3648],[-111.7098,41.3626],[-111.6998,41.3528],[-111.692,41.349],[-111.6846,41.3482],[-111.6845,41.344],[-111.6802,41.3414],[-111.6765,41.3416],[-111.6737,41.3442],[-111.6697,41.3443],[-111.6661,41.3464],[-111.6611,41.3461],[-111.6571,41.3496],[-111.656,41.3551],[-111.6529,41.3552],[-111.6497,41.3581],[-111.6455,41.3576],[-111.6386,41.3592],[-111.6328,41.3665],[-111.6328,41.3687],[-111.6382,41.3707],[-111.6398,41.3729],[-111.636,41.3758],[-111.6363,41.3794],[-111.6296,41.3833],[-111.6274,41.3879],[-111.6366,41.3916],[-111.6462,41.3934],[-111.6454,41.3993],[-111.6427,41.401],[-111.6444,41.4058]]]}},{"type":"Feature","properties":{"huc12":"160201020302","name":"Cutler Creek-North Fork Ogden River"},"geometry":{"type":"Polygon","coordinates":[[[-111.9579,41.4338],[-111.9591,41.4335],[-111.9595,41.4308],[-111.9635,41.4254],[-111.97,41.4207],[-111.9724,41.4203],[-111.9713,41.4142],[-111.9676,41.4096],[-111.9673,41.3956],[-111.9682,41.3923],[-111.9758,41.3846],[-111.9742,41.3823],[-111.975,41.3774],[-111.9608,41.3632],[-111.9513,41.3634],[-111.943,41.3599],[-111.9407,41.3573],[-111.935,41.3548],[-111.9297,41.3493],[-111.9247,41.3469],[-111.9229,41.3433],[-111.9137,41.3443],[-111.9112,41.3433],[-111.8996,41.3434],[-111.8973,41.3443],[-111.8934,41.3512],[-111.8875,41.3509],[-111.88,41.353],[-111.8729,41.3508],[-111.8712,41.3478],[-111.8651,41.3445],[-111.8573,41.3367],[-111.8527,41.336],[-111.8469,41.3376],[-111.8294,41.3478],[-111.8268,41.3511],[-111.824,41.3518],[-111.8214,41.357],[-111.8238,41.3625],[-111.8227,41.3665],[-111.8237,41.3687],[-111.8205,41.3734],[-111.8148,41.3761],[-111.8094,41.3804],[-111.8079,41.3832],[-111.8078,41.3889],[-111.8137,41.388],[-111.8201,41.3918],[-111.8277,41.3926],[-111.8297,41.3894],[-111.8372,41.3883],[-111.8392,41.3901],[-111.8428,41.3906],[-111.8467,41.3941],[-111.8549,41.3943],[-111.8572,41.3968],[-111.8614,41.3967],[-111.8627,41.3995],[-111.8692,41.3993],[-111.8751,41.4049],[-111.8758,41.4099],[-111.8801,41.4145],[-111.8793,41.4167],[-111.8723,41.4212],[-111.8756,41.4236],[-111.8867,41.4268],[-111.8914,41.4231],[-111.8928,41.4188],[-111.9026,41.4193],[-111.9048,41.418],[-111.9057,41.4152],[-111.9122,41.4166],[-111.9149,41.4156],[-111.9147,41.4138],[-111.9181,41.4126],[-111.9265,41.4125],[-111.932,41.4163],[-111.9383,41.4158],[-111.9382,41.4177],[-111.9404,41.4205],[-111.9533,41.4285],[-111.9548,41.432],[-111.9579,41.4338]]]}},{"type":"Feature","properties":{"huc12":"160201020306","name":"Wheeler Creek-Ogden River"},"geometry":{"type":"Polygon","coordinates":[[[-111.8576,41.2766],[-111.8597,41.2782],[-111.8601,41.2835],[-111.8697,41.2823],[-111.8796,41.2907],[-111.8911,41.2924],[-111.8971,41.2838],[-111.9037,41.2804],[-111.9007,41.2764],[-111.9003,41.2722],[-111.907,41.2662],[-111.9132,41.2647],[-111.9138,41.26],[-111.9186,41.2562],[-111.9186,41.2534],[-111.92,41.2513],[-111.929,41.2477],[-111.9339,41.2437],[-111.9363,41.2433],[-111.9397,41.2392],[-111.9558,41.2386],[-111.9715,41.2351],[-112.0019,41.2366],[-112.0031,41.2357],[-112.0004,41.2346],[-111.9957,41.2298],[-111.988,41.2313],[-111.9525,41.2244],[-111.9452,41.2219],[-111.9377,41.2214],[-111.9203,41.223],[-111.9145,41.2251],[-111.9045,41.2223],[-111.9007,41.2229],[-111.8878,41.2145],[-111.8814,41.2119],[-111.8805,41.2095],[-111.8843,41.2043],[-111.8821,41.1999],[-111.8838,41.196],[-111.8814,41.1936],[-111.8775,41.1925],[-111.8731,41.188],[-111.8604,41.1938],[-111.8579,41.1976],[-111.8433,41.1995],[-111.8386,41.199],[-111.8359,41.2022],[-111.8291,41.2047],[-111.8177,41.2048],[-111.8132,41.2089],[-111.8122,41.2121],[-111.8082,41.2124],[-111.8064,41.2148],[-111.8077,41.2182],[-111.8109,41.2208],[-111.8108,41.2318],[-111.813,41.2325],[-111.8144,41.236],[-111.8183,41.2403],[-111.8271,41.2448],[-111.8305,41.2489],[-111.8402,41.2527],[-111.843,41.2554],[-111.8436,41.2584],[-111.8605,41.2658],[-111.861,41.2684],[-111.8574,41.2742],[-111.8576,41.2766]]]}},{"type":"Feature","properties":{"huc12":"160201020401","name":"Dry Creek-Weber River"},"geometry":{"type":"Polygon","coordinates":[[[-111.5392,41.0602],[-111.5387,41.0649],[-111.5344,41.0695],[-111.5335,41.0722],[-111.5411,41.0782],[-111.5362,41.0876],[-111.5398,41.09],[-111.5413,41.0932],[-111.5387,41.0992],[-111.5432,41.1039],[-111.5436,41.1099],[-111.5454,41.112],[-111.5453,41.1192],[-111.5493,41.122],[-111.5499,41.1239],[-111.5513,41.1239],[-111.555,41.1321],[-111.5554,41.1361],[-111.553,41.1383],[-111.5536,41.1429],[-111.5568,41.1446],[-111.5598,41.1494],[-111.561,41.1529],[-111.5599,41.1543],[-111.5634,41.1582],[-111.5664,41.1649],[-111.5739,41.1685],[-111.579,41.1671],[-111.5819,41.1637],[-111.5826,41.1595],[-111.59,41.1559],[-111.5906,41.152],[-111.5954,41.1493],[-111.5976,41.1464],[-111.6039,41.1488],[-111.613,41.1454],[-111.6175,41.1464],[-111.6237,41.1437],[-111.6276,41.1394],[-111.6308,41.1393],[-111.6339,41.1375],[-111.6374,41.1338],[-111.642,41.133],[-111.6492,41.1288],[-111.6461,41.1265],[-111.6442,41.1153],[-111.6403,41.1059],[-111.6461,41.0982],[-111.6431,41.0947],[-111.6432,41.0914],[-111.6516,41.0862],[-111.6544,41.0818],[-111.6634,41.0787],[-111.6639,41.0761],[-111.6661,41.0745],[-111.6737,41.0737],[-111.6843,41.0634],[-111.6899,41.0546],[-111.711,41.0572],[-111.7129,41.0564],[-111.7095,41.0517],[-111.7059,41.05],[-111.7057,41.0457],[-111.703,41.0438],[-111.6898,41.0386],[-111.6787,41.037],[-111.6728,41.0328],[-111.6678,41.0323],[-111.6626,41.0293],[-111.6586,41.0287],[-111.6575,41.0259],[-111.6528,41.0219],[-111.6464,41.0206],[-111.6431,41.0224],[-111.6406,41.0222],[-111.6336,41.0169],[-111.6271,41.0171],[-111.6161,41.0119],[-111.6103,41.0121],[-111.6041,41.0061],[-111.6001,41.004],[-111.5976,41.0042],[-111.5896,40.9986],[-111.5886,40.9956],[-111.5868,40.9966],[-111.5795,40.996],[-111.5728,41.0007],[-111.5667,41.0006],[-111.5686,41.0033],[-111.5563,41.0138],[-111.5533,41.0206],[-111.5543,41.022],[-111.5567,41.0219],[-111.5575,41.0241],[-111.5561,41.0276],[-111.5544,41.0279],[-111.5534,41.0299],[-111.5616,41.0357],[-111.5605,41.0394],[-111.5635,41.0445],[-111.5531,41.0582],[-111.5392,41.0602]]]}},{"type":"Feature","properties":{"huc12":"160201020402","name":"Deep Creek"},"geometry":{"type":"Polygon","coordinates":[[[-111.7148,41.0501],[-111.7194,41.0533],[-111.7219,41.0594],[-111.7259,41.0605],[-111.7301,41.0595],[-111.7333,41.0572],[-111.7345,41.0539],[-111.7372,41.0528],[-111.7439,41.0458],[-111.743,41.044],[-111.7442,41.0394],[-111.7533,41.0368],[-111.7582,41.0371],[-111.764,41.0347],[-111.7682,41.036],[-111.7777,41.0349],[-111.7809,41.0336],[-111.7841,41.0292],[-111.7907,41.0295],[-111.7993,41.0279],[-111.7986,41.0215],[-111.8068,41.0216],[-111.815,41.0191],[-111.8226,41.0143],[-111.8207,41.011],[-111.8219,41.0079],[-111.8201,41.0066],[-111.8104,41.005],[-111.8069,41.0023],[-111.8042,40.9951],[-111.799,40.9895],[-111.7934,40.9863],[-111.7857,40.9754],[-111.7832,40.9693],[-111.7756,40.9611],[-111.7748,40.9582],[-111.773,40.9574],[-111.7628,40.9619],[-111.7613,40.9637],[-111.7549,40.9655],[-111.7517,40.9697],[-111.7448,40.9718],[-111.7453,40.9748],[-111.7369,40.9756],[-111.7329,40.9792],[-111.7286,40.9806],[-111.7282,40.9824],[-111.7324,40.9929],[-111.7283,40.998],[-111.724,40.9982],[-111.7195,41.0007],[-111.7216,41.0082],[-111.7245,41.0091],[-111.7252,41.0128],[-111.7138,41.0253],[-111.7135,41.0282],[-111.7115,41.029],[-111.7112,41.0349],[-111.7163,41.038],[-111.7148,41.0501]]]}},{"type":"Feature","properties":{"huc12":"160201020406","name":"Strawberry Creek-Weber River"},"geometry":{"type":"Polygon","coordinates":[[[-111.7202,41.1896],[-111.7233,41.193],[-111.7266,41.1939],[-111.7278,41.1974],[-111.7325,41.1978],[-111.7375,41.2015],[-111.7452,41.2034],[-111.7467,41.2074],[-111.7459,41.2122],[-111.7484,41.2144],[-111.7548,41.2148],[-111.759,41.2104],[-111.7642,41.2085],[-111.7642,41.2113],[-111.7704,41.2146],[-111.7736,41.2182],[-111.7784,41.2167],[-111.7809,41.2185],[-111.7852,41.2177],[-111.7897,41.2187],[-111.7965,41.2159],[-111.7996,41.2172],[-111.8064,41.216],[-111.8082,41.2124],[-111.8122,41.2121],[-111.8132,41.2089],[-111.8178,41.2048],[-111.8291,41.2047],[-111.8359,41.2022],[-111.8386,41.199],[-111.8433,41.1995],[-111.8579,41.1976],[-111.8604,41.1938],[-111.8712,41.1893],[-111.873,41.188],[-111.8728,41.1862],[-111.8689,41.1808],[-111.8713,41.176],[-111.8751,41.1729],[-111.8766,41.1699],[-111.8716,41.1651],[-111.8704,41.161],[-111.8588,41.1573],[-111.8546,41.1547],[-111.8477,41.1556],[-111.8422,41.1545],[-111.8357,41.1469],[-111.8348,41.1438],[-111.8281,41.1374],[-111.829,41.1348],[-111.8373,41.1273],[-111.8377,41.1237],[-111.8445,41.1215],[-111.8493,41.1156],[-111.8538,41.1146],[-111.8558,41.1125],[-111.8539,41.1084],[-111.8563,41.1043],[-111.855,41.1],[-111.8515,41.0975],[-111.8484,41.1023],[-111.8427,41.1043],[-111.8333,41.103],[-111.83,41.1012],[-111.8245,41.1027],[-111.817,41.1118],[-111.8164,41.1187],[-111.807,41.1282],[-111.8027,41.1399],[-111.7957,41.1469],[-111.7835,41.1534],[-111.7813,41.1586],[-111.7692,41.1556],[-111.76,41.1707],[-111.7507,41.1758],[-111.7523,41.1789],[-111.7493,41.1819],[-111.7428,41.183],[-111.7405,41.1822],[-111.7285,41.188],[-111.7242,41.1871],[-111.7202,41.1896]]]}},{"type":"Feature","properties":{"huc12":"160201020407","name":"Corbett Creek-Weber River"},"geometry":{"type":"Polygon","coordinates":[[[-111.873,41.188],[-111.8775,41.1925],[-111.8814,41.1936],[-111.8838,41.196],[-111.8821,41.1999],[-111.8843,41.2043],[-111.8805,41.2095],[-111.8814,41.2119],[-111.8878,41.2145],[-111.9007,41.2229],[-111.9045,41.2223],[-111.9145,41.2251],[-111.9203,41.223],[-111.9377,41.2214],[-111.9452,41.2219],[-111.9525,41.2244],[-111.988,41.2313],[-111.9957,41.2298],[-112.0013,41.235],[-112.0035,41.2327],[-112.0035,41.2274],[-111.996,41.221],[-111.996,41.2142],[-111.9944,41.2138],[-111.9947,41.2122],[-111.9977,41.2095],[-111.9974,41.2063],[-112.0006,41.2044],[-112.0033,41.1958],[-112.0195,41.1788],[-112.0228,41.1714],[-112.0215,41.1646],[-112.0171,41.1624],[-112.0164,41.1587],[-112.0148,41.1573],[-112.0146,41.1524],[-112.0063,41.1463],[-112.0075,41.1432],[-112.0059,41.1414],[-111.998,41.1384],[-111.9857,41.1374],[-111.9657,41.1299],[-111.9584,41.1255],[-111.9549,41.1206],[-111.9444,41.1214],[-111.9393,41.1186],[-111.9366,41.1188],[-111.9364,41.117],[-111.9389,41.1164],[-111.9386,41.1149],[-111.9327,41.1104],[-111.9287,41.1095],[-111.9244,41.1125],[-111.9159,41.1142],[-111.9089,41.1084],[-111.9016,41.1087],[-111.8902,41.1137],[-111.8721,41.1132],[-111.8581,41.1086],[-111.8544,41.109],[-111.8558,41.1125],[-111.8538,41.1146],[-111.8493,41.1156],[-111.8445,41.1215],[-111.8377,41.1237],[-111.8373,41.1273],[-111.829,41.1348],[-111.8281,41.1374],[-111.8348,41.1438],[-111.8357,41.1469],[-111.8422,41.1545],[-111.8477,41.1556],[-111.8546,41.1547],[-111.8588,41.1573],[-111.8704,41.161],[-111.8716,41.1651],[-111.8766,41.1699],[-111.8751,41.1729],[-111.8713,41.176],[-111.8689,41.1808],[-111.873,41.188]]]}},{"type":"Feature","properties":{"huc12":"160201010604","name":"Hell Canyon"},"geometry":{"type":"Polygon","coordinates":[[[-111.4479,41.2748],[-111.4505,41.2757],[-111.4577,41.2736],[-111.4574,41.2673],[-111.4623,41.2665],[-111.4668,41.2619],[-111.4643,41.2583],[-111.4711,41.2557],[-111.4706,41.2531],[-111.4716,41.2515],[-111.4783,41.2504],[-111.4772,41.2452],[-111.4826,41.2454],[-111.4848,41.2433],[-111.4875,41.2435],[-111.4944,41.241],[-111.491,41.2376],[-111.4968,41.2307],[-111.497,41.2248],[-111.4953,41.2222],[-111.4872,41.2188],[-111.4829,41.2121],[-111.4842,41.2104],[-111.4821,41.1998],[-111.479,41.2002],[-111.4756,41.1976],[-111.4709,41.1883],[-111.4661,41.1862],[-111.4632,41.1819],[-111.4592,41.1799],[-111.4564,41.1804],[-111.4529,41.177],[-111.4492,41.1764],[-111.4455,41.1726],[-111.4424,41.1722],[-111.441,41.1701],[-111.4384,41.1695],[-111.4354,41.1662],[-111.4208,41.1602],[-111.4159,41.16],[-111.4179,41.173],[-111.4206,41.1756],[-111.4219,41.1797],[-111.4271,41.184],[-111.4274,41.1883],[-111.4309,41.1949],[-111.428,41.1976],[-111.4286,41.2114],[-111.4269,41.2168],[-111.4294,41.2233],[-111.424,41.2277],[-111.4233,41.2311],[-111.4244,41.2335],[-111.4203,41.2383],[-111.4243,41.24],[-111.4267,41.2441],[-111.4267,41.2482],[-111.4318,41.251],[-111.4359,41.2563],[-111.4359,41.2593],[-111.4394,41.2635],[-111.4408,41.2709],[-111.4458,41.2721],[-111.4479,41.2748]]]}},{"type":"Feature","properties":{"huc12":"160201010601","name":"Blue Fork Creek"},"geometry":{"type":"Polygon","coordinates":[[[-111.4357,41.2585],[-111.4331,41.2597],[-111.4217,41.2567],[-111.4009,41.2543],[-111.3982,41.2523],[-111.392,41.2517],[-111.389,41.2484],[-111.3822,41.2455],[-111.3786,41.2413],[-111.3739,41.24],[-111.3683,41.2344],[-111.3588,41.2334],[-111.3491,41.2356],[-111.3518,41.2481],[-111.3491,41.2571],[-111.3498,41.263],[-111.353,41.2654],[-111.3525,41.2699],[-111.3551,41.2727],[-111.3558,41.276],[-111.3597,41.2774],[-111.3592,41.2784],[-111.3616,41.2803],[-111.3613,41.2838],[-111.3659,41.2887],[-111.3655,41.2918],[-111.3683,41.2957],[-111.3718,41.2967],[-111.3751,41.2999],[-111.3761,41.3034],[-111.3733,41.3113],[-111.3765,41.3131],[-111.378,41.3164],[-111.3813,41.3165],[-111.3834,41.3202],[-111.3942,41.3229],[-111.3994,41.3259],[-111.3973,41.3317],[-111.3952,41.3335],[-111.3982,41.3379],[-111.4056,41.3386],[-111.411,41.3413],[-111.4209,41.3436],[-111.4241,41.346],[-111.4282,41.342],[-111.4342,41.3423],[-111.4357,41.3412],[-111.4381,41.3379],[-111.4365,41.3361],[-111.4379,41.3341],[-111.4367,41.3274],[-111.4379,41.323],[-111.4431,41.3222],[-111.4449,41.3185],[-111.4494,41.3149],[-111.4478,41.3135],[-111.4485,41.3105],[-111.4444,41.307],[-111.4449,41.3034],[-111.443,41.3012],[-111.4425,41.2978],[-111.4394,41.2952],[-111.443,41.2923],[-111.4401,41.2899],[-111.4463,41.2848],[-111.4454,41.2779],[-111.4469,41.2773],[-111.4479,41.2748],[-111.4458,41.2721],[-111.4408,41.2709],[-111.4394,41.2635],[-111.4357,41.2585]]]}},{"type":"Feature","properties":{"huc12":"160201010602","name":"Francis Canyon"},"geometry":{"type":"Polygon","coordinates":[[[-111.2215,41.2128],[-111.222,41.2152],[-111.2338,41.2183],[-111.2424,41.2154],[-111.247,41.2159],[-111.2523,41.2147],[-111.2566,41.2176],[-111.253,41.223],[-111.2527,41.2259],[-111.2543,41.2292],[-111.2786,41.2261],[-111.2843,41.223],[-111.2914,41.2234],[-111.3008,41.2198],[-111.3047,41.2208],[-111.3062,41.2225],[-111.3168,41.2201],[-111.3209,41.2213],[-111.3243,41.219],[-111.3282,41.2183],[-111.3284,41.2135],[-111.3395,41.2088],[-111.3423,41.2036],[-111.3454,41.201],[-111.3481,41.2005],[-111.3502,41.1969],[-111.356,41.1988],[-111.3632,41.1987],[-111.3706,41.1931],[-111.3748,41.1939],[-111.3858,41.1915],[-111.3899,41.1917],[-111.3903,41.1788],[-111.3871,41.173],[-111.3817,41.1699],[-111.3818,41.1682],[-111.3774,41.1628],[-111.3741,41.1614],[-111.3739,41.1594],[-111.3711,41.1574],[-111.3723,41.1547],[-111.3702,41.153],[-111.3722,41.1492],[-111.3701,41.1451],[-111.3711,41.1393],[-111.369,41.1368],[-111.3701,41.1341],[-111.3642,41.1283],[-111.3559,41.1288],[-111.3527,41.1304],[-111.3448,41.129],[-111.3406,41.1327],[-111.3355,41.1345],[-111.3324,41.1383],[-111.3237,41.1373],[-111.3188,41.1325],[-111.3158,41.1311],[-111.3139,41.1323],[-111.3095,41.1304],[-111.3017,41.1343],[-111.3001,41.1371],[-111.294,41.1393],[-111.2912,41.1429],[-111.275,41.1425],[-111.2649,41.1441],[-111.2646,41.1454],[-111.2606,41.1466],[-111.256,41.1531],[-111.2464,41.1612],[-111.2446,41.1639],[-111.2428,41.1643],[-111.2333,41.1768],[-111.2361,41.1817],[-111.2357,41.1839],[-111.2297,41.1862],[-111.2257,41.1911],[-111.2305,41.1951],[-111.2319,41.1982],[-111.2301,41.2009],[-111.2316,41.2025],[-111.2275,41.2051],[-111.2263,41.2068],[-111.2273,41.2083],[-111.2215,41.2128]]]}},{"type":"Feature","properties":{"huc12":"160201010603","name":"Upper Lost Creek"},"geometry":{"type":"Polygon","coordinates":[[[-111.381,41.3725],[-111.3841,41.3739],[-111.3962,41.3733],[-111.4007,41.3696],[-111.404,41.3688],[-111.4046,41.3622],[-111.4171,41.3624],[-111.4206,41.3613],[-111.4241,41.3562],[-111.4231,41.3519],[-111.4241,41.346],[-111.4209,41.3436],[-111.411,41.3413],[-111.4056,41.3386],[-111.3982,41.3379],[-111.3952,41.3335],[-111.3973,41.3317],[-111.3994,41.3259],[-111.3942,41.3229],[-111.3834,41.3202],[-111.3813,41.3165],[-111.378,41.3164],[-111.3765,41.3131],[-111.3733,41.3113],[-111.3761,41.3034],[-111.3751,41.2999],[-111.3718,41.2967],[-111.3683,41.2957],[-111.3655,41.2918],[-111.3659,41.2887],[-111.3613,41.2838],[-111.3616,41.2803],[-111.3592,41.2784],[-111.3597,41.2774],[-111.3558,41.276],[-111.3551,41.2727],[-111.3525,41.2699],[-111.353,41.2654],[-111.3498,41.263],[-111.3491,41.2571],[-111.3518,41.2481],[-111.3492,41.2354],[-111.3588,41.2334],[-111.3683,41.2344],[-111.3739,41.24],[-111.3786,41.2413],[-111.3822,41.2455],[-111.389,41.2484],[-111.391,41.2512],[-111.3982,41.2523],[-111.4005,41.2542],[-111.4217,41.2567],[-111.4331,41.2597],[-111.4357,41.2585],[-111.4363,41.2569],[-111.4318,41.251],[-111.4267,41.2482],[-111.4267,41.2441],[-111.4243,41.24],[-111.4203,41.2383],[-111.4244,41.2335],[-111.4233,41.2311],[-111.424,41.2278],[-111.4189,41.2263],[-111.4203,41.2189],[-111.4186,41.2172],[-111.4171,41.2119],[-111.4176,41.21],[-111.4165,41.2087],[-111.4175,41.2074],[-111.4153,41.2054],[-111.4167,41.1996],[-111.4122,41.1897],[-111.4062,41.1855],[-111.4007,41.1847],[-111.3906,41.1806],[-111.3899,41.1917],[-111.3858,41.1915],[-111.3748,41.1939],[-111.3706,41.1931],[-111.3632,41.1987],[-111.356,41.1988],[-111.3502,41.1969],[-111.3481,41.2005],[-111.3454,41.201],[-111.3423,41.2036],[-111.3395,41.2088],[-111.3284,41.2135],[-111.3282,41.2183],[-111.3243,41.219],[-111.3209,41.2213],[-111.3168,41.2201],[-111.3066,41.2225],[-111.3008,41.2198],[-111.2914,41.2234],[-111.2843,41.223],[-111.2814,41.225],[-111.283,41.2282],[-111.281,41.2306],[-111.2694,41.2373],[-111.2709,41.2406],[-111.2772,41.2448],[-111.2771,41.2497],[-111.2783,41.2517],[-111.2765,41.2535],[-111.2775,41.2554],[-111.2767,41.257],[-111.2809,41.2614],[-111.2739,41.2652],[-111.2762,41.2702],[-111.2774,41.2771],[-111.2695,41.2835],[-111.2638,41.2852],[-111.2594,41.2909],[-111.2622,41.2969],[-111.2744,41.2995],[-111.2747,41.3016],[-111.2861,41.3051],[-111.2841,41.3078],[-111.2843,41.3093],[-111.2897,41.3084],[-111.2925,41.3094],[-111.2947,41.313],[-111.2947,41.316],[-111.2969,41.3184],[-111.2936,41.3203],[-111.2951,41.3302],[-111.3054,41.3336],[-111.3152,41.3399],[-111.3187,41.3438],[-111.3272,41.3454],[-111.3272,41.3532],[-111.3316,41.3573],[-111.3399,41.3552],[-111.3417,41.3574],[-111.3466,41.3592],[-111.3463,41.361],[-111.3482,41.3623],[-111.3672,41.3616],[-111.3681,41.3657],[-111.381,41.3725]]]}},{"type":"Feature","properties":{"huc12":"160201010606","name":"Middle Lost Creek"},"geometry":{"type":"Polygon","coordinates":[[[-111.3906,41.1806],[-111.4007,41.1847],[-111.4062,41.1855],[-111.4122,41.1897],[-111.4169,41.2006],[-111.4153,41.2054],[-111.4175,41.2074],[-111.4165,41.2087],[-111.4176,41.21],[-111.4171,41.2119],[-111.4186,41.2172],[-111.4203,41.2189],[-111.4188,41.2258],[-111.4203,41.2272],[-111.424,41.2278],[-111.4294,41.2233],[-111.4269,41.2168],[-111.4286,41.2114],[-111.428,41.1976],[-111.4309,41.1949],[-111.4274,41.1883],[-111.4271,41.184],[-111.4219,41.1797],[-111.4206,41.1756],[-111.4179,41.173],[-111.4159,41.16],[-111.4208,41.1602],[-111.4354,41.1662],[-111.4384,41.1695],[-111.441,41.1701],[-111.4424,41.1722],[-111.4455,41.1726],[-111.4492,41.1764],[-111.4529,41.177],[-111.4564,41.1804],[-111.4592,41.1799],[-111.4627,41.1816],[-111.4661,41.1862],[-111.4709,41.1883],[-111.4756,41.1976],[-111.479,41.2002],[-111.4821,41.1998],[-111.4822,41.1979],[-111.4785,41.1919],[-111.4786,41.1889],[-111.4799,41.1878],[-111.4796,41.1823],[-111.4768,41.1781],[-111.4768,41.1742],[-111.475,41.1724],[-111.475,41.1698],[-111.4711,41.1671],[-111.4713,41.161],[-111.4676,41.1586],[-111.4686,41.1565],[-111.4677,41.1516],[-111.4698,41.1492],[-111.4701,41.1464],[-111.4645,41.1368],[-111.4637,41.1279],[-111.4645,41.1268],[-111.4634,41.1212],[-111.4615,41.1187],[-111.4502,41.1191],[-111.4421,41.1169],[-111.4333,41.1197],[-111.4281,41.1192],[-111.4221,41.1224],[-111.4206,41.121],[-111.4142,41.121],[-111.4116,41.1186],[-111.4014,41.1152],[-111.4001,41.1118],[-111.398,41.1106],[-111.3935,41.1105],[-111.3887,41.108],[-111.3865,41.1053],[-111.3771,41.1054],[-111.3779,41.1077],[-111.3757,41.1092],[-111.3754,41.1121],[-111.3702,41.1156],[-111.3704,41.1176],[-111.3677,41.1196],[-111.3687,41.1222],[-111.3666,41.13],[-111.3701,41.1341],[-111.369,41.1368],[-111.3711,41.1393],[-111.3701,41.1451],[-111.3722,41.1492],[-111.3702,41.1533],[-111.3723,41.1547],[-111.3711,41.1574],[-111.3739,41.1594],[-111.3739,41.1612],[-111.3774,41.1628],[-111.3818,41.1682],[-111.3817,41.1698],[-111.3884,41.1746],[-111.3906,41.1806]]]}},{"type":"Feature","properties":{"huc12":"160201010607","name":"Lower Lost Creek"},"geometry":{"type":"Polygon","coordinates":[[[-111.4645,41.1268],[-111.4698,41.132],[-111.48,41.134],[-111.4892,41.1387],[-111.491,41.1409],[-111.4958,41.1402],[-111.5028,41.1448],[-111.504,41.1468],[-111.5036,41.1501],[-111.5077,41.1534],[-111.5104,41.1643],[-111.5101,41.1674],[-111.5196,41.1738],[-111.5296,41.1885],[-111.5348,41.1925],[-111.5367,41.1968],[-111.5413,41.2007],[-111.5493,41.2012],[-111.551,41.198],[-111.5563,41.1958],[-111.5579,41.1923],[-111.5607,41.1914],[-111.5639,41.186],[-111.5607,41.1809],[-111.561,41.179],[-111.5646,41.1747],[-111.5671,41.1743],[-111.5689,41.1716],[-111.5738,41.169],[-111.5733,41.1674],[-111.5664,41.1649],[-111.5634,41.1582],[-111.5599,41.1543],[-111.561,41.1529],[-111.5598,41.1494],[-111.5568,41.1446],[-111.5536,41.1429],[-111.553,41.1383],[-111.5554,41.1361],[-111.555,41.1321],[-111.5513,41.1239],[-111.5499,41.1239],[-111.5493,41.122],[-111.5453,41.1192],[-111.5454,41.112],[-111.5436,41.1099],[-111.5432,41.1039],[-111.5387,41.0992],[-111.5413,41.0932],[-111.5398,41.09],[-111.5362,41.0876],[-111.5411,41.0782],[-111.5335,41.0722],[-111.5344,41.0695],[-111.5387,41.0649],[-111.5392,41.0601],[-111.5382,41.0592],[-111.5274,41.0599],[-111.5254,41.059],[-111.5238,41.0564],[-111.5188,41.0576],[-111.514,41.0564],[-111.5128,41.0592],[-111.5083,41.0631],[-111.5018,41.0628],[-111.4999,41.0613],[-111.4941,41.064],[-111.4905,41.0611],[-111.4839,41.0616],[-111.4811,41.0633],[-111.4708,41.0655],[-111.4666,41.0709],[-111.4553,41.074],[-111.4509,41.0793],[-111.4468,41.0822],[-111.4404,41.0808],[-111.4247,41.0803],[-111.4228,41.0764],[-111.417,41.0741],[-111.4129,41.0739],[-111.4079,41.0752],[-111.4004,41.0814],[-111.396,41.0802],[-111.3924,41.0815],[-111.3909,41.0847],[-111.3868,41.0848],[-111.3807,41.0871],[-111.3799,41.0898],[-111.3816,41.0921],[-111.3804,41.0946],[-111.3817,41.0968],[-111.3783,41.0988],[-111.3782,41.105],[-111.3865,41.1053],[-111.3887,41.108],[-111.3935,41.1105],[-111.398,41.1106],[-111.4001,41.1118],[-111.4014,41.1152],[-111.4116,41.1186],[-111.4142,41.121],[-111.4206,41.121],[-111.4221,41.1224],[-111.4281,41.1192],[-111.4333,41.1197],[-111.4421,41.1169],[-111.4502,41.1191],[-111.4562,41.1193],[-111.46,41.1181],[-111.4634,41.1212],[-111.4645,41.1268]]]}},{"type":"Feature","properties":{"huc12":"160201010701","name":"Grass Creek"},"geometry":{"type":"Polygon","coordinates":[[[-111.2537,41.0159],[-111.261,41.0182],[-111.266,41.0167],[-111.2755,41.0184],[-111.2779,41.0158],[-111.285,41.0147],[-111.2885,41.0128],[-111.295,41.0126],[-111.2972,41.0108],[-111.3044,41.0142],[-111.3073,41.0124],[-111.3106,41.0138],[-111.3131,41.0119],[-111.3158,41.0069],[-111.3193,41.0044],[-111.3255,41.0018],[-111.3313,41.0011],[-111.3368,40.9973],[-111.342,40.9984],[-111.3459,40.9958],[-111.3468,40.9914],[-111.3568,40.992],[-111.3697,40.9836],[-111.3806,40.9831],[-111.3834,40.9845],[-111.3881,40.9835],[-111.3956,40.9792],[-111.3915,40.9656],[-111.3891,40.962],[-111.4008,40.9505],[-111.3985,40.9485],[-111.3935,40.9502],[-111.3867,40.9491],[-111.3817,40.9517],[-111.3782,40.9518],[-111.3742,40.9548],[-111.3673,40.9552],[-111.3596,40.9496],[-111.3523,40.9542],[-111.3484,40.9542],[-111.3456,40.9561],[-111.3398,40.9572],[-111.337,40.9562],[-111.3329,40.9574],[-111.3301,40.9558],[-111.3224,40.9586],[-111.3173,40.957],[-111.3156,40.9593],[-111.3064,40.9623],[-111.3048,40.9649],[-111.3046,40.9691],[-111.3022,40.9715],[-111.3005,40.9712],[-111.2966,40.977],[-111.2904,40.9782],[-111.2864,40.9829],[-111.2805,40.9846],[-111.2806,40.9857],[-111.276,40.9876],[-111.2757,40.9905],[-111.2733,40.9937],[-111.2695,40.9953],[-111.275,40.9983],[-111.2737,41.0009],[-111.2699,41.0016],[-111.2628,41.007],[-111.2556,41.0083],[-111.2536,41.0126],[-111.2537,41.0159]]]}},{"type":"Feature","properties":{"huc12":"160201010702","name":"Echo Reservoir-Weber River"},"geometry":{"type":"Polygon","coordinates":[[[-111.3596,40.9496],[-111.3673,40.9552],[-111.3742,40.9548],[-111.3782,40.9518],[-111.3817,40.9517],[-111.3867,40.9491],[-111.3935,40.9502],[-111.3996,40.9488],[-111.4006,40.9515],[-111.389,40.9626],[-111.3915,40.9656],[-111.3956,40.9792],[-111.4002,40.9741],[-111.4066,40.973],[-111.4092,40.9737],[-111.4118,40.9715],[-111.4185,40.9698],[-111.4257,40.9718],[-111.4348,40.9703],[-111.4383,40.9713],[-111.441,40.9684],[-111.4459,40.9679],[-111.4445,40.9602],[-111.4319,40.9545],[-111.4375,40.9528],[-111.4395,40.9509],[-111.4419,40.9511],[-111.4434,40.9469],[-111.4475,40.9464],[-111.4511,40.9479],[-111.4566,40.943],[-111.4576,40.9403],[-111.4605,40.9395],[-111.4618,40.9356],[-111.4713,40.928],[-111.4703,40.9266],[-111.4744,40.9173],[-111.4737,40.9146],[-111.4747,40.9122],[-111.4733,40.9109],[-111.4743,40.9095],[-111.4709,40.9062],[-111.4772,40.9006],[-111.4744,40.8986],[-111.4773,40.8953],[-111.4764,40.8921],[-111.4808,40.8845],[-111.4803,40.8747],[-111.4842,40.8704],[-111.4797,40.8579],[-111.4696,40.8598],[-111.4643,40.8587],[-111.4589,40.86],[-111.4575,40.8607],[-111.4586,40.864],[-111.4516,40.8703],[-111.4427,40.8734],[-111.4404,40.8848],[-111.4249,40.8962],[-111.4228,40.8954],[-111.4209,40.9056],[-111.4183,40.9083],[-111.4176,40.9114],[-111.4115,40.9108],[-111.4055,40.912],[-111.4006,40.9073],[-111.3939,40.9059],[-111.3848,40.9079],[-111.3849,40.9089],[-111.3915,40.9098],[-111.3962,40.9162],[-111.4017,40.9182],[-111.4038,40.9204],[-111.3962,40.925],[-111.3909,40.9315],[-111.391,40.9335],[-111.3821,40.941],[-111.3785,40.9419],[-111.374,40.9388],[-111.3642,40.9445],[-111.3596,40.9496]]]}},{"type":"Feature","properties":{"huc12":"160201020602","name":"Fourmile Creek"},"geometry":{"type":"Polygon","coordinates":[[[-111.963,41.3652],[-111.9702,41.3636],[-111.9781,41.3584],[-111.9932,41.3528],[-111.9958,41.3497],[-112.0037,41.3493],[-112.0048,41.3456],[-112.009,41.3436],[-112.0096,41.3405],[-112.0084,41.3374],[-112.0101,41.3338],[-112.0209,41.3243],[-112.0342,41.3252],[-112.0358,41.324],[-112.0361,41.3212],[-112.0394,41.3191],[-112.0559,41.3151],[-112.058,41.3119],[-112.0536,41.3045],[-112.0545,41.3017],[-112.0834,41.2972],[-112.0814,41.2907],[-112.0841,41.2861],[-112.0831,41.2811],[-112.0754,41.2831],[-112.063,41.2804],[-112.0546,41.2811],[-112.0495,41.276],[-112.0406,41.2708],[-112.0314,41.2671],[-112.0219,41.2663],[-112.0171,41.2636],[-112.0081,41.262],[-111.9648,41.2649],[-111.9469,41.2635],[-111.9383,41.2658],[-111.9359,41.2681],[-111.9291,41.2669],[-111.9219,41.2675],[-111.9131,41.2648],[-111.9066,41.2664],[-111.9003,41.2722],[-111.9007,41.2764],[-111.9037,41.2804],[-111.8971,41.2838],[-111.8911,41.2924],[-111.8926,41.2958],[-111.8905,41.3015],[-111.8913,41.3094],[-111.895,41.3166],[-111.8978,41.3179],[-111.9001,41.3214],[-111.9008,41.3235],[-111.8993,41.3272],[-111.908,41.3283],[-111.9191,41.3322],[-111.9219,41.3372],[-111.9245,41.3467],[-111.9325,41.3513],[-111.9355,41.3552],[-111.9513,41.3634],[-111.9575,41.3625],[-111.9608,41.3632],[-111.963,41.3652]]]}},{"type":"Feature","properties":{"huc12":"160201020505","name":"West Layton Marshes-Frontal Farmington Bay"},"geometry":{"type":"Polygon","coordinates":[[[-111.9554,41.1208],[-111.9584,41.1255],[-111.9653,41.1298],[-111.9844,41.137],[-112.0295,41.1276],[-112.0605,41.1283],[-112.0674,41.128],[-112.0711,41.1253],[-112.0862,41.1252],[-112.1073,41.1194],[-112.1343,41.1149],[-112.1413,41.1108],[-112.1394,41.1087],[-112.1391,41.1062],[-112.136,41.1033],[-112.1336,41.0949],[-112.1313,41.0919],[-112.1269,41.0896],[-112.1249,41.0847],[-112.1249,41.0787],[-112.1197,41.0642],[-112.1146,41.0582],[-112.1043,41.0494],[-112.0972,41.0349],[-112.0931,41.0324],[-112.0864,41.0321],[-112.0777,41.0256],[-112.073,41.0239],[-112.0527,41.0344],[-112.04,41.047],[-112.0315,41.0596],[-112.0195,41.0706],[-112.0162,41.0712],[-112.0124,41.0779],[-112.0104,41.0789],[-112.0097,41.0817],[-111.9994,41.0947],[-111.9957,41.1035],[-111.991,41.1084],[-111.9813,41.1123],[-111.9676,41.1229],[-111.9614,41.1195],[-111.9554,41.1208]]]}},{"type":"Feature","properties":{"huc12":"160201010706","name":"Harris Canyon-Weber River"},"geometry":{"type":"Polygon","coordinates":[[[-111.417,41.0741],[-111.4228,41.0764],[-111.4247,41.0803],[-111.4404,41.0808],[-111.4468,41.0822],[-111.4509,41.0793],[-111.4553,41.074],[-111.4666,41.0709],[-111.4708,41.0655],[-111.4811,41.0633],[-111.4839,41.0616],[-111.4905,41.0611],[-111.4941,41.064],[-111.4999,41.0613],[-111.5018,41.0628],[-111.5083,41.0631],[-111.5128,41.0592],[-111.514,41.0564],[-111.5188,41.0576],[-111.5238,41.0564],[-111.5254,41.059],[-111.5274,41.0599],[-111.5374,41.059],[-111.542,41.0603],[-111.5478,41.0583],[-111.5515,41.0588],[-111.5547,41.0568],[-111.5633,41.0449],[-111.5632,41.0429],[-111.5605,41.0394],[-111.5616,41.0357],[-111.5555,41.032],[-111.5506,41.0358],[-111.5368,41.0386],[-111.5315,41.0361],[-111.5245,41.0356],[-111.5148,41.0377],[-111.5115,41.035],[-111.5086,41.0346],[-111.5041,41.0374],[-111.4962,41.0366],[-111.4791,41.0448],[-111.4757,41.0441],[-111.4706,41.0474],[-111.4579,41.0467],[-111.4558,41.0479],[-111.4538,41.0466],[-111.4507,41.0474],[-111.4452,41.0461],[-111.4419,41.049],[-111.4344,41.0522],[-111.4283,41.0524],[-111.4225,41.055],[-111.4211,41.0569],[-111.4188,41.0571],[-111.4186,41.0619],[-111.4211,41.0659],[-111.417,41.0741]]]}},{"type":"Feature","properties":{"huc12":"160201010703","name":"Franklin Canyon"},"geometry":{"type":"Polygon","coordinates":[[[-111.4713,40.9277],[-111.4727,40.9281],[-111.4719,40.9319],[-111.4727,40.9329],[-111.4687,40.9388],[-111.4709,40.9423],[-111.4715,40.9467],[-111.4742,40.9488],[-111.4724,40.951],[-111.4745,40.9539],[-111.4706,40.9594],[-111.4685,40.9598],[-111.4695,40.9628],[-111.4652,40.9675],[-111.4701,40.9754],[-111.4708,40.9827],[-111.4697,40.9855],[-111.4726,40.9891],[-111.469,40.9965],[-111.4799,40.9953],[-111.4823,40.9925],[-111.489,40.9883],[-111.4947,40.9801],[-111.5001,40.9778],[-111.5073,40.9691],[-111.5119,40.969],[-111.5137,40.9706],[-111.5171,40.9684],[-111.5208,40.968],[-111.5242,40.9653],[-111.5243,40.9624],[-111.526,40.9604],[-111.5237,40.955],[-111.5253,40.9507],[-111.5235,40.9459],[-111.5265,40.9383],[-111.5262,40.9304],[-111.5288,40.919],[-111.5232,40.9193],[-111.5174,40.9179],[-111.5148,40.9168],[-111.5134,40.9133],[-111.5103,40.9123],[-111.5084,40.9092],[-111.5103,40.9057],[-111.5105,40.8985],[-111.5065,40.8971],[-111.5058,40.8943],[-111.5025,40.8936],[-111.4992,40.8896],[-111.4993,40.8857],[-111.495,40.8796],[-111.4842,40.8704],[-111.4803,40.8747],[-111.4808,40.8845],[-111.4764,40.8921],[-111.4773,40.8953],[-111.4744,40.8986],[-111.4772,40.9006],[-111.4709,40.9062],[-111.4743,40.9095],[-111.4733,40.9109],[-111.4747,40.9122],[-111.4737,40.9146],[-111.4744,40.9173],[-111.4703,40.9266],[-111.4713,40.9277]]]}},{"type":"Feature","properties":{"huc12":"160201010704","name":"Main Canyon Creek"},"geometry":{"type":"Polygon","coordinates":[[[-111.5115,41.035],[-111.5148,41.0377],[-111.5245,41.0356],[-111.5315,41.0361],[-111.5368,41.0386],[-111.5506,41.0358],[-111.5555,41.032],[-111.5534,41.0296],[-111.5563,41.0274],[-111.5575,41.0229],[-111.5537,41.0215],[-111.5545,41.0168],[-111.5588,41.011],[-111.5606,41.0107],[-111.5686,41.0033],[-111.5667,41.0006],[-111.5728,41.0007],[-111.5795,40.996],[-111.5873,40.9965],[-111.5933,40.9926],[-111.5936,40.9862],[-111.5876,40.9787],[-111.588,40.9663],[-111.5838,40.9613],[-111.5806,40.9611],[-111.5776,40.9582],[-111.5737,40.961],[-111.5665,40.9594],[-111.5615,40.9601],[-111.5515,40.9542],[-111.5422,40.9549],[-111.5331,40.9584],[-111.5279,40.9545],[-111.524,40.954],[-111.526,40.96],[-111.5243,40.9624],[-111.5243,40.965],[-111.5208,40.968],[-111.5171,40.9684],[-111.5137,40.9706],[-111.5143,40.9768],[-111.5127,40.9804],[-111.5132,40.9855],[-111.5111,40.987],[-111.5098,40.9903],[-111.5111,40.9937],[-111.5099,40.9958],[-111.5092,41.0072],[-111.5127,41.0101],[-111.5107,41.0159],[-111.5138,41.0283],[-111.5136,41.0326],[-111.5115,41.035]]]}},{"type":"Feature","properties":{"huc12":"160201010705","name":"Owens Canyon-Weber River"},"geometry":{"type":"Polygon","coordinates":[[[-111.4383,40.9713],[-111.4392,40.9747],[-111.4345,40.9788],[-111.4276,40.9951],[-111.4287,41.0011],[-111.4281,41.0087],[-111.4265,41.0118],[-111.4237,41.0135],[-111.4225,41.0173],[-111.419,41.02],[-111.4176,41.0234],[-111.4172,41.026],[-111.4191,41.0278],[-111.4191,41.031],[-111.4175,41.034],[-111.4185,41.0384],[-111.4164,41.0409],[-111.4173,41.0426],[-111.416,41.0441],[-111.4166,41.0521],[-111.4155,41.0571],[-111.4183,41.058],[-111.4283,41.0524],[-111.4341,41.0523],[-111.4419,41.049],[-111.4452,41.0461],[-111.4507,41.0474],[-111.4538,41.0466],[-111.4558,41.0479],[-111.4579,41.0467],[-111.4706,41.0474],[-111.4757,41.0441],[-111.4791,41.0448],[-111.4962,41.0366],[-111.5041,41.0374],[-111.5066,41.0351],[-111.5115,41.035],[-111.513,41.0336],[-111.5135,41.0254],[-111.5106,41.014],[-111.5127,41.0101],[-111.5095,41.0077],[-111.5091,41.0051],[-111.5111,40.9937],[-111.5098,40.9903],[-111.5111,40.987],[-111.5131,40.9858],[-111.5127,40.9804],[-111.5142,40.9777],[-111.5132,40.9698],[-111.5073,40.9691],[-111.5001,40.9778],[-111.4947,40.9801],[-111.489,40.9883],[-111.4823,40.9925],[-111.4799,40.9953],[-111.4688,40.9964],[-111.4726,40.9891],[-111.4697,40.9855],[-111.4708,40.9827],[-111.4701,40.9754],[-111.4652,40.9675],[-111.4695,40.9628],[-111.4685,40.9598],[-111.4706,40.9594],[-111.4745,40.9539],[-111.4724,40.951],[-111.4742,40.9488],[-111.4715,40.9467],[-111.4709,40.9423],[-111.4687,40.9388],[-111.4727,40.9329],[-111.4719,40.9319],[-111.4727,40.9281],[-111.4713,40.9277],[-111.4675,40.9302],[-111.4657,40.9332],[-111.4615,40.936],[-111.4605,40.9395],[-111.4576,40.9403],[-111.4566,40.943],[-111.4511,40.9479],[-111.4475,40.9464],[-111.4434,40.9469],[-111.4419,40.9511],[-111.4395,40.9509],[-111.4375,40.9528],[-111.4319,40.9545],[-111.4441,40.9598],[-111.4454,40.9623],[-111.4448,40.9647],[-111.4459,40.9679],[-111.441,40.9684],[-111.4383,40.9713]]]}},{"type":"Feature","properties":{"huc12":"160201020101","name":"Kimball Creek"},"geometry":{"type":"Polygon","coordinates":[[[-111.5167,40.723],[-111.5188,40.7239],[-111.5197,40.722],[-111.5229,40.7143],[-111.5239,40.7085],[-111.5295,40.7049],[-111.5328,40.6987],[-111.5429,40.6885],[-111.5551,40.6803],[-111.5651,40.6777],[-111.5691,40.682],[-111.5735,40.6836],[-111.6016,40.6801],[-111.603,40.6775],[-111.6019,40.6758],[-111.6018,40.671],[-111.6046,40.6691],[-111.6045,40.6666],[-111.6002,40.6642],[-111.5965,40.6597],[-111.5938,40.6516],[-111.5877,40.6497],[-111.5777,40.6436],[-111.5762,40.6328],[-111.5687,40.6291],[-111.5675,40.6232],[-111.5577,40.6195],[-111.5588,40.6133],[-111.5538,40.6111],[-111.5533,40.6093],[-111.5465,40.61],[-111.5403,40.6133],[-111.5393,40.6166],[-111.5329,40.621],[-111.5325,40.6233],[-111.5291,40.6269],[-111.5217,40.6294],[-111.5185,40.6331],[-111.5131,40.6322],[-111.5098,40.6335],[-111.5049,40.6385],[-111.505,40.644],[-111.5071,40.6515],[-111.506,40.6635],[-111.5017,40.6651],[-111.5017,40.6679],[-111.4994,40.6694],[-111.5019,40.6719],[-111.5029,40.6804],[-111.5063,40.6828],[-111.5019,40.6844],[-111.4982,40.6884],[-111.4994,40.6986],[-111.4973,40.7033],[-111.4993,40.7044],[-111.5009,40.7087],[-111.5069,40.7096],[-111.5057,40.7144],[-111.5062,40.7176],[-111.5128,40.7191],[-111.5135,40.7233],[-111.5167,40.723]]]}},{"type":"Feature","properties":{"huc12":"160201020102","name":"Toll Canyon-East Canyon Creek"},"geometry":{"type":"Polygon","coordinates":[[[-111.6016,40.6801],[-111.5735,40.6836],[-111.5691,40.682],[-111.5651,40.6777],[-111.5551,40.6803],[-111.5429,40.6885],[-111.5328,40.6987],[-111.5295,40.7049],[-111.5239,40.7085],[-111.5229,40.7143],[-111.5188,40.7239],[-111.5135,40.7233],[-111.5128,40.7191],[-111.5065,40.7179],[-111.5057,40.7144],[-111.507,40.7097],[-111.5022,40.7094],[-111.4983,40.7138],[-111.4969,40.719],[-111.4919,40.7221],[-111.4899,40.7266],[-111.4911,40.7288],[-111.4895,40.7328],[-111.4843,40.7364],[-111.4838,40.7405],[-111.487,40.7485],[-111.4852,40.7524],[-111.4825,40.7547],[-111.4821,40.7597],[-111.4766,40.7639],[-111.4759,40.7672],[-111.4808,40.7709],[-111.4898,40.7709],[-111.4915,40.7726],[-111.4912,40.7742],[-111.4937,40.7751],[-111.5008,40.7744],[-111.5005,40.7771],[-111.5043,40.7805],[-111.5042,40.7856],[-111.5066,40.7931],[-111.5098,40.7956],[-111.5107,40.7995],[-111.5138,40.8009],[-111.5175,40.7983],[-111.5197,40.7919],[-111.5243,40.7901],[-111.5281,40.7855],[-111.5355,40.7834],[-111.5359,40.7787],[-111.5433,40.7707],[-111.5438,40.7669],[-111.5399,40.7601],[-111.5393,40.7541],[-111.5406,40.7515],[-111.5602,40.7532],[-111.5631,40.7566],[-111.5859,40.7616],[-111.5917,40.7605],[-111.5948,40.7637],[-111.5999,40.7637],[-111.6032,40.7616],[-111.6142,40.7583],[-111.6212,40.7583],[-111.6233,40.7542],[-111.6223,40.7515],[-111.6174,40.7465],[-111.6199,40.743],[-111.6246,40.7408],[-111.6245,40.7394],[-111.6217,40.7379],[-111.6233,40.7312],[-111.6225,40.7299],[-111.6135,40.7281],[-111.6164,40.7231],[-111.615,40.722],[-111.615,40.7195],[-111.6118,40.7188],[-111.6115,40.7173],[-111.5947,40.7036],[-111.5928,40.6995],[-111.5997,40.6919],[-111.5992,40.6904],[-111.6021,40.6849],[-111.6016,40.6801]]]}},{"type":"Feature","properties":{"huc12":"160201020103","name":"Big Dutch Hollow-East Canyon Creek"},"geometry":{"type":"Polygon","coordinates":[[[-111.4881,40.8543],[-111.5042,40.8591],[-111.5109,40.8635],[-111.5177,40.8629],[-111.525,40.8667],[-111.5278,40.8649],[-111.5353,40.8652],[-111.5404,40.8611],[-111.5476,40.8593],[-111.5517,40.8599],[-111.5648,40.8538],[-111.5773,40.8566],[-111.587,40.855],[-111.5891,40.8561],[-111.5919,40.8533],[-111.5921,40.8493],[-111.5965,40.8467],[-111.6006,40.8478],[-111.6085,40.8476],[-111.613,40.8461],[-111.6222,40.8464],[-111.6256,40.8434],[-111.6382,40.8437],[-111.6483,40.8403],[-111.6607,40.8452],[-111.6641,40.8413],[-111.6662,40.8345],[-111.6659,40.8307],[-111.6567,40.8304],[-111.6524,40.8272],[-111.652,40.8241],[-111.6458,40.824],[-111.6457,40.8206],[-111.6408,40.8155],[-111.6391,40.8097],[-111.6424,40.806],[-111.6411,40.805],[-111.6412,40.799],[-111.6463,40.7977],[-111.6488,40.7922],[-111.6431,40.786],[-111.6464,40.7826],[-111.6454,40.7789],[-111.6486,40.7757],[-111.6491,40.7734],[-111.6445,40.7711],[-111.641,40.7712],[-111.6385,40.7693],[-111.6369,40.767],[-111.6369,40.7631],[-111.6288,40.7604],[-111.6254,40.761],[-111.6212,40.7583],[-111.6142,40.7583],[-111.6032,40.7616],[-111.5999,40.7637],[-111.5948,40.7637],[-111.5917,40.7605],[-111.5859,40.7616],[-111.5631,40.7566],[-111.5602,40.7532],[-111.5406,40.7515],[-111.5393,40.7541],[-111.5399,40.7601],[-111.5438,40.7669],[-111.5433,40.7707],[-111.536,40.7786],[-111.5352,40.7837],[-111.5281,40.7855],[-111.5243,40.7901],[-111.5195,40.7921],[-111.5175,40.7983],[-111.5138,40.8009],[-111.5146,40.8058],[-111.511,40.8094],[-111.5111,40.8105],[-111.5134,40.8106],[-111.5165,40.8131],[-111.5169,40.8195],[-111.5102,40.8209],[-111.5057,40.8253],[-111.5002,40.8222],[-111.5015,40.8312],[-111.4996,40.8324],[-111.5001,40.8337],[-111.4972,40.8405],[-111.495,40.842],[-111.4953,40.844],[-111.4927,40.846],[-111.4933,40.8473],[-111.4881,40.8543]]]}},{"type":"Feature","properties":{"huc12":"160201020104","name":"East Canyon Reservoir-East Canyon Creek"},"geometry":{"type":"Polygon","coordinates":[[[-111.5247,40.9536],[-111.5279,40.9545],[-111.5331,40.9584],[-111.5422,40.9549],[-111.5508,40.9541],[-111.5615,40.9601],[-111.5665,40.9594],[-111.5737,40.961],[-111.5776,40.9582],[-111.5806,40.9611],[-111.5838,40.9613],[-111.588,40.9663],[-111.5887,40.9577],[-111.5941,40.9563],[-111.5936,40.952],[-111.6004,40.944],[-111.5965,40.9351],[-111.6023,40.9176],[-111.607,40.9139],[-111.6166,40.9123],[-111.6174,40.9107],[-111.6164,40.9073],[-111.6175,40.9052],[-111.6255,40.9038],[-111.6305,40.8971],[-111.6342,40.8953],[-111.6359,40.8916],[-111.6347,40.8901],[-111.635,40.8872],[-111.6326,40.8839],[-111.6337,40.8805],[-111.641,40.8747],[-111.6392,40.8723],[-111.6424,40.8678],[-111.6472,40.8658],[-111.6487,40.8634],[-111.655,40.8599],[-111.6571,40.8573],[-111.6579,40.8525],[-111.664,40.85],[-111.6604,40.8447],[-111.6519,40.8426],[-111.6483,40.8403],[-111.6382,40.8437],[-111.6256,40.8434],[-111.6222,40.8464],[-111.613,40.8461],[-111.6085,40.8476],[-111.6006,40.8478],[-111.5965,40.8467],[-111.5921,40.8493],[-111.5919,40.8533],[-111.5891,40.8561],[-111.587,40.855],[-111.5773,40.8566],[-111.5648,40.8538],[-111.5517,40.8599],[-111.5476,40.8593],[-111.5404,40.8611],[-111.5353,40.8652],[-111.5278,40.8649],[-111.525,40.8667],[-111.5177,40.8629],[-111.5106,40.8634],[-111.5054,40.8597],[-111.4966,40.8564],[-111.4845,40.8535],[-111.4806,40.8548],[-111.4795,40.8586],[-111.4841,40.8704],[-111.495,40.8796],[-111.4993,40.8857],[-111.4992,40.8896],[-111.5025,40.8936],[-111.5058,40.8943],[-111.5065,40.8971],[-111.5105,40.8985],[-111.5103,40.9057],[-111.5084,40.9092],[-111.5103,40.9123],[-111.5134,40.9133],[-111.5148,40.9168],[-111.5174,40.9179],[-111.5232,40.9193],[-111.5288,40.919],[-111.5262,40.9304],[-111.5265,40.9383],[-111.5235,40.9459],[-111.5252,40.9501],[-111.5247,40.9536]]]}},{"type":"Feature","properties":{"huc12":"160201020105","name":"Hardscrabble Creek"},"geometry":{"type":"Polygon","coordinates":[[[-111.6957,40.8618],[-111.6922,40.8676],[-111.6934,40.871],[-111.6916,40.8751],[-111.6919,40.8794],[-111.6968,40.8858],[-111.6984,40.8925],[-111.7033,40.8965],[-111.7046,40.8996],[-111.7018,40.906],[-111.7023,40.9089],[-111.7004,40.9112],[-111.7008,40.9154],[-111.6977,40.9198],[-111.7011,40.9268],[-111.6993,40.931],[-111.701,40.9323],[-111.7012,40.935],[-111.6968,40.9399],[-111.6913,40.9504],[-111.6859,40.9528],[-111.682,40.9529],[-111.6761,40.9608],[-111.674,40.9618],[-111.6748,40.9643],[-111.6786,40.9663],[-111.6788,40.9685],[-111.674,40.9743],[-111.6737,40.9772],[-111.6787,40.9763],[-111.6814,40.9724],[-111.687,40.9696],[-111.693,40.9678],[-111.7024,40.9676],[-111.7091,40.9654],[-111.7145,40.9748],[-111.7154,40.9791],[-111.7182,40.9812],[-111.7282,40.9824],[-111.7286,40.9806],[-111.7329,40.9792],[-111.7369,40.9756],[-111.7455,40.9746],[-111.7448,40.9718],[-111.7517,40.9697],[-111.7549,40.9655],[-111.7613,40.9637],[-111.7628,40.9619],[-111.773,40.9574],[-111.7748,40.9582],[-111.775,40.9599],[-111.7836,40.9568],[-111.7913,40.9609],[-111.7951,40.9609],[-111.7979,40.9591],[-111.8021,40.9595],[-111.8093,40.9574],[-111.8147,40.9598],[-111.8153,40.9573],[-111.812,40.9505],[-111.807,40.949],[-111.8039,40.9443],[-111.804,40.9409],[-111.7967,40.9349],[-111.7909,40.9279],[-111.7934,40.9239],[-111.7938,40.9159],[-111.7823,40.9122],[-111.7814,40.9088],[-111.7785,40.9062],[-111.7787,40.9032],[-111.7766,40.9002],[-111.7795,40.8962],[-111.7747,40.8956],[-111.7705,40.8881],[-111.7643,40.8889],[-111.7622,40.8875],[-111.7617,40.8855],[-111.7653,40.8783],[-111.7683,40.8755],[-111.768,40.8727],[-111.7634,40.8736],[-111.7465,40.871],[-111.7405,40.8654],[-111.7389,40.861],[-111.7254,40.8548],[-111.7208,40.8558],[-111.7178,40.8532],[-111.7126,40.8519],[-111.7067,40.8527],[-111.7012,40.8615],[-111.6957,40.8618]]]}},{"type":"Feature","properties":{"huc12":"160201020106","name":"Outlet East Canyon Creek"},"geometry":{"type":"Polygon","coordinates":[[[-111.5886,40.9956],[-111.5896,40.9986],[-111.5976,41.0042],[-111.6001,41.004],[-111.6041,41.0061],[-111.6103,41.0121],[-111.6161,41.0119],[-111.6271,41.0171],[-111.6336,41.0169],[-111.6406,41.0222],[-111.6431,41.0224],[-111.6464,41.0206],[-111.6531,41.022],[-111.6575,41.0259],[-111.6586,41.0287],[-111.6626,41.0293],[-111.6678,41.0323],[-111.6728,41.0328],[-111.6787,41.037],[-111.6898,41.0386],[-111.703,41.0438],[-111.7057,41.0457],[-111.7059,41.05],[-111.7095,41.0517],[-111.7129,41.0564],[-111.7158,41.0542],[-111.7148,41.0501],[-111.7163,41.038],[-111.7112,41.0349],[-111.7115,41.029],[-111.7135,41.0282],[-111.7138,41.0253],[-111.7252,41.0128],[-111.7245,41.0091],[-111.7216,41.0082],[-111.7195,41.0008],[-111.724,40.9982],[-111.7283,40.998],[-111.7323,40.9931],[-111.7294,40.9838],[-111.7278,40.9823],[-111.718,40.9811],[-111.7154,40.9791],[-111.7145,40.9748],[-111.7091,40.9654],[-111.7024,40.9676],[-111.693,40.9678],[-111.687,40.9696],[-111.6814,40.9724],[-111.6787,40.9763],[-111.6737,40.9772],[-111.674,40.9743],[-111.6788,40.9685],[-111.6786,40.9663],[-111.6748,40.9643],[-111.674,40.9618],[-111.6761,40.9608],[-111.682,40.9529],[-111.6859,40.9528],[-111.6913,40.9504],[-111.6968,40.9399],[-111.7012,40.935],[-111.701,40.9323],[-111.6993,40.931],[-111.7011,40.9268],[-111.6977,40.9198],[-111.7008,40.9154],[-111.7004,40.9112],[-111.7023,40.9089],[-111.7018,40.906],[-111.7046,40.8996],[-111.7033,40.8965],[-111.6984,40.8925],[-111.6968,40.8858],[-111.6919,40.8794],[-111.6916,40.8751],[-111.6934,40.871],[-111.6922,40.8676],[-111.6957,40.8618],[-111.6907,40.8587],[-111.6865,40.8587],[-111.6833,40.8562],[-111.6742,40.8552],[-111.6654,40.8502],[-111.6585,40.852],[-111.6567,40.858],[-111.6484,40.8635],[-111.6472,40.8658],[-111.6424,40.8678],[-111.6392,40.8723],[-111.641,40.8747],[-111.6337,40.8805],[-111.6326,40.8839],[-111.635,40.8872],[-111.6347,40.8901],[-111.6359,40.8916],[-111.6341,40.8955],[-111.6305,40.8971],[-111.6255,40.9038],[-111.6175,40.9052],[-111.6164,40.9073],[-111.6174,40.9107],[-111.6166,40.9123],[-111.6092,40.9131],[-111.6024,40.9175],[-111.5965,40.9351],[-111.6003,40.9443],[-111.5936,40.952],[-111.5941,40.9563],[-111.589,40.9573],[-111.5877,40.9612],[-111.5887,40.9647],[-111.5872,40.9679],[-111.5882,40.9691],[-111.5876,40.9787],[-111.5936,40.9862],[-111.5937,40.9881],[-111.5931,40.9929],[-111.5886,40.9956]]]}},{"type":"Feature","properties":{"huc12":"160201020201","name":"Left Fork South Fork Ogden River"},"geometry":{"type":"Polygon","coordinates":[[[-111.4206,41.3613],[-111.4235,41.3632],[-111.4237,41.3651],[-111.4329,41.362],[-111.4372,41.3667],[-111.4459,41.3669],[-111.4468,41.3682],[-111.4457,41.3713],[-111.4479,41.3729],[-111.4601,41.3739],[-111.4631,41.3797],[-111.4784,41.3843],[-111.4905,41.3757],[-111.4921,41.3734],[-111.4896,41.3704],[-111.4882,41.365],[-111.4891,41.3627],[-111.4921,41.3584],[-111.4974,41.3575],[-111.4993,41.3547],[-111.5066,41.3521],[-111.5056,41.3492],[-111.5063,41.3445],[-111.5102,41.3443],[-111.514,41.3424],[-111.5154,41.3377],[-111.5225,41.3286],[-111.52,41.3259],[-111.5252,41.3222],[-111.5293,41.3225],[-111.5368,41.3188],[-111.5412,41.3182],[-111.5496,41.3112],[-111.5628,41.3114],[-111.5644,41.3063],[-111.5666,41.3047],[-111.5683,41.2979],[-111.5673,41.2961],[-111.5683,41.295],[-111.5637,41.2922],[-111.5516,41.2936],[-111.5473,41.2928],[-111.5394,41.2943],[-111.535,41.2933],[-111.5318,41.2897],[-111.5289,41.2889],[-111.5275,41.287],[-111.5244,41.2869],[-111.5203,41.2837],[-111.5136,41.2837],[-111.5108,41.2857],[-111.5042,41.2861],[-111.5006,41.2882],[-111.4943,41.2879],[-111.4829,41.2939],[-111.4786,41.2946],[-111.4721,41.2995],[-111.4679,41.299],[-111.4629,41.3018],[-111.462,41.3047],[-111.4578,41.3073],[-111.4583,41.3102],[-111.4544,41.3137],[-111.4494,41.3149],[-111.4449,41.3185],[-111.4431,41.3222],[-111.4379,41.323],[-111.4367,41.3274],[-111.4379,41.3341],[-111.4365,41.3361],[-111.4381,41.3382],[-111.4347,41.3421],[-111.429,41.3417],[-111.4244,41.3451],[-111.4231,41.3519],[-111.4241,41.3562],[-111.4206,41.3613]]]}},{"type":"Feature","properties":{"huc12":"160201020202","name":"Right Fork South Fork Ogden River"},"geometry":{"type":"Polygon","coordinates":[[[-111.4479,41.2748],[-111.4469,41.2773],[-111.4454,41.2779],[-111.4463,41.2848],[-111.4401,41.2899],[-111.443,41.2923],[-111.4394,41.2952],[-111.4425,41.2978],[-111.443,41.3012],[-111.4449,41.3034],[-111.4444,41.307],[-111.4485,41.3105],[-111.4478,41.3135],[-111.4494,41.3149],[-111.4544,41.3137],[-111.4578,41.3108],[-111.4575,41.3076],[-111.462,41.3047],[-111.4634,41.3015],[-111.4679,41.299],[-111.4721,41.2995],[-111.4786,41.2946],[-111.4824,41.2941],[-111.4948,41.2877],[-111.5006,41.2882],[-111.5042,41.2861],[-111.5108,41.2857],[-111.5135,41.2838],[-111.5201,41.2837],[-111.5244,41.2869],[-111.5275,41.287],[-111.5289,41.2889],[-111.5318,41.2897],[-111.5356,41.2935],[-111.5401,41.2943],[-111.5473,41.2928],[-111.5516,41.2936],[-111.564,41.2923],[-111.5683,41.295],[-111.5704,41.2943],[-111.576,41.2877],[-111.5727,41.2807],[-111.5686,41.2774],[-111.5673,41.2745],[-111.5626,41.2715],[-111.5597,41.2714],[-111.5571,41.2679],[-111.56,41.2611],[-111.5584,41.2592],[-111.5564,41.2467],[-111.5579,41.2419],[-111.5598,41.2399],[-111.5546,41.2379],[-111.536,41.2363],[-111.5306,41.2331],[-111.5293,41.2299],[-111.5258,41.2287],[-111.5223,41.2301],[-111.5123,41.2287],[-111.5105,41.2307],[-111.5065,41.2309],[-111.5042,41.229],[-111.4972,41.2273],[-111.4966,41.231],[-111.491,41.2376],[-111.4943,41.2411],[-111.4875,41.2435],[-111.4848,41.2433],[-111.4826,41.2454],[-111.4772,41.2452],[-111.4783,41.2504],[-111.4716,41.2515],[-111.4706,41.2531],[-111.4711,41.2557],[-111.4643,41.2583],[-111.4668,41.2619],[-111.4623,41.2665],[-111.4574,41.2673],[-111.4577,41.2736],[-111.4505,41.2757],[-111.4479,41.2748]]]}},{"type":"Feature","properties":{"huc12":"160201020203","name":"Dry Bread Hollow"},"geometry":{"type":"Polygon","coordinates":[[[-111.4778,41.3845],[-111.4785,41.3906],[-111.4756,41.4],[-111.4816,41.4011],[-111.4845,41.4048],[-111.4934,41.4055],[-111.4994,41.4083],[-111.5006,41.4117],[-111.5033,41.4134],[-111.5079,41.4138],[-111.5065,41.418],[-111.5107,41.4207],[-111.5108,41.4232],[-111.5175,41.4218],[-111.5207,41.4187],[-111.5214,41.416],[-111.5319,41.4146],[-111.5338,41.4116],[-111.5372,41.4111],[-111.544,41.4073],[-111.5444,41.4039],[-111.5479,41.3982],[-111.5453,41.3952],[-111.5483,41.388],[-111.5459,41.3808],[-111.5472,41.3797],[-111.5521,41.3804],[-111.5544,41.3794],[-111.5557,41.3779],[-111.5527,41.3745],[-111.5563,41.3715],[-111.5588,41.3718],[-111.5617,41.3689],[-111.5661,41.3634],[-111.5657,41.3603],[-111.5735,41.3541],[-111.577,41.3482],[-111.5796,41.3471],[-111.5794,41.3427],[-111.5883,41.3375],[-111.5912,41.3343],[-111.5919,41.3308],[-111.5952,41.3293],[-111.5944,41.3282],[-111.5949,41.3249],[-111.5912,41.3209],[-111.5934,41.3172],[-111.5928,41.3123],[-111.5916,41.3109],[-111.5923,41.3037],[-111.5896,41.3026],[-111.5877,41.2986],[-111.5862,41.2988],[-111.5691,41.31],[-111.5644,41.3102],[-111.5621,41.3116],[-111.5496,41.3112],[-111.5412,41.3182],[-111.5368,41.3188],[-111.5293,41.3225],[-111.5252,41.3222],[-111.5214,41.3248],[-111.5199,41.3261],[-111.5222,41.3271],[-111.5225,41.3286],[-111.5154,41.3377],[-111.514,41.3424],[-111.5102,41.3443],[-111.5063,41.3445],[-111.5056,41.3492],[-111.5066,41.3521],[-111.4993,41.3547],[-111.4974,41.3575],[-111.4921,41.3584],[-111.4891,41.3627],[-111.4882,41.365],[-111.4896,41.3704],[-111.4921,41.3734],[-111.4905,41.3757],[-111.4778,41.3845]]]}},{"type":"Feature","properties":{"huc12":"160201020204","name":"Beaver Creek"},"geometry":{"type":"Polygon","coordinates":[[[-111.5738,41.428],[-111.5765,41.4274],[-111.5843,41.4183],[-111.5992,41.4215],[-111.6092,41.4189],[-111.6115,41.4195],[-111.6126,41.4218],[-111.6185,41.4224],[-111.6265,41.4176],[-111.6314,41.418],[-111.6405,41.4142],[-111.6432,41.4103],[-111.6444,41.4058],[-111.6427,41.401],[-111.6454,41.3993],[-111.6463,41.3935],[-111.6366,41.3916],[-111.6274,41.3879],[-111.6296,41.3833],[-111.6363,41.3794],[-111.636,41.3758],[-111.6398,41.3729],[-111.6382,41.3707],[-111.6328,41.3687],[-111.633,41.3659],[-111.6386,41.3592],[-111.6455,41.3576],[-111.6497,41.3581],[-111.6529,41.3552],[-111.656,41.3551],[-111.6571,41.3496],[-111.6611,41.3461],[-111.6661,41.3464],[-111.6761,41.3424],[-111.6732,41.334],[-111.6783,41.325],[-111.6751,41.3225],[-111.6698,41.3214],[-111.663,41.3221],[-111.6556,41.3134],[-111.655,41.3104],[-111.6487,41.3047],[-111.6397,41.3012],[-111.6328,41.3012],[-111.6227,41.2987],[-111.6206,41.2974],[-111.618,41.2924],[-111.6151,41.2972],[-111.6136,41.3042],[-111.6076,41.3101],[-111.6072,41.315],[-111.6041,41.3183],[-111.6029,41.3235],[-111.5954,41.3261],[-111.5944,41.3282],[-111.5952,41.3293],[-111.5919,41.3308],[-111.5912,41.3343],[-111.5883,41.3375],[-111.5794,41.3426],[-111.5796,41.3471],[-111.577,41.3482],[-111.5735,41.3541],[-111.5657,41.3603],[-111.5662,41.3632],[-111.5645,41.3657],[-111.5588,41.3718],[-111.5563,41.3715],[-111.5527,41.3745],[-111.5557,41.3779],[-111.5544,41.3794],[-111.5521,41.3804],[-111.5472,41.3797],[-111.5459,41.3808],[-111.5483,41.388],[-111.5453,41.395],[-111.5479,41.3982],[-111.5441,41.4047],[-111.5449,41.4094],[-111.5515,41.4139],[-111.5543,41.4238],[-111.5576,41.4248],[-111.56,41.4234],[-111.5645,41.4232],[-111.5713,41.4252],[-111.5711,41.4265],[-111.5738,41.428]]]}},{"type":"Feature","properties":{"huc12":"160201020205","name":"North Branch South Fork Ogden River"},"geometry":{"type":"Polygon","coordinates":[[[-111.5875,41.2986],[-111.5896,41.3026],[-111.5926,41.3045],[-111.5916,41.3109],[-111.5928,41.3123],[-111.5934,41.3172],[-111.5912,41.3209],[-111.5954,41.3261],[-111.6031,41.3233],[-111.6041,41.3183],[-111.6072,41.315],[-111.6076,41.3101],[-111.6136,41.3042],[-111.6151,41.2972],[-111.618,41.2924],[-111.6206,41.2974],[-111.6227,41.2987],[-111.6328,41.3012],[-111.6397,41.3012],[-111.6487,41.3047],[-111.655,41.3104],[-111.6556,41.3134],[-111.663,41.3221],[-111.6698,41.3214],[-111.6751,41.3225],[-111.6783,41.325],[-111.6814,41.3229],[-111.6868,41.3224],[-111.6867,41.3206],[-111.6895,41.3197],[-111.6883,41.3134],[-111.6972,41.3064],[-111.7024,41.3067],[-111.7061,41.3027],[-111.7066,41.2987],[-111.705,41.2954],[-111.6991,41.2928],[-111.6965,41.2878],[-111.7001,41.2866],[-111.6973,41.281],[-111.6966,41.2764],[-111.6999,41.273],[-111.7035,41.2604],[-111.7094,41.2563],[-111.7211,41.2535],[-111.773,41.2532],[-111.7659,41.2488],[-111.7534,41.2479],[-111.7426,41.2483],[-111.733,41.2514],[-111.7259,41.2509],[-111.715,41.2533],[-111.7129,41.2524],[-111.7128,41.2495],[-111.7095,41.2478],[-111.7033,41.2505],[-111.6978,41.2487],[-111.6938,41.2499],[-111.6851,41.25],[-111.6785,41.2452],[-111.6741,41.2446],[-111.6722,41.2413],[-111.6575,41.2413],[-111.6544,41.2389],[-111.6525,41.2334],[-111.6487,41.2295],[-111.6428,41.2301],[-111.6389,41.2272],[-111.6306,41.2265],[-111.6283,41.2246],[-111.6219,41.2277],[-111.6156,41.2241],[-111.6105,41.2251],[-111.6089,41.2264],[-111.6093,41.2293],[-111.6046,41.2323],[-111.6027,41.2353],[-111.5916,41.2406],[-111.589,41.2409],[-111.5841,41.2384],[-111.5701,41.2388],[-111.5598,41.2399],[-111.5577,41.2422],[-111.5564,41.2477],[-111.5584,41.2595],[-111.56,41.2612],[-111.5571,41.2679],[-111.5597,41.2714],[-111.5626,41.2715],[-111.5673,41.2745],[-111.5686,41.2774],[-111.5727,41.2807],[-111.576,41.2877],[-111.5704,41.2943],[-111.5673,41.2959],[-111.5683,41.2979],[-111.5667,41.3043],[-111.5644,41.3063],[-111.5636,41.3105],[-111.5691,41.31],[-111.5764,41.3059],[-111.5785,41.3032],[-111.5875,41.2986]]]}},{"type":"Feature","properties":{"huc12":"160201020702","name":"First Salt Creek-Frontal Willard Bay"},"geometry":{"type":"Polygon","coordinates":[[[-111.9748,41.424],[-111.9863,41.4291],[-111.9896,41.4264],[-112.0006,41.4232],[-112.0064,41.4237],[-112.0134,41.4209],[-112.02,41.42],[-112.0251,41.4173],[-112.028,41.4195],[-112.0408,41.4234],[-112.0556,41.4234],[-112.0669,41.4267],[-112.0821,41.4273],[-112.0842,41.426],[-112.0807,41.4262],[-112.0711,41.4206],[-112.0725,41.4188],[-112.0718,41.4175],[-112.132,41.3791],[-112.1351,41.3444],[-112.1284,41.3383],[-112.1173,41.3357],[-112.1187,41.3326],[-112.1136,41.3277],[-112.1176,41.3212],[-112.1192,41.315],[-112.1242,41.3077],[-112.1219,41.3054],[-112.1162,41.3049],[-112.1127,41.301],[-112.1167,41.2931],[-112.1155,41.2884],[-112.1191,41.2859],[-112.1193,41.2767],[-112.1053,41.2756],[-112.1021,41.2792],[-112.0926,41.2831],[-112.0916,41.2845],[-112.0935,41.2919],[-112.0905,41.2955],[-112.0545,41.3017],[-112.0536,41.3045],[-112.058,41.3119],[-112.0559,41.3151],[-112.0394,41.3191],[-112.0361,41.3212],[-112.0358,41.324],[-112.0342,41.3252],[-112.0209,41.3243],[-112.0101,41.3338],[-112.0084,41.3374],[-112.0096,41.3405],[-112.009,41.3436],[-112.0048,41.3456],[-112.0037,41.3493],[-111.9958,41.3497],[-111.9932,41.3528],[-111.9781,41.3584],[-111.9702,41.3636],[-111.963,41.3652],[-111.9751,41.3776],[-111.9742,41.3823],[-111.9758,41.3844],[-111.9682,41.3923],[-111.9671,41.4044],[-111.9677,41.4099],[-111.9713,41.4142],[-111.972,41.4207],[-111.9748,41.424]]]}},{"type":"Feature","properties":{"huc12":"160201020701","name":"Second Salt Creek-Frontal Willard Bay"},"geometry":{"type":"Polygon","coordinates":[[[-112.1332,41.369],[-112.1402,41.3689],[-112.1629,41.3633],[-112.1654,41.3662],[-112.1646,41.3632],[-112.1707,41.3618],[-112.1756,41.3588],[-112.1825,41.3591],[-112.1842,41.3581],[-112.2047,41.3596],[-112.2368,41.3566],[-112.2383,41.3579],[-112.2377,41.3597],[-112.2391,41.3619],[-112.2403,41.3621],[-112.2401,41.3609],[-112.2428,41.3613],[-112.2415,41.3619],[-112.2505,41.3653],[-112.2496,41.3607],[-112.2444,41.3532],[-112.2347,41.347],[-112.2154,41.3402],[-112.2077,41.3309],[-112.1957,41.3234],[-112.195,41.3207],[-112.1915,41.3183],[-112.1914,41.3158],[-112.1828,41.3113],[-112.1833,41.3072],[-112.1712,41.3019],[-112.162,41.3004],[-112.1601,41.2971],[-112.1549,41.2966],[-112.1515,41.2981],[-112.1439,41.2961],[-112.1394,41.2972],[-112.1376,41.2948],[-112.1372,41.2913],[-112.1292,41.2885],[-112.1272,41.2866],[-112.1191,41.2859],[-112.1155,41.2884],[-112.1167,41.2931],[-112.1127,41.301],[-112.1162,41.3049],[-112.1219,41.3054],[-112.1242,41.3077],[-112.1192,41.315],[-112.1176,41.3212],[-112.1136,41.3277],[-112.1187,41.3326],[-112.1173,41.3357],[-112.1284,41.3383],[-112.1351,41.3444],[-112.1332,41.369]]]}},{"type":"Feature","properties":{"huc12":"160201020703","name":"Little Weber Creek-Frontal Great Salt Lake"},"geometry":{"type":"Polygon","coordinates":[[[-112.1191,41.2859],[-112.1272,41.2866],[-112.1292,41.2885],[-112.1372,41.2913],[-112.1376,41.2948],[-112.1394,41.2972],[-112.1439,41.2961],[-112.1515,41.2981],[-112.1549,41.2966],[-112.1601,41.2971],[-112.162,41.3004],[-112.1712,41.3019],[-112.1833,41.3072],[-112.1828,41.3113],[-112.1914,41.3158],[-112.1915,41.3183],[-112.195,41.3207],[-112.1957,41.3234],[-112.2077,41.3309],[-112.2154,41.3402],[-112.2347,41.347],[-112.2444,41.3532],[-112.2496,41.3607],[-112.2505,41.3653],[-112.2593,41.3616],[-112.2602,41.3588],[-112.2591,41.359],[-112.26,41.3573],[-112.2586,41.3575],[-112.2599,41.357],[-112.2623,41.3515],[-112.2614,41.3497],[-112.263,41.3452],[-112.2724,41.3371],[-112.2761,41.3294],[-112.2845,41.3207],[-112.2907,41.302],[-112.2922,41.2854],[-112.2908,41.2749],[-112.2878,41.2664],[-112.2768,41.2566],[-112.2746,41.2523],[-112.2749,41.2461],[-112.2728,41.2446],[-112.2734,41.2436],[-112.2691,41.2362],[-112.2706,41.2323],[-112.2582,41.2236],[-112.2508,41.2217],[-112.2494,41.22],[-112.2348,41.2323],[-112.2272,41.2365],[-112.2247,41.24],[-112.2233,41.2449],[-112.2242,41.2469],[-112.2296,41.2519],[-112.2342,41.2543],[-112.2235,41.2542],[-112.2175,41.2513],[-112.2154,41.2517],[-112.2149,41.2537],[-112.2129,41.254],[-112.2084,41.2519],[-112.2016,41.2528],[-112.1999,41.2537],[-112.1992,41.2569],[-112.198,41.2567],[-112.1979,41.2592],[-112.1949,41.2588],[-112.1932,41.2608],[-112.1906,41.2592],[-112.1865,41.2601],[-112.1847,41.268],[-112.1825,41.2701],[-112.1669,41.2694],[-112.1618,41.2672],[-112.1598,41.2626],[-112.1595,41.2515],[-112.1522,41.2447],[-112.1377,41.2445],[-112.1295,41.2497],[-112.1216,41.2488],[-112.1179,41.2571],[-112.1076,41.2614],[-112.108,41.2643],[-112.1059,41.2674],[-112.1053,41.2756],[-112.1193,41.2767],[-112.1191,41.2859]]]}},{"type":"Feature","properties":{"huc12":"160202030306","name":"Spring Creek-Provo River"},"geometry":{"type":"Polygon","coordinates":[[[-111.3993,40.5738],[-111.4013,40.5742],[-111.4028,40.5709],[-111.4085,40.5673],[-111.4112,40.5669],[-111.4127,40.5642],[-111.4203,40.5592],[-111.4272,40.5585],[-111.4316,40.5544],[-111.431,40.5524],[-111.4333,40.545],[-111.4353,40.5297],[-111.4414,40.5135],[-111.4446,40.5002],[-111.4489,40.4963],[-111.4515,40.4976],[-111.4537,40.5007],[-111.4612,40.4986],[-111.4592,40.4974],[-111.4637,40.494],[-111.4663,40.4841],[-111.4713,40.4803],[-111.4653,40.4798],[-111.4548,40.4747],[-111.4448,40.4738],[-111.4335,40.4749],[-111.4236,40.4697],[-111.4043,40.4698],[-111.3939,40.4657],[-111.3821,40.4632],[-111.377,40.4628],[-111.3731,40.4653],[-111.3773,40.4689],[-111.385,40.4714],[-111.387,40.4785],[-111.3959,40.4856],[-111.4172,40.4922],[-111.4259,40.4927],[-111.4376,40.4988],[-111.4417,40.5046],[-111.4415,40.5059],[-111.4317,40.5071],[-111.4341,40.5108],[-111.4306,40.5126],[-111.4236,40.5125],[-111.4175,40.51],[-111.4022,40.5074],[-111.3729,40.5052],[-111.3709,40.5063],[-111.3698,40.5095],[-111.3674,40.5104],[-111.3643,40.5162],[-111.3593,40.5204],[-111.3581,40.5235],[-111.3619,40.5283],[-111.3742,40.5359],[-111.3711,40.5408],[-111.3729,40.5418],[-111.375,40.5453],[-111.3748,40.547],[-111.3775,40.5499],[-111.3767,40.556],[-111.378,40.5586],[-111.3812,40.5596],[-111.3922,40.571],[-111.3993,40.5738]]]}},{"type":"Feature","properties":{"huc12":"160202030304","name":"Cottonwood Canyon-Provo River"},"geometry":{"type":"Polygon","coordinates":[[[-111.4154,40.5998],[-111.4159,40.6072],[-111.4183,40.6099],[-111.4264,40.6127],[-111.4297,40.6119],[-111.436,40.6135],[-111.4386,40.6123],[-111.4428,40.6051],[-111.4472,40.6055],[-111.4501,40.6044],[-111.4544,40.6062],[-111.4594,40.6062],[-111.4675,40.6033],[-111.4698,40.6012],[-111.4828,40.6029],[-111.4879,40.6008],[-111.49,40.5985],[-111.4936,40.5867],[-111.4863,40.5851],[-111.4831,40.5801],[-111.4791,40.5788],[-111.4764,40.5733],[-111.4771,40.5687],[-111.4755,40.5606],[-111.4792,40.5566],[-111.4796,40.5544],[-111.476,40.5476],[-111.4813,40.5453],[-111.4804,40.5408],[-111.4823,40.5324],[-111.4814,40.5291],[-111.4754,40.5205],[-111.4757,40.5165],[-111.4743,40.5143],[-111.4736,40.5077],[-111.4689,40.5002],[-111.4612,40.4986],[-111.4537,40.5007],[-111.4515,40.4976],[-111.4489,40.4963],[-111.4446,40.5002],[-111.4414,40.5135],[-111.4353,40.5297],[-111.4333,40.545],[-111.431,40.5524],[-111.4316,40.5544],[-111.4272,40.5585],[-111.4203,40.5592],[-111.4127,40.5642],[-111.4112,40.5669],[-111.4085,40.5673],[-111.4024,40.5713],[-111.4013,40.5742],[-111.4029,40.5771],[-111.4176,40.5892],[-111.415,40.5922],[-111.4154,40.5998]]]}},{"type":"Feature","properties":{"huc12":"160202030405","name":"Deer Creek Reservoir-Provo River"},"geometry":{"type":"Polygon","coordinates":[[[-111.4713,40.4803],[-111.4727,40.4873],[-111.4768,40.4916],[-111.4917,40.4972],[-111.4988,40.5032],[-111.5078,40.5041],[-111.5165,40.5079],[-111.5264,40.5079],[-111.5288,40.5011],[-111.527,40.496],[-111.5274,40.4901],[-111.5314,40.4806],[-111.5317,40.4736],[-111.538,40.4643],[-111.5374,40.4608],[-111.5346,40.458],[-111.5365,40.4569],[-111.5366,40.4536],[-111.5326,40.4496],[-111.5321,40.4447],[-111.5383,40.4406],[-111.5406,40.4312],[-111.5361,40.4254],[-111.5356,40.422],[-111.5325,40.4198],[-111.5364,40.4144],[-111.5323,40.4105],[-111.5312,40.4037],[-111.521,40.3989],[-111.5214,40.3939],[-111.519,40.3875],[-111.5131,40.3844],[-111.5092,40.3789],[-111.4982,40.3765],[-111.4937,40.3743],[-111.4919,40.3718],[-111.4802,40.3843],[-111.4799,40.3926],[-111.4831,40.3959],[-111.4833,40.4059],[-111.4821,40.4112],[-111.476,40.4176],[-111.4733,40.4179],[-111.4719,40.4194],[-111.4654,40.4384],[-111.4565,40.444],[-111.4538,40.4487],[-111.449,40.4511],[-111.4605,40.4537],[-111.4649,40.4564],[-111.467,40.4599],[-111.4737,40.4609],[-111.4685,40.4629],[-111.452,40.4646],[-111.4399,40.4696],[-111.4218,40.4686],[-111.4185,40.4694],[-111.4265,40.4705],[-111.43,40.4737],[-111.4335,40.4749],[-111.4448,40.4738],[-111.4548,40.4747],[-111.4653,40.4798],[-111.4713,40.4803]]]}},{"type":"Feature","properties":{"huc12":"160202030401","name":"Daniels Creek"},"geometry":{"type":"Polygon","coordinates":[[[-111.3731,40.4653],[-111.3751,40.4634],[-111.3783,40.4628],[-111.3924,40.4653],[-111.4043,40.4698],[-111.4218,40.4686],[-111.4383,40.4697],[-111.452,40.4646],[-111.4685,40.4629],[-111.4738,40.4607],[-111.467,40.4599],[-111.4649,40.4564],[-111.4605,40.4537],[-111.449,40.4514],[-111.4418,40.4518],[-111.4343,40.4467],[-111.4319,40.4402],[-111.4266,40.4366],[-111.4127,40.4367],[-111.4088,40.4342],[-111.3998,40.4326],[-111.3936,40.4248],[-111.3893,40.423],[-111.3853,40.4181],[-111.3791,40.4174],[-111.3742,40.4134],[-111.3636,40.3987],[-111.3504,40.3906],[-111.3494,40.3887],[-111.3498,40.3842],[-111.3447,40.3794],[-111.3426,40.3748],[-111.3385,40.3741],[-111.3308,40.3752],[-111.3292,40.3698],[-111.3322,40.3654],[-111.3311,40.3589],[-111.3283,40.3572],[-111.3242,40.3495],[-111.3174,40.3421],[-111.3109,40.3421],[-111.3047,40.3383],[-111.2971,40.3236],[-111.3004,40.3185],[-111.2962,40.3134],[-111.2963,40.3095],[-111.2845,40.3034],[-111.2815,40.2997],[-111.2776,40.2979],[-111.2688,40.2996],[-111.2641,40.2987],[-111.2566,40.2995],[-111.2514,40.2978],[-111.2504,40.304],[-111.2469,40.3044],[-111.2456,40.3076],[-111.2498,40.3102],[-111.2502,40.314],[-111.2533,40.3167],[-111.2525,40.3215],[-111.2538,40.3241],[-111.2455,40.3321],[-111.2437,40.3356],[-111.2456,40.3394],[-111.2443,40.3414],[-111.2476,40.3448],[-111.242,40.3481],[-111.2414,40.3506],[-111.2431,40.3537],[-111.2425,40.3565],[-111.2445,40.3641],[-111.2444,40.3677],[-111.2423,40.3718],[-111.2432,40.3745],[-111.2417,40.3831],[-111.2426,40.3856],[-111.2388,40.3947],[-111.2357,40.3989],[-111.2387,40.4019],[-111.2399,40.4055],[-111.2445,40.4076],[-111.2494,40.4063],[-111.2548,40.4119],[-111.2652,40.4114],[-111.2786,40.4164],[-111.2989,40.4134],[-111.3223,40.4209],[-111.3273,40.4261],[-111.332,40.4286],[-111.3338,40.4343],[-111.3421,40.439],[-111.3476,40.4462],[-111.3564,40.4519],[-111.3594,40.4527],[-111.3672,40.4588],[-111.3691,40.4647],[-111.3731,40.4653]]]}},{"type":"Feature","properties":{"huc12":"160202030402","name":"Little Hobble Creek"},"geometry":{"type":"Polygon","coordinates":[[[-111.3742,40.297],[-111.3754,40.303],[-111.3722,40.3057],[-111.3707,40.3095],[-111.3752,40.3103],[-111.3833,40.3145],[-111.3895,40.3157],[-111.3927,40.3199],[-111.3936,40.3247],[-111.3962,40.3263],[-111.3933,40.3409],[-111.3985,40.3474],[-111.3981,40.3546],[-111.4004,40.3591],[-111.407,40.3662],[-111.4192,40.3741],[-111.4229,40.3792],[-111.4322,40.3844],[-111.4293,40.3777],[-111.4352,40.3577],[-111.4422,40.3539],[-111.4435,40.3509],[-111.447,40.3489],[-111.4659,40.3462],[-111.4542,40.3373],[-111.4498,40.3315],[-111.4451,40.3283],[-111.4441,40.3253],[-111.4381,40.3213],[-111.4382,40.3203],[-111.4411,40.32],[-111.4428,40.317],[-111.4422,40.3147],[-111.4483,40.3092],[-111.4503,40.3053],[-111.4575,40.3003],[-111.4522,40.297],[-111.4516,40.2932],[-111.4421,40.2898],[-111.4336,40.2919],[-111.4264,40.2869],[-111.4129,40.2894],[-111.4104,40.2951],[-111.4023,40.2959],[-111.3967,40.2923],[-111.3923,40.2962],[-111.3817,40.2944],[-111.3785,40.2972],[-111.3742,40.297]]]}},{"type":"Feature","properties":{"huc12":"160202030403","name":"Upper Main Creek"},"geometry":{"type":"Polygon","coordinates":[[[-111.2968,40.3103],[-111.2962,40.3134],[-111.3004,40.3185],[-111.2971,40.3236],[-111.3047,40.3383],[-111.3109,40.3421],[-111.3174,40.3421],[-111.3242,40.3495],[-111.3283,40.3572],[-111.3311,40.3589],[-111.3322,40.3654],[-111.3292,40.3698],[-111.3308,40.3752],[-111.3385,40.3741],[-111.3426,40.3748],[-111.3447,40.3794],[-111.3498,40.3842],[-111.3494,40.3887],[-111.3504,40.3906],[-111.3636,40.3987],[-111.3673,40.4051],[-111.3791,40.4174],[-111.3861,40.4189],[-111.3862,40.4167],[-111.3887,40.4145],[-111.4026,40.4115],[-111.4142,40.406],[-111.4197,40.4063],[-111.4183,40.4013],[-111.4158,40.4003],[-111.4143,40.3976],[-111.4147,40.3952],[-111.4122,40.3913],[-111.4118,40.3868],[-111.4191,40.3821],[-111.43,40.3855],[-111.4322,40.3844],[-111.4229,40.3792],[-111.4192,40.3741],[-111.407,40.3662],[-111.4004,40.3591],[-111.3981,40.3546],[-111.3985,40.3474],[-111.3933,40.3409],[-111.3962,40.3263],[-111.3936,40.3247],[-111.3927,40.3199],[-111.3895,40.3157],[-111.3833,40.3145],[-111.3752,40.3103],[-111.3707,40.3095],[-111.3722,40.3057],[-111.3754,40.303],[-111.3755,40.3],[-111.3742,40.297],[-111.3693,40.2925],[-111.3599,40.2884],[-111.3522,40.2896],[-111.3453,40.2873],[-111.3372,40.2883],[-111.3278,40.2822],[-111.326,40.2825],[-111.3221,40.2872],[-111.3136,40.2876],[-111.3099,40.29],[-111.3083,40.2976],[-111.305,40.2991],[-111.2968,40.3103]]]}},{"type":"Feature","properties":{"huc12":"160202030404","name":"Lower Main Creek"},"geometry":{"type":"Polygon","coordinates":[[[-111.3861,40.4189],[-111.3893,40.423],[-111.3936,40.4248],[-111.3961,40.4289],[-111.4012,40.4334],[-111.405,40.4331],[-111.4127,40.4367],[-111.4266,40.4366],[-111.4319,40.4402],[-111.434,40.4461],[-111.4367,40.4488],[-111.4426,40.4521],[-111.4484,40.4517],[-111.4538,40.4487],[-111.4565,40.444],[-111.4654,40.4384],[-111.4719,40.4194],[-111.4733,40.4179],[-111.476,40.4176],[-111.4821,40.4112],[-111.4833,40.4059],[-111.4831,40.3959],[-111.4799,40.3926],[-111.4801,40.3847],[-111.4919,40.3718],[-111.4914,40.3698],[-111.4864,40.3628],[-111.477,40.3551],[-111.4742,40.3499],[-111.4718,40.3485],[-111.4659,40.3462],[-111.446,40.3493],[-111.4435,40.3509],[-111.4422,40.3539],[-111.4352,40.3577],[-111.4338,40.3602],[-111.433,40.3665],[-111.4293,40.3777],[-111.4319,40.3848],[-111.43,40.3855],[-111.4191,40.3821],[-111.4118,40.3868],[-111.4122,40.3913],[-111.4147,40.3952],[-111.4143,40.3976],[-111.4158,40.4003],[-111.4183,40.4013],[-111.4197,40.4063],[-111.4142,40.406],[-111.4026,40.4115],[-111.3887,40.4145],[-111.3862,40.4167],[-111.3861,40.4189]]]}},{"type":"Feature","properties":{"huc12":"160202030501","name":"Provo Deer Creek"},"geometry":{"type":"Polygon","coordinates":[[[-111.5264,40.5079],[-111.5314,40.5124],[-111.5323,40.5156],[-111.5367,40.5185],[-111.5356,40.5218],[-111.5398,40.5251],[-111.5391,40.529],[-111.5435,40.532],[-111.545,40.5385],[-111.5571,40.5435],[-111.5614,40.547],[-111.5677,40.5474],[-111.5708,40.5442],[-111.5708,40.54],[-111.5727,40.5376],[-111.5703,40.5345],[-111.571,40.5324],[-111.5697,40.5268],[-111.5717,40.52],[-111.5755,40.5167],[-111.5755,40.503],[-111.5792,40.5003],[-111.5744,40.493],[-111.5748,40.4869],[-111.5787,40.4819],[-111.5838,40.4795],[-111.5843,40.4767],[-111.595,40.4676],[-111.6087,40.4667],[-111.6099,40.4631],[-111.6145,40.4594],[-111.6149,40.4576],[-111.6204,40.455],[-111.6196,40.4529],[-111.621,40.4495],[-111.6184,40.4489],[-111.6159,40.4438],[-111.618,40.4393],[-111.6128,40.432],[-111.6085,40.4313],[-111.6003,40.4348],[-111.5958,40.4329],[-111.5924,40.4301],[-111.5916,40.4262],[-111.5887,40.4229],[-111.5887,40.4194],[-111.5862,40.4202],[-111.5853,40.4177],[-111.581,40.4165],[-111.5742,40.4089],[-111.5709,40.4077],[-111.5688,40.4037],[-111.5561,40.4052],[-111.5495,40.4025],[-111.5334,40.4019],[-111.5297,40.4028],[-111.5312,40.4037],[-111.5326,40.411],[-111.5364,40.4144],[-111.5325,40.4198],[-111.5356,40.422],[-111.5361,40.4254],[-111.5406,40.4312],[-111.5383,40.4406],[-111.5321,40.4447],[-111.5326,40.4496],[-111.5366,40.4536],[-111.5365,40.4569],[-111.5346,40.458],[-111.5374,40.4608],[-111.538,40.4643],[-111.5317,40.4736],[-111.5314,40.4806],[-111.5274,40.4901],[-111.527,40.496],[-111.5288,40.5011],[-111.5264,40.5079]]]}},{"type":"Feature","properties":{"huc12":"160202030502","name":"Big Spring Hollow-South Fork Provo River"},"geometry":{"type":"Polygon","coordinates":[[[-111.4659,40.3462],[-111.4737,40.3495],[-111.477,40.3551],[-111.4843,40.3614],[-111.4935,40.3561],[-111.496,40.3519],[-111.5017,40.3525],[-111.5076,40.3558],[-111.5176,40.3579],[-111.5221,40.3572],[-111.5243,40.3554],[-111.5358,40.3548],[-111.5373,40.3568],[-111.5426,40.3591],[-111.5573,40.3554],[-111.5646,40.3562],[-111.5668,40.3548],[-111.5725,40.3546],[-111.5768,40.356],[-111.5766,40.3496],[-111.575,40.3464],[-111.5759,40.3376],[-111.5745,40.3343],[-111.5747,40.3286],[-111.5816,40.3242],[-111.5899,40.3161],[-111.5886,40.307],[-111.5869,40.3045],[-111.5877,40.3013],[-111.586,40.2985],[-111.5839,40.2892],[-111.5779,40.2847],[-111.5707,40.2848],[-111.566,40.2821],[-111.5501,40.2778],[-111.5446,40.2718],[-111.5405,40.2694],[-111.5367,40.2712],[-111.5315,40.2717],[-111.5265,40.2744],[-111.5217,40.2821],[-111.5158,40.282],[-111.502,40.2851],[-111.4932,40.2904],[-111.4866,40.2886],[-111.4807,40.291],[-111.4719,40.2912],[-111.4617,40.2994],[-111.4575,40.3003],[-111.4505,40.3052],[-111.4483,40.3092],[-111.4422,40.3147],[-111.4428,40.317],[-111.4411,40.32],[-111.4381,40.3204],[-111.4383,40.3221],[-111.4441,40.3253],[-111.4451,40.3283],[-111.4498,40.3315],[-111.4538,40.337],[-111.4659,40.3462]]]}},{"type":"Feature","properties":{"huc12":"160202030503","name":"North Fork Provo River-Provo River"},"geometry":{"type":"Polygon","coordinates":[[[-111.5297,40.4028],[-111.5334,40.4019],[-111.5495,40.4025],[-111.5561,40.4052],[-111.5688,40.4037],[-111.5709,40.4077],[-111.5742,40.4089],[-111.581,40.4165],[-111.5853,40.4177],[-111.5862,40.4202],[-111.5887,40.4194],[-111.5887,40.4229],[-111.5916,40.4262],[-111.5926,40.4304],[-111.6003,40.4348],[-111.608,40.4314],[-111.6136,40.4316],[-111.6162,40.4285],[-111.617,40.4251],[-111.6194,40.4237],[-111.6195,40.419],[-111.6305,40.4136],[-111.6361,40.4064],[-111.6377,40.4028],[-111.6376,40.3995],[-111.6466,40.392],[-111.6438,40.3861],[-111.6395,40.384],[-111.6366,40.3844],[-111.6322,40.3802],[-111.6334,40.373],[-111.6293,40.3678],[-111.6212,40.3671],[-111.6165,40.37],[-111.5949,40.3688],[-111.5857,40.367],[-111.5776,40.3636],[-111.5743,40.3582],[-111.5768,40.356],[-111.5729,40.3546],[-111.5668,40.3548],[-111.5646,40.3562],[-111.5573,40.3554],[-111.5424,40.3591],[-111.5373,40.3568],[-111.5358,40.3548],[-111.5243,40.3554],[-111.5221,40.3572],[-111.5176,40.3579],[-111.5076,40.3558],[-111.5017,40.3525],[-111.496,40.3519],[-111.4935,40.3561],[-111.4846,40.3609],[-111.4937,40.3743],[-111.4982,40.3765],[-111.5083,40.3783],[-111.5131,40.3844],[-111.5186,40.3871],[-111.5214,40.3939],[-111.521,40.3989],[-111.5275,40.4029],[-111.5297,40.4028]]]}},{"type":"Feature","properties":{"huc12":"160202030504","name":"Pole Canyon-Provo River"},"geometry":{"type":"Polygon","coordinates":[[[-111.5768,40.356],[-111.5743,40.3582],[-111.5774,40.3633],[-111.5857,40.367],[-111.5949,40.3688],[-111.6165,40.37],[-111.6211,40.3672],[-111.6269,40.3669],[-111.6293,40.3678],[-111.6333,40.3727],[-111.6402,40.3697],[-111.6418,40.3672],[-111.6478,40.3635],[-111.6544,40.3532],[-111.6613,40.3485],[-111.6589,40.3467],[-111.6624,40.3398],[-111.6623,40.3362],[-111.66,40.3285],[-111.6572,40.3269],[-111.6628,40.3191],[-111.6684,40.3041],[-111.6751,40.2786],[-111.6782,40.2739],[-111.6636,40.2664],[-111.6617,40.2684],[-111.659,40.2775],[-111.6598,40.2846],[-111.6579,40.2879],[-111.6539,40.2883],[-111.6491,40.2914],[-111.647,40.2948],[-111.6264,40.3015],[-111.6198,40.2986],[-111.619,40.2932],[-111.6149,40.2922],[-111.6095,40.2818],[-111.6081,40.2813],[-111.6012,40.2835],[-111.5959,40.2877],[-111.5839,40.2892],[-111.586,40.2985],[-111.5877,40.3013],[-111.5869,40.3045],[-111.5886,40.307],[-111.5899,40.3161],[-111.5816,40.3242],[-111.5747,40.3286],[-111.5745,40.3343],[-111.5759,40.3376],[-111.575,40.3464],[-111.5766,40.3496],[-111.5768,40.356]]]}},{"type":"Feature","properties":{"huc12":"160202040101","name":"Rose Creek"},"geometry":{"type":"Polygon","coordinates":[[[-111.9676,40.5072],[-111.9859,40.508],[-111.9913,40.507],[-112.0042,40.5082],[-112.0205,40.5072],[-112.0383,40.4989],[-112.0558,40.4952],[-112.0609,40.4955],[-112.068,40.4918],[-112.0774,40.492],[-112.0853,40.4949],[-112.0881,40.4919],[-112.0912,40.4916],[-112.0951,40.4891],[-112.0995,40.4812],[-112.1054,40.4816],[-112.1095,40.4791],[-112.1157,40.4833],[-112.1199,40.4826],[-112.1278,40.4787],[-112.1308,40.4741],[-112.1344,40.4733],[-112.1388,40.4684],[-112.1238,40.4581],[-112.1194,40.4527],[-112.1143,40.4501],[-112.1135,40.4473],[-112.1145,40.4414],[-112.1121,40.4389],[-112.1016,40.4454],[-112.0923,40.448],[-112.0671,40.4463],[-112.0647,40.4491],[-112.061,40.4504],[-112.0592,40.453],[-112.046,40.4573],[-112.0383,40.4645],[-112.0332,40.4627],[-112.0256,40.4657],[-112.0228,40.4657],[-112.0192,40.4635],[-112.0125,40.4654],[-112.0057,40.4619],[-112.0031,40.4622],[-112.0006,40.4581],[-111.9963,40.4585],[-111.9927,40.4568],[-111.9905,40.4601],[-111.9786,40.4573],[-111.9647,40.4649],[-111.9573,40.4744],[-111.9495,40.4898],[-111.9363,40.4936],[-111.9337,40.4923],[-111.9321,40.4894],[-111.9304,40.4923],[-111.9404,40.5012],[-111.9466,40.5004],[-111.9676,40.5072]]]}},{"type":"Feature","properties":{"huc12":"160202040107","name":"Dry Creek-Jordan River"},"geometry":{"type":"Polygon","coordinates":[[[-111.83,40.5896],[-111.837,40.5885],[-111.8445,40.5912],[-111.8538,40.5908],[-111.8861,40.603],[-111.9009,40.6054],[-111.9071,40.6047],[-111.9179,40.6079],[-111.9249,40.6064],[-111.9267,40.6049],[-111.9244,40.5945],[-111.9245,40.59],[-111.9258,40.588],[-111.9581,40.577],[-111.9781,40.5735],[-111.9983,40.5674],[-112.0147,40.5654],[-112.0273,40.5585],[-112.0078,40.5542],[-111.9948,40.5539],[-111.9875,40.5567],[-111.9839,40.5552],[-111.9795,40.5576],[-111.9757,40.5575],[-111.9736,40.5615],[-111.9546,40.5651],[-111.9491,40.5648],[-111.9479,40.5667],[-111.944,40.5656],[-111.9389,40.5629],[-111.9346,40.5565],[-111.9243,40.5523],[-111.9214,40.5491],[-111.9122,40.5475],[-111.9104,40.5434],[-111.9103,40.538],[-111.9083,40.5361],[-111.9073,40.527],[-111.9013,40.522],[-111.8916,40.5191],[-111.8797,40.511],[-111.8512,40.5078],[-111.845,40.5053],[-111.8361,40.5039],[-111.8184,40.508],[-111.8144,40.5113],[-111.8102,40.5106],[-111.8075,40.5088],[-111.7959,40.5104],[-111.7835,40.5149],[-111.7812,40.5171],[-111.7813,40.5186],[-111.7784,40.5201],[-111.7698,40.5225],[-111.7627,40.5292],[-111.7579,40.5285],[-111.7521,40.5248],[-111.7438,40.5226],[-111.74,40.524],[-111.7369,40.528],[-111.7352,40.5357],[-111.7317,40.5378],[-111.7314,40.5435],[-111.7405,40.5556],[-111.7562,40.5611],[-111.7981,40.5708],[-111.8005,40.5747],[-111.7996,40.5767],[-111.8029,40.5837],[-111.8089,40.5868],[-111.83,40.5896]]]}},{"type":"Feature","properties":{"huc12":"160202040102","name":"Wood Hollow-Jordan River"},"geometry":{"type":"Polygon","coordinates":[[[-111.9321,40.4894],[-111.9337,40.4923],[-111.9363,40.4936],[-111.9495,40.4898],[-111.9573,40.4744],[-111.9647,40.4649],[-111.9786,40.4573],[-111.9905,40.4601],[-111.9927,40.4568],[-111.9963,40.4585],[-112.0006,40.4581],[-112.0031,40.4622],[-112.0057,40.4619],[-112.0113,40.4651],[-112.0192,40.4635],[-112.0228,40.4657],[-112.0256,40.4657],[-112.0332,40.4627],[-112.0326,40.4576],[-112.0304,40.4545],[-112.0315,40.451],[-112.0247,40.4504],[-112.0205,40.4473],[-112.0246,40.4449],[-112.0246,40.4435],[-112.0184,40.4364],[-112.0147,40.4352],[-112.0107,40.4371],[-112.0069,40.4353],[-112.0068,40.4339],[-112.009,40.4323],[-112.0062,40.4277],[-112.0019,40.4267],[-111.9994,40.4241],[-111.9929,40.4243],[-111.9921,40.42],[-111.9853,40.4184],[-111.9821,40.4143],[-111.9782,40.4172],[-111.9739,40.4173],[-111.9682,40.4197],[-111.9597,40.4186],[-111.9533,40.423],[-111.946,40.4249],[-111.944,40.4284],[-111.9386,40.4284],[-111.9344,40.4323],[-111.9258,40.4364],[-111.9244,40.442],[-111.9194,40.4432],[-111.9176,40.4462],[-111.9116,40.4497],[-111.9101,40.4536],[-111.9068,40.4555],[-111.9018,40.4625],[-111.8986,40.4635],[-111.9041,40.4656],[-111.9137,40.4739],[-111.9233,40.4794],[-111.9275,40.4852],[-111.9318,40.487],[-111.9321,40.4894]]]}},{"type":"Feature","properties":{"huc12":"160202040103","name":"Butterfield Creek"},"geometry":{"type":"Polygon","coordinates":[[[-111.9676,40.5072],[-111.9305,40.51],[-111.9282,40.5123],[-111.9246,40.5209],[-111.9215,40.5222],[-111.9321,40.5231],[-111.9438,40.5266],[-112.0091,40.5199],[-112.0207,40.5212],[-112.0316,40.5208],[-112.0596,40.5181],[-112.0638,40.5159],[-112.0714,40.5145],[-112.0774,40.5157],[-112.0848,40.5148],[-112.0926,40.5155],[-112.1093,40.5198],[-112.1157,40.5174],[-112.1251,40.5174],[-112.1278,40.5163],[-112.1329,40.5174],[-112.1351,40.5161],[-112.1366,40.5127],[-112.1348,40.5096],[-112.1364,40.5083],[-112.1356,40.5052],[-112.1393,40.5002],[-112.1447,40.5013],[-112.1524,40.5002],[-112.1546,40.5011],[-112.1636,40.4993],[-112.1673,40.5008],[-112.1759,40.5],[-112.1804,40.4977],[-112.1814,40.4939],[-112.1769,40.4852],[-112.1783,40.4821],[-112.1761,40.4791],[-112.1763,40.4767],[-112.1736,40.4754],[-112.1718,40.4717],[-112.1729,40.4669],[-112.1721,40.4656],[-112.1692,40.4636],[-112.1601,40.461],[-112.1565,40.464],[-112.156,40.4671],[-112.1532,40.4684],[-112.1505,40.4681],[-112.1455,40.4704],[-112.1388,40.4684],[-112.1344,40.4733],[-112.1308,40.4741],[-112.1278,40.4787],[-112.1199,40.4826],[-112.1157,40.4833],[-112.1095,40.4791],[-112.1054,40.4816],[-112.0997,40.4811],[-112.0951,40.4891],[-112.0912,40.4916],[-112.0881,40.4919],[-112.0853,40.4949],[-112.0774,40.492],[-112.068,40.4918],[-112.0609,40.4955],[-112.0558,40.4952],[-112.0383,40.4989],[-112.0205,40.5072],[-112.0042,40.5082],[-111.9913,40.507],[-111.9859,40.508],[-111.9676,40.5072]]]}},{"type":"Feature","properties":{"huc12":"160202040104","name":"Midas Creek"},"geometry":{"type":"Polygon","coordinates":[[[-111.9154,40.5484],[-111.9214,40.5491],[-111.9237,40.552],[-111.9358,40.5574],[-111.9404,40.564],[-111.9479,40.5667],[-111.9491,40.5648],[-111.9546,40.5651],[-111.9736,40.5615],[-111.9757,40.5575],[-111.9795,40.5576],[-111.9839,40.5552],[-111.9875,40.5567],[-111.9948,40.5539],[-112.0078,40.5542],[-112.0273,40.5585],[-112.03,40.5568],[-112.0387,40.5569],[-112.0432,40.5541],[-112.0533,40.5557],[-112.0579,40.555],[-112.0706,40.5578],[-112.0879,40.5559],[-112.0938,40.5577],[-112.0974,40.5571],[-112.103,40.5594],[-112.1115,40.5562],[-112.1192,40.5576],[-112.1292,40.5502],[-112.1328,40.5458],[-112.1331,40.5436],[-112.1371,40.5405],[-112.1358,40.5368],[-112.1384,40.5341],[-112.1375,40.5313],[-112.1387,40.5272],[-112.1366,40.5244],[-112.1378,40.5207],[-112.1344,40.5169],[-112.1157,40.5174],[-112.1093,40.5198],[-112.0926,40.5155],[-112.0852,40.5148],[-112.0774,40.5157],[-112.0706,40.5145],[-112.0638,40.5159],[-112.0596,40.5181],[-112.0316,40.5208],[-112.0207,40.5212],[-112.01,40.5198],[-111.9963,40.522],[-111.9761,40.5225],[-111.9591,40.5254],[-111.9539,40.5283],[-111.9411,40.5324],[-111.9271,40.5314],[-111.9253,40.5354],[-111.9245,40.547],[-111.9228,40.5483],[-111.9154,40.5484]]]}},{"type":"Feature","properties":{"huc12":"160202040201","name":"Headwaters Big Cottonwood Creek"},"geometry":{"type":"Polygon","coordinates":[[[-111.6045,40.6691],[-111.6165,40.6737],[-111.6223,40.6714],[-111.6277,40.6719],[-111.6339,40.6689],[-111.6407,40.6692],[-111.6441,40.665],[-111.6501,40.6698],[-111.652,40.673],[-111.6572,40.6744],[-111.6591,40.6726],[-111.6649,40.6725],[-111.6725,40.674],[-111.6786,40.6709],[-111.683,40.6706],[-111.6852,40.6681],[-111.6906,40.6653],[-111.6974,40.6634],[-111.7021,40.6585],[-111.7151,40.6598],[-111.7227,40.6649],[-111.726,40.6642],[-111.7306,40.6601],[-111.7376,40.6597],[-111.7449,40.6545],[-111.7506,40.6523],[-111.7511,40.6506],[-111.7551,40.6495],[-111.7602,40.6409],[-111.7591,40.6376],[-111.7728,40.6329],[-111.7746,40.6307],[-111.7749,40.6255],[-111.7821,40.6182],[-111.7794,40.6165],[-111.7796,40.615],[-111.7664,40.6112],[-111.7608,40.6123],[-111.7565,40.6096],[-111.7461,40.608],[-111.7412,40.6086],[-111.733,40.6023],[-111.7239,40.5999],[-111.7207,40.5938],[-111.7162,40.5906],[-111.7096,40.5913],[-111.7059,40.593],[-111.7047,40.5917],[-111.6915,40.5886],[-111.6843,40.5886],[-111.6807,40.5902],[-111.6629,40.5924],[-111.6551,40.5955],[-111.6528,40.595],[-111.6461,40.6007],[-111.642,40.599],[-111.6338,40.6006],[-111.626,40.5983],[-111.6144,40.6016],[-111.6093,40.5977],[-111.6081,40.5865],[-111.6064,40.5851],[-111.5988,40.5844],[-111.5982,40.578],[-111.5935,40.5771],[-111.5908,40.5802],[-111.5878,40.5813],[-111.5834,40.5811],[-111.5777,40.5835],[-111.572,40.5822],[-111.5683,40.5843],[-111.5641,40.5849],[-111.5599,40.5908],[-111.561,40.5935],[-111.5585,40.5999],[-111.5593,40.6016],[-111.5534,40.6106],[-111.5588,40.6133],[-111.5577,40.6195],[-111.5675,40.6232],[-111.5687,40.6291],[-111.5762,40.6328],[-111.5783,40.6442],[-111.5877,40.6497],[-111.5938,40.6516],[-111.596,40.6589],[-111.6002,40.6642],[-111.6042,40.6662],[-111.6045,40.6691]]]}},{"type":"Feature","properties":{"huc12":"160202040202","name":"Headwaters Little Cottonwood Creek"},"geometry":{"type":"Polygon","coordinates":[[[-111.5982,40.578],[-111.5988,40.5844],[-111.6064,40.5851],[-111.6081,40.5865],[-111.6093,40.5977],[-111.6144,40.6016],[-111.626,40.5983],[-111.6338,40.6006],[-111.642,40.599],[-111.6461,40.6007],[-111.6528,40.595],[-111.6551,40.5955],[-111.6629,40.5924],[-111.6807,40.5902],[-111.6847,40.5885],[-111.6938,40.5891],[-111.7047,40.5917],[-111.7059,40.593],[-111.7096,40.5913],[-111.7162,40.5906],[-111.7193,40.5934],[-111.7223,40.5937],[-111.7281,40.588],[-111.7358,40.5855],[-111.7468,40.5859],[-111.7486,40.5834],[-111.7513,40.5822],[-111.7664,40.5801],[-111.7733,40.582],[-111.7806,40.58],[-111.7845,40.5814],[-111.7938,40.5809],[-111.7987,40.5793],[-111.8005,40.5748],[-111.7981,40.5708],[-111.7562,40.5611],[-111.7405,40.5556],[-111.7316,40.5449],[-111.7316,40.538],[-111.7325,40.5365],[-111.7352,40.5357],[-111.7351,40.5327],[-111.7325,40.5304],[-111.7272,40.5294],[-111.7204,40.5252],[-111.7164,40.5276],[-111.7131,40.5327],[-111.7013,40.5337],[-111.6982,40.5357],[-111.6847,40.5313],[-111.6813,40.533],[-111.6786,40.5317],[-111.6758,40.5328],[-111.6726,40.5378],[-111.664,40.5413],[-111.6615,40.5466],[-111.6614,40.55],[-111.6566,40.5518],[-111.6501,40.5513],[-111.6463,40.5563],[-111.645,40.5608],[-111.6418,40.5623],[-111.6378,40.5681],[-111.6203,40.5653],[-111.6108,40.566],[-111.6057,40.5645],[-111.602,40.5696],[-111.6024,40.5751],[-111.5982,40.578]]]}},{"type":"Feature","properties":{"huc12":"160202040203","name":"Headwaters Barneys Creek"},"geometry":{"type":"Polygon","coordinates":[[[-112.0915,40.6249],[-112.0946,40.627],[-112.0996,40.6259],[-112.1017,40.6236],[-112.1251,40.6211],[-112.1294,40.6176],[-112.1293,40.6158],[-112.1349,40.6151],[-112.1526,40.6071],[-112.1604,40.6079],[-112.1643,40.6056],[-112.1753,40.6039],[-112.1763,40.5974],[-112.1776,40.5961],[-112.1759,40.5913],[-112.1759,40.5868],[-112.1738,40.5851],[-112.1692,40.586],[-112.1646,40.5851],[-112.159,40.5869],[-112.1485,40.5847],[-112.1472,40.5839],[-112.147,40.5784],[-112.1433,40.5776],[-112.1399,40.5734],[-112.1317,40.5792],[-112.1229,40.5832],[-112.0938,40.5825],[-112.0804,40.5839],[-112.0765,40.5857],[-112.0758,40.5878],[-112.0696,40.5879],[-112.0557,40.5921],[-112.0427,40.5938],[-112.0281,40.6006],[-112.0094,40.6053],[-112.0172,40.6068],[-112.0297,40.6064],[-112.0415,40.6107],[-112.0453,40.6143],[-112.0538,40.6147],[-112.0543,40.6163],[-112.063,40.6155],[-112.0683,40.6173],[-112.0749,40.6174],[-112.0751,40.6201],[-112.0768,40.6213],[-112.0892,40.6204],[-112.0922,40.6222],[-112.0915,40.6249]]]}},{"type":"Feature","properties":{"huc12":"160202040301","name":"Headwaters Mill Creek"},"geometry":{"type":"Polygon","coordinates":[[[-111.5997,40.6919],[-111.6042,40.6937],[-111.6077,40.6932],[-111.6108,40.6919],[-111.6134,40.6888],[-111.6182,40.6877],[-111.6328,40.6928],[-111.6422,40.6924],[-111.6461,40.6963],[-111.6526,40.6976],[-111.6594,40.7019],[-111.673,40.7035],[-111.6763,40.7068],[-111.6761,40.7103],[-111.6747,40.711],[-111.6755,40.7138],[-111.6809,40.7167],[-111.6954,40.7199],[-111.6989,40.7145],[-111.7029,40.7112],[-111.7079,40.7115],[-111.7102,40.715],[-111.7128,40.7159],[-111.7168,40.7156],[-111.7215,40.7125],[-111.7285,40.7156],[-111.7406,40.714],[-111.7481,40.7148],[-111.7581,40.7072],[-111.7652,40.7063],[-111.7715,40.7037],[-111.773,40.702],[-111.7725,40.698],[-111.7811,40.6943],[-111.7865,40.689],[-111.7691,40.6841],[-111.7617,40.6806],[-111.7551,40.6808],[-111.74,40.6768],[-111.7241,40.668],[-111.7225,40.6645],[-111.7159,40.6601],[-111.7021,40.6585],[-111.6974,40.6634],[-111.6906,40.6653],[-111.6852,40.6681],[-111.683,40.6706],[-111.6786,40.6709],[-111.6725,40.674],[-111.6649,40.6725],[-111.6591,40.6726],[-111.6572,40.6744],[-111.652,40.673],[-111.6501,40.6698],[-111.6441,40.665],[-111.6407,40.6692],[-111.6339,40.6689],[-111.6277,40.6719],[-111.6223,40.6714],[-111.6165,40.6737],[-111.6045,40.6691],[-111.6018,40.671],[-111.6019,40.6758],[-111.603,40.6775],[-111.6016,40.6798],[-111.6021,40.6849],[-111.5992,40.6904],[-111.5997,40.6919]]]}},{"type":"Feature","properties":{"huc12":"160202040302","name":"Headwaters Parleys Creek"},"geometry":{"type":"Polygon","coordinates":[[[-111.664,40.85],[-111.6742,40.8552],[-111.6833,40.8562],[-111.6865,40.8587],[-111.6907,40.8587],[-111.6956,40.8618],[-111.7012,40.8615],[-111.7067,40.8527],[-111.712,40.8519],[-111.7141,40.8484],[-111.7133,40.8464],[-111.7171,40.8412],[-111.7151,40.8381],[-111.7177,40.8347],[-111.7015,40.8297],[-111.6906,40.8238],[-111.6894,40.8192],[-111.6929,40.8156],[-111.6908,40.8123],[-111.6928,40.8067],[-111.6909,40.8034],[-111.6904,40.7959],[-111.6943,40.79],[-111.6982,40.7905],[-111.717,40.7774],[-111.719,40.774],[-111.7228,40.7718],[-111.7223,40.769],[-111.7263,40.7681],[-111.7321,40.7645],[-111.7375,40.7644],[-111.744,40.7623],[-111.7462,40.7591],[-111.7499,40.7579],[-111.751,40.7555],[-111.7571,40.7525],[-111.762,40.7475],[-111.7701,40.7452],[-111.7805,40.7371],[-111.7834,40.7343],[-111.7835,40.7315],[-111.7911,40.7182],[-111.7965,40.7128],[-111.7967,40.7086],[-111.7772,40.7093],[-111.7733,40.7083],[-111.7647,40.7095],[-111.7586,40.7071],[-111.7481,40.7148],[-111.7406,40.714],[-111.7285,40.7156],[-111.7215,40.7125],[-111.7168,40.7156],[-111.7127,40.7159],[-111.7102,40.715],[-111.7079,40.7115],[-111.7026,40.7113],[-111.6954,40.7199],[-111.6809,40.7167],[-111.6755,40.7138],[-111.6747,40.711],[-111.6761,40.7103],[-111.6763,40.7068],[-111.673,40.7035],[-111.6594,40.7019],[-111.6526,40.6976],[-111.6461,40.6963],[-111.6422,40.6924],[-111.6328,40.6928],[-111.6232,40.6887],[-111.6174,40.6878],[-111.6132,40.6889],[-111.6081,40.6931],[-111.6042,40.6937],[-111.5997,40.6919],[-111.5949,40.6961],[-111.5927,40.6991],[-111.5947,40.7036],[-111.6115,40.7173],[-111.6118,40.7188],[-111.615,40.7195],[-111.615,40.722],[-111.6164,40.7231],[-111.6135,40.7281],[-111.6225,40.7299],[-111.6233,40.7312],[-111.6217,40.7379],[-111.6245,40.7394],[-111.6246,40.7408],[-111.6199,40.743],[-111.6174,40.7465],[-111.6223,40.7515],[-111.6233,40.7542],[-111.6211,40.7582],[-111.6254,40.761],[-111.6288,40.7604],[-111.6369,40.7631],[-111.6369,40.767],[-111.6385,40.7693],[-111.641,40.7712],[-111.6445,40.7711],[-111.6491,40.7734],[-111.6486,40.7757],[-111.6454,40.7789],[-111.6464,40.7826],[-111.6431,40.786],[-111.6488,40.7922],[-111.6463,40.7977],[-111.6412,40.799],[-111.6411,40.805],[-111.6424,40.806],[-111.6391,40.8097],[-111.6408,40.8155],[-111.6457,40.8206],[-111.6458,40.824],[-111.652,40.8241],[-111.6524,40.8272],[-111.6567,40.8304],[-111.6659,40.8307],[-111.6662,40.8345],[-111.6641,40.8413],[-111.6607,40.8452],[-111.664,40.85]]]}},{"type":"Feature","properties":{"huc12":"160202040303","name":"Emigration Creek"},"geometry":{"type":"Polygon","coordinates":[[[-111.7176,40.8345],[-111.7309,40.8347],[-111.7371,40.8262],[-111.7434,40.8224],[-111.7433,40.8167],[-111.7443,40.8155],[-111.7417,40.8088],[-111.7519,40.8039],[-111.7526,40.7984],[-111.7646,40.7942],[-111.7649,40.7924],[-111.7673,40.7905],[-111.7758,40.7852],[-111.7797,40.7842],[-111.7838,40.7815],[-111.7904,40.7743],[-111.7985,40.7705],[-111.7994,40.7654],[-111.8049,40.7601],[-111.8047,40.7562],[-111.8059,40.754],[-111.8041,40.751],[-111.7996,40.7482],[-111.7865,40.7507],[-111.7799,40.7485],[-111.771,40.7479],[-111.77,40.7452],[-111.7648,40.7459],[-111.7571,40.7525],[-111.751,40.7555],[-111.7499,40.7579],[-111.7462,40.7591],[-111.7437,40.7624],[-111.7321,40.7645],[-111.7263,40.7681],[-111.7226,40.7689],[-111.7228,40.7718],[-111.719,40.774],[-111.717,40.7774],[-111.7125,40.781],[-111.6982,40.7905],[-111.6943,40.79],[-111.6904,40.7959],[-111.6909,40.8034],[-111.6928,40.8067],[-111.6908,40.8123],[-111.6929,40.8156],[-111.6894,40.8192],[-111.6904,40.8235],[-111.7015,40.8297],[-111.7176,40.8345]]]}},{"type":"Feature","properties":{"huc12":"160202040304","name":"City Creek"},"geometry":{"type":"Polygon","coordinates":[[[-111.7389,40.8611],[-111.7474,40.8599],[-111.7487,40.8565],[-111.7525,40.853],[-111.755,40.8539],[-111.7601,40.8529],[-111.7684,40.8483],[-111.7716,40.8488],[-111.7747,40.8476],[-111.7783,40.8446],[-111.7818,40.8439],[-111.789,40.8456],[-111.8039,40.8386],[-111.8129,40.84],[-111.8175,40.8383],[-111.8217,40.8344],[-111.8282,40.8338],[-111.8304,40.8319],[-111.8376,40.8307],[-111.8418,40.8325],[-111.8441,40.832],[-111.846,40.8297],[-111.8536,40.8292],[-111.8573,40.8262],[-111.8585,40.823],[-111.8656,40.8222],[-111.8662,40.8201],[-111.8695,40.8188],[-111.871,40.816],[-111.8757,40.8156],[-111.8772,40.8108],[-111.8806,40.8073],[-111.8805,40.8047],[-111.8882,40.8005],[-111.8868,40.7981],[-111.8873,40.7965],[-111.8832,40.7913],[-111.8786,40.7902],[-111.8756,40.788],[-111.8722,40.7883],[-111.8633,40.7942],[-111.8622,40.7981],[-111.8551,40.7971],[-111.8526,40.799],[-111.8452,40.7972],[-111.8419,40.7977],[-111.8401,40.7965],[-111.8343,40.8007],[-111.8263,40.8017],[-111.8198,40.8072],[-111.8113,40.8069],[-111.8045,40.809],[-111.7943,40.8156],[-111.7811,40.8181],[-111.7793,40.8198],[-111.7718,40.8221],[-111.7588,40.8228],[-111.7567,40.8242],[-111.7436,40.8223],[-111.7371,40.8262],[-111.7306,40.8349],[-111.7176,40.8345],[-111.715,40.8382],[-111.7171,40.8412],[-111.7133,40.8464],[-111.7141,40.8484],[-111.712,40.8519],[-111.7178,40.8532],[-111.7208,40.8558],[-111.7254,40.8548],[-111.7389,40.8611]]]}},{"type":"Feature","properties":{"huc12":"160202040402","name":"Lee Creek"},"geometry":{"type":"Polygon","coordinates":[[[-112.0519,40.7744],[-112.0584,40.7718],[-112.0942,40.7704],[-112.0955,40.7699],[-112.0972,40.7656],[-112.0997,40.7566],[-112.0956,40.7428],[-112.0915,40.7201],[-112.0894,40.7158],[-112.088,40.7006],[-112.0895,40.6937],[-112.0876,40.6893],[-112.0882,40.6873],[-112.086,40.686],[-112.0823,40.6792],[-112.0865,40.663],[-112.0838,40.6577],[-112.087,40.6525],[-112.0865,40.6463],[-112.0905,40.6423],[-112.0949,40.6346],[-112.0975,40.6337],[-112.0979,40.6261],[-112.0801,40.6305],[-112.0739,40.6337],[-112.0575,40.6352],[-112.0568,40.6379],[-112.0387,40.648],[-112.0384,40.6503],[-112.0348,40.655],[-112.0267,40.6619],[-112.022,40.6696],[-112.0152,40.6766],[-112.0107,40.6915],[-112.0072,40.6972],[-112.0058,40.7077],[-112.0031,40.714],[-112.0043,40.7183],[-112.0033,40.7365],[-111.9973,40.7384],[-112.0012,40.7437],[-112.0069,40.7486],[-112.0109,40.7491],[-112.0189,40.7658],[-112.0259,40.7682],[-112.0321,40.7687],[-112.041,40.7737],[-112.0519,40.7744]]]}},{"type":"Feature","properties":{"huc12":"160202040305","name":"Outlet Mill Creek"},"geometry":{"type":"Polygon","coordinates":[[[-111.7733,40.7083],[-111.778,40.7066],[-111.7956,40.7061],[-111.8029,40.707],[-111.8087,40.7082],[-111.8124,40.7104],[-111.8231,40.7114],[-111.8259,40.7133],[-111.8417,40.7169],[-111.8496,40.721],[-111.8584,40.7225],[-111.8628,40.7208],[-111.867,40.7162],[-111.8833,40.7085],[-111.8867,40.7082],[-111.891,40.7107],[-111.9056,40.7131],[-111.9203,40.7115],[-111.9237,40.7098],[-111.9196,40.7057],[-111.9188,40.7015],[-111.9206,40.6994],[-111.9175,40.6947],[-111.9205,40.6864],[-111.9131,40.6837],[-111.9042,40.6838],[-111.8957,40.6871],[-111.8799,40.6849],[-111.8728,40.6875],[-111.8624,40.6876],[-111.8552,40.6812],[-111.839,40.6785],[-111.8345,40.6742],[-111.8287,40.6758],[-111.8201,40.6812],[-111.8086,40.6832],[-111.8049,40.6851],[-111.7917,40.6865],[-111.7829,40.6849],[-111.7809,40.6857],[-111.7789,40.6868],[-111.7865,40.689],[-111.7838,40.6924],[-111.7725,40.698],[-111.773,40.702],[-111.7711,40.7039],[-111.76,40.707],[-111.7647,40.7095],[-111.7733,40.7083]]]}},{"type":"Feature","properties":{"huc12":"160202040306","name":"Red Butte Creek-Emigration Creek"},"geometry":{"type":"Polygon","coordinates":[[[-111.7434,40.8224],[-111.7566,40.8242],[-111.7588,40.8228],[-111.772,40.8221],[-111.7793,40.8198],[-111.7811,40.8181],[-111.7943,40.8156],[-111.8056,40.8085],[-111.8113,40.8069],[-111.8198,40.8072],[-111.8263,40.8017],[-111.8343,40.8007],[-111.8401,40.7965],[-111.8419,40.7977],[-111.8452,40.7972],[-111.8526,40.799],[-111.8551,40.7971],[-111.8622,40.7981],[-111.8633,40.7942],[-111.8737,40.788],[-111.8836,40.7915],[-111.8873,40.7973],[-111.8894,40.7965],[-111.8908,40.7947],[-111.8866,40.7915],[-111.8857,40.7858],[-111.8887,40.7713],[-111.892,40.7645],[-111.8966,40.7602],[-111.899,40.7555],[-111.905,40.7531],[-111.8981,40.7455],[-111.8827,40.744],[-111.856,40.7294],[-111.8488,40.7295],[-111.8348,40.7394],[-111.8197,40.7414],[-111.7985,40.7396],[-111.7956,40.7375],[-111.788,40.737],[-111.7832,40.7346],[-111.7708,40.744],[-111.7707,40.7477],[-111.7799,40.7485],[-111.7865,40.7507],[-111.8011,40.7487],[-111.8058,40.7536],[-111.8049,40.7601],[-111.7994,40.7654],[-111.7985,40.7705],[-111.7904,40.7743],[-111.7838,40.7815],[-111.7797,40.7842],[-111.7758,40.7852],[-111.7673,40.7905],[-111.7649,40.7924],[-111.7646,40.7942],[-111.7526,40.7984],[-111.7519,40.8039],[-111.7417,40.8088],[-111.7443,40.8155],[-111.7433,40.8167],[-111.7434,40.8224]]]}},{"type":"Feature","properties":{"huc12":"160202040401","name":"Coon Creek"},"geometry":{"type":"Polygon","coordinates":[[[-112.0979,40.6261],[-112.0978,40.633],[-112.0949,40.6346],[-112.0905,40.6423],[-112.0867,40.6459],[-112.087,40.6528],[-112.0839,40.6563],[-112.084,40.6593],[-112.0865,40.663],[-112.0823,40.6792],[-112.0871,40.6871],[-112.0882,40.6873],[-112.0862,40.6825],[-112.0924,40.6665],[-112.0981,40.6637],[-112.1008,40.6606],[-112.1129,40.6557],[-112.1196,40.6589],[-112.1271,40.6574],[-112.1299,40.659],[-112.1382,40.6594],[-112.1455,40.6665],[-112.149,40.6678],[-112.1588,40.6674],[-112.1625,40.6685],[-112.1676,40.6732],[-112.1745,40.6695],[-112.1858,40.6756],[-112.1888,40.6746],[-112.1937,40.6759],[-112.2024,40.6748],[-112.2013,40.6639],[-112.2029,40.6541],[-112.2016,40.6513],[-112.1979,40.6484],[-112.198,40.6439],[-112.1952,40.64],[-112.1939,40.6355],[-112.1958,40.6329],[-112.1977,40.6252],[-112.1957,40.6211],[-112.1935,40.6201],[-112.1888,40.6144],[-112.1851,40.6141],[-112.182,40.6122],[-112.1787,40.6056],[-112.1753,40.6039],[-112.1643,40.6056],[-112.1604,40.6079],[-112.153,40.6069],[-112.1349,40.6151],[-112.1293,40.6158],[-112.1294,40.6176],[-112.1254,40.621],[-112.1017,40.6236],[-112.0979,40.6261]]]}},{"type":"Feature","properties":{"huc12":"160202040403","name":"Little Valley Wash-Frontal Great Salt Lake"},"geometry":{"type":"Polygon","coordinates":[[[-112.0519,40.7744],[-112.0541,40.7796],[-112.0608,40.7828],[-112.0647,40.783],[-112.0681,40.7817],[-112.0738,40.7822],[-112.0829,40.7785],[-112.0936,40.7828],[-112.0993,40.7874],[-112.1008,40.7908],[-112.1009,40.799],[-112.1106,40.812],[-112.1197,40.8179],[-112.1309,40.8202],[-112.1405,40.8243],[-112.1393,40.821],[-112.1426,40.8117],[-112.1413,40.8052],[-112.1385,40.8018],[-112.141,40.7971],[-112.1467,40.7909],[-112.1561,40.7849],[-112.1656,40.7747],[-112.1712,40.7741],[-112.173,40.7757],[-112.1737,40.7737],[-112.1701,40.772],[-112.1712,40.769],[-112.1743,40.7697],[-112.1747,40.7659],[-112.1783,40.7666],[-112.18,40.7654],[-112.1789,40.7649],[-112.1802,40.7619],[-112.1835,40.7591],[-112.1881,40.7491],[-112.1946,40.7413],[-112.2044,40.7346],[-112.2075,40.7339],[-112.2068,40.7325],[-112.2099,40.7328],[-112.212,40.7304],[-112.2199,40.7267],[-112.2228,40.7282],[-112.2211,40.7264],[-112.2222,40.7255],[-112.2257,40.7246],[-112.2278,40.7256],[-112.2267,40.7208],[-112.2234,40.717],[-112.2258,40.7113],[-112.2216,40.7045],[-112.2216,40.6961],[-112.2158,40.6926],[-112.2094,40.6856],[-112.2038,40.6829],[-112.2031,40.6818],[-112.2043,40.6779],[-112.2024,40.6748],[-112.1937,40.6759],[-112.1888,40.6746],[-112.1858,40.6756],[-112.1745,40.6695],[-112.1676,40.6732],[-112.1625,40.6685],[-112.1588,40.6674],[-112.1487,40.6677],[-112.142,40.6641],[-112.1382,40.6594],[-112.1299,40.659],[-112.1271,40.6574],[-112.1196,40.6589],[-112.1129,40.6557],[-112.103,40.6596],[-112.0924,40.6665],[-112.0861,40.6831],[-112.0895,40.6937],[-112.088,40.7006],[-112.0894,40.7158],[-112.0915,40.7201],[-112.0956,40.7428],[-112.0997,40.7566],[-112.0955,40.7699],[-112.0584,40.7718],[-112.0519,40.7744]]]}},{"type":"Feature","properties":{"huc12":"160202040404","name":"Crystal Creek-Frontal Great Salt Lake"},"geometry":{"type":"Polygon","coordinates":[[[-111.9688,40.7454],[-111.9719,40.7555],[-111.9696,40.7635],[-111.9698,40.7714],[-111.9762,40.776],[-111.9787,40.7837],[-111.99,40.7883],[-111.993,40.791],[-111.9931,40.7927],[-111.9876,40.7997],[-111.9737,40.8047],[-111.9678,40.8118],[-111.955,40.8152],[-111.9515,40.8173],[-111.9509,40.8191],[-111.953,40.8236],[-111.956,40.8409],[-111.9665,40.843],[-111.9823,40.8593],[-111.9813,40.8726],[-111.9776,40.8789],[-111.9748,40.8953],[-111.9771,40.9051],[-111.9812,40.9106],[-111.9882,40.9059],[-112.0002,40.9062],[-111.9997,40.9049],[-111.9954,40.9037],[-111.9936,40.9009],[-111.9986,40.9019],[-111.9974,40.9011],[-112.0022,40.9009],[-111.9999,40.8998],[-112.0009,40.8974],[-112.0045,40.899],[-112.0061,40.8987],[-112.0039,40.8969],[-112.0074,40.8967],[-112.0194,40.9015],[-112.0298,40.9023],[-112.0292,40.9],[-112.0375,40.899],[-112.0389,40.8969],[-112.0496,40.8965],[-112.0525,40.8922],[-112.0615,40.8915],[-112.0647,40.8904],[-112.0647,40.8881],[-112.069,40.8884],[-112.0703,40.8867],[-112.0704,40.8837],[-112.0752,40.884],[-112.0775,40.8869],[-112.0828,40.8844],[-112.084,40.8783],[-112.0925,40.8787],[-112.0927,40.8765],[-112.0879,40.8723],[-112.0998,40.8713],[-112.1018,40.8726],[-112.1054,40.8707],[-112.1071,40.8712],[-112.1035,40.872],[-112.1043,40.8742],[-112.111,40.8751],[-112.1172,40.8743],[-112.1185,40.8769],[-112.1357,40.8836],[-112.1388,40.8914],[-112.1467,40.8971],[-112.1494,40.9022],[-112.1543,40.9028],[-112.1557,40.8909],[-112.1547,40.8845],[-112.1579,40.8727],[-112.1535,40.8614],[-112.1638,40.8553],[-112.1645,40.8526],[-112.1622,40.8494],[-112.1586,40.8497],[-112.1576,40.847],[-112.1542,40.8441],[-112.1503,40.8433],[-112.1488,40.8385],[-112.1409,40.8362],[-112.1401,40.8324],[-112.1374,40.8312],[-112.1363,40.8271],[-112.1381,40.824],[-112.1405,40.8243],[-112.1309,40.8202],[-112.1197,40.8179],[-112.1106,40.812],[-112.1009,40.799],[-112.1008,40.7908],[-112.0982,40.7857],[-112.0829,40.7785],[-112.0738,40.7822],[-112.0681,40.7817],[-112.0647,40.783],[-112.0608,40.7828],[-112.0541,40.7796],[-112.0519,40.7744],[-112.041,40.7737],[-112.0321,40.7687],[-112.0259,40.7682],[-112.0189,40.7658],[-112.0109,40.7491],[-112.0069,40.7486],[-112.0012,40.7437],[-111.9973,40.7384],[-111.9851,40.7383],[-111.9782,40.7397],[-111.9688,40.7454]]]}},{"type":"Feature","properties":{"huc12":"140600040101","name":"Willow Creek-Strawberry River"},"geometry":{"type":"Polygon","coordinates":[[[-111.1856,40.4058],[-111.1899,40.4081],[-111.1985,40.4088],[-111.2023,40.4076],[-111.21,40.4125],[-111.2189,40.4151],[-111.2237,40.4187],[-111.2278,40.4135],[-111.2331,40.4125],[-111.2377,40.4097],[-111.2399,40.4042],[-111.2357,40.3989],[-111.2388,40.3947],[-111.2426,40.3856],[-111.2417,40.3831],[-111.2432,40.3745],[-111.2423,40.3718],[-111.2445,40.3669],[-111.2441,40.3607],[-111.2425,40.3565],[-111.2431,40.3537],[-111.2414,40.3506],[-111.242,40.3481],[-111.2476,40.3448],[-111.2443,40.3414],[-111.2456,40.3394],[-111.2437,40.3356],[-111.2455,40.3321],[-111.2538,40.3241],[-111.2525,40.3215],[-111.2533,40.3167],[-111.2502,40.314],[-111.2498,40.3102],[-111.2457,40.308],[-111.2462,40.3057],[-111.2475,40.304],[-111.2504,40.304],[-111.2516,40.2977],[-111.2566,40.2995],[-111.2641,40.2987],[-111.2688,40.2996],[-111.2776,40.2979],[-111.2815,40.2997],[-111.2845,40.3034],[-111.2973,40.3103],[-111.305,40.2991],[-111.3083,40.2976],[-111.3097,40.2902],[-111.315,40.2876],[-111.3077,40.2834],[-111.3072,40.2799],[-111.3089,40.2763],[-111.3081,40.2749],[-111.3024,40.2729],[-111.2981,40.273],[-111.2944,40.2708],[-111.2942,40.2655],[-111.2901,40.2663],[-111.287,40.2647],[-111.2794,40.2591],[-111.2774,40.2542],[-111.2714,40.2578],[-111.2607,40.259],[-111.2576,40.2639],[-111.2415,40.2697],[-111.2383,40.2738],[-111.2253,40.2757],[-111.2205,40.2909],[-111.2157,40.2917],[-111.2178,40.2941],[-111.2133,40.297],[-111.2096,40.296],[-111.2036,40.3002],[-111.1974,40.299],[-111.1945,40.3014],[-111.1904,40.3015],[-111.1861,40.3054],[-111.1837,40.3059],[-111.1808,40.3129],[-111.1748,40.3178],[-111.1762,40.3193],[-111.1759,40.322],[-111.1795,40.3256],[-111.1821,40.3401],[-111.1776,40.3413],[-111.1742,40.3449],[-111.1694,40.3468],[-111.1676,40.3495],[-111.1635,40.352],[-111.165,40.3533],[-111.1661,40.3596],[-111.1657,40.3624],[-111.1625,40.3675],[-111.1656,40.3726],[-111.1735,40.3737],[-111.1749,40.3761],[-111.1746,40.3816],[-111.1773,40.3881],[-111.1769,40.3901],[-111.1854,40.3946],[-111.1879,40.3973],[-111.1863,40.3994],[-111.1868,40.4021],[-111.1856,40.4058]]]}},{"type":"Feature","properties":{"huc12":"160202020104","name":"Mill Fork"},"geometry":{"type":"Polygon","coordinates":[[[-111.272,39.9079],[-111.2726,39.9127],[-111.2857,39.9244],[-111.2857,39.9363],[-111.2866,39.9378],[-111.291,39.9401],[-111.2987,39.9411],[-111.3045,39.9434],[-111.3063,39.9579],[-111.3103,39.9646],[-111.312,39.9654],[-111.3123,39.9577],[-111.3159,39.954],[-111.3162,39.9492],[-111.3182,39.947],[-111.3265,39.9447],[-111.33,39.9403],[-111.3296,39.9363],[-111.3343,39.9296],[-111.3324,39.9226],[-111.3334,39.9189],[-111.3385,39.9142],[-111.344,39.9158],[-111.3548,39.9011],[-111.3544,39.8959],[-111.3513,39.8919],[-111.352,39.8883],[-111.3497,39.8818],[-111.3489,39.874],[-111.3407,39.8717],[-111.3387,39.8677],[-111.3336,39.866],[-111.3301,39.8604],[-111.324,39.857],[-111.3174,39.8586],[-111.3149,39.858],[-111.3105,39.8725],[-111.3066,39.8783],[-111.2964,39.882],[-111.2844,39.8944],[-111.285,39.8972],[-111.2836,39.8993],[-111.2768,39.9032],[-111.272,39.9079]]]}},{"type":"Feature","properties":{"huc12":"160202020105","name":"Middle Soldier Creek"},"geometry":{"type":"Polygon","coordinates":[[[-111.2166,39.9493],[-111.2184,39.9534],[-111.2188,39.9617],[-111.22,39.9629],[-111.218,39.966],[-111.2196,39.9702],[-111.2225,39.9716],[-111.2307,39.9719],[-111.2403,39.9807],[-111.2474,39.9848],[-111.2505,39.9854],[-111.2516,39.9877],[-111.2552,39.9858],[-111.2585,39.9904],[-111.2632,39.9939],[-111.2695,39.9897],[-111.2794,39.9886],[-111.282,39.9865],[-111.2888,39.9862],[-111.2959,39.9833],[-111.2981,39.9775],[-111.3101,39.9684],[-111.3118,39.9657],[-111.3063,39.9579],[-111.3045,39.9434],[-111.2987,39.9411],[-111.291,39.9401],[-111.2866,39.9378],[-111.2857,39.9363],[-111.2857,39.9244],[-111.2726,39.9127],[-111.272,39.9079],[-111.2676,39.9099],[-111.2666,39.9133],[-111.2504,39.9261],[-111.242,39.9354],[-111.2338,39.9368],[-111.2255,39.9357],[-111.2192,39.939],[-111.2157,39.9446],[-111.2166,39.9493]]]}},{"type":"Feature","properties":{"huc12":"160202020106","name":"Lake Fork"},"geometry":{"type":"Polygon","coordinates":[[[-111.3548,39.9011],[-111.3601,39.901],[-111.3648,39.9035],[-111.3671,39.9027],[-111.3756,39.9049],[-111.3781,39.9102],[-111.3783,39.9153],[-111.3822,39.9169],[-111.3816,39.9193],[-111.3838,39.9212],[-111.3856,39.9316],[-111.3889,39.9341],[-111.388,39.952],[-111.3866,39.9555],[-111.3874,39.9596],[-111.3942,39.9593],[-111.4016,39.9626],[-111.4056,39.9658],[-111.4066,39.9692],[-111.4094,39.9705],[-111.4188,39.9708],[-111.4298,39.9771],[-111.4389,39.9847],[-111.444,39.9843],[-111.4466,39.9822],[-111.4559,39.9815],[-111.46,39.9823],[-111.4652,39.9877],[-111.4689,39.9874],[-111.4757,39.991],[-111.4768,39.9937],[-111.4805,39.9906],[-111.4795,39.9859],[-111.4866,39.9776],[-111.4822,39.9725],[-111.4819,39.9689],[-111.4839,39.9649],[-111.4832,39.9623],[-111.4849,39.9592],[-111.4838,39.9587],[-111.484,39.9569],[-111.4864,39.9519],[-111.4807,39.9503],[-111.4794,39.9485],[-111.4806,39.9372],[-111.4797,39.9286],[-111.4759,39.9275],[-111.4712,39.9231],[-111.4721,39.916],[-111.4692,39.9138],[-111.4695,39.9115],[-111.4662,39.9078],[-111.4667,39.9034],[-111.4627,39.9016],[-111.4568,39.9025],[-111.4427,39.901],[-111.4359,39.8977],[-111.4352,39.8881],[-111.4321,39.885],[-111.4327,39.881],[-111.4298,39.8788],[-111.432,39.8734],[-111.4302,39.8698],[-111.433,39.8681],[-111.4301,39.8655],[-111.429,39.8597],[-111.4257,39.858],[-111.4243,39.8556],[-111.4195,39.8555],[-111.416,39.8503],[-111.4105,39.8473],[-111.4046,39.8479],[-111.3962,39.8438],[-111.392,39.8436],[-111.3887,39.845],[-111.381,39.8424],[-111.3794,39.8365],[-111.3746,39.8344],[-111.3655,39.8347],[-111.3584,39.8318],[-111.3536,39.8333],[-111.3494,39.8317],[-111.3443,39.8325],[-111.3437,39.8342],[-111.3331,39.8374],[-111.3349,39.8419],[-111.334,39.8453],[-111.3321,39.8475],[-111.3264,39.8487],[-111.324,39.857],[-111.3301,39.8604],[-111.3336,39.866],[-111.3387,39.8677],[-111.3407,39.8717],[-111.3489,39.874],[-111.3497,39.8818],[-111.352,39.8883],[-111.3513,39.8919],[-111.3544,39.8959],[-111.3548,39.9011]]]}},{"type":"Feature","properties":{"huc12":"160202020107","name":"Lower Soldier Creek"},"geometry":{"type":"Polygon","coordinates":[[[-111.2459,40.0253],[-111.251,40.0249],[-111.265,40.0324],[-111.274,40.0312],[-111.2792,40.0277],[-111.2827,40.0302],[-111.284,40.0348],[-111.2875,40.0349],[-111.2922,40.0371],[-111.2919,40.0291],[-111.2945,40.0251],[-111.3012,40.0267],[-111.3062,40.0219],[-111.3092,40.0218],[-111.311,40.0221],[-111.3163,40.0277],[-111.3228,40.0221],[-111.3269,40.0221],[-111.333,40.0271],[-111.3362,40.0323],[-111.3381,40.0329],[-111.3406,40.038],[-111.3443,40.0371],[-111.351,40.0395],[-111.3528,40.0361],[-111.3574,40.0365],[-111.3639,40.0297],[-111.3658,40.0289],[-111.3679,40.0298],[-111.3701,40.0281],[-111.3757,40.0306],[-111.3817,40.0307],[-111.3864,40.0343],[-111.3938,40.0339],[-111.3967,40.0364],[-111.4137,40.037],[-111.4207,40.0312],[-111.4282,40.0325],[-111.432,40.0295],[-111.4334,40.0262],[-111.4377,40.0269],[-111.4465,40.0181],[-111.4532,40.0163],[-111.459,40.0117],[-111.4636,40.0128],[-111.4688,40.0116],[-111.4707,40.01],[-111.4771,40.0093],[-111.4885,40.0049],[-111.4937,40.0002],[-111.4959,40.0001],[-111.4968,39.9954],[-111.4985,39.995],[-111.4964,39.9914],[-111.4966,39.9889],[-111.4866,39.9776],[-111.4796,39.9858],[-111.4805,39.9906],[-111.4768,39.9937],[-111.4757,39.991],[-111.4689,39.9874],[-111.4647,39.9874],[-111.4594,39.982],[-111.4518,39.9814],[-111.4459,39.9824],[-111.444,39.9843],[-111.4389,39.9847],[-111.4298,39.9771],[-111.4188,39.9708],[-111.4094,39.9705],[-111.4066,39.9692],[-111.4056,39.9658],[-111.4016,39.9626],[-111.3942,39.9593],[-111.3874,39.9596],[-111.3866,39.9555],[-111.388,39.952],[-111.3889,39.9341],[-111.3856,39.9316],[-111.3838,39.9212],[-111.3816,39.9193],[-111.3822,39.9169],[-111.3783,39.9153],[-111.3781,39.9102],[-111.3756,39.9049],[-111.3671,39.9027],[-111.3648,39.9035],[-111.3601,39.901],[-111.3548,39.9011],[-111.344,39.9158],[-111.3385,39.9142],[-111.3334,39.9189],[-111.3324,39.9226],[-111.3343,39.9296],[-111.3296,39.9363],[-111.33,39.9403],[-111.3265,39.9447],[-111.3182,39.947],[-111.3162,39.9492],[-111.3159,39.954],[-111.3123,39.9577],[-111.3125,39.9649],[-111.3103,39.9682],[-111.2992,39.9764],[-111.2959,39.9833],[-111.2888,39.9862],[-111.282,39.9865],[-111.2794,39.9886],[-111.2685,39.9901],[-111.2582,39.9981],[-111.2565,40.002],[-111.2517,40.0032],[-111.251,40.004],[-111.2533,40.0111],[-111.2509,40.0137],[-111.2459,40.0253]]]}},{"type":"Feature","properties":{"huc12":"160202020404","name":"Outlet Right Fork Hobble Creek"},"geometry":{"type":"Polygon","coordinates":[[[-111.3584,40.2486],[-111.375,40.2494],[-111.3803,40.2468],[-111.3849,40.2526],[-111.3903,40.2556],[-111.3948,40.2552],[-111.3985,40.2529],[-111.4006,40.2473],[-111.4097,40.2466],[-111.4138,40.2448],[-111.414,40.2417],[-111.4209,40.2309],[-111.4208,40.2249],[-111.426,40.2147],[-111.4334,40.2157],[-111.4376,40.2089],[-111.4435,40.2084],[-111.4472,40.2064],[-111.4531,40.1978],[-111.4598,40.1942],[-111.4639,40.1944],[-111.473,40.2007],[-111.4775,40.198],[-111.4801,40.1949],[-111.4844,40.1856],[-111.4838,40.1785],[-111.4909,40.1722],[-111.4939,40.1715],[-111.498,40.1635],[-111.4945,40.1609],[-111.4949,40.1578],[-111.4918,40.1541],[-111.4834,40.1523],[-111.4807,40.1492],[-111.4794,40.1368],[-111.4777,40.1335],[-111.4733,40.1303],[-111.4732,40.1248],[-111.4654,40.1212],[-111.4635,40.1287],[-111.4602,40.1314],[-111.4596,40.1346],[-111.457,40.1345],[-111.4519,40.1373],[-111.449,40.1441],[-111.4382,40.15],[-111.4359,40.1536],[-111.43,40.1576],[-111.4259,40.1565],[-111.4237,40.16],[-111.4235,40.1658],[-111.422,40.1683],[-111.4145,40.1669],[-111.4122,40.168],[-111.4099,40.1649],[-111.4065,40.1656],[-111.3985,40.1722],[-111.4022,40.1752],[-111.4024,40.1783],[-111.4057,40.1804],[-111.4063,40.1832],[-111.4045,40.1869],[-111.3993,40.1917],[-111.3924,40.1939],[-111.3929,40.1976],[-111.3892,40.2024],[-111.3892,40.2073],[-111.3858,40.2119],[-111.3896,40.2222],[-111.3864,40.2238],[-111.3862,40.2269],[-111.3849,40.2283],[-111.3759,40.2304],[-111.3736,40.2347],[-111.3693,40.2356],[-111.3667,40.2401],[-111.3642,40.2408],[-111.3584,40.2486]]]}},{"type":"Feature","properties":{"huc12":"160202020501","name":"Upper Spanish Fork"},"geometry":{"type":"Polygon","coordinates":[[[-111.4636,40.0128],[-111.4743,40.02],[-111.483,40.0226],[-111.4861,40.0271],[-111.5059,40.0262],[-111.5071,40.0319],[-111.5061,40.0395],[-111.5025,40.0452],[-111.5118,40.0507],[-111.5054,40.0585],[-111.5074,40.0614],[-111.5086,40.074],[-111.5116,40.0786],[-111.5121,40.0814],[-111.5168,40.0831],[-111.5193,40.0862],[-111.5243,40.0859],[-111.5276,40.0878],[-111.5373,40.0809],[-111.5359,40.0778],[-111.5333,40.0761],[-111.5327,40.0732],[-111.5333,40.0693],[-111.5355,40.066],[-111.5348,40.0632],[-111.541,40.0505],[-111.5416,40.0464],[-111.5501,40.041],[-111.5573,40.0403],[-111.5653,40.0375],[-111.5729,40.0382],[-111.5776,40.0366],[-111.582,40.032],[-111.5889,40.0323],[-111.5916,40.0269],[-111.5952,40.0252],[-111.5961,40.0221],[-111.5952,40.017],[-111.5979,40.0119],[-111.5938,40.0081],[-111.5931,40.0044],[-111.5889,39.9999],[-111.5886,39.998],[-111.5772,39.9951],[-111.5703,39.9895],[-111.5645,39.991],[-111.55,39.9981],[-111.5445,39.9985],[-111.5371,39.9978],[-111.5344,39.9965],[-111.5331,39.9939],[-111.5282,39.9921],[-111.5254,39.9924],[-111.5189,39.9882],[-111.5132,39.9899],[-111.5055,39.996],[-111.5019,39.9948],[-111.4969,39.9951],[-111.4959,40.0001],[-111.4937,40.0002],[-111.4889,40.0047],[-111.4831,40.0073],[-111.4636,40.0128]]]}},{"type":"Feature","properties":{"huc12":"160202020301","name":"Sixth Water Creek"},"geometry":{"type":"Polygon","coordinates":[[[-111.2274,40.1616],[-111.2254,40.167],[-111.2349,40.1757],[-111.2351,40.1802],[-111.2389,40.1829],[-111.2482,40.1937],[-111.2543,40.1972],[-111.2583,40.198],[-111.2649,40.1964],[-111.2754,40.1916],[-111.2767,40.189],[-111.2853,40.189],[-111.2931,40.1865],[-111.2938,40.1802],[-111.2954,40.178],[-111.2937,40.1753],[-111.3004,40.1611],[-111.3068,40.1566],[-111.3098,40.1535],[-111.3103,40.1501],[-111.3148,40.1484],[-111.32,40.1414],[-111.3241,40.1384],[-111.3237,40.1344],[-111.3209,40.1283],[-111.3236,40.1252],[-111.3228,40.1227],[-111.3238,40.118],[-111.3266,40.1159],[-111.3265,40.1131],[-111.3289,40.1096],[-111.3284,40.1061],[-111.333,40.1029],[-111.3333,40.1009],[-111.3381,40.0961],[-111.3418,40.0885],[-111.3413,40.0869],[-111.3387,40.0853],[-111.3335,40.0865],[-111.3257,40.0931],[-111.3215,40.0938],[-111.3156,40.0974],[-111.3117,40.0968],[-111.3053,40.1031],[-111.3037,40.107],[-111.2994,40.1103],[-111.2988,40.1159],[-111.2949,40.118],[-111.2939,40.1216],[-111.2846,40.1246],[-111.2765,40.1301],[-111.2742,40.1342],[-111.2723,40.135],[-111.2721,40.1425],[-111.2632,40.1464],[-111.257,40.1452],[-111.2534,40.1459],[-111.2478,40.1513],[-111.2452,40.1519],[-111.239,40.1502],[-111.2307,40.1498],[-111.2279,40.1529],[-111.2257,40.1596],[-111.2274,40.1616]]]}},{"type":"Feature","properties":{"huc12":"160202020302","name":"Cottonwood Canyon"},"geometry":{"type":"Polygon","coordinates":[[[-111.2409,40.0735],[-111.2545,40.0705],[-111.2609,40.0717],[-111.2637,40.0737],[-111.2688,40.0712],[-111.2759,40.0717],[-111.2801,40.0696],[-111.2829,40.0711],[-111.2922,40.0706],[-111.2945,40.0687],[-111.3004,40.0675],[-111.3043,40.0698],[-111.3082,40.0664],[-111.3123,40.0657],[-111.323,40.0724],[-111.3309,40.0727],[-111.3392,40.0748],[-111.3452,40.0784],[-111.3482,40.0781],[-111.3537,40.081],[-111.3553,40.0842],[-111.3581,40.0812],[-111.3519,40.0681],[-111.3475,40.0486],[-111.3509,40.0395],[-111.3443,40.0371],[-111.3406,40.038],[-111.3381,40.0329],[-111.3362,40.0323],[-111.333,40.0271],[-111.3268,40.0221],[-111.3228,40.0221],[-111.3163,40.0277],[-111.311,40.0221],[-111.3092,40.0218],[-111.3062,40.0219],[-111.3012,40.0267],[-111.2945,40.0251],[-111.2919,40.0291],[-111.2922,40.0371],[-111.2875,40.0349],[-111.284,40.0348],[-111.2827,40.0302],[-111.2792,40.0277],[-111.274,40.0312],[-111.265,40.0324],[-111.251,40.0249],[-111.2442,40.0253],[-111.2393,40.0301],[-111.2393,40.0331],[-111.2373,40.0378],[-111.2407,40.0436],[-111.2458,40.0468],[-111.2465,40.0527],[-111.2492,40.0554],[-111.2477,40.0583],[-111.2418,40.0632],[-111.2408,40.0664],[-111.236,40.0693],[-111.2383,40.0725],[-111.2409,40.0735]]]}},{"type":"Feature","properties":{"huc12":"160202020304","name":"Upper Diamond Fork"},"geometry":{"type":"Polygon","coordinates":[[[-111.2774,40.2542],[-111.2796,40.2593],[-111.2908,40.2663],[-111.2946,40.2651],[-111.2967,40.2615],[-111.2987,40.2611],[-111.3039,40.2558],[-111.3099,40.2543],[-111.3138,40.2475],[-111.3218,40.2426],[-111.3225,40.2369],[-111.3281,40.2336],[-111.3304,40.2338],[-111.3316,40.2295],[-111.3386,40.2231],[-111.3415,40.209],[-111.3451,40.2075],[-111.347,40.2026],[-111.3529,40.2008],[-111.3539,40.1988],[-111.3518,40.1968],[-111.3523,40.1934],[-111.3596,40.1876],[-111.3606,40.185],[-111.358,40.1805],[-111.3581,40.1779],[-111.3699,40.1706],[-111.3719,40.167],[-111.3751,40.1651],[-111.3776,40.1543],[-111.374,40.1524],[-111.377,40.1476],[-111.3749,40.1431],[-111.3762,40.1422],[-111.3763,40.138],[-111.3711,40.1359],[-111.3702,40.1302],[-111.3664,40.1268],[-111.3667,40.1242],[-111.3649,40.1212],[-111.3655,40.1088],[-111.368,40.1013],[-111.3649,40.0998],[-111.3593,40.0999],[-111.3554,40.0883],[-111.3558,40.0845],[-111.3485,40.0849],[-111.3421,40.0882],[-111.3402,40.0903],[-111.3381,40.0961],[-111.3333,40.1009],[-111.3332,40.1027],[-111.3285,40.1059],[-111.3289,40.1096],[-111.3265,40.1131],[-111.3266,40.1159],[-111.3234,40.1191],[-111.3235,40.1254],[-111.3209,40.1282],[-111.3237,40.1344],[-111.3241,40.1384],[-111.32,40.1414],[-111.3148,40.1484],[-111.3103,40.1501],[-111.3098,40.1535],[-111.3068,40.1566],[-111.3004,40.1611],[-111.2937,40.1753],[-111.2954,40.178],[-111.2935,40.1811],[-111.2936,40.1861],[-111.2853,40.189],[-111.2767,40.189],[-111.2754,40.1916],[-111.2705,40.1945],[-111.259,40.1977],[-111.2568,40.2002],[-111.2576,40.2025],[-111.264,40.2058],[-111.2651,40.209],[-111.264,40.2113],[-111.2672,40.2132],[-111.2734,40.2222],[-111.2719,40.2281],[-111.2737,40.236],[-111.2677,40.237],[-111.2657,40.2387],[-111.2647,40.2419],[-111.2704,40.2495],[-111.2774,40.2542]]]}},{"type":"Feature","properties":{"huc12":"160202020305","name":"Wanrhodes Canyon"},"geometry":{"type":"Polygon","coordinates":[[[-111.3699,40.1706],[-111.3773,40.1705],[-111.3873,40.1743],[-111.3961,40.1716],[-111.3988,40.1721],[-111.4065,40.1656],[-111.4094,40.1649],[-111.4112,40.1654],[-111.4122,40.168],[-111.4145,40.1669],[-111.422,40.1683],[-111.4235,40.1658],[-111.4237,40.16],[-111.426,40.1564],[-111.43,40.1576],[-111.4359,40.1536],[-111.4382,40.15],[-111.449,40.1441],[-111.4519,40.1373],[-111.457,40.1345],[-111.4596,40.1346],[-111.4602,40.1314],[-111.4635,40.1287],[-111.4635,40.1255],[-111.4656,40.1224],[-111.4675,40.1011],[-111.4563,40.0936],[-111.4468,40.0904],[-111.444,40.0851],[-111.4395,40.0837],[-111.4355,40.0789],[-111.4353,40.0745],[-111.4291,40.0714],[-111.4298,40.0738],[-111.4281,40.0776],[-111.4288,40.08],[-111.4263,40.0819],[-111.4225,40.0822],[-111.4211,40.0841],[-111.4207,40.0937],[-111.4188,40.0951],[-111.4182,40.1019],[-111.4141,40.1107],[-111.4078,40.1125],[-111.4053,40.1158],[-111.3921,40.122],[-111.3908,40.1257],[-111.3883,40.1269],[-111.3868,40.1312],[-111.3821,40.1325],[-111.3793,40.1383],[-111.3765,40.1387],[-111.3762,40.1422],[-111.3749,40.1431],[-111.377,40.1476],[-111.374,40.1524],[-111.3776,40.1544],[-111.3751,40.1651],[-111.3719,40.167],[-111.3699,40.1706]]]}},{"type":"Feature","properties":{"huc12":"160202020306","name":"Middle Diamond Fork"},"geometry":{"type":"Polygon","coordinates":[[[-111.3765,40.1387],[-111.3793,40.1383],[-111.3821,40.1325],[-111.3868,40.1312],[-111.3883,40.1269],[-111.3908,40.1257],[-111.3921,40.122],[-111.4053,40.1158],[-111.4078,40.1125],[-111.4141,40.1107],[-111.4182,40.1019],[-111.4188,40.0951],[-111.4207,40.0937],[-111.4212,40.0839],[-111.4225,40.0822],[-111.4263,40.0819],[-111.4288,40.08],[-111.4281,40.0772],[-111.4298,40.0738],[-111.4291,40.0714],[-111.425,40.0685],[-111.4247,40.0667],[-111.4209,40.0644],[-111.4174,40.065],[-111.4158,40.0567],[-111.4118,40.0552],[-111.4119,40.0521],[-111.4093,40.0487],[-111.4081,40.0437],[-111.3985,40.0393],[-111.394,40.034],[-111.3864,40.0343],[-111.3817,40.0307],[-111.3757,40.0306],[-111.3701,40.0281],[-111.3679,40.0298],[-111.3658,40.0289],[-111.3639,40.0297],[-111.3574,40.0365],[-111.3528,40.0361],[-111.3475,40.0486],[-111.3519,40.0681],[-111.3581,40.0811],[-111.3559,40.0839],[-111.3553,40.088],[-111.3593,40.0999],[-111.3649,40.0998],[-111.368,40.1013],[-111.3648,40.1153],[-111.3663,40.1266],[-111.37,40.1298],[-111.3711,40.1359],[-111.3756,40.137],[-111.3765,40.1387]]]}},{"type":"Feature","properties":{"huc12":"160202020307","name":"Lower Diamond Fork"},"geometry":{"type":"Polygon","coordinates":[[[-111.4732,40.1248],[-111.477,40.1232],[-111.4743,40.1189],[-111.4764,40.1171],[-111.4769,40.1135],[-111.4805,40.1141],[-111.4848,40.1128],[-111.4886,40.1074],[-111.4939,40.1086],[-111.4974,40.1037],[-111.5077,40.1014],[-111.5111,40.0966],[-111.5181,40.0922],[-111.5244,40.0911],[-111.5279,40.0884],[-111.5243,40.0859],[-111.5193,40.0862],[-111.5168,40.0831],[-111.5121,40.0814],[-111.5116,40.0786],[-111.5086,40.074],[-111.5074,40.0614],[-111.5054,40.0585],[-111.5118,40.0507],[-111.5025,40.0452],[-111.5061,40.0395],[-111.5071,40.0319],[-111.5059,40.0262],[-111.4861,40.0271],[-111.483,40.0226],[-111.4743,40.02],[-111.4643,40.013],[-111.4593,40.0117],[-111.4532,40.0163],[-111.4465,40.0181],[-111.4377,40.0269],[-111.4334,40.0262],[-111.432,40.0295],[-111.4282,40.0325],[-111.4207,40.0312],[-111.4137,40.037],[-111.4086,40.036],[-111.3971,40.0365],[-111.3985,40.0393],[-111.4081,40.0437],[-111.4093,40.0487],[-111.4119,40.0521],[-111.4118,40.0552],[-111.4158,40.0567],[-111.4176,40.0651],[-111.4214,40.0646],[-111.4294,40.0717],[-111.4351,40.0743],[-111.4355,40.0789],[-111.4395,40.0837],[-111.444,40.0851],[-111.4468,40.0904],[-111.4563,40.0936],[-111.4674,40.101],[-111.4666,40.1075],[-111.4675,40.1089],[-111.4654,40.1212],[-111.4732,40.1248]]]}},{"type":"Feature","properties":{"huc12":"160202020401","name":"Headwaters Left Fork Hobble Creek"},"geometry":{"type":"Polygon","coordinates":[[[-111.4575,40.3003],[-111.4617,40.2994],[-111.4719,40.2912],[-111.4807,40.291],[-111.4866,40.2886],[-111.4932,40.2904],[-111.502,40.2851],[-111.5158,40.282],[-111.5217,40.2821],[-111.5265,40.2744],[-111.5315,40.2717],[-111.5367,40.2712],[-111.5406,40.2693],[-111.5451,40.2617],[-111.5443,40.2603],[-111.5377,40.2594],[-111.5181,40.2584],[-111.5136,40.2594],[-111.5016,40.2576],[-111.4888,40.2505],[-111.4811,40.2508],[-111.4757,40.2435],[-111.469,40.2422],[-111.4613,40.2381],[-111.4505,40.2416],[-111.4408,40.2421],[-111.4395,40.2464],[-111.4353,40.2442],[-111.4333,40.2414],[-111.4262,40.2401],[-111.4196,40.2429],[-111.4139,40.2431],[-111.4138,40.2448],[-111.4118,40.2462],[-111.401,40.2471],[-111.3985,40.2529],[-111.3933,40.2556],[-111.3903,40.2556],[-111.3846,40.2524],[-111.3803,40.2468],[-111.375,40.2494],[-111.3567,40.2491],[-111.3518,40.2564],[-111.3471,40.2598],[-111.3398,40.2615],[-111.3404,40.2676],[-111.332,40.2754],[-111.3278,40.2822],[-111.3372,40.2883],[-111.3449,40.2873],[-111.3519,40.2895],[-111.3566,40.2882],[-111.3605,40.2886],[-111.3688,40.2922],[-111.3743,40.297],[-111.3772,40.2974],[-111.3817,40.2944],[-111.3923,40.2962],[-111.3967,40.2923],[-111.4023,40.2959],[-111.4104,40.2951],[-111.4129,40.2894],[-111.4266,40.2869],[-111.4336,40.2919],[-111.4421,40.2898],[-111.4516,40.2932],[-111.4522,40.297],[-111.4575,40.3003]]]}},{"type":"Feature","properties":{"huc12":"160202020402","name":"Headwaters Right Fork Hobble Creek"},"geometry":{"type":"Polygon","coordinates":[[[-111.315,40.2876],[-111.3221,40.2872],[-111.3255,40.2826],[-111.3288,40.2816],[-111.332,40.2754],[-111.3404,40.2676],[-111.3398,40.2615],[-111.3471,40.2598],[-111.3536,40.2548],[-111.356,40.2496],[-111.3584,40.2486],[-111.3642,40.2408],[-111.3666,40.2402],[-111.3693,40.2356],[-111.3736,40.2347],[-111.3759,40.2304],[-111.3861,40.2272],[-111.3864,40.2238],[-111.3898,40.2216],[-111.3858,40.2119],[-111.3892,40.2073],[-111.3892,40.2024],[-111.3929,40.1976],[-111.3924,40.1939],[-111.3993,40.1917],[-111.4045,40.1869],[-111.4063,40.1832],[-111.4057,40.1804],[-111.4024,40.1783],[-111.4022,40.1752],[-111.3985,40.1722],[-111.3961,40.1716],[-111.3873,40.1743],[-111.3773,40.1705],[-111.3716,40.1704],[-111.3591,40.177],[-111.3578,40.1796],[-111.3605,40.1848],[-111.3597,40.1873],[-111.353,40.192],[-111.3517,40.1966],[-111.3539,40.1988],[-111.3529,40.2008],[-111.347,40.2026],[-111.3452,40.2074],[-111.3414,40.2092],[-111.3386,40.2231],[-111.3316,40.2295],[-111.3304,40.2338],[-111.3281,40.2336],[-111.3225,40.2369],[-111.3218,40.2426],[-111.3138,40.2475],[-111.3099,40.2543],[-111.3039,40.2558],[-111.2987,40.2611],[-111.2964,40.2619],[-111.2941,40.2654],[-111.2944,40.2708],[-111.2981,40.273],[-111.3024,40.2729],[-111.3081,40.2749],[-111.3089,40.2763],[-111.3072,40.2799],[-111.3077,40.2834],[-111.315,40.2876]]]}},{"type":"Feature","properties":{"huc12":"160202020403","name":"Outlet Left Fork Hobble Creek"},"geometry":{"type":"Polygon","coordinates":[[[-111.4139,40.2431],[-111.4196,40.2429],[-111.4269,40.2401],[-111.4333,40.2414],[-111.4353,40.2442],[-111.4395,40.2464],[-111.4408,40.2421],[-111.4505,40.2416],[-111.4613,40.2381],[-111.469,40.2422],[-111.4757,40.2435],[-111.4811,40.2508],[-111.4888,40.2505],[-111.5016,40.2576],[-111.5136,40.2594],[-111.5181,40.2584],[-111.5443,40.2603],[-111.5454,40.2578],[-111.5444,40.2524],[-111.5467,40.2481],[-111.5569,40.2444],[-111.5589,40.2405],[-111.5598,40.237],[-111.5588,40.2322],[-111.5539,40.2285],[-111.5516,40.2251],[-111.5532,40.2228],[-111.5523,40.2198],[-111.5534,40.2179],[-111.5621,40.2124],[-111.5634,40.2095],[-111.5633,40.2051],[-111.5472,40.1963],[-111.5402,40.1774],[-111.5363,40.1765],[-111.5329,40.1739],[-111.5249,40.1767],[-111.5187,40.1814],[-111.5084,40.1803],[-111.5015,40.1709],[-111.5013,40.1653],[-111.498,40.1635],[-111.4939,40.1715],[-111.4909,40.1722],[-111.4838,40.1785],[-111.4844,40.1856],[-111.4801,40.1949],[-111.4745,40.2006],[-111.4727,40.2007],[-111.4639,40.1944],[-111.4598,40.1942],[-111.4531,40.1978],[-111.4472,40.2064],[-111.4435,40.2084],[-111.4376,40.2089],[-111.4334,40.2157],[-111.426,40.2147],[-111.4208,40.2249],[-111.4209,40.2309],[-111.4139,40.2431]]]}},{"type":"Feature","properties":{"huc12":"160202020502","name":"Middle Spanish Fork"},"geometry":{"type":"Polygon","coordinates":[[[-111.5277,40.0887],[-111.5316,40.0909],[-111.5285,40.0961],[-111.5283,40.1002],[-111.5268,40.1014],[-111.5271,40.1086],[-111.5256,40.1108],[-111.5313,40.1198],[-111.5455,40.1252],[-111.5486,40.1281],[-111.5486,40.1315],[-111.563,40.1385],[-111.6066,40.1326],[-111.61,40.1298],[-111.6128,40.1251],[-111.6228,40.1008],[-111.6142,40.0969],[-111.609,40.0968],[-111.5969,40.0898],[-111.5986,40.0868],[-111.5964,40.0793],[-111.5995,40.0756],[-111.5994,40.0696],[-111.6044,40.0586],[-111.6026,40.0535],[-111.5992,40.0514],[-111.5978,40.0471],[-111.5973,40.0415],[-111.5995,40.0378],[-111.5889,40.0323],[-111.582,40.032],[-111.5776,40.0366],[-111.5729,40.0382],[-111.5653,40.0375],[-111.5573,40.0403],[-111.5501,40.041],[-111.5416,40.0464],[-111.541,40.0505],[-111.5348,40.0632],[-111.5355,40.066],[-111.5333,40.0693],[-111.5327,40.0732],[-111.5333,40.0761],[-111.5359,40.0778],[-111.5373,40.0809],[-111.5277,40.0887]]]}},{"type":"Feature","properties":{"huc12":"160202020602","name":"Spring Creek"},"geometry":{"type":"Polygon","coordinates":[[[-111.725,40.0247],[-111.7438,40.0258],[-111.7475,40.0274],[-111.7607,40.045],[-111.7602,40.0509],[-111.7637,40.0558],[-111.7623,40.059],[-111.7666,40.0665],[-111.7718,40.0833],[-111.7734,40.0849],[-111.7791,40.0697],[-111.7801,40.0489],[-111.7823,40.0409],[-111.7857,40.008],[-111.7876,40.0022],[-111.7871,39.9904],[-111.7887,39.9805],[-111.7875,39.9726],[-111.7854,39.9687],[-111.7766,39.9597],[-111.7695,39.9553],[-111.7683,39.9496],[-111.7656,39.9471],[-111.7538,39.9439],[-111.7504,39.9457],[-111.7315,39.9467],[-111.7295,39.9494],[-111.7308,39.9579],[-111.7291,39.9623],[-111.7299,39.9651],[-111.729,39.9688],[-111.7261,39.9718],[-111.7255,39.9749],[-111.7146,39.9801],[-111.7111,39.9894],[-111.7112,39.9925],[-111.7146,39.9957],[-111.7161,40],[-111.7194,40.001],[-111.7214,40.0043],[-111.7196,40.01],[-111.7223,40.0158],[-111.7212,40.0184],[-111.725,40.0247]]]}},{"type":"Feature","properties":{"huc12":"160202020503","name":"Dry Creek-Frontal Utah Lake"},"geometry":{"type":"Polygon","coordinates":[[[-111.6514,40.1866],[-111.6529,40.1859],[-111.6516,40.186],[-111.6527,40.1852],[-111.6527,40.1824],[-111.6579,40.1807],[-111.6571,40.179],[-111.6583,40.1768],[-111.6638,40.1746],[-111.6658,40.17],[-111.6683,40.1717],[-111.6712,40.1709],[-111.6744,40.1736],[-111.6759,40.1727],[-111.6777,40.1738],[-111.6738,40.1617],[-111.6783,40.146],[-111.6782,40.1415],[-111.6715,40.1243],[-111.6677,40.1198],[-111.6582,40.1136],[-111.6457,40.1101],[-111.6383,40.1053],[-111.6278,40.1034],[-111.6228,40.1008],[-111.6128,40.1251],[-111.61,40.1298],[-111.6058,40.133],[-111.5739,40.1367],[-111.566,40.1386],[-111.56,40.1379],[-111.5485,40.1314],[-111.5486,40.1281],[-111.5455,40.1252],[-111.5313,40.1198],[-111.5256,40.1108],[-111.5271,40.1086],[-111.5268,40.1014],[-111.5283,40.1002],[-111.5285,40.0961],[-111.5316,40.0909],[-111.5277,40.0887],[-111.5244,40.0911],[-111.5181,40.0922],[-111.5111,40.0966],[-111.5077,40.1014],[-111.4977,40.1035],[-111.4939,40.1086],[-111.4886,40.1074],[-111.4848,40.1128],[-111.4805,40.1141],[-111.4769,40.1135],[-111.4764,40.1171],[-111.4743,40.1189],[-111.477,40.1232],[-111.4732,40.1248],[-111.4727,40.1287],[-111.4744,40.1316],[-111.4777,40.1335],[-111.4793,40.1368],[-111.4904,40.1345],[-111.4949,40.135],[-111.4969,40.1335],[-111.4999,40.1344],[-111.5031,40.1383],[-111.5062,40.1386],[-111.5192,40.1457],[-111.5272,40.1435],[-111.5307,40.1456],[-111.5399,40.1448],[-111.5475,40.1471],[-111.5513,40.145],[-111.5555,40.1448],[-111.5754,40.1463],[-111.5852,40.1487],[-111.592,40.1517],[-111.5943,40.1551],[-111.6077,40.1632],[-111.6316,40.1745],[-111.6458,40.1786],[-111.6468,40.1816],[-111.6499,40.1834],[-111.6514,40.1866]]]}},{"type":"Feature","properties":{"huc12":"160202020504","name":"Lower Spanish Fork-Frontal Utah Lake"},"geometry":{"type":"Polygon","coordinates":[[[-111.6777,40.1738],[-111.6826,40.1686],[-111.6839,40.1714],[-111.697,40.1731],[-111.7062,40.1644],[-111.7092,40.1631],[-111.7104,40.1604],[-111.7133,40.1603],[-111.7177,40.1622],[-111.7183,40.1647],[-111.722,40.1679],[-111.7205,40.1712],[-111.7223,40.1748],[-111.7306,40.1772],[-111.7348,40.1801],[-111.7362,40.1782],[-111.7346,40.1734],[-111.735,40.1704],[-111.7376,40.1686],[-111.7483,40.1663],[-111.7391,40.164],[-111.7199,40.1423],[-111.7132,40.1334],[-111.6995,40.1085],[-111.6935,40.1017],[-111.6819,40.0985],[-111.6735,40.0981],[-111.6678,40.0957],[-111.6615,40.0902],[-111.656,40.0782],[-111.6506,40.0723],[-111.6287,40.068],[-111.6202,40.0634],[-111.6104,40.0621],[-111.6044,40.0586],[-111.5994,40.0696],[-111.5995,40.0756],[-111.5964,40.0793],[-111.5986,40.0868],[-111.5969,40.0898],[-111.609,40.0968],[-111.6169,40.0978],[-111.6278,40.1034],[-111.6383,40.1053],[-111.6457,40.1101],[-111.6574,40.1132],[-111.6643,40.1171],[-111.6701,40.1223],[-111.6782,40.1415],[-111.6783,40.146],[-111.6738,40.1617],[-111.6777,40.1738]]]}},{"type":"Feature","properties":{"huc12":"160202020601","name":"Peteetneet Creek"},"geometry":{"type":"Polygon","coordinates":[[[-111.6377,39.9675],[-111.6433,39.9671],[-111.6647,39.9724],[-111.6687,39.9781],[-111.6693,39.9829],[-111.6717,39.9868],[-111.6779,39.9883],[-111.6853,39.9865],[-111.6908,39.9887],[-111.6889,39.9918],[-111.6894,39.995],[-111.695,40.0012],[-111.6951,40.0046],[-111.6988,40.0053],[-111.7024,40.0112],[-111.7089,40.0162],[-111.7153,40.024],[-111.719,40.0252],[-111.7245,40.0299],[-111.7307,40.0433],[-111.7324,40.0614],[-111.7471,40.0779],[-111.7505,40.0667],[-111.7493,40.0579],[-111.7431,40.0498],[-111.733,40.0426],[-111.7314,40.0336],[-111.7212,40.0181],[-111.7223,40.0158],[-111.7196,40.0099],[-111.7213,40.0041],[-111.7194,40.001],[-111.7161,40],[-111.7146,39.9957],[-111.711,39.9918],[-111.7114,39.9869],[-111.7146,39.9801],[-111.7255,39.9749],[-111.7261,39.9718],[-111.7291,39.9685],[-111.7299,39.9651],[-111.7291,39.9623],[-111.7308,39.9579],[-111.7294,39.9495],[-111.7315,39.9467],[-111.7307,39.9418],[-111.7329,39.9325],[-111.732,39.9314],[-111.7204,39.9261],[-111.7125,39.9209],[-111.7083,39.9152],[-111.7042,39.9125],[-111.7037,39.9103],[-111.6998,39.9077],[-111.695,39.9],[-111.6779,39.9011],[-111.6709,39.8988],[-111.6658,39.9014],[-111.6581,39.8962],[-111.6538,39.8986],[-111.6527,39.9023],[-111.6479,39.9082],[-111.6443,39.9106],[-111.6408,39.9101],[-111.6383,39.9138],[-111.6342,39.9151],[-111.6295,39.9238],[-111.6311,39.9293],[-111.627,39.936],[-111.6367,39.9445],[-111.6372,39.9467],[-111.6411,39.9508],[-111.6367,39.96],[-111.6377,39.9675]]]}},{"type":"Feature","properties":{"huc12":"160202020603","name":"Beer Creek"},"geometry":{"type":"Polygon","coordinates":[[[-111.6044,40.0586],[-111.6104,40.0621],[-111.6202,40.0634],[-111.6287,40.068],[-111.6506,40.0723],[-111.656,40.0782],[-111.6615,40.0902],[-111.6678,40.0957],[-111.6738,40.0982],[-111.6908,40.1004],[-111.6952,40.103],[-111.7222,40.0952],[-111.7346,40.0861],[-111.7457,40.0821],[-111.765,40.0823],[-111.773,40.0851],[-111.7666,40.0665],[-111.7623,40.059],[-111.7637,40.0558],[-111.7602,40.0509],[-111.7607,40.045],[-111.7469,40.0268],[-111.725,40.0247],[-111.7282,40.0278],[-111.7314,40.0336],[-111.733,40.0426],[-111.7431,40.0498],[-111.7493,40.0579],[-111.7505,40.0667],[-111.7471,40.0779],[-111.7324,40.0614],[-111.7307,40.0433],[-111.7245,40.0299],[-111.719,40.0252],[-111.7153,40.024],[-111.7089,40.0162],[-111.7024,40.0112],[-111.6988,40.0053],[-111.6951,40.0046],[-111.695,40.0012],[-111.6894,39.995],[-111.6889,39.9918],[-111.6908,39.9887],[-111.6853,39.9865],[-111.6779,39.9883],[-111.6717,39.9868],[-111.6693,39.9829],[-111.6687,39.9781],[-111.6649,39.9725],[-111.6433,39.9671],[-111.6309,39.9685],[-111.6221,39.972],[-111.6129,39.9782],[-111.6115,39.981],[-111.605,39.9825],[-111.6022,39.9878],[-111.6014,39.9952],[-111.5992,39.9971],[-111.5939,39.996],[-111.5886,39.998],[-111.5889,39.9999],[-111.5931,40.0044],[-111.5938,40.0081],[-111.5979,40.0119],[-111.5952,40.017],[-111.5961,40.0221],[-111.5952,40.0252],[-111.5916,40.0269],[-111.5889,40.0323],[-111.5995,40.0378],[-111.5973,40.0415],[-111.5978,40.0471],[-111.5992,40.0514],[-111.6026,40.0535],[-111.6044,40.0586]]]}},{"type":"Feature","properties":{"huc12":"160202030203","name":"Lady Long Hollow-Provo River"},"geometry":{"type":"Polygon","coordinates":[[[-111.2866,40.6112],[-111.2893,40.6114],[-111.2931,40.6069],[-111.3012,40.6019],[-111.3006,40.5994],[-111.2955,40.5945],[-111.2973,40.5875],[-111.3085,40.5856],[-111.3121,40.5829],[-111.3157,40.5845],[-111.3177,40.584],[-111.3193,40.5829],[-111.3202,40.578],[-111.3284,40.5782],[-111.3346,40.5809],[-111.3383,40.5799],[-111.3421,40.5824],[-111.35,40.5827],[-111.3649,40.5868],[-111.3729,40.5816],[-111.3728,40.5796],[-111.3762,40.5804],[-111.3819,40.5796],[-111.3834,40.5766],[-111.3872,40.5762],[-111.392,40.5709],[-111.3812,40.5596],[-111.3783,40.5589],[-111.3768,40.5565],[-111.3696,40.5613],[-111.3684,40.5639],[-111.3685,40.569],[-111.363,40.5687],[-111.3568,40.5709],[-111.3504,40.5692],[-111.3383,40.563],[-111.3337,40.5622],[-111.3355,40.5596],[-111.3332,40.557],[-111.3343,40.5551],[-111.3311,40.5524],[-111.3277,40.5515],[-111.3274,40.5486],[-111.3243,40.5463],[-111.3045,40.5479],[-111.3004,40.5476],[-111.297,40.5454],[-111.2922,40.5469],[-111.2825,40.5376],[-111.2764,40.5379],[-111.274,40.5392],[-111.2677,40.538],[-111.2633,40.5347],[-111.2566,40.534],[-111.2564,40.5297],[-111.2528,40.5266],[-111.2332,40.5442],[-111.2289,40.546],[-111.2291,40.5474],[-111.2328,40.5494],[-111.2337,40.5535],[-111.2317,40.5594],[-111.2267,40.5616],[-111.2255,40.5637],[-111.2255,40.5684],[-111.2278,40.5701],[-111.2275,40.5721],[-111.2256,40.5732],[-111.2266,40.5761],[-111.2154,40.5776],[-111.2124,40.582],[-111.2065,40.5838],[-111.2012,40.5891],[-111.2101,40.5913],[-111.2166,40.5864],[-111.2282,40.5843],[-111.2298,40.5861],[-111.2417,40.5899],[-111.2519,40.5951],[-111.2657,40.6077],[-111.2866,40.6112]]]}},{"type":"Feature","properties":{"huc12":"160202030301","name":"Drain Tunnel Creek"},"geometry":{"type":"Polygon","coordinates":[[[-111.3871,40.6571],[-111.3899,40.6598],[-111.3908,40.6631],[-111.3887,40.6706],[-111.3913,40.6709],[-111.3914,40.6751],[-111.3896,40.6778],[-111.3916,40.682],[-111.394,40.6837],[-111.3922,40.6888],[-111.3938,40.6904],[-111.3986,40.6906],[-111.4028,40.6865],[-111.4058,40.6857],[-111.4121,40.6813],[-111.4239,40.6813],[-111.4263,40.6828],[-111.4273,40.6854],[-111.4329,40.6844],[-111.4366,40.6859],[-111.4375,40.6849],[-111.436,40.678],[-111.4367,40.6758],[-111.4304,40.6651],[-111.4351,40.6609],[-111.4449,40.6595],[-111.4481,40.6547],[-111.4515,40.6525],[-111.4538,40.6544],[-111.4606,40.6532],[-111.4636,40.6448],[-111.468,40.6461],[-111.4735,40.6438],[-111.4752,40.6379],[-111.4709,40.6337],[-111.4736,40.6332],[-111.4773,40.6298],[-111.4808,40.6242],[-111.4869,40.621],[-111.4866,40.6154],[-111.4822,40.6095],[-111.4852,40.6057],[-111.4856,40.602],[-111.4794,40.6029],[-111.4698,40.6012],[-111.4675,40.6033],[-111.4594,40.6062],[-111.4544,40.6062],[-111.4501,40.6044],[-111.4472,40.6055],[-111.4428,40.6051],[-111.4386,40.6123],[-111.434,40.6135],[-111.4297,40.6119],[-111.4264,40.6127],[-111.4183,40.6099],[-111.4159,40.6072],[-111.4154,40.5998],[-111.4099,40.6062],[-111.406,40.6083],[-111.4059,40.6098],[-111.3987,40.6121],[-111.393,40.6215],[-111.3886,40.6226],[-111.387,40.6209],[-111.3833,40.6208],[-111.3808,40.6193],[-111.3789,40.6215],[-111.3794,40.6231],[-111.3779,40.6243],[-111.3765,40.6289],[-111.3701,40.6298],[-111.3706,40.6316],[-111.3756,40.633],[-111.3749,40.6393],[-111.3775,40.6438],[-111.381,40.6455],[-111.3821,40.6518],[-111.3864,40.6531],[-111.3871,40.6571]]]}},{"type":"Feature","properties":{"huc12":"160202030302","name":"Lake Creek"},"geometry":{"type":"Polygon","coordinates":[[[-111.3498,40.569],[-111.3568,40.5709],[-111.363,40.5687],[-111.3685,40.569],[-111.3684,40.5639],[-111.3696,40.5613],[-111.3771,40.5565],[-111.3775,40.5499],[-111.3748,40.547],[-111.375,40.5453],[-111.3729,40.5418],[-111.3711,40.5408],[-111.3742,40.5359],[-111.3619,40.5283],[-111.3581,40.5235],[-111.3597,40.5197],[-111.3643,40.5162],[-111.3674,40.5104],[-111.3702,40.509],[-111.3713,40.5057],[-111.3816,40.5055],[-111.391,40.5072],[-111.4022,40.5074],[-111.4175,40.51],[-111.4236,40.5125],[-111.4306,40.5126],[-111.434,40.5111],[-111.434,40.5093],[-111.4272,40.5045],[-111.4149,40.5029],[-111.3927,40.4956],[-111.3653,40.497],[-111.3481,40.494],[-111.3423,40.4917],[-111.3309,40.4916],[-111.3188,40.4936],[-111.3123,40.4933],[-111.3047,40.4908],[-111.2976,40.4779],[-111.2911,40.473],[-111.2818,40.4694],[-111.2784,40.4667],[-111.2717,40.4647],[-111.2701,40.4613],[-111.2663,40.4626],[-111.2617,40.4616],[-111.2568,40.4541],[-111.2516,40.4494],[-111.2522,40.4457],[-111.2494,40.4435],[-111.2476,40.4388],[-111.2435,40.4353],[-111.2332,40.4309],[-111.2316,40.4275],[-111.2237,40.4187],[-111.2189,40.4151],[-111.21,40.4125],[-111.2023,40.4076],[-111.1985,40.4088],[-111.1899,40.4081],[-111.1862,40.4058],[-111.1811,40.4082],[-111.1807,40.4122],[-111.1741,40.4144],[-111.1791,40.4197],[-111.1791,40.4282],[-111.1814,40.4338],[-111.1851,40.4355],[-111.1872,40.4416],[-111.1877,40.4482],[-111.192,40.4484],[-111.1969,40.4508],[-111.1974,40.4533],[-111.2018,40.456],[-111.203,40.459],[-111.2085,40.4617],[-111.2106,40.4646],[-111.211,40.4686],[-111.2152,40.469],[-111.2196,40.4772],[-111.2194,40.4821],[-111.2228,40.4862],[-111.2231,40.489],[-111.2279,40.4969],[-111.2339,40.499],[-111.2363,40.5028],[-111.2392,40.503],[-111.2454,40.5068],[-111.2482,40.5152],[-111.2507,40.5176],[-111.2533,40.5231],[-111.2528,40.5264],[-111.2567,40.5304],[-111.2566,40.534],[-111.2633,40.5347],[-111.2677,40.538],[-111.274,40.5392],[-111.2764,40.5379],[-111.2825,40.5376],[-111.2922,40.5469],[-111.297,40.5454],[-111.3004,40.5476],[-111.3045,40.5479],[-111.3243,40.5463],[-111.3274,40.5486],[-111.3277,40.5515],[-111.3311,40.5524],[-111.3343,40.5551],[-111.3332,40.557],[-111.3355,40.5596],[-111.3337,40.5622],[-111.3383,40.563],[-111.3498,40.569]]]}},{"type":"Feature","properties":{"huc12":"160202030303","name":"Center Creek"},"geometry":{"type":"Polygon","coordinates":[[[-111.2237,40.4187],[-111.2316,40.4275],[-111.2332,40.4309],[-111.2435,40.4353],[-111.2476,40.4388],[-111.2494,40.4435],[-111.2522,40.4457],[-111.2516,40.4494],[-111.2568,40.4541],[-111.2617,40.4616],[-111.2663,40.4626],[-111.2701,40.4613],[-111.2717,40.4647],[-111.2784,40.4667],[-111.2818,40.4694],[-111.2911,40.473],[-111.2976,40.4779],[-111.3047,40.4908],[-111.3123,40.4933],[-111.3188,40.4936],[-111.3309,40.4916],[-111.3423,40.4917],[-111.3481,40.494],[-111.3653,40.497],[-111.3927,40.4956],[-111.4149,40.5029],[-111.4247,40.5038],[-111.4317,40.5071],[-111.4415,40.5059],[-111.4408,40.5022],[-111.4376,40.4988],[-111.4259,40.4927],[-111.4172,40.4922],[-111.3959,40.4856],[-111.387,40.4785],[-111.385,40.4714],[-111.3773,40.4689],[-111.3731,40.4653],[-111.3691,40.4647],[-111.3672,40.4588],[-111.3594,40.4527],[-111.3564,40.4519],[-111.3473,40.446],[-111.3421,40.439],[-111.3338,40.4343],[-111.332,40.4286],[-111.3273,40.4261],[-111.3223,40.4209],[-111.2989,40.4134],[-111.2786,40.4164],[-111.2652,40.4114],[-111.2548,40.4119],[-111.2494,40.4063],[-111.2445,40.4076],[-111.2399,40.4055],[-111.2377,40.4097],[-111.2331,40.4125],[-111.2278,40.4135],[-111.2237,40.4187]]]}},{"type":"Feature","properties":{"huc12":"160203060604","name":"160203060604"},"geometry":{"type":"Polygon","coordinates":[[[-112.9112,39.8414],[-112.9146,39.8422],[-112.917,39.8399],[-112.9186,39.8412],[-112.9211,39.8442],[-112.923,39.8527],[-112.9266,39.8574],[-112.9497,39.8837],[-112.9612,39.8941],[-112.9664,39.9031],[-112.9704,39.9159],[-112.9747,39.9224],[-112.9761,39.9371],[-112.9826,39.9431],[-112.9838,39.9478],[-112.9868,39.9497],[-112.9972,39.9504],[-112.9957,39.9413],[-112.991,39.9342],[-112.9913,39.9287],[-112.9869,39.914],[-112.9832,39.9064],[-112.9771,39.8997],[-112.9686,39.8861],[-112.9664,39.8714],[-112.9634,39.866],[-112.9628,39.8595],[-112.9577,39.8493],[-112.9539,39.8361],[-112.9499,39.829],[-112.9518,39.824],[-112.9558,39.8228],[-112.9479,39.8103],[-112.9439,39.8086],[-112.9418,39.8059],[-112.9394,39.8004],[-112.9337,39.7992],[-112.9293,39.8004],[-112.9245,39.7986],[-112.9198,39.7921],[-112.9204,39.79],[-112.9182,39.7898],[-112.9133,39.785],[-112.9096,39.7865],[-112.9127,39.7901],[-112.9135,39.7946],[-112.9121,39.795],[-112.9093,39.8023],[-112.9052,39.8046],[-112.901,39.8102],[-112.9023,39.818],[-112.9007,39.8229],[-112.9024,39.8265],[-112.9054,39.8282],[-112.9027,39.8337],[-112.9069,39.8395],[-112.9112,39.8414]]]}},{"type":"Feature","properties":{"huc12":"160203060605","name":"Trailer Wash"},"geometry":{"type":"Polygon","coordinates":[[[-113,39.9779],[-113.004,39.9785],[-113.0162,39.9771],[-113.0384,39.9627],[-113.0627,39.9582],[-113.0654,39.9556],[-113.0651,39.9535],[-113.0708,39.949],[-113.0702,39.9449],[-113.0682,39.9433],[-113.0681,39.9354],[-113.0735,39.9307],[-113.0767,39.9308],[-113.0805,39.9278],[-113.0827,39.9208],[-113.073,39.9199],[-113.07,39.911],[-113.0709,39.9019],[-113.0752,39.8976],[-113.0752,39.8947],[-113.0795,39.8938],[-113.0806,39.892],[-113.0798,39.8906],[-113.084,39.889],[-113.0847,39.886],[-113.0834,39.8833],[-113.0843,39.8779],[-113.082,39.8755],[-113.0817,39.8721],[-113.0747,39.8687],[-113.0749,39.8651],[-113.0836,39.8624],[-113.0833,39.8594],[-113.086,39.8527],[-113.0838,39.8501],[-113.0838,39.8425],[-113.0816,39.8378],[-113.0766,39.8338],[-113.0729,39.8331],[-113.0686,39.8303],[-113.0635,39.8321],[-113.0568,39.8321],[-113.0499,39.8284],[-113.0458,39.8289],[-113.0417,39.8242],[-113.0371,39.8235],[-113.0369,39.8215],[-113.0352,39.8208],[-113.0288,39.8262],[-113.0258,39.8312],[-113.0189,39.8341],[-113.0215,39.8485],[-113.0208,39.8591],[-113.0232,39.8735],[-113.0285,39.889],[-113.0284,39.8972],[-113.0228,39.9218],[-113.0179,39.9355],[-113.0066,39.9485],[-113.0031,39.9568],[-113.0043,39.9693],[-113.0035,39.9727],[-113,39.9779]]]}},{"type":"Feature","properties":{"huc12":"160203060606","name":"Outlet Pismire Wash"},"geometry":{"type":"Polygon","coordinates":[[[-112.968,39.9616],[-112.9709,39.9653],[-112.9747,39.9796],[-112.9915,39.9774],[-112.9997,39.978],[-113.0035,39.9727],[-113.0044,39.9682],[-113.0031,39.9568],[-113.0066,39.9485],[-113.0179,39.9355],[-113.0228,39.9218],[-113.0284,39.8972],[-113.0285,39.889],[-113.0232,39.8735],[-113.0208,39.8591],[-113.0215,39.8485],[-113.0195,39.8412],[-113.0192,39.8337],[-113.0258,39.8312],[-113.0281,39.827],[-113.0346,39.8208],[-113.0365,39.821],[-113.0378,39.8238],[-113.0417,39.8242],[-113.0458,39.8289],[-113.0499,39.8284],[-113.0568,39.8321],[-113.0635,39.8321],[-113.0686,39.8303],[-113.0799,39.8358],[-113.0813,39.8337],[-113.0855,39.8342],[-113.0907,39.8276],[-113.0944,39.828],[-113.0986,39.8239],[-113.0985,39.8147],[-113.1013,39.8122],[-113.1046,39.8116],[-113.0999,39.8079],[-113.0989,39.806],[-113.0999,39.8031],[-113.097,39.8005],[-113.0952,39.7956],[-113.0927,39.7935],[-113.0953,39.7899],[-113.0912,39.7863],[-113.0929,39.7838],[-113.0919,39.7805],[-113.0933,39.7776],[-113.0907,39.7727],[-113.092,39.7706],[-113.092,39.7661],[-113.0882,39.7655],[-113.0841,39.7682],[-113.0838,39.7638],[-113.0743,39.7629],[-113.065,39.7656],[-113.0618,39.7687],[-113.0463,39.7763],[-113.0213,39.7813],[-113.0159,39.7808],[-113.0146,39.7775],[-113.0114,39.7761],[-112.9781,39.7725],[-112.9687,39.7751],[-112.9574,39.7752],[-112.9534,39.7773],[-112.9491,39.7757],[-112.9367,39.7765],[-112.9303,39.7738],[-112.925,39.7793],[-112.9245,39.7816],[-112.9144,39.7832],[-112.9145,39.7869],[-112.9185,39.79],[-112.9204,39.79],[-112.9198,39.7921],[-112.9218,39.7934],[-112.925,39.7913],[-112.9409,39.7938],[-112.9486,39.7919],[-112.9529,39.7922],[-112.961,39.7953],[-112.9618,39.7964],[-112.9607,39.7981],[-112.9716,39.8052],[-112.9723,39.8083],[-112.9743,39.8081],[-112.977,39.8118],[-112.9836,39.8107],[-112.9891,39.8137],[-112.9891,39.8163],[-112.991,39.8173],[-112.9904,39.8186],[-112.9949,39.8208],[-112.9955,39.8243],[-112.9993,39.8302],[-113.0084,39.8351],[-113.0082,39.8399],[-113.0108,39.8431],[-113.0109,39.8535],[-113.013,39.8564],[-113.0109,39.8586],[-113.01,39.8677],[-113.0123,39.8734],[-113.0072,39.8803],[-113.0071,39.888],[-113.0011,39.92],[-113.0015,39.9281],[-113.0041,39.9352],[-112.9931,39.9254],[-112.9865,39.9133],[-112.9913,39.9287],[-112.991,39.9342],[-112.9957,39.9413],[-112.9964,39.9504],[-112.9868,39.9497],[-112.9838,39.9478],[-112.9826,39.9431],[-112.9761,39.9371],[-112.9747,39.9224],[-112.9704,39.9159],[-112.9664,39.9031],[-112.9612,39.8941],[-112.9497,39.8837],[-112.9266,39.8574],[-112.923,39.8527],[-112.9211,39.8442],[-112.9186,39.8412],[-112.917,39.8399],[-112.9146,39.8422],[-112.9112,39.8414],[-112.9111,39.8438],[-112.9123,39.8443],[-112.9116,39.8469],[-112.9143,39.8549],[-112.9271,39.865],[-112.9352,39.8751],[-112.9361,39.8802],[-112.939,39.8856],[-112.9396,39.8976],[-112.9415,39.9012],[-112.9425,39.908],[-112.9422,39.9133],[-112.9483,39.9237],[-112.9496,39.9329],[-112.9488,39.9355],[-112.9549,39.9512],[-112.968,39.9616]]]}},{"type":"Feature","properties":{"huc12":"160203060607","name":"Fandangle Canyon"},"geometry":{"type":"Polygon","coordinates":[[[-113.0841,40.0497],[-113.0912,40.0504],[-113.1071,40.0486],[-113.1273,40.0552],[-113.1388,40.0547],[-113.1376,40.0412],[-113.1385,40.03],[-113.1395,40.0238],[-113.1415,40.02],[-113.1551,40.0139],[-113.1652,40.0078],[-113.1699,40.0098],[-113.1842,40.0084],[-113.1889,40.01],[-113.1899,40.0076],[-113.1941,40.0065],[-113.1984,39.9924],[-113.1958,39.9912],[-113.1955,39.989],[-113.1877,39.9885],[-113.1799,39.9803],[-113.1764,39.9786],[-113.1752,39.9738],[-113.1718,39.9728],[-113.172,39.9715],[-113.1495,39.9641],[-113.1458,39.9572],[-113.1397,39.9522],[-113.14,39.9505],[-113.135,39.9479],[-113.1317,39.9489],[-113.1292,39.9479],[-113.1235,39.9429],[-113.1185,39.9445],[-113.114,39.9376],[-113.1067,39.9349],[-113.1043,39.9307],[-113.1007,39.9297],[-113.0957,39.9238],[-113.0916,39.923],[-113.0873,39.9191],[-113.0827,39.9208],[-113.0805,39.9278],[-113.0785,39.9295],[-113.0753,39.9313],[-113.0735,39.9307],[-113.0681,39.9354],[-113.0682,39.9433],[-113.07,39.9446],[-113.0709,39.9489],[-113.0651,39.9535],[-113.0654,39.9554],[-113.0641,39.9574],[-113.0384,39.9627],[-113.0277,39.9688],[-113.019,39.9756],[-113.0197,39.994],[-113.0174,39.9998],[-113.0192,40.0069],[-113.0181,40.0114],[-113.0163,40.0133],[-113.0216,40.023],[-113.0282,40.0253],[-113.0279,40.0279],[-113.0315,40.0315],[-113.0379,40.0331],[-113.0408,40.0357],[-113.0585,40.044],[-113.0841,40.0497]]]}},{"type":"Feature","properties":{"huc12":"160203060608","name":"160203060608"},"geometry":{"type":"Polygon","coordinates":[[[-113.046,40.0838],[-113.0545,40.0829],[-113.0593,40.0788],[-113.0684,40.0794],[-113.0997,40.0927],[-113.1359,40.0977],[-113.1524,40.0985],[-113.1507,40.0949],[-113.1336,40.0799],[-113.1267,40.0724],[-113.1154,40.0647],[-113.0803,40.0482],[-113.0682,40.0468],[-113.0572,40.0435],[-113.0488,40.0386],[-113.0408,40.0357],[-113.0379,40.0331],[-113.0309,40.0312],[-113.0279,40.0279],[-113.0282,40.0253],[-113.0218,40.0232],[-113.0163,40.0136],[-113.0192,40.0069],[-113.0174,39.9998],[-113.0197,39.994],[-113.019,39.9756],[-113.0138,39.9777],[-113.0034,39.9786],[-112.9915,39.9774],[-112.9747,39.9796],[-112.9752,39.9901],[-112.979,39.9988],[-112.9791,40.0121],[-112.9778,40.015],[-112.9822,40.0133],[-112.9846,40.0142],[-112.9866,40.0165],[-112.9857,40.018],[-112.987,40.0191],[-112.9871,40.0262],[-112.9925,40.0298],[-112.9941,40.0324],[-113.0039,40.0349],[-113.0104,40.0402],[-113.0085,40.0429],[-113.0109,40.0461],[-113.0118,40.0498],[-113.0153,40.0537],[-113.0179,40.054],[-113.0229,40.0577],[-113.0231,40.0623],[-113.0313,40.0663],[-113.0361,40.0715],[-113.0358,40.0784],[-113.0371,40.0805],[-113.046,40.0838]]]}},{"type":"Feature","properties":{"huc12":"160203060609","name":"Dry Lake"},"geometry":{"type":"Polygon","coordinates":[[[-113.1414,40.1356],[-113.1525,40.1418],[-113.1625,40.1428],[-113.1753,40.1408],[-113.1864,40.1366],[-113.1964,40.1365],[-113.2296,40.1293],[-113.2402,40.1292],[-113.2509,40.1272],[-113.2527,40.1294],[-113.2568,40.1285],[-113.2624,40.1313],[-113.2638,40.1294],[-113.2706,40.1289],[-113.2726,40.1271],[-113.2694,40.1238],[-113.2724,40.1116],[-113.2773,40.1083],[-113.277,40.1042],[-113.2752,40.1015],[-113.2757,40.097],[-113.2723,40.0945],[-113.2689,40.0938],[-113.2663,40.0905],[-113.2639,40.0812],[-113.2483,40.0792],[-113.2448,40.0775],[-113.2359,40.0631],[-113.22,40.0444],[-113.2195,40.0406],[-113.2167,40.0357],[-113.2128,40.0315],[-113.2078,40.0285],[-113.2031,40.0199],[-113.1991,40.0182],[-113.2015,40.0169],[-113.1998,40.0128],[-113.1945,40.0122],[-113.1953,40.0092],[-113.1943,40.0077],[-113.1899,40.0076],[-113.1888,40.01],[-113.1842,40.0084],[-113.1699,40.0098],[-113.1659,40.0079],[-113.1632,40.0082],[-113.1551,40.0139],[-113.1431,40.0187],[-113.1401,40.0223],[-113.1376,40.0412],[-113.1388,40.0547],[-113.1273,40.0552],[-113.1071,40.0486],[-113.0912,40.0504],[-113.0841,40.0497],[-113.1213,40.0682],[-113.1507,40.0949],[-113.1524,40.0985],[-113.1359,40.0977],[-113.0997,40.0927],[-113.0684,40.0794],[-113.0593,40.0788],[-113.0545,40.0829],[-113.046,40.0838],[-113.0472,40.0858],[-113.0469,40.0916],[-113.0602,40.0934],[-113.0663,40.0969],[-113.0671,40.1004],[-113.0695,40.1011],[-113.0749,40.1081],[-113.0792,40.11],[-113.0774,40.1143],[-113.0815,40.118],[-113.0806,40.1206],[-113.084,40.1207],[-113.0851,40.1232],[-113.087,40.1223],[-113.0895,40.1245],[-113.097,40.123],[-113.1019,40.1273],[-113.1029,40.13],[-113.1287,40.1305],[-113.1414,40.1356]]]}},{"type":"Feature","properties":{"huc12":"160203061001","name":"Indian Wash"},"geometry":{"type":"Polygon","coordinates":[[[-112.744,40.0029],[-112.7457,40.0002],[-112.7514,39.9991],[-112.7541,39.995],[-112.7541,39.9914],[-112.761,39.9863],[-112.7798,39.9829],[-112.8002,39.9834],[-112.8369,39.9962],[-112.8516,40.0052],[-112.8879,40.0199],[-112.9034,40.0248],[-112.927,40.0302],[-112.9286,40.0296],[-112.9295,40.0269],[-112.9238,40.0184],[-112.921,40.0107],[-112.9245,40.0098],[-112.9233,40.0069],[-112.9267,40.0015],[-112.9187,39.9953],[-112.9085,39.9907],[-112.9038,39.984],[-112.8935,39.9795],[-112.8849,39.9731],[-112.8834,39.9704],[-112.8735,39.9697],[-112.8612,39.9639],[-112.8561,39.957],[-112.8504,39.953],[-112.8492,39.9499],[-112.8502,39.9485],[-112.8406,39.9442],[-112.8369,39.9456],[-112.8344,39.945],[-112.8321,39.9439],[-112.8307,39.9406],[-112.8224,39.9435],[-112.8219,39.946],[-112.8244,39.9478],[-112.8243,39.9497],[-112.8158,39.9567],[-112.8106,39.9579],[-112.8027,39.9622],[-112.7967,39.9621],[-112.7858,39.9582],[-112.7819,39.9583],[-112.7678,39.9543],[-112.7609,39.9551],[-112.7428,39.954],[-112.735,39.9567],[-112.7321,39.9602],[-112.7293,39.9612],[-112.7306,39.9644],[-112.7283,39.9654],[-112.7281,39.9679],[-112.7255,39.9705],[-112.7259,39.973],[-112.7225,39.9789],[-112.7173,39.9791],[-112.7128,39.9856],[-112.7237,39.99],[-112.7208,39.9986],[-112.7231,40.0042],[-112.7272,40.0079],[-112.7366,40.006],[-112.7398,40.0031],[-112.744,40.0029]]]}},{"type":"Feature","properties":{"huc12":"160203061002","name":"Grassy Mountain"},"geometry":{"type":"Polygon","coordinates":[[[-112.8839,40.0554],[-112.8875,40.0497],[-112.8933,40.0472],[-112.9165,40.0507],[-112.9196,40.0552],[-112.9231,40.057],[-112.9231,40.0596],[-112.9278,40.0596],[-112.9294,40.0617],[-112.9286,40.0643],[-112.9295,40.066],[-112.9381,40.0689],[-112.9383,40.0782],[-112.928,40.076],[-112.9267,40.0785],[-112.9275,40.0837],[-112.9346,40.087],[-112.9358,40.089],[-112.9433,40.0912],[-112.9408,40.0956],[-112.9414,40.0989],[-112.9439,40.102],[-112.9488,40.1039],[-112.9515,40.1101],[-112.9536,40.1113],[-112.9542,40.1192],[-112.9558,40.1211],[-112.9559,40.1236],[-112.9586,40.1267],[-112.969,40.127],[-112.9797,40.1334],[-112.9817,40.1297],[-112.9886,40.126],[-112.989,40.1229],[-112.9879,40.1217],[-112.9904,40.1206],[-112.9966,40.1221],[-112.9989,40.1246],[-112.9992,40.1308],[-113.0025,40.135],[-113.0029,40.1379],[-113.0128,40.1411],[-113.0146,40.1406],[-113.0154,40.1357],[-113.0142,40.1353],[-113.0124,40.1304],[-113.0175,40.1253],[-113.0144,40.124],[-113.0152,40.1225],[-113.0132,40.1194],[-113.0184,40.1143],[-113.018,40.1129],[-113.0239,40.1107],[-113.0263,40.1068],[-113.0234,40.0963],[-113.016,40.0957],[-113.0141,40.0925],[-113.0202,40.0835],[-113.0169,40.0803],[-113.0121,40.0781],[-113.0115,40.0762],[-113.0148,40.0744],[-113.015,40.0722],[-113.0095,40.0663],[-113.0108,40.0637],[-113.0061,40.0608],[-113.0053,40.058],[-113.0012,40.0558],[-112.9981,40.0498],[-112.9923,40.0476],[-112.9934,40.0442],[-112.9923,40.0411],[-112.9871,40.0419],[-112.9863,40.039],[-112.9803,40.034],[-112.9729,40.036],[-112.971,40.0348],[-112.9683,40.0299],[-112.9603,40.023],[-112.9592,40.0162],[-112.9569,40.0156],[-112.9531,40.0196],[-112.9503,40.0186],[-112.9471,40.0196],[-112.9433,40.0169],[-112.9416,40.0178],[-112.9299,40.0069],[-112.9302,40.0028],[-112.9267,40.0015],[-112.9233,40.0069],[-112.9245,40.0098],[-112.921,40.0107],[-112.9238,40.0184],[-112.9294,40.0264],[-112.9286,40.0296],[-112.927,40.0302],[-112.9034,40.0248],[-112.8866,40.0194],[-112.8516,40.0052],[-112.8369,39.9962],[-112.8047,39.9846],[-112.7882,39.9823],[-112.7754,39.9834],[-112.7602,39.9866],[-112.7541,39.9914],[-112.7541,39.995],[-112.7514,39.9991],[-112.7457,40.0002],[-112.744,40.0029],[-112.7509,40.0039],[-112.7562,40.0014],[-112.7641,40.0007],[-112.7667,40.0019],[-112.7722,40.0006],[-112.7795,40.009],[-112.7806,40.014],[-112.7879,40.0203],[-112.8073,40.0284],[-112.8354,40.0338],[-112.8568,40.0359],[-112.8605,40.0387],[-112.8638,40.0432],[-112.8696,40.0455],[-112.8698,40.0485],[-112.8728,40.0506],[-112.873,40.0559],[-112.8772,40.057],[-112.8839,40.0554]]]}},{"type":"Feature","properties":{"huc12":"160203061003","name":"Upper Government Creek"},"geometry":{"type":"Polygon","coordinates":[[[-112.5844,40.0556],[-112.5863,40.0569],[-112.5852,40.0674],[-112.5905,40.0734],[-112.6001,40.0795],[-112.5996,40.0825],[-112.602,40.0848],[-112.6018,40.0898],[-112.6059,40.0931],[-112.6034,40.0957],[-112.6091,40.1033],[-112.6149,40.1044],[-112.6164,40.1063],[-112.6223,40.1043],[-112.6296,40.1067],[-112.6357,40.1029],[-112.6424,40.1047],[-112.6511,40.1093],[-112.6611,40.1116],[-112.6717,40.1091],[-112.679,40.1089],[-112.6887,40.1155],[-112.6891,40.121],[-112.6926,40.1224],[-112.697,40.1214],[-112.6956,40.1145],[-112.702,40.1102],[-112.7015,40.1078],[-112.7063,40.1054],[-112.7057,40.1008],[-112.7019,40.0965],[-112.704,40.0946],[-112.6991,40.0912],[-112.7036,40.0886],[-112.7047,40.0854],[-112.6964,40.0834],[-112.6942,40.0794],[-112.6866,40.0757],[-112.6795,40.0665],[-112.6786,40.0424],[-112.6758,40.0291],[-112.6783,40.0192],[-112.6756,40.0141],[-112.6733,39.9998],[-112.6769,39.9934],[-112.6762,39.9907],[-112.6775,39.9886],[-112.6823,39.983],[-112.6884,39.9809],[-112.6935,39.9756],[-112.6999,39.9657],[-112.6997,39.9608],[-112.7049,39.9574],[-112.7051,39.9556],[-112.6983,39.9533],[-112.6944,39.9566],[-112.6918,39.9563],[-112.6863,39.9608],[-112.6823,39.9595],[-112.6791,39.9561],[-112.6708,39.9581],[-112.6623,39.9564],[-112.6564,39.951],[-112.6531,39.952],[-112.6508,39.9512],[-112.6472,39.953],[-112.6374,39.9524],[-112.636,39.9551],[-112.6316,39.9557],[-112.6289,39.954],[-112.6245,39.9548],[-112.6217,39.952],[-112.6165,39.9581],[-112.6118,39.9601],[-112.6072,39.9649],[-112.5938,39.9713],[-112.588,39.9795],[-112.583,39.9817],[-112.5754,39.9817],[-112.5717,39.9871],[-112.569,39.9882],[-112.5645,39.9934],[-112.552,39.994],[-112.5498,39.9934],[-112.5465,39.9899],[-112.5441,39.9898],[-112.543,39.9923],[-112.5436,39.9952],[-112.548,40.0044],[-112.5478,40.0072],[-112.5524,40.0118],[-112.5527,40.0157],[-112.5569,40.0197],[-112.5612,40.0214],[-112.561,40.0233],[-112.5644,40.0277],[-112.5674,40.0295],[-112.5661,40.0344],[-112.5747,40.0407],[-112.5752,40.0438],[-112.5789,40.0478],[-112.5778,40.0526],[-112.5844,40.0556]]]}},{"type":"Feature","properties":{"huc12":"160203061004","name":"Simpson Springs"},"geometry":{"type":"Polygon","coordinates":[[[-112.7277,40.008],[-112.7289,40.0131],[-112.7318,40.017],[-112.7347,40.0179],[-112.7358,40.0239],[-112.74,40.0322],[-112.737,40.0419],[-112.7372,40.0477],[-112.7393,40.0537],[-112.7412,40.0545],[-112.7435,40.0599],[-112.7478,40.0646],[-112.7479,40.0671],[-112.755,40.0811],[-112.7603,40.0874],[-112.7631,40.0887],[-112.7578,40.0931],[-112.7574,40.0959],[-112.7734,40.1021],[-112.8106,40.1055],[-112.8209,40.1035],[-112.8443,40.1107],[-112.8491,40.1142],[-112.8793,40.1254],[-112.8841,40.1321],[-112.889,40.1353],[-112.8911,40.1396],[-112.9012,40.1484],[-112.9072,40.1517],[-112.9106,40.1562],[-112.9147,40.1529],[-112.9128,40.1496],[-112.9128,40.1435],[-112.9062,40.1355],[-112.9003,40.1304],[-112.8992,40.1265],[-112.8973,40.125],[-112.891,40.1239],[-112.8859,40.1206],[-112.8792,40.1117],[-112.8736,40.1083],[-112.8708,40.1017],[-112.8684,40.0868],[-112.8728,40.0818],[-112.8703,40.0749],[-112.8772,40.0708],[-112.88,40.0712],[-112.8835,40.0698],[-112.8866,40.0612],[-112.8839,40.0554],[-112.8772,40.057],[-112.873,40.0559],[-112.8728,40.0506],[-112.8698,40.0485],[-112.8696,40.0455],[-112.8638,40.0432],[-112.8605,40.0387],[-112.8568,40.0359],[-112.8354,40.0338],[-112.8073,40.0284],[-112.7879,40.0203],[-112.7806,40.014],[-112.7795,40.009],[-112.7722,40.0006],[-112.7667,40.0019],[-112.7641,40.0007],[-112.7562,40.0014],[-112.7509,40.0039],[-112.74,40.0031],[-112.7366,40.006],[-112.7277,40.008]]]}},{"type":"Feature","properties":{"huc12":"160203061005","name":"Davis Mountain"},"geometry":{"type":"Polygon","coordinates":[[[-112.7643,40.181],[-112.7685,40.1828],[-112.7757,40.1953],[-112.7783,40.1977],[-112.7824,40.1979],[-112.7889,40.2004],[-112.7949,40.1987],[-112.796,40.2015],[-112.8009,40.2018],[-112.8032,40.1985],[-112.8079,40.1983],[-112.8106,40.1958],[-112.8161,40.1958],[-112.8232,40.194],[-112.8257,40.1952],[-112.8285,40.1948],[-112.833,40.1921],[-112.8337,40.1938],[-112.8384,40.1967],[-112.8397,40.2005],[-112.8469,40.2025],[-112.8479,40.2013],[-112.8535,40.2022],[-112.8614,40.1996],[-112.87,40.1991],[-112.8752,40.1947],[-112.881,40.1934],[-112.8878,40.1901],[-112.9212,40.1816],[-112.9096,40.1709],[-112.8875,40.1598],[-112.8721,40.1562],[-112.8344,40.1409],[-112.8174,40.1315],[-112.8124,40.1256],[-112.8059,40.1208],[-112.7849,40.1085],[-112.7782,40.1077],[-112.7672,40.1082],[-112.7533,40.1113],[-112.7512,40.115],[-112.7476,40.1152],[-112.7436,40.1186],[-112.7364,40.1206],[-112.734,40.1223],[-112.7316,40.1274],[-112.727,40.1289],[-112.7274,40.1322],[-112.7299,40.1363],[-112.7291,40.1425],[-112.7309,40.1442],[-112.7329,40.1495],[-112.736,40.1519],[-112.7358,40.1543],[-112.7398,40.1572],[-112.7395,40.1603],[-112.7408,40.1621],[-112.7434,40.1635],[-112.7487,40.1633],[-112.7513,40.1611],[-112.7569,40.1635],[-112.7607,40.1628],[-112.765,40.1649],[-112.7633,40.1738],[-112.7661,40.1779],[-112.7643,40.181]]]}},{"type":"Feature","properties":{"huc12":"160203061006","name":"Middle Government Creek"},"geometry":{"type":"Polygon","coordinates":[[[-112.7273,40.1281],[-112.7316,40.1274],[-112.734,40.1223],[-112.7367,40.1205],[-112.7436,40.1186],[-112.7476,40.1152],[-112.7512,40.115],[-112.7533,40.1113],[-112.7682,40.1081],[-112.7841,40.1082],[-112.8059,40.1208],[-112.8124,40.1256],[-112.8174,40.1315],[-112.8337,40.1406],[-112.8698,40.1553],[-112.8902,40.161],[-112.9121,40.1723],[-112.9212,40.1816],[-112.9233,40.1808],[-112.9219,40.1781],[-112.9217,40.169],[-112.9178,40.1595],[-112.9151,40.158],[-112.9147,40.1529],[-112.9106,40.1562],[-112.9072,40.1517],[-112.9012,40.1484],[-112.8911,40.1396],[-112.889,40.1353],[-112.8841,40.1321],[-112.8788,40.1251],[-112.8491,40.1142],[-112.8443,40.1107],[-112.8275,40.1063],[-112.8238,40.104],[-112.8207,40.1035],[-112.8106,40.1055],[-112.7789,40.1029],[-112.7715,40.1017],[-112.7572,40.0958],[-112.7578,40.0931],[-112.7631,40.0887],[-112.7603,40.0874],[-112.755,40.0811],[-112.7479,40.0671],[-112.7478,40.0646],[-112.7435,40.0599],[-112.7412,40.0545],[-112.7392,40.0535],[-112.7372,40.0477],[-112.737,40.0419],[-112.74,40.0322],[-112.7358,40.0239],[-112.7347,40.0179],[-112.7317,40.0169],[-112.728,40.0117],[-112.7277,40.008],[-112.7219,40.0022],[-112.7208,39.9981],[-112.7238,39.9902],[-112.7128,39.9856],[-112.7173,39.9791],[-112.7225,39.9789],[-112.7259,39.973],[-112.7255,39.9705],[-112.7281,39.9679],[-112.7283,39.9654],[-112.7306,39.9641],[-112.7293,39.9612],[-112.7254,39.96],[-112.7236,39.9555],[-112.7162,39.9551],[-112.7095,39.952],[-112.7051,39.9556],[-112.7049,39.9574],[-112.6997,39.9608],[-112.6999,39.9657],[-112.6934,39.9757],[-112.6884,39.9809],[-112.6823,39.983],[-112.6775,39.9886],[-112.6762,39.9907],[-112.6769,39.9934],[-112.6733,39.9998],[-112.6756,40.0141],[-112.6783,40.0192],[-112.6758,40.0291],[-112.6786,40.0424],[-112.6792,40.0651],[-112.6866,40.0757],[-112.6942,40.0794],[-112.6964,40.0834],[-112.7047,40.0854],[-112.7036,40.0886],[-112.6991,40.0912],[-112.704,40.0946],[-112.7019,40.0965],[-112.7057,40.1008],[-112.7063,40.1054],[-112.7015,40.1078],[-112.702,40.1102],[-112.6956,40.1145],[-112.6974,40.1208],[-112.7027,40.1193],[-112.7127,40.1191],[-112.7211,40.1223],[-112.7221,40.1245],[-112.7257,40.1256],[-112.7273,40.1281]]]}},{"type":"Feature","properties":{"huc12":"160203040501","name":"Box Elder Wash"},"geometry":{"type":"Polygon","coordinates":[[[-112.4445,40.4687],[-112.4464,40.4767],[-112.446,40.4802],[-112.4416,40.4868],[-112.4434,40.4966],[-112.4404,40.5008],[-112.4364,40.503],[-112.435,40.5087],[-112.4332,40.5106],[-112.4298,40.5109],[-112.4218,40.5157],[-112.4158,40.5217],[-112.4154,40.5318],[-112.4171,40.5367],[-112.4125,40.5465],[-112.4125,40.551],[-112.4147,40.5529],[-112.4172,40.5605],[-112.4214,40.5823],[-112.4213,40.5924],[-112.427,40.5764],[-112.4273,40.5632],[-112.4308,40.5583],[-112.4289,40.5471],[-112.4328,40.5396],[-112.4566,40.5299],[-112.4667,40.522],[-112.4807,40.5154],[-112.483,40.515],[-112.486,40.5166],[-112.4914,40.5154],[-112.5007,40.5201],[-112.5066,40.5184],[-112.5208,40.5095],[-112.5389,40.5076],[-112.5453,40.5048],[-112.5519,40.5048],[-112.559,40.498],[-112.5696,40.4957],[-112.5715,40.4914],[-112.5754,40.4895],[-112.5762,40.4847],[-112.5862,40.4858],[-112.5929,40.4837],[-112.5993,40.4796],[-112.6025,40.475],[-112.6033,40.4663],[-112.6094,40.4595],[-112.6054,40.4505],[-112.5823,40.4523],[-112.5768,40.4481],[-112.5703,40.4368],[-112.5672,40.4359],[-112.5571,40.4501],[-112.548,40.4472],[-112.5424,40.4482],[-112.5418,40.4468],[-112.5374,40.447],[-112.5288,40.4448],[-112.5145,40.4454],[-112.479,40.4599],[-112.473,40.4654],[-112.468,40.4672],[-112.4609,40.4689],[-112.4535,40.4678],[-112.4445,40.4687]]]}},{"type":"Feature","properties":{"huc12":"160203040404","name":"Sixmile Creek-Frontal Great Salt Lake"},"geometry":{"type":"Polygon","coordinates":[[[-112.366,40.6659],[-112.3872,40.6724],[-112.3911,40.6694],[-112.3962,40.6596],[-112.3995,40.658],[-112.4006,40.6543],[-112.4,40.6464],[-112.3932,40.6362],[-112.3911,40.6227],[-112.3879,40.6208],[-112.3921,40.6185],[-112.3907,40.6176],[-112.3923,40.6137],[-112.3922,40.6006],[-112.3893,40.5955],[-112.3869,40.584],[-112.3779,40.5611],[-112.3661,40.5467],[-112.3524,40.5398],[-112.3431,40.5324],[-112.3253,40.527],[-112.3106,40.5194],[-112.3037,40.514],[-112.3051,40.5187],[-112.3087,40.5219],[-112.2995,40.5176],[-112.293,40.5204],[-112.2973,40.5231],[-112.3008,40.5273],[-112.3067,40.5376],[-112.3144,40.5425],[-112.3167,40.551],[-112.3227,40.5581],[-112.3224,40.5654],[-112.3268,40.5705],[-112.3267,40.5752],[-112.3328,40.5882],[-112.3327,40.5963],[-112.3367,40.6013],[-112.3353,40.6052],[-112.3384,40.61],[-112.3395,40.6151],[-112.3388,40.6243],[-112.3418,40.6264],[-112.342,40.6286],[-112.3458,40.633],[-112.3463,40.6367],[-112.3493,40.6391],[-112.3511,40.6442],[-112.3645,40.6609],[-112.366,40.6659]]]}},{"type":"Feature","properties":{"huc12":"160203040405","name":"Adobe Rock-Frontal Great Salt Lake"},"geometry":{"type":"Polygon","coordinates":[[[-112.2278,40.7256],[-112.2274,40.7238],[-112.258,40.7057],[-112.3141,40.6858],[-112.3091,40.6784],[-112.3063,40.6762],[-112.3052,40.6677],[-112.3034,40.6637],[-112.2949,40.659],[-112.2858,40.6581],[-112.2823,40.6564],[-112.2767,40.6526],[-112.2675,40.6405],[-112.256,40.6354],[-112.2513,40.6358],[-112.244,40.6337],[-112.2381,40.6341],[-112.2303,40.6329],[-112.2222,40.628],[-112.2168,40.6273],[-112.2134,40.6253],[-112.1977,40.6254],[-112.1939,40.6355],[-112.1952,40.64],[-112.198,40.6439],[-112.1979,40.6484],[-112.2016,40.6513],[-112.2029,40.6541],[-112.2013,40.6639],[-112.2015,40.6724],[-112.2043,40.6779],[-112.2031,40.6818],[-112.2094,40.6856],[-112.2158,40.6926],[-112.2216,40.6961],[-112.2216,40.7045],[-112.2258,40.7113],[-112.2234,40.717],[-112.2267,40.7208],[-112.2278,40.7256]]]}},{"type":"Feature","properties":{"huc12":"160203040502","name":"Silcox Canyon"},"geometry":{"type":"Polygon","coordinates":[[[-112.3062,40.5106],[-112.3102,40.5109],[-112.3286,40.5198],[-112.3359,40.5204],[-112.3367,40.522],[-112.3347,40.5239],[-112.3361,40.5246],[-112.3557,40.5311],[-112.3674,40.5333],[-112.3821,40.5433],[-112.3869,40.5452],[-112.3949,40.5516],[-112.397,40.556],[-112.4077,40.5659],[-112.4113,40.5741],[-112.4142,40.5777],[-112.414,40.5798],[-112.4168,40.5831],[-112.4192,40.5908],[-112.4213,40.5924],[-112.4214,40.5823],[-112.4172,40.5605],[-112.4147,40.5529],[-112.4125,40.551],[-112.4125,40.5465],[-112.4171,40.5367],[-112.4154,40.5318],[-112.4158,40.5217],[-112.4218,40.5157],[-112.4298,40.5109],[-112.4332,40.5106],[-112.435,40.5087],[-112.4364,40.503],[-112.4404,40.5008],[-112.4434,40.4966],[-112.4416,40.4868],[-112.446,40.4802],[-112.4464,40.4767],[-112.4445,40.4687],[-112.4285,40.4662],[-112.4242,40.4615],[-112.4124,40.4593],[-112.4081,40.4613],[-112.4048,40.4614],[-112.4008,40.4644],[-112.3962,40.4627],[-112.3866,40.4641],[-112.378,40.4624],[-112.3587,40.4653],[-112.3544,40.4678],[-112.3491,40.4676],[-112.346,40.4691],[-112.3437,40.4691],[-112.3335,40.4636],[-112.3272,40.4622],[-112.3237,40.4628],[-112.3147,40.4683],[-112.31,40.4667],[-112.3074,40.4608],[-112.3022,40.4596],[-112.298,40.4631],[-112.297,40.4663],[-112.2889,40.4697],[-112.302,40.4854],[-112.3014,40.4959],[-112.3022,40.499],[-112.3048,40.5007],[-112.3069,40.5048],[-112.3076,40.5077],[-112.3062,40.5106]]]}},{"type":"Feature","properties":{"huc12":"160203040503","name":"South Willow Creek-Frontal Great Salt Lake"},"geometry":{"type":"Polygon","coordinates":[[[-112.3872,40.6724],[-112.3905,40.6762],[-112.4072,40.6617],[-112.4139,40.6668],[-112.4184,40.6683],[-112.4242,40.6671],[-112.428,40.6649],[-112.4375,40.6633],[-112.4388,40.6587],[-112.4459,40.6558],[-112.4504,40.6519],[-112.4521,40.6486],[-112.4542,40.6348],[-112.4549,40.6167],[-112.4569,40.608],[-112.4564,40.6049],[-112.4579,40.5995],[-112.4602,40.5972],[-112.4776,40.5864],[-112.4807,40.5834],[-112.4845,40.5823],[-112.4966,40.5709],[-112.5062,40.564],[-112.5188,40.5574],[-112.526,40.5492],[-112.5417,40.5451],[-112.5431,40.5443],[-112.5432,40.5418],[-112.5507,40.5396],[-112.5627,40.533],[-112.5747,40.5298],[-112.581,40.5221],[-112.5852,40.5213],[-112.5896,40.5177],[-112.5937,40.5168],[-112.5944,40.5125],[-112.5988,40.509],[-112.5988,40.5053],[-112.6103,40.5035],[-112.6165,40.4983],[-112.6289,40.4955],[-112.6316,40.4889],[-112.6302,40.4861],[-112.6315,40.482],[-112.6301,40.4784],[-112.6284,40.4773],[-112.6293,40.4739],[-112.6275,40.4713],[-112.6292,40.4654],[-112.6263,40.4594],[-112.6206,40.4566],[-112.615,40.4569],[-112.6093,40.459],[-112.6033,40.4663],[-112.6025,40.475],[-112.5993,40.4796],[-112.5929,40.4837],[-112.5862,40.4858],[-112.5762,40.4847],[-112.5754,40.4895],[-112.5715,40.4914],[-112.5696,40.4957],[-112.559,40.498],[-112.5519,40.5048],[-112.5453,40.5048],[-112.5389,40.5076],[-112.5208,40.5095],[-112.5066,40.5184],[-112.5007,40.5201],[-112.4914,40.5154],[-112.486,40.5166],[-112.483,40.515],[-112.4807,40.5154],[-112.4667,40.522],[-112.4566,40.5299],[-112.4332,40.5393],[-112.4305,40.5425],[-112.4289,40.5471],[-112.4308,40.5583],[-112.4273,40.5632],[-112.427,40.5764],[-112.4213,40.5924],[-112.4192,40.5908],[-112.4168,40.5831],[-112.414,40.5798],[-112.4142,40.5777],[-112.4113,40.5741],[-112.4077,40.5659],[-112.397,40.556],[-112.3949,40.5516],[-112.3869,40.5452],[-112.3821,40.5433],[-112.3674,40.5333],[-112.3557,40.5311],[-112.3361,40.5246],[-112.3347,40.5239],[-112.3367,40.522],[-112.3359,40.5204],[-112.3286,40.5198],[-112.3102,40.5109],[-112.3062,40.5106],[-112.3037,40.514],[-112.3106,40.5194],[-112.3269,40.5278],[-112.3431,40.5324],[-112.3524,40.5398],[-112.3661,40.5467],[-112.3779,40.5611],[-112.3869,40.584],[-112.3893,40.5955],[-112.3922,40.601],[-112.3923,40.6137],[-112.3907,40.6176],[-112.3921,40.6185],[-112.3879,40.621],[-112.3911,40.6227],[-112.3932,40.6362],[-112.3996,40.6455],[-112.4008,40.6503],[-112.3995,40.658],[-112.397,40.6585],[-112.3911,40.6694],[-112.3872,40.6724]]]}},{"type":"Feature","properties":{"huc12":"160203040504","name":"North Willow Creek-Frontal Great Salt Lake"},"geometry":{"type":"Polygon","coordinates":[[[-112.3905,40.6762],[-112.3953,40.682],[-112.3963,40.6919],[-112.4103,40.6843],[-112.4412,40.6843],[-112.4519,40.6827],[-112.4584,40.6803],[-112.4618,40.6771],[-112.4603,40.6751],[-112.4648,40.6722],[-112.4642,40.6683],[-112.4698,40.6656],[-112.4658,40.6533],[-112.4665,40.649],[-112.4706,40.6451],[-112.4805,40.6403],[-112.4875,40.6347],[-112.4895,40.6237],[-112.4927,40.6229],[-112.4966,40.6184],[-112.5149,40.6082],[-112.5634,40.5957],[-112.5871,40.5852],[-112.5939,40.5854],[-112.6008,40.5812],[-112.6066,40.5806],[-112.6105,40.5817],[-112.6121,40.5739],[-112.6215,40.5654],[-112.619,40.5547],[-112.6232,40.5515],[-112.6244,40.5464],[-112.623,40.5387],[-112.6243,40.5379],[-112.6246,40.5336],[-112.6281,40.5282],[-112.6258,40.5219],[-112.6267,40.5189],[-112.6256,40.5164],[-112.6316,40.5009],[-112.6299,40.4965],[-112.6289,40.4955],[-112.6238,40.4959],[-112.6152,40.4989],[-112.6103,40.5035],[-112.5988,40.5053],[-112.5988,40.509],[-112.5944,40.5125],[-112.5937,40.5168],[-112.5896,40.5177],[-112.5852,40.5213],[-112.581,40.5221],[-112.5747,40.5298],[-112.5627,40.533],[-112.5507,40.5396],[-112.5432,40.5418],[-112.5431,40.5443],[-112.5417,40.5451],[-112.526,40.5492],[-112.5188,40.5574],[-112.5062,40.564],[-112.4966,40.5709],[-112.4845,40.5823],[-112.4807,40.5834],[-112.4776,40.5864],[-112.4616,40.596],[-112.4579,40.5995],[-112.4564,40.6049],[-112.4569,40.608],[-112.4549,40.6167],[-112.453,40.6447],[-112.4504,40.6519],[-112.4459,40.6558],[-112.4388,40.6587],[-112.4375,40.6633],[-112.4263,40.6653],[-112.42,40.6682],[-112.4156,40.6677],[-112.4089,40.6621],[-112.4067,40.6618],[-112.3905,40.6762]]]}},{"type":"Feature","properties":{"huc12":"160203040505","name":"Warm Springs Slough"},"geometry":{"type":"Polygon","coordinates":[[[-112.6105,40.5817],[-112.6066,40.5806],[-112.6008,40.5812],[-112.5939,40.5854],[-112.5871,40.5852],[-112.5634,40.5957],[-112.5111,40.6099],[-112.4958,40.619],[-112.4927,40.6229],[-112.4895,40.6237],[-112.4875,40.6347],[-112.4805,40.6403],[-112.4706,40.6451],[-112.4665,40.649],[-112.4658,40.6533],[-112.4698,40.6656],[-112.4642,40.6683],[-112.4648,40.672],[-112.4603,40.6751],[-112.4619,40.6769],[-112.4602,40.6792],[-112.4519,40.6827],[-112.4429,40.6841],[-112.4103,40.6843],[-112.3963,40.6919],[-112.4181,40.6908],[-112.4629,40.6849],[-112.4712,40.6877],[-112.4914,40.6844],[-112.4968,40.6845],[-112.5014,40.6866],[-112.5069,40.6847],[-112.5103,40.6828],[-112.5091,40.6803],[-112.5037,40.677],[-112.5043,40.6706],[-112.5093,40.6684],[-112.515,40.6695],[-112.5129,40.667],[-112.5133,40.6654],[-112.5225,40.6559],[-112.5253,40.651],[-112.5309,40.6474],[-112.5551,40.6384],[-112.556,40.6345],[-112.5619,40.6289],[-112.582,40.6246],[-112.5952,40.6247],[-112.5998,40.6267],[-112.6058,40.6252],[-112.6055,40.619],[-112.6087,40.6137],[-112.6129,40.6102],[-112.6163,40.5981],[-112.6216,40.5922],[-112.6225,40.589],[-112.6198,40.5828],[-112.6105,40.5817]]]}},{"type":"Feature","properties":{"huc12":"160203040506","name":"Miners Canyon-Frontal Great Salt Lake"},"geometry":{"type":"Polygon","coordinates":[[[-112.3963,40.6919],[-112.3964,40.6958],[-112.399,40.6971],[-112.402,40.7042],[-112.4054,40.7071],[-112.408,40.7063],[-112.4095,40.7082],[-112.4084,40.713],[-112.4041,40.7152],[-112.4005,40.7237],[-112.4008,40.7255],[-112.4057,40.7273],[-112.4072,40.7295],[-112.4058,40.7312],[-112.3822,40.7396],[-112.3889,40.7401],[-112.4001,40.7453],[-112.4117,40.7471],[-112.4155,40.7541],[-112.4301,40.7573],[-112.4354,40.7602],[-112.4371,40.7617],[-112.4378,40.7657],[-112.4397,40.7668],[-112.44,40.7693],[-112.4464,40.7748],[-112.4473,40.7779],[-112.4531,40.7831],[-112.4525,40.7862],[-112.4474,40.7884],[-112.4485,40.7902],[-112.4512,40.7888],[-112.4514,40.7899],[-112.4531,40.7888],[-112.4536,40.7898],[-112.4552,40.7882],[-112.4543,40.7867],[-112.4577,40.7869],[-112.4607,40.7886],[-112.4618,40.7925],[-112.4676,40.7966],[-112.4695,40.8051],[-112.4722,40.8065],[-112.4722,40.8083],[-112.4695,40.8151],[-112.4644,40.8187],[-112.4626,40.8217],[-112.4703,40.8259],[-112.4719,40.8285],[-112.4693,40.8362],[-112.4715,40.8416],[-112.4706,40.845],[-112.477,40.8547],[-112.4793,40.8626],[-112.4792,40.8768],[-112.4882,40.8826],[-112.4904,40.8858],[-112.4899,40.8872],[-112.4948,40.8901],[-112.4945,40.8949],[-112.4965,40.897],[-112.4954,40.9002],[-112.501,40.907],[-112.5003,40.91],[-112.503,40.9141],[-112.5014,40.9223],[-112.5024,40.9237],[-112.5068,40.925],[-112.5084,40.9277],[-112.5083,40.931],[-112.5104,40.9329],[-112.511,40.9239],[-112.507,40.9206],[-112.5061,40.9157],[-112.5069,40.9131],[-112.5057,40.9098],[-112.5096,40.9055],[-112.51,40.9032],[-112.5074,40.8969],[-112.5091,40.8834],[-112.5141,40.8785],[-112.5146,40.8762],[-112.5079,40.8708],[-112.5046,40.8697],[-112.5033,40.8639],[-112.5062,40.8614],[-112.5073,40.8566],[-112.4969,40.8434],[-112.4991,40.8405],[-112.499,40.8383],[-112.4973,40.833],[-112.4969,40.8257],[-112.4946,40.8219],[-112.4971,40.8164],[-112.4918,40.8085],[-112.4943,40.7978],[-112.5024,40.7912],[-112.5072,40.7757],[-112.5207,40.768],[-112.5183,40.7606],[-112.5218,40.7565],[-112.528,40.7558],[-112.5264,40.7509],[-112.5308,40.7479],[-112.5253,40.7449],[-112.5285,40.7424],[-112.5246,40.7414],[-112.526,40.7377],[-112.5304,40.7359],[-112.5317,40.7331],[-112.5343,40.7336],[-112.5367,40.731],[-112.5386,40.7283],[-112.5394,40.7236],[-112.5375,40.7199],[-112.5469,40.714],[-112.5455,40.71],[-112.5482,40.703],[-112.5454,40.7031],[-112.5425,40.6985],[-112.5451,40.6959],[-112.5455,40.692],[-112.5395,40.6901],[-112.5398,40.6863],[-112.5441,40.6844],[-112.55,40.6794],[-112.5643,40.6735],[-112.5745,40.6789],[-112.5916,40.676],[-112.5911,40.6729],[-112.5943,40.6701],[-112.5903,40.6641],[-112.5897,40.6586],[-112.5923,40.6546],[-112.5958,40.6543],[-112.6001,40.6456],[-112.6022,40.644],[-112.5998,40.6412],[-112.6028,40.6389],[-112.6061,40.6257],[-112.5998,40.6267],[-112.5952,40.6247],[-112.582,40.6246],[-112.5615,40.6291],[-112.556,40.6345],[-112.5551,40.6384],[-112.5365,40.6448],[-112.5256,40.6508],[-112.5225,40.6559],[-112.5133,40.6654],[-112.5129,40.667],[-112.515,40.6695],[-112.5093,40.6684],[-112.5043,40.6706],[-112.5037,40.677],[-112.5091,40.6803],[-112.5103,40.6828],[-112.5031,40.6866],[-112.4936,40.6842],[-112.4712,40.6877],[-112.4629,40.6849],[-112.4181,40.6908],[-112.3963,40.6919]]]}},{"type":"Feature","properties":{"huc12":"160203061101","name":"North Table Mountain Reservoir"},"geometry":{"type":"Polygon","coordinates":[[[-112.8654,39.8849],[-112.8706,39.8848],[-112.8746,39.888],[-112.8819,39.8902],[-112.8849,39.8885],[-112.8906,39.8882],[-112.8909,39.8907],[-112.8886,39.8954],[-112.8835,39.8998],[-112.8834,39.9027],[-112.8857,39.9072],[-112.8794,39.9096],[-112.8803,39.9145],[-112.8788,39.9147],[-112.8785,39.9174],[-112.8809,39.9216],[-112.884,39.9223],[-112.8843,39.9295],[-112.8885,39.9332],[-112.8896,39.9399],[-112.8947,39.9414],[-112.8993,39.9459],[-112.9095,39.9484],[-112.9115,39.9518],[-112.9168,39.9516],[-112.9201,39.9564],[-112.9254,39.9588],[-112.9306,39.9683],[-112.934,39.9701],[-112.9313,39.9829],[-112.9323,39.9848],[-112.9374,39.9867],[-112.9373,39.9769],[-112.9413,39.9746],[-112.9443,39.9704],[-112.9493,39.9693],[-112.9552,39.964],[-112.968,39.9616],[-112.9554,39.9521],[-112.9488,39.9355],[-112.9496,39.9329],[-112.9485,39.9245],[-112.9422,39.9133],[-112.9425,39.908],[-112.9415,39.9012],[-112.9396,39.8976],[-112.939,39.8856],[-112.9361,39.8802],[-112.9349,39.8746],[-112.9271,39.865],[-112.9143,39.8549],[-112.9116,39.8469],[-112.9123,39.8443],[-112.9111,39.8438],[-112.9112,39.8413],[-112.9069,39.8395],[-112.9027,39.8337],[-112.9054,39.8282],[-112.9024,39.8265],[-112.9007,39.8229],[-112.9023,39.818],[-112.901,39.8102],[-112.9052,39.8046],[-112.9093,39.8023],[-112.9121,39.795],[-112.9135,39.7946],[-112.9127,39.7901],[-112.91,39.7867],[-112.8998,39.786],[-112.8952,39.7874],[-112.8896,39.7864],[-112.8881,39.7872],[-112.8879,39.7894],[-112.8832,39.7856],[-112.8759,39.7849],[-112.8695,39.7893],[-112.8643,39.7865],[-112.8598,39.7877],[-112.858,39.7899],[-112.853,39.7892],[-112.8413,39.7905],[-112.8406,39.794],[-112.8364,39.7956],[-112.8402,39.8001],[-112.842,39.8001],[-112.8451,39.8027],[-112.8478,39.8018],[-112.8479,39.7998],[-112.8522,39.8001],[-112.8565,39.8051],[-112.8586,39.8106],[-112.8577,39.8147],[-112.8591,39.8208],[-112.8607,39.8227],[-112.8635,39.8223],[-112.8668,39.8239],[-112.8733,39.8309],[-112.8783,39.8336],[-112.879,39.841],[-112.8757,39.8522],[-112.8766,39.8553],[-112.8785,39.857],[-112.8749,39.8598],[-112.8709,39.8601],[-112.8729,39.8692],[-112.8687,39.8729],[-112.8682,39.8817],[-112.8654,39.8849]]]}},{"type":"Feature","properties":{"huc12":"160203061007","name":"Lower Government Creek"},"geometry":{"type":"Polygon","coordinates":[[[-112.796,40.2559],[-112.799,40.2565],[-112.8022,40.2537],[-112.8044,40.2538],[-112.8127,40.2591],[-112.8136,40.2653],[-112.8129,40.2678],[-112.8208,40.267],[-112.8274,40.2715],[-112.8354,40.2729],[-112.8374,40.2757],[-112.8442,40.276],[-112.8469,40.2738],[-112.8483,40.2759],[-112.8528,40.2751],[-112.8531,40.2776],[-112.8558,40.2798],[-112.86,40.278],[-112.8632,40.2785],[-112.8671,40.2764],[-112.871,40.277],[-112.8742,40.2738],[-112.8776,40.2723],[-112.8787,40.2699],[-112.8759,40.2677],[-112.8795,40.2641],[-112.88,40.262],[-112.887,40.2558],[-112.8833,40.2474],[-112.8894,40.242],[-112.8888,40.2378],[-112.8905,40.235],[-112.8928,40.2343],[-112.89,40.2263],[-112.8985,40.2301],[-112.9062,40.2297],[-112.911,40.2264],[-112.9236,40.2222],[-112.928,40.2176],[-112.9364,40.2124],[-112.9473,40.2108],[-112.9638,40.2046],[-112.9843,40.2016],[-113.0141,40.2022],[-113.0237,40.1993],[-113.0235,40.1984],[-113.0208,40.1957],[-113.0164,40.1939],[-112.9914,40.1924],[-112.9732,40.1869],[-112.9519,40.1829],[-112.9472,40.1799],[-112.9397,40.1775],[-112.9231,40.1747],[-112.9219,40.1781],[-112.9233,40.1805],[-112.9227,40.1813],[-112.8878,40.1901],[-112.881,40.1934],[-112.8752,40.1947],[-112.8716,40.1983],[-112.8683,40.1996],[-112.8614,40.1996],[-112.8535,40.2022],[-112.8479,40.2013],[-112.8469,40.2025],[-112.845,40.2023],[-112.8397,40.2005],[-112.8384,40.1967],[-112.8337,40.1938],[-112.8329,40.1921],[-112.8285,40.1948],[-112.8257,40.1952],[-112.8232,40.194],[-112.8161,40.1958],[-112.8111,40.1957],[-112.8079,40.1983],[-112.8032,40.1985],[-112.8014,40.2017],[-112.7966,40.2016],[-112.7949,40.1987],[-112.7889,40.2004],[-112.7777,40.1974],[-112.7685,40.1828],[-112.7643,40.181],[-112.7605,40.1927],[-112.7618,40.202],[-112.7608,40.2059],[-112.7625,40.2123],[-112.7618,40.2156],[-112.7628,40.217],[-112.7732,40.2196],[-112.7729,40.2235],[-112.7712,40.2253],[-112.7718,40.2275],[-112.7757,40.23],[-112.7752,40.2336],[-112.7734,40.2358],[-112.7735,40.2379],[-112.776,40.24],[-112.7757,40.2433],[-112.7847,40.2484],[-112.7861,40.2509],[-112.794,40.2535],[-112.796,40.2559]]]}},{"type":"Feature","properties":{"huc12":"160203061009","name":"Camels Back Ridge"},"geometry":{"type":"Polygon","coordinates":[[[-113.0237,40.1993],[-113.0369,40.2028],[-113.0376,40.2044],[-113.0411,40.2041],[-113.0417,40.1986],[-113.0484,40.1981],[-113.0457,40.1906],[-113.0485,40.1869],[-113.0385,40.1739],[-113.0303,40.1525],[-113.0315,40.1507],[-113.0289,40.1478],[-113.0277,40.1358],[-113.0295,40.133],[-113.0266,40.1294],[-113.0219,40.129],[-113.0203,40.1262],[-113.0172,40.1284],[-113.0128,40.1292],[-113.0141,40.1352],[-113.0154,40.1357],[-113.0146,40.1406],[-113.0135,40.1412],[-113.0027,40.1376],[-113.0026,40.1352],[-112.9992,40.1308],[-112.9989,40.1246],[-112.9966,40.1221],[-112.9904,40.1206],[-112.9879,40.1217],[-112.989,40.1229],[-112.9886,40.126],[-112.9817,40.1297],[-112.9797,40.1334],[-112.969,40.127],[-112.9588,40.1269],[-112.9559,40.1236],[-112.9558,40.1211],[-112.9542,40.1192],[-112.9536,40.1113],[-112.9515,40.1101],[-112.9488,40.1039],[-112.9439,40.102],[-112.9414,40.0989],[-112.9408,40.0956],[-112.9433,40.0912],[-112.9358,40.089],[-112.9346,40.087],[-112.9275,40.0837],[-112.9267,40.0785],[-112.928,40.076],[-112.9383,40.0782],[-112.9381,40.0689],[-112.9295,40.066],[-112.9286,40.0643],[-112.9294,40.0617],[-112.9278,40.0596],[-112.9231,40.0596],[-112.9231,40.057],[-112.9196,40.0552],[-112.9159,40.0504],[-112.8946,40.0472],[-112.8875,40.0497],[-112.8839,40.0554],[-112.8866,40.0612],[-112.8835,40.0698],[-112.88,40.0712],[-112.8772,40.0708],[-112.8703,40.0749],[-112.8728,40.0818],[-112.8684,40.0868],[-112.8701,40.0994],[-112.874,40.1087],[-112.8792,40.1117],[-112.8871,40.1216],[-112.892,40.1243],[-112.8985,40.1257],[-112.9003,40.1304],[-112.9062,40.1355],[-112.9128,40.1435],[-112.9128,40.1496],[-112.9153,40.1542],[-112.9151,40.158],[-112.9178,40.1595],[-112.9217,40.169],[-112.9223,40.1747],[-112.9397,40.1775],[-112.9472,40.1799],[-112.9519,40.1829],[-112.9732,40.1869],[-112.9914,40.1924],[-113.0164,40.1939],[-113.0208,40.1957],[-113.0237,40.1993]]]}},{"type":"Feature","properties":{"huc12":"160203061102","name":"Old River Bed"},"geometry":{"type":"Polygon","coordinates":[[[-113.0261,40.1062],[-113.0348,40.1085],[-113.0344,40.111],[-113.0475,40.1158],[-113.0531,40.1215],[-113.0611,40.1218],[-113.067,40.1074],[-113.0715,40.1043],[-113.0695,40.1011],[-113.0671,40.1004],[-113.0663,40.0969],[-113.061,40.0936],[-113.0469,40.0916],[-113.0472,40.0858],[-113.046,40.0838],[-113.0389,40.0819],[-113.0359,40.0789],[-113.0359,40.0713],[-113.0313,40.0663],[-113.0231,40.0623],[-113.0229,40.0577],[-113.0179,40.054],[-113.0153,40.0537],[-113.0118,40.0498],[-113.0109,40.0461],[-113.0085,40.0429],[-113.0104,40.0402],[-113.0039,40.0349],[-112.9941,40.0324],[-112.9925,40.0298],[-112.9871,40.0262],[-112.987,40.0191],[-112.9857,40.018],[-112.9866,40.0165],[-112.9846,40.0142],[-112.9822,40.0133],[-112.9778,40.015],[-112.9791,40.0121],[-112.9789,39.9982],[-112.9754,39.9912],[-112.9753,39.9818],[-112.9716,39.9672],[-112.968,39.9616],[-112.9552,39.964],[-112.9493,39.9693],[-112.9443,39.9704],[-112.9413,39.9746],[-112.9373,39.9769],[-112.9374,39.9867],[-112.9323,39.9848],[-112.9313,39.9829],[-112.934,39.9701],[-112.9306,39.9683],[-112.9254,39.9588],[-112.9201,39.9564],[-112.9168,39.9516],[-112.9115,39.9518],[-112.9095,39.9484],[-112.8993,39.9459],[-112.8947,39.9414],[-112.8896,39.9399],[-112.8885,39.9332],[-112.8843,39.9295],[-112.884,39.9223],[-112.8809,39.9216],[-112.8785,39.9174],[-112.8788,39.9147],[-112.8803,39.9145],[-112.8794,39.9096],[-112.8857,39.9072],[-112.8834,39.9027],[-112.8835,39.8998],[-112.8886,39.8954],[-112.8909,39.8907],[-112.8906,39.8882],[-112.8849,39.8885],[-112.8819,39.8902],[-112.8746,39.888],[-112.8706,39.8848],[-112.8643,39.8852],[-112.8616,39.8825],[-112.8571,39.8821],[-112.8552,39.8893],[-112.8557,39.8926],[-112.8535,39.8949],[-112.8566,39.8982],[-112.8558,39.9025],[-112.8503,39.9088],[-112.8551,39.9114],[-112.8586,39.9163],[-112.8579,39.9194],[-112.8611,39.927],[-112.8578,39.9291],[-112.8571,39.9312],[-112.8461,39.9309],[-112.8449,39.9338],[-112.8464,39.9367],[-112.8424,39.9452],[-112.8502,39.9485],[-112.8492,39.9499],[-112.8504,39.953],[-112.8561,39.957],[-112.8612,39.9639],[-112.8735,39.9697],[-112.8834,39.9704],[-112.8849,39.9731],[-112.8935,39.9795],[-112.9038,39.984],[-112.9085,39.9907],[-112.9187,39.9953],[-112.9252,40.0007],[-112.9299,40.0025],[-112.9308,40.0049],[-112.9299,40.0069],[-112.9415,40.0177],[-112.9433,40.0169],[-112.9471,40.0196],[-112.9503,40.0186],[-112.9531,40.0196],[-112.9569,40.0156],[-112.9592,40.0162],[-112.9603,40.023],[-112.9683,40.0299],[-112.971,40.0348],[-112.9729,40.036],[-112.9803,40.034],[-112.9863,40.039],[-112.9871,40.0419],[-112.9923,40.0411],[-112.9934,40.0442],[-112.9923,40.0476],[-112.9981,40.0498],[-113.0012,40.0558],[-113.0053,40.058],[-113.0061,40.0608],[-113.0108,40.0637],[-113.0095,40.0663],[-113.015,40.0722],[-113.0148,40.0744],[-113.0119,40.0758],[-113.0116,40.0773],[-113.0202,40.0835],[-113.0179,40.0878],[-113.0154,40.0892],[-113.0141,40.0922],[-113.0146,40.0944],[-113.016,40.0957],[-113.0234,40.0963],[-113.0261,40.1062]]]}},{"type":"Feature","properties":{"huc12":"160203061104","name":"160203061104"},"geometry":{"type":"Polygon","coordinates":[[[-113.014,40.2359],[-113.0154,40.2407],[-113.0437,40.2409],[-113.0691,40.2439],[-113.109,40.2451],[-113.1375,40.2533],[-113.1297,40.2233],[-113.1146,40.2087],[-113.1128,40.204],[-113.1101,40.2038],[-113.1085,40.2052],[-113.1064,40.2043],[-113.1078,40.2018],[-113.106,40.1984],[-113.107,40.1914],[-113.1021,40.1864],[-113.0994,40.1856],[-113.0957,40.1795],[-113.0954,40.1684],[-113.0976,40.1642],[-113.1017,40.1607],[-113.1,40.1571],[-113.0998,40.1419],[-113.098,40.141],[-113.0871,40.1223],[-113.0853,40.1233],[-113.0838,40.1206],[-113.0806,40.1206],[-113.0815,40.118],[-113.0774,40.1139],[-113.0792,40.11],[-113.0755,40.1086],[-113.0715,40.1043],[-113.067,40.1074],[-113.0611,40.1218],[-113.0531,40.1215],[-113.0475,40.1158],[-113.0405,40.114],[-113.0389,40.1119],[-113.0358,40.1118],[-113.0341,40.1102],[-113.0348,40.1085],[-113.0264,40.1063],[-113.0239,40.1107],[-113.019,40.112],[-113.0179,40.113],[-113.0184,40.1143],[-113.0132,40.1194],[-113.0152,40.1225],[-113.0144,40.124],[-113.0175,40.1253],[-113.0153,40.1283],[-113.0209,40.1263],[-113.0219,40.129],[-113.0266,40.1294],[-113.0295,40.133],[-113.0277,40.1358],[-113.0289,40.1478],[-113.0315,40.1507],[-113.0305,40.153],[-113.0385,40.1739],[-113.0486,40.1871],[-113.0457,40.1906],[-113.0484,40.1981],[-113.0417,40.1986],[-113.0406,40.2088],[-113.0371,40.2074],[-113.0337,40.2103],[-113.0304,40.2101],[-113.0295,40.2138],[-113.0274,40.2155],[-113.0228,40.2148],[-113.0246,40.2163],[-113.023,40.2195],[-113.0214,40.2199],[-113.0213,40.2221],[-113.0179,40.2214],[-113.0161,40.2245],[-113.0153,40.2342],[-113.0141,40.2344],[-113.014,40.2359]]]}},{"type":"Feature","properties":{"huc12":"160203061201","name":"Quincy Spring"},"geometry":{"type":"Polygon","coordinates":[[[-112.9587,40.6035],[-112.9663,40.6056],[-112.9732,40.6042],[-112.9804,40.606],[-112.9879,40.6038],[-112.9978,40.6069],[-113.0022,40.607],[-113.0085,40.6104],[-113.0153,40.6075],[-113.0151,40.6052],[-113.0191,40.6015],[-113.0259,40.5997],[-113.0281,40.6009],[-113.0302,40.6091],[-113.0334,40.6097],[-113.0556,40.6064],[-113.0621,40.6024],[-113.0745,40.6],[-113.0968,40.5981],[-113.0982,40.5999],[-113.1085,40.6005],[-113.1157,40.599],[-113.1244,40.5995],[-113.128,40.5978],[-113.1334,40.5908],[-113.1398,40.5878],[-113.1501,40.5738],[-113.152,40.5664],[-113.1461,40.5553],[-113.1259,40.5554],[-113.1176,40.5513],[-113.1084,40.5496],[-113.0909,40.5484],[-113.0839,40.551],[-113.0386,40.5582],[-113.0142,40.5538],[-113.0032,40.5472],[-112.9969,40.5461],[-112.9945,40.5478],[-112.9833,40.5472],[-112.9773,40.5436],[-112.9695,40.5417],[-112.9672,40.5454],[-112.9675,40.549],[-112.9617,40.5575],[-112.9635,40.5599],[-112.9615,40.5648],[-112.9633,40.5656],[-112.9634,40.5693],[-112.9615,40.5726],[-112.9641,40.5744],[-112.9655,40.578],[-112.9639,40.581],[-112.965,40.5828],[-112.962,40.5868],[-112.962,40.5933],[-112.9608,40.5963],[-112.957,40.5998],[-112.9587,40.6035]]]}},{"type":"Feature","properties":{"huc12":"160203061202","name":"Tabbys Spring"},"geometry":{"type":"Polygon","coordinates":[[[-112.9775,40.5258],[-112.9866,40.5315],[-112.9904,40.5306],[-112.9968,40.532],[-113.0042,40.5369],[-113.0092,40.538],[-113.0143,40.5337],[-113.023,40.5359],[-113.0449,40.5376],[-113.0872,40.5366],[-113.0906,40.537],[-113.092,40.5385],[-113.101,40.5388],[-113.1168,40.5433],[-113.1252,40.5439],[-113.1372,40.5421],[-113.1402,40.5431],[-113.1528,40.5423],[-113.1554,40.538],[-113.1592,40.5357],[-113.149,40.5309],[-113.1247,40.5319],[-113.1186,40.5308],[-113.1195,40.5287],[-113.1187,40.5271],[-113.1218,40.5257],[-113.1215,40.5182],[-113.1237,40.5174],[-113.1253,40.5121],[-113.1283,40.5093],[-113.1248,40.5056],[-113.1255,40.502],[-113.1176,40.4986],[-113.1158,40.4956],[-113.115,40.49],[-113.1172,40.486],[-113.1123,40.4868],[-113.0997,40.4845],[-113.0853,40.4839],[-113.0596,40.4893],[-113.0549,40.4887],[-113.0516,40.4852],[-113.0466,40.484],[-113.0368,40.4754],[-113.0354,40.4662],[-113.0374,40.4616],[-113.0395,40.4611],[-113.0396,40.4571],[-113.0363,40.4538],[-113.0303,40.4426],[-113.0332,40.4386],[-113.0324,40.4332],[-113.0256,40.4313],[-113.0203,40.4348],[-113.02,40.437],[-113.0162,40.4369],[-113.0138,40.435],[-113.0142,40.433],[-113.0127,40.4314],[-113.0078,40.4292],[-113.0034,40.43],[-113.0018,40.4324],[-113.0028,40.4339],[-112.9993,40.4363],[-112.9996,40.4401],[-113.0019,40.4428],[-112.9984,40.4447],[-112.9962,40.449],[-112.9918,40.4502],[-112.9912,40.452],[-112.9877,40.4526],[-112.9858,40.4547],[-112.986,40.4615],[-112.9874,40.4634],[-112.9831,40.4646],[-112.9804,40.469],[-112.9819,40.4722],[-112.9795,40.4724],[-112.9802,40.4751],[-112.9787,40.4789],[-112.9792,40.4852],[-112.978,40.4865],[-112.984,40.4907],[-112.9836,40.4918],[-112.9866,40.495],[-112.9847,40.4986],[-112.9857,40.5003],[-112.983,40.5027],[-112.9838,40.5059],[-112.983,40.5078],[-112.9842,40.5097],[-112.9804,40.512],[-112.9779,40.5167],[-112.9785,40.5219],[-112.9775,40.5258]]]}},{"type":"Feature","properties":{"huc12":"160203061203","name":"Wig Mountain"},"geometry":{"type":"Polygon","coordinates":[[[-113.007,40.4293],[-113.0127,40.4314],[-113.0142,40.433],[-113.0138,40.435],[-113.0159,40.4368],[-113.02,40.437],[-113.0203,40.4348],[-113.0253,40.4314],[-113.0294,40.4316],[-113.0322,40.4332],[-113.0348,40.4323],[-113.0386,40.4276],[-113.0381,40.4216],[-113.0428,40.4169],[-113.0521,40.4141],[-113.0779,40.411],[-113.0914,40.4075],[-113.1103,40.4064],[-113.1151,40.4074],[-113.1195,40.4051],[-113.1229,40.4061],[-113.1267,40.4044],[-113.1306,40.4052],[-113.1307,40.4012],[-113.1376,40.3996],[-113.1451,40.4028],[-113.1514,40.4008],[-113.1518,40.3995],[-113.1545,40.4019],[-113.1788,40.4045],[-113.1942,40.4092],[-113.2019,40.4137],[-113.2131,40.4128],[-113.2183,40.415],[-113.2258,40.4124],[-113.2214,40.4067],[-113.2121,40.4001],[-113.2027,40.3913],[-113.1614,40.362],[-113.1455,40.3447],[-113.1314,40.3323],[-113.1074,40.3191],[-113.0946,40.3147],[-113.0834,40.3138],[-113.0806,40.3104],[-113.0757,40.3131],[-113.0722,40.3122],[-113.0679,40.313],[-113.0659,40.3147],[-113.0669,40.3164],[-113.0662,40.3174],[-113.06,40.32],[-113.059,40.3223],[-113.0424,40.3267],[-113.0382,40.3339],[-113.0383,40.338],[-113.0369,40.3393],[-113.0377,40.3411],[-113.0362,40.3443],[-113.0371,40.3467],[-113.0356,40.3484],[-113.0321,40.3501],[-113.0288,40.3497],[-113.0267,40.3516],[-113.0237,40.3505],[-113.0148,40.3515],[-113.0024,40.3589],[-113.0066,40.3657],[-113.0039,40.369],[-113.0065,40.3707],[-113.007,40.3738],[-113.0109,40.3744],[-113.0141,40.3772],[-113.0131,40.3823],[-113.014,40.3833],[-113.0104,40.3844],[-113.0089,40.3888],[-113.0135,40.3946],[-113.0154,40.3953],[-113.0144,40.4004],[-113.0187,40.4049],[-113.0177,40.4085],[-113.014,40.4109],[-113.0135,40.4186],[-113.0106,40.4193],[-113.0095,40.4223],[-113.0063,40.424],[-113.0037,40.4273],[-113.007,40.4293]]]}},{"type":"Feature","properties":{"huc12":"160203061205","name":"Cedar Spring"},"geometry":{"type":"Polygon","coordinates":[[[-113.0324,40.4332],[-113.0332,40.4386],[-113.0303,40.4426],[-113.0363,40.4538],[-113.0396,40.4571],[-113.0395,40.4611],[-113.0374,40.4616],[-113.0354,40.4662],[-113.0368,40.4754],[-113.0466,40.484],[-113.0516,40.4852],[-113.0545,40.4884],[-113.0579,40.4892],[-113.0625,40.4891],[-113.0731,40.4863],[-113.0807,40.4825],[-113.0835,40.4796],[-113.0903,40.477],[-113.0958,40.4703],[-113.1077,40.4614],[-113.1073,40.4574],[-113.1138,40.4561],[-113.1216,40.4572],[-113.1274,40.456],[-113.1288,40.4575],[-113.1308,40.4573],[-113.1331,40.4518],[-113.1315,40.4504],[-113.1331,40.4491],[-113.1322,40.447],[-113.1339,40.4444],[-113.1675,40.4459],[-113.202,40.4529],[-113.232,40.4632],[-113.2514,40.4756],[-113.273,40.473],[-113.2795,40.4704],[-113.2819,40.4748],[-113.2908,40.4815],[-113.2974,40.4775],[-113.3001,40.4725],[-113.3069,40.4722],[-113.3061,40.4705],[-113.3072,40.4671],[-113.3051,40.4633],[-113.3091,40.4595],[-113.3103,40.4545],[-113.3052,40.4512],[-113.3085,40.4458],[-113.3074,40.4422],[-113.3019,40.436],[-113.2958,40.4357],[-113.2838,40.4307],[-113.278,40.4322],[-113.2743,40.4352],[-113.2662,40.4351],[-113.2628,40.4326],[-113.2597,40.436],[-113.2539,40.4365],[-113.2483,40.4308],[-113.2454,40.4255],[-113.241,40.4246],[-113.2385,40.4271],[-113.2351,40.4227],[-113.2364,40.4214],[-113.2257,40.4132],[-113.2183,40.415],[-113.2131,40.4128],[-113.2012,40.4136],[-113.1942,40.4092],[-113.1842,40.4059],[-113.1669,40.4026],[-113.1545,40.4019],[-113.1518,40.3995],[-113.1514,40.4008],[-113.1453,40.4028],[-113.1388,40.3998],[-113.1316,40.4007],[-113.1305,40.4018],[-113.1306,40.4052],[-113.1267,40.4044],[-113.1229,40.4061],[-113.1195,40.4051],[-113.1151,40.4074],[-113.1111,40.4064],[-113.0961,40.4069],[-113.0779,40.411],[-113.0521,40.4141],[-113.0428,40.4169],[-113.0398,40.4193],[-113.0381,40.4216],[-113.0386,40.4276],[-113.0348,40.4323],[-113.0324,40.4332]]]}},{"type":"Feature","properties":{"huc12":"160203061206","name":"160203061206"},"geometry":{"type":"Polygon","coordinates":[[[-113.1662,40.6294],[-113.1763,40.6275],[-113.1762,40.6247],[-113.178,40.6213],[-113.1864,40.6149],[-113.1882,40.6117],[-113.1849,40.6018],[-113.1893,40.5962],[-113.1882,40.5927],[-113.191,40.5861],[-113.1887,40.5805],[-113.183,40.5739],[-113.182,40.5712],[-113.1828,40.5675],[-113.1859,40.5659],[-113.2092,40.5649],[-113.2146,40.5634],[-113.2194,40.5662],[-113.2293,40.5655],[-113.2453,40.558],[-113.249,40.5513],[-113.2458,40.5417],[-113.244,40.5406],[-113.2411,40.5425],[-113.2391,40.5423],[-113.2337,40.5354],[-113.2329,40.5325],[-113.233,40.5238],[-113.2344,40.5202],[-113.2335,40.5188],[-113.2365,40.5124],[-113.2358,40.5076],[-113.2389,40.5028],[-113.2419,40.5011],[-113.2412,40.4968],[-113.2458,40.4916],[-113.2609,40.49],[-113.2646,40.4877],[-113.2807,40.4844],[-113.2909,40.4846],[-113.2905,40.4809],[-113.2819,40.4748],[-113.2805,40.4708],[-113.2779,40.4707],[-113.273,40.473],[-113.2514,40.4756],[-113.232,40.4632],[-113.202,40.4529],[-113.1675,40.4459],[-113.1338,40.4444],[-113.1322,40.447],[-113.133,40.4493],[-113.1315,40.4504],[-113.1331,40.4518],[-113.1308,40.4573],[-113.1288,40.4575],[-113.1274,40.456],[-113.1216,40.4572],[-113.1138,40.4561],[-113.1073,40.4574],[-113.1077,40.4614],[-113.0958,40.4703],[-113.0907,40.4767],[-113.0835,40.4796],[-113.0783,40.484],[-113.07,40.4874],[-113.0853,40.4839],[-113.0997,40.4845],[-113.1123,40.4868],[-113.1172,40.486],[-113.115,40.49],[-113.1158,40.4956],[-113.1176,40.4986],[-113.1255,40.502],[-113.1248,40.5056],[-113.1283,40.5093],[-113.1253,40.5121],[-113.1237,40.5174],[-113.1215,40.5182],[-113.1218,40.5257],[-113.1187,40.5271],[-113.1195,40.5287],[-113.1186,40.5308],[-113.1247,40.5319],[-113.1498,40.531],[-113.1591,40.5352],[-113.1554,40.538],[-113.1533,40.5421],[-113.1209,40.5438],[-113.101,40.5388],[-113.092,40.5385],[-113.0889,40.5367],[-113.0449,40.5376],[-113.023,40.5359],[-113.0143,40.5337],[-113.0092,40.538],[-113.0042,40.5369],[-112.9968,40.532],[-112.9904,40.5306],[-112.9866,40.5315],[-112.9775,40.5258],[-112.9733,40.5259],[-112.9709,40.5303],[-112.9692,40.5308],[-112.9678,40.5377],[-112.9695,40.5417],[-112.9773,40.5436],[-112.9833,40.5472],[-112.9945,40.5478],[-112.9969,40.5461],[-113.0032,40.5472],[-113.0142,40.5538],[-113.0316,40.5576],[-113.0389,40.5582],[-113.0571,40.5554],[-113.085,40.5508],[-113.0914,40.5483],[-113.1147,40.5506],[-113.1228,40.5546],[-113.1284,40.5558],[-113.1461,40.5553],[-113.1517,40.5653],[-113.1519,40.5697],[-113.1473,40.5781],[-113.1398,40.5878],[-113.1334,40.5908],[-113.1265,40.5989],[-113.115,40.599],[-113.1098,40.6006],[-113.0982,40.5999],[-113.0968,40.5981],[-113.0745,40.6],[-113.0621,40.6024],[-113.0556,40.6064],[-113.0668,40.6066],[-113.0808,40.6097],[-113.1098,40.6229],[-113.1165,40.6224],[-113.1218,40.6167],[-113.1285,40.6159],[-113.1367,40.6183],[-113.1368,40.6205],[-113.1395,40.6244],[-113.1537,40.6239],[-113.1662,40.6294]]]}},{"type":"Feature","properties":{"huc12":"160203050102","name":"Blue Canyon"},"geometry":{"type":"Polygon","coordinates":[[[-112.5705,40.3392],[-112.5734,40.3435],[-112.5711,40.347],[-112.5749,40.3563],[-112.5839,40.3657],[-112.5872,40.3726],[-112.5904,40.3819],[-112.5896,40.3864],[-112.5906,40.3911],[-112.6016,40.3826],[-112.6102,40.3712],[-112.613,40.3701],[-112.6118,40.3679],[-112.6118,40.3608],[-112.6134,40.3571],[-112.616,40.3555],[-112.6173,40.3475],[-112.6194,40.3469],[-112.6232,40.3411],[-112.6261,40.3395],[-112.6372,40.3252],[-112.6439,40.3206],[-112.6543,40.3106],[-112.6665,40.3033],[-112.6736,40.3005],[-112.6876,40.2991],[-112.6866,40.2944],[-112.6803,40.2859],[-112.6736,40.2807],[-112.6585,40.2733],[-112.6384,40.2686],[-112.6243,40.2673],[-112.6096,40.2625],[-112.6001,40.2654],[-112.5924,40.2649],[-112.5855,40.2598],[-112.5737,40.2573],[-112.5693,40.255],[-112.5682,40.2528],[-112.5623,40.2516],[-112.5601,40.2479],[-112.551,40.2452],[-112.5439,40.2486],[-112.5506,40.2528],[-112.552,40.2646],[-112.5548,40.2688],[-112.555,40.2713],[-112.5599,40.2757],[-112.561,40.2802],[-112.5642,40.2839],[-112.5697,40.2947],[-112.5706,40.3046],[-112.5781,40.31],[-112.5789,40.3126],[-112.5811,40.3144],[-112.5808,40.3169],[-112.5788,40.3189],[-112.5821,40.3249],[-112.5817,40.3318],[-112.5705,40.3392]]]}},{"type":"Feature","properties":{"huc12":"160203050101","name":"Valley Reservoir"},"geometry":{"type":"Polygon","coordinates":[[[-112.5465,40.1851],[-112.55,40.184],[-112.5522,40.181],[-112.5559,40.1796],[-112.5547,40.1757],[-112.5594,40.173],[-112.5648,40.1751],[-112.5771,40.1766],[-112.5809,40.176],[-112.5857,40.173],[-112.5973,40.172],[-112.6072,40.1695],[-112.611,40.1693],[-112.6129,40.1715],[-112.6207,40.1707],[-112.626,40.1734],[-112.6285,40.1733],[-112.6351,40.1839],[-112.6386,40.1853],[-112.6481,40.1944],[-112.6506,40.1946],[-112.6608,40.2023],[-112.665,40.2034],[-112.6675,40.2066],[-112.6735,40.2063],[-112.6733,40.2021],[-112.6783,40.2012],[-112.6822,40.2021],[-112.6954,40.1992],[-112.698,40.1972],[-112.7012,40.1983],[-112.7035,40.201],[-112.7031,40.2033],[-112.7048,40.2056],[-112.7065,40.206],[-112.7076,40.2088],[-112.7135,40.2131],[-112.7187,40.2153],[-112.7343,40.217],[-112.7377,40.2064],[-112.7464,40.1975],[-112.7424,40.1872],[-112.7522,40.1855],[-112.7578,40.1784],[-112.7612,40.178],[-112.7647,40.1754],[-112.7633,40.1737],[-112.7651,40.1651],[-112.7607,40.1628],[-112.7569,40.1635],[-112.7513,40.1611],[-112.7487,40.1633],[-112.7434,40.1635],[-112.7408,40.1621],[-112.7395,40.1603],[-112.7398,40.1572],[-112.7358,40.1543],[-112.736,40.1519],[-112.7329,40.1495],[-112.7309,40.1442],[-112.7291,40.1425],[-112.7299,40.1363],[-112.7274,40.1322],[-112.7273,40.1281],[-112.7257,40.1256],[-112.7223,40.1247],[-112.7211,40.1223],[-112.7176,40.1208],[-112.7124,40.119],[-112.7027,40.1193],[-112.6926,40.1224],[-112.6888,40.1207],[-112.6897,40.1179],[-112.6887,40.1155],[-112.6793,40.1089],[-112.6717,40.1091],[-112.6611,40.1116],[-112.6511,40.1093],[-112.6424,40.1047],[-112.6357,40.1029],[-112.6296,40.1067],[-112.6223,40.1043],[-112.6164,40.1063],[-112.6149,40.1044],[-112.6087,40.1031],[-112.6034,40.0957],[-112.6059,40.0931],[-112.6018,40.0898],[-112.602,40.0848],[-112.5996,40.0825],[-112.6001,40.0795],[-112.5905,40.0734],[-112.5852,40.0674],[-112.5863,40.0569],[-112.5844,40.0556],[-112.5809,40.066],[-112.5781,40.0671],[-112.5728,40.0668],[-112.5729,40.0691],[-112.5704,40.07],[-112.5686,40.0739],[-112.5703,40.0756],[-112.5701,40.0808],[-112.5681,40.0836],[-112.5704,40.0893],[-112.5707,40.0941],[-112.5656,40.0983],[-112.5698,40.105],[-112.5709,40.1091],[-112.5662,40.114],[-112.5654,40.1171],[-112.5607,40.1214],[-112.5636,40.1258],[-112.5622,40.1299],[-112.5633,40.1426],[-112.561,40.1451],[-112.5618,40.1473],[-112.56,40.1543],[-112.5568,40.1562],[-112.5535,40.1654],[-112.5476,40.1685],[-112.5422,40.1748],[-112.5432,40.1807],[-112.5465,40.1851]]]}},{"type":"Feature","properties":{"huc12":"160203050103","name":"Burnt Canyon"},"geometry":{"type":"Polygon","coordinates":[[[-112.5687,40.2286],[-112.5851,40.2389],[-112.5885,40.2391],[-112.6099,40.23],[-112.6213,40.2271],[-112.6314,40.2282],[-112.6421,40.2341],[-112.652,40.2367],[-112.6635,40.2456],[-112.6704,40.2543],[-112.6776,40.26],[-112.6794,40.2675],[-112.6837,40.2724],[-112.6878,40.2741],[-112.6963,40.2874],[-112.709,40.303],[-112.712,40.3009],[-112.7151,40.2926],[-112.7359,40.2827],[-112.7374,40.2776],[-112.739,40.2764],[-112.7473,40.273],[-112.7525,40.2732],[-112.7697,40.2688],[-112.7807,40.2645],[-112.7946,40.2637],[-112.7971,40.262],[-112.7978,40.2598],[-112.794,40.2535],[-112.7861,40.2509],[-112.7847,40.2484],[-112.7757,40.2433],[-112.776,40.24],[-112.7735,40.2379],[-112.7734,40.2358],[-112.7752,40.2336],[-112.7757,40.23],[-112.7718,40.2275],[-112.7712,40.2253],[-112.7729,40.2235],[-112.7732,40.2196],[-112.7628,40.217],[-112.7618,40.2156],[-112.7625,40.2123],[-112.7608,40.2059],[-112.7618,40.202],[-112.7605,40.1927],[-112.762,40.1865],[-112.7647,40.1823],[-112.7637,40.1814],[-112.7661,40.1781],[-112.7647,40.1754],[-112.7612,40.178],[-112.7578,40.1784],[-112.7522,40.1855],[-112.7424,40.1872],[-112.7464,40.1975],[-112.7377,40.2064],[-112.7343,40.217],[-112.7187,40.2153],[-112.7135,40.2131],[-112.7076,40.2088],[-112.7065,40.206],[-112.7048,40.2056],[-112.7031,40.2033],[-112.7035,40.201],[-112.7012,40.1983],[-112.698,40.1972],[-112.6954,40.1992],[-112.6822,40.2021],[-112.6783,40.2012],[-112.6733,40.2021],[-112.6735,40.2063],[-112.6675,40.2066],[-112.665,40.2034],[-112.6608,40.2023],[-112.6506,40.1946],[-112.6481,40.1944],[-112.6386,40.1853],[-112.6351,40.1839],[-112.6285,40.1733],[-112.626,40.1734],[-112.6207,40.1707],[-112.6129,40.1715],[-112.611,40.1693],[-112.6072,40.1695],[-112.5973,40.172],[-112.5857,40.173],[-112.5809,40.176],[-112.5771,40.1766],[-112.5582,40.1733],[-112.5547,40.1757],[-112.5559,40.1796],[-112.5522,40.181],[-112.55,40.184],[-112.5465,40.1851],[-112.5465,40.1865],[-112.5536,40.1944],[-112.5528,40.1987],[-112.5551,40.2001],[-112.5602,40.2096],[-112.56,40.2138],[-112.5629,40.2159],[-112.5628,40.2187],[-112.5654,40.2206],[-112.5662,40.2247],[-112.5687,40.2286]]]}},{"type":"Feature","properties":{"huc12":"160203050104","name":"Barlow Creek"},"geometry":{"type":"Polygon","coordinates":[[[-112.5946,40.396],[-112.6025,40.4033],[-112.6183,40.4014],[-112.6209,40.3921],[-112.6243,40.3887],[-112.6246,40.3835],[-112.6316,40.3799],[-112.6359,40.3745],[-112.6513,40.3671],[-112.6598,40.3645],[-112.6614,40.3623],[-112.6658,40.3618],[-112.6699,40.3534],[-112.6793,40.3447],[-112.6989,40.3361],[-112.7119,40.3256],[-112.7213,40.3244],[-112.7314,40.3205],[-112.7341,40.3171],[-112.7353,40.312],[-112.7424,40.306],[-112.744,40.3026],[-112.7469,40.2909],[-112.7447,40.288],[-112.7504,40.2859],[-112.7551,40.2777],[-112.761,40.2723],[-112.7697,40.2688],[-112.7525,40.2732],[-112.7473,40.273],[-112.7382,40.2768],[-112.7359,40.2827],[-112.7151,40.2926],[-112.712,40.3009],[-112.709,40.303],[-112.6963,40.2874],[-112.6878,40.2741],[-112.6837,40.2724],[-112.6794,40.2675],[-112.6776,40.26],[-112.6704,40.2543],[-112.6635,40.2456],[-112.652,40.2367],[-112.6421,40.2341],[-112.6314,40.2282],[-112.6213,40.2271],[-112.6099,40.23],[-112.5883,40.2392],[-112.5848,40.2388],[-112.5693,40.2288],[-112.5646,40.2292],[-112.5595,40.2336],[-112.559,40.2356],[-112.5553,40.2365],[-112.551,40.2396],[-112.5514,40.2456],[-112.5601,40.2479],[-112.5623,40.2516],[-112.5682,40.2528],[-112.5693,40.255],[-112.5737,40.2573],[-112.5855,40.2598],[-112.5924,40.2649],[-112.6001,40.2654],[-112.6096,40.2625],[-112.6243,40.2673],[-112.6384,40.2686],[-112.6585,40.2733],[-112.6733,40.2805],[-112.6796,40.2853],[-112.6859,40.2931],[-112.6877,40.299],[-112.6736,40.3005],[-112.6665,40.3033],[-112.6543,40.3106],[-112.6439,40.3206],[-112.6372,40.3252],[-112.6261,40.3395],[-112.6232,40.3411],[-112.6194,40.3469],[-112.6173,40.3475],[-112.616,40.3555],[-112.6134,40.3571],[-112.6118,40.3608],[-112.6118,40.3679],[-112.613,40.3701],[-112.6102,40.3712],[-112.6016,40.3826],[-112.5906,40.3911],[-112.5909,40.3932],[-112.5946,40.396]]]}},{"type":"Feature","properties":{"huc12":"160203050201","name":"Spring Creek"},"geometry":{"type":"Polygon","coordinates":[[[-112.7697,40.2688],[-112.761,40.2723],[-112.7551,40.2777],[-112.7504,40.2859],[-112.7447,40.288],[-112.7469,40.2909],[-112.744,40.3026],[-112.7424,40.306],[-112.7353,40.312],[-112.7341,40.3171],[-112.7316,40.3203],[-112.7213,40.3244],[-112.7119,40.3256],[-112.6989,40.3361],[-112.6793,40.3447],[-112.6699,40.3534],[-112.6658,40.3618],[-112.6614,40.3623],[-112.6598,40.3645],[-112.6513,40.3671],[-112.6359,40.3745],[-112.6316,40.3799],[-112.6246,40.3835],[-112.6243,40.3887],[-112.6209,40.3921],[-112.619,40.4009],[-112.6259,40.4009],[-112.6385,40.3971],[-112.6605,40.3954],[-112.6717,40.3925],[-112.6858,40.3862],[-112.7009,40.3875],[-112.7192,40.3861],[-112.7291,40.3799],[-112.7373,40.3773],[-112.7497,40.377],[-112.7606,40.375],[-112.7653,40.3696],[-112.7723,40.3671],[-112.7754,40.3674],[-112.7762,40.365],[-112.7812,40.3627],[-112.7817,40.3596],[-112.7859,40.3544],[-112.7927,40.3384],[-112.7977,40.3215],[-112.7974,40.318],[-112.8058,40.3098],[-112.8105,40.3022],[-112.8198,40.2963],[-112.8258,40.2966],[-112.8299,40.2942],[-112.8331,40.2969],[-112.8372,40.2979],[-112.8387,40.2943],[-112.8436,40.2911],[-112.8481,40.2845],[-112.8524,40.2864],[-112.8534,40.2831],[-112.8562,40.2811],[-112.853,40.2774],[-112.8529,40.2751],[-112.8483,40.2759],[-112.8469,40.2738],[-112.8442,40.276],[-112.8375,40.2757],[-112.8354,40.2729],[-112.8274,40.2715],[-112.8208,40.267],[-112.8129,40.2678],[-112.8136,40.2653],[-112.8127,40.2591],[-112.803,40.2533],[-112.799,40.2565],[-112.796,40.2559],[-112.7978,40.2598],[-112.7953,40.2635],[-112.7807,40.2645],[-112.7697,40.2688]]]}},{"type":"Feature","properties":{"huc12":"160203050303","name":"Wildcat Canyon"},"geometry":{"type":"Polygon","coordinates":[[[-112.8097,40.5176],[-112.8077,40.5221],[-112.7979,40.5283],[-112.797,40.5345],[-112.8075,40.534],[-112.8162,40.5301],[-112.8213,40.5227],[-112.8232,40.5148],[-112.8292,40.5084],[-112.8371,40.5055],[-112.8496,40.5041],[-112.8669,40.5074],[-112.8778,40.5172],[-112.8912,40.5238],[-112.9111,40.5241],[-112.9148,40.5269],[-112.9179,40.5263],[-112.9209,40.5276],[-112.9267,40.5203],[-112.927,40.5179],[-112.9303,40.5151],[-112.9307,40.509],[-112.9369,40.5077],[-112.9395,40.5038],[-112.9427,40.5028],[-112.9467,40.497],[-112.9476,40.4916],[-112.9518,40.4849],[-112.9579,40.4862],[-112.9652,40.4858],[-112.9675,40.4843],[-112.9747,40.4864],[-112.9763,40.4849],[-112.9791,40.4853],[-112.9787,40.4789],[-112.9802,40.475],[-112.9795,40.4725],[-112.9819,40.4722],[-112.9805,40.4688],[-112.9831,40.4646],[-112.9874,40.4634],[-112.986,40.4617],[-112.9858,40.4554],[-112.9764,40.4539],[-112.972,40.4463],[-112.9641,40.4432],[-112.9611,40.4404],[-112.9614,40.4384],[-112.9596,40.4351],[-112.9569,40.4335],[-112.9559,40.429],[-112.9484,40.4266],[-112.9375,40.4197],[-112.8937,40.4211],[-112.8824,40.4264],[-112.872,40.4368],[-112.8701,40.4431],[-112.8592,40.452],[-112.8567,40.4588],[-112.8531,40.4608],[-112.8459,40.4688],[-112.8401,40.4801],[-112.8334,40.4837],[-112.8252,40.5001],[-112.8097,40.5176]]]}},{"type":"Feature","properties":{"huc12":"160203050304","name":"Cedar Mountains"},"geometry":{"type":"Polygon","coordinates":[[[-112.7775,40.5728],[-112.7798,40.5724],[-112.7831,40.5694],[-112.7898,40.5686],[-112.7982,40.5611],[-112.8011,40.5567],[-112.8079,40.5542],[-112.8263,40.5525],[-112.8439,40.5532],[-112.8517,40.5515],[-112.8591,40.5517],[-112.8866,40.5467],[-112.9135,40.5448],[-112.9281,40.5406],[-112.9478,40.5413],[-112.9524,40.5447],[-112.9659,40.5463],[-112.9696,40.5416],[-112.9678,40.5377],[-112.9692,40.5308],[-112.9709,40.5303],[-112.9733,40.5259],[-112.9775,40.5258],[-112.9785,40.5219],[-112.9779,40.5167],[-112.9804,40.512],[-112.9842,40.5097],[-112.983,40.5078],[-112.9838,40.5059],[-112.983,40.5027],[-112.9857,40.5003],[-112.9847,40.4986],[-112.9866,40.495],[-112.9836,40.4918],[-112.984,40.4907],[-112.9802,40.4886],[-112.9772,40.4849],[-112.9747,40.4864],[-112.9676,40.4843],[-112.9667,40.4854],[-112.9612,40.4861],[-112.952,40.4848],[-112.949,40.4883],[-112.9467,40.497],[-112.9427,40.5028],[-112.9395,40.5038],[-112.9369,40.5077],[-112.9307,40.509],[-112.9303,40.5151],[-112.9274,40.5174],[-112.9241,40.5244],[-112.9207,40.5276],[-112.9179,40.5263],[-112.9148,40.5269],[-112.9111,40.5241],[-112.8912,40.5238],[-112.8778,40.5172],[-112.8657,40.507],[-112.8608,40.5069],[-112.8512,40.5041],[-112.8371,40.5055],[-112.8292,40.5084],[-112.8232,40.5148],[-112.8213,40.5227],[-112.8162,40.5301],[-112.8075,40.534],[-112.7974,40.5346],[-112.7979,40.5283],[-112.8077,40.5221],[-112.8097,40.5176],[-112.7962,40.5158],[-112.8012,40.512],[-112.8037,40.5071],[-112.7963,40.5079],[-112.8037,40.4992],[-112.8053,40.4914],[-112.8026,40.4842],[-112.7987,40.4933],[-112.793,40.4963],[-112.7919,40.4987],[-112.7763,40.4964],[-112.771,40.4975],[-112.7728,40.501],[-112.7764,40.5037],[-112.786,40.5061],[-112.7884,40.5087],[-112.7881,40.5188],[-112.7911,40.5247],[-112.7935,40.5361],[-112.7928,40.5405],[-112.7875,40.5496],[-112.7866,40.5626],[-112.7795,40.5669],[-112.7775,40.5728]]]}},{"type":"Feature","properties":{"huc12":"160203050202","name":"Antelope Canyon"},"geometry":{"type":"Polygon","coordinates":[[[-112.6316,40.4887],[-112.642,40.4911],[-112.6569,40.4979],[-112.6669,40.4961],[-112.674,40.4973],[-112.6817,40.497],[-112.6985,40.505],[-112.7274,40.5085],[-112.7332,40.5078],[-112.7423,40.5025],[-112.7578,40.497],[-112.7649,40.4963],[-112.7703,40.4976],[-112.7763,40.4964],[-112.7918,40.4988],[-112.7914,40.4926],[-112.7878,40.4901],[-112.786,40.4829],[-112.7796,40.4738],[-112.7777,40.4669],[-112.7741,40.4661],[-112.769,40.4612],[-112.7658,40.455],[-112.7646,40.4483],[-112.7605,40.4441],[-112.7628,40.4421],[-112.7633,40.4371],[-112.7673,40.4329],[-112.7659,40.4263],[-112.7632,40.4221],[-112.7605,40.4214],[-112.7455,40.4217],[-112.7279,40.42],[-112.6906,40.4232],[-112.6792,40.4208],[-112.6731,40.4229],[-112.6622,40.4298],[-112.6578,40.431],[-112.6578,40.4348],[-112.6535,40.4354],[-112.6504,40.4378],[-112.6307,40.4396],[-112.6256,40.4413],[-112.6212,40.4459],[-112.6173,40.4473],[-112.6168,40.4543],[-112.6262,40.4594],[-112.628,40.4622],[-112.6292,40.4654],[-112.6275,40.4714],[-112.6292,40.4737],[-112.6284,40.4773],[-112.6301,40.4784],[-112.6315,40.482],[-112.6302,40.4861],[-112.6316,40.4887]]]}},{"type":"Feature","properties":{"huc12":"160203050203","name":"Indian Hickman Canyon"},"geometry":{"type":"Polygon","coordinates":[[[-112.6202,40.4567],[-112.6168,40.4545],[-112.6172,40.4475],[-112.6212,40.4459],[-112.6256,40.4413],[-112.6307,40.4396],[-112.6504,40.4378],[-112.6535,40.4354],[-112.6578,40.4348],[-112.6578,40.431],[-112.6622,40.4298],[-112.678,40.421],[-112.6906,40.4232],[-112.7279,40.42],[-112.7455,40.4217],[-112.7619,40.4216],[-112.7659,40.4263],[-112.7673,40.4329],[-112.7633,40.4371],[-112.7628,40.4421],[-112.7605,40.4441],[-112.7646,40.4483],[-112.7658,40.455],[-112.769,40.4612],[-112.7741,40.4661],[-112.7777,40.4669],[-112.7796,40.4738],[-112.786,40.4829],[-112.7878,40.4901],[-112.7914,40.4926],[-112.7918,40.4988],[-112.7934,40.496],[-112.7977,40.4947],[-112.8024,40.4852],[-112.803,40.4795],[-112.8019,40.4779],[-112.8011,40.4641],[-112.8094,40.4411],[-112.8097,40.4316],[-112.8078,40.4245],[-112.8048,40.4223],[-112.8009,40.4125],[-112.7988,40.4116],[-112.8002,40.4054],[-112.7962,40.4004],[-112.7942,40.3918],[-112.7888,40.3901],[-112.7877,40.3883],[-112.7839,40.3869],[-112.7826,40.3839],[-112.7795,40.3827],[-112.7792,40.3787],[-112.7774,40.3758],[-112.7747,40.3746],[-112.7763,40.3711],[-112.7754,40.3674],[-112.7723,40.3671],[-112.7647,40.37],[-112.7606,40.375],[-112.7497,40.377],[-112.7373,40.3773],[-112.7291,40.3799],[-112.7204,40.3858],[-112.7009,40.3875],[-112.6858,40.3862],[-112.6717,40.3925],[-112.6605,40.3954],[-112.6385,40.3971],[-112.6259,40.4009],[-112.6225,40.4001],[-112.616,40.4021],[-112.6025,40.4033],[-112.6026,40.4128],[-112.6048,40.4161],[-112.6033,40.4201],[-112.6043,40.4308],[-112.6022,40.436],[-112.6041,40.4432],[-112.6069,40.4467],[-112.6058,40.452],[-112.6093,40.459],[-112.6145,40.457],[-112.6202,40.4567]]]}},{"type":"Feature","properties":{"huc12":"160203050301","name":"Wide Hollow"},"geometry":{"type":"Polygon","coordinates":[[[-112.8026,40.4842],[-112.8053,40.4914],[-112.8037,40.4992],[-112.7973,40.5055],[-112.7964,40.5082],[-112.8047,40.5066],[-112.8132,40.4998],[-112.8125,40.493],[-112.8153,40.4828],[-112.8141,40.4791],[-112.8154,40.4752],[-112.8148,40.4676],[-112.8192,40.4587],[-112.8184,40.4353],[-112.8327,40.4125],[-112.8371,40.4011],[-112.8438,40.3963],[-112.8466,40.3917],[-112.8534,40.3881],[-112.8615,40.3786],[-112.8722,40.369],[-112.8813,40.3643],[-112.8845,40.3609],[-112.8872,40.3546],[-112.8893,40.353],[-112.9005,40.3526],[-112.9077,40.3483],[-112.9119,40.3484],[-112.9291,40.3428],[-112.939,40.3425],[-112.9481,40.3348],[-112.9475,40.3309],[-112.9453,40.3299],[-112.9426,40.3244],[-112.9406,40.3234],[-112.9405,40.3184],[-112.9326,40.3177],[-112.9302,40.3144],[-112.9216,40.3096],[-112.9137,40.3104],[-112.9094,40.3086],[-112.9036,40.3095],[-112.8976,40.3073],[-112.8964,40.3051],[-112.8908,40.3033],[-112.8861,40.2992],[-112.8817,40.299],[-112.8805,40.2962],[-112.8758,40.2966],[-112.8727,40.2951],[-112.8744,40.2904],[-112.8719,40.2884],[-112.8714,40.2829],[-112.865,40.2776],[-112.8558,40.2798],[-112.8562,40.2812],[-112.8534,40.2831],[-112.8524,40.2864],[-112.8481,40.2845],[-112.8436,40.2911],[-112.8387,40.2943],[-112.8372,40.2979],[-112.8331,40.2969],[-112.8299,40.2942],[-112.8258,40.2966],[-112.8198,40.2963],[-112.8105,40.3022],[-112.8058,40.3098],[-112.7974,40.318],[-112.7977,40.3215],[-112.7929,40.3377],[-112.7876,40.3511],[-112.7817,40.3596],[-112.7812,40.3627],[-112.7775,40.364],[-112.7755,40.3663],[-112.7763,40.3711],[-112.7747,40.3745],[-112.7774,40.3758],[-112.7792,40.3787],[-112.7795,40.3827],[-112.7826,40.3839],[-112.7839,40.3869],[-112.7877,40.3883],[-112.7888,40.3901],[-112.7942,40.3918],[-112.7962,40.4004],[-112.8002,40.4054],[-112.7988,40.4116],[-112.8009,40.4125],[-112.8048,40.4223],[-112.8078,40.4245],[-112.8096,40.4311],[-112.8094,40.4411],[-112.8011,40.4641],[-112.8026,40.4842]]]}},{"type":"Feature","properties":{"huc12":"160203050302","name":"Rydalch Canyon"},"geometry":{"type":"Polygon","coordinates":[[[-112.8037,40.5071],[-112.8012,40.512],[-112.7962,40.5158],[-112.8097,40.5176],[-112.8252,40.5001],[-112.8334,40.4837],[-112.8401,40.4801],[-112.8459,40.4688],[-112.8531,40.4608],[-112.8567,40.4588],[-112.8592,40.452],[-112.8701,40.4431],[-112.872,40.4368],[-112.8824,40.4264],[-112.8937,40.4211],[-112.9371,40.4196],[-112.9484,40.4266],[-112.9559,40.429],[-112.9569,40.4335],[-112.9596,40.4351],[-112.9614,40.4384],[-112.9611,40.4404],[-112.9641,40.4432],[-112.972,40.4463],[-112.9764,40.4539],[-112.9858,40.4554],[-112.9877,40.4526],[-112.9962,40.449],[-112.9984,40.4447],[-113.0019,40.4428],[-112.9996,40.4401],[-112.9993,40.4363],[-113.0028,40.4339],[-113.0018,40.4324],[-113.0034,40.43],[-113.007,40.4294],[-113.0038,40.4272],[-113.0063,40.424],[-113.0095,40.4223],[-113.0106,40.4193],[-113.0135,40.4186],[-113.014,40.4109],[-113.0177,40.4085],[-113.0187,40.4051],[-113.0179,40.403],[-113.0144,40.4004],[-113.0154,40.3953],[-113.0135,40.3946],[-113.0089,40.3888],[-113.0104,40.3844],[-113.014,40.3833],[-113.0131,40.3823],[-113.0141,40.3772],[-113.0109,40.3744],[-113.007,40.3738],[-113.0065,40.3707],[-113.0039,40.369],[-113.0066,40.3661],[-113.0058,40.3632],[-113.0029,40.3612],[-113.0024,40.3589],[-112.9955,40.3593],[-112.9934,40.3567],[-112.9876,40.3559],[-112.9892,40.3527],[-112.986,40.351],[-112.9761,40.3506],[-112.975,40.3496],[-112.9756,40.3467],[-112.9738,40.345],[-112.9639,40.3435],[-112.9565,40.3368],[-112.9505,40.3346],[-112.9481,40.3348],[-112.939,40.3425],[-112.9291,40.3428],[-112.9119,40.3484],[-112.9073,40.3484],[-112.9062,40.3501],[-112.9008,40.3526],[-112.8954,40.3535],[-112.8918,40.3526],[-112.8876,40.3542],[-112.882,40.3637],[-112.8722,40.369],[-112.8615,40.3786],[-112.8534,40.3881],[-112.8462,40.3921],[-112.8438,40.3963],[-112.8371,40.4011],[-112.8353,40.4039],[-112.8327,40.4125],[-112.8185,40.4349],[-112.8192,40.4587],[-112.8148,40.4676],[-112.8154,40.4752],[-112.8141,40.4791],[-112.8153,40.4828],[-112.8125,40.493],[-112.8132,40.4998],[-112.8037,40.5071]]]}},{"type":"Feature","properties":{"huc12":"160203050401","name":"Henry Spring"},"geometry":{"type":"Polygon","coordinates":[[[-112.8412,40.6248],[-112.8496,40.6261],[-112.8705,40.6325],[-112.8957,40.6425],[-112.8994,40.6429],[-112.902,40.6449],[-112.9248,40.65],[-112.9277,40.652],[-112.9283,40.6558],[-112.9298,40.657],[-112.9331,40.6572],[-112.935,40.6596],[-112.9417,40.659],[-112.9445,40.6565],[-112.9438,40.6535],[-112.9463,40.6525],[-112.944,40.6422],[-112.9469,40.6402],[-112.9488,40.6345],[-112.9505,40.6337],[-112.9504,40.6304],[-112.9522,40.6264],[-112.9515,40.6185],[-112.9546,40.6136],[-112.9528,40.6117],[-112.9532,40.6067],[-112.9587,40.6035],[-112.957,40.5998],[-112.9608,40.5962],[-112.9626,40.5897],[-112.962,40.5866],[-112.965,40.5826],[-112.9639,40.581],[-112.9655,40.5776],[-112.9641,40.5744],[-112.9615,40.5726],[-112.9634,40.5693],[-112.9633,40.5656],[-112.9615,40.5648],[-112.9635,40.5599],[-112.9617,40.5577],[-112.9675,40.549],[-112.9678,40.5464],[-112.9672,40.5455],[-112.9603,40.5463],[-112.9559,40.5445],[-112.9524,40.5447],[-112.9499,40.5422],[-112.9467,40.5412],[-112.9281,40.5406],[-112.9224,40.5417],[-112.9131,40.5448],[-112.9085,40.5488],[-112.9025,40.5516],[-112.8906,40.5612],[-112.8736,40.5716],[-112.8483,40.5811],[-112.8217,40.5888],[-112.8159,40.5933],[-112.8125,40.6034],[-112.8115,40.6116],[-112.8081,40.6139],[-112.8058,40.6175],[-112.8057,40.6219],[-112.8137,40.6217],[-112.8212,40.6176],[-112.8254,40.6213],[-112.8352,40.6225],[-112.8412,40.6248]]]}},{"type":"Feature","properties":{"huc12":"160203050403","name":"Redlam Spring"},"geometry":{"type":"Polygon","coordinates":[[[-112.7759,40.76],[-112.7693,40.7547],[-112.7668,40.749],[-112.7775,40.7488],[-112.7838,40.7453],[-112.8101,40.7467],[-112.8145,40.7443],[-112.8207,40.7459],[-112.818,40.753],[-112.8225,40.7569],[-112.8268,40.7651],[-112.833,40.7717],[-112.8426,40.7727],[-112.8538,40.7721],[-112.8625,40.7702],[-112.8704,40.7663],[-112.8768,40.7677],[-112.8889,40.7666],[-112.8955,40.7596],[-112.8948,40.757],[-112.8966,40.7539],[-112.8943,40.7504],[-112.8941,40.7469],[-112.8975,40.7454],[-112.8989,40.7402],[-112.897,40.7384],[-112.8969,40.7362],[-112.908,40.7275],[-112.9101,40.7169],[-112.9136,40.7158],[-112.9145,40.7131],[-112.9195,40.711],[-112.9282,40.7102],[-112.9386,40.6998],[-112.9431,40.701],[-112.941,40.6974],[-112.9442,40.6958],[-112.9423,40.6923],[-112.946,40.6904],[-112.9465,40.6845],[-112.9475,40.6838],[-112.9468,40.6802],[-112.9481,40.6784],[-112.9469,40.6741],[-112.9426,40.6685],[-112.9436,40.6608],[-112.9417,40.659],[-112.935,40.6596],[-112.9331,40.6572],[-112.9298,40.657],[-112.9283,40.6558],[-112.9277,40.652],[-112.9248,40.65],[-112.902,40.6449],[-112.8994,40.6429],[-112.8957,40.6425],[-112.8853,40.6377],[-112.8496,40.6261],[-112.8276,40.6245],[-112.8233,40.6263],[-112.8205,40.6324],[-112.814,40.6337],[-112.8105,40.633],[-112.8084,40.637],[-112.8053,40.6382],[-112.8045,40.6406],[-112.7993,40.6451],[-112.7999,40.6475],[-112.7976,40.6612],[-112.7982,40.6646],[-112.8009,40.6689],[-112.8004,40.6762],[-112.7909,40.6941],[-112.7877,40.7033],[-112.7885,40.7062],[-112.7957,40.7089],[-112.7964,40.7104],[-112.7925,40.7121],[-112.7848,40.7113],[-112.7867,40.717],[-112.7858,40.7185],[-112.7875,40.7214],[-112.7805,40.7328],[-112.7806,40.7393],[-112.7775,40.7429],[-112.7711,40.7446],[-112.7627,40.75],[-112.7649,40.7516],[-112.7669,40.7567],[-112.7759,40.76]]]}},{"type":"Feature","properties":{"huc12":"160203050404","name":"Poverty Point"},"geometry":{"type":"Polygon","coordinates":[[[-112.7404,40.7994],[-112.743,40.8031],[-112.7424,40.8057],[-112.7448,40.8095],[-112.7485,40.8108],[-112.7482,40.813],[-112.7495,40.8147],[-112.7562,40.8182],[-112.7584,40.8222],[-112.7618,40.8239],[-112.7693,40.8253],[-112.7719,40.8234],[-112.7793,40.8272],[-112.7832,40.8239],[-112.7851,40.8203],[-112.7845,40.8193],[-112.7896,40.8176],[-112.7878,40.8141],[-112.778,40.8122],[-112.7772,40.8094],[-112.774,40.8078],[-112.7742,40.8045],[-112.7768,40.7998],[-112.7763,40.7963],[-112.781,40.7946],[-112.7821,40.792],[-112.7749,40.7787],[-112.775,40.7756],[-112.7769,40.773],[-112.7758,40.7679],[-112.7798,40.7656],[-112.7759,40.76],[-112.7669,40.7567],[-112.7649,40.7516],[-112.7627,40.75],[-112.7711,40.7446],[-112.7775,40.7429],[-112.7806,40.7393],[-112.7805,40.7328],[-112.7875,40.7214],[-112.7858,40.7185],[-112.7867,40.717],[-112.7848,40.7113],[-112.7925,40.7121],[-112.7964,40.7104],[-112.7957,40.7089],[-112.7885,40.7062],[-112.7877,40.7033],[-112.7909,40.6941],[-112.8004,40.6762],[-112.8009,40.6689],[-112.7982,40.6646],[-112.7976,40.6612],[-112.7999,40.6475],[-112.7993,40.6451],[-112.8045,40.6406],[-112.8053,40.6382],[-112.8084,40.637],[-112.8105,40.633],[-112.814,40.6337],[-112.821,40.6321],[-112.8233,40.6263],[-112.8249,40.6251],[-112.8412,40.6248],[-112.8352,40.6225],[-112.8254,40.6213],[-112.8212,40.6176],[-112.8137,40.6217],[-112.8057,40.6219],[-112.8058,40.6175],[-112.8081,40.6139],[-112.8115,40.6116],[-112.8125,40.6034],[-112.8159,40.5933],[-112.8248,40.5872],[-112.8483,40.5811],[-112.8736,40.5716],[-112.8906,40.5612],[-112.9025,40.5516],[-112.9085,40.5488],[-112.9131,40.5448],[-112.8866,40.5467],[-112.8446,40.5532],[-112.8263,40.5525],[-112.8058,40.5545],[-112.8011,40.5567],[-112.7982,40.5611],[-112.7893,40.5689],[-112.7991,40.5834],[-112.7995,40.5859],[-112.79,40.5971],[-112.7884,40.6083],[-112.7846,40.6188],[-112.7745,40.6267],[-112.7715,40.6272],[-112.7751,40.6317],[-112.7765,40.6365],[-112.781,40.638],[-112.7839,40.6415],[-112.7831,40.6497],[-112.7853,40.6528],[-112.7834,40.6556],[-112.7861,40.6687],[-112.7854,40.6706],[-112.7754,40.6727],[-112.7724,40.6773],[-112.7725,40.6827],[-112.7699,40.6886],[-112.7682,40.7047],[-112.7686,40.7111],[-112.7702,40.7152],[-112.7627,40.7259],[-112.7614,40.733],[-112.7631,40.7391],[-112.7568,40.7421],[-112.7567,40.7468],[-112.7497,40.7482],[-112.7481,40.7541],[-112.7453,40.757],[-112.7392,40.7555],[-112.7369,40.7527],[-112.7281,40.7541],[-112.7227,40.7567],[-112.7224,40.7604],[-112.7249,40.7634],[-112.7239,40.7682],[-112.7251,40.7741],[-112.7334,40.7773],[-112.7349,40.7845],[-112.7412,40.7955],[-112.7404,40.7994]]]}},{"type":"Feature","properties":{"huc12":"160203050501","name":"Chokecherry Canyon"},"geometry":{"type":"Polygon","coordinates":[[[-112.7136,40.5532],[-112.7154,40.5514],[-112.7208,40.5525],[-112.7235,40.5516],[-112.7444,40.554],[-112.7559,40.559],[-112.766,40.5611],[-112.7775,40.5728],[-112.7795,40.5669],[-112.7866,40.5626],[-112.7875,40.5496],[-112.7933,40.5388],[-112.7911,40.5247],[-112.788,40.5183],[-112.7884,40.5087],[-112.786,40.5061],[-112.7764,40.5037],[-112.7728,40.501],[-112.771,40.4975],[-112.7652,40.4963],[-112.7569,40.4972],[-112.7423,40.5025],[-112.7332,40.5078],[-112.7274,40.5085],[-112.6985,40.505],[-112.6817,40.497],[-112.674,40.4973],[-112.6669,40.4961],[-112.6569,40.4979],[-112.642,40.4911],[-112.6316,40.4887],[-112.6289,40.4957],[-112.6316,40.5009],[-112.6256,40.5164],[-112.6267,40.5189],[-112.6258,40.5219],[-112.6281,40.5282],[-112.6246,40.5336],[-112.6239,40.5383],[-112.6417,40.544],[-112.6494,40.5438],[-112.6655,40.55],[-112.6735,40.5469],[-112.6806,40.5498],[-112.6849,40.5489],[-112.6883,40.5506],[-112.6909,40.5489],[-112.6919,40.551],[-112.698,40.5523],[-112.7048,40.5495],[-112.7089,40.5514],[-112.7119,40.5514],[-112.7136,40.5532]]]}},{"type":"Feature","properties":{"huc12":"160203050502","name":"Muskrat Canyon"},"geometry":{"type":"Polygon","coordinates":[[[-112.6347,40.6769],[-112.6393,40.6753],[-112.666,40.6848],[-112.6756,40.6851],[-112.6783,40.6891],[-112.6881,40.6871],[-112.6948,40.6938],[-112.7063,40.6954],[-112.7093,40.7009],[-112.7118,40.7001],[-112.7101,40.691],[-112.7107,40.6857],[-112.7123,40.6829],[-112.7177,40.68],[-112.7187,40.6777],[-112.7227,40.6749],[-112.7238,40.6661],[-112.7265,40.6593],[-112.7259,40.6513],[-112.7241,40.6483],[-112.7239,40.6387],[-112.7256,40.6334],[-112.7247,40.63],[-112.7118,40.6188],[-112.698,40.6158],[-112.6967,40.6069],[-112.6834,40.59],[-112.679,40.5912],[-112.6775,40.5954],[-112.6637,40.5906],[-112.6589,40.5917],[-112.6577,40.5948],[-112.6531,40.5937],[-112.6405,40.5944],[-112.6355,40.5922],[-112.627,40.5923],[-112.6236,40.5936],[-112.6216,40.5922],[-112.6164,40.598],[-112.6129,40.6102],[-112.6087,40.6137],[-112.6055,40.619],[-112.6062,40.6258],[-112.6045,40.6339],[-112.6027,40.6391],[-112.5998,40.6412],[-112.6025,40.6441],[-112.6066,40.6449],[-112.6093,40.644],[-112.6108,40.6468],[-112.6157,40.6489],[-112.6163,40.6524],[-112.6255,40.6583],[-112.6263,40.6649],[-112.631,40.6768],[-112.6347,40.6769]]]}},{"type":"Feature","properties":{"huc12":"160203040101","name":"East Government Creek"},"geometry":{"type":"Polygon","coordinates":[[[-112.4449,40.0875],[-112.4508,40.0908],[-112.4552,40.091],[-112.4579,40.0928],[-112.4598,40.0977],[-112.4652,40.105],[-112.4748,40.1095],[-112.4797,40.1095],[-112.4821,40.1078],[-112.4891,40.0968],[-112.494,40.0923],[-112.495,40.0856],[-112.4971,40.0818],[-112.5246,40.0678],[-112.5413,40.0515],[-112.5424,40.0471],[-112.547,40.0447],[-112.5495,40.0406],[-112.5489,40.0374],[-112.5532,40.0352],[-112.5611,40.0365],[-112.5661,40.0344],[-112.5674,40.0295],[-112.5644,40.0277],[-112.561,40.0233],[-112.5612,40.0214],[-112.5569,40.0197],[-112.5527,40.0157],[-112.5523,40.0116],[-112.5478,40.0072],[-112.548,40.0044],[-112.5436,39.9952],[-112.5439,39.99],[-112.5414,39.9884],[-112.5408,39.9849],[-112.5329,39.9824],[-112.5282,39.9741],[-112.5166,39.9721],[-112.5153,39.9697],[-112.5091,39.9677],[-112.5052,39.9634],[-112.4983,39.96],[-112.493,39.9594],[-112.4889,39.9611],[-112.4805,39.9589],[-112.4791,39.9665],[-112.469,39.9718],[-112.4676,39.9752],[-112.4592,39.9747],[-112.4523,39.9759],[-112.4468,39.9784],[-112.4401,39.986],[-112.4349,39.9935],[-112.4338,39.9995],[-112.4381,40.0068],[-112.439,40.0151],[-112.441,40.0184],[-112.44,40.0278],[-112.4404,40.0522],[-112.4453,40.0657],[-112.4461,40.0779],[-112.4443,40.0797],[-112.4449,40.0875]]]}},{"type":"Feature","properties":{"huc12":"160203040102","name":"Vernon Creek"},"geometry":{"type":"Polygon","coordinates":[[[-112.4269,40.0854],[-112.4291,40.0875],[-112.4342,40.0892],[-112.4395,40.0941],[-112.4405,40.0997],[-112.4429,40.104],[-112.4418,40.1237],[-112.4457,40.1318],[-112.4457,40.1366],[-112.4482,40.1445],[-112.4533,40.1478],[-112.4546,40.1431],[-112.4501,40.1323],[-112.455,40.1267],[-112.4536,40.1182],[-112.4543,40.1146],[-112.4487,40.1073],[-112.4506,40.102],[-112.4474,40.0968],[-112.445,40.088],[-112.4443,40.0797],[-112.4461,40.0779],[-112.4453,40.0657],[-112.4404,40.0522],[-112.44,40.0278],[-112.441,40.0184],[-112.439,40.0151],[-112.4381,40.0068],[-112.4338,39.9995],[-112.4349,39.9935],[-112.4468,39.9784],[-112.454,39.9754],[-112.4676,39.9752],[-112.469,39.9718],[-112.479,39.9667],[-112.4812,39.9529],[-112.4751,39.9513],[-112.4709,39.9471],[-112.4635,39.9446],[-112.4619,39.9426],[-112.4586,39.9423],[-112.4567,39.938],[-112.4492,39.9364],[-112.4447,39.9375],[-112.4402,39.9344],[-112.4417,39.9306],[-112.4378,39.9251],[-112.4266,39.9273],[-112.4236,39.9299],[-112.4185,39.9289],[-112.4138,39.9261],[-112.4131,39.9247],[-112.4219,39.9198],[-112.4207,39.916],[-112.4191,39.9136],[-112.4143,39.9127],[-112.408,39.9057],[-112.4123,39.9029],[-112.4109,39.9007],[-112.4118,39.8959],[-112.4084,39.8954],[-112.4098,39.8915],[-112.3958,39.8889],[-112.3934,39.8857],[-112.3939,39.8808],[-112.3832,39.884],[-112.3823,39.8867],[-112.3792,39.8901],[-112.3733,39.8869],[-112.3624,39.8873],[-112.358,39.8806],[-112.3525,39.8851],[-112.3504,39.8891],[-112.3442,39.8902],[-112.3465,39.8923],[-112.3464,39.8957],[-112.345,39.8997],[-112.3417,39.9035],[-112.3432,39.9105],[-112.3415,39.9116],[-112.3396,39.9174],[-112.3373,39.9189],[-112.337,39.9219],[-112.3353,39.9235],[-112.337,39.9276],[-112.3355,39.931],[-112.3398,39.9434],[-112.3384,39.9453],[-112.3345,39.9459],[-112.3346,39.9494],[-112.3322,39.9527],[-112.3367,39.9593],[-112.3426,39.9628],[-112.3428,39.9652],[-112.3481,39.9663],[-112.362,39.9795],[-112.3683,39.9816],[-112.3715,39.9813],[-112.3708,39.9832],[-112.3744,39.9903],[-112.3732,39.9928],[-112.3758,40.0008],[-112.3835,40.0024],[-112.3863,40.0064],[-112.376,40.0129],[-112.3737,40.0176],[-112.3803,40.019],[-112.3824,40.0221],[-112.3897,40.0245],[-112.3889,40.0316],[-112.3903,40.0324],[-112.395,40.0306],[-112.3973,40.0312],[-112.3982,40.0331],[-112.4019,40.0335],[-112.4027,40.0373],[-112.406,40.0413],[-112.4113,40.0444],[-112.4147,40.0483],[-112.4194,40.0567],[-112.4269,40.0854]]]}},{"type":"Feature","properties":{"huc12":"160203040104","name":"East Faust Creek"},"geometry":{"type":"Polygon","coordinates":[[[-112.5179,40.2186],[-112.5212,40.2192],[-112.5306,40.2275],[-112.5381,40.2284],[-112.5412,40.2334],[-112.5454,40.2356],[-112.5505,40.2406],[-112.5553,40.2365],[-112.559,40.2356],[-112.5595,40.2336],[-112.5646,40.2292],[-112.5687,40.2286],[-112.5662,40.2247],[-112.5654,40.2206],[-112.5628,40.2187],[-112.5629,40.2159],[-112.56,40.2138],[-112.5602,40.2096],[-112.5551,40.2001],[-112.5528,40.1987],[-112.5536,40.1944],[-112.5489,40.1899],[-112.5432,40.1807],[-112.5422,40.1748],[-112.5476,40.1685],[-112.5535,40.1654],[-112.5566,40.1566],[-112.5602,40.1538],[-112.5618,40.1473],[-112.561,40.1451],[-112.5633,40.1426],[-112.5622,40.1299],[-112.5636,40.1261],[-112.5607,40.1214],[-112.5654,40.1171],[-112.5662,40.114],[-112.5709,40.109],[-112.5656,40.0983],[-112.5707,40.0941],[-112.5704,40.0893],[-112.5681,40.0836],[-112.5701,40.0808],[-112.5703,40.0756],[-112.5686,40.0739],[-112.5704,40.07],[-112.5729,40.0691],[-112.5728,40.0668],[-112.5781,40.0671],[-112.5809,40.066],[-112.5844,40.0556],[-112.5778,40.0526],[-112.5789,40.0478],[-112.5752,40.0438],[-112.5747,40.0407],[-112.5661,40.0344],[-112.5611,40.0365],[-112.5532,40.0352],[-112.5489,40.0374],[-112.5495,40.0406],[-112.547,40.0447],[-112.5424,40.0471],[-112.5413,40.0515],[-112.5246,40.0678],[-112.4971,40.0818],[-112.495,40.0856],[-112.494,40.0923],[-112.4891,40.0968],[-112.4821,40.1078],[-112.4797,40.1095],[-112.4748,40.1095],[-112.4652,40.105],[-112.4598,40.0977],[-112.4579,40.0928],[-112.4552,40.091],[-112.4508,40.0908],[-112.4449,40.0875],[-112.4474,40.0968],[-112.4506,40.102],[-112.4487,40.1073],[-112.4543,40.1146],[-112.4536,40.1182],[-112.455,40.1267],[-112.4501,40.1323],[-112.4546,40.1431],[-112.4533,40.1478],[-112.4482,40.1445],[-112.4457,40.1366],[-112.4457,40.1318],[-112.4418,40.1237],[-112.4429,40.104],[-112.4405,40.0997],[-112.4395,40.0941],[-112.4342,40.0892],[-112.4291,40.0875],[-112.4269,40.0854],[-112.4285,40.0977],[-112.4336,40.1009],[-112.4353,40.1047],[-112.4369,40.1214],[-112.4407,40.1416],[-112.4395,40.1469],[-112.4402,40.1586],[-112.4303,40.1628],[-112.4467,40.1732],[-112.4555,40.175],[-112.4685,40.1825],[-112.4801,40.1859],[-112.4928,40.187],[-112.5015,40.1909],[-112.5036,40.1933],[-112.5024,40.1988],[-112.5044,40.2027],[-112.5116,40.2061],[-112.5132,40.2102],[-112.5127,40.2121],[-112.5178,40.2172],[-112.5179,40.2186]]]}},{"type":"Feature","properties":{"huc12":"160203040103","name":"Vernon Hills"},"geometry":{"type":"Polygon","coordinates":[[[-112.3868,40.1319],[-112.3904,40.1303],[-112.3959,40.1315],[-112.4047,40.1313],[-112.4157,40.1347],[-112.4198,40.1384],[-112.4216,40.1537],[-112.427,40.1607],[-112.4303,40.1628],[-112.4402,40.1586],[-112.4395,40.1469],[-112.4407,40.1412],[-112.4369,40.1214],[-112.4353,40.1047],[-112.4336,40.1009],[-112.4285,40.0977],[-112.4276,40.0876],[-112.4194,40.0567],[-112.4147,40.0483],[-112.403,40.0377],[-112.4021,40.0337],[-112.3982,40.0331],[-112.3973,40.0312],[-112.3944,40.0306],[-112.3836,40.0339],[-112.3784,40.038],[-112.3801,40.044],[-112.3724,40.0488],[-112.3759,40.0539],[-112.3721,40.0623],[-112.3727,40.0635],[-112.37,40.0651],[-112.3688,40.0675],[-112.3713,40.0719],[-112.3678,40.0758],[-112.3692,40.0767],[-112.3702,40.0828],[-112.3748,40.0861],[-112.3771,40.093],[-112.381,40.0978],[-112.371,40.1022],[-112.3688,40.1054],[-112.371,40.1097],[-112.3696,40.1109],[-112.3744,40.1137],[-112.3756,40.1176],[-112.3785,40.1209],[-112.383,40.1221],[-112.3839,40.1263],[-112.3821,40.1275],[-112.3868,40.1319]]]}},{"type":"Feature","properties":{"huc12":"160203040202","name":"Black Rock Canyon"},"geometry":{"type":"Polygon","coordinates":[[[-112.1763,40.1316],[-112.1787,40.1336],[-112.1786,40.1359],[-112.1869,40.1423],[-112.1884,40.1464],[-112.1907,40.1476],[-112.19,40.1493],[-112.1925,40.1517],[-112.1919,40.1536],[-112.1938,40.1564],[-112.1991,40.1584],[-112.202,40.1616],[-112.2209,40.1632],[-112.2207,40.1554],[-112.2232,40.1504],[-112.2295,40.1459],[-112.2384,40.1329],[-112.243,40.1289],[-112.2503,40.1259],[-112.2513,40.1236],[-112.2565,40.12],[-112.2584,40.1139],[-112.2676,40.1019],[-112.2668,40.0976],[-112.2763,40.0677],[-112.2775,40.05],[-112.2702,40.0468],[-112.27,40.044],[-112.2664,40.0397],[-112.2517,40.0269],[-112.2507,40.0213],[-112.2487,40.0182],[-112.2344,40.0113],[-112.219,40.0139],[-112.2058,40.0105],[-112.1871,40.0128],[-112.1798,40.0115],[-112.1769,40.0194],[-112.1779,40.0225],[-112.1774,40.03],[-112.1741,40.0327],[-112.1749,40.0354],[-112.1732,40.0362],[-112.172,40.0396],[-112.1778,40.0476],[-112.1788,40.0535],[-112.1837,40.0599],[-112.1802,40.0673],[-112.1733,40.0662],[-112.1721,40.0685],[-112.176,40.0776],[-112.1728,40.0843],[-112.1651,40.0877],[-112.158,40.0888],[-112.1585,40.1005],[-112.1541,40.1077],[-112.156,40.1131],[-112.1608,40.1143],[-112.1614,40.1171],[-112.1641,40.1186],[-112.1637,40.1233],[-112.1681,40.1265],[-112.1731,40.1276],[-112.1763,40.1316]]]}},{"type":"Feature","properties":{"huc12":"160203040203","name":"Sabie Creek"},"geometry":{"type":"Polygon","coordinates":[[[-112.2942,40.0705],[-112.2973,40.0732],[-112.2982,40.076],[-112.2947,40.0871],[-112.2942,40.0958],[-112.2928,40.0998],[-112.2885,40.1054],[-112.2878,40.1088],[-112.2823,40.1142],[-112.2816,40.1191],[-112.2692,40.1311],[-112.27,40.1379],[-112.2669,40.1395],[-112.2655,40.1464],[-112.2587,40.1503],[-112.2572,40.1541],[-112.2482,40.1619],[-112.2414,40.1706],[-112.2404,40.1755],[-112.2417,40.1782],[-112.2549,40.1731],[-112.2556,40.1691],[-112.2587,40.1673],[-112.2609,40.1619],[-112.2668,40.1554],[-112.2841,40.1475],[-112.285,40.1448],[-112.2941,40.1363],[-112.3019,40.1365],[-112.308,40.1336],[-112.3122,40.1299],[-112.32,40.1276],[-112.3246,40.1198],[-112.327,40.1183],[-112.3476,40.1104],[-112.3579,40.1095],[-112.3603,40.106],[-112.3688,40.106],[-112.3713,40.1019],[-112.381,40.0978],[-112.3771,40.093],[-112.3748,40.0861],[-112.3701,40.0826],[-112.3692,40.0767],[-112.3678,40.0758],[-112.3713,40.0715],[-112.3687,40.0678],[-112.37,40.0651],[-112.3727,40.0635],[-112.3721,40.0623],[-112.3759,40.0539],[-112.3724,40.0488],[-112.3801,40.0442],[-112.3788,40.0375],[-112.3836,40.0339],[-112.3903,40.0324],[-112.3882,40.0308],[-112.3898,40.0247],[-112.3824,40.0221],[-112.3803,40.019],[-112.3737,40.0176],[-112.376,40.0129],[-112.3863,40.0064],[-112.3835,40.0024],[-112.3758,40.0008],[-112.3732,39.9928],[-112.3744,39.9903],[-112.3709,39.9834],[-112.3713,39.9812],[-112.3683,39.9816],[-112.362,39.9795],[-112.3481,39.9663],[-112.3426,39.9655],[-112.3415,39.9669],[-112.343,39.9729],[-112.3367,39.9763],[-112.3357,39.984],[-112.3252,39.9904],[-112.3231,39.9942],[-112.3217,40.0047],[-112.3226,40.0093],[-112.3175,40.0195],[-112.3206,40.0205],[-112.3174,40.0281],[-112.3054,40.0276],[-112.3009,40.0345],[-112.2995,40.0512],[-112.2984,40.0529],[-112.294,40.0541],[-112.2944,40.0587],[-112.2962,40.0618],[-112.2942,40.0705]]]}},{"type":"Feature","properties":{"huc12":"160203040205","name":"Mitchell Canyon"},"geometry":{"type":"Polygon","coordinates":[[[-112.1987,40.307],[-112.2086,40.3063],[-112.2135,40.3031],[-112.2137,40.302],[-112.2116,40.3006],[-112.2114,40.2965],[-112.2209,40.2891],[-112.2239,40.2847],[-112.2299,40.28],[-112.2442,40.2723],[-112.2619,40.2677],[-112.2813,40.2479],[-112.292,40.2302],[-112.2874,40.229],[-112.2859,40.2273],[-112.2793,40.2264],[-112.277,40.2232],[-112.2717,40.2222],[-112.2669,40.2154],[-112.2629,40.2126],[-112.2619,40.2094],[-112.2629,40.2049],[-112.2665,40.1996],[-112.2653,40.1954],[-112.2677,40.1895],[-112.2681,40.1792],[-112.2722,40.176],[-112.274,40.1652],[-112.2794,40.1497],[-112.2668,40.1554],[-112.2609,40.1619],[-112.2587,40.1673],[-112.2556,40.1691],[-112.2549,40.1731],[-112.2438,40.178],[-112.2417,40.1782],[-112.2404,40.1755],[-112.241,40.1713],[-112.2482,40.1619],[-112.2572,40.1541],[-112.2595,40.1495],[-112.2657,40.1461],[-112.2669,40.1395],[-112.27,40.1379],[-112.2692,40.1311],[-112.2816,40.1191],[-112.2823,40.1142],[-112.2878,40.1088],[-112.2885,40.1054],[-112.2928,40.0998],[-112.2942,40.0958],[-112.2947,40.0871],[-112.2982,40.076],[-112.2973,40.0732],[-112.2942,40.0705],[-112.2836,40.0741],[-112.2816,40.076],[-112.2799,40.0828],[-112.2778,40.0845],[-112.2745,40.1069],[-112.2679,40.1132],[-112.2633,40.1236],[-112.2595,40.1273],[-112.2571,40.1269],[-112.2554,40.128],[-112.2515,40.133],[-112.2517,40.1369],[-112.2485,40.1406],[-112.2341,40.1524],[-112.2251,40.1581],[-112.2211,40.1631],[-112.202,40.1616],[-112.1991,40.1584],[-112.1938,40.1564],[-112.1919,40.1536],[-112.1925,40.1517],[-112.19,40.1493],[-112.1907,40.1476],[-112.1884,40.1464],[-112.1869,40.1423],[-112.1786,40.1359],[-112.1787,40.1336],[-112.1763,40.1316],[-112.1728,40.1356],[-112.1731,40.1377],[-112.1678,40.1468],[-112.1717,40.1491],[-112.1763,40.1558],[-112.1642,40.1619],[-112.1588,40.1632],[-112.1552,40.1683],[-112.1555,40.1704],[-112.1506,40.1717],[-112.1459,40.1709],[-112.1444,40.173],[-112.1459,40.1742],[-112.1469,40.1783],[-112.1529,40.1792],[-112.1524,40.1845],[-112.1508,40.1853],[-112.1504,40.1877],[-112.1469,40.1894],[-112.1489,40.191],[-112.1486,40.1956],[-112.1519,40.1941],[-112.1541,40.1972],[-112.1572,40.197],[-112.1605,40.1989],[-112.1573,40.2031],[-112.1585,40.2067],[-112.1496,40.2123],[-112.1549,40.2152],[-112.1539,40.2182],[-112.157,40.2192],[-112.1615,40.2171],[-112.1691,40.2195],[-112.1688,40.2229],[-112.1707,40.2257],[-112.1766,40.2275],[-112.1824,40.2378],[-112.1821,40.2412],[-112.1835,40.2436],[-112.1829,40.2495],[-112.1849,40.2531],[-112.1842,40.2577],[-112.1915,40.2635],[-112.1929,40.2688],[-112.1916,40.2717],[-112.1891,40.2735],[-112.1885,40.2855],[-112.1866,40.2869],[-112.1884,40.2902],[-112.1875,40.2921],[-112.1902,40.2961],[-112.1897,40.3003],[-112.1921,40.3041],[-112.1987,40.307]]]}},{"type":"Feature","properties":{"huc12":"160203040207","name":"Mercur Creek"},"geometry":{"type":"Polygon","coordinates":[[[-112.1987,40.307],[-112.1975,40.309],[-112.1986,40.3125],[-112.1979,40.3158],[-112.1935,40.319],[-112.1961,40.3263],[-112.191,40.3295],[-112.18,40.3322],[-112.1756,40.3358],[-112.1814,40.3459],[-112.1852,40.3483],[-112.188,40.3548],[-112.1941,40.3601],[-112.2056,40.3586],[-112.2107,40.3555],[-112.2105,40.3537],[-112.2162,40.353],[-112.224,40.3495],[-112.2228,40.3465],[-112.2262,40.3463],[-112.2292,40.3432],[-112.2339,40.343],[-112.2371,40.3414],[-112.2436,40.3418],[-112.2466,40.3376],[-112.2508,40.3363],[-112.2619,40.3388],[-112.2701,40.3378],[-112.2735,40.341],[-112.2801,40.3385],[-112.285,40.3389],[-112.2883,40.3376],[-112.2906,40.3382],[-112.2972,40.3363],[-112.3091,40.3355],[-112.3137,40.3319],[-112.3155,40.3278],[-112.3294,40.3154],[-112.341,40.3087],[-112.3489,40.306],[-112.3572,40.3002],[-112.3661,40.2986],[-112.3759,40.2924],[-112.3875,40.289],[-112.376,40.2773],[-112.3705,40.2701],[-112.367,40.2629],[-112.3682,40.2587],[-112.3742,40.254],[-112.3773,40.2481],[-112.3758,40.2418],[-112.3757,40.2341],[-112.3704,40.2306],[-112.3738,40.225],[-112.3742,40.2223],[-112.3665,40.2251],[-112.3649,40.227],[-112.3552,40.2317],[-112.3524,40.2319],[-112.3478,40.2389],[-112.3429,40.2423],[-112.328,40.2482],[-112.328,40.236],[-112.3242,40.2317],[-112.3215,40.2235],[-112.3225,40.2164],[-112.3258,40.2138],[-112.3242,40.2067],[-112.3131,40.2097],[-112.3091,40.2155],[-112.2973,40.2222],[-112.2963,40.2257],[-112.2899,40.2332],[-112.2813,40.2479],[-112.2619,40.2677],[-112.2442,40.2723],[-112.2299,40.28],[-112.2239,40.2847],[-112.2209,40.2891],[-112.2114,40.2965],[-112.2116,40.3006],[-112.2137,40.302],[-112.2135,40.3031],[-112.2086,40.3063],[-112.1987,40.307]]]}},{"type":"Feature","properties":{"huc12":"160203040301","name":"Burridge Canyon"},"geometry":{"type":"Polygon","coordinates":[[[-112.5439,40.2486],[-112.5422,40.2462],[-112.5387,40.2443],[-112.532,40.2443],[-112.527,40.246],[-112.5113,40.247],[-112.4859,40.253],[-112.4759,40.261],[-112.4652,40.266],[-112.4546,40.2757],[-112.4239,40.2872],[-112.4206,40.2894],[-112.4181,40.2948],[-112.4119,40.2962],[-112.4045,40.3011],[-112.4044,40.3024],[-112.4153,40.3016],[-112.4248,40.2989],[-112.4332,40.2986],[-112.4395,40.3021],[-112.4493,40.3011],[-112.4783,40.3037],[-112.4879,40.3067],[-112.503,40.3087],[-112.5147,40.3082],[-112.5213,40.3097],[-112.5319,40.3093],[-112.5378,40.3114],[-112.5432,40.3108],[-112.5486,40.3149],[-112.5518,40.3138],[-112.5551,40.3106],[-112.5645,40.3107],[-112.5692,40.3082],[-112.5734,40.3081],[-112.5737,40.3067],[-112.5705,40.3043],[-112.5707,40.2977],[-112.5697,40.2946],[-112.5642,40.2839],[-112.561,40.2802],[-112.5599,40.2757],[-112.555,40.2713],[-112.5548,40.2688],[-112.552,40.2646],[-112.5506,40.2528],[-112.5439,40.2486]]]}},{"type":"Feature","properties":{"huc12":"160203040302","name":"Ophir Creek"},"geometry":{"type":"Polygon","coordinates":[[[-112.1888,40.3725],[-112.1946,40.3797],[-112.1994,40.3828],[-112.2017,40.3878],[-112.1995,40.3907],[-112.2001,40.3974],[-112.1986,40.4002],[-112.1999,40.4041],[-112.198,40.4148],[-112.1955,40.4175],[-112.1948,40.4211],[-112.2052,40.4312],[-112.2094,40.4321],[-112.2189,40.4312],[-112.2441,40.4173],[-112.2469,40.407],[-112.2579,40.4041],[-112.2636,40.4011],[-112.2646,40.3995],[-112.2622,40.3881],[-112.272,40.3797],[-112.2749,40.3739],[-112.2823,40.3716],[-112.2932,40.3632],[-112.2972,40.3582],[-112.304,40.3551],[-112.3131,40.3372],[-112.3266,40.3274],[-112.3287,40.3232],[-112.3185,40.3286],[-112.3088,40.3356],[-112.2972,40.3363],[-112.2847,40.3389],[-112.2801,40.3385],[-112.2735,40.341],[-112.2701,40.3378],[-112.2619,40.3388],[-112.2508,40.3363],[-112.2466,40.3376],[-112.2436,40.3418],[-112.2371,40.3414],[-112.2339,40.343],[-112.2292,40.3432],[-112.2262,40.3463],[-112.2228,40.3465],[-112.224,40.3495],[-112.2162,40.353],[-112.2105,40.3537],[-112.2107,40.3555],[-112.2056,40.3586],[-112.1941,40.3601],[-112.1938,40.3678],[-112.1888,40.3725]]]}},{"type":"Feature","properties":{"huc12":"160203040303","name":"Clover Creek"},"geometry":{"type":"Polygon","coordinates":[[[-112.5052,40.3488],[-112.5187,40.3522],[-112.5271,40.3572],[-112.529,40.3627],[-112.5268,40.3645],[-112.526,40.369],[-112.5297,40.3758],[-112.5293,40.378],[-112.5329,40.3823],[-112.5335,40.385],[-112.5377,40.389],[-112.5368,40.3919],[-112.5417,40.397],[-112.5421,40.401],[-112.5447,40.4024],[-112.554,40.4047],[-112.5677,40.4002],[-112.5879,40.4002],[-112.5945,40.3962],[-112.5909,40.3932],[-112.5896,40.3864],[-112.5904,40.3819],[-112.5844,40.3665],[-112.5756,40.3575],[-112.5719,40.3498],[-112.5711,40.3468],[-112.5733,40.3434],[-112.5694,40.3385],[-112.5618,40.3377],[-112.5603,40.3387],[-112.5527,40.3352],[-112.552,40.3297],[-112.5505,40.3288],[-112.5174,40.3213],[-112.5016,40.3221],[-112.486,40.3257],[-112.4803,40.3295],[-112.4734,40.3305],[-112.4677,40.3332],[-112.4427,40.3317],[-112.4279,40.3334],[-112.4204,40.3385],[-112.4185,40.3449],[-112.4223,40.3552],[-112.4231,40.3468],[-112.429,40.3369],[-112.4307,40.3354],[-112.4398,40.3332],[-112.4453,40.3331],[-112.4566,40.3359],[-112.4783,40.3349],[-112.4843,40.3406],[-112.5052,40.3488]]]}},{"type":"Feature","properties":{"huc12":"160203040304","name":"Serviceberry Canyon"},"geometry":{"type":"Polygon","coordinates":[[[-112.3549,40.3529],[-112.3827,40.3569],[-112.3894,40.3558],[-112.3942,40.3565],[-112.4047,40.3537],[-112.4065,40.3546],[-112.4113,40.3521],[-112.4172,40.3544],[-112.4218,40.3546],[-112.4186,40.3465],[-112.4188,40.3415],[-112.4218,40.3371],[-112.4279,40.3334],[-112.4427,40.3317],[-112.4677,40.3332],[-112.4734,40.3305],[-112.4803,40.3295],[-112.486,40.3257],[-112.5022,40.3221],[-112.5174,40.3213],[-112.5415,40.3262],[-112.5519,40.3295],[-112.5526,40.3351],[-112.5589,40.3382],[-112.5673,40.3379],[-112.5705,40.3392],[-112.5817,40.3318],[-112.5821,40.3249],[-112.5788,40.3189],[-112.5808,40.3169],[-112.5812,40.3146],[-112.5789,40.3126],[-112.5781,40.31],[-112.5739,40.3073],[-112.5645,40.3107],[-112.5551,40.3106],[-112.5518,40.3138],[-112.5486,40.3149],[-112.5432,40.3108],[-112.5378,40.3114],[-112.5319,40.3093],[-112.5213,40.3097],[-112.5147,40.3082],[-112.503,40.3087],[-112.4879,40.3067],[-112.4783,40.3037],[-112.4493,40.3011],[-112.4395,40.3021],[-112.4332,40.2986],[-112.4248,40.2989],[-112.4153,40.3016],[-112.4044,40.3024],[-112.4045,40.3011],[-112.4119,40.2962],[-112.4181,40.2948],[-112.4206,40.2894],[-112.4239,40.2872],[-112.4546,40.2757],[-112.4652,40.266],[-112.4759,40.261],[-112.4859,40.253],[-112.5113,40.247],[-112.527,40.246],[-112.5318,40.2443],[-112.5387,40.2443],[-112.5422,40.2462],[-112.5439,40.2486],[-112.551,40.2452],[-112.5505,40.2406],[-112.5454,40.2356],[-112.5412,40.2334],[-112.5381,40.2284],[-112.5306,40.2275],[-112.521,40.219],[-112.5163,40.2185],[-112.5148,40.2192],[-112.5149,40.2229],[-112.5057,40.2268],[-112.506,40.2291],[-112.5034,40.232],[-112.4959,40.2361],[-112.4904,40.2379],[-112.4814,40.2369],[-112.4737,40.2384],[-112.4562,40.2472],[-112.4456,40.2504],[-112.4222,40.2622],[-112.4061,40.2683],[-112.3969,40.2737],[-112.396,40.2762],[-112.393,40.2768],[-112.3875,40.2892],[-112.3759,40.2924],[-112.3661,40.2986],[-112.3572,40.3002],[-112.3489,40.306],[-112.341,40.3087],[-112.3287,40.3158],[-112.3154,40.328],[-112.3137,40.3319],[-112.3287,40.3232],[-112.3266,40.3274],[-112.3131,40.3372],[-112.3044,40.3542],[-112.3084,40.3524],[-112.3354,40.3505],[-112.3549,40.3529]]]}},{"type":"Feature","properties":{"huc12":"160203050503","name":"Horseshoe Springs"},"geometry":{"type":"Polygon","coordinates":[[[-112.7138,40.7328],[-112.7192,40.7332],[-112.7234,40.735],[-112.7221,40.7298],[-112.7229,40.7161],[-112.727,40.7093],[-112.7278,40.7054],[-112.7384,40.6895],[-112.7425,40.6809],[-112.7497,40.6769],[-112.7519,40.6636],[-112.7495,40.6515],[-112.7556,40.6446],[-112.7541,40.636],[-112.7586,40.6258],[-112.7571,40.5949],[-112.76,40.5762],[-112.7512,40.5701],[-112.7427,40.5686],[-112.737,40.5701],[-112.7316,40.5745],[-112.7236,40.5747],[-112.7123,40.5721],[-112.7107,40.5644],[-112.7122,40.5632],[-112.7136,40.5532],[-112.7114,40.5512],[-112.7089,40.5514],[-112.7048,40.5495],[-112.698,40.5523],[-112.6919,40.551],[-112.6909,40.5489],[-112.6883,40.5506],[-112.6849,40.5489],[-112.6806,40.5498],[-112.6735,40.5469],[-112.6655,40.55],[-112.6494,40.5438],[-112.6417,40.544],[-112.6231,40.5386],[-112.624,40.5489],[-112.6223,40.5526],[-112.619,40.5547],[-112.6215,40.5654],[-112.6121,40.5739],[-112.6105,40.5817],[-112.6202,40.5831],[-112.6225,40.5888],[-112.6216,40.5922],[-112.6236,40.5936],[-112.627,40.5923],[-112.6355,40.5922],[-112.6405,40.5944],[-112.6531,40.5937],[-112.6577,40.5948],[-112.6589,40.5917],[-112.6637,40.5906],[-112.6775,40.5954],[-112.679,40.5912],[-112.6834,40.59],[-112.6967,40.6069],[-112.698,40.6158],[-112.7118,40.6188],[-112.7247,40.63],[-112.7256,40.6334],[-112.7239,40.6387],[-112.7241,40.6483],[-112.7259,40.6513],[-112.7265,40.6593],[-112.7238,40.6661],[-112.7227,40.6749],[-112.7187,40.6777],[-112.7177,40.68],[-112.7123,40.6829],[-112.7107,40.6857],[-112.7101,40.691],[-112.7118,40.7001],[-112.7093,40.7009],[-112.7063,40.6954],[-112.6948,40.6938],[-112.6881,40.6871],[-112.6783,40.6891],[-112.6756,40.6851],[-112.666,40.6848],[-112.6393,40.6753],[-112.6347,40.6769],[-112.6414,40.6856],[-112.6445,40.6876],[-112.648,40.6878],[-112.6511,40.6923],[-112.6517,40.6958],[-112.6542,40.6974],[-112.6641,40.7002],[-112.68,40.7018],[-112.6811,40.7037],[-112.6903,40.7033],[-112.6977,40.7072],[-112.7016,40.7125],[-112.7034,40.7129],[-112.7075,40.7202],[-112.7096,40.7307],[-112.7138,40.7328]]]}},{"type":"Feature","properties":{"huc12":"160203050504","name":"Kanaka Lake"},"geometry":{"type":"Polygon","coordinates":[[[-112.7227,40.7567],[-112.7281,40.7541],[-112.7369,40.7527],[-112.7392,40.7555],[-112.7453,40.757],[-112.7481,40.7541],[-112.7497,40.7482],[-112.7567,40.7468],[-112.7568,40.7421],[-112.7631,40.7391],[-112.7614,40.733],[-112.7627,40.7259],[-112.7702,40.7152],[-112.7686,40.7111],[-112.7682,40.7047],[-112.7699,40.6886],[-112.7725,40.6827],[-112.7724,40.6773],[-112.7754,40.6727],[-112.7854,40.6706],[-112.7861,40.6687],[-112.7834,40.6556],[-112.7853,40.6528],[-112.7831,40.6497],[-112.7839,40.6415],[-112.781,40.638],[-112.7765,40.6365],[-112.7751,40.6317],[-112.7715,40.6272],[-112.7745,40.6267],[-112.7846,40.6188],[-112.7884,40.6083],[-112.79,40.5971],[-112.7995,40.5859],[-112.7991,40.5834],[-112.7893,40.5689],[-112.7831,40.5694],[-112.7798,40.5724],[-112.7772,40.5727],[-112.7696,40.5637],[-112.7642,40.5605],[-112.7559,40.559],[-112.7388,40.5527],[-112.7154,40.5514],[-112.7136,40.5532],[-112.7122,40.5632],[-112.7107,40.5644],[-112.7123,40.5721],[-112.7236,40.5747],[-112.7316,40.5745],[-112.737,40.5701],[-112.7427,40.5686],[-112.7528,40.5708],[-112.7601,40.5766],[-112.7571,40.5949],[-112.7586,40.6258],[-112.7541,40.636],[-112.7556,40.6446],[-112.7495,40.6515],[-112.7519,40.6636],[-112.7497,40.6769],[-112.7425,40.6809],[-112.7384,40.6895],[-112.7278,40.7054],[-112.727,40.7093],[-112.7229,40.7161],[-112.7221,40.7298],[-112.7234,40.735],[-112.7143,40.7328],[-112.7132,40.7344],[-112.7134,40.7408],[-112.7173,40.7456],[-112.7213,40.7479],[-112.721,40.7546],[-112.7227,40.7567]]]}},{"type":"Feature","properties":{"huc12":"160203040307","name":"Dry Canyon-Frontal Rush Valley"},"geometry":{"type":"Polygon","coordinates":[[[-112.2645,40.3992],[-112.2737,40.3981],[-112.2777,40.3961],[-112.2803,40.3998],[-112.2892,40.4064],[-112.2955,40.4132],[-112.3248,40.4199],[-112.3315,40.4164],[-112.34,40.4139],[-112.3566,40.4038],[-112.3707,40.4005],[-112.3871,40.3998],[-112.3923,40.4018],[-112.3964,40.4078],[-112.3984,40.4084],[-112.4024,40.4064],[-112.4036,40.4081],[-112.4062,40.3985],[-112.4064,40.386],[-112.4,40.382],[-112.3966,40.3768],[-112.3906,40.3722],[-112.3818,40.3705],[-112.3753,40.3681],[-112.3726,40.3656],[-112.3686,40.3655],[-112.3617,40.3625],[-112.3592,40.3606],[-112.3545,40.3523],[-112.3354,40.3505],[-112.3186,40.3513],[-112.3084,40.3524],[-112.3044,40.3542],[-112.3018,40.3567],[-112.2972,40.3582],[-112.2943,40.3621],[-112.2869,40.3672],[-112.2854,40.3696],[-112.2788,40.3733],[-112.2749,40.3739],[-112.272,40.3797],[-112.2619,40.3886],[-112.2645,40.3992]]]}},{"type":"Feature","properties":{"huc12":"160203040306","name":"Hickman Creek"},"geometry":{"type":"Polygon","coordinates":[[[-112.4445,40.4687],[-112.4535,40.4678],[-112.4609,40.4689],[-112.468,40.4672],[-112.473,40.4654],[-112.479,40.4599],[-112.5145,40.4454],[-112.5288,40.4448],[-112.5374,40.447],[-112.5418,40.4468],[-112.5424,40.4482],[-112.548,40.4472],[-112.5571,40.4501],[-112.5672,40.4359],[-112.5703,40.4368],[-112.5768,40.4481],[-112.5823,40.4523],[-112.6054,40.4505],[-112.6069,40.4467],[-112.6041,40.4432],[-112.6022,40.436],[-112.6043,40.4308],[-112.6033,40.4201],[-112.6048,40.4161],[-112.6026,40.4128],[-112.6025,40.4033],[-112.5946,40.396],[-112.5879,40.4002],[-112.5677,40.4002],[-112.5538,40.4047],[-112.5536,40.4069],[-112.5551,40.4088],[-112.554,40.4106],[-112.5506,40.4118],[-112.5432,40.4173],[-112.5382,40.4162],[-112.5331,40.4167],[-112.5269,40.4241],[-112.5236,40.4301],[-112.5172,40.4329],[-112.5079,40.4417],[-112.5024,40.4437],[-112.4918,40.4448],[-112.4804,40.4414],[-112.4629,40.4401],[-112.4443,40.4334],[-112.4361,40.4261],[-112.4364,40.4304],[-112.4427,40.4413],[-112.4426,40.4491],[-112.4399,40.4562],[-112.441,40.462],[-112.4385,40.4676],[-112.4445,40.4687]]]}},{"type":"Feature","properties":{"huc12":"160203040308","name":"Soldier Creek-Frontal Rush Lake"},"geometry":{"type":"Polygon","coordinates":[[[-112.2189,40.4312],[-112.2203,40.4347],[-112.2297,40.4396],[-112.2365,40.4388],[-112.2437,40.44],[-112.2621,40.4375],[-112.2827,40.4446],[-112.2871,40.444],[-112.2886,40.4447],[-112.2891,40.4472],[-112.2926,40.4492],[-112.293,40.4516],[-112.2992,40.4537],[-112.3018,40.4517],[-112.3094,40.4507],[-112.3115,40.447],[-112.3162,40.4451],[-112.3183,40.4414],[-112.3213,40.4395],[-112.3278,40.4391],[-112.3344,40.4363],[-112.3503,40.4335],[-112.3575,40.4338],[-112.3697,40.4411],[-112.3713,40.4405],[-112.3813,40.4424],[-112.3818,40.4354],[-112.3843,40.4318],[-112.3834,40.4284],[-112.391,40.4274],[-112.3941,40.4238],[-112.3915,40.4237],[-112.3885,40.4269],[-112.3839,40.4251],[-112.3856,40.4244],[-112.3851,40.4219],[-112.3867,40.4201],[-112.3866,40.418],[-112.3926,40.4094],[-112.3984,40.4084],[-112.3964,40.4078],[-112.3923,40.4018],[-112.3871,40.3998],[-112.3707,40.4005],[-112.3566,40.4038],[-112.34,40.4139],[-112.3315,40.4164],[-112.3248,40.4199],[-112.3222,40.4199],[-112.2955,40.4132],[-112.2773,40.396],[-112.2737,40.3981],[-112.2645,40.3992],[-112.2634,40.4013],[-112.2584,40.4039],[-112.2471,40.4068],[-112.2441,40.4173],[-112.2189,40.4312]]]}},{"type":"Feature","properties":{"huc12":"160203040309","name":"Southport Gulch-Frontal Rush Lake"},"geometry":{"type":"Polygon","coordinates":[[[-112.3022,40.4596],[-112.3074,40.4608],[-112.31,40.4667],[-112.3147,40.4683],[-112.3237,40.4628],[-112.3272,40.4622],[-112.3335,40.4636],[-112.3439,40.4691],[-112.3491,40.4676],[-112.3544,40.4678],[-112.3587,40.4653],[-112.378,40.4624],[-112.3866,40.4641],[-112.3962,40.4627],[-112.4008,40.4644],[-112.4048,40.4614],[-112.4081,40.4613],[-112.4124,40.4593],[-112.4131,40.4557],[-112.4171,40.4542],[-112.4216,40.4465],[-112.4184,40.4349],[-112.4138,40.4272],[-112.3913,40.4365],[-112.3868,40.4417],[-112.385,40.4491],[-112.3821,40.4515],[-112.3819,40.4533],[-112.3779,40.4525],[-112.3817,40.4448],[-112.3813,40.4424],[-112.3713,40.4405],[-112.3697,40.4411],[-112.3575,40.4338],[-112.3503,40.4335],[-112.3344,40.4363],[-112.3278,40.4391],[-112.3213,40.4395],[-112.3183,40.4414],[-112.3162,40.4451],[-112.3115,40.447],[-112.3094,40.4507],[-112.3021,40.4517],[-112.2995,40.4533],[-112.3022,40.4596]]]}},{"type":"Feature","properties":{"huc12":"160203040310","name":"Rush Lake"},"geometry":{"type":"Polygon","coordinates":[[[-112.4124,40.4593],[-112.4242,40.4615],[-112.4285,40.4662],[-112.4382,40.4677],[-112.4395,40.4664],[-112.441,40.462],[-112.44,40.4558],[-112.4426,40.4491],[-112.4427,40.4413],[-112.4364,40.4304],[-112.4361,40.4261],[-112.4443,40.4334],[-112.4619,40.4398],[-112.4804,40.4414],[-112.4896,40.4445],[-112.4951,40.4447],[-112.504,40.4433],[-112.5089,40.4411],[-112.5172,40.4329],[-112.5236,40.4301],[-112.5269,40.4241],[-112.5331,40.4167],[-112.5382,40.4162],[-112.5432,40.4173],[-112.5506,40.4118],[-112.554,40.4106],[-112.5551,40.4088],[-112.5536,40.4069],[-112.5538,40.4047],[-112.5421,40.401],[-112.5417,40.397],[-112.5368,40.3919],[-112.5377,40.389],[-112.5335,40.385],[-112.5329,40.3823],[-112.5293,40.378],[-112.5297,40.3758],[-112.526,40.369],[-112.5268,40.3645],[-112.529,40.3627],[-112.5269,40.3569],[-112.5181,40.352],[-112.501,40.3482],[-112.4828,40.3528],[-112.4584,40.3561],[-112.4526,40.3551],[-112.4366,40.3587],[-112.4294,40.3687],[-112.4151,40.3967],[-112.4137,40.4021],[-112.4108,40.4061],[-112.406,40.4095],[-112.406,40.4074],[-112.4038,40.4082],[-112.4024,40.4064],[-112.3956,40.4093],[-112.3929,40.4092],[-112.3866,40.418],[-112.3867,40.4201],[-112.3851,40.4219],[-112.3856,40.4244],[-112.3839,40.4251],[-112.3885,40.4269],[-112.3915,40.4237],[-112.3941,40.4238],[-112.391,40.4274],[-112.3834,40.4284],[-112.3843,40.4318],[-112.3818,40.4353],[-112.3808,40.441],[-112.3818,40.4442],[-112.3779,40.4525],[-112.3821,40.4533],[-112.3821,40.4515],[-112.385,40.4491],[-112.3868,40.4417],[-112.3925,40.4357],[-112.4138,40.4272],[-112.4184,40.4349],[-112.4216,40.4468],[-112.4171,40.4542],[-112.4131,40.4557],[-112.4124,40.4593]]]}},{"type":"Feature","properties":{"huc12":"160203040401","name":"Settlement Canyon"},"geometry":{"type":"Polygon","coordinates":[[[-112.2932,40.5198],[-112.2998,40.5176],[-112.3088,40.5218],[-112.3034,40.5157],[-112.3076,40.5077],[-112.3049,40.5008],[-112.3022,40.4989],[-112.302,40.4854],[-112.2889,40.4697],[-112.2912,40.4679],[-112.2964,40.4668],[-112.298,40.4631],[-112.3018,40.4604],[-112.3,40.4542],[-112.293,40.4516],[-112.2927,40.4494],[-112.2891,40.4472],[-112.2877,40.4442],[-112.2827,40.4446],[-112.2633,40.4378],[-112.2437,40.44],[-112.2365,40.4388],[-112.2297,40.4396],[-112.2203,40.4347],[-112.2189,40.4312],[-112.2094,40.4321],[-112.2142,40.4519],[-112.2122,40.4592],[-112.215,40.4604],[-112.2189,40.4647],[-112.2186,40.4743],[-112.2274,40.4787],[-112.2288,40.4819],[-112.2404,40.4923],[-112.2505,40.4947],[-112.2645,40.5009],[-112.2683,40.5056],[-112.2744,40.5071],[-112.2784,40.5119],[-112.2833,40.5132],[-112.2877,40.5179],[-112.2918,40.5177],[-112.2932,40.5198]]]}},{"type":"Feature","properties":{"huc12":"160203040403","name":"Bates Canyon-Frontal Great Salt Lake"},"geometry":{"type":"Polygon","coordinates":[[[-112.1977,40.6254],[-112.2134,40.6253],[-112.2168,40.6273],[-112.2222,40.628],[-112.2303,40.6329],[-112.2381,40.6341],[-112.244,40.6337],[-112.2513,40.6358],[-112.256,40.6354],[-112.2675,40.6405],[-112.2767,40.6526],[-112.2823,40.6564],[-112.2858,40.6581],[-112.2949,40.659],[-112.3034,40.6637],[-112.3052,40.6677],[-112.3063,40.6762],[-112.3091,40.6784],[-112.3141,40.6858],[-112.3587,40.6702],[-112.3597,40.6672],[-112.366,40.6659],[-112.3645,40.6609],[-112.351,40.6439],[-112.3429,40.6466],[-112.3443,40.6507],[-112.3401,40.6526],[-112.34,40.6508],[-112.335,40.6477],[-112.3312,40.6414],[-112.3266,40.6376],[-112.3235,40.6385],[-112.3211,40.6371],[-112.3184,40.6289],[-112.3194,40.6264],[-112.314,40.6229],[-112.3112,40.6181],[-112.303,40.611],[-112.3028,40.6074],[-112.2919,40.6026],[-112.2592,40.5702],[-112.2543,40.5674],[-112.2297,40.5693],[-112.219,40.5741],[-112.2071,40.59],[-112.2082,40.5946],[-112.2005,40.6075],[-112.1881,40.614],[-112.1957,40.6211],[-112.1977,40.6254]]]}},{"type":"Feature","properties":{"huc12":"160203090605","name":"Table Mountain"},"geometry":{"type":"Polygon","coordinates":[[[-113.0241,41.8269],[-113.0275,41.8288],[-113.0272,41.8272],[-113.0294,41.8248],[-113.0306,41.8206],[-113.0378,41.8159],[-113.0384,41.8112],[-113.0439,41.8041],[-113.0607,41.7958],[-113.0651,41.7913],[-113.0694,41.791],[-113.0748,41.7861],[-113.0762,41.7829],[-113.0768,41.7727],[-113.0859,41.7636],[-113.0869,41.759],[-113.0862,41.7531],[-113.0922,41.7505],[-113.0893,41.7577],[-113.0928,41.7649],[-113.0948,41.7598],[-113.0954,41.7515],[-113.0988,41.7506],[-113.107,41.7513],[-113.1064,41.7459],[-113.1079,41.7457],[-113.1043,41.7376],[-113.096,41.7318],[-113.0945,41.7286],[-113.0957,41.7266],[-113.1009,41.7233],[-113.1024,41.7196],[-113.1101,41.7197],[-113.1114,41.7161],[-113.1133,41.7147],[-113.1251,41.7122],[-113.1326,41.7173],[-113.1391,41.7158],[-113.1578,41.7173],[-113.1637,41.7253],[-113.1839,41.7282],[-113.1882,41.7266],[-113.191,41.7214],[-113.1957,41.7181],[-113.1961,41.7128],[-113.2044,41.7091],[-113.2084,41.7047],[-113.2155,41.7015],[-113.2228,41.6933],[-113.2278,41.691],[-113.2284,41.6895],[-113.217,41.6837],[-113.2158,41.6805],[-113.2079,41.6765],[-113.1942,41.6736],[-113.1801,41.6662],[-113.1775,41.6701],[-113.1691,41.6761],[-113.1506,41.6723],[-113.1333,41.6617],[-113.1282,41.6557],[-113.1237,41.6541],[-113.1116,41.6576],[-113.11,41.6593],[-113.1103,41.661],[-113.1027,41.6644],[-113.0755,41.6653],[-113.0664,41.6673],[-113.0503,41.6631],[-113.0108,41.6431],[-113.0176,41.652],[-113.0262,41.6727],[-113.0322,41.6763],[-113.0234,41.6847],[-113.0202,41.6945],[-113.0208,41.696],[-113.0259,41.699],[-113.0277,41.7064],[-113.0274,41.7101],[-113.025,41.7109],[-113.0138,41.7088],[-113.0101,41.7101],[-113.0145,41.7197],[-113.0212,41.7218],[-113.0236,41.7254],[-113.0194,41.7278],[-113.0157,41.7328],[-113.0157,41.736],[-113.0191,41.74],[-113.0192,41.7454],[-113.0226,41.747],[-113.0234,41.7494],[-113.028,41.7485],[-113.0301,41.7492],[-113.0298,41.7628],[-113.0282,41.7707],[-113.026,41.7736],[-113.0194,41.7762],[-113.0158,41.7796],[-113.0134,41.7875],[-113.0168,41.7893],[-113.0135,41.7947],[-113.0177,41.8007],[-113.0156,41.8078],[-113.0186,41.8127],[-113.0195,41.8223],[-113.0241,41.8269]]]}},{"type":"Feature","properties":{"huc12":"160203090705","name":"Miller Canyon-Frontal Great Salt Lake"},"geometry":{"type":"Polygon","coordinates":[[[-112.394,41.2674],[-112.406,41.2737],[-112.4184,41.275],[-112.4195,41.2772],[-112.4188,41.2807],[-112.4209,41.2848],[-112.4199,41.2866],[-112.4207,41.2885],[-112.4189,41.2909],[-112.4204,41.2946],[-112.419,41.3001],[-112.4237,41.304],[-112.424,41.3074],[-112.4371,41.312],[-112.439,41.3178],[-112.4429,41.3193],[-112.4424,41.3278],[-112.4382,41.3297],[-112.4378,41.3354],[-112.4393,41.3401],[-112.4413,41.3422],[-112.4458,41.3436],[-112.4462,41.3469],[-112.4443,41.3494],[-112.4463,41.3572],[-112.4484,41.3622],[-112.4536,41.3687],[-112.4534,41.3721],[-112.4501,41.373],[-112.4507,41.3763],[-112.4564,41.3834],[-112.4572,41.3878],[-112.4599,41.3887],[-112.4623,41.3916],[-112.4621,41.3947],[-112.4657,41.3952],[-112.4686,41.393],[-112.4732,41.3918],[-112.4793,41.3868],[-112.4837,41.3852],[-112.486,41.3822],[-112.4949,41.3788],[-112.4975,41.3756],[-112.4974,41.3727],[-112.5,41.3709],[-112.4999,41.3684],[-112.5037,41.3655],[-112.5101,41.3634],[-112.5134,41.3603],[-112.5209,41.3574],[-112.5297,41.3569],[-112.5348,41.3543],[-112.5322,41.3503],[-112.5333,41.3488],[-112.5328,41.3477],[-112.5204,41.3441],[-112.5113,41.3383],[-112.5084,41.339],[-112.5024,41.3359],[-112.5002,41.3365],[-112.4966,41.3324],[-112.4949,41.3258],[-112.4983,41.3114],[-112.5004,41.3082],[-112.5031,41.3068],[-112.5058,41.3023],[-112.5098,41.2993],[-112.5098,41.2959],[-112.5072,41.291],[-112.509,41.2865],[-112.5061,41.2807],[-112.5092,41.272],[-112.5075,41.2673],[-112.4995,41.2603],[-112.5018,41.2583],[-112.5019,41.2542],[-112.503,41.2539],[-112.502,41.2533],[-112.4992,41.2553],[-112.5008,41.257],[-112.5005,41.2589],[-112.4977,41.2575],[-112.4955,41.2524],[-112.4978,41.2522],[-112.4993,41.2535],[-112.5018,41.2516],[-112.4999,41.2504],[-112.4957,41.2509],[-112.4958,41.2456],[-112.4907,41.2358],[-112.4922,41.2346],[-112.4903,41.234],[-112.4894,41.2296],[-112.4856,41.2247],[-112.486,41.2199],[-112.4833,41.2193],[-112.4823,41.2154],[-112.4634,41.2097],[-112.4408,41.207],[-112.429,41.2042],[-112.4268,41.2068],[-112.4235,41.2076],[-112.4248,41.2089],[-112.4254,41.2129],[-112.4225,41.2174],[-112.4142,41.2183],[-112.4116,41.2205],[-112.4061,41.221],[-112.4047,41.2247],[-112.4006,41.2275],[-112.4009,41.2287],[-112.3963,41.2333],[-112.3979,41.2328],[-112.3973,41.2359],[-112.403,41.2402],[-112.4049,41.2444],[-112.4038,41.2494],[-112.3969,41.2571],[-112.394,41.2674]]]}},{"type":"Feature","properties":{"huc12":"160203090606","name":"Peplin Pond-Frontal Great Salt Lake"},"geometry":{"type":"Polygon","coordinates":[[[-113.2284,41.6895],[-113.2332,41.6902],[-113.233,41.6869],[-113.2355,41.6819],[-113.2299,41.6735],[-113.2302,41.6688],[-113.2261,41.6665],[-113.2253,41.6597],[-113.2285,41.6556],[-113.2291,41.653],[-113.2281,41.6405],[-113.2252,41.6378],[-113.2142,41.6351],[-113.2148,41.6292],[-113.2098,41.6272],[-113.2052,41.6202],[-113.206,41.6178],[-113.2046,41.6139],[-113.2061,41.6091],[-113.2107,41.6011],[-113.2149,41.5998],[-113.2151,41.5985],[-113.2032,41.5857],[-113.1956,41.5809],[-113.1892,41.581],[-113.1827,41.5768],[-113.1767,41.57],[-113.1729,41.5676],[-113.1674,41.5701],[-113.1639,41.567],[-113.1605,41.5683],[-113.1592,41.5734],[-113.1463,41.5874],[-113.1455,41.583],[-113.1416,41.5816],[-113.1367,41.5764],[-113.1322,41.5741],[-113.1266,41.5738],[-113.121,41.5774],[-113.1123,41.5757],[-113.0491,41.5809],[-113.0454,41.5802],[-113.0407,41.5757],[-113.0327,41.5724],[-113.0173,41.5705],[-113.0214,41.5728],[-113.0279,41.5727],[-113.0366,41.577],[-113.0406,41.5838],[-113.0327,41.5917],[-113.0272,41.5898],[-113.0274,41.5917],[-113.0344,41.5949],[-113.0364,41.5988],[-113.0332,41.6021],[-113.0271,41.6015],[-113.0261,41.604],[-113.0293,41.6155],[-113.0282,41.624],[-113.0223,41.6336],[-113.0108,41.6431],[-113.0503,41.6631],[-113.0664,41.6673],[-113.0755,41.6653],[-113.1027,41.6644],[-113.1103,41.661],[-113.11,41.6593],[-113.1116,41.6576],[-113.1237,41.6541],[-113.1282,41.6557],[-113.1333,41.6617],[-113.1506,41.6723],[-113.1691,41.6761],[-113.1775,41.6701],[-113.1801,41.6662],[-113.1942,41.6736],[-113.2079,41.6765],[-113.2158,41.6805],[-113.217,41.6837],[-113.2284,41.6895]]]}},{"type":"Feature","properties":{"huc12":"160203090607","name":"Hogup Mountains-Frontal Great Salt Lake"},"geometry":{"type":"Polygon","coordinates":[[[-113.0173,41.5705],[-113.0327,41.5724],[-113.0407,41.5757],[-113.0454,41.5802],[-113.0491,41.5809],[-113.1123,41.5757],[-113.121,41.5774],[-113.1266,41.5738],[-113.1322,41.5741],[-113.1367,41.5764],[-113.1416,41.5816],[-113.1455,41.583],[-113.1463,41.5874],[-113.1592,41.5734],[-113.1605,41.5683],[-113.1659,41.5655],[-113.1635,41.5646],[-113.1619,41.5609],[-113.161,41.5566],[-113.1627,41.5552],[-113.1587,41.5485],[-113.1562,41.5465],[-113.1573,41.5423],[-113.1516,41.5342],[-113.1466,41.5321],[-113.1465,41.5303],[-113.1428,41.5296],[-113.143,41.5137],[-113.138,41.5088],[-113.1357,41.508],[-113.1363,41.5056],[-113.135,41.5008],[-113.1298,41.4965],[-113.131,41.4939],[-113.129,41.4847],[-113.1256,41.483],[-113.1225,41.4775],[-113.1201,41.477],[-113.1141,41.4657],[-113.1115,41.4643],[-113.1077,41.4648],[-113.1019,41.4636],[-113.0919,41.4672],[-113.0873,41.4726],[-113.0811,41.4773],[-113.0759,41.4786],[-113.0639,41.4855],[-113.0656,41.488],[-113.0667,41.4969],[-113.0692,41.5],[-113.072,41.508],[-113.0721,41.5166],[-113.0693,41.5196],[-113.0663,41.5148],[-113.0644,41.5147],[-113.0644,41.5177],[-113.0571,41.521],[-113.0444,41.5316],[-113.0401,41.5382],[-113.0313,41.5476],[-113.0278,41.5496],[-113.0215,41.5497],[-113.0234,41.5537],[-113.0256,41.5537],[-113.0243,41.5509],[-113.034,41.5572],[-113.0369,41.5632],[-113.0307,41.5703],[-113.0173,41.5705]]]}},{"type":"Feature","properties":{"huc12":"160203090704","name":"Maple Canyon-Frontal Great Salt Lake"},"geometry":{"type":"Polygon","coordinates":[[[-112.495,41.4789],[-112.4958,41.4804],[-112.4993,41.4814],[-112.5083,41.4903],[-112.5041,41.4943],[-112.5001,41.4961],[-112.5037,41.5027],[-112.5018,41.5112],[-112.5092,41.5142],[-112.5224,41.5162],[-112.5246,41.5103],[-112.5293,41.5105],[-112.5331,41.5069],[-112.5428,41.5055],[-112.5475,41.5016],[-112.5534,41.4999],[-112.5556,41.4908],[-112.5544,41.4879],[-112.5564,41.4856],[-112.5549,41.4829],[-112.5604,41.4813],[-112.5691,41.4719],[-112.5765,41.4708],[-112.5806,41.4681],[-112.5823,41.465],[-112.5871,41.4656],[-112.5889,41.4644],[-112.5948,41.4546],[-112.601,41.4486],[-112.5919,41.4482],[-112.5878,41.4461],[-112.5831,41.447],[-112.5796,41.4435],[-112.5721,41.4428],[-112.5686,41.436],[-112.5542,41.4353],[-112.5522,41.4292],[-112.5492,41.4283],[-112.5481,41.4266],[-112.5525,41.4219],[-112.5464,41.4231],[-112.5436,41.4217],[-112.544,41.4199],[-112.5458,41.4195],[-112.5437,41.418],[-112.5424,41.4139],[-112.5417,41.4163],[-112.5387,41.4062],[-112.5387,41.3999],[-112.5425,41.3936],[-112.5384,41.3881],[-112.537,41.3841],[-112.5378,41.3837],[-112.5364,41.3822],[-112.5374,41.3804],[-112.5361,41.3782],[-112.5373,41.3751],[-112.5353,41.3707],[-112.5367,41.3651],[-112.5349,41.3604],[-112.5357,41.3586],[-112.5348,41.3543],[-112.5297,41.3569],[-112.5209,41.3574],[-112.5134,41.3603],[-112.5101,41.3634],[-112.5037,41.3655],[-112.4999,41.3684],[-112.5,41.3709],[-112.4974,41.3727],[-112.4975,41.3756],[-112.4949,41.3788],[-112.4861,41.3821],[-112.4837,41.3852],[-112.4796,41.3869],[-112.4845,41.3918],[-112.4859,41.3984],[-112.4847,41.4026],[-112.4808,41.4055],[-112.4808,41.4092],[-112.478,41.4169],[-112.4784,41.4192],[-112.4843,41.4245],[-112.4861,41.4248],[-112.4818,41.433],[-112.4802,41.434],[-112.4803,41.4382],[-112.4845,41.4489],[-112.4886,41.4519],[-112.4902,41.4561],[-112.4902,41.461],[-112.4925,41.4698],[-112.4936,41.4704],[-112.4939,41.4752],[-112.4957,41.4777],[-112.495,41.4789]]]}},{"type":"Feature","properties":{"huc12":"160203090805","name":"Wheatley Spring-Blue Creek"},"geometry":{"type":"Polygon","coordinates":[[[-112.3732,41.8525],[-112.3838,41.8538],[-112.3857,41.8506],[-112.3885,41.8493],[-112.3906,41.8452],[-112.3933,41.8461],[-112.3946,41.8451],[-112.3957,41.8361],[-112.3997,41.8324],[-112.3986,41.8275],[-112.4015,41.8262],[-112.4021,41.8212],[-112.4038,41.8204],[-112.4136,41.8224],[-112.4248,41.8178],[-112.4388,41.8178],[-112.4397,41.8148],[-112.4437,41.8133],[-112.4491,41.8082],[-112.4574,41.8058],[-112.4827,41.8071],[-112.4945,41.8062],[-112.5063,41.803],[-112.5082,41.7986],[-112.5214,41.798],[-112.5268,41.8003],[-112.5283,41.8048],[-112.531,41.8075],[-112.5344,41.8069],[-112.5394,41.803],[-112.5451,41.8016],[-112.5442,41.794],[-112.5458,41.79],[-112.5458,41.7838],[-112.5477,41.781],[-112.5455,41.7767],[-112.5477,41.7713],[-112.5442,41.7674],[-112.5457,41.7584],[-112.5455,41.756],[-112.5437,41.7539],[-112.5499,41.7486],[-112.551,41.7459],[-112.5479,41.7365],[-112.5417,41.7348],[-112.5324,41.7342],[-112.5278,41.7356],[-112.5253,41.7338],[-112.5209,41.7331],[-112.5149,41.7336],[-112.5003,41.7275],[-112.4891,41.7253],[-112.4845,41.7199],[-112.4674,41.7172],[-112.4583,41.721],[-112.4536,41.7248],[-112.4524,41.7283],[-112.4484,41.7293],[-112.441,41.7287],[-112.4415,41.7254],[-112.4266,41.7246],[-112.4155,41.7266],[-112.4116,41.7287],[-112.4042,41.7295],[-112.4003,41.7273],[-112.3937,41.7271],[-112.39,41.724],[-112.3748,41.7223],[-112.3733,41.7253],[-112.3688,41.7284],[-112.3726,41.7331],[-112.3696,41.7365],[-112.3695,41.739],[-112.3657,41.7425],[-112.3606,41.7443],[-112.3515,41.7404],[-112.3488,41.74],[-112.3447,41.7415],[-112.3494,41.7443],[-112.3497,41.7543],[-112.3456,41.7555],[-112.3463,41.762],[-112.3478,41.7653],[-112.3514,41.7653],[-112.3494,41.7681],[-112.3515,41.7708],[-112.3569,41.7719],[-112.3576,41.7735],[-112.3563,41.776],[-112.3594,41.7794],[-112.3575,41.7819],[-112.3519,41.783],[-112.3493,41.7871],[-112.3536,41.791],[-112.3583,41.7926],[-112.3575,41.7962],[-112.3605,41.8],[-112.3588,41.8066],[-112.3597,41.8083],[-112.3564,41.8106],[-112.356,41.8164],[-112.3632,41.8247],[-112.3621,41.8275],[-112.358,41.829],[-112.3582,41.8364],[-112.3721,41.8449],[-112.3723,41.8468],[-112.3692,41.8505],[-112.3725,41.851],[-112.3732,41.8525]]]}},{"type":"Feature","properties":{"huc12":"160203090806","name":"Engineer Spring-Blue Creek"},"geometry":{"type":"Polygon","coordinates":[[[-112.3477,41.7405],[-112.3515,41.7404],[-112.3606,41.7443],[-112.3657,41.7425],[-112.3695,41.739],[-112.3696,41.7365],[-112.3726,41.7331],[-112.3688,41.7284],[-112.3733,41.7253],[-112.3748,41.7223],[-112.39,41.724],[-112.3937,41.7271],[-112.4003,41.7273],[-112.4046,41.7295],[-112.4257,41.7246],[-112.4389,41.7256],[-112.449,41.7231],[-112.4528,41.7199],[-112.4587,41.7089],[-112.4623,41.7094],[-112.4652,41.7079],[-112.4674,41.6997],[-112.4717,41.6994],[-112.4741,41.6938],[-112.4728,41.6928],[-112.473,41.6908],[-112.4713,41.6904],[-112.4703,41.6883],[-112.4737,41.6857],[-112.4739,41.6831],[-112.4711,41.68],[-112.4751,41.6791],[-112.4772,41.6761],[-112.4823,41.6753],[-112.4866,41.6792],[-112.4975,41.679],[-112.5041,41.6765],[-112.5106,41.6763],[-112.5158,41.6777],[-112.5206,41.6774],[-112.5285,41.6798],[-112.5359,41.6792],[-112.5397,41.6758],[-112.5477,41.675],[-112.5432,41.6699],[-112.5359,41.6679],[-112.5296,41.6613],[-112.5283,41.6584],[-112.524,41.6554],[-112.5236,41.6532],[-112.5262,41.6504],[-112.5212,41.6443],[-112.5172,41.6426],[-112.5097,41.643],[-112.5007,41.6404],[-112.4955,41.6411],[-112.4941,41.642],[-112.4936,41.646],[-112.4899,41.6466],[-112.4884,41.65],[-112.4821,41.6503],[-112.4794,41.6481],[-112.4742,41.6484],[-112.4713,41.6458],[-112.4641,41.6439],[-112.4524,41.6294],[-112.4492,41.629],[-112.4444,41.6334],[-112.4433,41.6417],[-112.4352,41.6569],[-112.4286,41.6621],[-112.422,41.6595],[-112.4072,41.6581],[-112.3954,41.661],[-112.3882,41.658],[-112.3783,41.6575],[-112.3771,41.659],[-112.3784,41.6653],[-112.3755,41.668],[-112.3761,41.6708],[-112.3723,41.6734],[-112.3729,41.6764],[-112.3717,41.6782],[-112.3644,41.6787],[-112.3612,41.6829],[-112.3576,41.6851],[-112.3556,41.6838],[-112.3515,41.6841],[-112.3471,41.6859],[-112.344,41.6856],[-112.3429,41.6876],[-112.3411,41.6879],[-112.3441,41.6923],[-112.3421,41.6994],[-112.3447,41.7015],[-112.344,41.7038],[-112.345,41.7048],[-112.3437,41.71],[-112.3444,41.7139],[-112.3414,41.7193],[-112.3408,41.7301],[-112.3448,41.7309],[-112.3464,41.7326],[-112.3457,41.7354],[-112.3477,41.7405]]]}},{"type":"Feature","properties":{"huc12":"160203090809","name":"Outlet Blue Creek"},"geometry":{"type":"Polygon","coordinates":[[[-112.3993,41.4619],[-112.4125,41.4987],[-112.4219,41.5131],[-112.423,41.5281],[-112.4242,41.5312],[-112.431,41.5408],[-112.433,41.5463],[-112.4399,41.5577],[-112.4401,41.5652],[-112.4454,41.5748],[-112.4465,41.5839],[-112.4475,41.5843],[-112.4473,41.5825],[-112.4527,41.5772],[-112.4697,41.5758],[-112.4775,41.5765],[-112.4788,41.5743],[-112.482,41.5745],[-112.5048,41.5676],[-112.518,41.5694],[-112.5257,41.5649],[-112.533,41.5658],[-112.5324,41.5646],[-112.5338,41.5634],[-112.5346,41.5593],[-112.5334,41.5536],[-112.5354,41.5517],[-112.5374,41.5456],[-112.5351,41.5446],[-112.5349,41.5421],[-112.5375,41.5355],[-112.5282,41.5289],[-112.5246,41.5234],[-112.5246,41.5182],[-112.5226,41.5162],[-112.5092,41.5142],[-112.5018,41.5112],[-112.5037,41.5027],[-112.5001,41.4961],[-112.5041,41.4943],[-112.5083,41.4903],[-112.4993,41.4814],[-112.49,41.4767],[-112.4866,41.4778],[-112.484,41.4764],[-112.4809,41.4771],[-112.4774,41.473],[-112.4739,41.4721],[-112.4724,41.4694],[-112.4679,41.4703],[-112.4645,41.4674],[-112.4591,41.4691],[-112.4486,41.4664],[-112.4367,41.4673],[-112.3993,41.4619]]]}},{"type":"Feature","properties":{"huc12":"160203100100","name":"Antelope Island"},"geometry":{"type":"Polygon","coordinates":[[[-112.1635,40.8511],[-112.1658,40.8452],[-112.1652,40.85],[-112.1702,40.8535],[-112.1663,40.8524],[-112.1661,40.856],[-112.1625,40.8612],[-112.1617,40.8652],[-112.1679,40.8608],[-112.1703,40.8626],[-112.1734,40.8621],[-112.1699,40.8664],[-112.1729,40.8675],[-112.1723,40.8712],[-112.1642,40.8842],[-112.1672,40.8828],[-112.1656,40.8869],[-112.1655,40.8936],[-112.169,40.8978],[-112.1667,40.9059],[-112.1678,40.9109],[-112.1667,40.9179],[-112.1588,40.9382],[-112.1547,40.9391],[-112.1544,40.9375],[-112.1521,40.9364],[-112.147,40.9371],[-112.1464,40.9383],[-112.1497,40.941],[-112.1493,40.9393],[-112.1519,40.938],[-112.15,40.9391],[-112.1503,40.9404],[-112.1537,40.9438],[-112.1591,40.953],[-112.1652,40.9555],[-112.1729,40.9608],[-112.1823,40.9791],[-112.1869,40.9825],[-112.1883,40.986],[-112.1969,40.996],[-112.1959,40.9984],[-112.1971,41.0014],[-112.1963,41.0054],[-112.1903,41.0105],[-112.1902,41.0135],[-112.1923,41.0144],[-112.1925,41.0157],[-112.1901,41.0182],[-112.1857,41.0201],[-112.1884,41.0237],[-112.1939,41.0257],[-112.1925,41.0292],[-112.1934,41.0316],[-112.1975,41.0341],[-112.1979,41.0361],[-112.2024,41.0412],[-112.2308,41.0467],[-112.2379,41.0594],[-112.2546,41.0601],[-112.2497,41.0561],[-112.2482,41.0532],[-112.2524,41.0469],[-112.2615,41.041],[-112.2749,41.0423],[-112.2779,41.0393],[-112.2772,41.037],[-112.2724,41.033],[-112.2705,41.0277],[-112.2661,41.0262],[-112.2525,41.0264],[-112.2487,41.0238],[-112.2473,41.0246],[-112.2424,41.0212],[-112.2398,41.0165],[-112.2391,41.0066],[-112.242,40.9987],[-112.2513,40.9936],[-112.2502,40.9897],[-112.2536,40.9844],[-112.2488,40.984],[-112.2471,40.9806],[-112.248,40.9779],[-112.2503,40.9774],[-112.2481,40.974],[-112.2505,40.9699],[-112.2499,40.9683],[-112.252,40.9651],[-112.2523,40.9599],[-112.2541,40.9569],[-112.2512,40.9529],[-112.2543,40.9478],[-112.247,40.9405],[-112.2446,40.9348],[-112.2381,40.9316],[-112.238,40.9301],[-112.2338,40.9267],[-112.2312,40.9209],[-112.2281,40.9192],[-112.2279,40.915],[-112.2252,40.9104],[-112.2246,40.9003],[-112.2194,40.8954],[-112.2192,40.8922],[-112.2177,40.8906],[-112.2182,40.8851],[-112.2136,40.883],[-112.2132,40.8789],[-112.209,40.8753],[-112.2082,40.8703],[-112.1931,40.8622],[-112.1838,40.849],[-112.1745,40.8472],[-112.167,40.8501],[-112.1685,40.8485],[-112.168,40.8459],[-112.167,40.8436],[-112.1645,40.8432],[-112.1616,40.8438],[-112.1619,40.8484],[-112.1609,40.8489],[-112.1635,40.8511]]]}},{"type":"Feature","properties":{"huc12":"160203081806","name":"Gunnison Bay-Frontal Great Salt Lake"},"geometry":{"type":"Polygon","coordinates":[[[-113.0011,41.327],[-113.0045,41.3254],[-113.0201,41.3227],[-113.0307,41.3252],[-113.0491,41.323],[-113.0694,41.3229],[-113.0946,41.3255],[-113.1044,41.3247],[-113.1082,41.3266],[-113.116,41.3269],[-113.118,41.3298],[-113.1327,41.3323],[-113.1321,41.3291],[-113.1337,41.3274],[-113.1294,41.319],[-113.1317,41.3101],[-113.1224,41.3032],[-113.1133,41.2887],[-113.1073,41.288],[-113.1054,41.2867],[-113.1034,41.2801],[-113.0867,41.2732],[-113.0875,41.2717],[-113.0865,41.2678],[-113.0738,41.2651],[-113.0712,41.2684],[-113.0658,41.2695],[-113.0607,41.2684],[-113.0563,41.265],[-113.0424,41.2632],[-113.0336,41.2589],[-113.0298,41.2593],[-113.0237,41.2562],[-113.0174,41.2581],[-113.0095,41.2674],[-113.0149,41.2671],[-113.0222,41.272],[-113.0323,41.2878],[-113.0322,41.2923],[-113.0284,41.2952],[-113.0189,41.2957],[-113.0123,41.3044],[-113.0016,41.3136],[-113.0023,41.318],[-113.0005,41.3238],[-113.0011,41.327]]]}},{"type":"Feature","properties":{"huc12":"160203081903","name":"Peepstone Canyon-Frontal Great Salt Lake"},"geometry":{"type":"Polygon","coordinates":[[[-112.7626,41.0106],[-112.7724,41.0135],[-112.7802,41.0201],[-112.7897,41.0229],[-112.792,41.0182],[-112.7986,41.0164],[-112.806,41.0184],[-112.8095,41.0217],[-112.815,41.0233],[-112.8174,41.0225],[-112.8176,41.0244],[-112.8193,41.0245],[-112.8289,41.023],[-112.8305,41.0217],[-112.8293,41.0196],[-112.8479,41.0146],[-112.8493,41.0122],[-112.8523,41.0107],[-112.8581,41.0165],[-112.8613,41.0116],[-112.8685,41.01],[-112.8784,41.0048],[-112.8786,41],[-112.8767,40.9927],[-112.8771,40.9867],[-112.8726,40.9839],[-112.8684,40.9835],[-112.8651,40.9767],[-112.8605,40.9709],[-112.858,40.9601],[-112.8545,40.9557],[-112.8546,40.953],[-112.8488,40.949],[-112.8466,40.9491],[-112.8442,40.9473],[-112.8436,40.9453],[-112.8394,40.945],[-112.8382,40.9424],[-112.8305,40.9402],[-112.8351,40.9366],[-112.841,40.9353],[-112.8384,40.9328],[-112.8399,40.9258],[-112.8375,40.9241],[-112.8373,40.9213],[-112.8349,40.9186],[-112.8369,40.9139],[-112.8348,40.9105],[-112.8358,40.9086],[-112.8349,40.9054],[-112.8309,40.8995],[-112.8264,40.8994],[-112.8226,40.8966],[-112.8087,40.9024],[-112.8062,40.8987],[-112.8037,40.8975],[-112.7902,40.8942],[-112.7812,40.9043],[-112.7734,40.9099],[-112.7548,40.9177],[-112.748,40.9184],[-112.7307,40.9124],[-112.7229,40.915],[-112.7071,40.9152],[-112.7093,40.9189],[-112.7013,40.926],[-112.6972,40.9258],[-112.6961,40.9277],[-112.6928,40.9269],[-112.6896,40.9279],[-112.6824,40.9319],[-112.6739,40.9394],[-112.6696,40.9492],[-112.6793,40.9492],[-112.6803,40.9465],[-112.684,40.9469],[-112.6817,40.9457],[-112.6854,40.9441],[-112.7037,40.9437],[-112.7098,40.9489],[-112.7081,40.9503],[-112.7138,40.9539],[-112.7161,40.9543],[-112.7145,40.9532],[-112.716,40.9534],[-112.7213,40.9563],[-112.7205,40.9573],[-112.7299,40.9608],[-112.735,40.9614],[-112.7569,40.97],[-112.7604,40.9751],[-112.761,40.98],[-112.7639,40.9823],[-112.7642,40.9854],[-112.7727,41.0011],[-112.7683,41.0082],[-112.7626,41.0106]]]}},{"type":"Feature","properties":{"huc12":"160203090404","name":"Cedar Hill"},"geometry":{"type":"Polygon","coordinates":[[[-112.8605,41.8481],[-112.8668,41.8441],[-112.8644,41.8428],[-112.8692,41.8387],[-112.8706,41.8358],[-112.888,41.8312],[-112.8912,41.8276],[-112.8993,41.8247],[-112.9053,41.8172],[-112.908,41.8107],[-112.9079,41.8074],[-112.9046,41.8041],[-112.9043,41.8006],[-112.9062,41.7916],[-112.9087,41.7895],[-112.9131,41.7877],[-112.9177,41.7904],[-112.9199,41.7853],[-112.9295,41.7849],[-112.9354,41.786],[-112.9413,41.7827],[-112.9458,41.7745],[-112.9557,41.7675],[-112.9623,41.7485],[-112.9727,41.7416],[-112.9687,41.7359],[-112.9687,41.734],[-112.9718,41.7292],[-112.9722,41.7256],[-112.975,41.7233],[-112.9789,41.7236],[-112.9802,41.7217],[-112.9852,41.7213],[-112.9873,41.7197],[-112.9807,41.7187],[-112.9733,41.7198],[-112.9695,41.7175],[-112.9635,41.7163],[-112.9583,41.7192],[-112.9556,41.7228],[-112.9439,41.7235],[-112.9388,41.7283],[-112.9339,41.7287],[-112.9255,41.7269],[-112.9219,41.7241],[-112.9131,41.721],[-112.9113,41.7164],[-112.906,41.717],[-112.9007,41.7197],[-112.899,41.7223],[-112.8989,41.7312],[-112.8957,41.7391],[-112.8957,41.7455],[-112.894,41.7458],[-112.8735,41.7448],[-112.8638,41.7387],[-112.8627,41.7364],[-112.8577,41.7333],[-112.8566,41.7304],[-112.8468,41.7293],[-112.8436,41.7278],[-112.8356,41.7298],[-112.8292,41.7386],[-112.8237,41.753],[-112.8199,41.7577],[-112.8212,41.7585],[-112.8186,41.7649],[-112.8154,41.7628],[-112.814,41.7644],[-112.8108,41.7645],[-112.8043,41.7675],[-112.7938,41.769],[-112.7907,41.7711],[-112.7901,41.7739],[-112.7867,41.7756],[-112.7864,41.7773],[-112.7944,41.7807],[-112.8019,41.7803],[-112.8092,41.7838],[-112.8213,41.794],[-112.8268,41.797],[-112.8278,41.7997],[-112.8263,41.8043],[-112.8385,41.8088],[-112.8358,41.8162],[-112.8262,41.83],[-112.8275,41.8377],[-112.8347,41.8402],[-112.8375,41.8441],[-112.8406,41.8455],[-112.8436,41.8461],[-112.8494,41.8445],[-112.8605,41.8481]]]}},{"type":"Feature","properties":{"huc12":"160203081904","name":"Right Fork Carter Canyon-Frontal Great Salt Lake"},"geometry":{"type":"Polygon","coordinates":[[[-112.6209,40.8132],[-112.6202,40.8156],[-112.6231,40.8194],[-112.6263,40.8283],[-112.6212,40.8314],[-112.6208,40.8329],[-112.6284,40.8407],[-112.6315,40.8464],[-112.6315,40.8497],[-112.636,40.8563],[-112.6454,40.866],[-112.6463,40.8689],[-112.6454,40.8698],[-112.6553,40.8709],[-112.6606,40.8749],[-112.6704,40.8862],[-112.6793,40.8998],[-112.6785,40.9032],[-112.6768,40.9047],[-112.6533,40.9084],[-112.6407,40.9075],[-112.6512,40.9123],[-112.6564,40.9108],[-112.6636,40.9116],[-112.6631,40.913],[-112.658,40.9149],[-112.6526,40.9144],[-112.6515,40.9161],[-112.6536,40.9179],[-112.6524,40.9199],[-112.6576,40.9281],[-112.6586,40.9424],[-112.6684,40.9489],[-112.6696,40.9492],[-112.6739,40.9394],[-112.6824,40.9319],[-112.6919,40.9271],[-112.6961,40.9277],[-112.6969,40.9258],[-112.7015,40.9259],[-112.7093,40.9189],[-112.7071,40.9152],[-112.7229,40.915],[-112.7307,40.9124],[-112.748,40.9184],[-112.7548,40.9177],[-112.7734,40.9099],[-112.7812,40.9043],[-112.7902,40.8942],[-112.8037,40.8975],[-112.8062,40.8987],[-112.8087,40.9024],[-112.8226,40.8966],[-112.8264,40.8994],[-112.8309,40.8995],[-112.8283,40.8948],[-112.8251,40.8925],[-112.8241,40.884],[-112.8201,40.8801],[-112.8212,40.8778],[-112.8202,40.8756],[-112.8216,40.8724],[-112.8212,40.8697],[-112.815,40.8671],[-112.8121,40.8644],[-112.8137,40.8597],[-112.8132,40.8572],[-112.8092,40.8539],[-112.8085,40.8503],[-112.8066,40.8488],[-112.8005,40.848],[-112.7994,40.8449],[-112.7953,40.8429],[-112.7832,40.8409],[-112.7831,40.8373],[-112.7809,40.8382],[-112.7782,40.836],[-112.7777,40.8328],[-112.7789,40.8306],[-112.7779,40.8271],[-112.7719,40.8234],[-112.7689,40.8253],[-112.7585,40.8223],[-112.7562,40.8182],[-112.7495,40.8147],[-112.7482,40.813],[-112.7485,40.8108],[-112.7448,40.8095],[-112.7424,40.8057],[-112.7428,40.8027],[-112.7386,40.7983],[-112.7361,40.7978],[-112.7322,40.8007],[-112.7301,40.8042],[-112.7314,40.8079],[-112.7299,40.8081],[-112.7276,40.8145],[-112.7204,40.8132],[-112.7185,40.811],[-112.7136,40.809],[-112.7127,40.8055],[-112.7096,40.8038],[-112.7012,40.8042],[-112.6964,40.8025],[-112.691,40.8043],[-112.6877,40.8071],[-112.6838,40.8076],[-112.6815,40.8107],[-112.6777,40.8133],[-112.6743,40.8134],[-112.6611,40.8236],[-112.6373,40.8224],[-112.6209,40.8132]]]}},{"type":"Feature","properties":{"huc12":"160203090403","name":"Sage Valley"},"geometry":{"type":"Polygon","coordinates":[[[-112.6924,41.8729],[-112.6931,41.8798],[-112.6873,41.8816],[-112.6844,41.8856],[-112.6863,41.8872],[-112.6909,41.8882],[-112.6928,41.8919],[-112.7002,41.8924],[-112.7026,41.8912],[-112.7037,41.8853],[-112.7162,41.8852],[-112.7265,41.8828],[-112.7377,41.8829],[-112.7441,41.8879],[-112.7488,41.8884],[-112.7521,41.883],[-112.7583,41.8798],[-112.7617,41.8762],[-112.7623,41.8736],[-112.7645,41.8726],[-112.7649,41.8703],[-112.7677,41.8675],[-112.7677,41.8656],[-112.7754,41.8617],[-112.7745,41.86],[-112.7821,41.8525],[-112.8,41.8543],[-112.8039,41.8509],[-112.806,41.8508],[-112.8207,41.8574],[-112.8235,41.8576],[-112.833,41.8548],[-112.8384,41.8554],[-112.8464,41.8487],[-112.8519,41.8477],[-112.8589,41.8493],[-112.8605,41.8481],[-112.8494,41.8445],[-112.8436,41.8461],[-112.8406,41.8455],[-112.8375,41.8441],[-112.8347,41.8402],[-112.8275,41.8377],[-112.8262,41.83],[-112.8358,41.8162],[-112.8385,41.8088],[-112.8263,41.8043],[-112.8278,41.7997],[-112.8268,41.797],[-112.8213,41.794],[-112.8092,41.7838],[-112.8019,41.7803],[-112.7944,41.7807],[-112.7864,41.7773],[-112.7852,41.7806],[-112.7856,41.7868],[-112.7805,41.7908],[-112.7777,41.7915],[-112.773,41.7979],[-112.7671,41.8013],[-112.7648,41.8065],[-112.7575,41.8115],[-112.7493,41.8142],[-112.744,41.8194],[-112.7395,41.8208],[-112.7337,41.8262],[-112.7326,41.8301],[-112.7295,41.8336],[-112.7271,41.8346],[-112.7273,41.8368],[-112.7224,41.8386],[-112.722,41.8429],[-112.7184,41.848],[-112.7142,41.8479],[-112.7113,41.8497],[-112.7046,41.8486],[-112.7036,41.8498],[-112.7045,41.8526],[-112.7017,41.8548],[-112.6975,41.8555],[-112.699,41.864],[-112.6924,41.8729]]]}},{"type":"Feature","properties":{"huc12":"160203090405","name":"Wildcat Hills-Deep Creek"},"geometry":{"type":"Polygon","coordinates":[[[-112.9489,41.867],[-112.9537,41.8678],[-112.9577,41.8721],[-112.9728,41.88],[-112.9844,41.8819],[-112.9893,41.8813],[-112.9948,41.8749],[-112.996,41.8692],[-112.9985,41.8673],[-112.999,41.8627],[-113.0014,41.8591],[-113.0013,41.856],[-112.9995,41.8532],[-113.0083,41.8543],[-113.0095,41.8567],[-113.0111,41.857],[-113.0144,41.8528],[-113.0151,41.8443],[-113.0175,41.8437],[-113.02,41.8454],[-113.0256,41.846],[-113.0275,41.8419],[-113.0272,41.8381],[-113.0306,41.8351],[-113.0283,41.8331],[-113.028,41.8293],[-113.0241,41.8269],[-113.0146,41.8277],[-113.0066,41.8257],[-113.0036,41.8234],[-112.9983,41.824],[-112.9907,41.8223],[-112.988,41.8202],[-112.9844,41.8117],[-112.9834,41.8041],[-112.9849,41.7975],[-112.9849,41.7868],[-112.9822,41.7831],[-112.9832,41.7803],[-112.9913,41.7712],[-112.9933,41.7639],[-112.9935,41.7569],[-112.9917,41.7509],[-112.9935,41.7475],[-112.9962,41.7464],[-112.9973,41.7443],[-112.9954,41.7413],[-112.9968,41.7397],[-112.997,41.7321],[-112.9961,41.7289],[-112.9938,41.727],[-112.9944,41.7182],[-113.0017,41.7054],[-112.9986,41.7024],[-112.9973,41.7025],[-112.9956,41.7054],[-112.9913,41.7029],[-112.9873,41.7025],[-112.9776,41.704],[-112.9705,41.7074],[-112.969,41.7123],[-112.9635,41.7163],[-112.9695,41.7175],[-112.9733,41.7198],[-112.9807,41.7187],[-112.9873,41.7197],[-112.9852,41.7213],[-112.9802,41.7217],[-112.9789,41.7236],[-112.975,41.7233],[-112.9722,41.7256],[-112.9718,41.7292],[-112.9687,41.734],[-112.9687,41.7359],[-112.9727,41.7416],[-112.9623,41.7485],[-112.9557,41.7675],[-112.9458,41.7745],[-112.9434,41.7802],[-112.9371,41.7857],[-112.9206,41.7851],[-112.919,41.7859],[-112.9177,41.7904],[-112.9131,41.7877],[-112.9087,41.7895],[-112.9062,41.7916],[-112.9043,41.8006],[-112.9046,41.8041],[-112.9079,41.8074],[-112.908,41.8107],[-112.9053,41.8172],[-112.8993,41.8247],[-112.8912,41.8276],[-112.888,41.8312],[-112.8699,41.8364],[-112.8694,41.8384],[-112.8797,41.8423],[-112.9003,41.8462],[-112.9014,41.849],[-112.9071,41.8531],[-112.9097,41.8573],[-112.9095,41.863],[-112.9142,41.8674],[-112.9175,41.8749],[-112.9211,41.8773],[-112.9432,41.8704],[-112.9489,41.867]]]}},{"type":"Feature","properties":{"huc12":"160203090406","name":"West Locomotive Slough-Frontal Great Salt Lake"},"geometry":{"type":"Polygon","coordinates":[[[-112.8395,41.729],[-112.8453,41.7279],[-112.8468,41.7293],[-112.8571,41.7306],[-112.8577,41.7333],[-112.8627,41.7364],[-112.8638,41.7387],[-112.8735,41.7448],[-112.894,41.7458],[-112.8957,41.7455],[-112.8957,41.7391],[-112.8989,41.7312],[-112.899,41.7223],[-112.9007,41.7197],[-112.906,41.717],[-112.9113,41.7164],[-112.9131,41.721],[-112.9219,41.7241],[-112.9255,41.7269],[-112.9339,41.7287],[-112.9388,41.7283],[-112.9439,41.7235],[-112.9556,41.7228],[-112.9583,41.7192],[-112.9665,41.7149],[-112.9694,41.7116],[-112.9705,41.7074],[-112.9776,41.704],[-112.9768,41.7022],[-112.9801,41.7005],[-112.9781,41.6974],[-112.9798,41.6931],[-112.9722,41.6909],[-112.9693,41.686],[-112.97,41.6797],[-112.9817,41.6661],[-112.9929,41.6465],[-112.9724,41.6417],[-112.9555,41.6463],[-112.9466,41.6456],[-112.9239,41.6474],[-112.9171,41.6514],[-112.907,41.6542],[-112.8939,41.663],[-112.8922,41.667],[-112.888,41.6673],[-112.8877,41.6692],[-112.895,41.6698],[-112.8962,41.6709],[-112.8895,41.6778],[-112.8643,41.678],[-112.8666,41.6818],[-112.8661,41.6875],[-112.8671,41.6899],[-112.8627,41.6971],[-112.8567,41.6988],[-112.842,41.6988],[-112.8442,41.7029],[-112.8426,41.7143],[-112.8379,41.7217],[-112.8378,41.7247],[-112.8404,41.7265],[-112.8395,41.729]]]}},{"type":"Feature","properties":{"huc12":"160203090501","name":"Headwaters Hansel Valley Wash"},"geometry":{"type":"Polygon","coordinates":[[[-112.5503,41.8517],[-112.551,41.8563],[-112.5495,41.8644],[-112.5391,41.8682],[-112.5378,41.8701],[-112.539,41.8734],[-112.5363,41.8795],[-112.5359,41.8893],[-112.5398,41.8922],[-112.5386,41.8944],[-112.5403,41.9039],[-112.536,41.9136],[-112.5376,41.9157],[-112.5371,41.9175],[-112.5349,41.9186],[-112.5359,41.92],[-112.5352,41.923],[-112.5394,41.9246],[-112.5397,41.9365],[-112.5525,41.9351],[-112.5571,41.9368],[-112.5622,41.9406],[-112.5692,41.9423],[-112.5685,41.9461],[-112.5714,41.9549],[-112.571,41.9575],[-112.5641,41.9567],[-112.5617,41.9595],[-112.5606,41.9652],[-112.5619,41.9686],[-112.5654,41.9704],[-112.5655,41.9737],[-112.5698,41.9764],[-112.5709,41.98],[-112.5765,41.9821],[-112.5792,41.9848],[-112.5837,41.9832],[-112.5831,41.9745],[-112.585,41.9749],[-112.5874,41.9719],[-112.5869,41.97],[-112.589,41.9682],[-112.589,41.9635],[-112.5918,41.9597],[-112.6053,41.9633],[-112.6052,41.9685],[-112.6071,41.971],[-112.6095,41.9676],[-112.6148,41.9663],[-112.6156,41.9598],[-112.6187,41.9584],[-112.6185,41.954],[-112.6201,41.9528],[-112.6173,41.9495],[-112.6183,41.9468],[-112.6175,41.9418],[-112.6016,41.9313],[-112.6013,41.9296],[-112.6032,41.9269],[-112.597,41.9223],[-112.6006,41.9189],[-112.6005,41.9132],[-112.6026,41.9107],[-112.6137,41.9069],[-112.6255,41.9118],[-112.6356,41.9088],[-112.6466,41.9096],[-112.656,41.9069],[-112.6622,41.9111],[-112.6614,41.9135],[-112.6634,41.9171],[-112.6667,41.9181],[-112.6768,41.9162],[-112.6852,41.919],[-112.6864,41.9183],[-112.6865,41.916],[-112.6951,41.9118],[-112.6961,41.9077],[-112.7014,41.9031],[-112.7042,41.9032],[-112.7057,41.902],[-112.7047,41.8989],[-112.7067,41.8958],[-112.7035,41.8934],[-112.7031,41.8913],[-112.7002,41.8924],[-112.6928,41.8919],[-112.6909,41.8882],[-112.6844,41.8858],[-112.6873,41.8816],[-112.6931,41.8798],[-112.6936,41.8773],[-112.6924,41.8729],[-112.6858,41.8694],[-112.6855,41.865],[-112.6807,41.8645],[-112.6776,41.8623],[-112.676,41.8606],[-112.6761,41.8586],[-112.6726,41.8556],[-112.6699,41.8548],[-112.6678,41.8565],[-112.6638,41.8544],[-112.662,41.8549],[-112.6554,41.8512],[-112.6499,41.8513],[-112.642,41.8482],[-112.6358,41.844],[-112.6254,41.8413],[-112.6251,41.8354],[-112.6211,41.834],[-112.6198,41.8309],[-112.6198,41.8247],[-112.6129,41.8229],[-112.6104,41.8197],[-112.603,41.8186],[-112.5962,41.8155],[-112.5951,41.8117],[-112.5971,41.8098],[-112.5961,41.8073],[-112.5933,41.8054],[-112.5928,41.8032],[-112.588,41.8014],[-112.5876,41.798],[-112.5838,41.7968],[-112.5793,41.7986],[-112.5782,41.7968],[-112.5759,41.7963],[-112.557,41.7962],[-112.5444,41.7945],[-112.5441,41.799],[-112.546,41.8032],[-112.5437,41.81],[-112.5451,41.8121],[-112.5447,41.8149],[-112.5425,41.8177],[-112.5479,41.8178],[-112.5482,41.8228],[-112.5496,41.8241],[-112.5471,41.8299],[-112.5479,41.8314],[-112.5466,41.8357],[-112.5444,41.8374],[-112.5478,41.8376],[-112.5493,41.8417],[-112.5519,41.8425],[-112.5503,41.8465],[-112.5503,41.8517]]]}},{"type":"Feature","properties":{"huc12":"160203090502","name":"Outlet Hansel Valley Wash"},"geometry":{"type":"Polygon","coordinates":[[[-112.5876,41.798],[-112.588,41.8014],[-112.5928,41.8032],[-112.5933,41.8054],[-112.5961,41.8073],[-112.5971,41.8098],[-112.5951,41.8117],[-112.5962,41.8155],[-112.603,41.8186],[-112.6104,41.8197],[-112.6129,41.8229],[-112.6198,41.8247],[-112.6198,41.8309],[-112.6211,41.834],[-112.6251,41.8354],[-112.6254,41.8413],[-112.6358,41.844],[-112.6464,41.8501],[-112.6554,41.8512],[-112.662,41.8549],[-112.6638,41.8544],[-112.6683,41.8564],[-112.6768,41.8425],[-112.6778,41.8346],[-112.6839,41.8331],[-112.6858,41.826],[-112.6887,41.8256],[-112.6913,41.8203],[-112.6905,41.8176],[-112.6881,41.8157],[-112.6865,41.818],[-112.6825,41.8193],[-112.6708,41.8147],[-112.6679,41.8159],[-112.6609,41.8138],[-112.6591,41.8063],[-112.6617,41.8021],[-112.6614,41.7981],[-112.6631,41.7915],[-112.6733,41.7833],[-112.6873,41.7609],[-112.686,41.7596],[-112.6842,41.7605],[-112.6805,41.7666],[-112.6747,41.7701],[-112.6646,41.7726],[-112.6599,41.7708],[-112.6528,41.7717],[-112.6498,41.7709],[-112.6427,41.7729],[-112.6363,41.7726],[-112.631,41.7745],[-112.6184,41.7717],[-112.6138,41.7783],[-112.6092,41.78],[-112.6007,41.7932],[-112.5946,41.7958],[-112.5897,41.7951],[-112.5892,41.7974],[-112.5876,41.798]]]}},{"type":"Feature","properties":{"huc12":"160203090503","name":"Hansel Mountains"},"geometry":{"type":"Polygon","coordinates":[[[-112.67,41.8548],[-112.6742,41.8564],[-112.6761,41.8586],[-112.6765,41.8613],[-112.6807,41.8645],[-112.6855,41.865],[-112.6858,41.8694],[-112.6924,41.8729],[-112.699,41.864],[-112.6971,41.856],[-112.7017,41.8548],[-112.7045,41.8526],[-112.7042,41.8488],[-112.7113,41.8497],[-112.7142,41.8479],[-112.7184,41.848],[-112.722,41.8429],[-112.7224,41.8386],[-112.7273,41.8368],[-112.7269,41.8348],[-112.7326,41.8301],[-112.7343,41.8255],[-112.7401,41.8203],[-112.744,41.8194],[-112.7493,41.8142],[-112.7575,41.8115],[-112.7648,41.8065],[-112.7671,41.8013],[-112.773,41.7979],[-112.7777,41.7915],[-112.7805,41.7908],[-112.7858,41.7866],[-112.7853,41.7814],[-112.7817,41.7828],[-112.7738,41.7784],[-112.7651,41.7775],[-112.7611,41.775],[-112.753,41.7731],[-112.746,41.7681],[-112.7445,41.7651],[-112.7451,41.7602],[-112.7295,41.7503],[-112.7234,41.7529],[-112.7125,41.7504],[-112.6993,41.7556],[-112.6866,41.7587],[-112.6868,41.762],[-112.6801,41.771],[-112.6741,41.7822],[-112.6631,41.7915],[-112.6614,41.7981],[-112.6617,41.8021],[-112.6591,41.8063],[-112.6609,41.8138],[-112.6679,41.8159],[-112.6708,41.8147],[-112.6825,41.8193],[-112.6865,41.818],[-112.6881,41.8157],[-112.6912,41.8198],[-112.6887,41.8256],[-112.6858,41.826],[-112.6839,41.8331],[-112.6778,41.8346],[-112.6768,41.8425],[-112.6729,41.8478],[-112.6721,41.8515],[-112.6701,41.8526],[-112.67,41.8548]]]}},{"type":"Feature","properties":{"huc12":"160203090507","name":"Black Mountain-Frontal Great Salt Lake"},"geometry":{"type":"Polygon","coordinates":[[[-112.6898,41.6459],[-112.6927,41.6462],[-112.6971,41.6447],[-112.7046,41.6463],[-112.7161,41.646],[-112.7309,41.6423],[-112.7329,41.6451],[-112.7319,41.6459],[-112.7325,41.6478],[-112.7406,41.6552],[-112.7435,41.6563],[-112.7445,41.655],[-112.7435,41.6527],[-112.7393,41.6479],[-112.7397,41.6441],[-112.7434,41.6414],[-112.7436,41.6399],[-112.7468,41.6388],[-112.7481,41.6327],[-112.7547,41.6265],[-112.7669,41.6234],[-112.7709,41.6212],[-112.7761,41.6212],[-112.7895,41.6174],[-112.7744,41.6184],[-112.7735,41.6169],[-112.7748,41.6133],[-112.7719,41.6156],[-112.7706,41.612],[-112.7697,41.6149],[-112.7665,41.6148],[-112.7664,41.6125],[-112.7602,41.6076],[-112.764,41.6024],[-112.7641,41.5989],[-112.7676,41.5951],[-112.7683,41.5927],[-112.7762,41.5875],[-112.7757,41.5862],[-112.7835,41.5834],[-112.7841,41.58],[-112.7867,41.5769],[-112.787,41.573],[-112.7857,41.5708],[-112.7862,41.569],[-112.784,41.5665],[-112.7898,41.5644],[-112.7927,41.5677],[-112.794,41.5656],[-112.7968,41.5652],[-112.7993,41.561],[-112.7973,41.5579],[-112.7927,41.5553],[-112.7906,41.5505],[-112.7892,41.5504],[-112.7872,41.5531],[-112.7811,41.5508],[-112.7825,41.5405],[-112.7791,41.5407],[-112.7742,41.5384],[-112.7731,41.5327],[-112.7701,41.5267],[-112.7683,41.5273],[-112.7656,41.5259],[-112.7622,41.5222],[-112.7622,41.5158],[-112.7611,41.5158],[-112.7609,41.521],[-112.7586,41.5228],[-112.7589,41.5252],[-112.7611,41.5278],[-112.7596,41.5331],[-112.7613,41.5375],[-112.7558,41.5412],[-112.753,41.55],[-112.749,41.5526],[-112.7411,41.5638],[-112.7428,41.5668],[-112.744,41.5745],[-112.7437,41.5879],[-112.7258,41.5909],[-112.692,41.5917],[-112.6878,41.5937],[-112.6823,41.5995],[-112.6837,41.6014],[-112.683,41.604],[-112.6845,41.6081],[-112.6787,41.6185],[-112.6781,41.624],[-112.6813,41.6287],[-112.6863,41.6303],[-112.6879,41.632],[-112.6875,41.6354],[-112.6891,41.6379],[-112.6898,41.6459]]]}},{"type":"Feature","properties":{"huc12":"160203090504","name":"Bulls Pass"},"geometry":{"type":"Polygon","coordinates":[[[-112.5444,41.7945],[-112.557,41.7962],[-112.5759,41.7963],[-112.5782,41.7968],[-112.5793,41.7986],[-112.5838,41.7968],[-112.5876,41.798],[-112.5892,41.7974],[-112.5897,41.7951],[-112.5946,41.7958],[-112.5997,41.7939],[-112.6027,41.7913],[-112.6092,41.78],[-112.6138,41.7783],[-112.6178,41.7728],[-112.6175,41.7678],[-112.6223,41.7575],[-112.6478,41.7548],[-112.6588,41.7467],[-112.6606,41.7441],[-112.6646,41.7428],[-112.6667,41.7359],[-112.6707,41.7335],[-112.6362,41.7343],[-112.6258,41.7378],[-112.6118,41.738],[-112.6,41.7398],[-112.5861,41.7372],[-112.5742,41.7382],[-112.5719,41.7359],[-112.5676,41.7344],[-112.5603,41.7357],[-112.5566,41.7342],[-112.5479,41.7354],[-112.551,41.7459],[-112.5499,41.7486],[-112.5437,41.7539],[-112.5455,41.756],[-112.5457,41.7584],[-112.5442,41.7674],[-112.5477,41.7713],[-112.5455,41.7767],[-112.5477,41.781],[-112.5458,41.7838],[-112.5458,41.79],[-112.5444,41.7945]]]}},{"type":"Feature","properties":{"huc12":"160203090505","name":"Sunset Pass"},"geometry":{"type":"Polygon","coordinates":[[[-112.6181,41.7721],[-112.631,41.7745],[-112.6363,41.7726],[-112.6427,41.7729],[-112.6561,41.7704],[-112.6616,41.7657],[-112.6633,41.7605],[-112.6619,41.7558],[-112.6731,41.752],[-112.6905,41.7431],[-112.6934,41.7389],[-112.7129,41.7249],[-112.7152,41.7134],[-112.7204,41.7067],[-112.7204,41.7006],[-112.7241,41.6965],[-112.7303,41.6951],[-112.7358,41.6909],[-112.7343,41.6885],[-112.7357,41.6851],[-112.7446,41.6868],[-112.7461,41.6885],[-112.7468,41.6872],[-112.7452,41.6852],[-112.7456,41.6824],[-112.7528,41.6781],[-112.7417,41.6729],[-112.7416,41.6678],[-112.745,41.6621],[-112.7449,41.6585],[-112.7325,41.6478],[-112.7319,41.6459],[-112.7329,41.6451],[-112.7314,41.6424],[-112.7161,41.646],[-112.7046,41.6463],[-112.6971,41.6447],[-112.6866,41.6467],[-112.6804,41.6504],[-112.6727,41.6517],[-112.6704,41.651],[-112.6573,41.6598],[-112.6531,41.6585],[-112.6336,41.6617],[-112.615,41.6607],[-112.6133,41.6589],[-112.6053,41.6607],[-112.5987,41.66],[-112.5992,41.6678],[-112.5978,41.669],[-112.5986,41.6713],[-112.5955,41.6731],[-112.5915,41.6725],[-112.5863,41.6745],[-112.5848,41.6796],[-112.5801,41.6846],[-112.5807,41.6894],[-112.5793,41.6912],[-112.5786,41.6987],[-112.5774,41.7002],[-112.5821,41.7043],[-112.5743,41.7067],[-112.5722,41.7111],[-112.5648,41.7143],[-112.5636,41.7189],[-112.5624,41.7206],[-112.5604,41.7206],[-112.5538,41.7285],[-112.5547,41.7345],[-112.5571,41.7342],[-112.5603,41.7357],[-112.5635,41.7344],[-112.5685,41.7345],[-112.5742,41.7382],[-112.5861,41.7372],[-112.6,41.7398],[-112.6118,41.738],[-112.6258,41.7378],[-112.6362,41.7343],[-112.6707,41.7335],[-112.6667,41.7359],[-112.6646,41.7428],[-112.6606,41.7441],[-112.6588,41.7467],[-112.6478,41.7548],[-112.6223,41.7575],[-112.6175,41.7678],[-112.6181,41.7721]]]}},{"type":"Feature","properties":{"huc12":"160203090506","name":"Monument Peak-Frontal Great Salt Lake"},"geometry":{"type":"Polygon","coordinates":[[[-112.686,41.7596],[-112.7125,41.7504],[-112.7234,41.7529],[-112.7295,41.7503],[-112.7451,41.7602],[-112.7445,41.7651],[-112.746,41.7681],[-112.753,41.7731],[-112.7611,41.775],[-112.7651,41.7775],[-112.7738,41.7784],[-112.7817,41.7828],[-112.784,41.7825],[-112.7853,41.7814],[-112.7866,41.7757],[-112.7901,41.7739],[-112.7907,41.7711],[-112.7938,41.769],[-112.8043,41.7675],[-112.8108,41.7645],[-112.814,41.7644],[-112.8154,41.7628],[-112.8188,41.7647],[-112.8212,41.7585],[-112.8199,41.7577],[-112.8237,41.753],[-112.8259,41.7452],[-112.8281,41.7435],[-112.8307,41.7361],[-112.8343,41.7306],[-112.8396,41.7288],[-112.8404,41.7265],[-112.8378,41.7247],[-112.8379,41.7217],[-112.8426,41.7143],[-112.8442,41.7026],[-112.8399,41.6992],[-112.8306,41.7006],[-112.8135,41.6966],[-112.8106,41.6942],[-112.8118,41.6916],[-112.8065,41.6896],[-112.7906,41.6883],[-112.7822,41.682],[-112.7796,41.6822],[-112.7703,41.6744],[-112.7635,41.6717],[-112.761,41.6664],[-112.7542,41.6635],[-112.7525,41.6607],[-112.7478,41.6587],[-112.7464,41.6557],[-112.7441,41.656],[-112.7453,41.6605],[-112.742,41.6662],[-112.7414,41.6723],[-112.7528,41.6782],[-112.7456,41.6824],[-112.7452,41.6852],[-112.7468,41.6872],[-112.7461,41.6885],[-112.7446,41.6868],[-112.7357,41.6851],[-112.7343,41.6885],[-112.7358,41.6909],[-112.7303,41.6951],[-112.7241,41.6965],[-112.7204,41.7006],[-112.7204,41.7067],[-112.7152,41.7134],[-112.7129,41.7249],[-112.6934,41.7389],[-112.6905,41.7431],[-112.6731,41.752],[-112.6619,41.7558],[-112.6633,41.7605],[-112.6616,41.7657],[-112.6534,41.7717],[-112.6599,41.7708],[-112.6646,41.7726],[-112.6747,41.7701],[-112.6805,41.7666],[-112.6842,41.7605],[-112.686,41.7596]]]}},{"type":"Feature","properties":{"huc12":"160203081502","name":"Beards Hollow-Frontal Puddle Valley"},"geometry":{"type":"Polygon","coordinates":[[[-112.8309,40.8995],[-112.8349,40.9054],[-112.8358,40.9086],[-112.8348,40.9105],[-112.8369,40.9139],[-112.8349,40.9186],[-112.8373,40.9213],[-112.8375,40.9241],[-112.8399,40.9258],[-112.8384,40.9328],[-112.841,40.9353],[-112.8351,40.9366],[-112.8305,40.9402],[-112.8382,40.9424],[-112.8394,40.945],[-112.8436,40.9453],[-112.8442,40.9473],[-112.8466,40.9491],[-112.8488,40.949],[-112.854,40.9522],[-112.8545,40.9557],[-112.858,40.9601],[-112.8605,40.9709],[-112.8651,40.9767],[-112.8684,40.9835],[-112.8764,40.9859],[-112.8791,40.9835],[-112.8961,40.979],[-112.8988,40.9772],[-112.9152,40.9749],[-112.9148,40.9645],[-112.9135,40.9596],[-112.912,40.9587],[-112.9129,40.9528],[-112.9107,40.9522],[-112.9084,40.9536],[-112.9084,40.9521],[-112.9071,40.9519],[-112.9058,40.9494],[-112.9083,40.9419],[-112.9078,40.9394],[-112.9051,40.9377],[-112.912,40.934],[-112.9125,40.9325],[-112.9018,40.9286],[-112.9048,40.9262],[-112.9026,40.924],[-112.9133,40.9179],[-112.9162,40.9181],[-112.9178,40.9139],[-112.9233,40.9145],[-112.9241,40.9134],[-112.923,40.9126],[-112.9242,40.9114],[-112.9277,40.911],[-112.9304,40.9087],[-112.9258,40.905],[-112.9265,40.9015],[-112.9242,40.8976],[-112.9247,40.8921],[-112.91,40.8933],[-112.9018,40.8961],[-112.9005,40.8953],[-112.9,40.8926],[-112.9012,40.8901],[-112.8993,40.8879],[-112.9017,40.8847],[-112.8936,40.8747],[-112.8983,40.87],[-112.8994,40.8642],[-112.9015,40.8628],[-112.9005,40.8574],[-112.8939,40.8583],[-112.8853,40.8575],[-112.8758,40.8591],[-112.8702,40.8638],[-112.8636,40.8656],[-112.8616,40.8681],[-112.8565,40.8694],[-112.8524,40.8726],[-112.8474,40.8727],[-112.843,40.8751],[-112.8334,40.8763],[-112.8303,40.8804],[-112.8241,40.884],[-112.8251,40.8925],[-112.8283,40.8948],[-112.8309,40.8995]]]}},{"type":"Feature","properties":{"huc12":"160203081503","name":"Wrathall Pass-Frontal Puddle Valley"},"geometry":{"type":"Polygon","coordinates":[[[-112.9053,41.0208],[-112.9088,41.0196],[-112.9195,41.0204],[-112.9282,41.0239],[-112.9363,41.0216],[-112.9369,41.0245],[-112.9438,41.0313],[-112.9553,41.0362],[-112.9597,41.0328],[-112.9769,41.0353],[-112.9808,41.0284],[-112.9839,41.03],[-113.0023,41.0313],[-113.0033,41.0298],[-113.0014,41.0203],[-112.9959,41.0131],[-113.0007,41.0105],[-113.0023,41.0063],[-113.0023,41.0021],[-113.0082,41.0005],[-113.0215,40.9888],[-113.0359,40.9819],[-113.038,40.9797],[-113.039,40.9757],[-113.0307,40.977],[-113.0292,40.9764],[-113.0288,40.9743],[-113.024,40.9725],[-113.0194,40.9737],[-113.0148,40.9725],[-113.0102,40.9729],[-113.0057,40.9753],[-113.0056,40.9823],[-113.0037,40.9845],[-112.9985,40.9869],[-112.9926,40.9859],[-112.9876,40.9868],[-112.9768,40.9803],[-112.9763,40.9787],[-112.9721,40.9761],[-112.9503,40.9681],[-112.9495,40.9683],[-112.9515,40.9694],[-112.9492,40.9712],[-112.9301,40.9745],[-112.9265,40.9772],[-112.9161,40.9771],[-112.9151,40.9749],[-112.9132,40.9748],[-112.8988,40.9772],[-112.8961,40.979],[-112.8789,40.9836],[-112.8765,40.9857],[-112.8769,40.9904],[-112.8815,40.991],[-112.8852,40.9925],[-112.8864,40.9949],[-112.8889,40.995],[-112.8898,41.003],[-112.8931,41.0033],[-112.8947,41.0072],[-112.8961,41.0191],[-112.8997,41.0195],[-112.9029,41.0184],[-112.9053,41.0208]]]}},{"type":"Feature","properties":{"huc12":"160203080901","name":"Upper Ripple Valley"},"geometry":{"type":"Polygon","coordinates":[[[-113.0225,40.7839],[-113.0295,40.7826],[-113.0405,40.7835],[-113.045,40.7882],[-113.0546,40.791],[-113.0609,40.7909],[-113.0691,40.7869],[-113.0793,40.775],[-113.0805,40.7708],[-113.0855,40.7651],[-113.0907,40.7629],[-113.0958,40.7584],[-113.1078,40.7567],[-113.125,40.7445],[-113.1226,40.7403],[-113.1154,40.734],[-113.1109,40.7259],[-113.1067,40.7223],[-113.0946,40.7184],[-113.0843,40.7093],[-113.0782,40.7062],[-113.0484,40.6992],[-113.0351,40.6908],[-113.0287,40.6834],[-113.0165,40.6756],[-113.0089,40.668],[-113.0046,40.6664],[-113.0003,40.6572],[-112.9962,40.654],[-112.9902,40.6505],[-112.9727,40.6439],[-112.9702,40.6417],[-112.9617,40.6422],[-112.9542,40.6363],[-112.9491,40.6342],[-112.9469,40.6402],[-112.944,40.6422],[-112.9463,40.6525],[-112.9438,40.6535],[-112.9445,40.6565],[-112.9417,40.6587],[-112.9439,40.6619],[-112.9423,40.6658],[-112.9426,40.6685],[-112.9469,40.6741],[-112.9481,40.6779],[-112.9468,40.6802],[-112.9475,40.6838],[-112.9465,40.6845],[-112.946,40.6904],[-112.9423,40.6923],[-112.9442,40.6958],[-112.941,40.6974],[-112.9431,40.701],[-112.9386,40.6998],[-112.9282,40.7102],[-112.9195,40.711],[-112.9145,40.7131],[-112.9136,40.7158],[-112.9101,40.7169],[-112.908,40.7275],[-112.8969,40.7362],[-112.8989,40.7411],[-112.8975,40.7454],[-112.8941,40.7469],[-112.8949,40.7517],[-112.8966,40.7539],[-112.9017,40.7551],[-112.9047,40.7595],[-112.9063,40.7593],[-112.9088,40.7531],[-112.9084,40.7515],[-112.9147,40.749],[-112.9157,40.7426],[-112.9181,40.7413],[-112.9204,40.7364],[-112.9236,40.734],[-112.9239,40.7321],[-112.9329,40.7318],[-112.9371,40.733],[-112.9424,40.7321],[-112.9491,40.7369],[-112.9607,40.7424],[-112.9695,40.7508],[-112.9807,40.7581],[-112.9833,40.7651],[-112.9865,40.768],[-112.9859,40.7698],[-112.9992,40.776],[-113.0006,40.7785],[-113.0038,40.78],[-113.0047,40.784],[-113.0085,40.7847],[-113.0095,40.7863],[-113.0157,40.7838],[-113.0225,40.7839]]]}},{"type":"Feature","properties":{"huc12":"160203080902","name":"Middle Ripple Valley"},"geometry":{"type":"Polygon","coordinates":[[[-113.0138,40.8613],[-113.0118,40.8643],[-113.013,40.8677],[-113.019,40.8719],[-113.0223,40.8772],[-113.0215,40.8797],[-113.0239,40.8893],[-113.0263,40.8905],[-113.0283,40.8943],[-113.0316,40.8951],[-113.0394,40.8884],[-113.0601,40.8628],[-113.0696,40.8572],[-113.0704,40.8545],[-113.0776,40.8475],[-113.0841,40.8467],[-113.1005,40.8403],[-113.1043,40.8327],[-113.1091,40.8136],[-113.1181,40.8054],[-113.1298,40.8],[-113.1325,40.8026],[-113.1384,40.8129],[-113.1426,40.8132],[-113.1536,40.8107],[-113.1568,40.8073],[-113.1573,40.8044],[-113.1509,40.7933],[-113.1528,40.7906],[-113.1517,40.7864],[-113.155,40.7805],[-113.1518,40.7678],[-113.1512,40.7602],[-113.1467,40.7533],[-113.1396,40.7556],[-113.1336,40.7485],[-113.1279,40.7471],[-113.1247,40.7446],[-113.1078,40.7567],[-113.0958,40.7584],[-113.0907,40.7629],[-113.0855,40.7651],[-113.0805,40.7708],[-113.0793,40.775],[-113.0691,40.7869],[-113.0609,40.7909],[-113.0546,40.791],[-113.045,40.7882],[-113.0405,40.7835],[-113.0295,40.7826],[-113.0225,40.7839],[-113.0212,40.7858],[-113.0233,40.7878],[-113.0217,40.7893],[-113.0226,40.7929],[-113.0151,40.7983],[-113.0148,40.8009],[-113.0173,40.8046],[-113.0128,40.8115],[-113.0094,40.8143],[-113.0099,40.8188],[-113.0126,40.8223],[-113.0134,40.827],[-113.0123,40.8335],[-113.0145,40.8409],[-113.0113,40.852],[-113.0123,40.854],[-113.0149,40.8551],[-113.0153,40.8574],[-113.0186,40.859],[-113.0138,40.8613]]]}},{"type":"Feature","properties":{"huc12":"160203080903","name":"Lower Ripple Valley"},"geometry":{"type":"Polygon","coordinates":[[[-113.0306,40.8954],[-113.0313,40.901],[-113.0348,40.9023],[-113.0364,40.9052],[-113.0403,40.905],[-113.0453,40.9073],[-113.0589,40.9082],[-113.0563,40.9039],[-113.0581,40.9008],[-113.06,40.8911],[-113.0636,40.89],[-113.0654,40.8857],[-113.0767,40.8728],[-113.0834,40.8683],[-113.0883,40.8621],[-113.0936,40.8598],[-113.1152,40.8582],[-113.1279,40.8585],[-113.1401,40.8606],[-113.1471,40.865],[-113.1568,40.8658],[-113.1746,40.8515],[-113.1738,40.8476],[-113.1709,40.844],[-113.1681,40.8443],[-113.1597,40.8393],[-113.1514,40.837],[-113.1494,40.83],[-113.1516,40.8297],[-113.1512,40.8279],[-113.1534,40.8252],[-113.1577,40.8238],[-113.1535,40.8164],[-113.1581,40.8146],[-113.1569,40.8113],[-113.154,40.8102],[-113.1426,40.8132],[-113.1384,40.8129],[-113.1325,40.8026],[-113.1298,40.8],[-113.1181,40.8054],[-113.1091,40.8136],[-113.1043,40.8327],[-113.1005,40.8403],[-113.0841,40.8467],[-113.0776,40.8475],[-113.0704,40.8545],[-113.0696,40.8572],[-113.0601,40.8628],[-113.0394,40.8884],[-113.0306,40.8954]]]}},{"type":"Feature","properties":{"huc12":"160203081001","name":"Grayback Hills"},"geometry":{"type":"Polygon","coordinates":[[[-113.1398,40.7556],[-113.1459,40.7539],[-113.1478,40.7504],[-113.1455,40.7448],[-113.1483,40.7372],[-113.1412,40.7332],[-113.1416,40.7313],[-113.1466,40.7268],[-113.158,40.725],[-113.1644,40.7207],[-113.1744,40.7207],[-113.1978,40.7181],[-113.198,40.7159],[-113.1934,40.7122],[-113.1919,40.7077],[-113.1942,40.7003],[-113.1956,40.6886],[-113.1993,40.6872],[-113.201,40.6848],[-113.1991,40.6842],[-113.1973,40.6857],[-113.1954,40.6845],[-113.1889,40.6859],[-113.1865,40.6893],[-113.1873,40.6925],[-113.1836,40.6968],[-113.1825,40.6968],[-113.1816,40.6942],[-113.1846,40.6855],[-113.1772,40.6794],[-113.1695,40.6691],[-113.1574,40.6661],[-113.1541,40.6665],[-113.1518,40.6688],[-113.1531,40.6778],[-113.1493,40.6803],[-113.1448,40.6793],[-113.1362,40.6723],[-113.1262,40.671],[-113.1063,40.6813],[-113.0824,40.6867],[-113.0733,40.6914],[-113.0666,40.6911],[-113.0632,40.6898],[-113.062,40.6878],[-113.0625,40.6831],[-113.0578,40.6756],[-113.0617,40.668],[-113.0566,40.6634],[-113.0581,40.662],[-113.0581,40.6538],[-113.0613,40.6476],[-113.0613,40.6452],[-113.0631,40.6445],[-113.0626,40.6426],[-113.0419,40.6462],[-113.0363,40.6417],[-113.0331,40.6371],[-113.0251,40.6378],[-113.021,40.6347],[-113.0189,40.6307],[-113.0162,40.6333],[-113.0136,40.6324],[-113.006,40.6334],[-112.9992,40.6309],[-112.9899,40.6324],[-112.9771,40.6283],[-112.9667,40.6206],[-112.9619,40.6202],[-112.9578,40.6173],[-112.953,40.6164],[-112.9521,40.6173],[-112.9514,40.6242],[-112.9523,40.626],[-112.9504,40.6304],[-112.9504,40.6343],[-112.955,40.6367],[-112.9577,40.6398],[-112.9634,40.6428],[-112.9702,40.6417],[-112.9727,40.6439],[-112.9902,40.6505],[-112.9962,40.654],[-113.0003,40.6572],[-113.0046,40.6664],[-113.0089,40.668],[-113.0165,40.6756],[-113.0287,40.6834],[-113.0351,40.6908],[-113.0484,40.6992],[-113.0782,40.7062],[-113.0843,40.7093],[-113.0946,40.7184],[-113.1067,40.7223],[-113.1109,40.7259],[-113.1154,40.734],[-113.1226,40.7403],[-113.1255,40.7452],[-113.1279,40.7471],[-113.1336,40.7485],[-113.1398,40.7556]]]}},{"type":"Feature","properties":{"huc12":"160203081603","name":"Grassy Mountains"},"geometry":{"type":"Polygon","coordinates":[[[-113.1608,41.1084],[-113.2114,41.1238],[-113.2276,41.1272],[-113.2318,41.1252],[-113.2374,41.1132],[-113.2394,41.1041],[-113.2383,41.0811],[-113.2324,41.0717],[-113.2287,41.0683],[-113.2288,41.0658],[-113.2257,41.0666],[-113.2255,41.0694],[-113.22,41.0721],[-113.2187,41.0712],[-113.2173,41.0688],[-113.219,41.0673],[-113.2187,41.0658],[-113.2164,41.0649],[-113.2167,41.0608],[-113.2149,41.0576],[-113.2175,41.0527],[-113.2138,41.0481],[-113.2129,41.0441],[-113.2153,41.0402],[-113.2125,41.0379],[-113.2122,41.0282],[-113.2044,41.0273],[-113.2036,41.0199],[-113.2057,41.0175],[-113.203,41.0158],[-113.2022,41.0117],[-113.199,41.0088],[-113.1924,41.0078],[-113.19,41.0061],[-113.1888,40.9951],[-113.192,40.9937],[-113.196,40.9938],[-113.1936,40.9897],[-113.1977,40.9831],[-113.1946,40.9804],[-113.1943,40.9785],[-113.1923,40.9779],[-113.1906,40.9745],[-113.1865,40.9771],[-113.1824,40.9759],[-113.1785,40.9728],[-113.1654,40.9714],[-113.1523,40.9659],[-113.1448,40.9654],[-113.1385,40.9634],[-113.127,40.9629],[-113.113,40.9581],[-113.1064,40.9605],[-113.0995,40.9585],[-113.0907,40.96],[-113.0864,40.9672],[-113.0898,40.9692],[-113.0897,40.9711],[-113.0858,40.9739],[-113.08,40.9748],[-113.0773,40.9765],[-113.0768,40.9844],[-113.0748,40.9892],[-113.0693,40.9932],[-113.0699,40.9958],[-113.068,40.9979],[-113.0722,40.9985],[-113.0753,41.0008],[-113.0742,41.0075],[-113.0821,41.0102],[-113.0822,41.0122],[-113.0806,41.0136],[-113.0825,41.0168],[-113.0822,41.0206],[-113.0912,41.0298],[-113.0933,41.0302],[-113.0951,41.0365],[-113.1077,41.0423],[-113.1125,41.0433],[-113.1148,41.0487],[-113.1098,41.0555],[-113.117,41.0571],[-113.1201,41.0562],[-113.1242,41.059],[-113.1252,41.0611],[-113.1224,41.0629],[-113.123,41.0645],[-113.1315,41.0648],[-113.1351,41.0661],[-113.1382,41.0649],[-113.1381,41.0628],[-113.1399,41.0626],[-113.1428,41.0652],[-113.1555,41.0644],[-113.1642,41.0676],[-113.1658,41.0663],[-113.1675,41.0667],[-113.1676,41.0697],[-113.17,41.0728],[-113.1699,41.079],[-113.1744,41.0799],[-113.1756,41.084],[-113.1742,41.0867],[-113.1769,41.0916],[-113.1718,41.0944],[-113.1725,41.0973],[-113.1679,41.1005],[-113.1652,41.0991],[-113.1603,41.1009],[-113.1608,41.1084]]]}},{"type":"Feature","properties":{"huc12":"160203081504","name":"Puddle Valley"},"geometry":{"type":"Polygon","coordinates":[[[-112.9151,40.9749],[-112.9161,40.9771],[-112.9263,40.9772],[-112.9301,40.9745],[-112.9492,40.9712],[-112.9515,40.9694],[-112.9495,40.9683],[-112.9515,40.9682],[-112.9727,40.9763],[-112.9864,40.9864],[-112.9985,40.9869],[-113.005,40.9836],[-113.0057,40.9754],[-113.009,40.9732],[-113.0142,40.9724],[-113.0194,40.9737],[-113.024,40.9725],[-113.0288,40.9743],[-113.0303,40.9769],[-113.039,40.9757],[-113.0453,40.9671],[-113.0481,40.9654],[-113.0483,40.9636],[-113.0507,40.9627],[-113.0514,40.9603],[-113.057,40.9558],[-113.0622,40.9542],[-113.0679,40.9548],[-113.0716,40.951],[-113.0715,40.9485],[-113.0735,40.9483],[-113.0723,40.9454],[-113.0738,40.9446],[-113.0746,40.9417],[-113.0725,40.9401],[-113.0603,40.9404],[-113.0604,40.9378],[-113.0569,40.9306],[-113.0585,40.9271],[-113.0614,40.9247],[-113.0625,40.9167],[-113.06,40.9133],[-113.0605,40.9117],[-113.0591,40.9084],[-113.0453,40.9073],[-113.0397,40.9048],[-113.0364,40.9052],[-113.0348,40.9023],[-113.0313,40.901],[-113.0303,40.8949],[-113.0278,40.8939],[-113.0263,40.8905],[-113.0239,40.8893],[-113.0215,40.8797],[-113.0223,40.8772],[-113.019,40.8719],[-113.013,40.8677],[-113.0118,40.8643],[-113.0138,40.8613],[-112.9962,40.8615],[-112.9888,40.8637],[-112.9811,40.8683],[-112.9732,40.8765],[-112.9727,40.8805],[-112.961,40.8798],[-112.9438,40.8856],[-112.9399,40.8892],[-112.9341,40.8883],[-112.9317,40.8849],[-112.9291,40.8866],[-112.9263,40.8861],[-112.9189,40.8888],[-112.9203,40.8908],[-112.9247,40.8921],[-112.9242,40.8976],[-112.9265,40.9015],[-112.9258,40.905],[-112.9304,40.909],[-112.9277,40.911],[-112.9242,40.9114],[-112.923,40.9126],[-112.9241,40.9134],[-112.9233,40.9145],[-112.9178,40.9139],[-112.9162,40.9181],[-112.9133,40.9179],[-112.9027,40.9239],[-112.9048,40.9264],[-112.9017,40.9284],[-112.9125,40.9325],[-112.912,40.934],[-112.9051,40.9377],[-112.9078,40.9394],[-112.9083,40.9419],[-112.9058,40.9494],[-112.9071,40.9519],[-112.9084,40.9521],[-112.9084,40.9536],[-112.9107,40.9522],[-112.9129,40.9528],[-112.912,40.9587],[-112.9135,40.9596],[-112.9148,40.9645],[-112.9151,40.9749]]]}},{"type":"Feature","properties":{"huc12":"160203081605","name":"German Valley"},"geometry":{"type":"Polygon","coordinates":[[[-112.9988,41.1705],[-113.0085,41.174],[-113.0412,41.1612],[-113.0754,41.1559],[-113.0987,41.1555],[-113.1145,41.1587],[-113.1783,41.1646],[-113.1604,41.1524],[-113.1499,41.1431],[-113.1486,41.1399],[-113.154,41.1159],[-113.1519,41.1116],[-113.1536,41.1101],[-113.1608,41.1084],[-113.1603,41.1009],[-113.1652,41.0991],[-113.1679,41.1005],[-113.1725,41.0973],[-113.1718,41.0944],[-113.1768,41.0921],[-113.1742,41.0867],[-113.1755,41.0827],[-113.174,41.0793],[-113.1699,41.079],[-113.17,41.0728],[-113.1676,41.0697],[-113.1675,41.0667],[-113.1658,41.0663],[-113.1642,41.0676],[-113.1555,41.0644],[-113.1428,41.0652],[-113.1399,41.0626],[-113.1381,41.0628],[-113.1382,41.0649],[-113.1351,41.0661],[-113.1315,41.0648],[-113.123,41.0645],[-113.1224,41.0629],[-113.1252,41.0611],[-113.1242,41.059],[-113.1201,41.0562],[-113.117,41.0571],[-113.1098,41.0555],[-113.1148,41.0487],[-113.1125,41.0433],[-113.1077,41.0423],[-113.0951,41.0365],[-113.0933,41.0302],[-113.0912,41.0298],[-113.0822,41.0206],[-113.0825,41.0168],[-113.0806,41.0136],[-113.0822,41.0122],[-113.0821,41.0102],[-113.0742,41.0075],[-113.0753,41.0008],[-113.0722,40.9985],[-113.068,40.9979],[-113.0699,40.9958],[-113.0693,40.9932],[-113.0748,40.9892],[-113.0768,40.9844],[-113.0773,40.9765],[-113.08,40.9748],[-113.0858,40.9739],[-113.0897,40.9711],[-113.0898,40.9692],[-113.0864,40.9672],[-113.0907,40.9599],[-113.0901,40.9568],[-113.0865,40.9534],[-113.0878,40.9508],[-113.0867,40.9492],[-113.0827,40.9494],[-113.0738,40.9446],[-113.0723,40.9454],[-113.0735,40.9483],[-113.0715,40.9485],[-113.0716,40.951],[-113.0679,40.9548],[-113.0622,40.9542],[-113.0577,40.9553],[-113.0514,40.9603],[-113.051,40.9624],[-113.0483,40.9636],[-113.0441,40.97],[-113.0409,40.9722],[-113.0364,40.9814],[-113.0215,40.9888],[-113.0082,41.0005],[-113.0025,41.0019],[-113.0007,41.0105],[-112.9959,41.0126],[-112.9959,41.0141],[-113.0014,41.0203],[-113.0033,41.0298],[-113.002,41.0314],[-112.997,41.0308],[-112.9936,41.0345],[-112.9955,41.0462],[-112.9878,41.0539],[-112.986,41.0623],[-112.9917,41.0652],[-112.9951,41.0618],[-112.9976,41.062],[-112.999,41.0642],[-112.9993,41.0732],[-113.0043,41.0759],[-113.0048,41.0788],[-113.0011,41.0793],[-112.9973,41.0821],[-112.9979,41.0836],[-112.9952,41.0858],[-112.9983,41.0882],[-112.998,41.091],[-112.9953,41.0944],[-112.9987,41.0947],[-113.0001,41.0975],[-112.9985,41.1043],[-112.9995,41.1105],[-113.0062,41.1173],[-113.0091,41.1172],[-113.0124,41.1223],[-113.0137,41.1272],[-113.0084,41.1363],[-113.0148,41.1409],[-113.0152,41.1429],[-113.0127,41.1517],[-113.0047,41.1595],[-112.9988,41.1705]]]}},{"type":"Feature","properties":{"huc12":"160203081102","name":"Byram Well-Frontal Newfoundland Evaporation Basin"},"geometry":{"type":"Polygon","coordinates":[[[-113.0865,40.9491],[-113.0893,40.9444],[-113.0893,40.9408],[-113.0933,40.938],[-113.095,40.9381],[-113.0976,40.9349],[-113.1052,40.9296],[-113.1184,40.9266],[-113.1298,40.9262],[-113.134,40.9246],[-113.1355,40.9187],[-113.1483,40.9096],[-113.152,40.914],[-113.1524,40.9163],[-113.1566,40.92],[-113.1651,40.923],[-113.1751,40.9246],[-113.1776,40.9284],[-113.1864,40.929],[-113.1881,40.9369],[-113.1946,40.9374],[-113.198,40.9395],[-113.1977,40.9429],[-113.1997,40.945],[-113.1988,40.9494],[-113.2054,40.9574],[-113.2032,40.9631],[-113.207,40.9645],[-113.2279,40.9609],[-113.2527,40.9608],[-113.2799,40.9655],[-113.2883,40.9517],[-113.3037,40.9371],[-113.3106,40.9335],[-113.3016,40.9316],[-113.3005,40.9296],[-113.3021,40.9262],[-113.3132,40.9239],[-113.3164,40.9214],[-113.318,40.9183],[-113.3232,40.9147],[-113.3318,40.9129],[-113.3374,40.9099],[-113.3475,40.9102],[-113.3498,40.9129],[-113.3558,40.9163],[-113.3573,40.9132],[-113.3543,40.9048],[-113.3512,40.9015],[-113.3229,40.8791],[-113.3074,40.8556],[-113.2948,40.8539],[-113.2964,40.8503],[-113.295,40.8485],[-113.2928,40.8483],[-113.2932,40.845],[-113.2916,40.8439],[-113.2845,40.8452],[-113.285,40.8472],[-113.2835,40.849],[-113.2765,40.8473],[-113.2757,40.8452],[-113.2736,40.8444],[-113.2673,40.8436],[-113.2434,40.8475],[-113.241,40.8497],[-113.2432,40.856],[-113.2412,40.8586],[-113.2409,40.8632],[-113.2264,40.8618],[-113.2244,40.8646],[-113.2182,40.8629],[-113.2119,40.8632],[-113.209,40.8595],[-113.1995,40.8536],[-113.1851,40.8469],[-113.1819,40.8468],[-113.1718,40.8528],[-113.1663,40.8585],[-113.1563,40.8659],[-113.1463,40.8648],[-113.1401,40.8606],[-113.1279,40.8585],[-113.1152,40.8582],[-113.0936,40.8598],[-113.0883,40.8621],[-113.0834,40.8683],[-113.0758,40.8738],[-113.0654,40.8857],[-113.0636,40.89],[-113.0595,40.8918],[-113.0581,40.9008],[-113.0563,40.9039],[-113.0625,40.9167],[-113.0614,40.9247],[-113.0585,40.9271],[-113.0569,40.931],[-113.0593,40.9349],[-113.0604,40.9406],[-113.0725,40.9401],[-113.0746,40.9417],[-113.0738,40.9446],[-113.0827,40.9494],[-113.0865,40.9491]]]}},{"type":"Feature","properties":{"huc12":"160203081801","name":"Sedal Pass"},"geometry":{"type":"Polygon","coordinates":[[[-112.8964,41.1439],[-112.9016,41.142],[-112.9048,41.1389],[-112.9106,41.138],[-112.916,41.1347],[-112.9213,41.1342],[-112.9233,41.1381],[-112.9262,41.1397],[-112.9269,41.142],[-112.9258,41.1433],[-112.9275,41.147],[-112.9323,41.1476],[-112.9346,41.1461],[-112.9429,41.1495],[-112.9468,41.1537],[-112.956,41.1556],[-112.9583,41.1555],[-112.9584,41.1542],[-112.9601,41.1536],[-112.9658,41.1548],[-112.98,41.1526],[-112.9909,41.1595],[-112.9988,41.1705],[-113.0047,41.1595],[-113.0127,41.1517],[-113.0152,41.1429],[-113.0148,41.1409],[-113.0084,41.1363],[-113.0137,41.1272],[-113.0124,41.1223],[-113.0091,41.1172],[-113.0062,41.1173],[-112.9995,41.1105],[-112.9985,41.1043],[-113.0001,41.0975],[-112.9987,41.0947],[-112.9953,41.0944],[-112.998,41.091],[-112.9983,41.0882],[-112.9952,41.0858],[-112.9979,41.0836],[-112.9973,41.0821],[-113.0011,41.0793],[-113.0048,41.0788],[-113.0043,41.0759],[-112.9993,41.0732],[-112.999,41.0642],[-112.9976,41.062],[-112.9951,41.0618],[-112.9917,41.0652],[-112.986,41.0623],[-112.9878,41.0539],[-112.9955,41.0462],[-112.9935,41.0349],[-112.9971,41.0308],[-112.9839,41.03],[-112.9808,41.0284],[-112.9769,41.0353],[-112.9597,41.0328],[-112.9553,41.0362],[-112.9438,41.0313],[-112.9369,41.0245],[-112.9363,41.0216],[-112.9282,41.0239],[-112.9195,41.0204],[-112.9088,41.0196],[-112.9053,41.0208],[-112.9047,41.0389],[-112.8908,41.0624],[-112.8941,41.0656],[-112.8918,41.0707],[-112.8892,41.072],[-112.8891,41.0772],[-112.8812,41.0817],[-112.8792,41.0852],[-112.8819,41.0865],[-112.8843,41.0905],[-112.8827,41.0932],[-112.8839,41.096],[-112.8817,41.0981],[-112.8844,41.1007],[-112.8835,41.1034],[-112.8865,41.1071],[-112.8847,41.1085],[-112.8813,41.1165],[-112.8844,41.1179],[-112.8848,41.1204],[-112.8883,41.1243],[-112.8896,41.1334],[-112.8962,41.1393],[-112.8964,41.1439]]]}},{"type":"Feature","properties":{"huc12":"160203081708","name":"Broom Mountain"},"geometry":{"type":"Polygon","coordinates":[[[-113.1327,41.3323],[-113.133,41.3383],[-113.1434,41.3442],[-113.1513,41.3446],[-113.1576,41.352],[-113.1656,41.3565],[-113.1718,41.3619],[-113.1711,41.3561],[-113.1668,41.3439],[-113.1685,41.3403],[-113.1653,41.3323],[-113.168,41.3291],[-113.1699,41.3179],[-113.1801,41.3055],[-113.1799,41.2995],[-113.182,41.2917],[-113.189,41.2857],[-113.1859,41.2784],[-113.1917,41.2745],[-113.1907,41.2712],[-113.1975,41.2689],[-113.2109,41.2713],[-113.23,41.2713],[-113.2374,41.2693],[-113.246,41.2641],[-113.2697,41.2608],[-113.2699,41.2577],[-113.2748,41.2507],[-113.2757,41.2472],[-113.2822,41.2413],[-113.2626,41.2359],[-113.2565,41.2302],[-113.2502,41.2268],[-113.2494,41.2232],[-113.2458,41.2205],[-113.2439,41.2147],[-113.2345,41.2028],[-113.2369,41.1972],[-113.2358,41.1944],[-113.2274,41.1895],[-113.2282,41.185],[-113.2255,41.1845],[-113.2221,41.1896],[-113.2198,41.1901],[-113.2176,41.1868],[-113.2181,41.1851],[-113.2128,41.1773],[-113.1995,41.1696],[-113.1679,41.1629],[-113.1145,41.1587],[-113.0987,41.1555],[-113.0754,41.1559],[-113.0412,41.1612],[-113.0085,41.174],[-113.0232,41.1747],[-113.0317,41.1845],[-113.0366,41.1861],[-113.0485,41.1848],[-113.0584,41.1792],[-113.0716,41.1777],[-113.0736,41.179],[-113.0772,41.1868],[-113.0817,41.1917],[-113.0842,41.1922],[-113.0924,41.1978],[-113.0916,41.2021],[-113.0894,41.2026],[-113.0918,41.2049],[-113.0917,41.2113],[-113.0853,41.2176],[-113.0827,41.218],[-113.0803,41.2228],[-113.0814,41.229],[-113.0875,41.2347],[-113.1012,41.2403],[-113.0987,41.2428],[-113.099,41.2467],[-113.1076,41.2538],[-113.108,41.2575],[-113.1147,41.2626],[-113.1118,41.2659],[-113.1058,41.2692],[-113.1067,41.2719],[-113.1089,41.2728],[-113.1076,41.2765],[-113.1034,41.2801],[-113.1038,41.2837],[-113.1066,41.2877],[-113.1133,41.2887],[-113.1224,41.3032],[-113.1317,41.3101],[-113.1294,41.319],[-113.1337,41.3274],[-113.1321,41.3291],[-113.1327,41.3323]]]}},{"type":"Feature","properties":{"huc12":"160203081802","name":"Clyman Bay-Frontal Great Salt Lake"},"geometry":{"type":"Polygon","coordinates":[[[-113.0095,41.2674],[-113.0174,41.2581],[-113.0237,41.2562],[-113.0298,41.2593],[-113.0336,41.2589],[-113.0424,41.2632],[-113.0563,41.265],[-113.0607,41.2684],[-113.0658,41.2695],[-113.0712,41.2684],[-113.0738,41.2651],[-113.0863,41.2677],[-113.087,41.2734],[-113.1038,41.2799],[-113.1076,41.2765],[-113.1089,41.2728],[-113.1067,41.2719],[-113.1058,41.2692],[-113.1118,41.2659],[-113.1147,41.2626],[-113.108,41.2575],[-113.1076,41.2538],[-113.099,41.2467],[-113.0987,41.2428],[-113.1012,41.2403],[-113.0867,41.234],[-113.0814,41.229],[-113.0803,41.2228],[-113.0828,41.2178],[-113.0853,41.2176],[-113.0917,41.2113],[-113.0918,41.2049],[-113.0894,41.2026],[-113.0916,41.2021],[-113.0924,41.1978],[-113.0842,41.1922],[-113.0817,41.1917],[-113.0772,41.1868],[-113.0736,41.179],[-113.0716,41.1777],[-113.0584,41.1792],[-113.0485,41.1848],[-113.0346,41.1859],[-113.0317,41.1845],[-113.0232,41.1747],[-113.0079,41.174],[-112.9988,41.1705],[-112.9909,41.1595],[-112.98,41.1526],[-112.9658,41.1548],[-112.9601,41.1536],[-112.9584,41.1542],[-112.9583,41.1555],[-112.956,41.1556],[-112.9468,41.1537],[-112.9429,41.1495],[-112.9346,41.1461],[-112.9323,41.1476],[-112.9275,41.147],[-112.9258,41.1433],[-112.9269,41.142],[-112.9262,41.1397],[-112.9233,41.1381],[-112.9213,41.1342],[-112.916,41.1347],[-112.9106,41.138],[-112.9048,41.1389],[-112.9016,41.142],[-112.8964,41.1439],[-112.8945,41.1466],[-112.8944,41.151],[-112.8923,41.1537],[-112.89,41.1541],[-112.8882,41.158],[-112.888,41.1621],[-112.8898,41.1656],[-112.895,41.1677],[-112.9075,41.1682],[-112.909,41.1735],[-112.9183,41.1745],[-112.9221,41.1843],[-112.9259,41.1885],[-112.9307,41.1874],[-112.9326,41.1888],[-112.9413,41.1878],[-112.9426,41.1851],[-112.9468,41.189],[-112.946,41.1926],[-112.9598,41.1994],[-112.9699,41.2116],[-112.9753,41.2261],[-112.977,41.237],[-112.9723,41.2486],[-112.9813,41.2513],[-112.9829,41.2539],[-112.9888,41.2527],[-112.9911,41.2545],[-112.9915,41.2572],[-112.994,41.2584],[-113.001,41.2579],[-113.0053,41.2588],[-113.0095,41.2674]]]}},{"type":"Feature","properties":{"huc12":"160203081803","name":"Big Wash"},"geometry":{"type":"Polygon","coordinates":[[[-113.1115,41.4643],[-113.1141,41.4657],[-113.1201,41.477],[-113.1225,41.4775],[-113.1232,41.4802],[-113.1256,41.483],[-113.1273,41.4832],[-113.1394,41.4771],[-113.1531,41.4735],[-113.1615,41.4783],[-113.1705,41.4778],[-113.1744,41.4815],[-113.1749,41.4786],[-113.173,41.4768],[-113.1757,41.474],[-113.1754,41.4719],[-113.177,41.4703],[-113.1792,41.4708],[-113.1819,41.4679],[-113.1788,41.4647],[-113.1782,41.4614],[-113.1799,41.46],[-113.1775,41.4553],[-113.1695,41.4535],[-113.1617,41.4496],[-113.1619,41.4461],[-113.1598,41.4435],[-113.1567,41.4427],[-113.153,41.4394],[-113.1358,41.4332],[-113.135,41.4313],[-113.122,41.4266],[-113.1054,41.4146],[-113.1047,41.4125],[-113.0924,41.4008],[-113.0844,41.3969],[-113.0748,41.3942],[-113.0542,41.3915],[-113.0502,41.3885],[-113.0424,41.3862],[-113.0417,41.3837],[-113.036,41.3875],[-113.0345,41.3896],[-113.034,41.3961],[-113.0303,41.398],[-113.0351,41.4059],[-113.0454,41.4153],[-113.0516,41.4231],[-113.0662,41.434],[-113.0735,41.4358],[-113.0783,41.4385],[-113.0817,41.4384],[-113.0838,41.4422],[-113.0954,41.4424],[-113.0988,41.4454],[-113.1036,41.4457],[-113.1038,41.4474],[-113.1064,41.4495],[-113.1076,41.453],[-113.1065,41.4549],[-113.1093,41.4615],[-113.1113,41.4623],[-113.1115,41.4643]]]}},{"type":"Feature","properties":{"huc12":"160203081804","name":"Deadman Knoll"},"geometry":{"type":"Polygon","coordinates":[[[-113.0303,41.398],[-113.034,41.3961],[-113.0353,41.3882],[-113.0417,41.3837],[-113.0424,41.3862],[-113.0502,41.3885],[-113.0542,41.3915],[-113.0707,41.3934],[-113.0844,41.3969],[-113.0924,41.4008],[-113.1047,41.4125],[-113.1054,41.4146],[-113.122,41.4266],[-113.135,41.4313],[-113.1358,41.4332],[-113.153,41.4394],[-113.1567,41.4427],[-113.1598,41.4435],[-113.1619,41.4461],[-113.1614,41.4494],[-113.1695,41.4535],[-113.1788,41.4565],[-113.1827,41.4512],[-113.1819,41.4493],[-113.1846,41.447],[-113.1817,41.4402],[-113.1875,41.4359],[-113.1883,41.4325],[-113.1849,41.4292],[-113.1848,41.4253],[-113.177,41.4224],[-113.1765,41.4203],[-113.1739,41.4183],[-113.175,41.4139],[-113.1729,41.4108],[-113.1736,41.4044],[-113.1799,41.4026],[-113.1764,41.3969],[-113.1802,41.3938],[-113.1822,41.3877],[-113.1817,41.3862],[-113.1788,41.3856],[-113.1797,41.3791],[-113.1735,41.3643],[-113.1656,41.3565],[-113.1576,41.352],[-113.1513,41.3446],[-113.1434,41.3442],[-113.133,41.3383],[-113.1327,41.3323],[-113.118,41.3298],[-113.116,41.3269],[-113.1082,41.3266],[-113.1044,41.3247],[-113.0946,41.3255],[-113.0694,41.3229],[-113.0491,41.323],[-113.0302,41.3252],[-113.0201,41.3227],[-113.0016,41.3265],[-113.0073,41.3347],[-113.0143,41.3379],[-113.0112,41.3412],[-113.01,41.3542],[-113.0128,41.3588],[-113.0127,41.3624],[-113.0161,41.3724],[-113.0162,41.3782],[-113.0203,41.3882],[-113.0277,41.3938],[-113.0303,41.398]]]}},{"type":"Feature","properties":{"huc12":"160203081805","name":"The Fingerpoint-Frontal Great Salt Lake"},"geometry":{"type":"Polygon","coordinates":[[[-113.0637,41.4856],[-113.0759,41.4786],[-113.0811,41.4773],[-113.0938,41.4662],[-113.1013,41.4637],[-113.1111,41.4646],[-113.1113,41.4623],[-113.1093,41.4615],[-113.1065,41.4549],[-113.1076,41.453],[-113.1064,41.4495],[-113.1028,41.4453],[-113.0988,41.4454],[-113.0954,41.4424],[-113.0838,41.4422],[-113.0817,41.4384],[-113.0778,41.4384],[-113.0636,41.4325],[-113.0516,41.4231],[-113.0454,41.4153],[-113.0351,41.4059],[-113.0277,41.3938],[-113.0203,41.3882],[-113.0162,41.3782],[-113.0161,41.3724],[-113.0127,41.3624],[-113.0128,41.3588],[-113.01,41.3542],[-113.0112,41.3412],[-113.0143,41.3379],[-113.0073,41.3347],[-113.0011,41.327],[-113.0014,41.3313],[-112.9997,41.3376],[-113.0014,41.3418],[-113.0013,41.3478],[-113.0074,41.3742],[-113.0087,41.3752],[-113.008,41.3818],[-113.0106,41.3921],[-113.0175,41.3997],[-113.0174,41.4021],[-113.022,41.414],[-113.0281,41.421],[-113.019,41.4228],[-113.0138,41.4284],[-113.0128,41.4313],[-113.0071,41.4335],[-113.0064,41.4383],[-113.0127,41.4454],[-113.019,41.4475],[-113.0212,41.446],[-113.0287,41.4464],[-113.0413,41.4522],[-113.0449,41.456],[-113.0451,41.4586],[-113.0501,41.462],[-113.0564,41.469],[-113.0581,41.4736],[-113.0573,41.4778],[-113.0606,41.4804],[-113.0637,41.4856]]]}},{"type":"Feature","properties":{"huc12":"160203081807","name":"Gunsight Point-Frontal Great Salt Lake"},"geometry":{"type":"Polygon","coordinates":[[[-112.853,41.2233],[-112.8571,41.2229],[-112.8692,41.2259],[-112.8837,41.2251],[-112.8809,41.2265],[-112.8721,41.2268],[-112.8751,41.2274],[-112.8768,41.2299],[-112.878,41.2373],[-112.8767,41.24],[-112.8631,41.2454],[-112.8669,41.2488],[-112.8716,41.247],[-112.8771,41.2469],[-112.8857,41.2562],[-112.8925,41.2526],[-112.898,41.2522],[-112.9025,41.2503],[-112.9087,41.2552],[-112.9119,41.2566],[-112.9162,41.256],[-112.92,41.2581],[-112.9214,41.2606],[-112.9257,41.2627],[-112.9251,41.2632],[-112.9341,41.2655],[-112.9323,41.2661],[-112.9426,41.2674],[-112.9436,41.2691],[-112.9415,41.2686],[-112.9409,41.2696],[-112.9497,41.2706],[-112.9527,41.2724],[-112.9559,41.2709],[-112.9567,41.2718],[-112.9581,41.2701],[-112.9564,41.2701],[-112.9561,41.2667],[-112.9494,41.2595],[-112.9522,41.2575],[-112.9505,41.2514],[-112.954,41.2456],[-112.9612,41.246],[-112.9674,41.2479],[-112.9712,41.2475],[-112.9723,41.2486],[-112.977,41.237],[-112.973,41.2181],[-112.9681,41.209],[-112.9598,41.1994],[-112.946,41.1926],[-112.9468,41.189],[-112.9426,41.1851],[-112.9413,41.1878],[-112.9326,41.1888],[-112.9307,41.1874],[-112.9259,41.1885],[-112.9221,41.1843],[-112.9183,41.1745],[-112.909,41.1735],[-112.9075,41.1682],[-112.8915,41.1666],[-112.888,41.1621],[-112.8753,41.1764],[-112.8747,41.1792],[-112.8769,41.1809],[-112.8765,41.1829],[-112.8709,41.1862],[-112.8691,41.1907],[-112.8701,41.1919],[-112.8671,41.1956],[-112.866,41.1994],[-112.8631,41.2016],[-112.8669,41.2067],[-112.8584,41.2121],[-112.8571,41.2164],[-112.8584,41.2183],[-112.853,41.2233]]]}},{"type":"Feature","properties":{"huc12":"160203081901","name":"Gillespie Pass-Frontal Great Salt Lake"},"geometry":{"type":"Polygon","coordinates":[[[-112.7996,41.1137],[-112.8032,41.1219],[-112.8053,41.1323],[-112.8048,41.1354],[-112.8026,41.1357],[-112.8043,41.1378],[-112.8073,41.1378],[-112.8112,41.1406],[-112.8172,41.1496],[-112.8194,41.1552],[-112.8251,41.1589],[-112.8252,41.1611],[-112.8227,41.1651],[-112.8167,41.1722],[-112.8186,41.1873],[-112.8222,41.1887],[-112.8265,41.1922],[-112.8269,41.1944],[-112.8322,41.1975],[-112.8312,41.2065],[-112.8484,41.2111],[-112.8493,41.2125],[-112.8487,41.2163],[-112.8532,41.2212],[-112.853,41.2233],[-112.8584,41.2183],[-112.8571,41.2164],[-112.8584,41.2121],[-112.8669,41.2067],[-112.8632,41.2013],[-112.866,41.1994],[-112.8671,41.1956],[-112.8701,41.1919],[-112.8691,41.1907],[-112.8709,41.1862],[-112.8765,41.1829],[-112.8769,41.1809],[-112.8747,41.1792],[-112.8753,41.1764],[-112.8885,41.1615],[-112.8882,41.158],[-112.8899,41.1542],[-112.8923,41.1537],[-112.8944,41.151],[-112.8945,41.1466],[-112.8964,41.1439],[-112.8962,41.1393],[-112.8896,41.1334],[-112.8883,41.1243],[-112.8848,41.1204],[-112.8844,41.1179],[-112.8813,41.1165],[-112.8832,41.1134],[-112.881,41.1117],[-112.8662,41.1159],[-112.8629,41.1148],[-112.8601,41.1121],[-112.8508,41.1089],[-112.8445,41.11],[-112.837,41.1097],[-112.8334,41.1082],[-112.8273,41.1094],[-112.8239,41.1079],[-112.8216,41.1088],[-112.8185,41.1125],[-112.7996,41.1137]]]}},{"type":"Feature","properties":{"huc12":"160203081902","name":"Carrington Bay-Frontal Great Salt Lake"},"geometry":{"type":"Polygon","coordinates":[[[-112.7626,41.0106],[-112.7668,41.0153],[-112.7659,41.0183],[-112.768,41.0196],[-112.7673,41.0204],[-112.7741,41.0242],[-112.7775,41.0294],[-112.7775,41.0341],[-112.7759,41.0352],[-112.777,41.043],[-112.7802,41.0446],[-112.7846,41.0569],[-112.7852,41.0664],[-112.7921,41.0765],[-112.7961,41.0903],[-112.7999,41.098],[-112.7994,41.1022],[-112.8012,41.1112],[-112.7996,41.1137],[-112.8185,41.1125],[-112.8216,41.1088],[-112.8239,41.1079],[-112.8273,41.1094],[-112.8334,41.1082],[-112.837,41.1097],[-112.8445,41.11],[-112.8508,41.1089],[-112.8601,41.1121],[-112.8629,41.1148],[-112.8662,41.1159],[-112.8693,41.1158],[-112.8795,41.1114],[-112.8829,41.1122],[-112.8843,41.1107],[-112.8865,41.1071],[-112.8835,41.1034],[-112.8844,41.1007],[-112.8817,41.0981],[-112.8839,41.096],[-112.8827,41.0932],[-112.8843,41.0905],[-112.8819,41.0865],[-112.8792,41.0852],[-112.8812,41.0817],[-112.8891,41.0772],[-112.8892,41.072],[-112.8918,41.0707],[-112.8941,41.0656],[-112.8908,41.0624],[-112.8957,41.053],[-112.8988,41.0501],[-112.8985,41.0482],[-112.9018,41.0451],[-112.9047,41.0389],[-112.9053,41.0329],[-112.9052,41.0206],[-112.9029,41.0184],[-112.8997,41.0195],[-112.8961,41.0191],[-112.8947,41.0072],[-112.8931,41.0033],[-112.8898,41.003],[-112.8889,40.995],[-112.8864,40.9949],[-112.8852,40.9925],[-112.8815,40.991],[-112.8769,40.9904],[-112.8771,40.9968],[-112.8786,41],[-112.878,41.0054],[-112.8685,41.01],[-112.8613,41.0116],[-112.8581,41.0165],[-112.8541,41.0114],[-112.8518,41.0108],[-112.8479,41.0146],[-112.8293,41.0196],[-112.8304,41.0221],[-112.8272,41.0236],[-112.8176,41.0244],[-112.8174,41.0225],[-112.815,41.0233],[-112.8095,41.0217],[-112.806,41.0184],[-112.7986,41.0164],[-112.792,41.0182],[-112.7897,41.0229],[-112.7802,41.0201],[-112.7724,41.0135],[-112.7626,41.0106]]]}},{"type":"Feature","properties":{"huc12":"160203100200","name":"Great Salt Lake"},"geometry":{"type":"Polygon","coordinates":[[[-112.8399,41.6992],[-112.8422,41.7009],[-112.8418,41.699],[-112.8438,41.6983],[-112.8567,41.6988],[-112.8627,41.6971],[-112.8671,41.6899],[-112.8661,41.6875],[-112.8666,41.6818],[-112.8643,41.678],[-112.8895,41.6778],[-112.8962,41.6709],[-112.895,41.6698],[-112.8877,41.6692],[-112.888,41.6673],[-112.8922,41.667],[-112.8939,41.663],[-112.9092,41.6531],[-112.9171,41.6514],[-112.9239,41.6474],[-112.9466,41.6456],[-112.9555,41.6463],[-112.9724,41.6417],[-112.9928,41.6465],[-113.005,41.6451],[-113.0111,41.6427],[-113.0196,41.6362],[-113.0232,41.6326],[-113.0282,41.624],[-113.0293,41.6155],[-113.0261,41.6037],[-113.0281,41.6008],[-113.0332,41.6021],[-113.0364,41.5982],[-113.0344,41.5949],[-113.0268,41.591],[-113.0279,41.5896],[-113.0327,41.5917],[-113.0405,41.5833],[-113.0366,41.577],[-113.0279,41.5727],[-113.0214,41.5728],[-113.0172,41.5704],[-113.0307,41.5703],[-113.0369,41.5632],[-113.034,41.5572],[-113.0243,41.5509],[-113.0256,41.5537],[-113.0234,41.5537],[-113.0215,41.5497],[-113.0278,41.5496],[-113.0313,41.5476],[-113.0401,41.5382],[-113.0444,41.5316],[-113.0528,41.5242],[-113.0644,41.5177],[-113.0644,41.5147],[-113.0663,41.5148],[-113.0696,41.5196],[-113.0721,41.5166],[-113.0727,41.5131],[-113.0692,41.5],[-113.0667,41.4969],[-113.0656,41.488],[-113.0606,41.4804],[-113.0573,41.4778],[-113.0581,41.4736],[-113.0564,41.469],[-113.0501,41.462],[-113.0451,41.4586],[-113.0444,41.4553],[-113.038,41.4501],[-113.0287,41.4464],[-113.0212,41.446],[-113.019,41.4475],[-113.0121,41.4451],[-113.0063,41.4379],[-113.0071,41.4335],[-113.0128,41.4313],[-113.0138,41.4284],[-113.019,41.4228],[-113.0281,41.421],[-113.022,41.414],[-113.0174,41.4021],[-113.0175,41.3997],[-113.0108,41.3925],[-113.0093,41.3876],[-113.008,41.3818],[-113.0087,41.3752],[-113.0074,41.3742],[-112.9997,41.3373],[-113.0014,41.331],[-113.0005,41.3242],[-113.0023,41.3184],[-113.0015,41.3138],[-113.0123,41.3044],[-113.0189,41.2957],[-113.0305,41.2943],[-113.0322,41.2923],[-113.0323,41.2878],[-113.0222,41.272],[-113.0149,41.2671],[-113.0091,41.2672],[-113.0061,41.2593],[-113.0025,41.258],[-112.994,41.2584],[-112.9915,41.2572],[-112.9911,41.2545],[-112.9888,41.2527],[-112.9824,41.2538],[-112.9813,41.2513],[-112.976,41.2502],[-112.9712,41.2475],[-112.9674,41.2479],[-112.9612,41.246],[-112.954,41.2456],[-112.9505,41.2514],[-112.9522,41.2575],[-112.9494,41.2595],[-112.9561,41.2667],[-112.9564,41.2701],[-112.9581,41.2701],[-112.9567,41.2718],[-112.9559,41.2709],[-112.9531,41.2725],[-112.9497,41.2706],[-112.9409,41.2696],[-112.9415,41.2686],[-112.9436,41.2691],[-112.9426,41.2674],[-112.9323,41.2661],[-112.9341,41.2655],[-112.9251,41.2632],[-112.9257,41.2627],[-112.9214,41.2606],[-112.92,41.2581],[-112.9162,41.256],[-112.9119,41.2566],[-112.9087,41.2552],[-112.9025,41.2503],[-112.898,41.2522],[-112.8925,41.2526],[-112.8857,41.2562],[-112.8771,41.2469],[-112.8709,41.2471],[-112.8674,41.2489],[-112.8634,41.2462],[-112.8662,41.2435],[-112.8774,41.2391],[-112.8768,41.2299],[-112.8751,41.2274],[-112.8721,41.2268],[-112.8809,41.2265],[-112.8837,41.2251],[-112.8692,41.2259],[-112.8571,41.2229],[-112.853,41.2233],[-112.8532,41.2212],[-112.8487,41.2163],[-112.8493,41.2125],[-112.8484,41.2111],[-112.8312,41.2065],[-112.8322,41.1975],[-112.8269,41.1944],[-112.8265,41.1922],[-112.8222,41.1887],[-112.8186,41.1873],[-112.8167,41.1722],[-112.8227,41.1651],[-112.8252,41.1611],[-112.8251,41.1589],[-112.8194,41.1552],[-112.8172,41.1496],[-112.8112,41.1406],[-112.8073,41.1378],[-112.8043,41.1378],[-112.8026,41.1357],[-112.8048,41.1354],[-112.8053,41.1325],[-112.8032,41.1219],[-112.7996,41.1137],[-112.8012,41.1112],[-112.7994,41.1022],[-112.7999,41.098],[-112.7961,41.0903],[-112.7921,41.0765],[-112.7852,41.0664],[-112.7846,41.0569],[-112.7802,41.0446],[-112.777,41.043],[-112.7759,41.0352],[-112.7775,41.0341],[-112.7775,41.0294],[-112.7741,41.0242],[-112.7673,41.0204],[-112.768,41.0196],[-112.7659,41.0183],[-112.7668,41.0153],[-112.7624,41.0107],[-112.7683,41.0082],[-112.7727,41.0011],[-112.7642,40.9854],[-112.7639,40.9823],[-112.761,40.98],[-112.7597,40.9738],[-112.7569,40.97],[-112.7543,40.9687],[-112.735,40.9614],[-112.7283,40.9603],[-112.7205,40.9573],[-112.7213,40.9563],[-112.716,40.9534],[-112.7145,40.9532],[-112.7159,40.9544],[-112.7111,40.9526],[-112.7111,40.9515],[-112.7078,40.95],[-112.7094,40.9484],[-112.7037,40.9437],[-112.6854,40.9441],[-112.6817,40.9457],[-112.684,40.9469],[-112.6803,40.9465],[-112.6793,40.9492],[-112.6723,40.9496],[-112.6646,40.947],[-112.6586,40.9424],[-112.6576,40.9281],[-112.6524,40.9199],[-112.6537,40.9182],[-112.6516,40.9157],[-112.6526,40.9144],[-112.6559,40.9153],[-112.6595,40.9144],[-112.6637,40.9119],[-112.6577,40.9108],[-112.6495,40.912],[-112.6407,40.9075],[-112.6533,40.9084],[-112.6768,40.9047],[-112.6785,40.9032],[-112.6793,40.8998],[-112.6704,40.8862],[-112.6606,40.8749],[-112.6553,40.8709],[-112.6454,40.8698],[-112.6463,40.8689],[-112.6454,40.866],[-112.636,40.8563],[-112.6312,40.8491],[-112.6315,40.8464],[-112.6282,40.8403],[-112.6208,40.8329],[-112.6212,40.8314],[-112.6263,40.8283],[-112.6231,40.8194],[-112.6202,40.8156],[-112.6209,40.8132],[-112.6279,40.813],[-112.6349,40.8168],[-112.6376,40.8169],[-112.6365,40.8152],[-112.6375,40.8147],[-112.6397,40.8185],[-112.6415,40.818],[-112.6339,40.8032],[-112.6286,40.8],[-112.6223,40.7938],[-112.6161,40.7906],[-112.6121,40.7852],[-112.6073,40.7824],[-112.5768,40.7824],[-112.5735,40.7843],[-112.5773,40.7882],[-112.5767,40.7978],[-112.5752,40.8019],[-112.5726,40.8046],[-112.566,40.8076],[-112.5668,40.8116],[-112.5651,40.8131],[-112.5642,40.8108],[-112.5601,40.8154],[-112.5583,40.8206],[-112.5532,40.8256],[-112.5507,40.8301],[-112.5529,40.8495],[-112.5517,40.852],[-112.5519,40.8591],[-112.5536,40.8666],[-112.5525,40.8658],[-112.5527,40.8692],[-112.5519,40.8681],[-112.5508,40.8698],[-112.5468,40.8894],[-112.5426,40.8937],[-112.5415,40.8968],[-112.5421,40.898],[-112.5469,40.8985],[-112.5338,40.9058],[-112.5298,40.9101],[-112.5281,40.9149],[-112.5219,40.9175],[-112.5176,40.9211],[-112.5124,40.9316],[-112.5101,40.9328],[-112.5081,40.9306],[-112.5084,40.9277],[-112.5068,40.925],[-112.5024,40.9237],[-112.5014,40.9223],[-112.503,40.9141],[-112.5003,40.91],[-112.501,40.907],[-112.4954,40.9002],[-112.4965,40.897],[-112.4945,40.8949],[-112.4948,40.8901],[-112.4899,40.8872],[-112.4904,40.8858],[-112.4882,40.8826],[-112.4792,40.8768],[-112.4793,40.8626],[-112.477,40.8547],[-112.4706,40.845],[-112.4715,40.8416],[-112.4693,40.8362],[-112.4719,40.8285],[-112.4703,40.8259],[-112.4626,40.8217],[-112.4644,40.8187],[-112.4695,40.8151],[-112.4722,40.8083],[-112.4722,40.8065],[-112.4695,40.8051],[-112.4676,40.7966],[-112.4618,40.7925],[-112.4607,40.7886],[-112.4577,40.7869],[-112.4543,40.7867],[-112.4552,40.7882],[-112.4536,40.7898],[-112.4531,40.7888],[-112.4514,40.7899],[-112.4512,40.7888],[-112.4485,40.7902],[-112.4474,40.7884],[-112.4525,40.7862],[-112.4531,40.7831],[-112.4473,40.7779],[-112.4464,40.7748],[-112.44,40.7693],[-112.4397,40.7668],[-112.4378,40.7657],[-112.4371,40.7617],[-112.4354,40.7602],[-112.4301,40.7573],[-112.4155,40.7541],[-112.4117,40.7471],[-112.4001,40.7453],[-112.3889,40.7401],[-112.3822,40.7396],[-112.4068,40.7306],[-112.4067,40.7282],[-112.4012,40.7259],[-112.4005,40.7237],[-112.4039,40.7156],[-112.408,40.7136],[-112.4095,40.7099],[-112.4082,40.7064],[-112.4057,40.7072],[-112.4033,40.7056],[-112.399,40.6971],[-112.3964,40.6958],[-112.3953,40.682],[-112.3872,40.6724],[-112.3704,40.6669],[-112.3621,40.666],[-112.3594,40.6674],[-112.3587,40.6702],[-112.258,40.7057],[-112.2274,40.7238],[-112.2281,40.7256],[-112.2257,40.7246],[-112.2213,40.726],[-112.2228,40.7282],[-112.2202,40.7266],[-112.2181,40.7273],[-112.212,40.7304],[-112.2099,40.7328],[-112.2068,40.7325],[-112.2075,40.7339],[-112.1978,40.7388],[-112.1881,40.7491],[-112.1835,40.7591],[-112.1802,40.7619],[-112.1789,40.7649],[-112.18,40.7654],[-112.1783,40.7666],[-112.1747,40.7659],[-112.1743,40.7697],[-112.1712,40.769],[-112.1701,40.772],[-112.1737,40.7737],[-112.173,40.7757],[-112.1712,40.7741],[-112.1656,40.7747],[-112.1561,40.7849],[-112.1467,40.7909],[-112.141,40.7971],[-112.1385,40.8018],[-112.1413,40.8052],[-112.1426,40.8117],[-112.1393,40.821],[-112.1409,40.8233],[-112.1401,40.8247],[-112.1373,40.8248],[-112.1364,40.8274],[-112.1374,40.8312],[-112.1401,40.8324],[-112.1409,40.8362],[-112.1488,40.8385],[-112.1503,40.8433],[-112.1548,40.8445],[-112.1586,40.8497],[-112.1619,40.8484],[-112.1616,40.8438],[-112.1653,40.8432],[-112.167,40.8436],[-112.1681,40.8461],[-112.1685,40.8485],[-112.167,40.8501],[-112.1745,40.8472],[-112.1838,40.849],[-112.1931,40.8622],[-112.2082,40.8703],[-112.209,40.8753],[-112.2132,40.8789],[-112.2136,40.883],[-112.2182,40.8851],[-112.2177,40.8906],[-112.2192,40.8922],[-112.2194,40.8954],[-112.2246,40.9003],[-112.2252,40.9104],[-112.2279,40.915],[-112.2281,40.9192],[-112.2312,40.9209],[-112.2338,40.9267],[-112.238,40.9301],[-112.2381,40.9316],[-112.2446,40.9348],[-112.247,40.9405],[-112.2543,40.9478],[-112.2512,40.9529],[-112.2541,40.9569],[-112.2523,40.9599],[-112.252,40.9651],[-112.2499,40.9683],[-112.2505,40.9699],[-112.2481,40.974],[-112.2503,40.9774],[-112.248,40.9779],[-112.2471,40.9806],[-112.2488,40.984],[-112.2536,40.9844],[-112.2502,40.9897],[-112.2513,40.9936],[-112.242,40.9987],[-112.2391,41.0066],[-112.2398,41.0165],[-112.2424,41.0212],[-112.2473,41.0246],[-112.2487,41.0238],[-112.2525,41.0264],[-112.2661,41.0262],[-112.2705,41.0277],[-112.2724,41.033],[-112.2772,41.037],[-112.2779,41.0393],[-112.2749,41.0423],[-112.2615,41.041],[-112.2524,41.0469],[-112.2482,41.0532],[-112.2497,41.0561],[-112.2545,41.0602],[-112.2379,41.0594],[-112.2308,41.0467],[-112.2024,41.0412],[-112.1979,41.0361],[-112.1975,41.0341],[-112.1934,41.0316],[-112.1925,41.0292],[-112.1939,41.0257],[-112.1884,41.0237],[-112.1857,41.0201],[-112.1901,41.0182],[-112.1925,41.0157],[-112.1923,41.0144],[-112.1902,41.0135],[-112.1903,41.0105],[-112.1963,41.0054],[-112.1971,41.0014],[-112.1959,40.9984],[-112.1969,40.996],[-112.1883,40.986],[-112.1869,40.9825],[-112.1823,40.9791],[-112.1729,40.9608],[-112.1652,40.9555],[-112.1591,40.953],[-112.1537,40.9438],[-112.1503,40.9404],[-112.15,40.9391],[-112.1519,40.938],[-112.1493,40.9393],[-112.1497,40.941],[-112.1463,40.938],[-112.1521,40.9364],[-112.1544,40.9375],[-112.1547,40.9391],[-112.1588,40.9382],[-112.1667,40.9179],[-112.1678,40.9109],[-112.1667,40.9059],[-112.169,40.8978],[-112.1655,40.8936],[-112.1656,40.8869],[-112.1672,40.8828],[-112.1642,40.8842],[-112.1723,40.8712],[-112.1729,40.8675],[-112.1699,40.8664],[-112.1734,40.8623],[-112.1703,40.8626],[-112.1679,40.8608],[-112.163,40.8649],[-112.1614,40.8649],[-112.1661,40.856],[-112.1663,40.8524],[-112.1702,40.8535],[-112.1652,40.85],[-112.1658,40.8452],[-112.1631,40.85],[-112.1648,40.8536],[-112.1643,40.8547],[-112.1535,40.8614],[-112.1579,40.8727],[-112.1547,40.8845],[-112.1557,40.8909],[-112.1543,40.9028],[-112.1494,40.9022],[-112.1467,40.8971],[-112.1388,40.8914],[-112.1369,40.8851],[-112.1352,40.8832],[-112.1185,40.8769],[-112.1172,40.8743],[-112.1084,40.8751],[-112.1034,40.8734],[-112.1042,40.8715],[-112.1069,40.871],[-112.1034,40.8711],[-112.1018,40.8726],[-112.1004,40.8714],[-112.0931,40.8713],[-112.0878,40.8725],[-112.0927,40.8765],[-112.093,40.8783],[-112.0837,40.8786],[-112.0823,40.8848],[-112.0769,40.8869],[-112.0752,40.884],[-112.0704,40.8837],[-112.0703,40.8867],[-112.069,40.8884],[-112.0647,40.8881],[-112.0647,40.8904],[-112.0615,40.8915],[-112.0525,40.8922],[-112.0496,40.8965],[-112.0389,40.8969],[-112.0375,40.899],[-112.0292,40.9],[-112.0298,40.9023],[-112.0194,40.9015],[-112.0074,40.8967],[-112.0039,40.8969],[-112.0061,40.8987],[-112.0045,40.899],[-112.0024,40.8974],[-112.0001,40.8977],[-111.9999,40.8998],[-112.0022,40.9009],[-111.9974,40.9011],[-111.9986,40.9019],[-111.9937,40.9008],[-111.9954,40.9037],[-112.0004,40.9061],[-111.9857,40.9067],[-111.9836,40.9093],[-111.9787,40.9109],[-111.9855,40.9135],[-111.9809,40.915],[-111.9832,40.9165],[-111.9822,40.9164],[-111.9819,40.9178],[-111.9763,40.9126],[-111.9752,40.9154],[-111.977,40.9174],[-111.9768,40.9191],[-111.9717,40.9207],[-111.9664,40.9249],[-111.966,40.9271],[-111.96,40.9279],[-111.9581,40.9268],[-111.9562,40.9286],[-111.9584,40.9295],[-111.967,40.9283],[-111.9838,40.9184],[-111.9874,40.9207],[-111.9885,40.9199],[-111.9939,40.9236],[-111.9932,40.9248],[-111.99,40.9254],[-111.9901,40.9268],[-111.9881,40.9286],[-111.9861,40.9289],[-111.9811,40.9257],[-111.9793,40.9301],[-111.9735,40.9287],[-111.9725,40.9324],[-111.9756,40.9348],[-111.9733,40.9357],[-111.9743,40.9381],[-111.9731,40.9403],[-111.9716,40.9344],[-111.9677,40.9296],[-111.9662,40.9293],[-111.9653,40.9295],[-111.9666,40.9312],[-111.9646,40.9324],[-111.9639,40.935],[-111.9576,40.9395],[-111.9616,40.9339],[-111.9613,40.9325],[-111.9602,40.9313],[-111.9589,40.9328],[-111.9561,40.9317],[-111.9533,40.9344],[-111.9524,40.9324],[-111.9485,40.9314],[-111.9479,40.9185],[-111.9436,40.9204],[-111.9411,40.9192],[-111.9408,40.9218],[-111.9322,40.9238],[-111.931,40.9252],[-111.934,40.9273],[-111.9303,40.9291],[-111.9321,40.9298],[-111.9287,40.9312],[-111.9289,40.9331],[-111.9238,40.9343],[-111.9242,40.9353],[-111.9215,40.9363],[-111.922,40.9372],[-111.9179,40.9382],[-111.9177,40.94],[-111.9146,40.9414],[-111.916,40.9424],[-111.9134,40.9431],[-111.915,40.9453],[-111.9095,40.946],[-111.9116,40.9455],[-111.9111,40.947],[-111.9141,40.9488],[-111.9157,40.9484],[-111.9167,40.9503],[-111.9249,40.9517],[-111.932,40.9565],[-111.9397,40.9694],[-111.9406,40.9749],[-111.9431,40.9786],[-111.9423,40.9796],[-111.9455,40.9834],[-111.9447,40.984],[-111.9487,40.988],[-111.9516,40.9877],[-111.9508,40.9893],[-111.952,40.9901],[-111.956,40.9898],[-111.956,40.9913],[-111.9584,40.9895],[-111.9635,40.9887],[-111.9665,40.9917],[-111.9692,40.9868],[-111.9727,40.986],[-111.9744,40.9869],[-111.9765,40.9928],[-111.9836,40.994],[-111.9906,40.9915],[-111.9946,40.9867],[-112.0025,40.9841],[-112.0114,40.986],[-112.0346,40.9877],[-112.0446,40.9896],[-112.0492,40.9922],[-112.0576,41.0064],[-112.0578,41.0079],[-112.0561,41.0076],[-112.0573,41.0109],[-112.0657,41.0218],[-112.0756,41.0244],[-112.0864,41.0321],[-112.0938,41.0327],[-112.0977,41.0356],[-112.1043,41.0494],[-112.1146,41.0582],[-112.1197,41.0642],[-112.1249,41.0787],[-112.1249,41.0847],[-112.1269,41.0896],[-112.1313,41.0919],[-112.1336,41.0949],[-112.1353,41.1017],[-112.1391,41.1062],[-112.1398,41.1094],[-112.1435,41.1125],[-112.1499,41.1142],[-112.1491,41.1161],[-112.1516,41.1143],[-112.1549,41.1166],[-112.1544,41.1182],[-112.1578,41.1175],[-112.1589,41.1192],[-112.1613,41.1193],[-112.1609,41.1203],[-112.1628,41.1219],[-112.1652,41.1212],[-112.1679,41.1226],[-112.1758,41.1301],[-112.1811,41.1332],[-112.185,41.1387],[-112.1875,41.148],[-112.1918,41.1559],[-112.202,41.1546],[-112.2064,41.1569],[-112.2074,41.159],[-112.2058,41.1598],[-112.2051,41.1623],[-112.1985,41.1667],[-112.201,41.1683],[-112.201,41.1701],[-112.2022,41.1696],[-112.2028,41.1723],[-112.2044,41.172],[-112.2043,41.1737],[-112.2078,41.1741],[-112.207,41.1754],[-112.204,41.176],[-112.2066,41.1755],[-112.2084,41.1766],[-112.2072,41.1772],[-112.21,41.1803],[-112.2148,41.1793],[-112.2183,41.1822],[-112.2182,41.1875],[-112.2208,41.1884],[-112.2247,41.193],[-112.2266,41.1929],[-112.2255,41.1949],[-112.2286,41.1954],[-112.2305,41.1972],[-112.2408,41.2122],[-112.244,41.213],[-112.2472,41.2117],[-112.2504,41.2139],[-112.2507,41.2158],[-112.2489,41.2188],[-112.2508,41.2217],[-112.2579,41.2235],[-112.2706,41.2323],[-112.2691,41.2362],[-112.2734,41.2436],[-112.2728,41.2446],[-112.2749,41.2461],[-112.274,41.2502],[-112.276,41.2553],[-112.2862,41.2644],[-112.2891,41.2699],[-112.2922,41.2854],[-112.2907,41.302],[-112.2884,41.3109],[-112.2845,41.3207],[-112.2761,41.3294],[-112.2724,41.3371],[-112.263,41.3452],[-112.2614,41.3497],[-112.2623,41.3515],[-112.2599,41.357],[-112.2586,41.3575],[-112.26,41.3573],[-112.259,41.3579],[-112.2599,41.3579],[-112.2591,41.359],[-112.2602,41.3587],[-112.259,41.3599],[-112.2599,41.36],[-112.2576,41.363],[-112.2505,41.3653],[-112.2458,41.3642],[-112.2415,41.3619],[-112.2428,41.3613],[-112.2389,41.3618],[-112.2377,41.3597],[-112.2383,41.3579],[-112.2368,41.3566],[-112.2047,41.3596],[-112.178,41.3583],[-112.1736,41.3593],[-112.1707,41.3618],[-112.1646,41.3632],[-112.1654,41.3662],[-112.1629,41.3633],[-112.1402,41.3689],[-112.1332,41.369],[-112.132,41.3791],[-112.0718,41.4175],[-112.0725,41.4188],[-112.0711,41.4206],[-112.0821,41.4264],[-112.0842,41.426],[-112.0874,41.4228],[-112.1086,41.4227],[-112.1083,41.4219],[-112.1209,41.4214],[-112.131,41.4222],[-112.132,41.4209],[-112.1356,41.4219],[-112.1414,41.4153],[-112.1441,41.4141],[-112.1596,41.419],[-112.1689,41.4131],[-112.1716,41.4132],[-112.1756,41.4084],[-112.1774,41.4086],[-112.176,41.4079],[-112.1781,41.4071],[-112.1779,41.4046],[-112.1755,41.4053],[-112.1734,41.4048],[-112.1742,41.4035],[-112.1719,41.4036],[-112.1724,41.4021],[-112.1737,41.4031],[-112.1732,41.4013],[-112.1746,41.4001],[-112.1788,41.3999],[-112.1816,41.4013],[-112.1814,41.3998],[-112.1856,41.4021],[-112.1902,41.4014],[-112.1916,41.4026],[-112.1913,41.4013],[-112.1923,41.4027],[-112.195,41.4005],[-112.1946,41.3996],[-112.1962,41.4],[-112.1948,41.3987],[-112.1973,41.3983],[-112.1978,41.3965],[-112.1968,41.3956],[-112.2,41.3955],[-112.2048,41.3915],[-112.2059,41.3917],[-112.2054,41.3924],[-112.2176,41.3895],[-112.2276,41.3901],[-112.2342,41.3929],[-112.2346,41.3915],[-112.2368,41.3915],[-112.2358,41.3935],[-112.2417,41.3917],[-112.2485,41.3915],[-112.2506,41.3902],[-112.2512,41.3914],[-112.2558,41.3913],[-112.2573,41.3888],[-112.2602,41.3877],[-112.2605,41.3887],[-112.2666,41.3844],[-112.2777,41.3699],[-112.2857,41.3624],[-112.2881,41.3605],[-112.2951,41.3589],[-112.3029,41.3614],[-112.3081,41.3682],[-112.3114,41.3701],[-112.3125,41.373],[-112.3118,41.3752],[-112.3162,41.3836],[-112.3152,41.3862],[-112.3174,41.3892],[-112.3163,41.3927],[-112.3203,41.3953],[-112.3194,41.3962],[-112.3206,41.3961],[-112.3202,41.3973],[-112.3242,41.395],[-112.3238,41.3986],[-112.322,41.4013],[-112.3271,41.4011],[-112.3309,41.399],[-112.3315,41.4001],[-112.3341,41.3996],[-112.3326,41.4026],[-112.3336,41.4031],[-112.3331,41.4054],[-112.3361,41.4046],[-112.3326,41.4081],[-112.3339,41.4081],[-112.3322,41.4103],[-112.3322,41.4123],[-112.3359,41.4123],[-112.3363,41.4143],[-112.3346,41.4156],[-112.3417,41.4181],[-112.3471,41.4149],[-112.3455,41.4178],[-112.3473,41.4229],[-112.3503,41.4181],[-112.3556,41.4165],[-112.3565,41.4188],[-112.3556,41.4263],[-112.359,41.4295],[-112.3599,41.4326],[-112.3693,41.4305],[-112.3711,41.4344],[-112.3786,41.4349],[-112.3763,41.4381],[-112.3713,41.4389],[-112.3705,41.4407],[-112.3764,41.439],[-112.3769,41.4431],[-112.378,41.4438],[-112.3796,41.4424],[-112.3776,41.4458],[-112.3778,41.4481],[-112.3786,41.4454],[-112.3809,41.4436],[-112.3835,41.4436],[-112.3854,41.4452],[-112.3851,41.4463],[-112.3801,41.4475],[-112.381,41.448],[-112.3883,41.4461],[-112.3839,41.4499],[-112.3874,41.4495],[-112.3836,41.4511],[-112.3871,41.4502],[-112.3878,41.4543],[-112.385,41.4563],[-112.3835,41.4536],[-112.3827,41.4553],[-112.3784,41.4565],[-112.3779,41.4576],[-112.3791,41.4577],[-112.3777,41.4586],[-112.3804,41.4578],[-112.3792,41.4604],[-112.3816,41.459],[-112.381,41.4599],[-112.3707,41.4639],[-112.3738,41.4644],[-112.3656,41.4717],[-112.3611,41.4724],[-112.3571,41.4711],[-112.3549,41.4729],[-112.3411,41.4743],[-112.3407,41.4753],[-112.3423,41.4764],[-112.3415,41.4813],[-112.3427,41.4848],[-112.347,41.4841],[-112.3472,41.4819],[-112.3494,41.4824],[-112.3646,41.4748],[-112.3697,41.4708],[-112.3754,41.4706],[-112.3726,41.4741],[-112.3731,41.476],[-112.3806,41.4724],[-112.3848,41.4722],[-112.3846,41.4709],[-112.389,41.4689],[-112.3962,41.4626],[-112.4045,41.4594],[-112.4163,41.4515],[-112.4083,41.4481],[-112.4166,41.451],[-112.4178,41.4497],[-112.4215,41.4424],[-112.4232,41.4297],[-112.4217,41.423],[-112.419,41.4202],[-112.4145,41.4075],[-112.4087,41.4066],[-112.4059,41.4031],[-112.4028,41.4028],[-112.4025,41.4001],[-112.3982,41.3974],[-112.3975,41.3937],[-112.398,41.3915],[-112.4025,41.3879],[-112.4046,41.3808],[-112.4049,41.3723],[-112.4069,41.3675],[-112.4085,41.3659],[-112.4113,41.367],[-112.4151,41.3661],[-112.4169,41.3634],[-112.4194,41.3624],[-112.4207,41.3592],[-112.4203,41.3554],[-112.4168,41.3478],[-112.4128,41.3446],[-112.4096,41.3445],[-112.4105,41.3433],[-112.4065,41.3384],[-112.4015,41.338],[-112.4006,41.3354],[-112.4045,41.3345],[-112.4008,41.3311],[-112.4016,41.3282],[-112.3992,41.3233],[-112.4008,41.3204],[-112.3998,41.3156],[-112.3983,41.3146],[-112.3991,41.3138],[-112.3956,41.3117],[-112.3972,41.3097],[-112.3935,41.3075],[-112.3939,41.304],[-112.39,41.2975],[-112.3889,41.2928],[-112.3816,41.2904],[-112.384,41.2899],[-112.3826,41.287],[-112.3839,41.284],[-112.3803,41.2773],[-112.3774,41.275],[-112.3777,41.273],[-112.3858,41.2712],[-112.3944,41.2671],[-112.3969,41.2571],[-112.4038,41.2494],[-112.4049,41.2444],[-112.403,41.2402],[-112.3973,41.2359],[-112.3979,41.2328],[-112.3963,41.2333],[-112.4009,41.2287],[-112.4006,41.2275],[-112.4047,41.2247],[-112.4061,41.221],[-112.4116,41.2205],[-112.4142,41.2183],[-112.4225,41.2174],[-112.4254,41.2129],[-112.4248,41.2089],[-112.4235,41.2076],[-112.4268,41.2068],[-112.429,41.2042],[-112.4408,41.207],[-112.4634,41.2097],[-112.4823,41.2154],[-112.4833,41.2193],[-112.486,41.2199],[-112.4856,41.2247],[-112.4894,41.2296],[-112.4903,41.234],[-112.4922,41.2346],[-112.4907,41.2358],[-112.4958,41.2456],[-112.4957,41.2509],[-112.4999,41.2504],[-112.5018,41.2516],[-112.4993,41.2535],[-112.4978,41.2522],[-112.4955,41.2524],[-112.4977,41.2575],[-112.5005,41.2589],[-112.5008,41.257],[-112.4992,41.2553],[-112.502,41.2533],[-112.503,41.2539],[-112.5019,41.2542],[-112.5018,41.2583],[-112.4995,41.2603],[-112.5075,41.2673],[-112.5092,41.272],[-112.5061,41.2807],[-112.509,41.2865],[-112.5072,41.291],[-112.5098,41.2959],[-112.5098,41.2993],[-112.4988,41.3102],[-112.4958,41.319],[-112.4953,41.3289],[-112.4968,41.3327],[-112.5002,41.3365],[-112.5024,41.3359],[-112.5084,41.339],[-112.5113,41.3383],[-112.5204,41.3441],[-112.5299,41.3463],[-112.5334,41.3484],[-112.5322,41.3503],[-112.5354,41.3557],[-112.5349,41.3604],[-112.5367,41.3651],[-112.5353,41.3707],[-112.5373,41.3751],[-112.5361,41.3782],[-112.5374,41.3804],[-112.5364,41.3822],[-112.5378,41.3837],[-112.537,41.3841],[-112.5384,41.3881],[-112.5425,41.3936],[-112.5387,41.3999],[-112.5386,41.4058],[-112.5417,41.4163],[-112.5424,41.4139],[-112.5437,41.418],[-112.5458,41.4195],[-112.544,41.4199],[-112.5436,41.4217],[-112.5464,41.4231],[-112.5525,41.4219],[-112.5481,41.4266],[-112.5492,41.4283],[-112.5522,41.4292],[-112.5542,41.4353],[-112.5681,41.4358],[-112.5697,41.4369],[-112.5709,41.4415],[-112.5734,41.4435],[-112.5792,41.4433],[-112.5831,41.447],[-112.5882,41.4462],[-112.5941,41.4486],[-112.6088,41.4479],[-112.6084,41.4459],[-112.5974,41.4432],[-112.5989,41.4415],[-112.6047,41.4408],[-112.611,41.4345],[-112.6217,41.4288],[-112.6239,41.4296],[-112.6255,41.4342],[-112.6304,41.4363],[-112.6422,41.4362],[-112.6516,41.4327],[-112.6543,41.4349],[-112.66,41.4353],[-112.6676,41.4383],[-112.6692,41.4425],[-112.6794,41.4541],[-112.6905,41.4571],[-112.6926,41.4604],[-112.703,41.4629],[-112.7246,41.4716],[-112.7276,41.4838],[-112.7377,41.4931],[-112.7439,41.501],[-112.7442,41.5072],[-112.7468,41.5095],[-112.7468,41.5112],[-112.7559,41.516],[-112.7626,41.5161],[-112.7622,41.5222],[-112.7656,41.5259],[-112.7683,41.5273],[-112.7701,41.5267],[-112.7731,41.5327],[-112.7742,41.5384],[-112.7791,41.5407],[-112.7825,41.5405],[-112.7811,41.5508],[-112.7872,41.5531],[-112.7892,41.5504],[-112.7906,41.5505],[-112.7927,41.5553],[-112.7973,41.5579],[-112.7993,41.561],[-112.7968,41.5652],[-112.794,41.5656],[-112.7927,41.5677],[-112.7898,41.5644],[-112.784,41.5665],[-112.7862,41.569],[-112.7857,41.5708],[-112.787,41.573],[-112.7867,41.5769],[-112.7841,41.58],[-112.7835,41.5834],[-112.7767,41.5856],[-112.7756,41.5863],[-112.7762,41.5875],[-112.7699,41.591],[-112.7641,41.5989],[-112.764,41.6024],[-112.7602,41.6072],[-112.7613,41.6093],[-112.7664,41.6125],[-112.7665,41.6148],[-112.7697,41.6149],[-112.7706,41.612],[-112.7719,41.6156],[-112.7748,41.6133],[-112.7735,41.6169],[-112.7744,41.6184],[-112.7895,41.6174],[-112.7761,41.6212],[-112.7709,41.6212],[-112.7669,41.6234],[-112.7547,41.6265],[-112.7481,41.6327],[-112.7468,41.6388],[-112.7436,41.6399],[-112.7434,41.6414],[-112.7397,41.6441],[-112.7393,41.6479],[-112.7435,41.6527],[-112.7445,41.655],[-112.7434,41.6563],[-112.7464,41.6557],[-112.7478,41.6587],[-112.7525,41.6607],[-112.7542,41.6635],[-112.761,41.6664],[-112.7635,41.6717],[-112.7703,41.6744],[-112.7796,41.6822],[-112.7822,41.682],[-112.7906,41.6883],[-112.8067,41.6896],[-112.8118,41.6916],[-112.8104,41.6935],[-112.812,41.6959],[-112.8209,41.6988],[-112.8341,41.7008],[-112.8399,41.6992]]]}},{"type":"Feature","properties":{"huc12":"160102010104","name":"South Eden Canyon-Frontal Bear Lake"},"geometry":{"type":"Polygon","coordinates":[[[-111.2592,41.9711],[-111.258,41.9799],[-111.2611,41.9836],[-111.2748,41.9882],[-111.2745,41.9848],[-111.271,41.9774],[-111.271,41.971],[-111.2781,41.9538],[-111.2786,41.9434],[-111.2815,41.9349],[-111.289,41.9251],[-111.2885,41.9157],[-111.2848,41.9061],[-111.286,41.8994],[-111.2848,41.8967],[-111.291,41.8894],[-111.2915,41.8821],[-111.296,41.8766],[-111.2967,41.8541],[-111.3003,41.8505],[-111.3061,41.8481],[-111.3188,41.8464],[-111.3376,41.8462],[-111.3296,41.8426],[-111.3118,41.8306],[-111.3078,41.8304],[-111.3035,41.8319],[-111.296,41.831],[-111.2951,41.8289],[-111.2902,41.8326],[-111.2841,41.8344],[-111.2798,41.8396],[-111.2799,41.8426],[-111.2684,41.8455],[-111.2677,41.848],[-111.2698,41.851],[-111.2624,41.8537],[-111.2588,41.853],[-111.2565,41.855],[-111.2543,41.8593],[-111.2555,41.8627],[-111.2507,41.8631],[-111.2478,41.8666],[-111.2452,41.8736],[-111.2313,41.8714],[-111.2123,41.8739],[-111.2081,41.8793],[-111.2053,41.8798],[-111.1991,41.8839],[-111.1978,41.8872],[-111.1949,41.8897],[-111.194,41.894],[-111.1949,41.8954],[-111.1918,41.8968],[-111.1893,41.9013],[-111.1852,41.9015],[-111.1823,41.9042],[-111.1746,41.9051],[-111.1719,41.9069],[-111.1705,41.9128],[-111.1663,41.9179],[-111.1685,41.9243],[-111.1765,41.927],[-111.1774,41.929],[-111.1799,41.9304],[-111.1787,41.9322],[-111.1794,41.9333],[-111.1871,41.9358],[-111.1992,41.9367],[-111.202,41.9397],[-111.2052,41.9397],[-111.21,41.937],[-111.2133,41.9368],[-111.2086,41.9423],[-111.208,41.945],[-111.2034,41.9481],[-111.2047,41.9516],[-111.2074,41.954],[-111.2243,41.9562],[-111.2415,41.9654],[-111.2459,41.9691],[-111.2461,41.9706],[-111.2592,41.9711]]]}},{"type":"Feature","properties":{"huc12":"170402100501","name":"Upper Meadow Creek"},"geometry":{"type":"Polygon","coordinates":[[[-112.9181,42.256],[-112.9213,42.258],[-112.9236,42.2634],[-112.9231,42.2661],[-112.9269,42.2679],[-112.9257,42.2709],[-112.9265,42.2726],[-112.9238,42.2731],[-112.9223,42.2791],[-112.9155,42.2801],[-112.9143,42.2834],[-112.9123,42.284],[-112.9132,42.2882],[-112.9225,42.2961],[-112.9245,42.2958],[-112.9272,42.2983],[-112.9395,42.2932],[-112.9427,42.2948],[-112.956,42.2932],[-112.958,42.2948],[-112.9632,42.2918],[-112.9596,42.2889],[-112.9597,42.2861],[-112.958,42.2837],[-112.9604,42.2795],[-112.959,42.2763],[-112.9612,42.2729],[-112.9662,42.2708],[-112.9717,42.2709],[-112.9747,42.2679],[-112.9801,42.2679],[-112.9813,42.2654],[-112.985,42.2653],[-112.9927,42.2589],[-113.0012,42.2585],[-113.0042,42.2617],[-113.0069,42.2613],[-113.0152,42.267],[-113.0203,42.2664],[-113.0237,42.2626],[-113.0237,42.2577],[-113.0279,42.2544],[-113.0288,42.2509],[-113.0349,42.243],[-113.0434,42.2401],[-113.0467,42.2415],[-113.0509,42.2401],[-113.0516,42.2362],[-113.0624,42.2298],[-113.0676,42.228],[-113.0683,42.2254],[-113.0661,42.2251],[-113.0616,42.2205],[-113.0495,42.2202],[-113.0334,42.2234],[-113.0307,42.2205],[-113.0221,42.2188],[-113.0214,42.2176],[-113.0205,42.22],[-113.0162,42.2217],[-113.0035,42.2235],[-113,42.2208],[-112.9962,42.2211],[-112.9951,42.2196],[-112.9908,42.2202],[-112.9895,42.2186],[-112.9867,42.2207],[-112.9839,42.2174],[-112.9796,42.2151],[-112.9779,42.2168],[-112.9698,42.2172],[-112.9687,42.2181],[-112.969,42.2208],[-112.9654,42.2224],[-112.9629,42.2208],[-112.9497,42.2198],[-112.9396,42.2272],[-112.9355,42.2267],[-112.9293,42.2283],[-112.928,42.2298],[-112.9235,42.2301],[-112.9225,42.232],[-112.9165,42.2344],[-112.917,42.2375],[-112.9186,42.2388],[-112.9164,42.2444],[-112.9181,42.2474],[-112.9165,42.2505],[-112.9181,42.256]]]}},{"type":"Feature","properties":{"huc12":"170402100502","name":"Middle Meadow Creek"},"geometry":{"type":"Polygon","coordinates":[[[-113.0243,42.2606],[-113.0479,42.2616],[-113.0521,42.2649],[-113.0601,42.2679],[-113.0829,42.2685],[-113.0908,42.2703],[-113.0955,42.2695],[-113.1073,42.2703],[-113.1271,42.2679],[-113.1333,42.2684],[-113.1405,42.2659],[-113.1451,42.2667],[-113.1346,42.2593],[-113.1339,42.2559],[-113.1314,42.2532],[-113.1309,42.2491],[-113.1326,42.2433],[-113.1403,42.2337],[-113.1386,42.2305],[-113.1398,42.2258],[-113.1459,42.2186],[-113.1463,42.2158],[-113.1504,42.2115],[-113.1553,42.203],[-113.1498,42.1968],[-113.1498,42.1916],[-113.1488,42.1903],[-113.1439,42.1866],[-113.1377,42.1855],[-113.1351,42.1814],[-113.128,42.1785],[-113.1272,42.1709],[-113.1247,42.165],[-113.1205,42.161],[-113.1244,42.1535],[-113.1118,42.1537],[-113.1045,42.1557],[-113.1022,42.1584],[-113.0981,42.159],[-113.0956,42.1625],[-113.091,42.1657],[-113.0813,42.1783],[-113.0619,42.1854],[-113.054,42.1909],[-113.0439,42.1938],[-113.0433,42.1949],[-113.0459,42.1981],[-113.0451,42.2035],[-113.0408,42.205],[-113.0364,42.2108],[-113.0324,42.2122],[-113.0313,42.2146],[-113.0216,42.2167],[-113.0221,42.2188],[-113.03,42.2202],[-113.0332,42.2234],[-113.037,42.2235],[-113.0395,42.2217],[-113.0432,42.2221],[-113.0495,42.2202],[-113.0616,42.2205],[-113.063,42.2227],[-113.0684,42.2261],[-113.0676,42.228],[-113.052,42.2358],[-113.0509,42.2401],[-113.0467,42.2415],[-113.0434,42.2401],[-113.0352,42.2428],[-113.0288,42.2509],[-113.0279,42.2544],[-113.0237,42.2577],[-113.0229,42.2592],[-113.0243,42.2606]]]}},{"type":"Feature","properties":{"huc12":"160202040307","name":"Parleys Creek-Jordan River"},"geometry":{"type":"Polygon","coordinates":[[[-111.7832,40.7346],[-111.788,40.737],[-111.7956,40.7375],[-111.7985,40.7396],[-111.8197,40.7414],[-111.8348,40.7394],[-111.8488,40.7295],[-111.856,40.7294],[-111.8827,40.744],[-111.8981,40.7455],[-111.905,40.7531],[-111.9131,40.7516],[-111.9527,40.7504],[-111.9628,40.7483],[-111.9782,40.7397],[-111.9851,40.7383],[-112.0026,40.7376],[-112.0043,40.7183],[-112.0031,40.714],[-112.0058,40.7077],[-112.0072,40.6972],[-112.0107,40.6915],[-112.0148,40.6774],[-112.022,40.6696],[-112.0267,40.6619],[-112.0348,40.655],[-112.0384,40.6503],[-112.0387,40.648],[-112.0568,40.6379],[-112.0572,40.6354],[-112.0739,40.6337],[-112.0801,40.6305],[-112.0945,40.627],[-112.0912,40.6248],[-112.0863,40.6252],[-112.074,40.6285],[-112.0684,40.6277],[-112.0662,40.6303],[-112.0613,40.6294],[-112.0548,40.6322],[-112.0385,40.6325],[-112.0263,40.6385],[-112.021,40.6435],[-112.0201,40.6458],[-112.015,40.6476],[-112.0062,40.6477],[-111.9965,40.6446],[-111.9897,40.6459],[-111.9802,40.6455],[-111.9688,40.6395],[-111.964,40.6402],[-111.9587,40.6392],[-111.9509,40.6456],[-111.9467,40.6464],[-111.9436,40.6494],[-111.9432,40.6526],[-111.9391,40.6537],[-111.9309,40.6592],[-111.9262,40.66],[-111.9254,40.6672],[-111.9185,40.6693],[-111.9179,40.6724],[-111.9137,40.6796],[-111.9069,40.6814],[-111.9061,40.6839],[-111.9131,40.6837],[-111.9209,40.6869],[-111.9186,40.69],[-111.9175,40.6947],[-111.9206,40.6994],[-111.9188,40.7015],[-111.9196,40.7057],[-111.9234,40.71],[-111.9203,40.7115],[-111.9056,40.7131],[-111.891,40.7107],[-111.8867,40.7082],[-111.8833,40.7085],[-111.867,40.7162],[-111.8628,40.7208],[-111.8584,40.7225],[-111.8496,40.721],[-111.8417,40.7169],[-111.8259,40.7133],[-111.8231,40.7114],[-111.8124,40.7104],[-111.8087,40.7082],[-111.8029,40.707],[-111.7956,40.7061],[-111.7777,40.7067],[-111.7733,40.7083],[-111.7772,40.7093],[-111.7968,40.7089],[-111.7965,40.7128],[-111.7911,40.7182],[-111.7835,40.7315],[-111.7832,40.7346]]]}},{"type":"Feature","properties":{"huc12":"160201020502","name":"Farmington Creek-Frontal Farmington Bay"},"geometry":{"type":"Polygon","coordinates":[[[-111.8226,41.0143],[-111.8284,41.0205],[-111.8349,41.0205],[-111.8383,41.0231],[-111.853,41.0162],[-111.8672,41.0126],[-111.8719,41.0097],[-111.8789,41.0085],[-111.8824,41.0001],[-111.8896,40.9969],[-111.8959,40.9902],[-111.9026,40.9882],[-111.9166,40.9815],[-111.9297,40.9809],[-111.929,40.9795],[-111.9301,40.9778],[-111.94,40.9724],[-111.9397,40.9694],[-111.9349,40.9607],[-111.9306,40.9552],[-111.9249,40.9517],[-111.9167,40.9503],[-111.9157,40.9484],[-111.9141,40.9488],[-111.9111,40.947],[-111.9116,40.9455],[-111.9095,40.9461],[-111.915,40.9453],[-111.9134,40.9431],[-111.9161,40.942],[-111.9146,40.9414],[-111.9163,40.9414],[-111.9186,40.9376],[-111.9219,40.9373],[-111.9215,40.9363],[-111.9253,40.934],[-111.9158,40.9276],[-111.9066,40.9247],[-111.8966,40.9243],[-111.8875,40.9216],[-111.8737,40.9218],[-111.8512,40.9286],[-111.8449,40.9333],[-111.8331,40.9343],[-111.8261,40.9377],[-111.8203,40.9433],[-111.815,40.9447],[-111.811,40.9495],[-111.8153,40.9573],[-111.8145,40.9599],[-111.8093,40.9574],[-111.8021,40.9595],[-111.7979,40.9591],[-111.7951,40.9609],[-111.7913,40.9609],[-111.783,40.9568],[-111.7751,40.9597],[-111.7832,40.9693],[-111.7857,40.9754],[-111.7934,40.9863],[-111.799,40.9895],[-111.8042,40.9951],[-111.8066,40.9995],[-111.8064,41.0018],[-111.8104,41.005],[-111.8214,41.0073],[-111.8207,41.011],[-111.8226,41.0143]]]}},{"type":"Feature","properties":{"huc12":"160201010403","name":"Silver Creek"},"geometry":{"type":"Polygon","coordinates":[[[-111.4845,40.8535],[-111.4882,40.8543],[-111.4933,40.8473],[-111.4927,40.846],[-111.4953,40.844],[-111.495,40.842],[-111.4972,40.8405],[-111.5001,40.8337],[-111.4996,40.8324],[-111.5015,40.831],[-111.5002,40.8222],[-111.5057,40.8253],[-111.5102,40.8209],[-111.5171,40.8191],[-111.5165,40.8131],[-111.5134,40.8106],[-111.511,40.8104],[-111.5115,40.8083],[-111.5146,40.8058],[-111.5143,40.8017],[-111.5107,40.7995],[-111.5098,40.7956],[-111.5066,40.7931],[-111.5042,40.7856],[-111.5043,40.7805],[-111.5005,40.7771],[-111.5008,40.7744],[-111.4937,40.7751],[-111.4912,40.7742],[-111.4915,40.7726],[-111.4898,40.7709],[-111.4808,40.7709],[-111.4759,40.7672],[-111.4766,40.7639],[-111.4821,40.7597],[-111.4825,40.7547],[-111.4852,40.7524],[-111.487,40.7485],[-111.4838,40.7405],[-111.4843,40.7364],[-111.4895,40.7328],[-111.4911,40.7288],[-111.4899,40.7266],[-111.4919,40.7221],[-111.4969,40.719],[-111.4983,40.7138],[-111.5022,40.7094],[-111.5006,40.7082],[-111.4993,40.7044],[-111.4973,40.7033],[-111.4994,40.6986],[-111.4982,40.6884],[-111.5019,40.6844],[-111.5063,40.6828],[-111.5029,40.6804],[-111.5019,40.6719],[-111.4994,40.6694],[-111.5017,40.6679],[-111.5017,40.6651],[-111.506,40.6635],[-111.5071,40.6515],[-111.5047,40.6389],[-111.5064,40.6359],[-111.5098,40.6335],[-111.5131,40.6322],[-111.5185,40.6331],[-111.5217,40.6294],[-111.5291,40.6269],[-111.5325,40.6233],[-111.5329,40.621],[-111.5393,40.6166],[-111.5403,40.6133],[-111.5279,40.6119],[-111.525,40.6089],[-111.52,40.6095],[-111.5146,40.6073],[-111.513,40.6082],[-111.5095,40.606],[-111.5056,40.6055],[-111.502,40.6067],[-111.4964,40.6029],[-111.4889,40.6007],[-111.4853,40.6023],[-111.4852,40.6057],[-111.4822,40.6095],[-111.4866,40.6154],[-111.4868,40.6213],[-111.4808,40.6242],[-111.4773,40.6298],[-111.4736,40.6332],[-111.4708,40.6339],[-111.4752,40.6379],[-111.4735,40.6438],[-111.468,40.6461],[-111.4636,40.6448],[-111.4606,40.6532],[-111.4538,40.6544],[-111.4515,40.6525],[-111.4481,40.6547],[-111.4449,40.6595],[-111.4351,40.6609],[-111.4304,40.6651],[-111.4367,40.6758],[-111.436,40.678],[-111.4375,40.6849],[-111.4366,40.6859],[-111.4421,40.6855],[-111.4442,40.688],[-111.4495,40.6871],[-111.4505,40.6884],[-111.4501,40.6932],[-111.4464,40.7005],[-111.4489,40.7031],[-111.4484,40.7075],[-111.4509,40.7093],[-111.4495,40.7137],[-111.4504,40.7183],[-111.4479,40.7216],[-111.449,40.7226],[-111.4491,40.7268],[-111.4442,40.7333],[-111.442,40.7388],[-111.4442,40.7401],[-111.4444,40.7482],[-111.4418,40.7506],[-111.4413,40.7555],[-111.4447,40.758],[-111.4471,40.7627],[-111.446,40.7691],[-111.4434,40.7724],[-111.4436,40.7745],[-111.439,40.7766],[-111.4418,40.779],[-111.4399,40.7812],[-111.4455,40.7826],[-111.4443,40.7864],[-111.4413,40.7888],[-111.4418,40.7936],[-111.4359,40.799],[-111.4297,40.8],[-111.4245,40.8033],[-111.4191,40.7999],[-111.4106,40.8046],[-111.4099,40.8073],[-111.411,40.8083],[-111.4047,40.8095],[-111.3994,40.8159],[-111.4021,40.8157],[-111.4042,40.8129],[-111.4084,40.816],[-111.4129,40.8169],[-111.4124,40.819],[-111.4137,40.8198],[-111.4188,40.8198],[-111.4216,40.8177],[-111.4307,40.8245],[-111.4394,40.8268],[-111.4457,40.8268],[-111.448,40.8302],[-111.4579,40.8368],[-111.4735,40.8423],[-111.4818,40.8542],[-111.4845,40.8535]]]}},{"type":"Feature","properties":{"huc12":"160201010307","name":"Lower Chalk Creek"},"geometry":{"type":"Polygon","coordinates":[[[-111.2577,41.0072],[-111.2628,41.007],[-111.2699,41.0016],[-111.2737,41.0009],[-111.275,40.9983],[-111.2696,40.9951],[-111.2733,40.9937],[-111.2757,40.9905],[-111.2761,40.9875],[-111.2806,40.9857],[-111.2805,40.9846],[-111.2864,40.9829],[-111.2904,40.9782],[-111.2974,40.9764],[-111.2975,40.9744],[-111.3005,40.9712],[-111.3022,40.9715],[-111.3046,40.9691],[-111.3048,40.9649],[-111.3068,40.962],[-111.3156,40.9593],[-111.3175,40.9569],[-111.3224,40.9586],[-111.3301,40.9558],[-111.3329,40.9574],[-111.337,40.9562],[-111.3398,40.9572],[-111.3553,40.9529],[-111.3642,40.9445],[-111.374,40.9388],[-111.3785,40.9419],[-111.3821,40.941],[-111.391,40.9335],[-111.3909,40.9315],[-111.3962,40.925],[-111.4038,40.9199],[-111.3962,40.9162],[-111.3923,40.9106],[-111.3895,40.9088],[-111.3849,40.9089],[-111.383,40.9076],[-111.3786,40.9089],[-111.3731,40.9042],[-111.3686,40.9033],[-111.3558,40.9062],[-111.3512,40.9089],[-111.3461,40.9065],[-111.3459,40.9037],[-111.3422,40.9029],[-111.3377,40.8997],[-111.3341,40.8936],[-111.3321,40.8925],[-111.3272,40.8917],[-111.3217,40.8946],[-111.319,40.8918],[-111.312,40.892],[-111.31,40.8967],[-111.3066,40.9001],[-111.306,40.9052],[-111.3041,40.9048],[-111.3014,40.9072],[-111.2968,40.9081],[-111.2931,40.9069],[-111.2904,40.9088],[-111.2895,40.9138],[-111.2866,40.9184],[-111.2886,40.9199],[-111.2876,40.9216],[-111.2884,40.9234],[-111.2929,40.9267],[-111.2944,40.9301],[-111.2824,40.9318],[-111.2685,40.9315],[-111.2619,40.9332],[-111.259,40.937],[-111.2537,40.9379],[-111.2532,40.9396],[-111.2371,40.9426],[-111.2385,40.946],[-111.2358,40.9566],[-111.2381,40.9597],[-111.2383,40.9641],[-111.2439,40.966],[-111.2483,40.9659],[-111.2527,40.9694],[-111.2523,40.9733],[-111.2549,40.9763],[-111.2504,40.9818],[-111.2537,40.9932],[-111.2558,40.9956],[-111.2548,41],[-111.2577,41.0072]]]}},{"type":"Feature","properties":{"huc12":"160201010503","name":"Heiners Creek"},"geometry":{"type":"Polygon","coordinates":[[[-111.2296,41.1449],[-111.2326,41.143],[-111.241,41.142],[-111.2444,41.1451],[-111.2625,41.141],[-111.2649,41.1441],[-111.275,41.1425],[-111.2901,41.1432],[-111.2919,41.1426],[-111.294,41.1393],[-111.3001,41.1371],[-111.3017,41.1343],[-111.3095,41.1304],[-111.3139,41.1323],[-111.3158,41.1311],[-111.3188,41.1325],[-111.3237,41.1373],[-111.3324,41.1383],[-111.3355,41.1345],[-111.3406,41.1327],[-111.3448,41.129],[-111.3527,41.1304],[-111.3559,41.1288],[-111.3596,41.1293],[-111.3635,41.1281],[-111.3667,41.13],[-111.3687,41.1222],[-111.3677,41.1196],[-111.3704,41.1176],[-111.3702,41.1156],[-111.3754,41.1121],[-111.3757,41.1092],[-111.3779,41.1077],[-111.3771,41.1055],[-111.3785,41.1041],[-111.3783,41.0988],[-111.3817,41.0972],[-111.3804,41.0946],[-111.3816,41.0919],[-111.3799,41.0898],[-111.3808,41.087],[-111.3733,41.0831],[-111.3663,41.0719],[-111.3643,41.0713],[-111.365,41.0677],[-111.3671,41.0659],[-111.3651,41.0602],[-111.3656,41.0576],[-111.3636,41.0568],[-111.3609,41.052],[-111.3572,41.0486],[-111.3569,41.0463],[-111.3525,41.0425],[-111.3529,41.0408],[-111.3421,41.0337],[-111.3381,41.0333],[-111.3359,41.0309],[-111.3337,41.033],[-111.3338,41.0366],[-111.3304,41.0415],[-111.3208,41.047],[-111.3111,41.0545],[-111.3083,41.0587],[-111.3012,41.0599],[-111.3008,41.0657],[-111.2931,41.0747],[-111.2858,41.0775],[-111.2801,41.0835],[-111.2744,41.0865],[-111.2667,41.0879],[-111.2525,41.0949],[-111.247,41.0991],[-111.2483,41.1033],[-111.2512,41.1062],[-111.2433,41.1089],[-111.2386,41.1146],[-111.2349,41.1234],[-111.2332,41.1241],[-111.2372,41.1253],[-111.2368,41.1266],[-111.229,41.1317],[-111.228,41.1367],[-111.221,41.1407],[-111.2209,41.142],[-111.2296,41.1449]]]}},{"type":"Feature","properties":{"huc12":"160201020403","name":"Line Creek-Weber River"},"geometry":{"type":"Polygon","coordinates":[[[-111.6492,41.1288],[-111.6624,41.132],[-111.6669,41.1358],[-111.6706,41.1363],[-111.672,41.1319],[-111.6747,41.13],[-111.6758,41.1272],[-111.682,41.1236],[-111.6826,41.1168],[-111.6895,41.1131],[-111.6932,41.1135],[-111.7031,41.1111],[-111.7193,41.1036],[-111.7284,41.0909],[-111.747,41.087],[-111.7531,41.0777],[-111.7615,41.0732],[-111.767,41.0723],[-111.7672,41.0709],[-111.7705,41.0689],[-111.7725,41.0649],[-111.7821,41.0605],[-111.7869,41.0593],[-111.8036,41.0589],[-111.8116,41.0613],[-111.8254,41.0586],[-111.8368,41.0618],[-111.8392,41.0594],[-111.8443,41.0593],[-111.8441,41.0501],[-111.8388,41.0446],[-111.8394,41.0406],[-111.8347,41.0374],[-111.8369,41.0362],[-111.8395,41.031],[-111.8376,41.0257],[-111.8382,41.0229],[-111.8349,41.0205],[-111.8284,41.0205],[-111.8226,41.0143],[-111.8147,41.0192],[-111.8077,41.0214],[-111.799,41.0213],[-111.7995,41.0279],[-111.7907,41.0295],[-111.7841,41.0292],[-111.7809,41.0336],[-111.7777,41.0349],[-111.7682,41.036],[-111.764,41.0347],[-111.7582,41.0371],[-111.7533,41.0368],[-111.7446,41.0392],[-111.743,41.0438],[-111.7439,41.0458],[-111.7372,41.0528],[-111.7345,41.0539],[-111.733,41.0576],[-111.7287,41.06],[-111.7219,41.0594],[-111.7194,41.0533],[-111.7148,41.0501],[-111.7158,41.0542],[-111.7118,41.0571],[-111.6923,41.0544],[-111.689,41.0551],[-111.6843,41.0634],[-111.6737,41.0737],[-111.6659,41.0746],[-111.6639,41.0761],[-111.6634,41.0787],[-111.6544,41.0818],[-111.6516,41.0862],[-111.6432,41.0914],[-111.6431,41.0947],[-111.6461,41.0982],[-111.6403,41.1061],[-111.6442,41.1153],[-111.6461,41.1265],[-111.6492,41.1288]]]}},{"type":"Feature","properties":{"huc12":"160201020404","name":"Cottonwood Creek"},"geometry":{"type":"Polygon","coordinates":[[[-111.5598,41.2399],[-111.5841,41.2384],[-111.5902,41.2409],[-111.6027,41.2353],[-111.6046,41.2323],[-111.6095,41.229],[-111.6067,41.2238],[-111.6099,41.2131],[-111.6123,41.2093],[-111.6223,41.2062],[-111.6255,41.1997],[-111.6418,41.1985],[-111.6469,41.1921],[-111.6535,41.1897],[-111.6575,41.1858],[-111.6667,41.1875],[-111.6725,41.1853],[-111.6726,41.1835],[-111.6755,41.1835],[-111.678,41.1811],[-111.6816,41.182],[-111.6856,41.1807],[-111.7076,41.1838],[-111.7107,41.1858],[-111.7165,41.1867],[-111.7202,41.1896],[-111.7242,41.1871],[-111.7285,41.188],[-111.7405,41.1822],[-111.7428,41.183],[-111.7493,41.1819],[-111.7523,41.1789],[-111.7507,41.1758],[-111.76,41.1707],[-111.7692,41.1556],[-111.7816,41.1585],[-111.7832,41.1537],[-111.7957,41.1469],[-111.8027,41.1399],[-111.804,41.1369],[-111.7954,41.1387],[-111.7852,41.1391],[-111.7706,41.1378],[-111.765,41.1457],[-111.7606,41.143],[-111.7554,41.1439],[-111.7503,41.1414],[-111.7447,41.1432],[-111.7238,41.1428],[-111.7212,41.1449],[-111.7169,41.1458],[-111.7095,41.143],[-111.7069,41.1406],[-111.7042,41.1424],[-111.6989,41.1416],[-111.6911,41.1373],[-111.6835,41.1367],[-111.6767,41.1392],[-111.6728,41.1391],[-111.6707,41.1363],[-111.6669,41.1358],[-111.6627,41.1321],[-111.6486,41.1288],[-111.642,41.133],[-111.6374,41.1338],[-111.6339,41.1375],[-111.6308,41.1393],[-111.6276,41.1394],[-111.6237,41.1437],[-111.6175,41.1464],[-111.613,41.1454],[-111.6039,41.1488],[-111.5976,41.1464],[-111.5954,41.1493],[-111.5906,41.152],[-111.59,41.1559],[-111.5826,41.1595],[-111.5819,41.1637],[-111.579,41.1671],[-111.5739,41.1685],[-111.5689,41.1716],[-111.5671,41.1743],[-111.5634,41.1758],[-111.5606,41.1805],[-111.5639,41.186],[-111.5607,41.1914],[-111.5579,41.1923],[-111.5563,41.1958],[-111.551,41.198],[-111.5493,41.2008],[-111.5495,41.2041],[-111.5461,41.2077],[-111.5466,41.2116],[-111.5438,41.2131],[-111.5468,41.2208],[-111.5402,41.2223],[-111.5341,41.2299],[-111.5293,41.2299],[-111.5306,41.2331],[-111.536,41.2363],[-111.5546,41.2379],[-111.5598,41.2399]]]}},{"type":"Feature","properties":{"huc12":"160201020405","name":"Dalton Creek-Weber River"},"geometry":{"type":"Polygon","coordinates":[[[-111.6706,41.1363],[-111.6728,41.1391],[-111.6762,41.1393],[-111.6835,41.1367],[-111.6911,41.1373],[-111.6989,41.1416],[-111.7042,41.1424],[-111.7069,41.1406],[-111.7095,41.143],[-111.7175,41.1458],[-111.7238,41.1428],[-111.7447,41.1432],[-111.7503,41.1414],[-111.7554,41.1439],[-111.7606,41.143],[-111.765,41.1457],[-111.7706,41.1378],[-111.7852,41.1391],[-111.8034,41.1371],[-111.8072,41.128],[-111.8166,41.1184],[-111.817,41.1118],[-111.8232,41.1037],[-111.8297,41.1012],[-111.8333,41.103],[-111.8438,41.1041],[-111.8484,41.1023],[-111.85,41.0985],[-111.8543,41.0944],[-111.8543,41.0907],[-111.8509,41.0881],[-111.852,41.0825],[-111.8483,41.0757],[-111.852,41.0679],[-111.8516,41.0664],[-111.8486,41.0621],[-111.8443,41.0593],[-111.8392,41.0594],[-111.8368,41.0618],[-111.8254,41.0586],[-111.8116,41.0613],[-111.8036,41.0589],[-111.7869,41.0593],[-111.7821,41.0605],[-111.7725,41.0649],[-111.7705,41.0689],[-111.7672,41.0709],[-111.767,41.0723],[-111.7615,41.0732],[-111.7531,41.0777],[-111.747,41.087],[-111.7284,41.0909],[-111.7193,41.1036],[-111.7031,41.1111],[-111.6932,41.1135],[-111.6895,41.1131],[-111.6826,41.1168],[-111.682,41.1236],[-111.6758,41.1272],[-111.6747,41.13],[-111.672,41.1319],[-111.6706,41.1363]]]}},{"type":"Feature","properties":{"huc12":"160201020503","name":"Holmes Creek-Frontal Farmington Bay"},"geometry":{"type":"Polygon","coordinates":[[[-111.8443,41.0593],[-111.8486,41.0621],[-111.8516,41.0664],[-111.852,41.0679],[-111.8483,41.0757],[-111.8519,41.0823],[-111.8647,41.0794],[-111.8707,41.0765],[-111.8775,41.0766],[-111.8834,41.0747],[-111.8874,41.0752],[-111.8902,41.0734],[-111.9068,41.0759],[-111.9161,41.0759],[-111.9198,41.0702],[-111.9267,41.0688],[-111.9331,41.0656],[-111.9387,41.0614],[-111.9549,41.0528],[-111.9634,41.0462],[-111.9916,41.0176],[-111.9966,41.014],[-112.0097,40.9958],[-112.0138,40.9861],[-112.0025,40.9841],[-111.9994,40.9848],[-111.9946,40.9867],[-111.9906,40.9915],[-111.9836,40.994],[-111.9765,40.9928],[-111.9744,40.9869],[-111.9727,40.986],[-111.9692,40.9868],[-111.9665,40.9917],[-111.9633,40.9887],[-111.9584,40.9895],[-111.9559,40.9913],[-111.9561,40.9898],[-111.952,40.9901],[-111.9508,40.9893],[-111.9516,40.9877],[-111.949,40.9882],[-111.9454,40.9852],[-111.94,40.9724],[-111.9304,40.9775],[-111.929,40.9795],[-111.9299,40.9808],[-111.9283,40.9817],[-111.9168,40.9814],[-111.9121,40.9831],[-111.9052,40.9871],[-111.8959,40.9902],[-111.8896,40.9969],[-111.8841,40.9986],[-111.8808,41.0022],[-111.8789,41.0085],[-111.8719,41.0097],[-111.8672,41.0126],[-111.853,41.0162],[-111.8387,41.0226],[-111.8376,41.0256],[-111.8395,41.031],[-111.8369,41.0362],[-111.8347,41.0374],[-111.8394,41.0406],[-111.8388,41.0446],[-111.8441,41.0501],[-111.8443,41.0593]]]}},{"type":"Feature","properties":{"huc12":"160201020504","name":"Kays Creek-Frontal Farmington Bay"},"geometry":{"type":"Polygon","coordinates":[[[-111.9554,41.1208],[-111.9614,41.1195],[-111.9676,41.1229],[-111.9813,41.1123],[-111.991,41.1084],[-111.9957,41.1035],[-111.9994,41.0947],[-112.0097,41.0817],[-112.0104,41.0789],[-112.0124,41.0779],[-112.0162,41.0712],[-112.0195,41.0706],[-112.0315,41.0596],[-112.04,41.047],[-112.0527,41.0344],[-112.073,41.0239],[-112.0657,41.0218],[-112.0612,41.0164],[-112.0562,41.008],[-112.0579,41.0078],[-112.0576,41.0064],[-112.0485,40.9916],[-112.0438,40.9894],[-112.0346,40.9877],[-112.0138,40.9861],[-112.0097,40.9958],[-111.9966,41.014],[-111.9916,41.0176],[-111.9634,41.0462],[-111.9549,41.0528],[-111.9387,41.0614],[-111.9331,41.0656],[-111.9267,41.0688],[-111.9198,41.0702],[-111.9161,41.0759],[-111.9068,41.0759],[-111.8902,41.0734],[-111.8874,41.0752],[-111.8834,41.0747],[-111.8775,41.0766],[-111.8707,41.0765],[-111.8647,41.0794],[-111.8519,41.0823],[-111.8509,41.0881],[-111.8551,41.0925],[-111.8515,41.0975],[-111.8547,41.0995],[-111.8564,41.1034],[-111.8544,41.109],[-111.8581,41.1086],[-111.8721,41.1132],[-111.8902,41.1137],[-111.9016,41.1087],[-111.9089,41.1084],[-111.9159,41.1142],[-111.9244,41.1125],[-111.9292,41.1095],[-111.9336,41.1108],[-111.9384,41.1147],[-111.9389,41.1164],[-111.9364,41.117],[-111.9366,41.1188],[-111.9393,41.1186],[-111.9444,41.1214],[-111.9554,41.1208]]]}},{"type":"Feature","properties":{"huc12":"160201020506","name":"Howard Slough-Frontal Farmington Bay"},"geometry":{"type":"Polygon","coordinates":[[[-112.0228,41.1714],[-112.0278,41.1762],[-112.0326,41.1773],[-112.048,41.1762],[-112.0726,41.1792],[-112.0784,41.1782],[-112.081,41.1758],[-112.0915,41.1732],[-112.099,41.1667],[-112.1076,41.1641],[-112.1237,41.1645],[-112.131,41.1673],[-112.1334,41.1643],[-112.1364,41.1635],[-112.1474,41.1655],[-112.1623,41.1655],[-112.1672,41.1709],[-112.1802,41.1712],[-112.187,41.1684],[-112.1906,41.1628],[-112.1898,41.1597],[-112.1918,41.1559],[-112.1875,41.148],[-112.185,41.1387],[-112.1811,41.1332],[-112.1758,41.1301],[-112.1679,41.1226],[-112.1652,41.1212],[-112.1628,41.1219],[-112.1609,41.1203],[-112.1613,41.1193],[-112.1589,41.1192],[-112.1578,41.1175],[-112.1544,41.1182],[-112.1549,41.1166],[-112.1516,41.1143],[-112.1491,41.1161],[-112.1499,41.1142],[-112.1413,41.1108],[-112.1343,41.1149],[-112.1073,41.1194],[-112.0862,41.1252],[-112.0711,41.1253],[-112.0674,41.128],[-112.0605,41.1283],[-112.0295,41.1276],[-111.9844,41.137],[-111.998,41.1384],[-112.0068,41.1421],[-112.0075,41.1435],[-112.0061,41.1461],[-112.0088,41.1491],[-112.0146,41.1524],[-112.0148,41.1573],[-112.0164,41.1587],[-112.0173,41.1626],[-112.0215,41.1646],[-112.0228,41.1714]]]}},{"type":"Feature","properties":{"huc12":"160202010302","name":"White Lake-Frontal Utah Lake"},"geometry":{"type":"Polygon","coordinates":[[[-111.8063,40.1458],[-111.8252,40.1395],[-111.8315,40.1346],[-111.8392,40.1316],[-111.8425,40.1278],[-111.8465,40.118],[-111.8526,40.1136],[-111.8542,40.11],[-111.8532,40.1043],[-111.8545,40.1009],[-111.8633,40.0858],[-111.8675,40.0844],[-111.8703,40.0795],[-111.8609,40.0771],[-111.8572,40.0746],[-111.8568,40.0715],[-111.8617,40.0651],[-111.8623,40.0607],[-111.8671,40.058],[-111.8687,40.0538],[-111.8748,40.0491],[-111.8758,40.046],[-111.88,40.0412],[-111.8768,40.0395],[-111.8758,40.0352],[-111.8783,40.033],[-111.8784,40.0308],[-111.883,40.0266],[-111.8806,40.0243],[-111.8832,40.0259],[-111.8927,40.0225],[-111.8976,40.0228],[-111.9059,40.021],[-111.9071,40.0198],[-111.9058,40.0158],[-111.908,40.0125],[-111.9127,40.0113],[-111.9121,40.0151],[-111.9137,40.0128],[-111.9138,40.0098],[-111.9096,40.0058],[-111.9066,40.0004],[-111.9086,39.9921],[-111.9083,39.9853],[-111.9041,39.9814],[-111.8972,39.9694],[-111.901,39.9517],[-111.9046,39.9445],[-111.9102,39.939],[-111.9086,39.9371],[-111.9037,39.9353],[-111.9027,39.9329],[-111.8962,39.9321],[-111.892,39.9294],[-111.8891,39.9196],[-111.8863,39.9163],[-111.8869,39.913],[-111.8792,39.9064],[-111.8733,39.9072],[-111.8663,39.9059],[-111.8629,39.9092],[-111.8584,39.9104],[-111.8589,39.9151],[-111.8564,39.9145],[-111.8509,39.9161],[-111.8461,39.919],[-111.8447,39.922],[-111.8409,39.9238],[-111.8386,39.923],[-111.8335,39.9241],[-111.8318,39.93],[-111.8327,39.9364],[-111.8301,39.9415],[-111.8331,39.9417],[-111.8296,39.9485],[-111.8301,39.9521],[-111.8284,39.9575],[-111.8296,39.9625],[-111.8339,39.9641],[-111.8403,39.9737],[-111.8435,39.9752],[-111.8472,39.9795],[-111.8557,39.9801],[-111.8652,39.9774],[-111.8589,39.9808],[-111.8412,39.9829],[-111.8219,39.9909],[-111.8113,39.9923],[-111.809,39.9954],[-111.8107,40.0004],[-111.8075,40.0061],[-111.8032,40.0087],[-111.8042,40.0101],[-111.803,40.0129],[-111.8075,40.0152],[-111.8101,40.0208],[-111.8096,40.0243],[-111.8078,40.0265],[-111.8111,40.0285],[-111.8181,40.0279],[-111.8177,40.03],[-111.8201,40.0328],[-111.8231,40.0353],[-111.8263,40.036],[-111.8255,40.0386],[-111.8294,40.0413],[-111.828,40.0454],[-111.8307,40.0491],[-111.8297,40.0593],[-111.8275,40.0603],[-111.8283,40.0665],[-111.8261,40.07],[-111.8255,40.0757],[-111.8292,40.0777],[-111.8266,40.0814],[-111.8231,40.083],[-111.8239,40.0859],[-111.822,40.0888],[-111.8219,40.0935],[-111.8223,40.0949],[-111.8244,40.0952],[-111.8199,40.1057],[-111.8191,40.1127],[-111.8172,40.1148],[-111.8164,40.1232],[-111.8121,40.1295],[-111.8133,40.1331],[-111.808,40.1398],[-111.8063,40.1458]]]}},{"type":"Feature","properties":{"huc12":"160202010803","name":"Lower American Fork-Frontal Utah Lake"},"geometry":{"type":"Polygon","coordinates":[[[-111.7475,40.4367],[-111.7504,40.4371],[-111.7559,40.4347],[-111.7613,40.4367],[-111.7686,40.4314],[-111.7841,40.4239],[-111.7849,40.4196],[-111.7902,40.4099],[-111.7874,40.4024],[-111.7873,40.3913],[-111.7884,40.3884],[-111.7927,40.3856],[-111.7989,40.3779],[-111.8015,40.3704],[-111.7999,40.3648],[-111.8001,40.3584],[-111.8016,40.3511],[-111.8049,40.3459],[-111.8019,40.3424],[-111.8,40.3433],[-111.7994,40.3424],[-111.7988,40.3456],[-111.7953,40.344],[-111.7961,40.3423],[-111.7931,40.3411],[-111.7948,40.3431],[-111.7836,40.3402],[-111.7818,40.3422],[-111.7808,40.3394],[-111.7789,40.34],[-111.7778,40.3381],[-111.7776,40.3394],[-111.777,40.3372],[-111.7839,40.3381],[-111.7761,40.3365],[-111.7756,40.3374],[-111.773,40.3373],[-111.7693,40.3347],[-111.7754,40.3364],[-111.7654,40.3332],[-111.7633,40.3307],[-111.7636,40.3261],[-111.7525,40.3251],[-111.7395,40.3258],[-111.7295,40.323],[-111.7188,40.3252],[-111.6993,40.3232],[-111.6905,40.3247],[-111.6847,40.3289],[-111.6821,40.3342],[-111.6772,40.3391],[-111.678,40.3413],[-111.677,40.3471],[-111.6744,40.3507],[-111.6754,40.3524],[-111.6737,40.3536],[-111.6739,40.3575],[-111.667,40.3631],[-111.6668,40.3658],[-111.6527,40.3737],[-111.6473,40.3838],[-111.6439,40.3862],[-111.6449,40.3897],[-111.6467,40.392],[-111.6526,40.3936],[-111.6555,40.3971],[-111.6601,40.4074],[-111.6655,40.4116],[-111.6675,40.4158],[-111.6712,40.4184],[-111.6761,40.4179],[-111.6825,40.4192],[-111.6878,40.4208],[-111.6892,40.4226],[-111.6916,40.4212],[-111.6957,40.4224],[-111.71,40.4198],[-111.7162,40.4247],[-111.7199,40.4261],[-111.7551,40.4314],[-111.7475,40.4367]]]}},{"type":"Feature","properties":{"huc12":"160202020604","name":"Benjamin Slough-Frontal Utah Lake"},"geometry":{"type":"Polygon","coordinates":[[[-111.6952,40.103],[-111.6995,40.1085],[-111.7142,40.135],[-111.7405,40.1648],[-111.7483,40.1663],[-111.7459,40.1643],[-111.7436,40.1647],[-111.7443,40.1621],[-111.7422,40.16],[-111.7391,40.1513],[-111.7408,40.1468],[-111.7512,40.1422],[-111.7497,40.1378],[-111.752,40.1422],[-111.7681,40.138],[-111.7751,40.138],[-111.7905,40.1345],[-111.7928,40.1286],[-111.797,40.1286],[-111.7998,40.1341],[-111.8026,40.1347],[-111.8027,40.1373],[-111.8005,40.1369],[-111.8023,40.1383],[-111.8015,40.1403],[-111.8036,40.1442],[-111.8063,40.1458],[-111.808,40.1398],[-111.8133,40.1331],[-111.8121,40.1295],[-111.8164,40.1232],[-111.8172,40.1148],[-111.8191,40.1127],[-111.8199,40.1057],[-111.8244,40.0952],[-111.8223,40.0949],[-111.8219,40.0935],[-111.822,40.0888],[-111.8239,40.0859],[-111.8231,40.083],[-111.8266,40.0814],[-111.8292,40.0777],[-111.8255,40.0757],[-111.8261,40.07],[-111.8283,40.0665],[-111.8275,40.0603],[-111.8299,40.058],[-111.8307,40.0486],[-111.828,40.0454],[-111.8294,40.0413],[-111.8255,40.0386],[-111.8263,40.036],[-111.8231,40.0353],[-111.8201,40.0328],[-111.8177,40.03],[-111.8181,40.0279],[-111.8111,40.0285],[-111.8078,40.0264],[-111.8096,40.0243],[-111.8101,40.0208],[-111.8075,40.0152],[-111.8029,40.0123],[-111.8042,40.0101],[-111.8036,40.008],[-111.8075,40.0061],[-111.8107,40.0004],[-111.809,39.9954],[-111.8103,39.9926],[-111.8043,39.9897],[-111.8021,39.9842],[-111.7911,39.9724],[-111.7854,39.9687],[-111.7875,39.9726],[-111.7887,39.9805],[-111.787,39.9922],[-111.7877,40.001],[-111.7857,40.008],[-111.7823,40.0409],[-111.7801,40.0489],[-111.7789,40.0709],[-111.7734,40.0849],[-111.765,40.0823],[-111.7457,40.0821],[-111.7346,40.0861],[-111.7222,40.0952],[-111.6952,40.103]]]}},{"type":"Feature","properties":{"huc12":"160202011001","name":"Headwaters Dry Creek"},"geometry":{"type":"Polygon","coordinates":[[[-111.6847,40.5313],[-111.6982,40.5357],[-111.7013,40.5337],[-111.7131,40.5327],[-111.7164,40.5276],[-111.7204,40.5252],[-111.7272,40.5294],[-111.7325,40.5304],[-111.7351,40.5327],[-111.7398,40.5241],[-111.7438,40.5226],[-111.7521,40.5248],[-111.7579,40.5285],[-111.7627,40.5292],[-111.7698,40.5225],[-111.7784,40.5201],[-111.7813,40.5186],[-111.7812,40.5171],[-111.7835,40.5149],[-111.788,40.5136],[-111.7916,40.5052],[-111.7891,40.5016],[-111.7894,40.4979],[-111.8022,40.4938],[-111.8092,40.4885],[-111.8161,40.4891],[-111.8237,40.4848],[-111.8312,40.4841],[-111.8326,40.4827],[-111.8328,40.4761],[-111.8341,40.475],[-111.8397,40.4745],[-111.8464,40.4769],[-111.8509,40.4756],[-111.8516,40.4737],[-111.8504,40.4717],[-111.8551,40.4697],[-111.8548,40.4676],[-111.8578,40.4654],[-111.8534,40.4634],[-111.849,40.458],[-111.8446,40.4576],[-111.842,40.456],[-111.8397,40.452],[-111.831,40.4489],[-111.825,40.4404],[-111.8248,40.4363],[-111.8225,40.431],[-111.8232,40.4287],[-111.8207,40.4271],[-111.8098,40.4318],[-111.8007,40.4299],[-111.7818,40.4326],[-111.768,40.4327],[-111.7608,40.4367],[-111.7559,40.4347],[-111.7504,40.4371],[-111.7475,40.4367],[-111.7438,40.4401],[-111.7363,40.4438],[-111.7346,40.4466],[-111.7285,40.4474],[-111.7242,40.4504],[-111.723,40.4567],[-111.7182,40.4649],[-111.7107,40.4676],[-111.7098,40.4697],[-111.7065,40.4713],[-111.6956,40.4725],[-111.692,40.4767],[-111.6952,40.4792],[-111.6951,40.4812],[-111.6977,40.4847],[-111.6952,40.4914],[-111.6971,40.4963],[-111.6952,40.4984],[-111.6954,40.5027],[-111.6937,40.5053],[-111.6896,40.5097],[-111.6832,40.5134],[-111.6848,40.5195],[-111.6841,40.525],[-111.6862,40.5266],[-111.6847,40.5313]]]}},{"type":"Feature","properties":{"huc12":"160202020303","name":"Fifth Water Creek"},"geometry":{"type":"Polygon","coordinates":[[[-111.2307,40.1498],[-111.239,40.1502],[-111.2451,40.1519],[-111.2478,40.1513],[-111.2534,40.1459],[-111.257,40.1452],[-111.2632,40.1464],[-111.2717,40.1427],[-111.2729,40.1384],[-111.2723,40.135],[-111.2742,40.1342],[-111.2765,40.1301],[-111.2846,40.1246],[-111.2939,40.1216],[-111.2949,40.118],[-111.2988,40.1159],[-111.2994,40.1103],[-111.3037,40.107],[-111.3053,40.1031],[-111.3117,40.0968],[-111.3156,40.0974],[-111.3215,40.0938],[-111.3257,40.0931],[-111.3335,40.0865],[-111.3387,40.0853],[-111.3418,40.0885],[-111.3482,40.085],[-111.3559,40.0839],[-111.3532,40.0807],[-111.3482,40.0781],[-111.3452,40.0784],[-111.3392,40.0748],[-111.3309,40.0727],[-111.323,40.0724],[-111.3123,40.0657],[-111.3082,40.0664],[-111.3039,40.0699],[-111.3004,40.0675],[-111.2945,40.0687],[-111.2922,40.0706],[-111.2829,40.0711],[-111.2801,40.0696],[-111.2759,40.0717],[-111.2688,40.0712],[-111.2637,40.0737],[-111.2609,40.0717],[-111.2552,40.0706],[-111.2417,40.073],[-111.2381,40.0801],[-111.2425,40.0859],[-111.2416,40.0917],[-111.2372,40.0948],[-111.2353,40.0982],[-111.2345,40.1016],[-111.2355,40.1039],[-111.2298,40.107],[-111.2258,40.1195],[-111.2232,40.1211],[-111.2233,40.1234],[-111.2215,40.1247],[-111.2241,40.1333],[-111.2236,40.1385],[-111.2254,40.141],[-111.2249,40.1428],[-111.2266,40.1451],[-111.2312,40.1476],[-111.2307,40.1498]]]}},{"type":"Feature","properties":{"huc12":"160202030204","name":"Charcoal Canyon-Provo River"},"geometry":{"type":"Polygon","coordinates":[[[-111.2692,40.6089],[-111.2773,40.6139],[-111.2874,40.6153],[-111.3034,40.6232],[-111.3113,40.6211],[-111.3174,40.6172],[-111.325,40.6201],[-111.3266,40.623],[-111.334,40.6227],[-111.3415,40.6241],[-111.3438,40.6234],[-111.3457,40.625],[-111.3498,40.6249],[-111.3552,40.6269],[-111.3579,40.6298],[-111.3644,40.631],[-111.3682,40.629],[-111.3711,40.6299],[-111.3761,40.6292],[-111.3794,40.6231],[-111.3789,40.6215],[-111.3808,40.6193],[-111.3833,40.6208],[-111.387,40.6209],[-111.3886,40.6226],[-111.393,40.6215],[-111.3987,40.6121],[-111.4059,40.6098],[-111.406,40.6083],[-111.4099,40.6062],[-111.4154,40.5999],[-111.415,40.5922],[-111.4176,40.5892],[-111.4043,40.5784],[-111.4016,40.5744],[-111.392,40.5709],[-111.3872,40.5762],[-111.3834,40.5766],[-111.3819,40.5796],[-111.3762,40.5804],[-111.3728,40.5796],[-111.3729,40.5816],[-111.3649,40.5868],[-111.35,40.5827],[-111.3421,40.5824],[-111.3383,40.5799],[-111.3346,40.5809],[-111.3284,40.5782],[-111.3202,40.578],[-111.3193,40.5829],[-111.3177,40.584],[-111.3157,40.5845],[-111.3121,40.5829],[-111.3085,40.5856],[-111.2973,40.5875],[-111.2955,40.5945],[-111.3006,40.5994],[-111.3012,40.6019],[-111.2931,40.6069],[-111.2893,40.6114],[-111.2692,40.6089]]]}},{"type":"Feature","properties":{"huc12":"160202030305","name":"Snake Creek"},"geometry":{"type":"Polygon","coordinates":[[[-111.4879,40.6008],[-111.4964,40.6029],[-111.502,40.6067],[-111.5056,40.6055],[-111.5095,40.606],[-111.513,40.6082],[-111.5146,40.6073],[-111.52,40.6095],[-111.525,40.6089],[-111.5279,40.6119],[-111.5403,40.6133],[-111.5465,40.61],[-111.5543,40.6083],[-111.5593,40.6016],[-111.5585,40.5999],[-111.561,40.5935],[-111.5599,40.5908],[-111.5641,40.5849],[-111.5683,40.5843],[-111.572,40.5822],[-111.5777,40.5835],[-111.5834,40.5811],[-111.5878,40.5813],[-111.5908,40.5802],[-111.5937,40.5771],[-111.5911,40.5722],[-111.5816,40.5664],[-111.5755,40.5547],[-111.5702,40.5508],[-111.5682,40.5478],[-111.5614,40.547],[-111.5571,40.5435],[-111.545,40.5385],[-111.5435,40.532],[-111.5391,40.529],[-111.5398,40.5251],[-111.5356,40.5218],[-111.5367,40.5185],[-111.5323,40.5156],[-111.5314,40.5124],[-111.5264,40.5079],[-111.5165,40.5079],[-111.5078,40.5041],[-111.4988,40.5032],[-111.4917,40.4972],[-111.4768,40.4916],[-111.4727,40.4873],[-111.4713,40.4803],[-111.4663,40.4841],[-111.4637,40.494],[-111.4592,40.4974],[-111.4671,40.4993],[-111.4702,40.5013],[-111.4736,40.5077],[-111.4743,40.5143],[-111.4757,40.5165],[-111.4754,40.5205],[-111.4818,40.5302],[-111.4823,40.5353],[-111.4804,40.5413],[-111.4814,40.5449],[-111.476,40.5476],[-111.478,40.5501],[-111.4796,40.5556],[-111.4755,40.5606],[-111.4754,40.5631],[-111.4771,40.5687],[-111.4764,40.5733],[-111.4791,40.5788],[-111.4831,40.5801],[-111.4863,40.5851],[-111.4937,40.5869],[-111.4905,40.5974],[-111.4879,40.6008]]]}},{"type":"Feature","properties":{"huc12":"160202040105","name":"Corner Canyon-Jordan River"},"geometry":{"type":"Polygon","coordinates":[[[-111.7878,40.5137],[-111.7959,40.5104],[-111.8075,40.5088],[-111.8102,40.5106],[-111.8144,40.5113],[-111.8184,40.508],[-111.8358,40.5039],[-111.845,40.5053],[-111.8512,40.5078],[-111.8797,40.511],[-111.8863,40.5163],[-111.8916,40.5191],[-111.8999,40.5213],[-111.9063,40.5256],[-111.912,40.5472],[-111.9154,40.5484],[-111.9226,40.5483],[-111.9247,40.5467],[-111.9253,40.5354],[-111.9271,40.5314],[-111.9411,40.5324],[-111.9539,40.5283],[-111.9591,40.5254],[-111.9668,40.5242],[-111.9438,40.5266],[-111.9321,40.5231],[-111.9216,40.5223],[-111.9258,40.5193],[-111.9295,40.5108],[-111.95,40.5079],[-111.9676,40.5072],[-111.9549,40.5024],[-111.9466,40.5004],[-111.9412,40.5014],[-111.9381,40.5],[-111.935,40.496],[-111.9306,40.4929],[-111.9321,40.4894],[-111.9317,40.4869],[-111.9275,40.4852],[-111.9233,40.4794],[-111.9137,40.4739],[-111.9041,40.4656],[-111.8986,40.4635],[-111.8923,40.4641],[-111.8848,40.4709],[-111.8735,40.4769],[-111.8706,40.4767],[-111.8684,40.4726],[-111.8653,40.4701],[-111.8557,40.4669],[-111.8551,40.4697],[-111.8504,40.4717],[-111.8516,40.4737],[-111.8509,40.4756],[-111.8464,40.4769],[-111.8397,40.4745],[-111.8341,40.475],[-111.8328,40.4761],[-111.8326,40.4827],[-111.8312,40.4841],[-111.8237,40.4848],[-111.8161,40.4891],[-111.8092,40.4885],[-111.8022,40.4938],[-111.7894,40.4979],[-111.7891,40.5016],[-111.7916,40.5055],[-111.7878,40.5137]]]}},{"type":"Feature","properties":{"huc12":"160202040106","name":"Bingham Creek"},"geometry":{"type":"Polygon","coordinates":[[[-111.9495,40.6119],[-111.9579,40.6124],[-111.9684,40.6098],[-111.9722,40.604],[-111.9733,40.5996],[-111.9751,40.5981],[-111.9834,40.5973],[-112.0024,40.5889],[-112.0204,40.5856],[-112.0245,40.5827],[-112.0366,40.5826],[-112.0454,40.5808],[-112.0603,40.5731],[-112.073,40.5688],[-112.092,40.5673],[-112.0966,40.5729],[-112.1071,40.5746],[-112.1099,40.5769],[-112.12,40.5753],[-112.1282,40.5768],[-112.132,40.5753],[-112.1362,40.5756],[-112.1403,40.5734],[-112.1433,40.5776],[-112.147,40.5784],[-112.1472,40.5839],[-112.1485,40.5847],[-112.159,40.5869],[-112.1646,40.5851],[-112.1688,40.586],[-112.175,40.5853],[-112.1814,40.5805],[-112.1805,40.5773],[-112.1835,40.5734],[-112.182,40.5708],[-112.1829,40.5623],[-112.1782,40.5561],[-112.1799,40.5486],[-112.1793,40.5463],[-112.1824,40.543],[-112.1829,40.5391],[-112.1792,40.5315],[-112.1788,40.5218],[-112.1853,40.5175],[-112.1876,40.5137],[-112.1805,40.5028],[-112.1759,40.5],[-112.1673,40.5008],[-112.1636,40.4993],[-112.1546,40.5011],[-112.1524,40.5002],[-112.1447,40.5013],[-112.1396,40.5001],[-112.1357,40.5051],[-112.1364,40.5083],[-112.1348,40.5095],[-112.1367,40.5123],[-112.1344,40.5173],[-112.1378,40.5207],[-112.1366,40.5244],[-112.1387,40.5274],[-112.1375,40.5313],[-112.1384,40.5341],[-112.1358,40.5368],[-112.1371,40.5405],[-112.1331,40.5436],[-112.1328,40.5458],[-112.1292,40.5502],[-112.1192,40.5576],[-112.1115,40.5562],[-112.103,40.5594],[-112.0974,40.5571],[-112.0938,40.5577],[-112.0879,40.5559],[-112.0706,40.5578],[-112.0579,40.555],[-112.0533,40.5557],[-112.0428,40.5541],[-112.0387,40.5569],[-112.0284,40.5572],[-112.0147,40.5654],[-111.9983,40.5674],[-111.9781,40.5735],[-111.9581,40.577],[-111.9498,40.5803],[-111.9396,40.5825],[-111.9253,40.5883],[-111.9245,40.5963],[-111.9269,40.6042],[-111.9253,40.6062],[-111.9206,40.6073],[-111.926,40.6083],[-111.9285,40.6107],[-111.9495,40.6119]]]}},{"type":"Feature","properties":{"huc12":"160202040204","name":"Outlet Little Cottonwood Creek"},"geometry":{"type":"Polygon","coordinates":[[[-111.8919,40.6678],[-111.9002,40.6683],[-111.9083,40.6661],[-111.8985,40.6617],[-111.8972,40.6533],[-111.8955,40.6508],[-111.8889,40.6491],[-111.8786,40.6435],[-111.8746,40.6381],[-111.8735,40.6323],[-111.8667,40.6276],[-111.8615,40.6206],[-111.8589,40.6191],[-111.8584,40.6148],[-111.8541,40.6117],[-111.8527,40.6085],[-111.8483,40.6065],[-111.8463,40.6009],[-111.836,40.5944],[-111.8356,40.5913],[-111.8338,40.5896],[-111.8085,40.5866],[-111.8029,40.5837],[-111.7996,40.5769],[-111.7985,40.5795],[-111.7938,40.5809],[-111.7845,40.5814],[-111.7806,40.58],[-111.7733,40.582],[-111.7664,40.5801],[-111.7546,40.5813],[-111.7487,40.5832],[-111.7468,40.5859],[-111.736,40.5855],[-111.7296,40.5872],[-111.7232,40.5934],[-111.7208,40.5938],[-111.7239,40.5999],[-111.7302,40.6019],[-111.7608,40.6011],[-111.7656,40.6038],[-111.7745,40.6054],[-111.7777,40.6095],[-111.7826,40.6103],[-111.7876,40.6129],[-111.7922,40.6131],[-111.793,40.6099],[-111.7947,40.6086],[-111.806,40.6078],[-111.8175,40.609],[-111.8204,40.6108],[-111.829,40.6127],[-111.8321,40.6149],[-111.8355,40.6147],[-111.838,40.6171],[-111.847,40.6167],[-111.8553,40.6239],[-111.8578,40.6302],[-111.8609,40.634],[-111.8598,40.6367],[-111.8621,40.6424],[-111.8706,40.6469],[-111.8714,40.6545],[-111.8749,40.6578],[-111.875,40.6594],[-111.8919,40.6678]]]}},{"type":"Feature","properties":{"huc12":"160202040205","name":"Outlet Big Cottonwood Creek"},"geometry":{"type":"Polygon","coordinates":[[[-111.7789,40.6868],[-111.7829,40.6849],[-111.7917,40.6865],[-111.8158,40.6827],[-111.8226,40.6802],[-111.8287,40.6758],[-111.8345,40.6742],[-111.839,40.6785],[-111.8552,40.6812],[-111.8624,40.6876],[-111.8728,40.6875],[-111.8799,40.6849],[-111.8961,40.6871],[-111.9059,40.6841],[-111.9075,40.681],[-111.9122,40.6804],[-111.9086,40.6777],[-111.9072,40.6787],[-111.8985,40.6765],[-111.8973,40.6744],[-111.8939,40.6727],[-111.8919,40.6678],[-111.875,40.6594],[-111.8749,40.6578],[-111.8714,40.6545],[-111.8706,40.6469],[-111.8621,40.6424],[-111.8598,40.6367],[-111.8609,40.634],[-111.8578,40.6302],[-111.8553,40.6239],[-111.847,40.6167],[-111.838,40.6171],[-111.8355,40.6147],[-111.8321,40.6149],[-111.829,40.6127],[-111.8204,40.6108],[-111.8175,40.609],[-111.806,40.6078],[-111.7947,40.6086],[-111.793,40.6099],[-111.7922,40.6131],[-111.7876,40.6129],[-111.7826,40.6103],[-111.7777,40.6095],[-111.7745,40.6054],[-111.7656,40.6038],[-111.7608,40.6011],[-111.7478,40.6019],[-111.7394,40.601],[-111.733,40.6023],[-111.7416,40.6088],[-111.7461,40.608],[-111.7565,40.6096],[-111.7608,40.6123],[-111.7664,40.6112],[-111.7796,40.615],[-111.7794,40.6165],[-111.7821,40.6182],[-111.7749,40.6255],[-111.7746,40.6307],[-111.7728,40.6329],[-111.7591,40.6376],[-111.7602,40.6409],[-111.7551,40.6495],[-111.7511,40.6506],[-111.7506,40.6523],[-111.7449,40.6545],[-111.7376,40.6597],[-111.7306,40.6601],[-111.7261,40.6641],[-111.7227,40.6649],[-111.7227,40.666],[-111.7314,40.6729],[-111.74,40.6768],[-111.7551,40.6808],[-111.7617,40.6806],[-111.7691,40.6841],[-111.7789,40.6868]]]}},{"type":"Feature","properties":{"huc12":"160202040206","name":"Barneys Creek-Jordan River"},"geometry":{"type":"Polygon","coordinates":[[[-111.8919,40.6678],[-111.8939,40.6727],[-111.8973,40.6744],[-111.8985,40.6765],[-111.9072,40.6787],[-111.9086,40.6777],[-111.9122,40.6804],[-111.9157,40.677],[-111.9185,40.6693],[-111.9256,40.6669],[-111.9262,40.66],[-111.9309,40.6592],[-111.9391,40.6537],[-111.9432,40.6526],[-111.9436,40.6494],[-111.9467,40.6464],[-111.9509,40.6456],[-111.9587,40.6392],[-111.964,40.6402],[-111.9688,40.6395],[-111.9802,40.6455],[-111.9897,40.6459],[-111.9965,40.6446],[-112.0062,40.6477],[-112.016,40.6475],[-112.0204,40.6456],[-112.021,40.6435],[-112.0263,40.6385],[-112.0385,40.6325],[-112.0548,40.6322],[-112.0613,40.6294],[-112.0662,40.6303],[-112.0684,40.6277],[-112.074,40.6285],[-112.0826,40.6259],[-112.0915,40.6249],[-112.0922,40.6222],[-112.0892,40.6204],[-112.0768,40.6213],[-112.0751,40.6201],[-112.0749,40.6174],[-112.0683,40.6173],[-112.063,40.6155],[-112.0543,40.6163],[-112.0538,40.6147],[-112.0453,40.6143],[-112.0415,40.6107],[-112.0297,40.6064],[-112.0172,40.6068],[-112.0094,40.6053],[-112.0281,40.6006],[-112.0427,40.5938],[-112.0557,40.5921],[-112.0696,40.5879],[-112.0758,40.5878],[-112.0765,40.5857],[-112.0804,40.5839],[-112.0938,40.5825],[-112.122,40.5834],[-112.1317,40.5792],[-112.1362,40.5756],[-112.132,40.5753],[-112.1279,40.5768],[-112.1193,40.5753],[-112.1098,40.5769],[-112.1071,40.5746],[-112.0966,40.5729],[-112.092,40.5673],[-112.0692,40.5694],[-112.0454,40.5808],[-112.0366,40.5826],[-112.0245,40.5827],[-112.0204,40.5856],[-112.0024,40.5889],[-111.9834,40.5973],[-111.9747,40.5983],[-111.9689,40.6095],[-111.9559,40.6126],[-111.9285,40.6107],[-111.925,40.608],[-111.9153,40.6078],[-111.9077,40.6048],[-111.9009,40.6054],[-111.887,40.6032],[-111.8538,40.5908],[-111.8445,40.5912],[-111.837,40.5885],[-111.83,40.5896],[-111.835,40.5904],[-111.836,40.5944],[-111.8463,40.6009],[-111.8483,40.6065],[-111.8527,40.6085],[-111.8541,40.6117],[-111.8584,40.6148],[-111.8589,40.6191],[-111.8615,40.6206],[-111.8667,40.6276],[-111.8738,40.6327],[-111.8746,40.6381],[-111.8786,40.6435],[-111.8889,40.6491],[-111.8955,40.6508],[-111.8972,40.6533],[-111.8985,40.6617],[-111.9083,40.6661],[-111.9002,40.6683],[-111.8919,40.6678]]]}},{"type":"Feature","properties":{"huc12":"160203040105","name":"Faust Creek"},"geometry":{"type":"Polygon","coordinates":[[[-112.3742,40.2223],[-112.3738,40.225],[-112.3704,40.2306],[-112.3757,40.2341],[-112.3758,40.2418],[-112.3773,40.2481],[-112.3742,40.254],[-112.3682,40.2587],[-112.367,40.2629],[-112.3705,40.2701],[-112.376,40.2773],[-112.3837,40.2862],[-112.3878,40.2882],[-112.393,40.2768],[-112.396,40.2762],[-112.3969,40.2737],[-112.4061,40.2683],[-112.4222,40.2622],[-112.4456,40.2504],[-112.4562,40.2472],[-112.4737,40.2384],[-112.4814,40.2369],[-112.4904,40.2379],[-112.4959,40.2361],[-112.5034,40.232],[-112.506,40.2291],[-112.5057,40.2268],[-112.5149,40.2229],[-112.5148,40.2192],[-112.5179,40.2186],[-112.5179,40.2174],[-112.5127,40.2121],[-112.5132,40.2102],[-112.5115,40.2059],[-112.5044,40.2027],[-112.5024,40.1988],[-112.5036,40.1933],[-112.5015,40.1909],[-112.4928,40.187],[-112.4812,40.1861],[-112.4695,40.1829],[-112.4555,40.175],[-112.4462,40.1729],[-112.4278,40.1614],[-112.4228,40.1555],[-112.4216,40.1537],[-112.4199,40.1389],[-112.4164,40.1351],[-112.406,40.1315],[-112.3904,40.1303],[-112.3875,40.1312],[-112.3864,40.1331],[-112.3902,40.1395],[-112.3886,40.1416],[-112.3898,40.144],[-112.3888,40.146],[-112.3905,40.1521],[-112.3898,40.154],[-112.3941,40.1575],[-112.3963,40.1618],[-112.3926,40.1823],[-112.3944,40.1863],[-112.3901,40.1902],[-112.3855,40.2052],[-112.3781,40.2105],[-112.3775,40.2159],[-112.3737,40.2195],[-112.3742,40.2223]]]}},{"type":"Feature","properties":{"huc12":"160203040402","name":"Middle Canyon"},"geometry":{"type":"Polygon","coordinates":[[[-112.1881,40.614],[-112.2005,40.6075],[-112.2082,40.5946],[-112.2072,40.5899],[-112.2202,40.5731],[-112.2303,40.5692],[-112.2543,40.5674],[-112.2592,40.5702],[-112.2919,40.6026],[-112.3028,40.6074],[-112.303,40.611],[-112.3112,40.6181],[-112.314,40.6229],[-112.3194,40.6264],[-112.3184,40.6289],[-112.3211,40.6371],[-112.3235,40.6385],[-112.3266,40.6376],[-112.3312,40.6414],[-112.335,40.6477],[-112.34,40.6508],[-112.3401,40.6526],[-112.3443,40.6507],[-112.3429,40.6466],[-112.3511,40.6433],[-112.3493,40.6391],[-112.3471,40.6382],[-112.3458,40.633],[-112.342,40.6286],[-112.3418,40.6264],[-112.3388,40.6243],[-112.3395,40.6151],[-112.3384,40.61],[-112.3353,40.6052],[-112.3367,40.6013],[-112.3327,40.5963],[-112.3325,40.587],[-112.3267,40.5752],[-112.3268,40.5705],[-112.3224,40.5654],[-112.3227,40.5581],[-112.3167,40.551],[-112.3144,40.5425],[-112.3067,40.5376],[-112.3008,40.5273],[-112.2973,40.5231],[-112.293,40.5204],[-112.2918,40.5177],[-112.2874,40.5177],[-112.2833,40.5132],[-112.2778,40.5115],[-112.2744,40.5071],[-112.2683,40.5056],[-112.2645,40.5009],[-112.2505,40.4947],[-112.2407,40.4924],[-112.237,40.4898],[-112.2355,40.487],[-112.2288,40.4819],[-112.2274,40.4787],[-112.2186,40.4743],[-112.2189,40.4647],[-112.215,40.4604],[-112.2122,40.4592],[-112.1956,40.4623],[-112.1904,40.4684],[-112.1735,40.4669],[-112.1717,40.4702],[-112.1735,40.4752],[-112.1763,40.4767],[-112.1761,40.4791],[-112.1783,40.4821],[-112.1769,40.4852],[-112.1812,40.4924],[-112.1805,40.4976],[-112.1759,40.5],[-112.1805,40.5028],[-112.1876,40.5137],[-112.1853,40.5175],[-112.1788,40.5218],[-112.1792,40.5315],[-112.1829,40.5391],[-112.1824,40.543],[-112.1793,40.5463],[-112.1799,40.5486],[-112.1782,40.5561],[-112.1829,40.5623],[-112.182,40.5708],[-112.1835,40.5734],[-112.1805,40.5773],[-112.1814,40.5805],[-112.1781,40.584],[-112.175,40.5852],[-112.1766,40.5886],[-112.1759,40.5913],[-112.1776,40.5961],[-112.1763,40.5974],[-112.1753,40.6039],[-112.1787,40.6056],[-112.182,40.6122],[-112.1851,40.6141],[-112.1881,40.614]]]}},{"type":"Feature","properties":{"huc12":"160203040507","name":"Tabbys Canyon-Frontal Great Salt Lake"},"geometry":{"type":"Polygon","coordinates":[[[-112.5874,40.6771],[-112.5741,40.6788],[-112.5643,40.6735],[-112.55,40.6794],[-112.5441,40.6844],[-112.5398,40.6863],[-112.5395,40.6901],[-112.5455,40.692],[-112.5451,40.6959],[-112.5425,40.6985],[-112.5454,40.7031],[-112.5482,40.703],[-112.5455,40.71],[-112.5469,40.714],[-112.5375,40.7199],[-112.5394,40.7236],[-112.5386,40.7283],[-112.5367,40.731],[-112.5343,40.7336],[-112.5317,40.7331],[-112.5304,40.7359],[-112.526,40.7377],[-112.5246,40.7414],[-112.5285,40.7424],[-112.5253,40.7449],[-112.5308,40.7479],[-112.5264,40.7509],[-112.528,40.7558],[-112.5218,40.7565],[-112.5183,40.7606],[-112.5207,40.768],[-112.5072,40.7757],[-112.5024,40.7912],[-112.4943,40.7978],[-112.4918,40.8085],[-112.4971,40.8164],[-112.4946,40.8219],[-112.4969,40.8257],[-112.4973,40.833],[-112.499,40.8383],[-112.4991,40.8405],[-112.4969,40.8434],[-112.5073,40.8566],[-112.5062,40.8614],[-112.5033,40.8639],[-112.5046,40.8697],[-112.5079,40.8708],[-112.5146,40.8762],[-112.5141,40.8785],[-112.5091,40.8834],[-112.5074,40.8969],[-112.51,40.9032],[-112.5096,40.9055],[-112.5057,40.9098],[-112.5069,40.9131],[-112.5061,40.9157],[-112.507,40.9206],[-112.511,40.9239],[-112.5104,40.9329],[-112.5151,40.9274],[-112.5176,40.9211],[-112.5219,40.9175],[-112.5281,40.9149],[-112.5298,40.9101],[-112.5338,40.9058],[-112.5469,40.8985],[-112.5421,40.898],[-112.5415,40.8968],[-112.5426,40.8937],[-112.5468,40.8894],[-112.5508,40.8698],[-112.5519,40.8681],[-112.5527,40.8692],[-112.5525,40.8658],[-112.5536,40.8666],[-112.5519,40.8591],[-112.5517,40.852],[-112.5529,40.8495],[-112.5507,40.8301],[-112.5532,40.8256],[-112.5583,40.8206],[-112.5601,40.8154],[-112.5642,40.8108],[-112.5651,40.8131],[-112.5668,40.8116],[-112.566,40.8076],[-112.5749,40.8023],[-112.5773,40.7929],[-112.577,40.7871],[-112.5734,40.7848],[-112.576,40.7825],[-112.5561,40.7819],[-112.5648,40.7686],[-112.5628,40.7573],[-112.5631,40.7492],[-112.5697,40.7278],[-112.5739,40.7229],[-112.5841,40.7185],[-112.5877,40.7119],[-112.588,40.7044],[-112.5913,40.7012],[-112.5924,40.6946],[-112.5876,40.6863],[-112.5915,40.6845],[-112.5874,40.6771]]]}},{"type":"Feature","properties":{"huc12":"160203090307","name":"Rose Ranch Reservoir-Deep Creek"},"geometry":{"type":"Polygon","coordinates":[[[-112.7126,41.9778],[-112.7137,41.9781],[-112.7137,41.9827],[-112.7154,41.9839],[-112.7385,41.9802],[-112.7412,41.9771],[-112.7482,41.9781],[-112.7518,41.9745],[-112.7561,41.9628],[-112.7649,41.9603],[-112.7845,41.9605],[-112.7906,41.9632],[-112.8015,41.965],[-112.8053,41.9672],[-112.8127,41.9677],[-112.8182,41.9636],[-112.8294,41.9626],[-112.8319,41.9597],[-112.8278,41.9602],[-112.8219,41.9583],[-112.8116,41.9628],[-112.8023,41.9612],[-112.7984,41.9568],[-112.8005,41.9521],[-112.796,41.9454],[-112.7872,41.9428],[-112.7839,41.9399],[-112.7715,41.9355],[-112.7744,41.9339],[-112.7712,41.9277],[-112.7772,41.923],[-112.7764,41.9141],[-112.7803,41.9092],[-112.7774,41.9074],[-112.7727,41.8994],[-112.7633,41.8947],[-112.7543,41.892],[-112.7497,41.8879],[-112.7441,41.8879],[-112.7377,41.8829],[-112.7265,41.8828],[-112.7162,41.8852],[-112.7037,41.8853],[-112.7026,41.8912],[-112.7037,41.8936],[-112.7067,41.8958],[-112.7047,41.8989],[-112.7049,41.9029],[-112.7014,41.9031],[-112.6961,41.9077],[-112.6951,41.9118],[-112.6865,41.916],[-112.6854,41.919],[-112.6768,41.9162],[-112.6676,41.9177],[-112.6667,41.9196],[-112.6697,41.9232],[-112.6691,41.931],[-112.6743,41.9367],[-112.6727,41.9413],[-112.6768,41.9498],[-112.6793,41.9519],[-112.6786,41.9555],[-112.6805,41.9626],[-112.6955,41.9733],[-112.7126,41.9778]]]}},{"type":"Feature","properties":{"huc12":"160203090603","name":"Crystal Hollow"},"geometry":{"type":"Polygon","coordinates":[[[-113.0259,41.8455],[-113.0337,41.8467],[-113.038,41.8486],[-113.0388,41.8515],[-113.0466,41.8556],[-113.0506,41.863],[-113.0507,41.8695],[-113.0434,41.8742],[-113.0415,41.8827],[-113.0463,41.8927],[-113.0479,41.9045],[-113.0495,41.9081],[-113.0579,41.9136],[-113.0663,41.9241],[-113.0803,41.9313],[-113.0853,41.932],[-113.0884,41.9346],[-113.0969,41.9349],[-113.1035,41.9299],[-113.1127,41.9257],[-113.1214,41.9305],[-113.1289,41.9326],[-113.1661,41.9325],[-113.1688,41.9342],[-113.1767,41.9349],[-113.1803,41.939],[-113.1882,41.9357],[-113.1892,41.9338],[-113.1912,41.9358],[-113.1988,41.9378],[-113.2052,41.9312],[-113.2116,41.9316],[-113.214,41.9304],[-113.2137,41.9285],[-113.2158,41.9258],[-113.2264,41.9221],[-113.228,41.9187],[-113.2378,41.9177],[-113.2465,41.9198],[-113.2521,41.9171],[-113.2575,41.9172],[-113.257,41.9149],[-113.2541,41.9121],[-113.2453,41.9073],[-113.2455,41.9047],[-113.2438,41.9026],[-113.2442,41.8977],[-113.2376,41.8965],[-113.2349,41.8917],[-113.233,41.8823],[-113.2317,41.8813],[-113.2173,41.8796],[-113.2114,41.8815],[-113.2052,41.879],[-113.1941,41.8718],[-113.1898,41.8707],[-113.1885,41.8717],[-113.1699,41.8714],[-113.1534,41.8664],[-113.1505,41.8638],[-113.1457,41.8636],[-113.1348,41.8571],[-113.1307,41.852],[-113.1234,41.8474],[-113.1175,41.8404],[-113.1057,41.8301],[-113.1005,41.8233],[-113.0951,41.7991],[-113.0939,41.7799],[-113.0908,41.7715],[-113.0928,41.7649],[-113.0893,41.7577],[-113.0922,41.7505],[-113.0862,41.7531],[-113.0869,41.759],[-113.0859,41.7636],[-113.0768,41.7727],[-113.0762,41.7829],[-113.0748,41.7861],[-113.0694,41.791],[-113.0651,41.7913],[-113.0607,41.7958],[-113.0439,41.8041],[-113.0384,41.8112],[-113.0378,41.8159],[-113.0306,41.8206],[-113.0294,41.8248],[-113.0272,41.8272],[-113.0283,41.8331],[-113.0306,41.8351],[-113.0272,41.8381],[-113.0275,41.8419],[-113.0259,41.8455]]]}},{"type":"Feature","properties":{"huc12":"160203090702","name":"Promontory Hollow"},"geometry":{"type":"Polygon","coordinates":[[[-112.533,41.5658],[-112.535,41.5684],[-112.5354,41.5734],[-112.5328,41.5774],[-112.5337,41.5797],[-112.5329,41.5829],[-112.5293,41.5889],[-112.5299,41.5927],[-112.5266,41.5977],[-112.5269,41.6002],[-112.5308,41.6027],[-112.537,41.6123],[-112.5526,41.6207],[-112.5535,41.6237],[-112.5567,41.6262],[-112.5596,41.6335],[-112.5679,41.6411],[-112.572,41.6422],[-112.5734,41.6442],[-112.5733,41.647],[-112.5949,41.6586],[-112.6,41.6598],[-112.5957,41.6538],[-112.5959,41.6514],[-112.5934,41.65],[-112.598,41.6426],[-112.598,41.6333],[-112.6068,41.6273],[-112.6068,41.6248],[-112.6041,41.6219],[-112.6091,41.6152],[-112.6048,41.6067],[-112.6064,41.6029],[-112.6044,41.5986],[-112.6148,41.5859],[-112.6172,41.5844],[-112.6148,41.5815],[-112.6153,41.5805],[-112.6219,41.5767],[-112.6215,41.5723],[-112.6233,41.566],[-112.6225,41.5611],[-112.6285,41.556],[-112.6409,41.553],[-112.6508,41.5463],[-112.6613,41.5412],[-112.6623,41.5396],[-112.6779,41.5369],[-112.6826,41.5267],[-112.6911,41.5143],[-112.69,41.511],[-112.6935,41.5057],[-112.6906,41.5035],[-112.691,41.5004],[-112.6887,41.4926],[-112.681,41.4896],[-112.6806,41.4835],[-112.674,41.48],[-112.6669,41.482],[-112.6626,41.4883],[-112.6556,41.4879],[-112.647,41.4799],[-112.6473,41.4766],[-112.6391,41.4739],[-112.6156,41.4784],[-112.6131,41.4854],[-112.6152,41.4891],[-112.6117,41.4919],[-112.6122,41.4969],[-112.6097,41.5017],[-112.6041,41.5065],[-112.5876,41.5118],[-112.5789,41.5166],[-112.5665,41.5144],[-112.5646,41.512],[-112.5608,41.5105],[-112.5574,41.5063],[-112.5572,41.5023],[-112.5532,41.4999],[-112.5475,41.5016],[-112.5428,41.5055],[-112.5331,41.5069],[-112.5293,41.5105],[-112.5249,41.5102],[-112.5224,41.5162],[-112.5246,41.5182],[-112.5246,41.5234],[-112.5282,41.5289],[-112.5375,41.5355],[-112.5349,41.5421],[-112.5351,41.5446],[-112.5374,41.5456],[-112.5354,41.5517],[-112.5334,41.5536],[-112.5346,41.5593],[-112.5338,41.5634],[-112.5324,41.5646],[-112.533,41.5658]]]}},{"type":"Feature","properties":{"huc12":"160203090703","name":"Rozel Point-Frontal Great Salt Lake"},"geometry":{"type":"Polygon","coordinates":[[[-112.6935,41.5057],[-112.6964,41.5076],[-112.7027,41.5073],[-112.7148,41.5098],[-112.722,41.5133],[-112.7255,41.5127],[-112.7296,41.5094],[-112.7383,41.5064],[-112.7404,41.5102],[-112.7459,41.5136],[-112.753,41.517],[-112.7547,41.5156],[-112.7468,41.5112],[-112.7468,41.5095],[-112.7442,41.5072],[-112.7439,41.501],[-112.7377,41.4931],[-112.7276,41.4838],[-112.7246,41.4716],[-112.703,41.4629],[-112.6926,41.4604],[-112.6905,41.4571],[-112.6794,41.4541],[-112.6692,41.4425],[-112.6676,41.4383],[-112.66,41.4353],[-112.6543,41.4349],[-112.6516,41.4327],[-112.6422,41.4362],[-112.6304,41.4363],[-112.6255,41.4342],[-112.6237,41.4294],[-112.6197,41.4296],[-112.611,41.4345],[-112.6047,41.4408],[-112.5989,41.4415],[-112.5976,41.4428],[-112.6084,41.4459],[-112.609,41.4476],[-112.601,41.4486],[-112.5948,41.4546],[-112.5889,41.4644],[-112.5871,41.4656],[-112.5823,41.465],[-112.5806,41.4681],[-112.5765,41.4708],[-112.5691,41.4719],[-112.5604,41.4813],[-112.5546,41.4833],[-112.5564,41.4856],[-112.5544,41.4879],[-112.5556,41.4908],[-112.5532,41.4999],[-112.5572,41.5023],[-112.5574,41.5063],[-112.5608,41.5105],[-112.5699,41.5158],[-112.5784,41.5168],[-112.5876,41.5118],[-112.6041,41.5065],[-112.6097,41.5017],[-112.612,41.4975],[-112.6117,41.4919],[-112.6152,41.4891],[-112.6131,41.4854],[-112.6156,41.4784],[-112.6391,41.4739],[-112.647,41.4764],[-112.647,41.4799],[-112.6493,41.4829],[-112.6523,41.4838],[-112.6531,41.4857],[-112.6571,41.4884],[-112.664,41.4875],[-112.6638,41.4857],[-112.6663,41.4826],[-112.6717,41.4803],[-112.674,41.48],[-112.6799,41.4829],[-112.6812,41.4844],[-112.681,41.4896],[-112.6887,41.4926],[-112.691,41.5004],[-112.6906,41.5035],[-112.6935,41.5057]]]}},{"type":"Feature","properties":{"huc12":"160203090803","name":"Blue Creek Reservoir-Blue Creek"},"geometry":{"type":"Polygon","coordinates":[[[-112.3827,41.9184],[-112.3884,41.9207],[-112.4094,41.9181],[-112.4106,41.9163],[-112.4211,41.9124],[-112.437,41.9085],[-112.4401,41.9064],[-112.4505,41.8893],[-112.4635,41.8819],[-112.4662,41.8774],[-112.4711,41.8751],[-112.4739,41.8719],[-112.4823,41.8701],[-112.4854,41.868],[-112.499,41.8702],[-112.5065,41.8594],[-112.5144,41.856],[-112.5207,41.8564],[-112.5246,41.8547],[-112.5349,41.8562],[-112.5359,41.8582],[-112.538,41.8582],[-112.5419,41.8527],[-112.5449,41.8515],[-112.5503,41.8517],[-112.5503,41.8465],[-112.5519,41.8425],[-112.5493,41.8417],[-112.5478,41.8376],[-112.5444,41.8374],[-112.5466,41.8357],[-112.5479,41.8314],[-112.5471,41.8299],[-112.5496,41.8241],[-112.5482,41.8228],[-112.5479,41.8178],[-112.5425,41.8177],[-112.5451,41.8123],[-112.5437,41.81],[-112.5456,41.8063],[-112.5451,41.8016],[-112.5394,41.803],[-112.5344,41.8069],[-112.531,41.8075],[-112.5283,41.8048],[-112.5268,41.8003],[-112.5214,41.798],[-112.5082,41.7986],[-112.5063,41.803],[-112.4945,41.8062],[-112.4827,41.8071],[-112.4574,41.8058],[-112.4491,41.8082],[-112.4437,41.8133],[-112.4397,41.8148],[-112.4388,41.8178],[-112.4248,41.8178],[-112.4136,41.8224],[-112.4056,41.8204],[-112.4022,41.8211],[-112.4015,41.8262],[-112.3986,41.8275],[-112.3997,41.8324],[-112.3957,41.8361],[-112.3946,41.8451],[-112.3933,41.8461],[-112.3906,41.8452],[-112.3885,41.8493],[-112.3857,41.8506],[-112.3838,41.8538],[-112.3732,41.8525],[-112.3731,41.8543],[-112.3754,41.8561],[-112.3826,41.8593],[-112.3817,41.8641],[-112.3801,41.8647],[-112.3875,41.8693],[-112.3901,41.8729],[-112.3944,41.8736],[-112.396,41.8771],[-112.3954,41.8794],[-112.3968,41.8841],[-112.3948,41.8885],[-112.3859,41.8956],[-112.3863,41.9003],[-112.3844,41.9019],[-112.3851,41.9043],[-112.3876,41.9057],[-112.3853,41.9084],[-112.3827,41.9184]]]}},{"type":"Feature","properties":{"huc12":"160203090804","name":"Sand Hollow"},"geometry":{"type":"Polygon","coordinates":[[[-112.4415,41.7254],[-112.4413,41.7288],[-112.4509,41.729],[-112.4529,41.7278],[-112.4536,41.7248],[-112.4588,41.7207],[-112.4674,41.7172],[-112.4706,41.7172],[-112.4845,41.7199],[-112.4891,41.7253],[-112.5003,41.7275],[-112.5149,41.7336],[-112.5209,41.7331],[-112.5253,41.7338],[-112.5278,41.7356],[-112.5324,41.7342],[-112.5417,41.7348],[-112.5475,41.7365],[-112.5482,41.7353],[-112.5545,41.7347],[-112.5538,41.7285],[-112.5604,41.7206],[-112.5624,41.7206],[-112.5636,41.7189],[-112.5648,41.7143],[-112.5722,41.7111],[-112.5743,41.7067],[-112.5821,41.7043],[-112.5774,41.7002],[-112.5786,41.6987],[-112.5793,41.6912],[-112.5807,41.6894],[-112.5801,41.6846],[-112.5848,41.6796],[-112.586,41.6748],[-112.5911,41.6726],[-112.5848,41.6711],[-112.5744,41.6719],[-112.5577,41.6647],[-112.5516,41.6664],[-112.5504,41.6688],[-112.5512,41.671],[-112.5477,41.6754],[-112.5397,41.6758],[-112.535,41.6793],[-112.5274,41.6798],[-112.5206,41.6774],[-112.5158,41.6777],[-112.5094,41.6763],[-112.5019,41.677],[-112.4975,41.679],[-112.4866,41.6792],[-112.4823,41.6753],[-112.4772,41.6761],[-112.4751,41.6791],[-112.4711,41.68],[-112.4739,41.6831],[-112.4737,41.6857],[-112.4703,41.6883],[-112.4713,41.6904],[-112.473,41.6908],[-112.4728,41.6928],[-112.4741,41.6938],[-112.4717,41.6994],[-112.4674,41.6997],[-112.4649,41.7083],[-112.4619,41.7095],[-112.4587,41.7089],[-112.4528,41.7199],[-112.4497,41.7226],[-112.4415,41.7254]]]}},{"type":"Feature","properties":{"huc12":"160203090810","name":"Chokecherry Canyon-Frontal Great Salt Lake"},"geometry":{"type":"Polygon","coordinates":[[[-112.3996,41.4619],[-112.4367,41.4673],[-112.4486,41.4664],[-112.4591,41.4691],[-112.4645,41.4674],[-112.4679,41.4703],[-112.4724,41.4694],[-112.4739,41.4721],[-112.4774,41.473],[-112.4809,41.4771],[-112.484,41.4764],[-112.4866,41.4778],[-112.49,41.4767],[-112.495,41.4789],[-112.4957,41.4779],[-112.4915,41.4668],[-112.4916,41.463],[-112.4886,41.4519],[-112.4847,41.4491],[-112.4803,41.4382],[-112.4802,41.434],[-112.4818,41.433],[-112.4861,41.4248],[-112.4843,41.4245],[-112.4784,41.4192],[-112.478,41.417],[-112.4808,41.4092],[-112.4808,41.4055],[-112.4852,41.4016],[-112.4859,41.3984],[-112.4845,41.3918],[-112.4793,41.3868],[-112.4736,41.3916],[-112.4686,41.393],[-112.4661,41.3951],[-112.4621,41.3947],[-112.4623,41.3916],[-112.4599,41.3887],[-112.4572,41.3878],[-112.4564,41.3834],[-112.4507,41.3763],[-112.4501,41.373],[-112.4534,41.3721],[-112.4536,41.3687],[-112.4484,41.3622],[-112.4463,41.3572],[-112.4443,41.3494],[-112.4462,41.3469],[-112.4458,41.3436],[-112.4413,41.3422],[-112.4393,41.3401],[-112.4378,41.3354],[-112.4382,41.3297],[-112.4424,41.3278],[-112.4429,41.3193],[-112.439,41.3178],[-112.4371,41.312],[-112.424,41.3074],[-112.4237,41.304],[-112.419,41.3001],[-112.4204,41.2946],[-112.4189,41.2909],[-112.4207,41.2885],[-112.4199,41.2866],[-112.4209,41.2848],[-112.4188,41.2807],[-112.4195,41.2772],[-112.4184,41.275],[-112.406,41.2737],[-112.394,41.2674],[-112.3858,41.2712],[-112.3777,41.273],[-112.3774,41.275],[-112.3803,41.2773],[-112.3839,41.284],[-112.3826,41.287],[-112.384,41.2899],[-112.3816,41.2904],[-112.3889,41.2928],[-112.39,41.2975],[-112.3939,41.304],[-112.3935,41.3075],[-112.3972,41.3097],[-112.3956,41.3117],[-112.3991,41.3138],[-112.3983,41.3146],[-112.4006,41.3179],[-112.4007,41.3208],[-112.3992,41.3233],[-112.4016,41.3282],[-112.4008,41.3311],[-112.4045,41.3345],[-112.4006,41.3354],[-112.4015,41.338],[-112.4065,41.3384],[-112.4105,41.3433],[-112.4096,41.3445],[-112.4128,41.3446],[-112.4168,41.3478],[-112.4202,41.355],[-112.4207,41.3592],[-112.4194,41.3624],[-112.4169,41.3634],[-112.4151,41.3661],[-112.4113,41.367],[-112.4085,41.3659],[-112.4069,41.3675],[-112.4049,41.3723],[-112.4046,41.3808],[-112.4025,41.3879],[-112.398,41.3915],[-112.3975,41.3937],[-112.3982,41.3974],[-112.4025,41.4001],[-112.4028,41.4028],[-112.4059,41.4031],[-112.4087,41.4066],[-112.4145,41.4075],[-112.419,41.4202],[-112.4217,41.423],[-112.4232,41.4297],[-112.4217,41.4417],[-112.4184,41.4489],[-112.4166,41.451],[-112.4085,41.4479],[-112.4163,41.4515],[-112.3996,41.4619]]]}},{"type":"Feature","properties":{"huc12":"160203090308","name":"Stone Hills"},"geometry":{"type":"Polygon","coordinates":[[[-112.7976,42.0371],[-112.8011,42.0396],[-112.7996,42.0439],[-112.8018,42.0461],[-112.8047,42.0457],[-112.8092,42.042],[-112.8167,42.0419],[-112.8174,42.0376],[-112.8201,42.0337],[-112.833,42.024],[-112.8489,42.0225],[-112.8502,42.0192],[-112.8569,42.0163],[-112.8607,42.0075],[-112.8675,41.9996],[-112.8707,41.9938],[-112.8723,41.9803],[-112.8688,41.9744],[-112.8663,41.9662],[-112.8682,41.9387],[-112.8663,41.9337],[-112.8639,41.9339],[-112.8637,41.9376],[-112.8622,41.9387],[-112.8571,41.9507],[-112.8531,41.955],[-112.8457,41.957],[-112.8403,41.9552],[-112.8359,41.956],[-112.8304,41.9622],[-112.8182,41.9636],[-112.8127,41.9677],[-112.8053,41.9672],[-112.8015,41.965],[-112.7906,41.9632],[-112.7826,41.9603],[-112.7649,41.9603],[-112.7555,41.9635],[-112.7518,41.9745],[-112.7482,41.9781],[-112.7498,41.9816],[-112.7472,41.987],[-112.7478,41.9887],[-112.7597,41.9906],[-112.7632,41.9932],[-112.765,41.9915],[-112.7705,41.9909],[-112.773,41.9885],[-112.7748,41.9887],[-112.7757,41.9972],[-112.7805,41.9979],[-112.7791,42.0011],[-112.7805,42.0102],[-112.7932,42.0131],[-112.7904,42.0145],[-112.7909,42.0181],[-112.7889,42.0216],[-112.7934,42.0253],[-112.7947,42.029],[-112.7976,42.0299],[-112.7976,42.0371]]]}},{"type":"Feature","properties":{"huc12":"160203090401","name":"Duffy Creek"},"geometry":{"type":"Polygon","coordinates":[[[-113.121,42.0775],[-113.1273,42.078],[-113.1319,42.074],[-113.1407,42.0738],[-113.1434,42.0716],[-113.1434,42.0656],[-113.1401,42.0583],[-113.1403,42.0554],[-113.139,42.054],[-113.1401,42.0522],[-113.1377,42.0459],[-113.1401,42.0439],[-113.1382,42.0366],[-113.1395,42.0343],[-113.1382,42.0317],[-113.1389,42.0298],[-113.146,42.0281],[-113.1491,42.0258],[-113.1489,42.0234],[-113.1508,42.02],[-113.1624,42.0147],[-113.1669,42.014],[-113.1699,42.0075],[-113.1889,41.9901],[-113.1926,41.9829],[-113.1992,41.9768],[-113.2038,41.9702],[-113.211,41.9682],[-113.2178,41.9595],[-113.225,41.9605],[-113.2272,41.9551],[-113.2374,41.9532],[-113.2382,41.9516],[-113.2368,41.9446],[-113.2399,41.9384],[-113.2531,41.9316],[-113.2567,41.9304],[-113.2594,41.931],[-113.2608,41.9235],[-113.2698,41.9201],[-113.2627,41.9207],[-113.2576,41.9172],[-113.2529,41.917],[-113.2465,41.9198],[-113.2378,41.9177],[-113.228,41.9187],[-113.2264,41.9221],[-113.2158,41.9258],[-113.2137,41.9285],[-113.214,41.9304],[-113.2116,41.9316],[-113.2052,41.9312],[-113.1988,41.9378],[-113.1912,41.9358],[-113.1892,41.9338],[-113.1882,41.9357],[-113.1803,41.939],[-113.1767,41.9349],[-113.1688,41.9342],[-113.1661,41.9325],[-113.1289,41.9326],[-113.1214,41.9305],[-113.1127,41.9257],[-113.1035,41.9299],[-113.0969,41.9349],[-113.0902,41.935],[-113.0663,41.9241],[-113.0579,41.9136],[-113.0495,41.9081],[-113.0479,41.9045],[-113.0463,41.8927],[-113.0415,41.8827],[-113.0434,41.8742],[-113.0507,41.8695],[-113.0506,41.863],[-113.0454,41.8542],[-113.0388,41.8515],[-113.0376,41.8484],[-113.0337,41.8467],[-113.02,41.8454],[-113.0175,41.8437],[-113.0149,41.8445],[-113.0144,41.8528],[-113.0111,41.857],[-113.0095,41.8567],[-113.0083,41.8543],[-112.9996,41.8531],[-113.0013,41.856],[-113.0014,41.8591],[-112.999,41.8627],[-112.9985,41.8673],[-112.9949,41.871],[-112.9948,41.8749],[-112.9884,41.8815],[-112.9728,41.88],[-112.9577,41.8721],[-112.9537,41.8678],[-112.9489,41.867],[-112.9586,41.8833],[-112.9724,41.8889],[-112.9749,41.8911],[-112.9844,41.8916],[-112.9898,41.8932],[-112.997,41.8974],[-112.9993,41.9005],[-112.9993,41.9048],[-113.0016,41.906],[-113.005,41.9105],[-113.0037,41.9154],[-113.0045,41.917],[-113.0163,41.922],[-113.0487,41.9297],[-113.0656,41.9406],[-113.0682,41.9467],[-113.073,41.9528],[-113.0735,41.9636],[-113.075,41.967],[-113.0731,41.9769],[-113.0814,41.9987],[-113.0855,42.0018],[-113.0874,42.0065],[-113.0946,42.0161],[-113.1018,42.02],[-113.1059,42.0243],[-113.1132,42.029],[-113.1189,42.0352],[-113.1268,42.0376],[-113.1253,42.0432],[-113.123,42.0462],[-113.1227,42.0511],[-113.1244,42.0552],[-113.1207,42.0625],[-113.121,42.0775]]]}},{"type":"Feature","properties":{"huc12":"160102010305","name":"Paris Creek"},"geometry":{"type":"Polygon","coordinates":[[[-111.5346,42.2438],[-111.5521,42.2415],[-111.5555,42.2423],[-111.5567,42.2476],[-111.5562,42.2519],[-111.5544,42.2547],[-111.5556,42.2587],[-111.5727,42.2701],[-111.5841,42.2654],[-111.5886,42.2648],[-111.5964,42.2564],[-111.5971,42.2491],[-111.5998,42.2485],[-111.6038,42.25],[-111.6097,42.2503],[-111.6144,42.246],[-111.6149,42.2405],[-111.6129,42.237],[-111.6142,42.233],[-111.6137,42.2278],[-111.6156,42.2225],[-111.6262,42.2087],[-111.625,42.2008],[-111.6261,42.1982],[-111.6257,42.1908],[-111.6231,42.188],[-111.6172,42.186],[-111.6097,42.191],[-111.6082,42.1935],[-111.6058,42.1939],[-111.6048,42.1906],[-111.6008,42.1877],[-111.5914,42.1891],[-111.5859,42.192],[-111.5743,42.21],[-111.5718,42.2109],[-111.5718,42.2126],[-111.5622,42.2148],[-111.5599,42.2101],[-111.5483,42.2026],[-111.5431,42.2034],[-111.5383,42.2063],[-111.5335,42.2065],[-111.5298,42.2092],[-111.5269,42.2097],[-111.5255,42.2057],[-111.5222,42.2027],[-111.519,42.203],[-111.5155,42.2005],[-111.4945,42.1964],[-111.4891,42.2009],[-111.4853,42.2022],[-111.4749,42.2037],[-111.462,42.2019],[-111.4577,42.2023],[-111.4566,42.2035],[-111.4465,42.2043],[-111.4337,42.209],[-111.4312,42.2082],[-111.4269,42.209],[-111.421,42.2133],[-111.4125,42.2142],[-111.4058,42.2117],[-111.403,42.212],[-111.4009,42.2141],[-111.3963,42.214],[-111.3908,42.2172],[-111.3718,42.2165],[-111.3724,42.2224],[-111.365,42.2221],[-111.3625,42.2271],[-111.3606,42.2273],[-111.3607,42.2295],[-111.3632,42.2313],[-111.37,42.2299],[-111.3717,42.231],[-111.3735,42.2295],[-111.3912,42.2313],[-111.3992,42.2289],[-111.4013,42.2257],[-111.4087,42.2271],[-111.4136,42.2257],[-111.4214,42.2271],[-111.4324,42.2269],[-111.4378,42.2254],[-111.4414,42.2262],[-111.4453,42.225],[-111.4452,42.2237],[-111.4546,42.2221],[-111.4564,42.224],[-111.4635,42.2262],[-111.466,42.225],[-111.4743,42.2254],[-111.4814,42.2263],[-111.4846,42.2291],[-111.4958,42.2275],[-111.4988,42.2298],[-111.5041,42.2292],[-111.5105,42.2314],[-111.5138,42.2307],[-111.5157,42.234],[-111.5242,42.2396],[-111.5346,42.2438]]]}},{"type":"Feature","properties":{"huc12":"160102010302","name":"Worm Creek"},"geometry":{"type":"Polygon","coordinates":[[[-111.3848,42.1717],[-111.3915,42.1766],[-111.3964,42.1741],[-111.4048,42.1741],[-111.4071,42.1703],[-111.4098,42.1695],[-111.4206,42.1702],[-111.4267,42.1679],[-111.4305,42.1689],[-111.4406,42.1679],[-111.445,42.1651],[-111.4512,42.1687],[-111.4551,42.1685],[-111.4566,42.1674],[-111.4562,42.164],[-111.4579,42.1639],[-111.4595,42.1608],[-111.4643,42.1586],[-111.466,42.1563],[-111.4716,42.1577],[-111.4741,42.16],[-111.482,42.1588],[-111.4829,42.1574],[-111.4864,42.1595],[-111.4898,42.1595],[-111.4963,42.1564],[-111.5042,42.1575],[-111.5093,42.1551],[-111.514,42.1638],[-111.5169,42.1662],[-111.5236,42.1632],[-111.5252,42.1593],[-111.5313,42.158],[-111.5334,42.1553],[-111.5465,42.1584],[-111.5491,42.1556],[-111.5563,42.1563],[-111.5582,42.1553],[-111.5587,42.1478],[-111.5658,42.1409],[-111.5614,42.137],[-111.5521,42.1352],[-111.5503,42.1332],[-111.5476,42.1329],[-111.5438,42.1348],[-111.5384,42.1347],[-111.5355,42.1362],[-111.5322,42.1403],[-111.5229,42.1393],[-111.5149,42.1414],[-111.5095,42.1392],[-111.5084,42.1413],[-111.5048,42.1406],[-111.4992,42.1431],[-111.4951,42.1414],[-111.4955,42.1395],[-111.4922,42.1363],[-111.4887,42.1369],[-111.4884,42.1385],[-111.48,42.1394],[-111.4776,42.1443],[-111.4666,42.1414],[-111.4515,42.1464],[-111.4491,42.1449],[-111.4477,42.1455],[-111.4467,42.1417],[-111.4441,42.1403],[-111.4345,42.1382],[-111.4256,42.1391],[-111.4231,42.1407],[-111.4244,42.1459],[-111.4234,42.1488],[-111.42,42.1508],[-111.4079,42.1486],[-111.4055,42.1504],[-111.4023,42.1505],[-111.3963,42.1479],[-111.3934,42.1484],[-111.3858,42.1427],[-111.3814,42.1456],[-111.3825,42.1524],[-111.375,42.1525],[-111.372,42.1495],[-111.3677,42.1498],[-111.3651,42.1516],[-111.3671,42.1563],[-111.3666,42.1644],[-111.3683,42.1657],[-111.3793,42.1676],[-111.3842,42.1697],[-111.3848,42.1717]]]}},{"type":"Feature","properties":{"huc12":"160102010303","name":"Bloomington Creek"},"geometry":{"type":"Polygon","coordinates":[[[-111.4469,42.2043],[-111.4618,42.2018],[-111.4671,42.2032],[-111.4785,42.2035],[-111.4891,42.2009],[-111.4937,42.1967],[-111.4964,42.1964],[-111.5155,42.2005],[-111.519,42.203],[-111.5222,42.2027],[-111.5255,42.2057],[-111.5269,42.2097],[-111.5298,42.2092],[-111.5335,42.2065],[-111.5383,42.2063],[-111.5431,42.2034],[-111.5483,42.2026],[-111.5599,42.2101],[-111.5622,42.2148],[-111.5718,42.2126],[-111.5718,42.2109],[-111.5743,42.21],[-111.5761,42.2058],[-111.5873,42.1908],[-111.5994,42.1875],[-111.6048,42.1906],[-111.6058,42.1939],[-111.6078,42.1936],[-111.6097,42.191],[-111.6172,42.186],[-111.6124,42.1727],[-111.613,42.1638],[-111.6107,42.1566],[-111.6062,42.1531],[-111.5976,42.1498],[-111.5902,42.1425],[-111.5821,42.1432],[-111.5744,42.1396],[-111.5658,42.1409],[-111.5587,42.1478],[-111.5582,42.1553],[-111.5562,42.1563],[-111.5491,42.1556],[-111.5465,42.1584],[-111.5334,42.1553],[-111.5313,42.158],[-111.5252,42.1593],[-111.5236,42.1632],[-111.5169,42.1662],[-111.514,42.1638],[-111.5093,42.1551],[-111.5042,42.1575],[-111.4963,42.1564],[-111.4898,42.1595],[-111.4864,42.1595],[-111.4829,42.1574],[-111.482,42.1588],[-111.4741,42.16],[-111.4716,42.1577],[-111.466,42.1563],[-111.4643,42.1586],[-111.4595,42.1608],[-111.4579,42.1639],[-111.4562,42.164],[-111.4566,42.1674],[-111.4551,42.1685],[-111.4512,42.1687],[-111.445,42.1651],[-111.4406,42.1679],[-111.4305,42.1689],[-111.4267,42.1679],[-111.4206,42.1702],[-111.4098,42.1695],[-111.4071,42.1703],[-111.4048,42.1741],[-111.3964,42.1741],[-111.3915,42.1766],[-111.3873,42.1744],[-111.3839,42.1707],[-111.3758,42.1677],[-111.3702,42.1676],[-111.3662,42.172],[-111.3701,42.1744],[-111.3715,42.1771],[-111.3769,42.1774],[-111.3823,42.1798],[-111.3846,42.1875],[-111.3881,42.1882],[-111.4028,42.1854],[-111.4133,42.1913],[-111.4223,42.1916],[-111.425,42.1949],[-111.4321,42.1998],[-111.4426,42.2017],[-111.4469,42.2043]]]}},{"type":"Feature","properties":{"huc12":"160102020406","name":"Station Creek-Bear River"},"geometry":{"type":"Polygon","coordinates":[[[-111.6745,42.3262],[-111.68,42.3236],[-111.6828,42.3248],[-111.6895,42.3238],[-111.6909,42.3209],[-111.6952,42.3182],[-111.6981,42.3188],[-111.7067,42.3255],[-111.7129,42.3281],[-111.7159,42.3312],[-111.7273,42.3297],[-111.7284,42.3274],[-111.7318,42.3253],[-111.7314,42.3212],[-111.7253,42.3173],[-111.7232,42.3143],[-111.729,42.3103],[-111.7296,42.3059],[-111.7365,42.3036],[-111.7427,42.2986],[-111.7476,42.2982],[-111.7497,42.296],[-111.7608,42.2936],[-111.7618,42.2858],[-111.766,42.2832],[-111.7678,42.2763],[-111.774,42.2718],[-111.7722,42.2667],[-111.7836,42.2633],[-111.785,42.2564],[-111.7845,42.2528],[-111.7914,42.2497],[-111.7924,42.2432],[-111.7997,42.2378],[-111.8006,42.2337],[-111.8036,42.23],[-111.8086,42.2302],[-111.815,42.225],[-111.8165,42.2229],[-111.8161,42.2213],[-111.82,42.2188],[-111.8196,42.2165],[-111.8283,42.2081],[-111.8333,42.2006],[-111.8371,42.1991],[-111.8378,42.1891],[-111.8396,42.184],[-111.8439,42.1808],[-111.8592,42.1787],[-111.8618,42.1716],[-111.8694,42.1715],[-111.8737,42.1691],[-111.8845,42.169],[-111.888,42.1681],[-111.8892,42.1663],[-111.9053,42.1611],[-111.9091,42.153],[-111.9131,42.151],[-111.9132,42.1489],[-111.9104,42.1471],[-111.9113,42.1381],[-111.9133,42.1341],[-111.9181,42.1405],[-111.9234,42.1425],[-111.925,42.1444],[-111.9383,42.1406],[-111.9359,42.1362],[-111.9347,42.1284],[-111.931,42.1239],[-111.9285,42.1181],[-111.9234,42.1176],[-111.9176,42.1135],[-111.9141,42.1147],[-111.914,42.1159],[-111.9101,42.1162],[-111.9101,42.1174],[-111.904,42.1182],[-111.8964,42.1142],[-111.8835,42.1168],[-111.87,42.125],[-111.8687,42.1316],[-111.8721,42.1415],[-111.8688,42.1453],[-111.8474,42.1475],[-111.8364,42.1453],[-111.8251,42.1407],[-111.8187,42.14],[-111.8147,42.1425],[-111.814,42.1523],[-111.8118,42.1553],[-111.8026,42.1543],[-111.8007,42.1527],[-111.7974,42.1532],[-111.7963,42.1612],[-111.7937,42.1634],[-111.7902,42.1634],[-111.7864,42.1605],[-111.7793,42.1615],[-111.7733,42.1583],[-111.7663,42.1594],[-111.7556,42.1558],[-111.7527,42.1566],[-111.7511,42.1503],[-111.7484,42.1488],[-111.7392,42.1528],[-111.7323,42.158],[-111.7207,42.1611],[-111.7161,42.1656],[-111.6998,42.1705],[-111.6883,42.1847],[-111.6884,42.1865],[-111.6922,42.1908],[-111.7149,42.1814],[-111.7235,42.176],[-111.7335,42.1753],[-111.748,42.1862],[-111.761,42.1904],[-111.7635,42.1932],[-111.7696,42.1911],[-111.7737,42.1928],[-111.778,42.1928],[-111.7776,42.1966],[-111.7804,42.1978],[-111.7818,42.2008],[-111.7793,42.2059],[-111.7732,42.2087],[-111.7722,42.2115],[-111.769,42.2138],[-111.7693,42.221],[-111.7643,42.2232],[-111.763,42.2269],[-111.7581,42.2274],[-111.7575,42.2302],[-111.7546,42.2336],[-111.7474,42.2346],[-111.7396,42.2388],[-111.7358,42.25],[-111.7371,42.2517],[-111.7328,42.2553],[-111.7307,42.2618],[-111.7311,42.2647],[-111.7287,42.2698],[-111.7304,42.2724],[-111.7302,42.2746],[-111.7208,42.275],[-111.723,42.2781],[-111.7222,42.2841],[-111.7124,42.2886],[-111.7114,42.2923],[-111.707,42.2951],[-111.7002,42.2953],[-111.6955,42.2972],[-111.6846,42.3061],[-111.6758,42.3114],[-111.6725,42.3182],[-111.6687,42.3207],[-111.6745,42.3262]]]}},{"type":"Feature","properties":{"huc12":"160102020501","name":"Upper Cub River"},"geometry":{"type":"Polygon","coordinates":[[[-111.6172,42.186],[-111.6246,42.1893],[-111.6359,42.1853],[-111.6402,42.1859],[-111.6476,42.1805],[-111.6535,42.182],[-111.6584,42.1801],[-111.6591,42.1777],[-111.665,42.1738],[-111.6671,42.1651],[-111.6724,42.163],[-111.6741,42.16],[-111.6779,42.1591],[-111.6795,42.1573],[-111.6961,42.1601],[-111.6988,42.1594],[-111.7063,42.1546],[-111.7074,42.1509],[-111.7163,42.1429],[-111.727,42.1403],[-111.7334,42.1372],[-111.7361,42.1333],[-111.7399,42.1306],[-111.747,42.1297],[-111.7497,42.1245],[-111.7578,42.1234],[-111.7592,42.1188],[-111.7648,42.1177],[-111.767,42.1158],[-111.7651,42.1138],[-111.7655,42.1113],[-111.7608,42.1088],[-111.7604,42.1072],[-111.7508,42.1059],[-111.7492,42.1011],[-111.744,42.1041],[-111.7397,42.1031],[-111.7366,42.0966],[-111.7204,42.0983],[-111.7083,42.1014],[-111.7045,42.1045],[-111.7024,42.1084],[-111.6985,42.1105],[-111.6885,42.1121],[-111.6813,42.1156],[-111.6754,42.1166],[-111.6746,42.1242],[-111.6796,42.1258],[-111.676,42.1298],[-111.6697,42.1296],[-111.6667,42.1308],[-111.6606,42.1285],[-111.6522,42.1278],[-111.6443,42.1223],[-111.6423,42.1188],[-111.6404,42.1107],[-111.6347,42.1021],[-111.6385,42.0991],[-111.6437,42.084],[-111.6431,42.0775],[-111.6443,42.0716],[-111.6408,42.065],[-111.6408,42.0617],[-111.6437,42.0559],[-111.6519,42.0491],[-111.6503,42.0454],[-111.6472,42.0429],[-111.646,42.0391],[-111.6469,42.0349],[-111.6417,42.0326],[-111.6363,42.0352],[-111.6316,42.0329],[-111.6123,42.0333],[-111.5891,42.0383],[-111.5898,42.0433],[-111.5887,42.0506],[-111.5867,42.0525],[-111.5878,42.0587],[-111.5899,42.0609],[-111.5919,42.0725],[-111.5907,42.0746],[-111.5916,42.0791],[-111.5893,42.0829],[-111.5916,42.0845],[-111.5939,42.0934],[-111.5989,42.0985],[-111.6008,42.1062],[-111.5935,42.1138],[-111.5944,42.1167],[-111.5932,42.1201],[-111.5907,42.1212],[-111.5904,42.124],[-111.5921,42.1316],[-111.5891,42.1344],[-111.5898,42.1367],[-111.5871,42.1419],[-111.5905,42.1426],[-111.5976,42.1498],[-111.6062,42.1531],[-111.6107,42.1566],[-111.613,42.1638],[-111.6124,42.1727],[-111.6172,42.186]]]}},{"type":"Feature","properties":{"huc12":"160102020602","name":"Weston Creek"},"geometry":{"type":"Polygon","coordinates":[[[-112.0802,42.1785],[-112.0859,42.1807],[-112.0948,42.1793],[-112.1053,42.181],[-112.1131,42.1741],[-112.1203,42.1625],[-112.1222,42.1627],[-112.1227,42.1639],[-112.1284,42.1642],[-112.1347,42.1613],[-112.1364,42.1641],[-112.1411,42.1644],[-112.1465,42.1678],[-112.1511,42.1666],[-112.1536,42.1688],[-112.1579,42.1694],[-112.1637,42.1672],[-112.164,42.165],[-112.161,42.1575],[-112.1617,42.1507],[-112.1666,42.15],[-112.1683,42.1478],[-112.1658,42.1467],[-112.162,42.1419],[-112.1652,42.1375],[-112.1622,42.126],[-112.1641,42.1233],[-112.1681,42.1216],[-112.1683,42.1197],[-112.1651,42.1102],[-112.1654,42.1072],[-112.162,42.1034],[-112.1636,42.1019],[-112.1643,42.0969],[-112.1657,42.0954],[-112.1628,42.0925],[-112.1588,42.0917],[-112.1599,42.0884],[-112.1533,42.0833],[-112.1535,42.08],[-112.1561,42.0797],[-112.1566,42.0778],[-112.1623,42.0778],[-112.1605,42.0745],[-112.163,42.0717],[-112.156,42.0602],[-112.1523,42.0589],[-112.1531,42.0558],[-112.1517,42.054],[-112.1526,42.0494],[-112.1515,42.0477],[-112.1482,42.052],[-112.1427,42.053],[-112.1399,42.0509],[-112.1357,42.0517],[-112.1335,42.0575],[-112.1291,42.06],[-112.1217,42.0589],[-112.1141,42.0613],[-112.1084,42.0597],[-112.1083,42.0575],[-112.1051,42.0556],[-112.0927,42.0546],[-112.0882,42.0521],[-112.0794,42.0523],[-112.071,42.0498],[-112.0666,42.0501],[-112.0602,42.0473],[-112.054,42.0483],[-112.0507,42.0454],[-112.0433,42.0464],[-112.0381,42.0416],[-112.0317,42.04],[-112.0236,42.0343],[-112.0188,42.0351],[-112.0101,42.0316],[-111.9986,42.0297],[-111.9925,42.0302],[-111.9977,42.0184],[-111.9944,42.0224],[-111.9869,42.0272],[-111.9792,42.0291],[-111.9649,42.0274],[-111.9586,42.025],[-111.9541,42.0262],[-111.9424,42.0221],[-111.9337,42.0239],[-111.9305,42.0223],[-111.9249,42.0238],[-111.9288,42.0259],[-111.9332,42.026],[-111.9352,42.0288],[-111.9351,42.0312],[-111.94,42.0354],[-111.958,42.0453],[-111.9835,42.0439],[-111.9903,42.0398],[-111.993,42.0404],[-111.9954,42.043],[-111.9951,42.0445],[-111.9974,42.0461],[-112.0077,42.0474],[-112.0112,42.0525],[-112.0084,42.0554],[-112.0079,42.0606],[-112.0081,42.0668],[-112.0105,42.0729],[-112.0091,42.0743],[-112.0104,42.0842],[-112.0134,42.0857],[-112.0121,42.0879],[-112.0144,42.0922],[-112.0166,42.0943],[-112.0245,42.0962],[-112.0299,42.1003],[-112.0399,42.0996],[-112.0429,42.1055],[-112.0469,42.1087],[-112.049,42.1181],[-112.0532,42.1224],[-112.0563,42.1237],[-112.0586,42.1279],[-112.0685,42.1306],[-112.0757,42.1296],[-112.0806,42.1322],[-112.0775,42.1379],[-112.0786,42.1399],[-112.0756,42.1536],[-112.0764,42.1583],[-112.0731,42.1633],[-112.0808,42.1696],[-112.0818,42.1734],[-112.0802,42.1785]]]}},{"type":"Feature","properties":{"huc12":"160102020603","name":"Fivemile Creek-Bear River"},"geometry":{"type":"Polygon","coordinates":[[[-111.9289,42.1188],[-111.9455,42.1179],[-111.9478,42.12],[-111.9632,42.1209],[-111.9683,42.1283],[-111.9882,42.134],[-111.9945,42.1375],[-112.0019,42.138],[-112.0049,42.1397],[-112.0058,42.1419],[-112.0099,42.141],[-112.0175,42.1423],[-112.0415,42.1385],[-112.0446,42.1413],[-112.0465,42.1465],[-112.0566,42.1485],[-112.0657,42.1464],[-112.0765,42.1488],[-112.0786,42.1399],[-112.0776,42.1374],[-112.0806,42.1323],[-112.0757,42.1296],[-112.0685,42.1306],[-112.0586,42.1279],[-112.0563,42.1237],[-112.0532,42.1224],[-112.049,42.1181],[-112.0469,42.1087],[-112.0429,42.1055],[-112.0399,42.0996],[-112.0299,42.1003],[-112.0245,42.0962],[-112.0166,42.0943],[-112.0144,42.0922],[-112.0121,42.0879],[-112.0134,42.0857],[-112.0105,42.0845],[-112.0091,42.0743],[-112.0105,42.0729],[-112.008,42.0665],[-112.0084,42.0554],[-112.0112,42.0525],[-112.0072,42.0469],[-112.0008,42.0473],[-111.9974,42.0461],[-111.9951,42.0445],[-111.9954,42.043],[-111.993,42.0404],[-111.9903,42.0398],[-111.9835,42.0439],[-111.958,42.0453],[-111.94,42.0354],[-111.9351,42.0312],[-111.9352,42.0288],[-111.9332,42.026],[-111.9288,42.0259],[-111.922,42.0224],[-111.9192,42.0224],[-111.9159,42.0264],[-111.9053,42.0285],[-111.9071,42.0332],[-111.9052,42.0378],[-111.9065,42.0418],[-111.9054,42.0462],[-111.9093,42.0531],[-111.9085,42.0558],[-111.9099,42.0638],[-111.9083,42.0657],[-111.9087,42.0672],[-111.9011,42.0721],[-111.8973,42.0775],[-111.8974,42.079],[-111.8921,42.0821],[-111.8929,42.0853],[-111.8921,42.089],[-111.8899,42.0913],[-111.8915,42.093],[-111.8907,42.0965],[-111.8847,42.1045],[-111.8785,42.1084],[-111.8716,42.1162],[-111.8697,42.1208],[-111.87,42.125],[-111.8835,42.1168],[-111.8956,42.1142],[-111.9036,42.1182],[-111.9101,42.1174],[-111.9101,42.1162],[-111.914,42.1159],[-111.9141,42.1147],[-111.9179,42.1136],[-111.9234,42.1176],[-111.9289,42.1188]]]}},{"type":"Feature","properties":{"huc12":"160102020304","name":"Twin Lakes Reservoir"},"geometry":{"type":"Polygon","coordinates":[[[-111.9548,42.1932],[-111.9601,42.1972],[-111.9604,42.2006],[-111.9649,42.2046],[-111.9745,42.2067],[-111.9866,42.2006],[-112.0096,42.1984],[-112.0197,42.191],[-112.0259,42.1888],[-112.0327,42.1922],[-112.0402,42.191],[-112.0481,42.1922],[-112.0526,42.1917],[-112.0579,42.1936],[-112.0612,42.1928],[-112.0693,42.1886],[-112.0709,42.1865],[-112.0759,42.185],[-112.0802,42.1791],[-112.0818,42.1734],[-112.0808,42.1696],[-112.0731,42.1633],[-112.0764,42.1583],[-112.0756,42.1539],[-112.0766,42.149],[-112.066,42.1464],[-112.0571,42.1484],[-112.047,42.1467],[-112.0446,42.1413],[-112.0413,42.1384],[-112.0372,42.1399],[-112.0306,42.1396],[-112.0175,42.1423],[-112.0099,42.141],[-112.0058,42.1419],[-112.0049,42.1397],[-112.0019,42.138],[-111.9945,42.1375],[-111.9882,42.134],[-111.9683,42.1283],[-111.9632,42.1209],[-111.9478,42.12],[-111.9455,42.1179],[-111.93,42.1183],[-111.9289,42.1189],[-111.931,42.1239],[-111.9347,42.1284],[-111.9359,42.1362],[-111.9384,42.1391],[-111.9394,42.1452],[-111.9464,42.1612],[-111.9505,42.1663],[-111.9533,42.1739],[-111.9563,42.1779],[-111.9562,42.1792],[-111.9516,42.1816],[-111.9486,42.185],[-111.951,42.1874],[-111.9513,42.1913],[-111.9548,42.1932]]]}},{"type":"Feature","properties":{"huc12":"160102020303","name":"Oxford Slough-Deep Creek"},"geometry":{"type":"Polygon","coordinates":[[[-111.9025,42.2952],[-111.9072,42.2978],[-111.9096,42.2943],[-111.9142,42.2921],[-111.9195,42.2918],[-111.9203,42.2898],[-111.9227,42.2889],[-111.9291,42.2896],[-111.9324,42.2912],[-111.9349,42.2889],[-111.9381,42.2907],[-111.9413,42.2903],[-111.9423,42.2873],[-111.9457,42.2845],[-111.9511,42.2859],[-111.9574,42.2823],[-111.9578,42.2794],[-111.9605,42.2772],[-111.9696,42.2725],[-111.9726,42.2726],[-111.9771,42.2763],[-111.9836,42.2782],[-111.9997,42.2738],[-112.0005,42.2773],[-111.9986,42.2786],[-111.9999,42.2813],[-112.0091,42.2812],[-112.0116,42.2842],[-112.0237,42.2814],[-112.0295,42.277],[-112.0331,42.2773],[-112.0395,42.2803],[-112.043,42.2797],[-112.0606,42.2709],[-112.0672,42.2701],[-112.0718,42.2715],[-112.0781,42.2714],[-112.0822,42.274],[-112.0855,42.2736],[-112.0894,42.2749],[-112.0952,42.2738],[-112.0979,42.2695],[-112.0963,42.2673],[-112.0967,42.264],[-112.094,42.263],[-112.0936,42.2603],[-112.0904,42.2573],[-112.084,42.2465],[-112.0759,42.242],[-112.0743,42.2391],[-112.0747,42.2361],[-112.0703,42.2324],[-112.0691,42.2274],[-112.0619,42.2137],[-112.0608,42.2088],[-112.0703,42.2025],[-112.073,42.1971],[-112.0688,42.1949],[-112.07,42.1924],[-112.0693,42.1886],[-112.0579,42.1936],[-112.0526,42.1917],[-112.0481,42.1922],[-112.0402,42.191],[-112.0327,42.1922],[-112.0259,42.1888],[-112.0197,42.191],[-112.0096,42.1984],[-111.9866,42.2006],[-111.9745,42.2067],[-111.9649,42.2046],[-111.9604,42.2006],[-111.9601,42.1972],[-111.9548,42.1932],[-111.9528,42.1945],[-111.9505,42.1941],[-111.9478,42.1991],[-111.9427,42.1998],[-111.9384,42.207],[-111.9312,42.2122],[-111.9309,42.218],[-111.9285,42.2211],[-111.9251,42.2223],[-111.9205,42.2291],[-111.9234,42.2312],[-111.9239,42.2342],[-111.9213,42.2381],[-111.9168,42.2408],[-111.9117,42.2474],[-111.9077,42.2503],[-111.9082,42.2556],[-111.9034,42.2579],[-111.9009,42.2576],[-111.8947,42.2611],[-111.8952,42.2663],[-111.8888,42.2713],[-111.8903,42.2772],[-111.8896,42.2796],[-111.8938,42.2859],[-111.9016,42.2924],[-111.9025,42.2952]]]}},{"type":"Feature","properties":{"huc12":"160102020402","name":"Upper Mink Creek"},"geometry":{"type":"Polygon","coordinates":[[[-111.5855,42.308],[-111.5915,42.3097],[-111.5966,42.3034],[-111.6053,42.302],[-111.6085,42.2929],[-111.621,42.2867],[-111.6256,42.2875],[-111.6299,42.2854],[-111.6382,42.2851],[-111.653,42.2915],[-111.6607,42.2866],[-111.667,42.2858],[-111.6702,42.2825],[-111.6853,42.2733],[-111.6876,42.2663],[-111.6921,42.2651],[-111.6953,42.2656],[-111.7007,42.2629],[-111.7017,42.2609],[-111.7047,42.2607],[-111.7075,42.255],[-111.7062,42.2541],[-111.7068,42.2492],[-111.7123,42.2408],[-111.7008,42.2365],[-111.6973,42.2336],[-111.6903,42.2333],[-111.6813,42.2294],[-111.6759,42.2289],[-111.6663,42.2318],[-111.658,42.2296],[-111.6566,42.2306],[-111.6454,42.2304],[-111.6429,42.2226],[-111.6363,42.2175],[-111.6245,42.2117],[-111.6156,42.2225],[-111.6137,42.2276],[-111.6142,42.233],[-111.6129,42.237],[-111.6149,42.2405],[-111.6142,42.2464],[-111.6097,42.2503],[-111.6038,42.25],[-111.5998,42.2485],[-111.5971,42.2491],[-111.5964,42.2564],[-111.5913,42.2628],[-111.5884,42.2649],[-111.5841,42.2654],[-111.573,42.2699],[-111.5722,42.2712],[-111.5635,42.2747],[-111.5623,42.2765],[-111.5651,42.2784],[-111.5784,42.2804],[-111.5802,42.2851],[-111.5864,42.2878],[-111.5874,42.2932],[-111.5833,42.2947],[-111.5863,42.3039],[-111.5866,42.3067],[-111.5855,42.308]]]}},{"type":"Feature","properties":{"huc12":"160102020403","name":"Lower Mink Creek"},"geometry":{"type":"Polygon","coordinates":[[[-111.7123,42.2408],[-111.7162,42.2427],[-111.724,42.24],[-111.7296,42.2476],[-111.736,42.2508],[-111.7397,42.2387],[-111.7474,42.2346],[-111.7546,42.2336],[-111.7575,42.2302],[-111.7581,42.2274],[-111.763,42.2269],[-111.7643,42.2232],[-111.7692,42.2212],[-111.769,42.2138],[-111.7722,42.2115],[-111.7732,42.2087],[-111.7792,42.2059],[-111.7811,42.2031],[-111.7816,42.1997],[-111.7776,42.1966],[-111.7784,42.1929],[-111.7737,42.1928],[-111.7703,42.1911],[-111.7635,42.1932],[-111.761,42.1904],[-111.748,42.1862],[-111.7375,42.1792],[-111.7343,42.1755],[-111.7289,42.1751],[-111.7212,42.1768],[-111.7134,42.1821],[-111.6793,42.1957],[-111.6752,42.1954],[-111.6649,42.1908],[-111.6584,42.1801],[-111.6535,42.182],[-111.6476,42.1805],[-111.6402,42.1859],[-111.6359,42.1853],[-111.6246,42.1893],[-111.6262,42.1929],[-111.625,42.2008],[-111.6262,42.2086],[-111.6245,42.212],[-111.6363,42.2175],[-111.6429,42.2226],[-111.6453,42.2304],[-111.6566,42.2306],[-111.658,42.2296],[-111.6663,42.2318],[-111.6759,42.2289],[-111.6813,42.2294],[-111.6903,42.2333],[-111.6973,42.2336],[-111.7008,42.2365],[-111.7123,42.2408]]]}},{"type":"Feature","properties":{"huc12":"160102020404","name":"Upper Battle Creek"},"geometry":{"type":"Polygon","coordinates":[[[-111.8613,42.3288],[-111.8698,42.3292],[-111.8734,42.3261],[-111.8701,42.3246],[-111.872,42.3222],[-111.8637,42.3184],[-111.8643,42.317],[-111.8619,42.3115],[-111.8619,42.308],[-111.8639,42.3068],[-111.8641,42.3048],[-111.8769,42.3075],[-111.8805,42.3094],[-111.885,42.308],[-111.8872,42.3093],[-111.8934,42.3056],[-111.8954,42.3022],[-111.8984,42.3018],[-111.9026,42.2946],[-111.8824,42.2731],[-111.8647,42.2711],[-111.8581,42.2664],[-111.8552,42.2597],[-111.8595,42.2559],[-111.8613,42.2521],[-111.8713,42.2448],[-111.8736,42.2408],[-111.8777,42.2403],[-111.8774,42.2389],[-111.88,42.2353],[-111.8847,42.2345],[-111.8863,42.2323],[-111.8925,42.233],[-111.8985,42.225],[-111.9012,42.2241],[-111.9039,42.2183],[-111.8978,42.2198],[-111.8896,42.2179],[-111.8846,42.2181],[-111.8845,42.2193],[-111.8648,42.2284],[-111.8521,42.2222],[-111.8421,42.2225],[-111.8332,42.2211],[-111.8247,42.2236],[-111.8165,42.2229],[-111.8086,42.2302],[-111.8036,42.23],[-111.8006,42.2337],[-111.7997,42.2378],[-111.7959,42.2396],[-111.7921,42.2435],[-111.7914,42.2497],[-111.7845,42.2528],[-111.785,42.2564],[-111.7836,42.2633],[-111.7722,42.2667],[-111.774,42.2718],[-111.7678,42.2763],[-111.766,42.2832],[-111.7618,42.2858],[-111.7605,42.29],[-111.7618,42.2925],[-111.7598,42.2942],[-111.7698,42.2972],[-111.7809,42.294],[-111.7873,42.296],[-111.7911,42.2992],[-111.8003,42.3012],[-111.8058,42.3053],[-111.8104,42.3117],[-111.8095,42.3246],[-111.8169,42.3224],[-111.8198,42.3251],[-111.8217,42.3249],[-111.832,42.3206],[-111.8613,42.3288]]]}},{"type":"Feature","properties":{"huc12":"160102020405","name":"Lower Battle Creek"},"geometry":{"type":"Polygon","coordinates":[[[-111.8165,42.2229],[-111.8247,42.2236],[-111.8332,42.2211],[-111.8421,42.2225],[-111.8521,42.2222],[-111.8648,42.2284],[-111.8845,42.2193],[-111.8846,42.2181],[-111.8896,42.2179],[-111.8978,42.2198],[-111.9039,42.2183],[-111.9012,42.2241],[-111.8985,42.225],[-111.8925,42.233],[-111.8863,42.2323],[-111.8847,42.2345],[-111.88,42.2353],[-111.8774,42.2389],[-111.8777,42.2403],[-111.8736,42.2408],[-111.8713,42.2448],[-111.8613,42.2521],[-111.8595,42.2559],[-111.8549,42.2605],[-111.8581,42.2664],[-111.8637,42.2706],[-111.8673,42.272],[-111.8824,42.2731],[-111.8862,42.2777],[-111.8896,42.2796],[-111.8903,42.2772],[-111.8885,42.2721],[-111.8952,42.2662],[-111.8946,42.2612],[-111.9009,42.2576],[-111.9034,42.2579],[-111.9081,42.2557],[-111.9077,42.2503],[-111.9117,42.2474],[-111.9168,42.2408],[-111.9218,42.2376],[-111.9238,42.2331],[-111.9233,42.2311],[-111.9205,42.2291],[-111.9251,42.2223],[-111.9285,42.2211],[-111.9309,42.218],[-111.9312,42.2122],[-111.9384,42.207],[-111.9427,42.1998],[-111.9474,42.1993],[-111.9502,42.1943],[-111.9548,42.1932],[-111.9513,42.1913],[-111.951,42.1874],[-111.9486,42.185],[-111.9516,42.1816],[-111.9562,42.1792],[-111.9563,42.1779],[-111.9533,42.1739],[-111.9505,42.1663],[-111.9465,42.1614],[-111.9383,42.1406],[-111.925,42.1444],[-111.9234,42.1425],[-111.9181,42.1405],[-111.9133,42.1341],[-111.9113,42.1381],[-111.9104,42.1471],[-111.9132,42.1489],[-111.9131,42.151],[-111.9091,42.153],[-111.9053,42.1611],[-111.8892,42.1663],[-111.888,42.1681],[-111.8845,42.169],[-111.8737,42.1691],[-111.8694,42.1715],[-111.8618,42.1716],[-111.8592,42.1787],[-111.8439,42.1808],[-111.8389,42.1851],[-111.8371,42.1991],[-111.8333,42.2006],[-111.8283,42.2081],[-111.8196,42.2165],[-111.82,42.2188],[-111.8161,42.2213],[-111.8165,42.2229]]]}},{"type":"Feature","properties":{"huc12":"160102040104","name":"Elkhorn Creek-Little Malad River"},"geometry":{"type":"Polygon","coordinates":[[[-112.3306,42.3435],[-112.3378,42.3474],[-112.3522,42.3428],[-112.363,42.346],[-112.3748,42.3427],[-112.388,42.3423],[-112.3968,42.3456],[-112.4038,42.3455],[-112.4121,42.3494],[-112.4147,42.3495],[-112.4256,42.3434],[-112.4335,42.3476],[-112.4446,42.3451],[-112.4476,42.3457],[-112.4486,42.3441],[-112.4484,42.3388],[-112.4521,42.3419],[-112.4556,42.3427],[-112.4573,42.3455],[-112.4658,42.347],[-112.4756,42.3571],[-112.4838,42.3573],[-112.4864,42.3562],[-112.4896,42.3575],[-112.4931,42.3564],[-112.4988,42.3571],[-112.5001,42.3561],[-112.5004,42.3522],[-112.509,42.3519],[-112.5092,42.3495],[-112.5135,42.3469],[-112.5199,42.3468],[-112.5219,42.3448],[-112.5267,42.3438],[-112.5253,42.3368],[-112.5304,42.336],[-112.5272,42.3297],[-112.5275,42.3275],[-112.5295,42.326],[-112.5241,42.3259],[-112.5208,42.3209],[-112.5252,42.3097],[-112.5281,42.3084],[-112.53,42.3059],[-112.5307,42.3004],[-112.5298,42.2966],[-112.5339,42.294],[-112.5312,42.2872],[-112.5314,42.2837],[-112.5333,42.282],[-112.5334,42.2787],[-112.5394,42.2795],[-112.5448,42.2822],[-112.5476,42.2802],[-112.5521,42.2798],[-112.5518,42.277],[-112.5452,42.2743],[-112.5449,42.2715],[-112.5426,42.2698],[-112.5437,42.2675],[-112.5425,42.2662],[-112.5351,42.2658],[-112.53,42.2638],[-112.5309,42.2625],[-112.529,42.2594],[-112.5322,42.2567],[-112.5298,42.2548],[-112.5294,42.2527],[-112.5227,42.2497],[-112.5274,42.246],[-112.5271,42.2424],[-112.5242,42.2395],[-112.5252,42.2384],[-112.524,42.2349],[-112.5193,42.2312],[-112.5105,42.2329],[-112.5054,42.2295],[-112.4988,42.2288],[-112.4974,42.2329],[-112.4895,42.2367],[-112.4823,42.2426],[-112.4809,42.2463],[-112.4672,42.2463],[-112.4647,42.2482],[-112.4586,42.249],[-112.4565,42.2515],[-112.4516,42.2533],[-112.4485,42.2597],[-112.4331,42.2646],[-112.4287,42.2678],[-112.4049,42.2784],[-112.3976,42.2834],[-112.3987,42.2879],[-112.3963,42.288],[-112.3885,42.292],[-112.3827,42.293],[-112.3619,42.308],[-112.3517,42.3114],[-112.3454,42.315],[-112.3435,42.3185],[-112.3387,42.3185],[-112.3275,42.3238],[-112.3273,42.3264],[-112.3287,42.3291],[-112.3283,42.3374],[-112.3306,42.3409],[-112.3306,42.3435]]]}},{"type":"Feature","properties":{"huc12":"160102040105","name":"John Evans Canyon"},"geometry":{"type":"Polygon","coordinates":[[[-112.3725,42.2381],[-112.3696,42.2409],[-112.3612,42.2414],[-112.361,42.243],[-112.3754,42.2481],[-112.3787,42.2516],[-112.3839,42.2533],[-112.3934,42.2517],[-112.3987,42.2526],[-112.4012,42.2508],[-112.4066,42.2514],[-112.4251,42.2437],[-112.4283,42.2454],[-112.4403,42.2452],[-112.4392,42.2502],[-112.4463,42.2497],[-112.4512,42.2512],[-112.4647,42.2482],[-112.4672,42.2463],[-112.4809,42.2463],[-112.4823,42.2426],[-112.4895,42.2367],[-112.4974,42.2329],[-112.4988,42.2288],[-112.4938,42.2255],[-112.4891,42.2254],[-112.4833,42.2143],[-112.4839,42.2088],[-112.4778,42.2041],[-112.473,42.2029],[-112.4723,42.2],[-112.4676,42.1985],[-112.4642,42.1993],[-112.4535,42.198],[-112.4514,42.2001],[-112.453,42.2037],[-112.4484,42.207],[-112.4428,42.2052],[-112.4342,42.2045],[-112.4217,42.2059],[-112.4185,42.2078],[-112.4186,42.212],[-112.4171,42.2137],[-112.4183,42.217],[-112.4178,42.2217],[-112.4115,42.2241],[-112.4069,42.2296],[-112.406,42.2341],[-112.4038,42.2353],[-112.3991,42.2366],[-112.3909,42.2364],[-112.3876,42.238],[-112.3725,42.2381]]]}},{"type":"Feature","properties":{"huc12":"160102040106","name":"Kents Canyon-Little Malad River"},"geometry":{"type":"Polygon","coordinates":[[[-112.2912,42.3166],[-112.3036,42.3258],[-112.3069,42.3267],[-112.3152,42.322],[-112.3272,42.3241],[-112.3387,42.3185],[-112.3435,42.3185],[-112.3454,42.315],[-112.3517,42.3114],[-112.3619,42.308],[-112.3827,42.293],[-112.3885,42.292],[-112.3963,42.288],[-112.3987,42.2879],[-112.3976,42.2834],[-112.4001,42.2809],[-112.4287,42.2678],[-112.4331,42.2646],[-112.4485,42.2597],[-112.45,42.2551],[-112.4565,42.2515],[-112.4578,42.2495],[-112.4509,42.2512],[-112.4463,42.2497],[-112.4393,42.2502],[-112.4403,42.2452],[-112.4283,42.2454],[-112.4251,42.2437],[-112.4066,42.2514],[-112.4012,42.2508],[-112.3987,42.2526],[-112.3934,42.2517],[-112.3839,42.2533],[-112.3787,42.2516],[-112.3754,42.2481],[-112.361,42.243],[-112.3612,42.2414],[-112.3696,42.2409],[-112.3725,42.2381],[-112.3687,42.235],[-112.3616,42.2347],[-112.3558,42.229],[-112.3554,42.2212],[-112.3565,42.2191],[-112.3551,42.213],[-112.3607,42.2105],[-112.3596,42.2044],[-112.3564,42.1987],[-112.3589,42.1947],[-112.3493,42.1896],[-112.3472,42.1862],[-112.346,42.1785],[-112.3427,42.173],[-112.3387,42.1693],[-112.3371,42.1637],[-112.3316,42.156],[-112.3267,42.1521],[-112.322,42.1408],[-112.3192,42.1378],[-112.304,42.1284],[-112.3018,42.1251],[-112.2937,42.1231],[-112.2886,42.1198],[-112.2858,42.129],[-112.2858,42.1345],[-112.2904,42.1416],[-112.2895,42.1477],[-112.2927,42.1539],[-112.2938,42.1615],[-112.2997,42.1713],[-112.3011,42.1778],[-112.2974,42.1906],[-112.2912,42.197],[-112.2907,42.2008],[-112.2893,42.202],[-112.2921,42.2095],[-112.2893,42.2122],[-112.289,42.2146],[-112.2926,42.2175],[-112.3016,42.2318],[-112.3031,42.2457],[-112.3002,42.2529],[-112.2907,42.2596],[-112.2866,42.2655],[-112.2911,42.2735],[-112.2945,42.2852],[-112.2943,42.2906],[-112.2975,42.2979],[-112.2943,42.3028],[-112.2915,42.3047],[-112.2954,42.3093],[-112.2912,42.3166]]]}},{"type":"Feature","properties":{"huc12":"160102040201","name":"North Canyon-Malad River"},"geometry":{"type":"Polygon","coordinates":[[[-112.3725,42.2381],[-112.3876,42.238],[-112.3909,42.2364],[-112.3991,42.2366],[-112.4058,42.2343],[-112.4069,42.2296],[-112.4115,42.2241],[-112.4178,42.2217],[-112.4183,42.217],[-112.4171,42.2137],[-112.4186,42.212],[-112.4185,42.2078],[-112.4215,42.206],[-112.4342,42.2045],[-112.4428,42.2052],[-112.4484,42.207],[-112.453,42.2037],[-112.4514,42.2001],[-112.4529,42.198],[-112.4642,42.1993],[-112.4676,42.1985],[-112.4723,42.2],[-112.474,42.1952],[-112.4717,42.1919],[-112.4696,42.1899],[-112.4638,42.1901],[-112.4551,42.1849],[-112.4567,42.1793],[-112.4555,42.1762],[-112.4498,42.1739],[-112.4547,42.1613],[-112.4501,42.1533],[-112.4518,42.1498],[-112.448,42.1462],[-112.4258,42.1503],[-112.4235,42.1476],[-112.4184,42.147],[-112.4159,42.148],[-112.4125,42.1465],[-112.3929,42.1543],[-112.3875,42.1531],[-112.3835,42.1539],[-112.3699,42.1478],[-112.3529,42.1445],[-112.3443,42.1469],[-112.333,42.1466],[-112.3316,42.156],[-112.3371,42.1637],[-112.3387,42.1693],[-112.3427,42.173],[-112.346,42.1785],[-112.3477,42.1872],[-112.3493,42.1896],[-112.359,42.1949],[-112.3564,42.1987],[-112.3596,42.2044],[-112.3607,42.2105],[-112.3551,42.213],[-112.3565,42.2191],[-112.3554,42.2212],[-112.3558,42.229],[-112.3616,42.2347],[-112.3687,42.235],[-112.3725,42.2381]]]}},{"type":"Feature","properties":{"huc12":"160102040202","name":"Big Hollow-Malad River"},"geometry":{"type":"Polygon","coordinates":[[[-112.2886,42.1198],[-112.2937,42.1231],[-112.3018,42.1251],[-112.304,42.1284],[-112.3192,42.1378],[-112.3232,42.1428],[-112.3267,42.1521],[-112.3316,42.156],[-112.3334,42.1462],[-112.3443,42.1469],[-112.3529,42.1445],[-112.3699,42.1478],[-112.3835,42.1539],[-112.3875,42.1531],[-112.3929,42.1543],[-112.4125,42.1465],[-112.4159,42.148],[-112.4184,42.147],[-112.4235,42.1476],[-112.4258,42.1503],[-112.448,42.1462],[-112.4499,42.1435],[-112.4483,42.1415],[-112.4494,42.1348],[-112.4475,42.1314],[-112.4441,42.1303],[-112.4461,42.1276],[-112.4435,42.1234],[-112.4451,42.12],[-112.4407,42.1183],[-112.4394,42.1158],[-112.4404,42.1087],[-112.4338,42.1077],[-112.4308,42.1051],[-112.4272,42.1054],[-112.426,42.1028],[-112.42,42.0972],[-112.4132,42.0968],[-112.414,42.1032],[-112.4119,42.1087],[-112.4091,42.1119],[-112.4046,42.114],[-112.3988,42.112],[-112.3891,42.1126],[-112.3823,42.1163],[-112.3709,42.1194],[-112.3594,42.1207],[-112.3577,42.1195],[-112.3552,42.12],[-112.3482,42.116],[-112.3447,42.1158],[-112.3385,42.1198],[-112.3284,42.1232],[-112.3253,42.123],[-112.3223,42.1191],[-112.3141,42.118],[-112.3081,42.1157],[-112.2906,42.1049],[-112.287,42.1053],[-112.283,42.1087],[-112.2808,42.1136],[-112.2886,42.1198]]]}},{"type":"Feature","properties":{"huc12":"160102040204","name":"Lower Devil Creek"},"geometry":{"type":"Polygon","coordinates":[[[-112.1213,42.2668],[-112.1393,42.2705],[-112.1427,42.274],[-112.1508,42.2711],[-112.1541,42.2667],[-112.1598,42.2668],[-112.1661,42.264],[-112.1785,42.2745],[-112.1838,42.2739],[-112.1856,42.2753],[-112.1893,42.2722],[-112.2013,42.2722],[-112.2108,42.2769],[-112.2133,42.276],[-112.2171,42.277],[-112.2227,42.2818],[-112.2337,42.2808],[-112.2376,42.2834],[-112.2377,42.285],[-112.2444,42.2848],[-112.2498,42.2871],[-112.2542,42.2868],[-112.2573,42.2904],[-112.2692,42.2925],[-112.2729,42.2897],[-112.2788,42.289],[-112.2815,42.2927],[-112.286,42.2944],[-112.2875,42.3035],[-112.2915,42.3047],[-112.2943,42.3028],[-112.2975,42.2979],[-112.2943,42.2906],[-112.2945,42.2852],[-112.2911,42.2735],[-112.2866,42.2655],[-112.2907,42.2596],[-112.3002,42.2529],[-112.3031,42.2457],[-112.3016,42.2318],[-112.2926,42.2175],[-112.289,42.2149],[-112.2893,42.2122],[-112.2921,42.2095],[-112.2893,42.202],[-112.2907,42.2008],[-112.2912,42.197],[-112.2974,42.1906],[-112.301,42.1758],[-112.2981,42.1677],[-112.2938,42.1615],[-112.2927,42.1539],[-112.2895,42.1477],[-112.2904,42.1416],[-112.2858,42.1345],[-112.2858,42.129],[-112.2887,42.1197],[-112.281,42.1142],[-112.2804,42.108],[-112.2772,42.103],[-112.2655,42.1006],[-112.2627,42.0981],[-112.2566,42.1114],[-112.2528,42.1157],[-112.2532,42.1268],[-112.2571,42.1297],[-112.2577,42.1319],[-112.2578,42.1465],[-112.2555,42.1504],[-112.2592,42.1574],[-112.2553,42.1653],[-112.2546,42.1724],[-112.2522,42.1769],[-112.2431,42.1872],[-112.2433,42.1915],[-112.2473,42.1961],[-112.2467,42.1993],[-112.2489,42.2049],[-112.2489,42.2101],[-112.2451,42.2203],[-112.2379,42.2254],[-112.2303,42.234],[-112.2181,42.2362],[-112.2162,42.2401],[-112.2127,42.2421],[-112.2109,42.2452],[-112.2057,42.2443],[-112.2021,42.2454],[-112.1986,42.2491],[-112.1916,42.2506],[-112.1853,42.2509],[-112.1758,42.2473],[-112.172,42.2504],[-112.1649,42.253],[-112.1646,42.2555],[-112.1584,42.2554],[-112.1555,42.259],[-112.1504,42.2597],[-112.1441,42.2634],[-112.1405,42.2645],[-112.1392,42.2628],[-112.136,42.2622],[-112.1353,42.2633],[-112.1213,42.2668]]]}},{"type":"Feature","properties":{"huc12":"160102040205","name":"Upper Deep Creek"},"geometry":{"type":"Polygon","coordinates":[[[-112.0979,42.2695],[-112.104,42.2681],[-112.1133,42.2693],[-112.117,42.2663],[-112.1201,42.2664],[-112.1255,42.2593],[-112.1257,42.2559],[-112.1276,42.2529],[-112.1334,42.2495],[-112.1371,42.2442],[-112.1471,42.2433],[-112.1486,42.24],[-112.1561,42.2371],[-112.157,42.2288],[-112.1591,42.228],[-112.1611,42.2225],[-112.1658,42.2162],[-112.169,42.2151],[-112.1697,42.2118],[-112.1739,42.21],[-112.1774,42.21],[-112.1801,42.2073],[-112.1851,42.2077],[-112.1893,42.2037],[-112.1948,42.2032],[-112.1941,42.198],[-112.1905,42.1956],[-112.1903,42.1861],[-112.181,42.1853],[-112.1817,42.1831],[-112.1773,42.1793],[-112.1765,42.1754],[-112.1726,42.1724],[-112.1686,42.1714],[-112.1643,42.1726],[-112.1613,42.168],[-112.1579,42.1694],[-112.1536,42.1688],[-112.1511,42.1666],[-112.1465,42.1678],[-112.1411,42.1644],[-112.1364,42.1641],[-112.1353,42.1616],[-112.1337,42.1612],[-112.1317,42.1635],[-112.1284,42.1642],[-112.1227,42.1639],[-112.1222,42.1627],[-112.1202,42.1626],[-112.1131,42.1741],[-112.1053,42.181],[-112.0948,42.1793],[-112.0859,42.1807],[-112.0802,42.1785],[-112.076,42.1849],[-112.0705,42.1868],[-112.069,42.1892],[-112.07,42.1924],[-112.0687,42.1947],[-112.073,42.1971],[-112.0703,42.2025],[-112.0608,42.2088],[-112.0619,42.2137],[-112.0691,42.2274],[-112.0703,42.2324],[-112.0747,42.2361],[-112.0753,42.2411],[-112.0844,42.2469],[-112.0904,42.2573],[-112.0936,42.2603],[-112.094,42.263],[-112.0967,42.264],[-112.0963,42.2673],[-112.0979,42.2695]]]}},{"type":"Feature","properties":{"huc12":"160102040206","name":"Lower Deep Creek"},"geometry":{"type":"Polygon","coordinates":[[[-112.1201,42.2664],[-112.1265,42.2657],[-112.1353,42.2633],[-112.136,42.2622],[-112.1392,42.2628],[-112.1405,42.2645],[-112.1441,42.2634],[-112.1504,42.2597],[-112.1555,42.259],[-112.1584,42.2554],[-112.1646,42.2555],[-112.1649,42.253],[-112.172,42.2504],[-112.1758,42.2473],[-112.1853,42.2509],[-112.1916,42.2506],[-112.1986,42.2491],[-112.2021,42.2454],[-112.2057,42.2443],[-112.2109,42.2452],[-112.2127,42.2421],[-112.2162,42.2401],[-112.2181,42.2362],[-112.2303,42.234],[-112.2379,42.2254],[-112.2457,42.2196],[-112.2489,42.2101],[-112.2489,42.2044],[-112.2467,42.1993],[-112.2473,42.1961],[-112.2433,42.1915],[-112.2431,42.1872],[-112.2522,42.1769],[-112.2546,42.1724],[-112.2553,42.1653],[-112.2592,42.1574],[-112.2555,42.1504],[-112.2578,42.1465],[-112.2577,42.1319],[-112.2571,42.1297],[-112.253,42.1259],[-112.2528,42.1157],[-112.2566,42.1114],[-112.2589,42.1059],[-112.2585,42.0984],[-112.2552,42.0928],[-112.2239,42.0939],[-112.1851,42.0892],[-112.1762,42.0913],[-112.1716,42.0956],[-112.1681,42.0949],[-112.1643,42.0968],[-112.1636,42.1019],[-112.162,42.1034],[-112.1654,42.1072],[-112.1651,42.1102],[-112.1666,42.1123],[-112.1683,42.121],[-112.1641,42.1233],[-112.1622,42.1259],[-112.1652,42.1375],[-112.162,42.1419],[-112.1658,42.1467],[-112.1683,42.1478],[-112.1666,42.15],[-112.1617,42.1507],[-112.161,42.1575],[-112.1641,42.1663],[-112.1613,42.168],[-112.1643,42.1726],[-112.1691,42.1714],[-112.1764,42.1753],[-112.1773,42.1793],[-112.1817,42.1831],[-112.181,42.1853],[-112.1903,42.1861],[-112.1905,42.1956],[-112.1941,42.198],[-112.1951,42.2027],[-112.1889,42.2039],[-112.1887,42.2053],[-112.1851,42.2077],[-112.1801,42.2073],[-112.1774,42.21],[-112.1739,42.21],[-112.1697,42.2118],[-112.169,42.2151],[-112.1658,42.2162],[-112.1611,42.2225],[-112.1591,42.228],[-112.157,42.2288],[-112.1561,42.2371],[-112.1486,42.24],[-112.1471,42.2433],[-112.1371,42.2442],[-112.1334,42.2495],[-112.1276,42.2529],[-112.1257,42.2559],[-112.1255,42.2593],[-112.1201,42.2664]]]}},{"type":"Feature","properties":{"huc12":"160102040207","name":"Samaria Creek-Malad River"},"geometry":{"type":"Polygon","coordinates":[[[-112.2809,42.112],[-112.287,42.1053],[-112.2906,42.1049],[-112.2996,42.1096],[-112.3064,42.1148],[-112.3134,42.1178],[-112.3223,42.1191],[-112.3244,42.1223],[-112.3269,42.1232],[-112.3385,42.1198],[-112.3447,42.1158],[-112.3482,42.116],[-112.3552,42.12],[-112.3577,42.1195],[-112.3594,42.1207],[-112.3709,42.1194],[-112.3823,42.1163],[-112.3891,42.1126],[-112.3988,42.112],[-112.4046,42.114],[-112.4091,42.1119],[-112.4119,42.1087],[-112.414,42.1032],[-112.4136,42.0977],[-112.4121,42.0951],[-112.4135,42.0913],[-112.4167,42.0877],[-112.4151,42.0863],[-112.4164,42.0836],[-112.4155,42.0804],[-112.4205,42.0761],[-112.4204,42.0731],[-112.4153,42.0683],[-112.4143,42.0659],[-112.4098,42.0636],[-112.4041,42.0636],[-112.4008,42.0659],[-112.3978,42.0647],[-112.3867,42.066],[-112.3807,42.064],[-112.3734,42.0645],[-112.3728,42.0615],[-112.3656,42.0591],[-112.3648,42.057],[-112.3618,42.056],[-112.3579,42.0561],[-112.3489,42.0595],[-112.3439,42.0585],[-112.3403,42.0601],[-112.3339,42.0606],[-112.3125,42.0553],[-112.3015,42.0575],[-112.295,42.0621],[-112.2879,42.055],[-112.286,42.0552],[-112.2817,42.057],[-112.2764,42.0618],[-112.2761,42.067],[-112.2801,42.0692],[-112.2799,42.0753],[-112.2737,42.0762],[-112.2728,42.0808],[-112.267,42.0853],[-112.2549,42.0902],[-112.2533,42.0922],[-112.2552,42.0928],[-112.2585,42.0984],[-112.2588,42.1067],[-112.2627,42.0981],[-112.2655,42.1006],[-112.2772,42.103],[-112.2804,42.108],[-112.2809,42.112]]]}},{"type":"Feature","properties":{"huc12":"160203090103","name":"Meadow Brook Creek"},"geometry":{"type":"Polygon","coordinates":[[[-112.7293,42.2237],[-112.7391,42.2248],[-112.745,42.224],[-112.7512,42.2361],[-112.7553,42.2379],[-112.758,42.2426],[-112.7627,42.2438],[-112.7683,42.2424],[-112.7779,42.2495],[-112.7822,42.2491],[-112.7885,42.2516],[-112.7907,42.25],[-112.7915,42.2475],[-112.7873,42.2433],[-112.7959,42.2436],[-112.8084,42.2407],[-112.8136,42.2419],[-112.8203,42.2408],[-112.8235,42.2414],[-112.8287,42.2379],[-112.831,42.2381],[-112.8334,42.2359],[-112.8403,42.2337],[-112.8497,42.2346],[-112.8546,42.2366],[-112.8602,42.2354],[-112.8608,42.2342],[-112.8599,42.2321],[-112.8448,42.2305],[-112.8433,42.2279],[-112.8347,42.2213],[-112.8337,42.219],[-112.8246,42.2215],[-112.8238,42.2145],[-112.8203,42.2124],[-112.8226,42.2108],[-112.8228,42.2091],[-112.8221,42.2033],[-112.818,42.1927],[-112.8198,42.1916],[-112.8194,42.1896],[-112.8123,42.1827],[-112.8128,42.1806],[-112.8062,42.1814],[-112.7952,42.173],[-112.7631,42.1727],[-112.7611,42.1721],[-112.7583,42.1684],[-112.7558,42.1677],[-112.7463,42.1766],[-112.7424,42.1772],[-112.7385,42.1753],[-112.7318,42.1785],[-112.7259,42.1776],[-112.7215,42.1799],[-112.72,42.1861],[-112.7211,42.1885],[-112.7241,42.1894],[-112.7249,42.1936],[-112.7239,42.1955],[-112.7258,42.1973],[-112.7262,42.2141],[-112.7278,42.2167],[-112.7276,42.2195],[-112.7307,42.2202],[-112.7293,42.2237]]]}},{"type":"Feature","properties":{"huc12":"160203090104","name":"Upper Rock Creek"},"geometry":{"type":"Polygon","coordinates":[[[-112.6956,42.3175],[-112.6992,42.323],[-112.7,42.3275],[-112.705,42.3295],[-112.7072,42.3327],[-112.7058,42.3352],[-112.7078,42.3372],[-112.7095,42.3431],[-112.7125,42.345],[-112.7112,42.3482],[-112.7139,42.3522],[-112.7185,42.3551],[-112.7168,42.3599],[-112.7181,42.3612],[-112.7232,42.3618],[-112.7235,42.3601],[-112.7272,42.3583],[-112.7316,42.3583],[-112.7383,42.3552],[-112.7392,42.3526],[-112.7431,42.351],[-112.7483,42.3524],[-112.7604,42.3512],[-112.7685,42.3491],[-112.7729,42.3462],[-112.7784,42.348],[-112.7855,42.346],[-112.7893,42.3467],[-112.7927,42.3456],[-112.7993,42.3409],[-112.7989,42.3361],[-112.8004,42.3306],[-112.7981,42.3224],[-112.8059,42.3139],[-112.8062,42.3091],[-112.804,42.3069],[-112.8063,42.2985],[-112.8055,42.2897],[-112.8103,42.2887],[-112.8116,42.2856],[-112.8109,42.2814],[-112.8189,42.2805],[-112.8162,42.2773],[-112.8167,42.273],[-112.8154,42.2696],[-112.8266,42.2621],[-112.8411,42.2575],[-112.8536,42.2581],[-112.8588,42.2557],[-112.8632,42.2553],[-112.8667,42.251],[-112.8643,42.2491],[-112.8642,42.2465],[-112.8589,42.2391],[-112.8602,42.2354],[-112.8546,42.2366],[-112.8497,42.2346],[-112.8403,42.2337],[-112.8334,42.2359],[-112.831,42.2381],[-112.8287,42.2379],[-112.8235,42.2414],[-112.8203,42.2408],[-112.8136,42.2419],[-112.8084,42.2407],[-112.7959,42.2436],[-112.7873,42.2433],[-112.7915,42.2475],[-112.7907,42.25],[-112.7885,42.2516],[-112.7822,42.2491],[-112.7779,42.2495],[-112.7683,42.2424],[-112.7627,42.2438],[-112.758,42.2426],[-112.7553,42.2379],[-112.7512,42.2361],[-112.745,42.224],[-112.7391,42.2248],[-112.7293,42.2237],[-112.7272,42.2294],[-112.7228,42.2314],[-112.7238,42.2366],[-112.7273,42.2411],[-112.7271,42.2456],[-112.7202,42.2516],[-112.7155,42.2594],[-112.7116,42.2605],[-112.7091,42.2661],[-112.7017,42.2714],[-112.7026,42.2788],[-112.7,42.2861],[-112.703,42.2917],[-112.7015,42.2961],[-112.7029,42.2996],[-112.6968,42.3034],[-112.6986,42.3105],[-112.6941,42.3132],[-112.6956,42.3175]]]}},{"type":"Feature","properties":{"huc12":"160203090105","name":"Lower Rock Creek"},"geometry":{"type":"Polygon","coordinates":[[[-112.6714,42.2877],[-112.673,42.2912],[-112.6784,42.294],[-112.6754,42.2959],[-112.6731,42.2996],[-112.6714,42.3036],[-112.6719,42.3071],[-112.6684,42.3092],[-112.6678,42.312],[-112.6698,42.3181],[-112.678,42.3175],[-112.6829,42.3146],[-112.6848,42.3162],[-112.6956,42.3175],[-112.6941,42.3132],[-112.6986,42.3105],[-112.6968,42.3034],[-112.7029,42.2996],[-112.7015,42.2961],[-112.703,42.2917],[-112.7,42.2861],[-112.7026,42.2788],[-112.7018,42.2712],[-112.7091,42.2661],[-112.7116,42.2605],[-112.7155,42.2594],[-112.7202,42.2516],[-112.7274,42.245],[-112.7273,42.2411],[-112.7238,42.2366],[-112.7228,42.2314],[-112.7272,42.2294],[-112.7307,42.2202],[-112.7276,42.2195],[-112.7278,42.2167],[-112.7262,42.2141],[-112.7258,42.1973],[-112.7239,42.1955],[-112.7249,42.1936],[-112.7241,42.1894],[-112.7211,42.1885],[-112.72,42.1861],[-112.7199,42.1835],[-112.7215,42.1815],[-112.7174,42.1803],[-112.7096,42.1745],[-112.7046,42.1726],[-112.7043,42.1703],[-112.7065,42.1673],[-112.7039,42.1613],[-112.7005,42.1601],[-112.6928,42.1514],[-112.6833,42.1533],[-112.6785,42.1563],[-112.67,42.1583],[-112.6653,42.1618],[-112.6603,42.1636],[-112.6419,42.1627],[-112.6381,42.1678],[-112.6421,42.175],[-112.6423,42.1804],[-112.6449,42.1846],[-112.6449,42.191],[-112.6525,42.1961],[-112.6541,42.1992],[-112.6522,42.2015],[-112.6552,42.2035],[-112.6551,42.2061],[-112.6568,42.2077],[-112.6552,42.2117],[-112.6593,42.2137],[-112.6654,42.2201],[-112.6673,42.2204],[-112.6718,42.2298],[-112.6713,42.2378],[-112.6679,42.2395],[-112.6664,42.2428],[-112.669,42.2485],[-112.6725,42.2511],[-112.6738,42.2546],[-112.6778,42.2547],[-112.6763,42.258],[-112.6781,42.2625],[-112.6735,42.2736],[-112.6741,42.2793],[-112.6759,42.2827],[-112.6723,42.2855],[-112.6714,42.2877]]]}},{"type":"Feature","properties":{"huc12":"160203090106","name":"Sheep Creek-Deep Creek"},"geometry":{"type":"Polygon","coordinates":[[[-112.5522,42.2796],[-112.5644,42.276],[-112.5722,42.2793],[-112.5766,42.2769],[-112.58,42.2713],[-112.5837,42.2701],[-112.5876,42.2708],[-112.5909,42.266],[-112.5959,42.2633],[-112.6013,42.2661],[-112.6122,42.2661],[-112.6177,42.2678],[-112.6238,42.2667],[-112.631,42.2689],[-112.6435,42.276],[-112.6577,42.279],[-112.6628,42.2861],[-112.6714,42.2877],[-112.6723,42.2855],[-112.6756,42.2839],[-112.6735,42.2736],[-112.6781,42.2628],[-112.6763,42.258],[-112.678,42.2551],[-112.6738,42.2546],[-112.6725,42.2511],[-112.669,42.2485],[-112.6664,42.2428],[-112.6679,42.2395],[-112.6713,42.2378],[-112.6723,42.2324],[-112.6714,42.2284],[-112.6673,42.2204],[-112.6654,42.2201],[-112.6593,42.2137],[-112.6552,42.2117],[-112.6568,42.2077],[-112.6551,42.2061],[-112.6552,42.2035],[-112.6522,42.2015],[-112.6541,42.1992],[-112.6525,42.1961],[-112.6449,42.191],[-112.6449,42.1846],[-112.6423,42.1804],[-112.6421,42.175],[-112.6383,42.1691],[-112.6384,42.1668],[-112.6411,42.163],[-112.6379,42.1626],[-112.6299,42.1652],[-112.6209,42.1727],[-112.6104,42.1762],[-112.6082,42.1843],[-112.6107,42.1866],[-112.6088,42.1904],[-112.6037,42.1906],[-112.5938,42.1943],[-112.5825,42.2005],[-112.5808,42.2061],[-112.5764,42.209],[-112.5621,42.211],[-112.5577,42.2162],[-112.5515,42.217],[-112.5496,42.2199],[-112.5505,42.222],[-112.5487,42.2265],[-112.5452,42.2287],[-112.5359,42.2246],[-112.532,42.2258],[-112.5246,42.2249],[-112.5197,42.2303],[-112.5193,42.2312],[-112.5243,42.2352],[-112.5252,42.2384],[-112.5242,42.2395],[-112.5272,42.2426],[-112.5274,42.2462],[-112.5227,42.2497],[-112.5294,42.2527],[-112.5298,42.2548],[-112.5323,42.2569],[-112.529,42.2594],[-112.5309,42.2625],[-112.53,42.2638],[-112.5351,42.2658],[-112.5429,42.2664],[-112.5437,42.2675],[-112.5426,42.2698],[-112.5449,42.2715],[-112.5452,42.2743],[-112.5515,42.2766],[-112.5522,42.2796]]]}},{"type":"Feature","properties":{"huc12":"160203090201","name":"Headwaters Glen Canyon"},"geometry":{"type":"Polygon","coordinates":[[[-112.9239,42.2301],[-112.928,42.2298],[-112.9293,42.2283],[-112.9355,42.2267],[-112.9396,42.2272],[-112.9497,42.2198],[-112.9629,42.2208],[-112.9656,42.2224],[-112.969,42.2208],[-112.9687,42.2181],[-112.9698,42.2172],[-112.9779,42.2168],[-112.9794,42.2151],[-112.9839,42.2174],[-112.9867,42.2207],[-112.9895,42.2186],[-112.9906,42.2202],[-112.9951,42.2196],[-112.9962,42.2211],[-113.0004,42.221],[-113.003,42.2234],[-113.0071,42.2236],[-113.0203,42.2201],[-113.023,42.2159],[-113.0313,42.2146],[-113.0324,42.2122],[-113.0364,42.2108],[-113.0408,42.205],[-113.0456,42.2029],[-113.0459,42.1981],[-113.0437,42.1939],[-113.054,42.1909],[-113.0619,42.1854],[-113.0813,42.1783],[-113.091,42.1657],[-113.0956,42.1625],[-113.0981,42.159],[-113.1025,42.1583],[-113.1045,42.1557],[-113.1122,42.1537],[-113.1247,42.1533],[-113.1247,42.1506],[-113.1218,42.1447],[-113.1257,42.1394],[-113.1255,42.1323],[-113.1229,42.1287],[-113.1233,42.1247],[-113.1203,42.1201],[-113.1193,42.1157],[-113.105,42.1117],[-113.103,42.1088],[-113.0907,42.1109],[-113.0868,42.1148],[-113.0793,42.1136],[-113.0706,42.118],[-113.0682,42.1289],[-113.0603,42.1317],[-113.0572,42.134],[-113.0532,42.1343],[-113.049,42.1395],[-113.0469,42.1404],[-113.025,42.1374],[-113.011,42.1327],[-112.9974,42.1306],[-112.9736,42.1302],[-112.9705,42.1314],[-112.9679,42.1348],[-112.9589,42.1333],[-112.9522,42.1363],[-112.9459,42.1328],[-112.9398,42.1332],[-112.9374,42.1359],[-112.9336,42.1531],[-112.9311,42.1583],[-112.9316,42.1735],[-112.9287,42.1778],[-112.9296,42.1809],[-112.9265,42.1859],[-112.926,42.1908],[-112.9275,42.1926],[-112.9236,42.1976],[-112.9255,42.201],[-112.925,42.2032],[-112.9204,42.2066],[-112.9218,42.2107],[-112.9209,42.2121],[-112.922,42.213],[-112.9196,42.214],[-112.9194,42.2196],[-112.9239,42.2301]]]}},{"type":"Feature","properties":{"huc12":"160203090301","name":"Wood Canyon"},"geometry":{"type":"Polygon","coordinates":[[[-112.4988,42.2288],[-112.5054,42.2295],[-112.5105,42.2329],[-112.5193,42.2312],[-112.5246,42.2249],[-112.532,42.2258],[-112.5359,42.2246],[-112.5452,42.2287],[-112.5487,42.2265],[-112.5505,42.222],[-112.5496,42.2199],[-112.5515,42.217],[-112.5577,42.2162],[-112.5621,42.211],[-112.5764,42.209],[-112.5808,42.2061],[-112.5825,42.2005],[-112.5938,42.1943],[-112.6037,42.1906],[-112.6088,42.1904],[-112.6107,42.1866],[-112.6082,42.1843],[-112.6103,42.1763],[-112.6209,42.1727],[-112.627,42.1668],[-112.6342,42.1638],[-112.6438,42.1566],[-112.6383,42.1546],[-112.6338,42.1546],[-112.6026,42.1602],[-112.5863,42.1583],[-112.5802,42.1562],[-112.5757,42.1516],[-112.5754,42.1429],[-112.5732,42.1412],[-112.5608,42.1385],[-112.5587,42.1423],[-112.5486,42.1426],[-112.5364,42.1365],[-112.5314,42.1394],[-112.5151,42.1425],[-112.5142,42.1465],[-112.5049,42.1544],[-112.4957,42.1528],[-112.4942,42.1512],[-112.4883,42.1517],[-112.4849,42.15],[-112.4757,42.1496],[-112.4707,42.1476],[-112.4518,42.1498],[-112.4501,42.1533],[-112.453,42.1571],[-112.4546,42.1626],[-112.4498,42.1738],[-112.4555,42.1762],[-112.4567,42.1793],[-112.4551,42.1848],[-112.4638,42.1901],[-112.4699,42.1901],[-112.4739,42.1951],[-112.4723,42.2],[-112.473,42.2029],[-112.4778,42.2041],[-112.4839,42.2088],[-112.4833,42.2143],[-112.489,42.2253],[-112.4938,42.2255],[-112.4988,42.2288]]]}},{"type":"Feature","properties":{"huc12":"160203090302","name":"Stone Reservoir-Deep Creek"},"geometry":{"type":"Polygon","coordinates":[[[-112.7065,42.1669],[-112.7109,42.1668],[-112.7148,42.1625],[-112.7236,42.1567],[-112.7251,42.1543],[-112.7238,42.1501],[-112.7282,42.1488],[-112.7291,42.1465],[-112.736,42.1428],[-112.7382,42.1394],[-112.7438,42.1352],[-112.744,42.1285],[-112.7425,42.1239],[-112.7397,42.1215],[-112.7395,42.1171],[-112.7397,42.115],[-112.7428,42.112],[-112.7421,42.1087],[-112.7365,42.1065],[-112.7303,42.1014],[-112.7184,42.0967],[-112.7095,42.095],[-112.6983,42.0879],[-112.6956,42.0677],[-112.6926,42.0687],[-112.689,42.0731],[-112.6856,42.0795],[-112.6844,42.0856],[-112.6761,42.0939],[-112.6721,42.1036],[-112.6622,42.1049],[-112.6602,42.1081],[-112.6602,42.1121],[-112.6569,42.1152],[-112.6566,42.117],[-112.644,42.1174],[-112.6418,42.1232],[-112.6357,42.1275],[-112.6301,42.1358],[-112.6169,42.1378],[-112.607,42.1362],[-112.5939,42.1372],[-112.5863,42.1324],[-112.5795,42.131],[-112.5707,42.1249],[-112.5639,42.1251],[-112.5622,42.1273],[-112.5594,42.1282],[-112.555,42.1338],[-112.5563,42.1357],[-112.5605,42.1363],[-112.5608,42.1385],[-112.5708,42.1402],[-112.5751,42.1424],[-112.5757,42.1516],[-112.5802,42.1562],[-112.5863,42.1583],[-112.6034,42.1602],[-112.6383,42.1546],[-112.6438,42.1566],[-112.6342,42.1638],[-112.6385,42.1626],[-112.6562,42.164],[-112.6624,42.1631],[-112.67,42.1583],[-112.6785,42.1563],[-112.6833,42.1533],[-112.6924,42.1514],[-112.6954,42.1533],[-112.7005,42.1601],[-112.7036,42.161],[-112.7065,42.1669]]]}},{"type":"Feature","properties":{"huc12":"160203090303","name":"Taylor Canyon"},"geometry":{"type":"Polygon","coordinates":[[[-112.5639,42.1251],[-112.5709,42.125],[-112.5795,42.131],[-112.5863,42.1324],[-112.5939,42.1372],[-112.607,42.1362],[-112.6181,42.1378],[-112.6276,42.1367],[-112.6312,42.1351],[-112.6357,42.1275],[-112.6418,42.1232],[-112.644,42.1174],[-112.6566,42.117],[-112.6569,42.1152],[-112.6602,42.1121],[-112.6602,42.1081],[-112.6622,42.1049],[-112.6721,42.1036],[-112.6761,42.0939],[-112.6844,42.0856],[-112.6856,42.0795],[-112.691,42.0704],[-112.6903,42.0617],[-112.6936,42.0531],[-112.694,42.0463],[-112.6966,42.043],[-112.6985,42.0358],[-112.7028,42.032],[-112.7048,42.0129],[-112.6893,42.0162],[-112.6776,42.0205],[-112.6557,42.0203],[-112.6499,42.0227],[-112.6437,42.0227],[-112.6278,42.0262],[-112.6151,42.0253],[-112.6097,42.0219],[-112.6101,42.0203],[-112.6035,42.0214],[-112.5968,42.02],[-112.5978,42.0242],[-112.5955,42.0254],[-112.5948,42.0337],[-112.5962,42.0378],[-112.5942,42.0412],[-112.5956,42.0442],[-112.5988,42.0457],[-112.5973,42.0513],[-112.5956,42.0527],[-112.5955,42.0582],[-112.5966,42.0604],[-112.5947,42.0632],[-112.59,42.0632],[-112.5857,42.067],[-112.5883,42.0713],[-112.5876,42.0801],[-112.5846,42.0843],[-112.5809,42.0836],[-112.5764,42.0849],[-112.5734,42.0834],[-112.5703,42.0853],[-112.5699,42.0889],[-112.572,42.0907],[-112.5719,42.0937],[-112.5731,42.0949],[-112.5724,42.0978],[-112.5704,42.0991],[-112.5708,42.1013],[-112.5691,42.1023],[-112.5683,42.1053],[-112.5659,42.1067],[-112.5675,42.1105],[-112.5637,42.117],[-112.5652,42.1183],[-112.5634,42.1207],[-112.5639,42.1251]]]}},{"type":"Feature","properties":{"huc12":"160203090304","name":"North Canyon-Deep Creek"},"geometry":{"type":"Polygon","coordinates":[[[-112.7215,42.1815],[-112.7217,42.1796],[-112.7259,42.1776],[-112.7318,42.1785],[-112.7385,42.1753],[-112.7424,42.1772],[-112.7463,42.1766],[-112.7558,42.1677],[-112.7583,42.1684],[-112.7611,42.1721],[-112.7631,42.1727],[-112.7963,42.1733],[-112.8062,42.1814],[-112.8128,42.1806],[-112.8123,42.1827],[-112.8193,42.1895],[-112.8198,42.1916],[-112.818,42.1927],[-112.8221,42.2033],[-112.8228,42.2091],[-112.8226,42.2108],[-112.8203,42.2124],[-112.8238,42.2145],[-112.8247,42.2215],[-112.8337,42.219],[-112.8389,42.2161],[-112.8374,42.2141],[-112.8381,42.2127],[-112.8464,42.2089],[-112.8462,42.2071],[-112.8483,42.2037],[-112.8463,42.1961],[-112.8513,42.1939],[-112.8516,42.1926],[-112.8487,42.1888],[-112.8506,42.1877],[-112.8439,42.1799],[-112.8442,42.1766],[-112.8405,42.1748],[-112.8382,42.1753],[-112.836,42.1732],[-112.8322,42.1724],[-112.8296,42.1733],[-112.8271,42.172],[-112.8257,42.169],[-112.8272,42.1664],[-112.8251,42.1633],[-112.8133,42.1589],[-112.8142,42.1549],[-112.8182,42.1526],[-112.8177,42.1504],[-112.8151,42.1493],[-112.8166,42.1474],[-112.8109,42.1446],[-112.8079,42.1407],[-112.8012,42.1402],[-112.8047,42.1361],[-112.8053,42.1312],[-112.8113,42.1279],[-112.8111,42.1256],[-112.8125,42.1244],[-112.8051,42.1231],[-112.8018,42.1198],[-112.8017,42.1062],[-112.7987,42.1019],[-112.7995,42.0949],[-112.794,42.0942],[-112.792,42.0957],[-112.789,42.0948],[-112.7854,42.091],[-112.7863,42.0889],[-112.7851,42.085],[-112.7855,42.0819],[-112.7926,42.0707],[-112.8011,42.0703],[-112.8052,42.0679],[-112.8036,42.064],[-112.8069,42.0619],[-112.8023,42.0592],[-112.8011,42.0562],[-112.8008,42.0539],[-112.8032,42.0499],[-112.7996,42.0439],[-112.8011,42.0396],[-112.7976,42.0371],[-112.793,42.0363],[-112.7904,42.0373],[-112.7902,42.0414],[-112.7869,42.043],[-112.7845,42.0411],[-112.7826,42.0423],[-112.7686,42.0433],[-112.7617,42.0516],[-112.7561,42.0528],[-112.745,42.0493],[-112.7275,42.0413],[-112.7159,42.0283],[-112.7114,42.0258],[-112.7071,42.0135],[-112.7048,42.0129],[-112.7028,42.032],[-112.6985,42.0358],[-112.6966,42.043],[-112.694,42.0463],[-112.6936,42.0531],[-112.6903,42.0617],[-112.6906,42.0698],[-112.6944,42.068],[-112.6964,42.0683],[-112.6973,42.0856],[-112.6995,42.089],[-112.7095,42.095],[-112.7184,42.0967],[-112.7303,42.1014],[-112.7365,42.1065],[-112.7421,42.1087],[-112.7428,42.112],[-112.7397,42.115],[-112.7395,42.1171],[-112.7397,42.1215],[-112.7425,42.1239],[-112.744,42.1285],[-112.7438,42.1352],[-112.7382,42.1394],[-112.736,42.1428],[-112.7291,42.1465],[-112.7282,42.1488],[-112.7238,42.1501],[-112.7251,42.1543],[-112.7236,42.1567],[-112.7148,42.1625],[-112.7109,42.1668],[-112.7065,42.1669],[-112.7043,42.1703],[-112.7046,42.1726],[-112.7096,42.1745],[-112.7174,42.1803],[-112.7215,42.1815]]]}},{"type":"Feature","properties":{"huc12":"160102040304","name":"Portage Canyon-Malad River"},"geometry":{"type":"Polygon","coordinates":[[[-112.1661,41.996],[-112.176,42.0032],[-112.1803,42.009],[-112.1854,42.0109],[-112.189,42.0088],[-112.2014,42.0065],[-112.207,42.0009],[-112.2191,41.9982],[-112.2216,41.9954],[-112.2347,41.9947],[-112.258,41.9979],[-112.2666,41.9965],[-112.2685,41.9952],[-112.2681,41.9925],[-112.2695,41.9899],[-112.274,41.9873],[-112.2838,41.9877],[-112.2905,41.9836],[-112.2919,41.9816],[-112.2914,41.9797],[-112.2948,41.9771],[-112.299,41.9784],[-112.3051,41.9764],[-112.312,41.9767],[-112.3166,41.9741],[-112.3228,41.9755],[-112.3297,41.9709],[-112.3439,41.9686],[-112.3483,41.9651],[-112.3637,41.96],[-112.3629,41.9567],[-112.3676,41.9552],[-112.3724,41.9504],[-112.3699,41.949],[-112.3712,41.9472],[-112.3697,41.9435],[-112.3683,41.943],[-112.368,41.9404],[-112.3739,41.9387],[-112.3754,41.9367],[-112.3671,41.9321],[-112.368,41.9262],[-112.3544,41.9228],[-112.3488,41.9242],[-112.3384,41.9234],[-112.3272,41.9273],[-112.3255,41.9292],[-112.3158,41.9256],[-112.303,41.9253],[-112.3018,41.9274],[-112.2939,41.9303],[-112.2852,41.9311],[-112.2716,41.935],[-112.2572,41.935],[-112.2515,41.9439],[-112.2428,41.9456],[-112.2283,41.9424],[-112.219,41.9418],[-112.2067,41.944],[-112.2,41.941],[-112.2024,41.9398],[-112.2027,41.9362],[-112.2048,41.9339],[-112.2211,41.9251],[-112.2051,41.9286],[-112.1979,41.9276],[-112.1771,41.9295],[-112.164,41.9352],[-112.1491,41.9383],[-112.141,41.9462],[-112.1291,41.9492],[-112.1286,41.9503],[-112.132,41.9537],[-112.1376,41.9638],[-112.1427,41.9638],[-112.1453,41.9679],[-112.1509,41.9704],[-112.1544,41.9861],[-112.1579,41.9914],[-112.1638,41.9936],[-112.1661,41.996]]]}},{"type":"Feature","properties":{"huc12":"160102010103","name":"Big Creek"},"geometry":{"type":"Polygon","coordinates":[[[-111.3376,41.8462],[-111.3431,41.8433],[-111.3518,41.8346],[-111.3552,41.8333],[-111.3637,41.8409],[-111.3647,41.8475],[-111.3699,41.8518],[-111.3719,41.8507],[-111.3715,41.849],[-111.3773,41.8448],[-111.3879,41.8508],[-111.3928,41.851],[-111.3914,41.8575],[-111.3999,41.863],[-111.4013,41.8661],[-111.4168,41.8763],[-111.4176,41.8796],[-111.4213,41.8818],[-111.4255,41.8867],[-111.4255,41.8914],[-111.4345,41.8931],[-111.4439,41.8978],[-111.4478,41.8977],[-111.4491,41.8995],[-111.4477,41.9026],[-111.4618,41.9029],[-111.4688,41.9065],[-111.4715,41.9064],[-111.4729,41.9043],[-111.4754,41.9033],[-111.4748,41.9005],[-111.4772,41.8994],[-111.478,41.8955],[-111.4813,41.8927],[-111.4813,41.8889],[-111.485,41.8826],[-111.4928,41.8816],[-111.4924,41.8778],[-111.4942,41.8739],[-111.5036,41.868],[-111.5093,41.8684],[-111.5085,41.8663],[-111.502,41.8611],[-111.5077,41.8523],[-111.4976,41.8471],[-111.4934,41.8428],[-111.4807,41.8343],[-111.4766,41.8294],[-111.468,41.8247],[-111.4612,41.8184],[-111.4613,41.8143],[-111.4569,41.8122],[-111.4573,41.8074],[-111.4535,41.8051],[-111.4541,41.8021],[-111.4509,41.7926],[-111.4536,41.7907],[-111.4544,41.7882],[-111.4534,41.7854],[-111.4552,41.7831],[-111.4546,41.7795],[-111.4521,41.7782],[-111.4524,41.7757],[-111.4496,41.7721],[-111.4462,41.7729],[-111.4389,41.7692],[-111.4306,41.7693],[-111.426,41.7747],[-111.4236,41.7756],[-111.4173,41.7745],[-111.4159,41.7716],[-111.4095,41.7704],[-111.4017,41.7727],[-111.3912,41.7733],[-111.3718,41.788],[-111.3686,41.7957],[-111.3653,41.7997],[-111.3568,41.8223],[-111.3446,41.819],[-111.3447,41.8117],[-111.3406,41.8094],[-111.342,41.8053],[-111.3393,41.8041],[-111.3397,41.8013],[-111.3381,41.8001],[-111.3402,41.7974],[-111.3367,41.793],[-111.3306,41.7904],[-111.3225,41.7933],[-111.3214,41.7982],[-111.3148,41.8027],[-111.3147,41.8057],[-111.3166,41.8082],[-111.3149,41.8137],[-111.3186,41.8161],[-111.3178,41.818],[-111.3194,41.8209],[-111.3263,41.8271],[-111.3283,41.8375],[-111.3248,41.8389],[-111.3313,41.8436],[-111.3376,41.8462]]]}},{"type":"Feature","properties":{"huc12":"160102010200","name":"Bear Lake"},"geometry":{"type":"Polygon","coordinates":[[[-111.2669,42.107],[-111.2707,42.1116],[-111.2807,42.116],[-111.2994,42.1203],[-111.3129,42.1211],[-111.3139,42.1228],[-111.3168,42.1215],[-111.3449,42.1201],[-111.365,42.1147],[-111.3647,42.1136],[-111.369,42.1121],[-111.3739,42.107],[-111.3756,42.1031],[-111.3748,42.102],[-111.3762,42.0965],[-111.3799,42.0885],[-111.3807,42.0913],[-111.3822,42.0878],[-111.381,42.0883],[-111.3819,42.0847],[-111.3791,42.0871],[-111.3829,42.0829],[-111.3824,42.08],[-111.384,42.0762],[-111.3821,42.0758],[-111.3845,42.075],[-111.3848,42.0717],[-111.3837,42.0705],[-111.3848,42.0693],[-111.3849,42.065],[-111.3862,42.0618],[-111.3893,42.0589],[-111.3884,42.0583],[-111.3916,42.0487],[-111.3921,42.0388],[-111.3943,42.0341],[-111.4016,42.0289],[-111.4073,42.02],[-111.4081,42.0163],[-111.4062,42.0101],[-111.409,42.0061],[-111.4077,42.0028],[-111.4091,41.9952],[-111.4108,41.9933],[-111.4106,41.9905],[-111.4088,41.9868],[-111.4059,41.9857],[-111.4084,41.9849],[-111.4066,41.9846],[-111.403,41.9786],[-111.4021,41.9704],[-111.3987,41.9662],[-111.4,41.9598],[-111.3916,41.9531],[-111.39,41.9489],[-111.389,41.9398],[-111.3934,41.9341],[-111.3958,41.9278],[-111.3956,41.924],[-111.3911,41.9191],[-111.3904,41.9148],[-111.3868,41.9119],[-111.3753,41.9081],[-111.3704,41.9079],[-111.3687,41.9062],[-111.369,41.9009],[-111.366,41.8942],[-111.3663,41.8857],[-111.3642,41.8656],[-111.365,41.8598],[-111.362,41.8529],[-111.3526,41.8483],[-111.3366,41.846],[-111.3129,41.8469],[-111.302,41.8495],[-111.2963,41.8551],[-111.2971,41.866],[-111.296,41.8766],[-111.2915,41.8821],[-111.291,41.8894],[-111.2848,41.8967],[-111.286,41.8994],[-111.2848,41.9061],[-111.2885,41.9157],[-111.289,41.9251],[-111.2815,41.9349],[-111.2786,41.9434],[-111.2781,41.9538],[-111.271,41.971],[-111.271,41.9774],[-111.2749,41.9879],[-111.2714,41.9929],[-111.2641,41.9985],[-111.2602,42.0059],[-111.261,42.0109],[-111.2588,42.0244],[-111.2594,42.0377],[-111.2535,42.0719],[-111.2548,42.0793],[-111.2629,42.0911],[-111.2613,42.0963],[-111.2621,42.1013],[-111.2669,42.107]]]}},{"type":"Feature","properties":{"huc12":"160102020502","name":"Maple Creek"},"geometry":{"type":"Polygon","coordinates":[[[-111.6432,42.087],[-111.6579,42.0869],[-111.666,42.0823],[-111.6728,42.0802],[-111.6736,42.0781],[-111.6795,42.0744],[-111.7044,42.0742],[-111.7124,42.0676],[-111.7203,42.0658],[-111.7306,42.0614],[-111.7334,42.0592],[-111.7333,42.0563],[-111.7393,42.0522],[-111.7405,42.0498],[-111.7461,42.0487],[-111.7553,42.0494],[-111.7557,42.0469],[-111.7599,42.0435],[-111.7623,42.0378],[-111.7684,42.0337],[-111.7785,42.032],[-111.7872,42.0321],[-111.7941,42.028],[-111.8011,42.0281],[-111.7997,42.027],[-111.766,42.027],[-111.76,42.0255],[-111.7539,42.0271],[-111.7489,42.0246],[-111.7302,42.0216],[-111.7191,42.0157],[-111.7096,42.0168],[-111.6984,42.0147],[-111.6947,42.0126],[-111.6944,42.0108],[-111.6954,42.0081],[-111.6996,42.0056],[-111.6918,42.0015],[-111.6819,42.0014],[-111.6765,41.9998],[-111.6637,42.0025],[-111.6638,42.0062],[-111.6609,42.0126],[-111.6608,42.0182],[-111.6536,42.0235],[-111.6504,42.0273],[-111.6497,42.031],[-111.6464,42.0342],[-111.6472,42.0429],[-111.6503,42.0454],[-111.6519,42.0491],[-111.6437,42.0559],[-111.6408,42.0617],[-111.6408,42.065],[-111.6443,42.0721],[-111.6432,42.087]]]}},{"type":"Feature","properties":{"huc12":"160102020503","name":"Worm Creek"},"geometry":{"type":"Polygon","coordinates":[[[-111.6584,42.1801],[-111.6649,42.1908],[-111.6752,42.1954],[-111.6793,42.1957],[-111.6922,42.191],[-111.6884,42.1865],[-111.6883,42.1847],[-111.6998,42.1705],[-111.7161,42.1656],[-111.7207,42.1611],[-111.7327,42.1578],[-111.7392,42.1528],[-111.7477,42.1489],[-111.7507,42.1497],[-111.7527,42.1566],[-111.7556,42.1558],[-111.7663,42.1594],[-111.7733,42.1583],[-111.7793,42.1615],[-111.7864,42.1605],[-111.7915,42.1637],[-111.7963,42.1612],[-111.7974,42.1532],[-111.8007,42.1527],[-111.8026,42.1543],[-111.8118,42.1553],[-111.814,42.1523],[-111.8147,42.1425],[-111.8187,42.14],[-111.8251,42.1407],[-111.8364,42.1453],[-111.8474,42.1475],[-111.8688,42.1453],[-111.8721,42.1415],[-111.8687,42.1313],[-111.871,42.117],[-111.8785,42.1084],[-111.8843,42.1049],[-111.8887,42.1003],[-111.8915,42.0932],[-111.8899,42.0913],[-111.8921,42.089],[-111.8929,42.0853],[-111.8921,42.0821],[-111.8974,42.079],[-111.8973,42.0775],[-111.9011,42.0721],[-111.9059,42.0681],[-111.9087,42.0673],[-111.9083,42.0657],[-111.9099,42.0638],[-111.9085,42.0558],[-111.9092,42.0529],[-111.9069,42.0496],[-111.9016,42.0468],[-111.8964,42.0463],[-111.8939,42.0423],[-111.896,42.0325],[-111.8985,42.0299],[-111.899,42.0274],[-111.9022,42.0262],[-111.9039,42.0233],[-111.895,42.014],[-111.8906,42.0136],[-111.8833,42.0096],[-111.8757,42.0093],[-111.8646,42.0031],[-111.8623,41.9972],[-111.8631,41.9907],[-111.8483,41.9874],[-111.8383,41.9892],[-111.8384,42.004],[-111.8377,42.0088],[-111.8352,42.0135],[-111.8358,42.0169],[-111.833,42.018],[-111.8321,42.0204],[-111.827,42.0222],[-111.8255,42.0257],[-111.8266,42.0327],[-111.8249,42.0351],[-111.8214,42.0367],[-111.8176,42.0421],[-111.8158,42.0499],[-111.8131,42.0507],[-111.8101,42.0542],[-111.802,42.0593],[-111.8027,42.0734],[-111.797,42.0767],[-111.7935,42.0766],[-111.792,42.0828],[-111.7932,42.0852],[-111.7913,42.089],[-111.7882,42.0892],[-111.7816,42.0928],[-111.78,42.0965],[-111.7784,42.097],[-111.779,42.0998],[-111.7761,42.1019],[-111.7745,42.1054],[-111.7716,42.1059],[-111.7655,42.1113],[-111.7651,42.1138],[-111.767,42.1154],[-111.7664,42.1165],[-111.7592,42.1188],[-111.7575,42.1236],[-111.7494,42.1247],[-111.7468,42.1298],[-111.7408,42.1302],[-111.7381,42.1317],[-111.7334,42.1372],[-111.727,42.1403],[-111.7157,42.1433],[-111.7074,42.1509],[-111.7063,42.1546],[-111.6988,42.1594],[-111.6961,42.1601],[-111.6795,42.1573],[-111.6779,42.1591],[-111.6741,42.16],[-111.6724,42.163],[-111.6671,42.1651],[-111.665,42.1738],[-111.6591,42.1777],[-111.6584,42.1801]]]}},{"type":"Feature","properties":{"huc12":"160102020504","name":"Middle Cub River"},"geometry":{"type":"Polygon","coordinates":[[[-111.6432,42.087],[-111.641,42.0894],[-111.6383,42.0994],[-111.6347,42.1021],[-111.6404,42.1107],[-111.6423,42.1188],[-111.6448,42.1229],[-111.6522,42.1278],[-111.6606,42.1285],[-111.6667,42.1308],[-111.6697,42.1296],[-111.676,42.1298],[-111.6795,42.126],[-111.6746,42.1242],[-111.6757,42.1164],[-111.6813,42.1156],[-111.6885,42.1121],[-111.6985,42.1105],[-111.7024,42.1084],[-111.7045,42.1045],[-111.7083,42.1014],[-111.7176,42.0988],[-111.7366,42.0966],[-111.7397,42.1031],[-111.744,42.1041],[-111.7492,42.1011],[-111.7516,42.1063],[-111.76,42.1071],[-111.7643,42.1111],[-111.767,42.1107],[-111.7715,42.106],[-111.7745,42.1054],[-111.7761,42.1019],[-111.779,42.0998],[-111.7784,42.097],[-111.78,42.0965],[-111.7816,42.0928],[-111.7882,42.0892],[-111.7913,42.089],[-111.7932,42.0852],[-111.792,42.0828],[-111.7935,42.0766],[-111.797,42.0767],[-111.8028,42.0732],[-111.802,42.0593],[-111.8101,42.0542],[-111.8131,42.0507],[-111.8158,42.0499],[-111.8176,42.0421],[-111.8214,42.0367],[-111.8249,42.0351],[-111.8266,42.0327],[-111.8255,42.0257],[-111.827,42.0222],[-111.8321,42.0204],[-111.833,42.018],[-111.8358,42.0169],[-111.8352,42.0135],[-111.8377,42.0088],[-111.8384,42.004],[-111.8383,41.9892],[-111.8362,41.9879],[-111.8325,41.9883],[-111.8217,41.9942],[-111.8169,42.0003],[-111.8165,42.0057],[-111.8144,42.0073],[-111.8143,42.0097],[-111.8078,42.0121],[-111.8042,42.0163],[-111.798,42.0187],[-111.7934,42.0222],[-111.7914,42.0257],[-111.7877,42.0273],[-111.7997,42.027],[-111.8011,42.0281],[-111.7941,42.028],[-111.7872,42.0321],[-111.7785,42.032],[-111.7684,42.0337],[-111.7623,42.0378],[-111.7599,42.0435],[-111.7557,42.0469],[-111.7553,42.0494],[-111.7461,42.0487],[-111.7405,42.0498],[-111.7393,42.0522],[-111.7333,42.0563],[-111.7334,42.0592],[-111.7306,42.0614],[-111.7203,42.0658],[-111.7124,42.0676],[-111.7044,42.0742],[-111.6795,42.0744],[-111.6736,42.0781],[-111.6728,42.0802],[-111.666,42.0823],[-111.6579,42.0869],[-111.6432,42.087]]]}},{"type":"Feature","properties":{"huc12":"160102020505","name":"Spring Creek"},"geometry":{"type":"Polygon","coordinates":[[[-111.6918,42.0015],[-111.6996,42.0056],[-111.6954,42.0081],[-111.6944,42.0108],[-111.6947,42.0126],[-111.6986,42.0147],[-111.7096,42.0168],[-111.7191,42.0157],[-111.7302,42.0216],[-111.7489,42.0246],[-111.7539,42.0271],[-111.76,42.0255],[-111.766,42.027],[-111.7877,42.0273],[-111.7914,42.0257],[-111.7934,42.0222],[-111.798,42.0187],[-111.8042,42.0163],[-111.8078,42.0121],[-111.8144,42.0096],[-111.8144,42.0073],[-111.8165,42.0057],[-111.8169,42.0003],[-111.8217,41.9942],[-111.8187,41.9883],[-111.8183,41.9828],[-111.8204,41.975],[-111.8241,41.9707],[-111.8197,41.9693],[-111.813,41.9641],[-111.7966,41.9595],[-111.7918,41.9642],[-111.7873,41.9647],[-111.7831,41.9669],[-111.7727,41.9771],[-111.7665,41.9813],[-111.7569,41.9814],[-111.7459,41.9832],[-111.7365,41.9874],[-111.7291,41.9841],[-111.7248,41.9878],[-111.7101,41.9868],[-111.7039,41.9911],[-111.7016,41.9949],[-111.6952,41.9966],[-111.6918,42.0015]]]}},{"type":"Feature","properties":{"huc12":"160102020601","name":"Black Canyon"},"geometry":{"type":"Polygon","coordinates":[[[-111.9977,42.0184],[-111.9925,42.0302],[-111.9986,42.0297],[-112.0101,42.0316],[-112.0188,42.0351],[-112.0236,42.0343],[-112.0317,42.04],[-112.0381,42.0416],[-112.0433,42.0464],[-112.0507,42.0454],[-112.054,42.0483],[-112.0602,42.0473],[-112.0666,42.0501],[-112.071,42.0498],[-112.0794,42.0523],[-112.0882,42.0521],[-112.0927,42.0546],[-112.1051,42.0556],[-112.1083,42.0575],[-112.1084,42.0597],[-112.1141,42.0613],[-112.1217,42.0589],[-112.1291,42.06],[-112.1335,42.0575],[-112.1352,42.0519],[-112.1394,42.0509],[-112.1421,42.0516],[-112.1418,42.0435],[-112.1373,42.0405],[-112.1364,42.0367],[-112.1324,42.0332],[-112.1179,42.0359],[-112.116,42.0344],[-112.1086,42.0332],[-112.1063,42.0306],[-112.0998,42.0281],[-112.0926,42.0286],[-112.0899,42.0304],[-112.0859,42.0301],[-112.0841,42.0284],[-112.0762,42.0277],[-112.0737,42.0251],[-112.0652,42.0226],[-112.0607,42.0226],[-112.0589,42.0208],[-112.0585,42.0179],[-112.063,42.0072],[-112.0618,41.9843],[-112.049,41.9884],[-112.0348,41.9838],[-112.0307,41.9855],[-112.0255,41.985],[-112.0189,41.9862],[-112.0173,41.988],[-112.0121,41.9884],[-112.0115,41.9895],[-112.0129,41.9944],[-112.011,41.9997],[-112.0131,42.0012],[-112.0123,42.0045],[-111.9977,42.0184]]]}},{"type":"Feature","properties":{"huc12":"160102020604","name":"Pullum Hollow-Bear River"},"geometry":{"type":"Polygon","coordinates":[[[-111.8631,41.9907],[-111.8623,41.9972],[-111.8646,42.0031],[-111.8757,42.0093],[-111.8833,42.0096],[-111.8906,42.0136],[-111.895,42.014],[-111.9037,42.023],[-111.9022,42.0262],[-111.899,42.0274],[-111.8985,42.0299],[-111.8956,42.0331],[-111.8939,42.0423],[-111.8964,42.0463],[-111.9016,42.0468],[-111.9069,42.0496],[-111.9054,42.0462],[-111.9065,42.0418],[-111.9052,42.0378],[-111.9071,42.0332],[-111.9053,42.0285],[-111.9159,42.0264],[-111.9189,42.0225],[-111.922,42.0224],[-111.9243,42.024],[-111.9306,42.0223],[-111.9335,42.0239],[-111.9424,42.0221],[-111.9541,42.0262],[-111.9589,42.0251],[-111.9737,42.029],[-111.986,42.0277],[-111.9946,42.0222],[-112.0128,42.0032],[-112.013,42.001],[-112.011,41.9997],[-112.0127,41.996],[-112.0123,41.9901],[-112.0081,41.9896],[-112.0034,41.9861],[-112.0071,41.9833],[-112.0072,41.9814],[-112.0025,41.9785],[-112.0023,41.9758],[-112.0045,41.9728],[-112.0038,41.9713],[-112.0051,41.9689],[-112.0045,41.9665],[-112.0017,41.9643],[-112.01,41.9585],[-112.015,41.9494],[-112.0157,41.9416],[-112.0224,41.9339],[-112.0229,41.9315],[-112.0176,41.9277],[-112.0085,41.9281],[-112.0039,41.9254],[-111.9984,41.9243],[-111.994,41.9158],[-111.9842,41.9136],[-111.9812,41.9117],[-111.9811,41.9094],[-111.9767,41.9113],[-111.9742,41.9106],[-111.971,41.9067],[-111.9681,41.907],[-111.9674,41.9044],[-111.9617,41.898],[-111.9584,41.8994],[-111.9564,41.905],[-111.9529,41.9063],[-111.9301,41.9061],[-111.9252,41.9034],[-111.9182,41.9035],[-111.9144,41.902],[-111.9079,41.8909],[-111.9046,41.8892],[-111.9005,41.889],[-111.8895,41.8969],[-111.8792,41.8974],[-111.8799,41.9004],[-111.8781,41.9016],[-111.8828,41.9043],[-111.8823,41.908],[-111.8806,41.91],[-111.8821,41.914],[-111.8739,41.9194],[-111.8668,41.9222],[-111.8671,41.9274],[-111.8614,41.9414],[-111.8595,41.9498],[-111.8493,41.9615],[-111.8513,41.9725],[-111.8548,41.9792],[-111.8633,41.9893],[-111.8631,41.9907]]]}},{"type":"Feature","properties":{"huc12":"160102020705","name":"Newton Creek"},"geometry":{"type":"Polygon","coordinates":[[[-112.1421,42.0516],[-112.1427,42.053],[-112.1484,42.0518],[-112.1515,42.0477],[-112.1532,42.0423],[-112.1519,42.0298],[-112.1488,42.0217],[-112.1448,42.0199],[-112.1436,42.0159],[-112.1458,42.015],[-112.147,42.0108],[-112.1509,42.0079],[-112.1523,42.0034],[-112.1598,41.9981],[-112.1628,41.998],[-112.1661,41.996],[-112.1638,41.9936],[-112.1579,41.9914],[-112.1544,41.9861],[-112.1509,41.9704],[-112.1453,41.9679],[-112.1427,41.9638],[-112.1376,41.9638],[-112.1343,41.9591],[-112.1321,41.9539],[-112.1287,41.9505],[-112.129,41.9482],[-112.125,41.9428],[-112.1228,41.9298],[-112.1182,41.9231],[-112.1132,41.9181],[-112.1089,41.9165],[-112.1047,41.9106],[-112.0856,41.9033],[-112.0792,41.8959],[-112.0793,41.8941],[-112.0756,41.8907],[-112.075,41.8882],[-112.0656,41.8807],[-112.0581,41.882],[-112.0564,41.881],[-112.0552,41.8823],[-112.0486,41.8835],[-112.0439,41.8918],[-112.0411,41.893],[-112.0321,41.8936],[-112.0146,41.8972],[-111.9999,41.9024],[-111.9906,41.9035],[-111.9866,41.9012],[-111.9806,41.8971],[-111.9793,41.8914],[-111.9819,41.8886],[-111.989,41.886],[-111.9908,41.8821],[-111.9862,41.8748],[-111.9855,41.8692],[-111.9829,41.8653],[-111.9811,41.8536],[-111.9779,41.8515],[-111.9725,41.8448],[-111.9759,41.8392],[-111.9767,41.8346],[-111.9743,41.8305],[-111.9723,41.8308],[-111.9659,41.8396],[-111.9664,41.8422],[-111.9649,41.844],[-111.9705,41.855],[-111.9692,41.8605],[-111.966,41.8637],[-111.9666,41.8715],[-111.9627,41.8739],[-111.9628,41.8766],[-111.9615,41.8772],[-111.9626,41.8795],[-111.9617,41.898],[-111.9674,41.9044],[-111.9681,41.907],[-111.971,41.9067],[-111.9742,41.9106],[-111.9767,41.9113],[-111.9811,41.9094],[-111.9812,41.9117],[-111.9842,41.9136],[-111.994,41.9158],[-111.9984,41.9243],[-112.0039,41.9254],[-112.0085,41.9281],[-112.0176,41.9277],[-112.0231,41.9321],[-112.0157,41.9416],[-112.015,41.9494],[-112.01,41.9585],[-112.0018,41.9642],[-112.0045,41.9665],[-112.0051,41.9689],[-112.0038,41.9713],[-112.0045,41.9728],[-112.0023,41.9758],[-112.0025,41.9785],[-112.0072,41.9814],[-112.0071,41.9833],[-112.0034,41.9858],[-112.0037,41.9867],[-112.01,41.9901],[-112.0124,41.9883],[-112.0175,41.988],[-112.019,41.9861],[-112.0255,41.985],[-112.0307,41.9855],[-112.0348,41.9838],[-112.049,41.9884],[-112.0618,41.9843],[-112.063,42.0072],[-112.0585,42.0179],[-112.0589,42.0208],[-112.0607,42.0226],[-112.0652,42.0226],[-112.0737,42.0251],[-112.0762,42.0277],[-112.0841,42.0284],[-112.0859,42.0301],[-112.0899,42.0304],[-112.0926,42.0286],[-112.0998,42.0281],[-112.1063,42.0306],[-112.1086,42.0332],[-112.116,42.0344],[-112.1179,42.0359],[-112.1324,42.0332],[-112.1364,42.0367],[-112.1373,42.0405],[-112.1418,42.0435],[-112.1421,42.0516]]]}},{"type":"Feature","properties":{"huc12":"160102030301","name":"Beaver Creek"},"geometry":{"type":"Polygon","coordinates":[[[-111.5159,42.0688],[-111.5211,42.0723],[-111.5219,42.0744],[-111.5359,42.0771],[-111.54,42.0751],[-111.5491,42.0775],[-111.5513,42.0788],[-111.5526,42.0815],[-111.5576,42.0845],[-111.566,42.0831],[-111.5727,42.0851],[-111.576,42.0877],[-111.5807,42.0946],[-111.5866,42.0925],[-111.5939,42.0934],[-111.5916,42.0845],[-111.5893,42.0829],[-111.5916,42.0791],[-111.5907,42.0746],[-111.5919,42.0727],[-111.5899,42.0609],[-111.5876,42.0583],[-111.5868,42.0524],[-111.5824,42.0507],[-111.5786,42.0401],[-111.5765,42.0391],[-111.5747,42.0279],[-111.5776,42.0187],[-111.5679,42.0093],[-111.5607,42.0076],[-111.561,42.0024],[-111.5586,41.9999],[-111.5606,41.9987],[-111.5631,41.9945],[-111.5631,41.9891],[-111.5666,41.9854],[-111.5667,41.9831],[-111.5689,41.9818],[-111.5664,41.977],[-111.5614,41.9722],[-111.5578,41.9643],[-111.5603,41.9591],[-111.5593,41.9539],[-111.562,41.946],[-111.5628,41.9405],[-111.562,41.9364],[-111.5638,41.9309],[-111.5619,41.923],[-111.5553,41.9253],[-111.5355,41.923],[-111.5314,41.9219],[-111.5312,41.9192],[-111.5262,41.9156],[-111.5252,41.9181],[-111.5211,41.9198],[-111.5115,41.9204],[-111.501,41.9126],[-111.4851,41.9107],[-111.478,41.9131],[-111.4778,41.9189],[-111.4756,41.9227],[-111.4735,41.9234],[-111.4716,41.9283],[-111.4768,41.9361],[-111.4752,41.939],[-111.4749,41.9449],[-111.4733,41.9473],[-111.4775,41.9533],[-111.4763,41.9585],[-111.4844,41.966],[-111.4836,41.9703],[-111.4846,41.9756],[-111.4942,41.9797],[-111.4954,41.9831],[-111.5026,41.9868],[-111.5086,41.9926],[-111.5074,41.9984],[-111.5078,42.0071],[-111.5111,42.0168],[-111.5084,42.0223],[-111.5104,42.0245],[-111.5095,42.0283],[-111.5116,42.0338],[-111.508,42.0356],[-111.5078,42.0382],[-111.5082,42.0405],[-111.5122,42.044],[-111.5141,42.0483],[-111.5122,42.05],[-111.511,42.0574],[-111.5118,42.059],[-111.5169,42.0618],[-111.515,42.0657],[-111.5159,42.0688]]]}},{"type":"Feature","properties":{"huc12":"160102030302","name":"Hells Kitchen Canyon-Logan River"},"geometry":{"type":"Polygon","coordinates":[[[-111.5619,41.923],[-111.5638,41.9309],[-111.562,41.9364],[-111.5628,41.9405],[-111.562,41.946],[-111.5593,41.9539],[-111.5603,41.9591],[-111.5578,41.9643],[-111.5614,41.9722],[-111.5664,41.977],[-111.5689,41.9818],[-111.5667,41.9831],[-111.5666,41.9854],[-111.5631,41.9891],[-111.5631,41.9945],[-111.5606,41.9987],[-111.5586,41.9999],[-111.561,42.0024],[-111.5607,42.0076],[-111.5679,42.0093],[-111.5776,42.0187],[-111.5747,42.028],[-111.5765,42.0391],[-111.5786,42.0401],[-111.5824,42.0507],[-111.5868,42.0524],[-111.5886,42.051],[-111.5898,42.0433],[-111.5891,42.0383],[-111.6121,42.0333],[-111.6316,42.0329],[-111.6363,42.0352],[-111.6417,42.0326],[-111.6467,42.034],[-111.6498,42.0308],[-111.6504,42.0273],[-111.6534,42.0237],[-111.6608,42.0182],[-111.6609,42.0124],[-111.6639,42.0058],[-111.6637,42.0025],[-111.6614,42.0002],[-111.6627,41.9969],[-111.6625,41.9947],[-111.6607,41.9934],[-111.6611,41.9871],[-111.6593,41.9862],[-111.6575,41.9816],[-111.6616,41.9758],[-111.6607,41.972],[-111.6579,41.9688],[-111.6594,41.9663],[-111.6588,41.9643],[-111.6565,41.9629],[-111.6568,41.9567],[-111.6555,41.9537],[-111.6576,41.9497],[-111.657,41.9477],[-111.6495,41.9429],[-111.6321,41.9406],[-111.6311,41.939],[-111.6238,41.9363],[-111.5955,41.9337],[-111.5939,41.9309],[-111.589,41.9295],[-111.5826,41.9306],[-111.5677,41.9293],[-111.5619,41.923]]]}},{"type":"Feature","properties":{"huc12":"160102040301","name":"North Canyon"},"geometry":{"type":"Polygon","coordinates":[[[-112.3646,42.0569],[-112.3656,42.0591],[-112.3728,42.0615],[-112.3732,42.0645],[-112.3807,42.064],[-112.3867,42.066],[-112.3978,42.0647],[-112.3885,42.0537],[-112.3901,42.0516],[-112.391,42.0437],[-112.3895,42.0415],[-112.3843,42.0404],[-112.3828,42.0383],[-112.3796,42.0276],[-112.3811,42.0259],[-112.3809,42.0238],[-112.3738,42.0178],[-112.37,42.0164],[-112.3685,42.0126],[-112.3643,42.0104],[-112.3659,42.0041],[-112.3632,42.0031],[-112.364,41.9995],[-112.3615,41.9974],[-112.3687,41.9926],[-112.375,41.9925],[-112.3763,41.9908],[-112.3751,41.9879],[-112.3765,41.9857],[-112.3788,41.9848],[-112.3813,41.9804],[-112.3709,41.9637],[-112.3674,41.9608],[-112.3616,41.9603],[-112.3481,41.9652],[-112.3439,41.9686],[-112.3297,41.9709],[-112.3228,41.9755],[-112.3166,41.9741],[-112.312,41.9767],[-112.3051,41.9764],[-112.299,41.9784],[-112.2948,41.9771],[-112.2914,41.9797],[-112.2919,41.9816],[-112.2905,41.9836],[-112.2838,41.9877],[-112.274,41.9873],[-112.2695,41.9899],[-112.2683,41.9919],[-112.2683,41.9955],[-112.2645,41.997],[-112.2572,41.9979],[-112.2336,41.9947],[-112.2203,41.9959],[-112.2626,42.0088],[-112.2706,42.0097],[-112.2752,42.0122],[-112.276,42.0154],[-112.2795,42.0189],[-112.2771,42.0215],[-112.284,42.0259],[-112.2886,42.0262],[-112.2907,42.0234],[-112.2972,42.0223],[-112.3025,42.0229],[-112.3078,42.0211],[-112.3106,42.0223],[-112.3156,42.0221],[-112.3263,42.0205],[-112.3315,42.022],[-112.3384,42.0298],[-112.3487,42.0286],[-112.3523,42.0307],[-112.3543,42.0344],[-112.3592,42.0362],[-112.3633,42.0399],[-112.3632,42.0427],[-112.366,42.0483],[-112.3628,42.0521],[-112.3648,42.0536],[-112.3646,42.0569]]]}},{"type":"Feature","properties":{"huc12":"160102040302","name":"Brush Canyon-Malad River"},"geometry":{"type":"Polygon","coordinates":[[[-112.1657,42.0954],[-112.1711,42.0958],[-112.1762,42.0913],[-112.1851,42.0892],[-112.2239,42.0939],[-112.2529,42.0924],[-112.2549,42.0902],[-112.267,42.0853],[-112.2728,42.0808],[-112.2737,42.0762],[-112.2799,42.0753],[-112.2801,42.0692],[-112.2761,42.0671],[-112.2762,42.0631],[-112.2766,42.0616],[-112.2826,42.0564],[-112.2876,42.0548],[-112.295,42.0621],[-112.3015,42.0575],[-112.3125,42.0553],[-112.3334,42.0606],[-112.3403,42.0601],[-112.3439,42.0585],[-112.3485,42.0596],[-112.3579,42.0561],[-112.3646,42.0569],[-112.3648,42.0536],[-112.3628,42.0521],[-112.3659,42.0479],[-112.3632,42.0427],[-112.3633,42.0399],[-112.3592,42.0362],[-112.3543,42.0344],[-112.3514,42.0299],[-112.3481,42.0285],[-112.3384,42.0298],[-112.3315,42.022],[-112.3278,42.0207],[-112.3108,42.0223],[-112.3074,42.0212],[-112.3025,42.0229],[-112.2972,42.0223],[-112.2907,42.0234],[-112.2886,42.0262],[-112.284,42.0259],[-112.2771,42.0215],[-112.2795,42.0189],[-112.276,42.0154],[-112.2752,42.0122],[-112.2706,42.0097],[-112.2626,42.0088],[-112.2202,41.996],[-112.2186,41.9984],[-112.207,42.0009],[-112.2014,42.0065],[-112.196,42.0069],[-112.1849,42.0109],[-112.1803,42.009],[-112.176,42.0032],[-112.1661,41.996],[-112.1628,41.998],[-112.1598,41.9981],[-112.1523,42.0034],[-112.1509,42.0079],[-112.147,42.0108],[-112.1468,42.0135],[-112.1435,42.0161],[-112.1448,42.0199],[-112.1488,42.0217],[-112.1519,42.0298],[-112.1532,42.0411],[-112.1515,42.0477],[-112.1526,42.0494],[-112.1517,42.054],[-112.1531,42.0558],[-112.1523,42.0589],[-112.156,42.0602],[-112.163,42.0717],[-112.1605,42.0745],[-112.1623,42.0778],[-112.1566,42.0778],[-112.1561,42.0797],[-112.1535,42.08],[-112.1533,42.0833],[-112.1599,42.0884],[-112.1588,42.0917],[-112.1628,42.0925],[-112.1657,42.0954]]]}},{"type":"Feature","properties":{"huc12":"160203090206","name":"Black Pine Canyon"},"geometry":{"type":"Polygon","coordinates":[[[-113.0907,42.1109],[-113.103,42.1088],[-113.1048,42.1073],[-113.1065,42.1041],[-113.1058,42.1006],[-113.1077,42.0883],[-113.1149,42.0804],[-113.1154,42.0776],[-113.121,42.0775],[-113.1207,42.0625],[-113.1244,42.0552],[-113.1227,42.0511],[-113.123,42.0462],[-113.1253,42.0432],[-113.1268,42.0376],[-113.1189,42.0352],[-113.1132,42.029],[-113.1059,42.0243],[-113.1018,42.02],[-113.0946,42.0161],[-113.0856,42.0047],[-113.0729,41.9972],[-113.0678,41.9916],[-113.0656,41.9854],[-113.0597,41.9809],[-113.0562,41.9795],[-113.0452,41.9787],[-113.0403,41.9766],[-113.0376,41.9681],[-113.0359,41.9661],[-113.0161,41.9654],[-113.0096,41.9586],[-113.0005,41.9525],[-112.9975,41.9466],[-112.9886,41.9463],[-112.9777,41.9433],[-112.9634,41.9333],[-112.9561,41.9326],[-112.9504,41.9279],[-112.9437,41.9268],[-112.9419,41.9252],[-112.9376,41.915],[-112.9301,41.9071],[-112.9228,41.9015],[-112.9173,41.8916],[-112.91,41.8986],[-112.9044,41.9074],[-112.8949,41.9138],[-112.8934,41.9203],[-112.8945,41.9345],[-112.8905,41.9397],[-112.889,41.9467],[-112.9047,41.937],[-112.9137,41.9389],[-112.9381,41.9504],[-112.9475,41.9504],[-112.9555,41.9527],[-112.963,41.9586],[-112.9793,41.9659],[-112.9933,41.9665],[-113.0317,41.98],[-113.0392,41.9844],[-113.0491,41.9879],[-113.0699,41.9999],[-113.0718,42.0066],[-113.0685,42.0093],[-113.0724,42.0133],[-113.071,42.015],[-113.075,42.0197],[-113.0727,42.0234],[-113.0742,42.0269],[-113.074,42.0303],[-113.0714,42.0358],[-113.0756,42.0384],[-113.0729,42.0404],[-113.0748,42.0449],[-113.0724,42.0498],[-113.0719,42.0552],[-113.0732,42.0572],[-113.0717,42.0617],[-113.0648,42.068],[-113.0642,42.0702],[-113.0602,42.0718],[-113.0603,42.0885],[-113.0639,42.0944],[-113.0707,42.0953],[-113.0795,42.1001],[-113.0799,42.1063],[-113.0869,42.1083],[-113.0907,42.1109]]]}},{"type":"Feature","properties":{"huc12":"160203090202","name":"Hay Canyon"},"geometry":{"type":"Polygon","coordinates":[[[-112.8667,42.251],[-112.87,42.2511],[-112.8724,42.2542],[-112.8858,42.2564],[-112.8903,42.2591],[-112.8924,42.2629],[-112.8975,42.2604],[-112.8988,42.2577],[-112.9105,42.2553],[-112.918,42.2561],[-112.9165,42.2505],[-112.9181,42.2474],[-112.9164,42.2444],[-112.9186,42.2388],[-112.9162,42.2352],[-112.9225,42.232],[-112.924,42.2299],[-112.9194,42.2196],[-112.9196,42.214],[-112.922,42.213],[-112.9209,42.2121],[-112.9218,42.2107],[-112.9204,42.2066],[-112.925,42.203],[-112.9255,42.201],[-112.9236,42.1976],[-112.9275,42.1926],[-112.926,42.1891],[-112.9276,42.1831],[-112.9296,42.1809],[-112.9287,42.1778],[-112.9316,42.1735],[-112.9316,42.1606],[-112.9279,42.1322],[-112.9289,42.1237],[-112.9243,42.1119],[-112.9271,42.1078],[-112.9275,42.1029],[-112.9223,42.0921],[-112.9235,42.0892],[-112.9201,42.0857],[-112.9209,42.0808],[-112.9248,42.0777],[-112.9247,42.0682],[-112.9223,42.0646],[-112.9204,42.0545],[-112.9238,42.0491],[-112.9221,42.0459],[-112.9232,42.0392],[-112.9201,42.0292],[-112.9163,42.0244],[-112.9174,42.0198],[-112.914,42.0146],[-112.9151,42.0029],[-112.912,41.9958],[-112.9103,41.9869],[-112.9069,41.9976],[-112.9065,42.0027],[-112.9085,42.0096],[-112.906,42.0241],[-112.9074,42.0307],[-112.9059,42.0374],[-112.9069,42.0411],[-112.912,42.0468],[-112.9128,42.0528],[-112.9112,42.0597],[-112.9121,42.0639],[-112.9084,42.0686],[-112.9077,42.072],[-112.909,42.0767],[-112.9072,42.0836],[-112.9085,42.0907],[-112.907,42.0935],[-112.9071,42.1066],[-112.9052,42.1112],[-112.9061,42.1138],[-112.9052,42.1171],[-112.9001,42.1215],[-112.8871,42.1254],[-112.8808,42.1305],[-112.8761,42.1303],[-112.8709,42.1328],[-112.8649,42.1293],[-112.8619,42.1292],[-112.8611,42.1316],[-112.8543,42.1342],[-112.8569,42.1392],[-112.8563,42.1412],[-112.8581,42.1427],[-112.8585,42.1483],[-112.8503,42.1511],[-112.8459,42.1503],[-112.845,42.1527],[-112.8394,42.154],[-112.8379,42.1576],[-112.8316,42.161],[-112.83,42.1633],[-112.8311,42.1679],[-112.834,42.1691],[-112.8375,42.175],[-112.8406,42.1748],[-112.8442,42.1766],[-112.8439,42.1799],[-112.8506,42.1877],[-112.8487,42.1888],[-112.8515,42.1923],[-112.8513,42.1939],[-112.8463,42.1961],[-112.8483,42.2037],[-112.8462,42.2071],[-112.8464,42.2089],[-112.8381,42.2127],[-112.8374,42.2141],[-112.839,42.216],[-112.8341,42.2184],[-112.8346,42.2212],[-112.8433,42.2279],[-112.8448,42.2305],[-112.8602,42.2322],[-112.8608,42.2343],[-112.8589,42.2391],[-112.8642,42.2465],[-112.8643,42.2491],[-112.8667,42.251]]]}},{"type":"Feature","properties":{"huc12":"160203090203","name":"Burnt Basin"},"geometry":{"type":"Polygon","coordinates":[[[-112.9165,41.9404],[-112.9088,41.9411],[-112.9193,41.9479],[-112.9274,41.9559],[-112.9286,41.9658],[-112.9285,41.9794],[-112.9421,42.0014],[-112.943,42.0088],[-112.9583,42.0254],[-112.96,42.0295],[-112.9804,42.0407],[-112.9983,42.0447],[-113.0075,42.0492],[-113.0132,42.0504],[-113.019,42.0494],[-113.0229,42.0511],[-113.0311,42.0568],[-113.0331,42.0658],[-113.0355,42.0683],[-113.0378,42.0674],[-113.045,42.0703],[-113.0603,42.0717],[-113.0639,42.0705],[-113.0648,42.068],[-113.0712,42.0625],[-113.0732,42.0572],[-113.0719,42.0552],[-113.0724,42.0498],[-113.0748,42.0449],[-113.0729,42.0404],[-113.0756,42.0384],[-113.0714,42.0358],[-113.074,42.0303],[-113.0742,42.0269],[-113.0727,42.0234],[-113.075,42.0197],[-113.071,42.015],[-113.0724,42.0133],[-113.0685,42.0093],[-113.0718,42.0066],[-113.0699,41.9999],[-113.0491,41.9879],[-113.0392,41.9844],[-113.0317,41.98],[-112.9933,41.9665],[-112.9793,41.9659],[-112.963,41.9586],[-112.9555,41.9527],[-112.9475,41.9504],[-112.9381,41.9504],[-112.9165,41.9404]]]}},{"type":"Feature","properties":{"huc12":"160203090204","name":"Outlet Glen Canyon"},"geometry":{"type":"Polygon","coordinates":[[[-112.9078,42.0727],[-112.9084,42.0686],[-112.9121,42.0639],[-112.9112,42.0597],[-112.9128,42.0528],[-112.912,42.0468],[-112.9069,42.0411],[-112.9059,42.0374],[-112.9074,42.0307],[-112.906,42.0241],[-112.9085,42.0096],[-112.9065,42.0027],[-112.9069,41.9976],[-112.9103,41.9869],[-112.912,41.9958],[-112.9151,42.0029],[-112.914,42.0146],[-112.9174,42.0198],[-112.9163,42.0244],[-112.9201,42.0292],[-112.9232,42.0392],[-112.9221,42.0459],[-112.9238,42.0491],[-112.9204,42.0545],[-112.9223,42.0646],[-112.9247,42.0682],[-112.9248,42.0777],[-112.9209,42.0808],[-112.9201,42.0857],[-112.9235,42.0892],[-112.9223,42.0921],[-112.9275,42.1029],[-112.9271,42.1078],[-112.9243,42.1119],[-112.9289,42.1237],[-112.9279,42.1322],[-112.9311,42.1583],[-112.9336,42.1531],[-112.9374,42.1359],[-112.9404,42.1329],[-112.9459,42.1328],[-112.9522,42.1363],[-112.9589,42.1333],[-112.9679,42.1348],[-112.9705,42.1314],[-112.9736,42.1302],[-112.9974,42.1306],[-113.011,42.1327],[-113.025,42.1374],[-113.0324,42.138],[-113.0227,42.1356],[-113.0181,42.1331],[-113.0033,42.1298],[-112.9912,42.1245],[-112.9862,42.1235],[-112.9771,42.1158],[-112.9576,42.104],[-112.9551,42.0997],[-112.9554,42.0977],[-112.9494,42.0919],[-112.9484,42.0886],[-112.9503,42.0799],[-112.9379,42.045],[-112.9374,42.0374],[-112.9404,42.0294],[-112.938,42.0236],[-112.9388,42.0205],[-112.9324,42.0142],[-112.928,42.0033],[-112.922,41.9945],[-112.9185,41.9832],[-112.9178,41.9763],[-112.9146,41.9691],[-112.909,41.9483],[-112.9062,41.945],[-112.9047,41.9371],[-112.8945,41.9424],[-112.889,41.9467],[-112.8899,41.9522],[-112.8881,41.9599],[-112.8883,41.9636],[-112.8923,41.9722],[-112.8929,41.9818],[-112.8972,41.987],[-112.9005,41.9967],[-112.8995,42.0041],[-112.903,42.0135],[-112.903,42.0288],[-112.901,42.0317],[-112.9031,42.0372],[-112.9033,42.0444],[-112.9045,42.0454],[-112.9016,42.0538],[-112.9021,42.0616],[-112.9008,42.0656],[-112.9078,42.0727]]]}},{"type":"Feature","properties":{"huc12":"160203090205","name":"East Dry Canyon"},"geometry":{"type":"Polygon","coordinates":[[[-113.0324,42.138],[-113.0481,42.1402],[-113.0532,42.1343],[-113.0572,42.134],[-113.0603,42.1317],[-113.0682,42.1289],[-113.0717,42.1168],[-113.0793,42.1136],[-113.0868,42.1148],[-113.0907,42.1109],[-113.0869,42.1083],[-113.0797,42.1062],[-113.0796,42.1002],[-113.076,42.0978],[-113.0707,42.0953],[-113.0638,42.0943],[-113.0603,42.0885],[-113.0603,42.0717],[-113.045,42.0703],[-113.0378,42.0674],[-113.0355,42.0683],[-113.0331,42.0658],[-113.0311,42.0568],[-113.0229,42.0511],[-113.019,42.0494],[-113.0132,42.0504],[-113.0075,42.0492],[-112.9983,42.0447],[-112.9804,42.0407],[-112.96,42.0295],[-112.9583,42.0254],[-112.943,42.0088],[-112.9421,42.0014],[-112.9285,41.9794],[-112.9286,41.9658],[-112.9274,41.9559],[-112.9193,41.9479],[-112.9088,41.9411],[-112.9165,41.9404],[-112.9047,41.937],[-112.9062,41.945],[-112.909,41.9483],[-112.9146,41.9691],[-112.9178,41.9763],[-112.9185,41.9832],[-112.922,41.9945],[-112.928,42.0033],[-112.9324,42.0142],[-112.9388,42.0205],[-112.938,42.0236],[-112.9404,42.0294],[-112.9374,42.0374],[-112.9379,42.045],[-112.9503,42.0799],[-112.9484,42.0886],[-112.9494,42.0919],[-112.9554,42.0977],[-112.9551,42.0997],[-112.9576,42.104],[-112.9771,42.1158],[-112.9862,42.1235],[-112.9912,42.1245],[-113.0033,42.1298],[-113.0181,42.1331],[-113.0227,42.1356],[-113.0324,42.138]]]}},{"type":"Feature","properties":{"huc12":"160203090305","name":"North Hansel Mountains"},"geometry":{"type":"Polygon","coordinates":[[[-112.5968,42.02],[-112.6035,42.0214],[-112.6101,42.0203],[-112.6097,42.0219],[-112.6151,42.0253],[-112.6278,42.0262],[-112.6437,42.0227],[-112.6499,42.0227],[-112.6557,42.0203],[-112.6776,42.0205],[-112.6991,42.0141],[-112.7006,42.0087],[-112.7012,41.9927],[-112.7026,41.9874],[-112.7097,41.9784],[-112.7126,41.9778],[-112.6955,41.9733],[-112.6805,41.9626],[-112.6786,41.9555],[-112.6793,41.9519],[-112.6768,41.9498],[-112.6726,41.941],[-112.6746,41.9381],[-112.6743,41.9365],[-112.6688,41.9304],[-112.6701,41.9271],[-112.6693,41.9217],[-112.6669,41.92],[-112.6666,41.9181],[-112.6633,41.9171],[-112.6614,41.9135],[-112.6622,41.9111],[-112.6566,41.9071],[-112.6466,41.9096],[-112.6356,41.9088],[-112.6255,41.9118],[-112.6137,41.9069],[-112.6034,41.9103],[-112.6005,41.9132],[-112.6011,41.9177],[-112.5996,41.9206],[-112.597,41.9223],[-112.6032,41.9269],[-112.6013,41.9296],[-112.6016,41.9313],[-112.6175,41.9418],[-112.6183,41.9468],[-112.6173,41.9495],[-112.6201,41.9528],[-112.6185,41.954],[-112.6187,41.9584],[-112.6156,41.9598],[-112.6149,41.9662],[-112.6095,41.9676],[-112.6076,41.971],[-112.6052,41.9685],[-112.6053,41.9633],[-112.5918,41.9597],[-112.589,41.9635],[-112.589,41.9682],[-112.5869,41.97],[-112.5874,41.9719],[-112.585,41.9749],[-112.5831,41.9745],[-112.5837,41.9832],[-112.5792,41.9848],[-112.5807,41.9875],[-112.5798,41.9897],[-112.5809,41.9916],[-112.5864,41.9937],[-112.5849,41.996],[-112.587,42.0005],[-112.5869,42.0031],[-112.5856,42.0038],[-112.5869,42.0138],[-112.5968,42.02]]]}},{"type":"Feature","properties":{"huc12":"160203090306","name":"Snowville Cemetery-Deep Creek"},"geometry":{"type":"Polygon","coordinates":[[[-112.7048,42.0129],[-112.7071,42.0135],[-112.7114,42.0258],[-112.7159,42.0283],[-112.7275,42.0413],[-112.745,42.0493],[-112.7561,42.0528],[-112.7617,42.0516],[-112.7686,42.0433],[-112.7826,42.0423],[-112.7845,42.0411],[-112.7869,42.043],[-112.7902,42.0414],[-112.7896,42.039],[-112.7908,42.037],[-112.7976,42.0371],[-112.7976,42.0299],[-112.7947,42.029],[-112.7934,42.0253],[-112.7889,42.0216],[-112.7909,42.0181],[-112.7904,42.0145],[-112.7932,42.0131],[-112.7805,42.0102],[-112.7791,42.0011],[-112.7805,41.9979],[-112.7757,41.9972],[-112.7748,41.9887],[-112.773,41.9885],[-112.7705,41.9909],[-112.765,41.9915],[-112.7632,41.9932],[-112.7597,41.9906],[-112.7478,41.9887],[-112.7472,41.987],[-112.7498,41.9816],[-112.7479,41.9779],[-112.7412,41.9771],[-112.7385,41.9802],[-112.7154,41.9839],[-112.7137,41.9827],[-112.7137,41.9781],[-112.7097,41.9784],[-112.7028,41.987],[-112.7012,41.9927],[-112.7007,42.0078],[-112.6991,42.0141],[-112.7048,42.0129]]]}},{"type":"Feature","properties":{"huc12":"160203090309","name":"Cow Canyon"},"geometry":{"type":"Polygon","coordinates":[[[-112.8018,42.0461],[-112.8032,42.05],[-112.8008,42.0539],[-112.8011,42.0562],[-112.8023,42.0592],[-112.8069,42.0619],[-112.8036,42.064],[-112.8052,42.0679],[-112.8011,42.0703],[-112.7926,42.0707],[-112.7853,42.0824],[-112.7863,42.0889],[-112.7854,42.091],[-112.789,42.0948],[-112.7918,42.0957],[-112.794,42.0942],[-112.7995,42.0949],[-112.7987,42.1019],[-112.8017,42.1062],[-112.8018,42.1198],[-112.8051,42.1231],[-112.8125,42.1244],[-112.8111,42.1256],[-112.8113,42.1279],[-112.8053,42.1312],[-112.8047,42.1361],[-112.8012,42.1402],[-112.8079,42.1407],[-112.8109,42.1446],[-112.8166,42.1474],[-112.8151,42.1493],[-112.8177,42.1504],[-112.8182,42.1526],[-112.8142,42.1549],[-112.8133,42.1589],[-112.8251,42.1633],[-112.8272,42.1664],[-112.8257,42.169],[-112.8269,42.1719],[-112.8296,42.1733],[-112.8322,42.1724],[-112.836,42.1732],[-112.834,42.1691],[-112.8311,42.1679],[-112.83,42.164],[-112.8308,42.1619],[-112.8379,42.1576],[-112.8397,42.1538],[-112.845,42.1527],[-112.8459,42.1503],[-112.8503,42.1511],[-112.8586,42.1482],[-112.8581,42.1427],[-112.8563,42.1412],[-112.8569,42.1392],[-112.8544,42.1341],[-112.8611,42.1316],[-112.8624,42.1291],[-112.8709,42.1328],[-112.8761,42.1303],[-112.8808,42.1305],[-112.8871,42.1254],[-112.9001,42.1215],[-112.9051,42.1172],[-112.906,42.1142],[-112.9052,42.1112],[-112.907,42.1078],[-112.907,42.0935],[-112.9085,42.0907],[-112.9072,42.0825],[-112.909,42.0767],[-112.9086,42.0737],[-112.9008,42.0656],[-112.9021,42.0616],[-112.9016,42.0538],[-112.9029,42.0522],[-112.903,42.0476],[-112.9045,42.046],[-112.901,42.0317],[-112.903,42.0288],[-112.903,42.0129],[-112.8995,42.0041],[-112.9005,41.9974],[-112.8997,41.9938],[-112.8972,41.987],[-112.8929,41.9818],[-112.8923,41.9722],[-112.8881,41.9618],[-112.8881,41.9571],[-112.8899,41.9522],[-112.889,41.9479],[-112.89,41.9413],[-112.8947,41.9322],[-112.8934,41.9221],[-112.8946,41.9145],[-112.8905,41.9062],[-112.8887,41.9061],[-112.8794,41.9233],[-112.8671,41.9347],[-112.8682,41.9387],[-112.8679,41.9542],[-112.8663,41.9662],[-112.8688,41.9744],[-112.8723,41.9803],[-112.8707,41.9938],[-112.8675,41.9996],[-112.8607,42.0075],[-112.8569,42.0163],[-112.8502,42.0192],[-112.8492,42.0224],[-112.833,42.024],[-112.8201,42.0337],[-112.8174,42.0376],[-112.817,42.0417],[-112.8092,42.042],[-112.8047,42.0457],[-112.8018,42.0461]]]}},{"type":"Feature","properties":{"huc12":"160203090402","name":"Pilot Spring-Deep Creek"},"geometry":{"type":"Polygon","coordinates":[[[-112.9173,41.8916],[-112.9228,41.9015],[-112.9301,41.9071],[-112.9376,41.915],[-112.9419,41.9252],[-112.9437,41.9268],[-112.9504,41.9279],[-112.9561,41.9326],[-112.9634,41.9333],[-112.9777,41.9433],[-112.9886,41.9463],[-112.9975,41.9466],[-113.0005,41.9525],[-113.0096,41.9586],[-113.0161,41.9654],[-113.035,41.9657],[-113.0376,41.9681],[-113.0403,41.9766],[-113.0452,41.9787],[-113.0562,41.9795],[-113.0597,41.9809],[-113.0656,41.9854],[-113.0678,41.9916],[-113.0729,41.9972],[-113.0874,42.0065],[-113.0855,42.0018],[-113.0814,41.9987],[-113.0731,41.9769],[-113.075,41.967],[-113.0735,41.9636],[-113.073,41.9528],[-113.0646,41.9396],[-113.0487,41.9297],[-113.0163,41.922],[-113.0045,41.917],[-113.0037,41.9154],[-113.005,41.9105],[-113.0016,41.906],[-112.9993,41.9048],[-112.9993,41.9005],[-112.997,41.8974],[-112.9898,41.8932],[-112.9844,41.8916],[-112.9749,41.8911],[-112.9724,41.8889],[-112.9586,41.8833],[-112.9489,41.867],[-112.9432,41.8704],[-112.9211,41.8773],[-112.9175,41.8749],[-112.9142,41.8674],[-112.9095,41.863],[-112.9097,41.8573],[-112.9071,41.8531],[-112.9014,41.849],[-112.9003,41.8462],[-112.8835,41.8434],[-112.8694,41.8384],[-112.8644,41.8428],[-112.8668,41.8441],[-112.8614,41.8481],[-112.8615,41.8616],[-112.8591,41.8653],[-112.865,41.8677],[-112.8866,41.8842],[-112.8897,41.8856],[-112.907,41.8861],[-112.9173,41.8916]]]}},{"type":"Feature","properties":{"huc12":"160203090801","name":"Buckboard Canyon"},"geometry":{"type":"Polygon","coordinates":[[[-112.4518,42.1498],[-112.4707,42.1476],[-112.4757,42.1496],[-112.4849,42.15],[-112.4883,42.1517],[-112.4942,42.1512],[-112.4957,42.1528],[-112.5047,42.1544],[-112.5142,42.1465],[-112.5151,42.1425],[-112.5314,42.1394],[-112.5364,42.1365],[-112.5483,42.1425],[-112.5588,42.1422],[-112.5606,42.1365],[-112.5563,42.1357],[-112.555,42.1338],[-112.5594,42.1282],[-112.5622,42.1273],[-112.5639,42.1251],[-112.5634,42.1207],[-112.5652,42.1183],[-112.5637,42.117],[-112.5675,42.1105],[-112.5659,42.1067],[-112.5683,42.1053],[-112.5691,42.1023],[-112.5708,42.1013],[-112.5704,42.0991],[-112.5724,42.0978],[-112.5731,42.0949],[-112.5719,42.0937],[-112.572,42.0907],[-112.5699,42.0889],[-112.5703,42.0853],[-112.5734,42.0834],[-112.5764,42.0849],[-112.5809,42.0836],[-112.5846,42.0843],[-112.5876,42.0801],[-112.5883,42.0713],[-112.5857,42.067],[-112.59,42.0632],[-112.5947,42.0632],[-112.5966,42.0604],[-112.5955,42.0582],[-112.5956,42.0527],[-112.5973,42.0513],[-112.5988,42.0457],[-112.5956,42.0442],[-112.5942,42.0412],[-112.5962,42.0378],[-112.5948,42.0337],[-112.5955,42.0254],[-112.5978,42.0242],[-112.5968,42.02],[-112.5921,42.0163],[-112.5883,42.0156],[-112.5862,42.0113],[-112.5835,42.0122],[-112.58,42.0109],[-112.5787,42.009],[-112.5747,42.0081],[-112.5737,42.0061],[-112.5663,42.0043],[-112.5579,42.0041],[-112.5487,42.0015],[-112.5431,41.998],[-112.5421,41.9951],[-112.5316,41.9868],[-112.53,41.9809],[-112.5277,41.9788],[-112.5245,41.977],[-112.5065,41.9732],[-112.4983,41.9784],[-112.4921,41.9796],[-112.4937,41.9822],[-112.4905,41.9845],[-112.4866,41.9932],[-112.483,41.9962],[-112.4829,41.9984],[-112.4805,41.9978],[-112.4763,41.9944],[-112.4781,41.993],[-112.4785,41.9875],[-112.4758,41.9865],[-112.4738,41.9791],[-112.4705,41.976],[-112.4643,41.9764],[-112.4623,41.9749],[-112.4636,41.9742],[-112.4633,41.9721],[-112.4586,41.9702],[-112.4548,41.9732],[-112.4472,41.967],[-112.44,41.9681],[-112.4338,41.966],[-112.4292,41.9628],[-112.4246,41.9573],[-112.4166,41.9599],[-112.4131,41.9568],[-112.4082,41.957],[-112.4058,41.9557],[-112.3978,41.9569],[-112.392,41.9543],[-112.3907,41.9519],[-112.3884,41.9521],[-112.3874,41.9494],[-112.3812,41.9437],[-112.3803,41.9389],[-112.3823,41.9377],[-112.3809,41.9353],[-112.3753,41.9364],[-112.3739,41.9387],[-112.3679,41.9405],[-112.3712,41.9472],[-112.3699,41.949],[-112.3722,41.95],[-112.3719,41.9516],[-112.3676,41.9552],[-112.3623,41.9575],[-112.3632,41.9598],[-112.3683,41.9612],[-112.3709,41.9637],[-112.3813,41.9804],[-112.3788,41.9848],[-112.3765,41.9857],[-112.3751,41.9879],[-112.3763,41.9908],[-112.375,41.9925],[-112.3687,41.9926],[-112.3615,41.9974],[-112.364,41.9995],[-112.3632,42.0031],[-112.3659,42.0041],[-112.3643,42.0104],[-112.3685,42.0126],[-112.37,42.0164],[-112.3738,42.0178],[-112.3809,42.0238],[-112.3811,42.0259],[-112.3796,42.0276],[-112.3826,42.0378],[-112.3843,42.0404],[-112.3889,42.0412],[-112.3909,42.0432],[-112.3901,42.0516],[-112.3885,42.0537],[-112.3914,42.056],[-112.3944,42.0612],[-112.4005,42.0659],[-112.4041,42.0636],[-112.4098,42.0636],[-112.4143,42.0659],[-112.4153,42.0683],[-112.4203,42.0729],[-112.4205,42.0761],[-112.4156,42.0801],[-112.4164,42.0836],[-112.4151,42.0863],[-112.4167,42.0877],[-112.4135,42.0913],[-112.4121,42.0952],[-112.4135,42.097],[-112.421,42.0975],[-112.4272,42.1054],[-112.4308,42.1051],[-112.4338,42.1077],[-112.4404,42.1087],[-112.4394,42.1158],[-112.4407,42.1183],[-112.4451,42.12],[-112.4435,42.1234],[-112.4461,42.1276],[-112.4441,42.1303],[-112.4475,42.1314],[-112.4494,42.1348],[-112.4483,42.1415],[-112.4499,42.1435],[-112.4479,42.1463],[-112.4518,42.1498]]]}},{"type":"Feature","properties":{"huc12":"160203090802","name":"Headwaters Blue Creek"},"geometry":{"type":"Polygon","coordinates":[[[-112.3753,41.9364],[-112.3809,41.9353],[-112.3823,41.9377],[-112.3803,41.9389],[-112.3812,41.9437],[-112.3874,41.9494],[-112.3884,41.9521],[-112.3907,41.9519],[-112.392,41.9543],[-112.3978,41.9569],[-112.4058,41.9557],[-112.4082,41.957],[-112.4131,41.9568],[-112.4166,41.9599],[-112.4246,41.9573],[-112.4292,41.9628],[-112.4338,41.966],[-112.44,41.9681],[-112.4472,41.967],[-112.4548,41.9732],[-112.4586,41.9702],[-112.4633,41.9721],[-112.4636,41.9742],[-112.4623,41.9749],[-112.4643,41.9764],[-112.4705,41.976],[-112.4738,41.9791],[-112.4758,41.9865],[-112.4785,41.9875],[-112.4781,41.993],[-112.4763,41.9944],[-112.4805,41.9978],[-112.4829,41.9984],[-112.483,41.9962],[-112.4866,41.9932],[-112.4905,41.9845],[-112.4937,41.9822],[-112.4921,41.9796],[-112.5026,41.9765],[-112.506,41.9732],[-112.5245,41.977],[-112.5277,41.9788],[-112.53,41.9809],[-112.5316,41.9868],[-112.5421,41.9951],[-112.5431,41.998],[-112.5487,42.0015],[-112.5579,42.0041],[-112.5697,42.0048],[-112.5835,42.0122],[-112.587,42.0104],[-112.5856,42.0038],[-112.5869,42.0031],[-112.587,42.0005],[-112.5849,41.9974],[-112.5864,41.9937],[-112.5809,41.9916],[-112.5797,41.9854],[-112.5765,41.9821],[-112.5709,41.98],[-112.5698,41.9764],[-112.5655,41.9737],[-112.5654,41.9704],[-112.5619,41.9686],[-112.5606,41.9652],[-112.5617,41.9595],[-112.5641,41.9567],[-112.571,41.9575],[-112.5714,41.9549],[-112.5685,41.9461],[-112.5692,41.9423],[-112.5622,41.9406],[-112.5571,41.9368],[-112.5525,41.9351],[-112.5397,41.9365],[-112.5394,41.9246],[-112.5352,41.923],[-112.5359,41.92],[-112.5349,41.9186],[-112.5371,41.9175],[-112.5376,41.9157],[-112.536,41.9136],[-112.5403,41.9039],[-112.5386,41.8944],[-112.5398,41.8922],[-112.5359,41.8893],[-112.5363,41.8795],[-112.539,41.8734],[-112.5378,41.8701],[-112.5391,41.8682],[-112.5495,41.8644],[-112.551,41.8563],[-112.5503,41.8517],[-112.5449,41.8515],[-112.5419,41.8527],[-112.538,41.8582],[-112.5359,41.8582],[-112.5349,41.8562],[-112.5246,41.8547],[-112.5207,41.8564],[-112.5144,41.856],[-112.5065,41.8594],[-112.499,41.8702],[-112.4854,41.868],[-112.4823,41.8701],[-112.4739,41.8719],[-112.4711,41.8751],[-112.4662,41.8774],[-112.4635,41.8819],[-112.4505,41.8893],[-112.4401,41.9064],[-112.437,41.9085],[-112.4211,41.9124],[-112.4106,41.9163],[-112.4094,41.9181],[-112.3884,41.9207],[-112.3827,41.9184],[-112.3797,41.9231],[-112.3717,41.9239],[-112.368,41.9262],[-112.3671,41.9321],[-112.3753,41.9364]]]}}]}