{"type":"FeatureCollection","features":[{"type":"Feature","properties":{"huc8":"16010101","name":"Upper Bear"},"geometry":{"type":"Polygon","coordinates":[[[-110.7969,42.0583],[-110.8074,42.0579],[-110.8139,42.0537],[-110.8284,42.0531],[-110.8365,42.0494],[-110.8385,42.0433],[-110.8361,42.0383],[-110.8383,42.0326],[-110.8353,42.0271],[-110.8367,42.0138],[-110.841,42.0112],[-110.8375,42.005],[-110.8402,41.9941],[-110.8451,41.9873],[-110.8491,41.9855],[-110.8517,41.987],[-110.8587,41.9658],[-110.865,41.9629],[-110.8596,41.9575],[-110.8576,41.9481],[-110.8515,41.9465],[-110.8485,41.9377],[-110.8483,41.9028],[-110.8542,41.8981],[-110.8606,41.8964],[-110.8646,41.9008],[-110.871,41.9014],[-110.8836,41.9078],[-110.8932,41.9084],[-110.8925,41.9108],[-110.895,41.912],[-110.9055,41.9114],[-110.9264,41.917],[-110.9329,41.9165],[-110.9327,41.9194],[-110.9347,41.92],[-110.9466,41.9144],[-110.9618,41.9154],[-110.9791,41.9233],[-110.994,41.9351],[-111.0142,41.9386],[-111.0582,41.9344],[-111.0627,41.9441],[-111.0624,41.9527],[-111.0684,41.9499],[-111.083,41.9533],[-111.0907,41.9526],[-111.0985,41.9348],[-111.0993,41.9222],[-111.1095,41.921],[-111.1158,41.9252],[-111.1347,41.9295],[-111.1634,41.9277],[-111.1688,41.9238],[-111.1661,41.9186],[-111.1719,41.9069],[-111.1893,41.9013],[-111.1949,41.8954],[-111.1949,41.8897],[-111.1991,41.8839],[-111.2081,41.8793],[-111.2123,41.8739],[-111.2313,41.8714],[-111.2458,41.8731],[-111.2507,41.8631],[-111.2555,41.8627],[-111.2546,41.8584],[-111.2591,41.8532],[-111.2503,41.8439],[-111.2505,41.8404],[-111.2458,41.8378],[-111.2447,41.8329],[-111.2583,41.8302],[-111.2535,41.8254],[-111.2558,41.8198],[-111.247,41.8168],[-111.2453,41.8142],[-111.2644,41.7965],[-111.2729,41.7936],[-111.2717,41.7905],[-111.2639,41.7862],[-111.2668,41.7804],[-111.2638,41.7754],[-111.2623,41.7643],[-111.2894,41.7579],[-111.2955,41.7537],[-111.3131,41.7507],[-111.3201,41.7526],[-111.3258,41.7513],[-111.3394,41.7285],[-111.3756,41.7238],[-111.3854,41.7168],[-111.3817,41.7122],[-111.3826,41.705],[-111.394,41.7029],[-111.4001,41.6951],[-111.4057,41.6936],[-111.4129,41.687],[-111.4114,41.6799],[-111.4154,41.6763],[-111.4146,41.6676],[-111.4061,41.666],[-111.4068,41.6631],[-111.4023,41.6595],[-111.4017,41.6544],[-111.4083,41.6493],[-111.4089,41.6447],[-111.4166,41.6392],[-111.4119,41.6317],[-111.4119,41.6258],[-111.4174,41.6225],[-111.4227,41.6241],[-111.4298,41.6184],[-111.4266,41.6106],[-111.4272,41.5927],[-111.4292,41.5901],[-111.4269,41.5856],[-111.4276,41.5787],[-111.4306,41.5758],[-111.4294,41.567],[-111.4331,41.5537],[-111.4421,41.549],[-111.445,41.5447],[-111.4418,41.5353],[-111.443,41.5313],[-111.4531,41.5299],[-111.4587,41.532],[-111.4591,41.5291],[-111.456,41.5268],[-111.4565,41.5208],[-111.4648,41.5148],[-111.4668,41.5095],[-111.4783,41.5037],[-111.4748,41.5002],[-111.4781,41.4974],[-111.475,41.4948],[-111.4756,41.4885],[-111.48,41.4839],[-111.4815,41.4767],[-111.4904,41.4728],[-111.4898,41.4662],[-111.5007,41.4644],[-111.5036,41.4594],[-111.5031,41.4539],[-111.5051,41.4519],[-111.5029,41.4488],[-111.506,41.4439],[-111.5006,41.4378],[-111.5047,41.4358],[-111.5069,41.4294],[-111.5107,41.4279],[-111.511,41.4225],[-111.5065,41.418],[-111.5081,41.414],[-111.5006,41.4117],[-111.4991,41.4081],[-111.4845,41.4048],[-111.4816,41.4011],[-111.4756,41.4],[-111.4785,41.3906],[-111.4776,41.3843],[-111.4627,41.3795],[-111.4601,41.3739],[-111.4481,41.373],[-111.4457,41.3713],[-111.4464,41.3672],[-111.4372,41.3667],[-111.4339,41.3622],[-111.4237,41.3651],[-111.4206,41.3613],[-111.4046,41.3622],[-111.4036,41.3693],[-111.3962,41.3733],[-111.3841,41.3739],[-111.3681,41.3657],[-111.3672,41.3616],[-111.3482,41.3623],[-111.3399,41.3552],[-111.3319,41.3575],[-111.3272,41.3532],[-111.3272,41.3454],[-111.3187,41.3438],[-111.3054,41.3336],[-111.2951,41.3302],[-111.2936,41.3203],[-111.2969,41.3184],[-111.2925,41.3094],[-111.2843,41.3093],[-111.2861,41.3051],[-111.262,41.2968],[-111.2595,41.2907],[-111.2638,41.2852],[-111.2772,41.2775],[-111.2739,41.2652],[-111.2809,41.2614],[-111.2767,41.257],[-111.2772,41.2448],[-111.2695,41.2371],[-111.281,41.2306],[-111.2824,41.2262],[-111.2543,41.2292],[-111.253,41.223],[-111.2566,41.2176],[-111.2523,41.2147],[-111.2338,41.2183],[-111.222,41.2152],[-111.2215,41.2128],[-111.2316,41.2025],[-111.2305,41.1951],[-111.2257,41.1911],[-111.2297,41.1862],[-111.2357,41.1839],[-111.2333,41.1768],[-111.2428,41.1643],[-111.2609,41.1463],[-111.2646,41.1454],[-111.2628,41.1411],[-111.2444,41.1451],[-111.241,41.142],[-111.2326,41.143],[-111.2233,41.1516],[-111.1997,41.1653],[-111.1836,41.1707],[-111.1758,41.1702],[-111.1675,41.1761],[-111.1573,41.1776],[-111.141,41.1871],[-111.1416,41.1909],[-111.1334,41.1952],[-111.1338,41.2062],[-111.1307,41.2093],[-111.1276,41.2077],[-111.1142,41.2118],[-111.1075,41.2114],[-111.1053,41.2003],[-111.0906,41.1949],[-111.0945,41.1908],[-111.0749,41.1873],[-111.0693,41.1843],[-111.0711,41.176],[-111.0762,41.1691],[-111.0714,41.1639],[-111.0723,41.161],[-111.0834,41.1543],[-111.0842,41.1514],[-111.0816,41.1482],[-111.0877,41.1419],[-111.0872,41.1312],[-111.0922,41.1277],[-111.0944,41.1175],[-111.106,41.1068],[-111.1079,41.0928],[-111.1232,41.08],[-111.1188,41.075],[-111.119,41.0635],[-111.1046,41.053],[-111.1074,41.0481],[-111.1076,41.0398],[-111.1033,41.032],[-111.0743,41.032],[-111.0553,41.0441],[-111.0514,41.0491],[-111.0473,41.0474],[-111.0328,41.0529],[-111.0181,41.0528],[-111.0163,41.0493],[-111.0183,41.0476],[-111.0139,41.0456],[-111.0146,41.041],[-111.0063,41.0399],[-111.0051,41.0367],[-111.007,41.0346],[-111.0049,41.0311],[-111.0086,41.0253],[-111.0069,41.0161],[-111.013,41.0075],[-111.0077,41.0018],[-110.9962,41.0001],[-110.9933,40.9961],[-110.9869,40.9976],[-110.9756,40.9873],[-110.9726,40.9724],[-110.9763,40.9595],[-110.9748,40.9522],[-110.9664,40.9384],[-110.9587,40.932],[-110.9627,40.9079],[-110.9703,40.9021],[-110.974,40.8943],[-110.9908,40.8904],[-110.9962,40.8916],[-111.0041,40.86],[-111.0142,40.8554],[-111.0193,40.8451],[-110.9864,40.846],[-110.9734,40.8368],[-110.9684,40.8388],[-110.9636,40.8362],[-110.961,40.8317],[-110.9627,40.8232],[-110.9576,40.8183],[-110.9545,40.8109],[-110.9549,40.8055],[-110.9505,40.8035],[-110.9514,40.8009],[-110.9473,40.7989],[-110.9407,40.8014],[-110.9304,40.7896],[-110.9201,40.7868],[-110.918,40.7797],[-110.9112,40.7763],[-110.9121,40.7575],[-110.9181,40.7512],[-110.9188,40.7473],[-110.907,40.7439],[-110.9047,40.7405],[-110.9059,40.7327],[-110.8927,40.7319],[-110.8897,40.7271],[-110.8754,40.7284],[-110.8626,40.7216],[-110.8475,40.7254],[-110.8314,40.7178],[-110.8231,40.7104],[-110.802,40.7129],[-110.7832,40.731],[-110.7743,40.7315],[-110.7651,40.7371],[-110.7663,40.7414],[-110.7583,40.7421],[-110.751,40.7476],[-110.7421,40.7447],[-110.7339,40.7468],[-110.7214,40.7454],[-110.7132,40.7528],[-110.6968,40.7467],[-110.6844,40.7603],[-110.6817,40.78],[-110.6856,40.7895],[-110.682,40.7937],[-110.6843,40.7985],[-110.683,40.8048],[-110.6915,40.8225],[-110.6906,40.8271],[-110.6953,40.8349],[-110.7004,40.8384],[-110.7057,40.8518],[-110.6998,40.8629],[-110.7078,40.8646],[-110.7094,40.8685],[-110.6917,40.8774],[-110.6904,40.8796],[-110.6965,40.882],[-110.6968,40.8928],[-110.691,40.8986],[-110.6863,40.8998],[-110.6861,40.9096],[-110.6771,40.9114],[-110.6764,40.9179],[-110.6701,40.9246],[-110.6666,40.9345],[-110.6735,40.9387],[-110.6795,40.9519],[-110.6918,40.9596],[-110.6916,40.9647],[-110.7024,40.9657],[-110.7306,40.9769],[-110.7332,40.9844],[-110.7246,40.9905],[-110.7191,40.9999],[-110.7185,41.0061],[-110.7114,41.0118],[-110.7052,41.0246],[-110.7048,41.035],[-110.7192,41.0521],[-110.7331,41.0582],[-110.745,41.0589],[-110.7463,41.0619],[-110.7433,41.0676],[-110.7452,41.0726],[-110.743,41.0822],[-110.7451,41.0888],[-110.7168,41.1025],[-110.7148,41.1103],[-110.7092,41.118],[-110.7097,41.1201],[-110.713,41.1205],[-110.7106,41.1269],[-110.7055,41.1313],[-110.7053,41.135],[-110.7097,41.1395],[-110.7066,41.1414],[-110.7059,41.1531],[-110.7029,41.1557],[-110.7043,41.1636],[-110.7187,41.1625],[-110.7166,41.1782],[-110.7198,41.1832],[-110.7352,41.1906],[-110.7599,41.1816],[-110.768,41.1753],[-110.7753,41.1731],[-110.7768,41.1795],[-110.7694,41.1856],[-110.7695,41.1897],[-110.7762,41.1941],[-110.7722,41.1987],[-110.7721,41.2115],[-110.7894,41.2137],[-110.7997,41.2043],[-110.8138,41.2043],[-110.8102,41.211],[-110.8107,41.2147],[-110.8163,41.2209],[-110.8245,41.2243],[-110.8126,41.2333],[-110.8144,41.2387],[-110.8071,41.244],[-110.8076,41.2483],[-110.8036,41.2535],[-110.8082,41.2573],[-110.8077,41.2648],[-110.81,41.2674],[-110.8029,41.2744],[-110.8095,41.2834],[-110.8287,41.2838],[-110.8291,41.2878],[-110.8375,41.2908],[-110.8399,41.2948],[-110.8283,41.2973],[-110.8333,41.3047],[-110.8306,41.314],[-110.8337,41.319],[-110.8174,41.3248],[-110.8188,41.3277],[-110.8141,41.331],[-110.8146,41.3404],[-110.8232,41.3425],[-110.8291,41.3469],[-110.8269,41.3509],[-110.8302,41.3578],[-110.8218,41.3648],[-110.83,41.3695],[-110.8511,41.3673],[-110.8598,41.3687],[-110.8652,41.3664],[-110.8686,41.3681],[-110.8816,41.3672],[-110.8945,41.3627],[-110.9079,41.3524],[-110.9092,41.3551],[-110.9056,41.3595],[-110.9085,41.3689],[-110.9062,41.3701],[-110.9068,41.3737],[-110.8985,41.3791],[-110.8958,41.3851],[-110.8916,41.3862],[-110.8904,41.3929],[-110.8929,41.397],[-110.8997,41.4009],[-110.9064,41.4009],[-110.9067,41.4035],[-110.8994,41.4102],[-110.8845,41.4169],[-110.8839,41.4267],[-110.8885,41.429],[-110.8848,41.4304],[-110.8834,41.436],[-110.8745,41.443],[-110.8743,41.447],[-110.888,41.4473],[-110.8903,41.4556],[-110.8801,41.4618],[-110.8771,41.4667],[-110.8749,41.4744],[-110.8788,41.476],[-110.8682,41.4841],[-110.867,41.4934],[-110.872,41.4958],[-110.8728,41.4994],[-110.8775,41.4994],[-110.8795,41.5022],[-110.8729,41.5095],[-110.8745,41.5118],[-110.8857,41.5151],[-110.8918,41.5209],[-110.891,41.5279],[-110.8854,41.5311],[-110.8852,41.5384],[-110.8808,41.5456],[-110.8843,41.5553],[-110.8897,41.5586],[-110.888,41.5649],[-110.9095,41.5687],[-110.9165,41.5743],[-110.9113,41.5805],[-110.9162,41.5949],[-110.9253,41.596],[-110.9221,41.6005],[-110.9252,41.6074],[-110.9196,41.6126],[-110.9213,41.6168],[-110.9188,41.6234],[-110.9232,41.626],[-110.9249,41.6335],[-110.92,41.6503],[-110.9096,41.6581],[-110.9099,41.6674],[-110.8985,41.6732],[-110.9003,41.6774],[-110.8908,41.6782],[-110.8857,41.6855],[-110.8652,41.6956],[-110.8691,41.7046],[-110.8569,41.706],[-110.8545,41.7087],[-110.8475,41.7084],[-110.8376,41.7052],[-110.8375,41.7034],[-110.8163,41.7041],[-110.8101,41.7001],[-110.7937,41.7017],[-110.7935,41.6997],[-110.7804,41.6988],[-110.7795,41.6957],[-110.7751,41.6963],[-110.774,41.6932],[-110.7341,41.6862],[-110.7236,41.6787],[-110.7142,41.6773],[-110.6978,41.6772],[-110.6836,41.6839],[-110.6842,41.6893],[-110.6726,41.6881],[-110.6717,41.6929],[-110.6786,41.699],[-110.6749,41.7019],[-110.6782,41.707],[-110.6639,41.7111],[-110.659,41.7163],[-110.6564,41.716],[-110.653,41.7276],[-110.6463,41.7347],[-110.6351,41.7343],[-110.6216,41.7375],[-110.6197,41.7541],[-110.6223,41.7652],[-110.6327,41.7656],[-110.6323,41.7739],[-110.6265,41.7759],[-110.6248,41.7801],[-110.6173,41.7827],[-110.6176,41.7867],[-110.6087,41.7931],[-110.5985,41.8233],[-110.5986,41.8327],[-110.6123,41.8367],[-110.6098,41.8562],[-110.6219,41.8589],[-110.6377,41.8678],[-110.6378,41.8736],[-110.6406,41.8773],[-110.6622,41.8823],[-110.6732,41.8894],[-110.673,41.8933],[-110.6641,41.9],[-110.6712,41.9101],[-110.6967,41.9223],[-110.7262,41.9265],[-110.7336,41.924],[-110.749,41.9369],[-110.7779,41.9354],[-110.7793,41.9385],[-110.7747,41.9515],[-110.7798,41.9576],[-110.7966,41.9631],[-110.8064,41.961],[-110.797,41.9692],[-110.8003,41.9807],[-110.7953,41.9861],[-110.7951,41.9966],[-110.7882,42.0023],[-110.7889,42.0084],[-110.8005,42.016],[-110.7964,42.0191],[-110.8008,42.0228],[-110.801,42.0256],[-110.7972,42.0281],[-110.7998,42.0335],[-110.7976,42.036],[-110.799,42.0385],[-110.7937,42.0434],[-110.7992,42.0516],[-110.7969,42.0583]]]}},{"type":"Feature","properties":{"huc8":"16020310","name":"Great Salt Lake"},"geometry":{"type":"Polygon","coordinates":[[[-112.8399,41.6992],[-112.8422,41.7009],[-112.8438,41.6983],[-112.8627,41.6971],[-112.8671,41.6899],[-112.8643,41.678],[-112.8895,41.6778],[-112.8962,41.6709],[-112.8877,41.6692],[-112.888,41.6673],[-112.8922,41.667],[-112.8939,41.663],[-112.9092,41.6531],[-112.9239,41.6474],[-112.9555,41.6463],[-112.9724,41.6417],[-112.9928,41.6465],[-113.005,41.6451],[-113.0196,41.6362],[-113.0282,41.624],[-113.0293,41.6155],[-113.0261,41.6037],[-113.0281,41.6008],[-113.0332,41.6021],[-113.0364,41.5982],[-113.0268,41.591],[-113.0279,41.5896],[-113.0327,41.5917],[-113.0405,41.5833],[-113.0366,41.577],[-113.0172,41.5704],[-113.0307,41.5703],[-113.0369,41.5632],[-113.034,41.5572],[-113.0243,41.5509],[-113.0256,41.5537],[-113.0234,41.5537],[-113.0215,41.5497],[-113.0313,41.5476],[-113.0528,41.5242],[-113.0644,41.5177],[-113.0644,41.5147],[-113.0696,41.5196],[-113.0727,41.5131],[-113.0656,41.488],[-113.0573,41.4778],[-113.0564,41.469],[-113.0451,41.4586],[-113.0444,41.4553],[-113.0287,41.4464],[-113.019,41.4475],[-113.0121,41.4451],[-113.0063,41.4379],[-113.0071,41.4335],[-113.0128,41.4313],[-113.019,41.4228],[-113.0281,41.421],[-113.022,41.414],[-113.0175,41.3997],[-113.0108,41.3925],[-113.0093,41.3876],[-113.0087,41.3752],[-112.9997,41.3373],[-113.0015,41.3138],[-113.0189,41.2957],[-113.0305,41.2943],[-113.0323,41.2878],[-113.0222,41.272],[-113.0149,41.2671],[-113.0091,41.2672],[-113.0061,41.2593],[-112.994,41.2584],[-112.9888,41.2527],[-112.9824,41.2538],[-112.9813,41.2513],[-112.9712,41.2475],[-112.954,41.2456],[-112.9505,41.2514],[-112.9522,41.2575],[-112.9494,41.2595],[-112.9581,41.2701],[-112.9531,41.2725],[-112.9409,41.2696],[-112.9436,41.2691],[-112.9426,41.2674],[-112.9251,41.2632],[-112.92,41.2581],[-112.9087,41.2552],[-112.9025,41.2503],[-112.8857,41.2562],[-112.8771,41.2469],[-112.8674,41.2489],[-112.8634,41.2462],[-112.8774,41.2391],[-112.8768,41.2299],[-112.8721,41.2268],[-112.8837,41.2251],[-112.8692,41.2259],[-112.853,41.2233],[-112.8487,41.2163],[-112.8484,41.2111],[-112.8312,41.2065],[-112.8322,41.1975],[-112.8186,41.1873],[-112.8167,41.1722],[-112.8251,41.1589],[-112.8194,41.1552],[-112.8112,41.1406],[-112.8026,41.1357],[-112.8053,41.1325],[-112.7996,41.1137],[-112.7999,41.098],[-112.7921,41.0765],[-112.7852,41.0664],[-112.7802,41.0446],[-112.777,41.043],[-112.7775,41.0294],[-112.7741,41.0242],[-112.7673,41.0204],[-112.7668,41.0153],[-112.7624,41.0107],[-112.7683,41.0082],[-112.7727,41.0011],[-112.7597,40.9738],[-112.7543,40.9687],[-112.7111,40.9526],[-112.7037,40.9437],[-112.6854,40.9441],[-112.6793,40.9492],[-112.6723,40.9496],[-112.6586,40.9424],[-112.6576,40.9281],[-112.6516,40.9157],[-112.6637,40.9119],[-112.6495,40.912],[-112.6407,40.9075],[-112.6533,40.9084],[-112.6768,40.9047],[-112.6793,40.8998],[-112.6606,40.8749],[-112.6553,40.8709],[-112.6454,40.8698],[-112.6454,40.866],[-112.636,40.8563],[-112.6282,40.8403],[-112.6208,40.8329],[-112.6263,40.8283],[-112.6202,40.8156],[-112.6209,40.8132],[-112.6279,40.813],[-112.6349,40.8168],[-112.6376,40.8169],[-112.6375,40.8147],[-112.6397,40.8185],[-112.6415,40.818],[-112.6339,40.8032],[-112.6161,40.7906],[-112.6121,40.7852],[-112.6073,40.7824],[-112.5768,40.7824],[-112.5735,40.7843],[-112.5773,40.7882],[-112.5752,40.8019],[-112.566,40.8076],[-112.5668,40.8116],[-112.5651,40.8131],[-112.5642,40.8108],[-112.5601,40.8154],[-112.5507,40.8301],[-112.5536,40.8666],[-112.5508,40.8698],[-112.5468,40.8894],[-112.5415,40.8968],[-112.5469,40.8985],[-112.5338,40.9058],[-112.5281,40.9149],[-112.5176,40.9211],[-112.5101,40.9328],[-112.5068,40.925],[-112.5014,40.9223],[-112.503,40.9141],[-112.5003,40.91],[-112.501,40.907],[-112.4954,40.9002],[-112.4948,40.8901],[-112.4792,40.8768],[-112.4793,40.8626],[-112.4706,40.845],[-112.4693,40.8362],[-112.4719,40.8285],[-112.4626,40.8217],[-112.4695,40.8151],[-112.4722,40.8083],[-112.4676,40.7966],[-112.4577,40.7869],[-112.4485,40.7902],[-112.4474,40.7884],[-112.4525,40.7862],[-112.4531,40.7831],[-112.44,40.7693],[-112.4354,40.7602],[-112.4155,40.7541],[-112.4117,40.7471],[-112.3823,40.7396],[-112.4068,40.7306],[-112.4067,40.7282],[-112.4005,40.7237],[-112.4095,40.7082],[-112.4033,40.7056],[-112.3964,40.6958],[-112.3953,40.682],[-112.3872,40.6724],[-112.3621,40.666],[-112.3587,40.6702],[-112.258,40.7057],[-112.2274,40.7238],[-112.2281,40.7256],[-112.2225,40.7254],[-112.2211,40.7264],[-112.2228,40.7282],[-112.2199,40.7267],[-112.2099,40.7328],[-112.2068,40.7325],[-112.192,40.7439],[-112.1797,40.7657],[-112.1747,40.7659],[-112.1743,40.7697],[-112.1712,40.769],[-112.1701,40.772],[-112.1737,40.7737],[-112.173,40.7757],[-112.1656,40.7747],[-112.141,40.7971],[-112.1385,40.8018],[-112.1426,40.8117],[-112.1393,40.821],[-112.1407,40.824],[-112.1365,40.8257],[-112.137,40.8303],[-112.1409,40.8362],[-112.1488,40.8385],[-112.1503,40.8433],[-112.1548,40.8445],[-112.1586,40.8497],[-112.1622,40.8494],[-112.1648,40.8536],[-112.1535,40.8614],[-112.1579,40.8727],[-112.1547,40.8845],[-112.1543,40.9028],[-112.1494,40.9022],[-112.1467,40.8971],[-112.1388,40.8914],[-112.1352,40.8832],[-112.1185,40.8769],[-112.1172,40.8743],[-112.1034,40.8734],[-112.1069,40.871],[-112.0931,40.8713],[-112.0878,40.8725],[-112.093,40.8783],[-112.0837,40.8786],[-112.0823,40.8848],[-112.0769,40.8869],[-112.0752,40.884],[-112.0704,40.8837],[-112.069,40.8884],[-112.0525,40.8922],[-112.0496,40.8965],[-112.0389,40.8969],[-112.0375,40.899],[-112.0292,40.9],[-112.0298,40.9023],[-112.0194,40.9015],[-112.0074,40.8967],[-112.0039,40.8969],[-112.0061,40.8987],[-112.0045,40.899],[-112.0001,40.8977],[-112.0022,40.9009],[-111.9937,40.9008],[-112.0004,40.9061],[-111.9857,40.9067],[-111.9787,40.9109],[-111.9855,40.9135],[-111.9809,40.915],[-111.9832,40.9165],[-111.9819,40.9178],[-111.9763,40.9126],[-111.9768,40.9191],[-111.9717,40.9207],[-111.966,40.9271],[-111.9562,40.9286],[-111.967,40.9283],[-111.9838,40.9184],[-111.9939,40.9236],[-111.9881,40.9286],[-111.9811,40.9257],[-111.9793,40.9301],[-111.9735,40.9287],[-111.9725,40.9324],[-111.9756,40.9348],[-111.9733,40.9357],[-111.9731,40.9403],[-111.9716,40.9344],[-111.9662,40.9293],[-111.9639,40.935],[-111.9576,40.9395],[-111.9613,40.9325],[-111.9561,40.9317],[-111.9533,40.9344],[-111.9485,40.9314],[-111.9479,40.9185],[-111.9436,40.9204],[-111.9411,40.9192],[-111.9408,40.9218],[-111.9322,40.9238],[-111.931,40.9252],[-111.934,40.9273],[-111.9303,40.9291],[-111.9321,40.9298],[-111.9287,40.9312],[-111.9289,40.9331],[-111.9179,40.9382],[-111.9134,40.9431],[-111.915,40.9453],[-111.9095,40.946],[-111.932,40.9565],[-111.9397,40.9694],[-111.9447,40.984],[-111.9487,40.988],[-111.9516,40.9877],[-111.952,40.9901],[-111.956,40.9913],[-111.9635,40.9887],[-111.9665,40.9917],[-111.9692,40.9868],[-111.9727,40.986],[-111.9765,40.9928],[-111.9836,40.994],[-112.0025,40.9841],[-112.0346,40.9877],[-112.0492,40.9922],[-112.0576,41.0064],[-112.0573,41.0109],[-112.0657,41.0218],[-112.0977,41.0356],[-112.1043,41.0494],[-112.1197,41.0642],[-112.1269,41.0896],[-112.1336,41.0949],[-112.1398,41.1094],[-112.1499,41.1142],[-112.1491,41.1161],[-112.1516,41.1143],[-112.1544,41.1182],[-112.1578,41.1175],[-112.1628,41.1219],[-112.1679,41.1226],[-112.1811,41.1332],[-112.1918,41.1559],[-112.202,41.1546],[-112.2064,41.1569],[-112.2051,41.1623],[-112.1985,41.1667],[-112.2043,41.1737],[-112.2078,41.1741],[-112.204,41.176],[-112.2084,41.1766],[-112.21,41.1803],[-112.2148,41.1793],[-112.2183,41.1822],[-112.2182,41.1875],[-112.2266,41.1929],[-112.2255,41.1949],[-112.2305,41.1972],[-112.2408,41.2122],[-112.2472,41.2117],[-112.2504,41.2139],[-112.2489,41.2188],[-112.2508,41.2217],[-112.2579,41.2235],[-112.2706,41.2323],[-112.2691,41.2362],[-112.2749,41.2461],[-112.276,41.2553],[-112.2862,41.2644],[-112.2891,41.2699],[-112.2922,41.2854],[-112.2884,41.3109],[-112.2845,41.3207],[-112.2761,41.3294],[-112.2724,41.3371],[-112.263,41.3452],[-112.2576,41.363],[-112.2505,41.3653],[-112.2458,41.3642],[-112.2428,41.3613],[-112.2389,41.3618],[-112.2368,41.3566],[-112.2047,41.3596],[-112.178,41.3583],[-112.1646,41.3632],[-112.1654,41.3662],[-112.1629,41.3633],[-112.1332,41.369],[-112.132,41.3791],[-112.0718,41.4175],[-112.0711,41.4206],[-112.0821,41.4264],[-112.0874,41.4228],[-112.1356,41.4219],[-112.1441,41.4141],[-112.1596,41.419],[-112.1774,41.4086],[-112.1779,41.4046],[-112.1719,41.4036],[-112.1746,41.4001],[-112.1923,41.4027],[-112.1962,41.4],[-112.1948,41.3987],[-112.1973,41.3983],[-112.1968,41.3956],[-112.2048,41.3915],[-112.2176,41.3895],[-112.2342,41.3929],[-112.2368,41.3915],[-112.2358,41.3935],[-112.2506,41.3902],[-112.2558,41.3913],[-112.2666,41.3844],[-112.2857,41.3624],[-112.2951,41.3589],[-112.3029,41.3614],[-112.3114,41.3701],[-112.3162,41.3836],[-112.3163,41.3927],[-112.3202,41.3973],[-112.3242,41.395],[-112.322,41.4013],[-112.3341,41.3996],[-112.3331,41.4054],[-112.3361,41.4046],[-112.3326,41.4081],[-112.3322,41.4123],[-112.3359,41.4123],[-112.3346,41.4156],[-112.3417,41.4181],[-112.3471,41.4149],[-112.3455,41.4178],[-112.3473,41.4229],[-112.3503,41.4181],[-112.3556,41.4165],[-112.3556,41.4263],[-112.3599,41.4326],[-112.3693,41.4305],[-112.3711,41.4344],[-112.3786,41.4349],[-112.3705,41.4407],[-112.3764,41.439],[-112.3769,41.4431],[-112.3796,41.4424],[-112.3778,41.4481],[-112.3809,41.4436],[-112.3854,41.4452],[-112.381,41.448],[-112.3883,41.4461],[-112.3839,41.4499],[-112.3874,41.4495],[-112.3836,41.4511],[-112.3871,41.4502],[-112.3878,41.4543],[-112.385,41.4563],[-112.3835,41.4536],[-112.3784,41.4565],[-112.3777,41.4586],[-112.3804,41.4578],[-112.3792,41.4604],[-112.381,41.4599],[-112.3707,41.4639],[-112.3738,41.4644],[-112.3656,41.4717],[-112.3571,41.4711],[-112.3411,41.4743],[-112.3427,41.4848],[-112.3697,41.4708],[-112.3754,41.4706],[-112.3731,41.476],[-112.3848,41.4722],[-112.3962,41.4626],[-112.4163,41.4515],[-112.4083,41.4481],[-112.4178,41.4497],[-112.4215,41.4424],[-112.4232,41.4297],[-112.4145,41.4075],[-112.4028,41.4028],[-112.3975,41.3937],[-112.4025,41.3879],[-112.4069,41.3675],[-112.4151,41.3661],[-112.4194,41.3624],[-112.4203,41.3554],[-112.4168,41.3478],[-112.4096,41.3445],[-112.4065,41.3384],[-112.4015,41.338],[-112.4006,41.3354],[-112.4045,41.3345],[-112.4008,41.3311],[-112.3998,41.3156],[-112.3956,41.3117],[-112.3972,41.3097],[-112.3935,41.3075],[-112.3889,41.2928],[-112.3816,41.2904],[-112.384,41.2899],[-112.3839,41.284],[-112.3777,41.273],[-112.3944,41.2671],[-112.3969,41.2571],[-112.4038,41.2494],[-112.4049,41.2444],[-112.3973,41.2359],[-112.3979,41.2328],[-112.3963,41.2333],[-112.4061,41.221],[-112.4225,41.2174],[-112.4254,41.2129],[-112.4235,41.2076],[-112.429,41.2042],[-112.4634,41.2097],[-112.4823,41.2154],[-112.4922,41.2346],[-112.4907,41.2358],[-112.4958,41.2456],[-112.4957,41.2509],[-112.5018,41.2516],[-112.4993,41.2535],[-112.4955,41.2524],[-112.4977,41.2575],[-112.5005,41.2589],[-112.4992,41.2553],[-112.503,41.2539],[-112.4995,41.2603],[-112.5075,41.2673],[-112.5092,41.272],[-112.5061,41.2807],[-112.509,41.2865],[-112.5072,41.291],[-112.5098,41.2993],[-112.4988,41.3102],[-112.4953,41.3289],[-112.5002,41.3365],[-112.5113,41.3383],[-112.5334,41.3484],[-112.5322,41.3503],[-112.5367,41.3651],[-112.5364,41.3822],[-112.5425,41.3936],[-112.5387,41.3999],[-112.5386,41.4058],[-112.5417,41.4163],[-112.5424,41.4139],[-112.5458,41.4195],[-112.5436,41.4217],[-112.5525,41.4219],[-112.5481,41.4266],[-112.5522,41.4292],[-112.5542,41.4353],[-112.5681,41.4358],[-112.5734,41.4435],[-112.5792,41.4433],[-112.5831,41.447],[-112.5882,41.4462],[-112.5941,41.4486],[-112.6088,41.4479],[-112.6084,41.4459],[-112.5974,41.4432],[-112.6047,41.4408],[-112.611,41.4345],[-112.6217,41.4288],[-112.6255,41.4342],[-112.6304,41.4363],[-112.6422,41.4362],[-112.6516,41.4327],[-112.6676,41.4383],[-112.6794,41.4541],[-112.7246,41.4716],[-112.7276,41.4838],[-112.7439,41.501],[-112.7468,41.5112],[-112.7559,41.516],[-112.7626,41.5161],[-112.7622,41.5222],[-112.7656,41.5259],[-112.7701,41.5267],[-112.7742,41.5384],[-112.7825,41.5405],[-112.7811,41.5508],[-112.7872,41.5531],[-112.7906,41.5505],[-112.7993,41.561],[-112.7927,41.5677],[-112.7898,41.5644],[-112.784,41.5665],[-112.787,41.573],[-112.7835,41.5834],[-112.7699,41.591],[-112.7602,41.6072],[-112.7665,41.6148],[-112.7697,41.6149],[-112.7706,41.612],[-112.7719,41.6156],[-112.7748,41.6133],[-112.7744,41.6184],[-112.7895,41.6174],[-112.7547,41.6265],[-112.7481,41.6327],[-112.7468,41.6388],[-112.7397,41.6441],[-112.7434,41.6563],[-112.7464,41.6557],[-112.7542,41.6635],[-112.761,41.6664],[-112.7635,41.6717],[-112.7906,41.6883],[-112.8067,41.6896],[-112.8118,41.6916],[-112.812,41.6959],[-112.8209,41.6988],[-112.8341,41.7008],[-112.8399,41.6992]]]}},{"type":"Feature","properties":{"huc8":"16030005","name":"Lower Sevier"},"geometry":{"type":"Polygon","coordinates":[[[-112.1777,40.0112],[-112.1815,40.0113],[-112.1918,40.0041],[-112.2001,40.004],[-112.202,39.9998],[-112.225,39.988],[-112.225,39.982],[-112.2354,39.9704],[-112.2366,39.9604],[-112.245,39.957],[-112.2489,39.9507],[-112.2542,39.9505],[-112.2609,39.9432],[-112.2699,39.9392],[-112.2857,39.9421],[-112.3019,39.9367],[-112.305,39.939],[-112.3065,39.9454],[-112.3093,39.9448],[-112.3106,39.9479],[-112.3236,39.9446],[-112.3325,39.9526],[-112.3345,39.9459],[-112.3398,39.9434],[-112.3353,39.9235],[-112.3432,39.9105],[-112.3417,39.9035],[-112.3464,39.8957],[-112.3442,39.8902],[-112.3504,39.8891],[-112.3584,39.8805],[-112.3624,39.8873],[-112.3733,39.8869],[-112.3792,39.8901],[-112.3832,39.884],[-112.3939,39.8808],[-112.3934,39.8857],[-112.3958,39.8889],[-112.4098,39.8915],[-112.4084,39.8954],[-112.4118,39.8959],[-112.4123,39.9029],[-112.408,39.9057],[-112.4207,39.916],[-112.4219,39.9198],[-112.4138,39.9261],[-112.4236,39.9299],[-112.4266,39.9273],[-112.4388,39.9256],[-112.4418,39.9308],[-112.4403,39.9346],[-112.4455,39.9377],[-112.4567,39.938],[-112.4586,39.9423],[-112.4811,39.9527],[-112.4798,39.9586],[-112.4889,39.9611],[-112.4983,39.96],[-112.5166,39.9721],[-112.5267,39.9731],[-112.5343,39.9836],[-112.5404,39.9845],[-112.5433,39.9899],[-112.5547,39.9945],[-112.5646,39.9933],[-112.5756,39.9816],[-112.588,39.9795],[-112.5938,39.9713],[-112.6072,39.9649],[-112.6217,39.952],[-112.6245,39.9548],[-112.6316,39.9557],[-112.636,39.9551],[-112.6374,39.9524],[-112.6564,39.951],[-112.6623,39.9564],[-112.6708,39.9581],[-112.6791,39.9561],[-112.6863,39.9608],[-112.6982,39.9533],[-112.7052,39.9556],[-112.7095,39.952],[-112.7236,39.9555],[-112.7254,39.96],[-112.7292,39.9613],[-112.7428,39.954],[-112.7678,39.9543],[-112.8008,39.9624],[-112.8154,39.957],[-112.8243,39.9497],[-112.8217,39.9453],[-112.8239,39.9425],[-112.8307,39.9406],[-112.8344,39.945],[-112.8423,39.9447],[-112.8464,39.9367],[-112.8461,39.9309],[-112.8571,39.9312],[-112.8611,39.927],[-112.8586,39.9163],[-112.8503,39.9088],[-112.8558,39.9025],[-112.8566,39.8982],[-112.8535,39.8949],[-112.8557,39.8926],[-112.857,39.8824],[-112.8616,39.8825],[-112.8644,39.8852],[-112.8681,39.8821],[-112.8685,39.8733],[-112.8729,39.8692],[-112.8709,39.8601],[-112.8785,39.857],[-112.8757,39.8522],[-112.879,39.841],[-112.8778,39.8327],[-112.8668,39.8239],[-112.8591,39.8208],[-112.8586,39.8106],[-112.8522,39.8001],[-112.8479,39.7998],[-112.8451,39.8027],[-112.8365,39.7956],[-112.8406,39.794],[-112.8412,39.7906],[-112.858,39.7899],[-112.8643,39.7865],[-112.8695,39.7893],[-112.8759,39.7849],[-112.8832,39.7856],[-112.888,39.7894],[-112.8894,39.7864],[-112.9096,39.7865],[-112.9146,39.7831],[-112.9245,39.7816],[-112.9303,39.7737],[-112.9268,39.7715],[-112.9249,39.7641],[-112.9272,39.7591],[-112.9259,39.7542],[-112.9294,39.7492],[-112.937,39.7487],[-112.9446,39.7528],[-112.9826,39.741],[-112.9959,39.7442],[-113.0009,39.7422],[-113.0081,39.7439],[-113.0172,39.7405],[-113.0234,39.7431],[-113.0407,39.7379],[-113.0638,39.7347],[-113.0834,39.7438],[-113.0957,39.737],[-113.0969,39.7341],[-113.1019,39.735],[-113.106,39.7299],[-113.1056,39.7247],[-113.1105,39.7237],[-113.1103,39.7156],[-113.1045,39.7084],[-113.1084,39.7037],[-113.1078,39.6982],[-113.0945,39.6893],[-113.0955,39.6864],[-113.0913,39.6827],[-113.0888,39.676],[-113.0908,39.6714],[-113.0862,39.6663],[-113.0868,39.6614],[-113.0834,39.6598],[-113.0864,39.6553],[-113.0812,39.6495],[-113.0875,39.6456],[-113.0826,39.6414],[-113.0851,39.6327],[-113.0825,39.6281],[-113.0828,39.6214],[-113.0777,39.619],[-113.0882,39.6062],[-113.0969,39.6013],[-113.094,39.5929],[-113.0845,39.5848],[-113.0803,39.5854],[-113.0751,39.5903],[-113.0724,39.5881],[-113.0733,39.5827],[-113.067,39.5823],[-113.0677,39.5791],[-113.0638,39.576],[-113.0637,39.5723],[-113.0606,39.5713],[-113.0595,39.5648],[-113.0537,39.5656],[-113.045,39.5606],[-113.0465,39.5531],[-113.0509,39.5523],[-113.063,39.5427],[-113.0727,39.54],[-113.0745,39.5322],[-113.083,39.5263],[-113.094,39.5287],[-113.101,39.5396],[-113.114,39.5458],[-113.1274,39.5444],[-113.1351,39.5406],[-113.167,39.5127],[-113.1757,39.5102],[-113.1774,39.5074],[-113.1851,39.5103],[-113.1923,39.5096],[-113.2015,39.5039],[-113.2478,39.4879],[-113.2931,39.4786],[-113.305,39.4709],[-113.307,39.4594],[-113.3209,39.4599],[-113.3335,39.449],[-113.3339,39.4449],[-113.3303,39.4387],[-113.3364,39.431],[-113.3377,39.4196],[-113.3276,39.4143],[-113.3265,39.4077],[-113.3195,39.403],[-113.3191,39.3896],[-113.31,39.3853],[-113.3122,39.3785],[-113.3201,39.3728],[-113.319,39.3667],[-113.3153,39.3646],[-113.3167,39.3583],[-113.3134,39.3528],[-113.3172,39.3434],[-113.32,39.3417],[-113.3165,39.3305],[-113.3181,39.3278],[-113.3105,39.3207],[-113.3021,39.3202],[-113.2851,39.3075],[-113.2768,39.306],[-113.2709,39.3076],[-113.2656,39.2994],[-113.258,39.2995],[-113.2466,39.2937],[-113.2354,39.2835],[-113.2257,39.2704],[-113.1821,39.2499],[-113.1558,39.2416],[-113.1254,39.2455],[-113.1198,39.2375],[-113.1133,39.235],[-113.0977,39.2402],[-113.0862,39.2319],[-113.0747,39.2287],[-113.0727,39.2259],[-113.0737,39.2237],[-113.0765,39.2244],[-113.0758,39.2191],[-113.0868,39.215],[-113.0902,39.2107],[-113.088,39.207],[-113.0888,39.2015],[-113.0799,39.1963],[-113.0788,39.1915],[-113.0734,39.1896],[-113.0746,39.1863],[-113.072,39.1772],[-113.0677,39.1794],[-113.062,39.1781],[-113.0349,39.1637],[-113.0256,39.1427],[-113.0243,39.1334],[-113.0257,39.1309],[-113.0236,39.1201],[-113.0274,39.105],[-113.0535,39.0984],[-113.0591,39.0993],[-113.0605,39.0963],[-113.028,39.103],[-113.0156,39.0975],[-113.0085,39.1004],[-112.9928,39.0928],[-112.9918,39.0905],[-112.9831,39.088],[-112.9771,39.0921],[-112.9684,39.0883],[-112.9639,39.0916],[-112.9591,39.0905],[-112.9518,39.086],[-112.9483,39.0805],[-112.9348,39.0759],[-112.9275,39.0672],[-112.9148,39.0608],[-112.9158,39.0476],[-112.9114,39.0439],[-112.9054,39.045],[-112.8953,39.0407],[-112.8852,39.0416],[-112.8826,39.0533],[-112.8841,39.0569],[-112.8802,39.0684],[-112.8832,39.0738],[-112.8794,39.0868],[-112.8589,39.1091],[-112.8381,39.1252],[-112.8355,39.1337],[-112.8365,39.1548],[-112.8317,39.1577],[-112.8066,39.1381],[-112.8064,39.1308],[-112.8007,39.127],[-112.7773,39.1221],[-112.7698,39.116],[-112.7533,39.1146],[-112.7423,39.1033],[-112.7345,39.0897],[-112.7236,39.0893],[-112.7175,39.0856],[-112.7236,39.1132],[-112.7166,39.121],[-112.7215,39.1386],[-112.7162,39.1481],[-112.7189,39.1577],[-112.7262,39.1636],[-112.7279,39.1682],[-112.7319,39.1677],[-112.7324,39.1794],[-112.7545,39.1956],[-112.739,39.1912],[-112.7334,39.1924],[-112.7288,39.1883],[-112.7217,39.1866],[-112.7055,39.1927],[-112.6932,39.1884],[-112.676,39.1877],[-112.672,39.1893],[-112.6692,39.1953],[-112.6575,39.201],[-112.6547,39.1996],[-112.6502,39.2018],[-112.655,39.2076],[-112.654,39.2223],[-112.6412,39.2253],[-112.6329,39.2245],[-112.6315,39.2219],[-112.6379,39.2114],[-112.6338,39.2085],[-112.6311,39.2],[-112.6333,39.1953],[-112.6264,39.1848],[-112.6236,39.1727],[-112.6038,39.17],[-112.595,39.1731],[-112.5854,39.1727],[-112.5833,39.1677],[-112.576,39.1632],[-112.5708,39.1559],[-112.5703,39.1513],[-112.5653,39.1472],[-112.5637,39.1404],[-112.5587,39.1391],[-112.5503,39.1303],[-112.5496,39.1199],[-112.5442,39.113],[-112.5313,39.1024],[-112.5217,39.1007],[-112.5271,39.092],[-112.5243,39.08],[-112.5039,39.047],[-112.4959,39.0458],[-112.4882,39.0377],[-112.4862,39.0282],[-112.4822,39.0232],[-112.4866,39.0191],[-112.4852,39.0151],[-112.487,39.0091],[-112.4795,38.9983],[-112.4781,38.9856],[-112.4806,38.976],[-112.4962,38.9655],[-112.5038,38.9661],[-112.5045,38.9584],[-112.52,38.9486],[-112.5197,38.9396],[-112.5236,38.936],[-112.5233,38.9285],[-112.5262,38.9221],[-112.5349,38.9166],[-112.5324,38.9135],[-112.5338,38.9109],[-112.5301,38.9105],[-112.5289,38.9078],[-112.5317,38.9054],[-112.5402,38.9052],[-112.5395,38.9016],[-112.5469,38.8802],[-112.5427,38.873],[-112.5365,38.8758],[-112.5302,38.8745],[-112.5254,38.8716],[-112.5229,38.8655],[-112.491,38.8571],[-112.4908,38.8524],[-112.4787,38.8435],[-112.4767,38.8367],[-112.4474,38.812],[-112.4291,38.791],[-112.4183,38.7844],[-112.4176,38.7756],[-112.4208,38.759],[-112.4176,38.7525],[-112.4149,38.7521],[-112.4157,38.7461],[-112.4131,38.7426],[-112.4296,38.7349],[-112.4383,38.7275],[-112.4413,38.7209],[-112.433,38.7137],[-112.4556,38.6962],[-112.4445,38.6829],[-112.4299,38.6821],[-112.4224,38.6764],[-112.421,38.6725],[-112.4132,38.6775],[-112.4102,38.6839],[-112.3988,38.6826],[-112.3904,38.6866],[-112.3763,38.6859],[-112.3734,38.6797],[-112.3681,38.6848],[-112.3607,38.6876],[-112.3583,38.684],[-112.3599,38.6823],[-112.3587,38.676],[-112.3515,38.6724],[-112.3372,38.675],[-112.3306,38.6786],[-112.3193,38.6757],[-112.3137,38.6765],[-112.3118,38.6803],[-112.2973,38.6801],[-112.2928,38.6832],[-112.2878,38.6816],[-112.2833,38.6841],[-112.2828,38.6948],[-112.2762,38.7015],[-112.27,38.7046],[-112.2597,38.7038],[-112.2454,38.717],[-112.2333,38.7233],[-112.2326,38.7273],[-112.2231,38.7279],[-112.2137,38.7421],[-112.2134,38.7482],[-112.2233,38.7497],[-112.22,38.7552],[-112.2274,38.7641],[-112.2263,38.7744],[-112.2323,38.7852],[-112.2262,38.7896],[-112.2243,38.8012],[-112.2302,38.8058],[-112.2304,38.8098],[-112.2343,38.8143],[-112.2339,38.8224],[-112.2363,38.8244],[-112.2347,38.8292],[-112.2415,38.8394],[-112.2287,38.8518],[-112.2285,38.86],[-112.2209,38.856],[-112.2053,38.8564],[-112.1964,38.8694],[-112.1883,38.876],[-112.1836,38.8749],[-112.1732,38.8796],[-112.171,38.8892],[-112.1636,38.891],[-112.1573,38.899],[-112.1518,38.9],[-112.1515,38.9134],[-112.1465,38.9164],[-112.1411,38.9164],[-112.1393,38.9276],[-112.132,38.9382],[-112.1338,38.9453],[-112.1221,38.9504],[-112.1195,38.9564],[-112.1092,38.9612],[-112.0911,38.9588],[-112.0913,38.9632],[-112.0859,38.972],[-112.0805,38.9754],[-112.0729,38.9745],[-112.0669,38.9858],[-112.0568,38.9903],[-112.0451,38.9997],[-112.0379,39.0012],[-112.0325,39.0077],[-112.026,39.0087],[-112.0227,39.0064],[-112.0152,39.0088],[-112.0165,39.0157],[-112.0084,39.0233],[-112.0042,39.0354],[-111.9998,39.0387],[-111.9994,39.0542],[-112.003,39.0695],[-112.0075,39.0705],[-112.009,39.0734],[-112.0069,39.0863],[-112.0101,39.0942],[-112.0085,39.1075],[-112.0131,39.1111],[-112.0129,39.1247],[-112.0171,39.1339],[-112.0154,39.1369],[-112.0221,39.1421],[-112.0145,39.146],[-112.019,39.1507],[-112.0193,39.1585],[-112.0161,39.1631],[-112.024,39.1813],[-112.0232,39.1855],[-112.026,39.1926],[-112.0392,39.1964],[-112.035,39.2092],[-112.0296,39.2134],[-112.0322,39.225],[-112.0276,39.2331],[-112.0294,39.2427],[-112.0266,39.2619],[-112.0283,39.2658],[-112.0268,39.2731],[-112.0358,39.2862],[-112.0268,39.2933],[-112.0268,39.2966],[-112.0346,39.2984],[-112.036,39.3024],[-112.0216,39.3205],[-112.0163,39.3241],[-112.0191,39.3324],[-112.0156,39.3401],[-112.0206,39.3512],[-112.0171,39.3571],[-112.0255,39.3608],[-112.0343,39.3728],[-112.0331,39.3768],[-112.0407,39.3969],[-112.0389,39.4084],[-112.0346,39.411],[-112.0291,39.4077],[-112.0178,39.4069],[-112.0036,39.3984],[-111.9973,39.4044],[-111.9767,39.4051],[-111.9745,39.4044],[-111.9733,39.3995],[-111.9639,39.3968],[-111.9635,39.3867],[-111.9493,39.3902],[-111.9436,39.3955],[-111.9232,39.4042],[-111.9168,39.4121],[-111.9085,39.4129],[-111.9004,39.4044],[-111.8881,39.4038],[-111.8824,39.4092],[-111.8751,39.4066],[-111.8636,39.4129],[-111.86,39.4061],[-111.8458,39.3987],[-111.8411,39.3933],[-111.8365,39.3928],[-111.8328,39.3952],[-111.8293,39.3924],[-111.8213,39.394],[-111.8112,39.3861],[-111.8062,39.3875],[-111.8003,39.3852],[-111.7893,39.3885],[-111.7725,39.3809],[-111.7686,39.376],[-111.7557,39.3773],[-111.7515,39.3912],[-111.7557,39.3956],[-111.7569,39.4082],[-111.7532,39.4137],[-111.7504,39.4323],[-111.7446,39.4408],[-111.7467,39.4525],[-111.7393,39.4608],[-111.7276,39.4641],[-111.7121,39.4641],[-111.7048,39.4688],[-111.6987,39.4745],[-111.6997,39.4826],[-111.6975,39.4861],[-111.6966,39.4975],[-111.6781,39.507],[-111.6835,39.5118],[-111.6824,39.5209],[-111.6909,39.525],[-111.6937,39.5344],[-111.6914,39.5408],[-111.7068,39.5447],[-111.7019,39.5516],[-111.7071,39.5541],[-111.7068,39.5601],[-111.7116,39.5627],[-111.7059,39.5672],[-111.7017,39.5822],[-111.7111,39.592],[-111.7198,39.5906],[-111.7263,39.5848],[-111.7409,39.5872],[-111.7491,39.5833],[-111.7572,39.5831],[-111.7596,39.5871],[-111.7662,39.5905],[-111.7764,39.5868],[-111.7806,39.5885],[-111.7947,39.6056],[-111.8067,39.6045],[-111.8125,39.6134],[-111.8226,39.6182],[-111.8673,39.6204],[-111.8804,39.6244],[-111.8964,39.6252],[-111.9075,39.6291],[-111.9095,39.632],[-111.9359,39.6404],[-111.9439,39.6326],[-111.9474,39.6345],[-111.9514,39.641],[-111.9511,39.6449],[-111.9533,39.6458],[-111.953,39.6507],[-111.9581,39.6529],[-111.958,39.6566],[-111.964,39.6578],[-111.9623,39.6649],[-111.9465,39.6739],[-111.9479,39.6754],[-111.9454,39.6792],[-111.9396,39.6801],[-111.9367,39.6867],[-111.9457,39.6932],[-111.9485,39.6982],[-111.9477,39.703],[-111.9416,39.708],[-111.945,39.7131],[-111.942,39.718],[-111.9452,39.7258],[-111.9405,39.7297],[-111.9448,39.7343],[-111.9412,39.7383],[-111.9468,39.7428],[-111.9466,39.7449],[-111.9422,39.7491],[-111.9384,39.7615],[-111.9498,39.7736],[-111.9516,39.7819],[-111.9494,39.7886],[-111.9523,39.7923],[-111.9513,39.8026],[-111.9546,39.8115],[-111.963,39.8157],[-111.9721,39.8067],[-111.9896,39.8116],[-111.9909,39.8047],[-112.0031,39.8],[-112.0044,39.7957],[-112.0162,39.7917],[-112.0208,39.7865],[-112.0251,39.7862],[-112.0258,39.7827],[-112.0318,39.7812],[-112.0415,39.7833],[-112.0476,39.7769],[-112.0558,39.7774],[-112.0611,39.7821],[-112.0685,39.7773],[-112.0896,39.7819],[-112.0873,39.7904],[-112.0767,39.8001],[-112.08,39.8021],[-112.0777,39.809],[-112.0713,39.8143],[-112.0682,39.8275],[-112.0654,39.8299],[-112.0702,39.8379],[-112.0752,39.8397],[-112.074,39.8472],[-112.0768,39.8529],[-112.0806,39.8534],[-112.0813,39.865],[-112.0706,39.8698],[-112.0663,39.8762],[-112.0594,39.8799],[-112.0595,39.8873],[-112.0536,39.8935],[-112.061,39.8981],[-112.0626,39.9047],[-112.0718,39.9111],[-112.0811,39.913],[-112.0806,39.9172],[-112.0835,39.9185],[-112.0853,39.9255],[-112.0924,39.9277],[-112.093,39.9303],[-112.1035,39.9288],[-112.1027,39.9349],[-112.1057,39.9409],[-112.1027,39.948],[-112.0941,39.954],[-112.1023,39.9591],[-112.1098,39.9737],[-112.1244,39.974],[-112.1327,39.9774],[-112.142,39.9864],[-112.142,39.9897],[-112.1509,39.9933],[-112.1506,39.998],[-112.1602,40.0069],[-112.17,40.0078],[-112.1777,40.0112]]]}},{"type":"Feature","properties":{"huc8":"16020306","name":"Southern Great Salt Lake Desert"},"geometry":{"type":"Polygon","coordinates":[[[-113.7149,40.9675],[-113.7279,40.9629],[-113.7407,40.9516],[-113.7496,40.9539],[-113.756,40.9508],[-113.7616,40.9569],[-113.762,40.9615],[-113.7704,40.9639],[-113.7868,40.9565],[-113.7894,40.9518],[-113.7978,40.9484],[-113.8033,40.9401],[-113.8127,40.9338],[-113.8194,40.9198],[-113.8256,40.9151],[-113.8297,40.9019],[-113.8814,40.8975],[-113.888,40.8922],[-113.9006,40.8893],[-113.9022,40.884],[-113.9059,40.8855],[-113.9159,40.8813],[-113.9148,40.8768],[-113.9165,40.8755],[-113.9144,40.8736],[-113.9236,40.8588],[-113.923,40.8498],[-113.9159,40.8449],[-113.9159,40.8424],[-113.9246,40.8408],[-113.9331,40.8333],[-113.9332,40.8304],[-113.9406,40.8284],[-113.943,40.8246],[-113.9492,40.8243],[-113.9548,40.8185],[-113.9673,40.818],[-113.9732,40.8057],[-113.9778,40.8038],[-113.9794,40.7977],[-114.003,40.7989],[-114.0068,40.795],[-114.0184,40.7935],[-114.0197,40.7891],[-114.0481,40.7844],[-114.0526,40.7789],[-114.0623,40.7867],[-114.0718,40.7823],[-114.0944,40.7775],[-114.0967,40.7733],[-114.111,40.7772],[-114.1209,40.7735],[-114.1428,40.7703],[-114.157,40.7726],[-114.1641,40.761],[-114.1794,40.7637],[-114.182,40.7664],[-114.1994,40.7626],[-114.2107,40.7595],[-114.2243,40.75],[-114.2338,40.7524],[-114.239,40.748],[-114.2422,40.7402],[-114.2473,40.7411],[-114.2539,40.7369],[-114.2602,40.7403],[-114.2693,40.737],[-114.2723,40.7398],[-114.2814,40.74],[-114.2833,40.7338],[-114.2879,40.7352],[-114.2952,40.7285],[-114.2949,40.7097],[-114.2926,40.7057],[-114.2835,40.7041],[-114.2799,40.6943],[-114.2861,40.6914],[-114.2894,40.6864],[-114.2922,40.6663],[-114.2892,40.6599],[-114.2774,40.6498],[-114.2802,40.6465],[-114.2785,40.6355],[-114.2846,40.6276],[-114.2904,40.6276],[-114.2933,40.623],[-114.3007,40.6185],[-114.3062,40.6105],[-114.3044,40.5967],[-114.3077,40.5937],[-114.3062,40.5882],[-114.3101,40.5856],[-114.3097,40.5799],[-114.3139,40.5772],[-114.3037,40.5707],[-114.3049,40.5655],[-114.3022,40.5544],[-114.2974,40.5494],[-114.2947,40.5418],[-114.2854,40.5331],[-114.2882,40.5293],[-114.2872,40.525],[-114.2911,40.5087],[-114.2955,40.4995],[-114.3034,40.4911],[-114.2937,40.4758],[-114.282,40.4651],[-114.28,40.4535],[-114.2768,40.4483],[-114.28,40.4383],[-114.2714,40.4268],[-114.2691,40.4145],[-114.2648,40.4076],[-114.2649,40.4],[-114.2587,40.3925],[-114.2565,40.3841],[-114.2459,40.3759],[-114.2387,40.3743],[-114.2356,40.3705],[-114.2388,40.3529],[-114.238,40.3453],[-114.2332,40.3408],[-114.2341,40.3357],[-114.243,40.3334],[-114.2429,40.3254],[-114.2512,40.3203],[-114.2534,40.3125],[-114.2502,40.3073],[-114.2635,40.2984],[-114.2683,40.2978],[-114.2693,40.2874],[-114.2734,40.2822],[-114.2725,40.2757],[-114.2617,40.2744],[-114.2452,40.2613],[-114.2345,40.2595],[-114.2343,40.2485],[-114.2385,40.2465],[-114.2393,40.2411],[-114.2324,40.2352],[-114.2323,40.2292],[-114.222,40.2243],[-114.2238,40.2193],[-114.2212,40.2137],[-114.2258,40.2095],[-114.2239,40.2042],[-114.2266,40.1957],[-114.2186,40.191],[-114.2181,40.1862],[-114.2141,40.1856],[-114.2126,40.1809],[-114.2052,40.1769],[-114.2037,40.169],[-114.2005,40.1687],[-114.2005,40.1655],[-114.1937,40.1579],[-114.1954,40.1558],[-114.1926,40.147],[-114.1942,40.1425],[-114.205,40.1384],[-114.2019,40.1338],[-114.207,40.128],[-114.2017,40.1172],[-114.2013,40.1091],[-114.2049,40.0996],[-114.2039,40.093],[-114.2123,40.0796],[-114.2103,40.0739],[-114.2054,40.0718],[-114.2037,40.0676],[-114.2057,40.0594],[-114.1872,40.0537],[-114.1873,40.0498],[-114.1816,40.0492],[-114.1769,40.0413],[-114.1793,40.0364],[-114.1645,40.0308],[-114.1639,40.0203],[-114.1744,40.0083],[-114.1627,39.9858],[-114.1623,39.9746],[-114.1724,39.953],[-114.1715,39.9401],[-114.1878,39.9335],[-114.1897,39.9305],[-114.1883,39.9275],[-114.181,39.9248],[-114.1853,39.9181],[-114.1828,39.9106],[-114.1769,39.9087],[-114.1757,39.9021],[-114.1709,39.8995],[-114.1709,39.8962],[-114.1759,39.8922],[-114.1679,39.8811],[-114.1727,39.8677],[-114.1659,39.8648],[-114.1647,39.8613],[-114.1728,39.8527],[-114.1727,39.8479],[-114.1696,39.8449],[-114.1728,39.8406],[-114.1733,39.8323],[-114.1637,39.8292],[-114.1636,39.8247],[-114.1586,39.8201],[-114.1534,39.8193],[-114.1473,39.8138],[-114.1535,39.795],[-114.1485,39.7949],[-114.145,39.8019],[-114.131,39.8014],[-114.1285,39.8044],[-114.1212,39.7897],[-114.1217,39.7851],[-114.1168,39.7831],[-114.0996,39.7885],[-114.0922,39.7875],[-114.0923,39.7906],[-114.0889,39.792],[-114.0883,39.7951],[-114.08,39.7956],[-114.0763,39.7903],[-114.0706,39.7896],[-114.0678,39.784],[-114.0628,39.7832],[-114.0572,39.7768],[-114.0523,39.7756],[-114.0519,39.7666],[-114.0564,39.7633],[-114.0569,39.7568],[-114.0437,39.753],[-114.0424,39.7491],[-114.0369,39.745],[-114.0198,39.7494],[-114.0135,39.7478],[-114.0035,39.737],[-113.9924,39.7348],[-113.9845,39.7296],[-113.9834,39.7244],[-113.9724,39.7216],[-113.963,39.7247],[-113.9511,39.7224],[-113.9377,39.7254],[-113.925,39.716],[-113.894,39.7163],[-113.8536,39.6922],[-113.8446,39.6813],[-113.8341,39.6756],[-113.8251,39.6764],[-113.8174,39.674],[-113.8078,39.665],[-113.7959,39.6584],[-113.7876,39.647],[-113.7888,39.636],[-113.7842,39.6279],[-113.7835,39.6193],[-113.779,39.6087],[-113.7804,39.6054],[-113.7837,39.6047],[-113.7799,39.5991],[-113.7796,39.5881],[-113.7648,39.5779],[-113.7611,39.5702],[-113.7619,39.567],[-113.7561,39.5697],[-113.7558,39.5763],[-113.759,39.5828],[-113.753,39.5905],[-113.7433,39.5846],[-113.7376,39.5847],[-113.726,39.5793],[-113.7112,39.5889],[-113.7072,39.5892],[-113.7074,39.5941],[-113.6965,39.6008],[-113.6935,39.6064],[-113.6927,39.5965],[-113.6889,39.5951],[-113.6691,39.5996],[-113.6651,39.6036],[-113.6416,39.607],[-113.638,39.6117],[-113.6152,39.6189],[-113.6025,39.6271],[-113.5898,39.6247],[-113.5884,39.6327],[-113.5988,39.6362],[-113.6046,39.6465],[-113.5989,39.6505],[-113.6029,39.6591],[-113.5969,39.6654],[-113.6004,39.6674],[-113.6048,39.6791],[-113.609,39.6809],[-113.6099,39.6854],[-113.6165,39.6856],[-113.6184,39.6893],[-113.6147,39.6913],[-113.6114,39.6975],[-113.6088,39.7109],[-113.6109,39.7145],[-113.6074,39.7222],[-113.592,39.7258],[-113.5814,39.7217],[-113.5767,39.7246],[-113.5643,39.7241],[-113.5524,39.7209],[-113.5492,39.7183],[-113.5482,39.7133],[-113.5445,39.7123],[-113.5319,39.7162],[-113.5203,39.7263],[-113.5049,39.7228],[-113.4816,39.7235],[-113.4683,39.7201],[-113.4407,39.7244],[-113.4415,39.7126],[-113.445,39.706],[-113.439,39.6918],[-113.4366,39.6764],[-113.4345,39.6745],[-113.4354,39.6695],[-113.4307,39.663],[-113.4301,39.6553],[-113.4251,39.6514],[-113.4273,39.6426],[-113.423,39.6315],[-113.4116,39.6242],[-113.4035,39.6237],[-113.3955,39.6004],[-113.3926,39.5801],[-113.3834,39.5826],[-113.3815,39.5771],[-113.3741,39.5772],[-113.3707,39.5708],[-113.3639,39.567],[-113.3634,39.561],[-113.3544,39.5571],[-113.354,39.5519],[-113.3463,39.5455],[-113.3427,39.533],[-113.3483,39.5304],[-113.3452,39.5237],[-113.3414,39.5213],[-113.3415,39.5129],[-113.3356,39.5043],[-113.3381,39.5],[-113.3426,39.498],[-113.3381,39.4904],[-113.3424,39.4841],[-113.341,39.478],[-113.3431,39.4725],[-113.3343,39.4651],[-113.3392,39.4599],[-113.3415,39.4531],[-113.3399,39.4505],[-113.3335,39.4491],[-113.3209,39.4599],[-113.307,39.4594],[-113.3049,39.471],[-113.2846,39.4817],[-113.2478,39.4879],[-113.2015,39.5039],[-113.1923,39.5096],[-113.1851,39.5103],[-113.1774,39.5074],[-113.1757,39.5102],[-113.1674,39.5124],[-113.1602,39.5179],[-113.1351,39.5406],[-113.1258,39.5449],[-113.114,39.5458],[-113.101,39.5396],[-113.094,39.5287],[-113.0825,39.5264],[-113.0745,39.5322],[-113.0727,39.54],[-113.0557,39.5468],[-113.0509,39.5523],[-113.0465,39.5531],[-113.0443,39.5585],[-113.0535,39.5656],[-113.0595,39.5648],[-113.0606,39.5713],[-113.0637,39.5723],[-113.0638,39.576],[-113.0677,39.5791],[-113.067,39.5823],[-113.0733,39.5827],[-113.0724,39.5881],[-113.0751,39.5903],[-113.0803,39.5854],[-113.0884,39.5862],[-113.0935,39.5919],[-113.0969,39.6012],[-113.0882,39.6062],[-113.0777,39.619],[-113.0828,39.6214],[-113.0825,39.6281],[-113.0851,39.6327],[-113.0826,39.6414],[-113.0875,39.6456],[-113.0812,39.6495],[-113.0864,39.6553],[-113.0834,39.6598],[-113.0868,39.6614],[-113.0862,39.6663],[-113.0908,39.6714],[-113.0888,39.676],[-113.091,39.6822],[-113.0954,39.6862],[-113.0945,39.6893],[-113.1066,39.696],[-113.1084,39.7004],[-113.1045,39.7084],[-113.1103,39.7156],[-113.1109,39.7219],[-113.1103,39.7239],[-113.1056,39.7247],[-113.106,39.7299],[-113.1019,39.735],[-113.0969,39.7341],[-113.0957,39.737],[-113.0834,39.7438],[-113.0638,39.7347],[-113.0407,39.7379],[-113.0234,39.7431],[-113.0172,39.7405],[-113.0081,39.7439],[-113.0009,39.7422],[-112.9959,39.7442],[-112.9826,39.741],[-112.9446,39.7528],[-112.937,39.7487],[-112.9294,39.7492],[-112.9259,39.7542],[-112.9272,39.7591],[-112.9249,39.7641],[-112.9268,39.7715],[-112.9303,39.7737],[-112.9245,39.7816],[-112.9146,39.7831],[-112.9096,39.7865],[-112.8894,39.7864],[-112.888,39.7894],[-112.8832,39.7856],[-112.8759,39.7849],[-112.8695,39.7893],[-112.8643,39.7865],[-112.858,39.7899],[-112.8412,39.7906],[-112.8406,39.794],[-112.8365,39.7956],[-112.8451,39.8027],[-112.8479,39.7998],[-112.8522,39.8001],[-112.8586,39.8106],[-112.8591,39.8208],[-112.8668,39.8239],[-112.8778,39.8327],[-112.879,39.841],[-112.8757,39.8522],[-112.8785,39.857],[-112.8709,39.8601],[-112.8729,39.8692],[-112.8685,39.8733],[-112.8681,39.8821],[-112.8644,39.8852],[-112.8616,39.8825],[-112.857,39.8824],[-112.8557,39.8926],[-112.8535,39.8949],[-112.8566,39.8982],[-112.8558,39.9025],[-112.8503,39.9088],[-112.8586,39.9163],[-112.8611,39.927],[-112.8571,39.9312],[-112.8461,39.9309],[-112.8464,39.9367],[-112.8423,39.9447],[-112.8344,39.945],[-112.8307,39.9406],[-112.8239,39.9425],[-112.8217,39.9453],[-112.8243,39.9497],[-112.8154,39.957],[-112.8008,39.9624],[-112.7678,39.9543],[-112.7428,39.954],[-112.7292,39.9613],[-112.7254,39.96],[-112.7236,39.9555],[-112.7095,39.952],[-112.7052,39.9556],[-112.6982,39.9533],[-112.6863,39.9608],[-112.6791,39.9561],[-112.6708,39.9581],[-112.6623,39.9564],[-112.6564,39.951],[-112.6374,39.9524],[-112.636,39.9551],[-112.6316,39.9557],[-112.6245,39.9548],[-112.6217,39.952],[-112.6072,39.9649],[-112.5938,39.9713],[-112.588,39.9795],[-112.5754,39.9817],[-112.5643,39.9935],[-112.552,39.994],[-112.5442,39.9897],[-112.543,39.9923],[-112.5478,40.0072],[-112.5523,40.0116],[-112.5527,40.0157],[-112.5612,40.0214],[-112.5674,40.0295],[-112.5661,40.0344],[-112.5747,40.0407],[-112.5789,40.0478],[-112.5778,40.0526],[-112.5862,40.0566],[-112.5852,40.0674],[-112.6001,40.0795],[-112.6018,40.0898],[-112.6059,40.0931],[-112.6034,40.0957],[-112.6087,40.1031],[-112.6164,40.1063],[-112.6223,40.1043],[-112.6296,40.1067],[-112.6357,40.1029],[-112.6611,40.1116],[-112.6793,40.1089],[-112.6887,40.1155],[-112.6888,40.1207],[-112.6926,40.1224],[-112.7027,40.1193],[-112.7176,40.1208],[-112.7273,40.1281],[-112.7299,40.1363],[-112.7291,40.1425],[-112.7358,40.1543],[-112.7398,40.1572],[-112.7408,40.1621],[-112.7487,40.1633],[-112.7513,40.1611],[-112.7649,40.1648],[-112.7633,40.1738],[-112.7661,40.1779],[-112.7605,40.1927],[-112.7618,40.2156],[-112.7732,40.2196],[-112.7712,40.2253],[-112.7757,40.23],[-112.7735,40.2377],[-112.7771,40.2447],[-112.796,40.2559],[-112.799,40.2565],[-112.803,40.2533],[-112.8121,40.2585],[-112.8129,40.2678],[-112.8208,40.267],[-112.8274,40.2715],[-112.8354,40.2729],[-112.8375,40.2757],[-112.8442,40.276],[-112.8469,40.2738],[-112.8483,40.2759],[-112.8529,40.2751],[-112.8556,40.2798],[-112.865,40.2776],[-112.8713,40.2827],[-112.8719,40.2884],[-112.8744,40.2904],[-112.8736,40.2957],[-112.8805,40.2962],[-112.8817,40.299],[-112.8861,40.2992],[-112.9036,40.3095],[-112.9216,40.3096],[-112.9326,40.3177],[-112.9405,40.3184],[-112.9406,40.3234],[-112.9475,40.3309],[-112.9481,40.3348],[-112.9564,40.3367],[-112.9639,40.3435],[-112.9738,40.345],[-112.9761,40.3506],[-112.986,40.351],[-112.9892,40.3527],[-112.988,40.3561],[-112.9934,40.3567],[-112.9955,40.3593],[-113.0024,40.3589],[-113.0058,40.3633],[-113.0066,40.3661],[-113.0039,40.369],[-113.007,40.3738],[-113.0141,40.3772],[-113.014,40.3833],[-113.0104,40.3844],[-113.0089,40.3888],[-113.0154,40.3953],[-113.0144,40.4004],[-113.0187,40.4052],[-113.014,40.4109],[-113.0135,40.4186],[-113.0038,40.4272],[-113.007,40.4294],[-113.0034,40.43],[-113.0028,40.4339],[-112.9993,40.4363],[-113.0019,40.4428],[-112.9962,40.449],[-112.9858,40.4547],[-112.9874,40.4634],[-112.9831,40.4646],[-112.9804,40.469],[-112.9819,40.4722],[-112.9795,40.4724],[-112.978,40.4865],[-112.9866,40.4951],[-112.983,40.5027],[-112.9842,40.5097],[-112.9779,40.5167],[-112.9775,40.5258],[-112.9733,40.5259],[-112.9692,40.5308],[-112.9676,40.5486],[-112.9617,40.5575],[-112.9634,40.5693],[-112.9615,40.5726],[-112.9655,40.578],[-112.962,40.5933],[-112.957,40.5998],[-112.9587,40.6035],[-112.9804,40.606],[-112.9879,40.6038],[-113.0085,40.6104],[-113.0153,40.6075],[-113.0191,40.6015],[-113.0266,40.5997],[-113.0309,40.6094],[-113.0668,40.6066],[-113.0823,40.6103],[-113.1098,40.6229],[-113.1165,40.6224],[-113.1215,40.6168],[-113.1281,40.6159],[-113.1367,40.6183],[-113.1395,40.6244],[-113.1537,40.6239],[-113.1664,40.6294],[-113.1763,40.6275],[-113.1785,40.6207],[-113.1868,40.6145],[-113.1883,40.6115],[-113.1849,40.6017],[-113.1893,40.5962],[-113.1901,40.5875],[-113.1952,40.5822],[-113.2069,40.5844],[-113.2271,40.5802],[-113.2529,40.5848],[-113.2563,40.5829],[-113.2679,40.5896],[-113.2763,40.585],[-113.2892,40.5874],[-113.2872,40.5946],[-113.2975,40.6074],[-113.2974,40.6152],[-113.3037,40.6236],[-113.3023,40.6309],[-113.2974,40.6351],[-113.2909,40.6476],[-113.2929,40.6594],[-113.2899,40.6635],[-113.2894,40.672],[-113.2918,40.6742],[-113.2913,40.6797],[-113.3016,40.6829],[-113.3204,40.6827],[-113.3207,40.6911],[-113.3272,40.6913],[-113.3354,40.6832],[-113.3393,40.6824],[-113.3422,40.6843],[-113.34,40.6955],[-113.3453,40.7039],[-113.3544,40.7065],[-113.3667,40.7044],[-113.3677,40.7154],[-113.3745,40.7194],[-113.3928,40.7167],[-113.4041,40.7092],[-113.4085,40.7138],[-113.4209,40.7166],[-113.4487,40.7173],[-113.4561,40.7155],[-113.4564,40.7122],[-113.4927,40.6995],[-113.5013,40.7021],[-113.5158,40.7017],[-113.5279,40.7105],[-113.5575,40.7198],[-113.5689,40.7403],[-113.5779,40.7503],[-113.5803,40.7668],[-113.5865,40.7765],[-113.6037,40.7876],[-113.6188,40.7915],[-113.6238,40.8017],[-113.6237,40.8184],[-113.6214,40.8223],[-113.6239,40.8395],[-113.6206,40.8541],[-113.6296,40.8735],[-113.6314,40.885],[-113.6306,40.8948],[-113.6255,40.9013],[-113.6259,40.9044],[-113.6369,40.9103],[-113.6388,40.915],[-113.6542,40.9065],[-113.6607,40.9066],[-113.6685,40.9131],[-113.6694,40.9224],[-113.6771,40.9294],[-113.6753,40.9449],[-113.6827,40.957],[-113.6834,40.9632],[-113.7025,40.962],[-113.7149,40.9675]]]}},{"type":"Feature","properties":{"huc8":"16020308","name":"Northern Great Salt Lake Desert"},"geometry":{"type":"Polygon","coordinates":[[[-113.3713,41.9096],[-113.3766,41.913],[-113.3918,41.9035],[-113.4051,41.907],[-113.4233,41.9031],[-113.4277,41.8998],[-113.4388,41.9001],[-113.4467,41.8954],[-113.4733,41.8922],[-113.4792,41.8891],[-113.4799,41.8842],[-113.4828,41.8848],[-113.4865,41.8792],[-113.5142,41.8736],[-113.5247,41.8681],[-113.5294,41.869],[-113.5391,41.8641],[-113.5522,41.8621],[-113.5618,41.8614],[-113.5699,41.868],[-113.5806,41.869],[-113.5937,41.8744],[-113.6203,41.8713],[-113.6275,41.8734],[-113.6356,41.8725],[-113.6401,41.8681],[-113.6399,41.8611],[-113.6502,41.8603],[-113.6547,41.8561],[-113.6573,41.8579],[-113.6701,41.8536],[-113.6712,41.8508],[-113.6686,41.8475],[-113.6715,41.8382],[-113.6748,41.8356],[-113.6712,41.828],[-113.6752,41.8199],[-113.6682,41.8109],[-113.6687,41.805],[-113.683,41.7964],[-113.673,41.7888],[-113.6765,41.78],[-113.6764,41.7726],[-113.691,41.7705],[-113.6993,41.7644],[-113.7095,41.7498],[-113.7193,41.7562],[-113.7268,41.7579],[-113.7277,41.7637],[-113.7323,41.7666],[-113.732,41.7715],[-113.7378,41.7747],[-113.737,41.7796],[-113.7518,41.7893],[-113.7623,41.8154],[-113.772,41.8236],[-113.768,41.8302],[-113.7745,41.8381],[-113.7801,41.8562],[-113.7936,41.8516],[-113.7953,41.854],[-113.8044,41.855],[-113.8214,41.8658],[-113.8269,41.866],[-113.8317,41.8692],[-113.8427,41.8684],[-113.8493,41.8782],[-113.8618,41.8828],[-113.8624,41.888],[-113.8664,41.8916],[-113.8722,41.8922],[-113.8756,41.8881],[-113.8751,41.8845],[-113.8831,41.8823],[-113.8876,41.8714],[-113.8863,41.8683],[-113.8901,41.8634],[-113.8935,41.8651],[-113.9035,41.8631],[-113.9083,41.8578],[-113.9235,41.852],[-113.9263,41.8479],[-113.9337,41.8447],[-113.9334,41.8427],[-113.9444,41.8423],[-113.944,41.8369],[-113.9352,41.8333],[-113.935,41.8271],[-113.9379,41.8239],[-113.9413,41.8242],[-113.9421,41.8215],[-113.9403,41.8088],[-113.9417,41.8015],[-113.9463,41.7987],[-113.9563,41.7985],[-113.9547,41.7902],[-113.963,41.7904],[-113.9684,41.7959],[-113.9718,41.7941],[-113.9778,41.7964],[-113.9854,41.7932],[-113.9955,41.8012],[-114.0016,41.8013],[-114.0036,41.7924],[-114.016,41.7886],[-114.0223,41.7826],[-114.0262,41.7834],[-114.0295,41.789],[-114.0444,41.7933],[-114.0478,41.777],[-114.0508,41.7709],[-114.0555,41.7683],[-114.0558,41.758],[-114.0645,41.7475],[-114.0696,41.7448],[-114.0743,41.7294],[-114.0717,41.7239],[-114.0765,41.72],[-114.0736,41.7101],[-114.0777,41.7028],[-114.0753,41.6998],[-114.0709,41.6993],[-114.0723,41.6942],[-114.0925,41.6875],[-114.0975,41.6883],[-114.0994,41.6836],[-114.0989,41.6802],[-114.0955,41.6788],[-114.0885,41.6694],[-114.0865,41.663],[-114.0793,41.6588],[-114.0801,41.6545],[-114.0744,41.6509],[-114.0826,41.6488],[-114.0794,41.6441],[-114.0829,41.6401],[-114.0802,41.6354],[-114.0813,41.6283],[-114.0784,41.6254],[-114.0802,41.6224],[-114.0773,41.6206],[-114.077,41.6161],[-114.0733,41.6163],[-114.0753,41.6107],[-114.071,41.6062],[-114.0699,41.5931],[-114.0662,41.5857],[-114.0495,41.5685],[-114.0521,41.563],[-114.0589,41.5626],[-114.0657,41.5586],[-114.0658,41.5521],[-114.0689,41.5499],[-114.0652,41.5444],[-114.0695,41.5369],[-114.0687,41.5311],[-114.0712,41.5301],[-114.0702,41.5272],[-114.0761,41.5246],[-114.0696,41.5211],[-114.0629,41.5261],[-114.0356,41.5179],[-114.0189,41.5221],[-114.0101,41.5172],[-114.0043,41.5076],[-113.9974,41.506],[-113.9953,41.4984],[-113.9851,41.4957],[-113.9882,41.4933],[-113.989,41.4875],[-113.9868,41.4752],[-113.9832,41.4727],[-113.9829,41.4658],[-113.9915,41.4635],[-113.9893,41.4585],[-113.9931,41.4545],[-113.9577,41.4271],[-113.9428,41.4105],[-113.9433,41.4047],[-113.9351,41.399],[-113.9403,41.3955],[-113.9446,41.3857],[-113.9433,41.3802],[-113.934,41.369],[-113.9401,41.3701],[-113.9581,41.3618],[-113.9706,41.36],[-113.9734,41.3574],[-113.9729,41.3483],[-113.9794,41.3428],[-113.9859,41.3289],[-113.9944,41.3233],[-113.9971,41.3172],[-113.9933,41.3146],[-113.9928,41.3108],[-113.9968,41.3058],[-113.9965,41.3006],[-114.001,41.2973],[-114.0023,41.2918],[-114.0095,41.2902],[-114.0098,41.2854],[-114.0129,41.2828],[-114.0127,41.2757],[-114.0169,41.2696],[-114.0156,41.2425],[-114.0188,41.2372],[-114.0144,41.2373],[-114.0099,41.2316],[-114.0091,41.2277],[-114.0125,41.2213],[-114.0091,41.2157],[-114.0286,41.1973],[-114.0605,41.1874],[-114.1089,41.1852],[-114.1265,41.1805],[-114.1352,41.1837],[-114.1503,41.1817],[-114.1639,41.1852],[-114.1704,41.1818],[-114.2082,41.1734],[-114.2102,41.1679],[-114.2175,41.1625],[-114.2166,41.1549],[-114.2266,41.1476],[-114.2216,41.1436],[-114.2221,41.1415],[-114.2287,41.138],[-114.2335,41.1309],[-114.2378,41.132],[-114.246,41.1276],[-114.264,41.1237],[-114.2615,41.1073],[-114.2642,41.105],[-114.2615,41.1019],[-114.263,41.0977],[-114.2689,41.0949],[-114.2615,41.0858],[-114.2639,41.0771],[-114.2699,41.0682],[-114.2781,41.0636],[-114.2813,41.0544],[-114.2802,41.0503],[-114.288,41.0486],[-114.2942,41.0416],[-114.2955,41.035],[-114.2931,41.0314],[-114.299,41.0283],[-114.3006,41.0245],[-114.2989,41.017],[-114.3085,41.0101],[-114.3173,41.0103],[-114.3121,41.0083],[-114.3091,41.0036],[-114.3137,40.9961],[-114.3116,40.9937],[-114.314,40.9862],[-114.3124,40.9784],[-114.309,40.9763],[-114.3102,40.974],[-114.305,40.9689],[-114.3066,40.9665],[-114.3047,40.9644],[-114.2946,40.9606],[-114.2902,40.954],[-114.2916,40.9495],[-114.2897,40.9441],[-114.3006,40.9401],[-114.307,40.9403],[-114.3262,40.9201],[-114.3233,40.9086],[-114.3251,40.8943],[-114.3229,40.8911],[-114.3243,40.8826],[-114.331,40.8809],[-114.3278,40.8723],[-114.3237,40.8694],[-114.3188,40.8682],[-114.3154,40.8718],[-114.294,40.8728],[-114.2908,40.8665],[-114.2908,40.8538],[-114.2882,40.849],[-114.2903,40.8469],[-114.2888,40.8448],[-114.2906,40.8389],[-114.2868,40.8321],[-114.2894,40.8271],[-114.2858,40.8181],[-114.2732,40.8039],[-114.2849,40.8007],[-114.2894,40.8017],[-114.2994,40.7974],[-114.3021,40.7872],[-114.2972,40.7775],[-114.2987,40.7736],[-114.2815,40.7491],[-114.2818,40.7399],[-114.2723,40.7398],[-114.2693,40.737],[-114.2602,40.7403],[-114.2537,40.737],[-114.2473,40.7411],[-114.2421,40.7403],[-114.239,40.748],[-114.2338,40.7524],[-114.2243,40.75],[-114.2107,40.7595],[-114.1994,40.7626],[-114.182,40.7664],[-114.1794,40.7637],[-114.1641,40.761],[-114.157,40.7726],[-114.1428,40.7703],[-114.1209,40.7735],[-114.111,40.7772],[-114.0967,40.7733],[-114.0944,40.7775],[-114.0718,40.7823],[-114.0623,40.7867],[-114.0526,40.7789],[-114.0481,40.7844],[-114.0197,40.7891],[-114.0184,40.7935],[-114.0068,40.795],[-114.003,40.7989],[-113.9794,40.7977],[-113.9778,40.8038],[-113.9732,40.8057],[-113.9673,40.818],[-113.9548,40.8185],[-113.9492,40.8243],[-113.943,40.8246],[-113.9406,40.8284],[-113.9332,40.8304],[-113.9331,40.8333],[-113.9246,40.8408],[-113.9159,40.8424],[-113.9159,40.8449],[-113.923,40.8498],[-113.9236,40.8588],[-113.9144,40.8736],[-113.9165,40.8755],[-113.9148,40.8768],[-113.9159,40.8813],[-113.9059,40.8855],[-113.9022,40.884],[-113.9006,40.8893],[-113.888,40.8922],[-113.8814,40.8975],[-113.8297,40.9019],[-113.8256,40.9151],[-113.8194,40.9198],[-113.8127,40.9338],[-113.8033,40.9401],[-113.7978,40.9484],[-113.7894,40.9518],[-113.7868,40.9565],[-113.7686,40.964],[-113.762,40.9615],[-113.7616,40.9569],[-113.756,40.9508],[-113.7496,40.9539],[-113.7402,40.9517],[-113.7358,40.9576],[-113.7213,40.9665],[-113.7132,40.9675],[-113.7025,40.962],[-113.6841,40.9634],[-113.6753,40.9449],[-113.6771,40.9294],[-113.6694,40.9224],[-113.6685,40.9131],[-113.6607,40.9066],[-113.6556,40.9063],[-113.6388,40.915],[-113.6369,40.9103],[-113.6257,40.904],[-113.6306,40.8948],[-113.6314,40.885],[-113.6296,40.8735],[-113.6206,40.8541],[-113.6239,40.8395],[-113.6214,40.8223],[-113.6237,40.8184],[-113.6238,40.8017],[-113.6188,40.7915],[-113.6037,40.7876],[-113.5865,40.7765],[-113.5803,40.7668],[-113.5779,40.7503],[-113.5689,40.7403],[-113.5575,40.7198],[-113.5279,40.7105],[-113.5158,40.7017],[-113.5013,40.7021],[-113.4927,40.6995],[-113.4564,40.7122],[-113.4561,40.7155],[-113.4487,40.7173],[-113.4209,40.7166],[-113.4085,40.7138],[-113.4046,40.7092],[-113.3919,40.717],[-113.378,40.7195],[-113.3713,40.7184],[-113.3677,40.7154],[-113.3667,40.7044],[-113.3544,40.7065],[-113.3453,40.7039],[-113.34,40.6955],[-113.3422,40.6843],[-113.3393,40.6824],[-113.3354,40.6832],[-113.3272,40.6913],[-113.3207,40.6911],[-113.3204,40.6827],[-113.3016,40.6829],[-113.2913,40.6797],[-113.2918,40.6742],[-113.2894,40.672],[-113.2899,40.6635],[-113.2929,40.6594],[-113.2909,40.6476],[-113.2974,40.6351],[-113.3023,40.6309],[-113.3037,40.6236],[-113.2974,40.6152],[-113.2975,40.6074],[-113.2872,40.5946],[-113.2892,40.5874],[-113.2763,40.585],[-113.2679,40.5896],[-113.2563,40.5829],[-113.2529,40.5848],[-113.2266,40.5802],[-113.2069,40.5844],[-113.1946,40.5825],[-113.1901,40.5875],[-113.1893,40.5962],[-113.1849,40.6017],[-113.1883,40.6115],[-113.1868,40.6145],[-113.1785,40.6207],[-113.1763,40.6275],[-113.1664,40.6294],[-113.1537,40.6239],[-113.1395,40.6244],[-113.1367,40.6183],[-113.1281,40.6159],[-113.1215,40.6168],[-113.1165,40.6224],[-113.1098,40.6229],[-113.0823,40.6103],[-113.0668,40.6066],[-113.0309,40.6094],[-113.0266,40.5997],[-113.0191,40.6015],[-113.0153,40.6075],[-113.0085,40.6104],[-112.9879,40.6038],[-112.9804,40.606],[-112.9587,40.6035],[-112.9532,40.6067],[-112.9546,40.6136],[-112.9515,40.6185],[-112.9522,40.6264],[-112.9505,40.6337],[-112.944,40.6422],[-112.9463,40.6525],[-112.9417,40.6587],[-112.9439,40.6619],[-112.9426,40.6685],[-112.9481,40.6779],[-112.946,40.6904],[-112.9423,40.6923],[-112.9442,40.6958],[-112.941,40.6974],[-112.9431,40.701],[-112.9386,40.6998],[-112.9282,40.7102],[-112.9195,40.711],[-112.9101,40.7169],[-112.908,40.7275],[-112.897,40.736],[-112.8989,40.7411],[-112.8975,40.7454],[-112.8941,40.7469],[-112.8966,40.7539],[-112.9042,40.7579],[-112.9021,40.7657],[-112.9059,40.7704],[-112.9017,40.7763],[-112.9069,40.7846],[-112.905,40.7917],[-112.8988,40.7928],[-112.898,40.7975],[-112.8894,40.7999],[-112.8908,40.804],[-112.8999,40.8088],[-112.9059,40.8258],[-112.9037,40.8302],[-112.8974,40.8336],[-112.8932,40.8452],[-112.9004,40.852],[-112.9005,40.8574],[-112.8758,40.8591],[-112.8524,40.8726],[-112.8334,40.8763],[-112.8242,40.884],[-112.8201,40.8801],[-112.8212,40.8697],[-112.8121,40.8644],[-112.8132,40.8572],[-112.8084,40.8502],[-112.8005,40.848],[-112.7953,40.8429],[-112.7832,40.8409],[-112.7831,40.8373],[-112.7782,40.836],[-112.7779,40.8271],[-112.7719,40.8234],[-112.7689,40.8253],[-112.7585,40.8223],[-112.7562,40.8182],[-112.7495,40.8147],[-112.7485,40.8108],[-112.7448,40.8095],[-112.7428,40.8027],[-112.7386,40.7983],[-112.7322,40.8007],[-112.7276,40.8145],[-112.7204,40.8132],[-112.7096,40.8038],[-112.6964,40.8025],[-112.6838,40.8076],[-112.6611,40.8236],[-112.6373,40.8224],[-112.6205,40.8135],[-112.6263,40.8283],[-112.6208,40.8329],[-112.6284,40.8407],[-112.6331,40.852],[-112.6454,40.866],[-112.6454,40.8698],[-112.6553,40.8709],[-112.6606,40.8749],[-112.6793,40.8998],[-112.6768,40.9047],[-112.6533,40.9084],[-112.6407,40.9075],[-112.6495,40.912],[-112.6637,40.9119],[-112.6516,40.9157],[-112.6576,40.9281],[-112.6586,40.9424],[-112.6723,40.9496],[-112.6793,40.9492],[-112.6854,40.9441],[-112.7037,40.9437],[-112.7111,40.9526],[-112.7543,40.9687],[-112.7597,40.9738],[-112.7727,41.0011],[-112.7683,41.0082],[-112.7624,41.0107],[-112.7668,41.0153],[-112.7673,41.0204],[-112.7741,41.0242],[-112.7775,41.0294],[-112.777,41.043],[-112.7802,41.0446],[-112.7852,41.0664],[-112.7921,41.0765],[-112.7999,41.098],[-112.7996,41.1137],[-112.8053,41.1325],[-112.8026,41.1357],[-112.8112,41.1406],[-112.8194,41.1552],[-112.8251,41.1589],[-112.8167,41.1722],[-112.8186,41.1873],[-112.8322,41.1975],[-112.8312,41.2065],[-112.8484,41.2111],[-112.8487,41.2163],[-112.853,41.2233],[-112.8692,41.2259],[-112.8837,41.2251],[-112.8721,41.2268],[-112.8768,41.2299],[-112.8774,41.2391],[-112.8634,41.2462],[-112.8674,41.2489],[-112.8771,41.2469],[-112.8857,41.2562],[-112.9025,41.2503],[-112.9087,41.2552],[-112.92,41.2581],[-112.9251,41.2632],[-112.9426,41.2674],[-112.9436,41.2691],[-112.9409,41.2696],[-112.9531,41.2725],[-112.9581,41.2701],[-112.9494,41.2595],[-112.9522,41.2575],[-112.9505,41.2514],[-112.954,41.2456],[-112.9712,41.2475],[-112.9813,41.2513],[-112.9824,41.2538],[-112.9888,41.2527],[-112.994,41.2584],[-113.0053,41.2588],[-113.0091,41.2672],[-113.0168,41.2679],[-113.024,41.2743],[-113.0323,41.2878],[-113.0322,41.2923],[-113.0284,41.2952],[-113.0189,41.2957],[-113.0016,41.3136],[-112.9997,41.3371],[-113.0107,41.3923],[-113.0175,41.3997],[-113.022,41.414],[-113.0281,41.421],[-113.019,41.4228],[-113.0128,41.4313],[-113.0071,41.4335],[-113.0064,41.4383],[-113.0127,41.4454],[-113.019,41.4475],[-113.0287,41.4464],[-113.0413,41.4522],[-113.0564,41.469],[-113.0573,41.4778],[-113.0638,41.4857],[-113.0811,41.4773],[-113.0919,41.4672],[-113.1019,41.4636],[-113.1141,41.4657],[-113.1201,41.477],[-113.129,41.4847],[-113.1298,41.4965],[-113.135,41.5008],[-113.1357,41.508],[-113.143,41.5137],[-113.1428,41.5296],[-113.1516,41.5342],[-113.1573,41.5423],[-113.1562,41.5465],[-113.1627,41.5552],[-113.161,41.5568],[-113.1632,41.564],[-113.1659,41.5655],[-113.1639,41.5667],[-113.165,41.5688],[-113.1674,41.5701],[-113.1723,41.5674],[-113.1892,41.581],[-113.1968,41.5815],[-113.2152,41.5988],[-113.2107,41.6011],[-113.2061,41.6091],[-113.2054,41.6211],[-113.2102,41.6277],[-113.2148,41.6292],[-113.2142,41.6351],[-113.2252,41.6378],[-113.2281,41.6405],[-113.2291,41.653],[-113.2254,41.6623],[-113.2355,41.6819],[-113.233,41.6869],[-113.2329,41.6971],[-113.2383,41.6956],[-113.2492,41.6976],[-113.2451,41.7008],[-113.2436,41.7074],[-113.234,41.7098],[-113.2353,41.7173],[-113.2284,41.7209],[-113.2426,41.7374],[-113.2411,41.7486],[-113.2594,41.7605],[-113.2709,41.7824],[-113.2746,41.797],[-113.285,41.8197],[-113.2925,41.8277],[-113.2961,41.8359],[-113.2925,41.8616],[-113.2945,41.8714],[-113.2889,41.884],[-113.2989,41.8911],[-113.3128,41.8951],[-113.3209,41.9088],[-113.3388,41.9051],[-113.3449,41.9014],[-113.3541,41.9032],[-113.3599,41.9012],[-113.3647,41.9032],[-113.3659,41.91],[-113.3713,41.9096]]]}},{"type":"Feature","properties":{"huc8":"16010201","name":"Bear Lake"},"geometry":{"type":"Polygon","coordinates":[[[-111.6462,42.8519],[-111.6532,42.8551],[-111.6611,42.8542],[-111.6633,42.8511],[-111.6618,42.8479],[-111.6696,42.8431],[-111.6665,42.839],[-111.6672,42.8259],[-111.6739,42.8162],[-111.6703,42.8067],[-111.6733,42.8044],[-111.6834,42.8044],[-111.6863,42.8018],[-111.691,42.8033],[-111.6969,42.799],[-111.7035,42.7873],[-111.7021,42.7845],[-111.7104,42.7792],[-111.7095,42.7704],[-111.72,42.7608],[-111.7202,42.7581],[-111.7162,42.7547],[-111.7179,42.7523],[-111.7141,42.7456],[-111.715,42.7422],[-111.7067,42.7381],[-111.6999,42.7383],[-111.6832,42.7242],[-111.6769,42.7232],[-111.6625,42.7072],[-111.6566,42.6914],[-111.6783,42.6761],[-111.7021,42.6717],[-111.7041,42.6674],[-111.7137,42.6633],[-111.708,42.6562],[-111.6989,42.6534],[-111.7019,42.6505],[-111.6958,42.6461],[-111.7004,42.6403],[-111.697,42.6351],[-111.6885,42.6323],[-111.687,42.6278],[-111.6722,42.6231],[-111.6663,42.6183],[-111.6644,42.6076],[-111.6557,42.5984],[-111.6509,42.584],[-111.6345,42.5692],[-111.6329,42.5651],[-111.6344,42.5611],[-111.6297,42.5538],[-111.632,42.5466],[-111.6261,42.5355],[-111.6246,42.5228],[-111.6102,42.5098],[-111.6067,42.501],[-111.6067,42.4936],[-111.6031,42.4907],[-111.6053,42.4867],[-111.5981,42.4819],[-111.5989,42.4775],[-111.594,42.4635],[-111.5828,42.4464],[-111.5841,42.4348],[-111.58,42.4293],[-111.5864,42.4253],[-111.5955,42.4245],[-111.5994,42.4128],[-111.6039,42.4116],[-111.5988,42.4011],[-111.5995,42.3915],[-111.5844,42.3941],[-111.583,42.3865],[-111.5797,42.3825],[-111.582,42.3758],[-111.5786,42.3751],[-111.5747,42.3676],[-111.5656,42.3678],[-111.5593,42.364],[-111.558,42.3563],[-111.5521,42.3518],[-111.5727,42.3373],[-111.5674,42.3323],[-111.5731,42.3327],[-111.5808,42.327],[-111.5885,42.3256],[-111.5901,42.3224],[-111.5821,42.3102],[-111.5866,42.3067],[-111.5833,42.2947],[-111.5874,42.2932],[-111.5865,42.288],[-111.5802,42.2851],[-111.5784,42.2804],[-111.5623,42.2765],[-111.5913,42.2628],[-111.5964,42.2564],[-111.5971,42.2491],[-111.6097,42.2503],[-111.6144,42.246],[-111.6137,42.2278],[-111.6262,42.2087],[-111.6262,42.1929],[-111.6232,42.1881],[-111.6158,42.1843],[-111.6107,42.1566],[-111.5871,42.1419],[-111.5921,42.1316],[-111.5904,42.124],[-111.5944,42.1167],[-111.5935,42.1138],[-111.6007,42.1069],[-111.597,42.0958],[-111.5871,42.0925],[-111.5807,42.0946],[-111.5727,42.0851],[-111.566,42.0831],[-111.5576,42.0845],[-111.5491,42.0775],[-111.54,42.0751],[-111.5359,42.0771],[-111.5219,42.0744],[-111.5151,42.0682],[-111.517,42.0622],[-111.511,42.0574],[-111.5141,42.0483],[-111.5078,42.0382],[-111.508,42.0356],[-111.5116,42.0338],[-111.5084,42.0223],[-111.5111,42.0168],[-111.5078,42.0071],[-111.5087,41.9929],[-111.4952,41.9829],[-111.4942,41.9797],[-111.4846,41.9756],[-111.4842,41.9656],[-111.4763,41.9585],[-111.4775,41.9533],[-111.4733,41.9473],[-111.4768,41.9358],[-111.4716,41.9285],[-111.4778,41.9189],[-111.4782,41.913],[-111.4902,41.9107],[-111.5034,41.9138],[-111.5117,41.9084],[-111.512,41.9051],[-111.5005,41.8984],[-111.5002,41.8931],[-111.503,41.8877],[-111.4947,41.8867],[-111.4922,41.8838],[-111.4945,41.8737],[-111.5036,41.868],[-111.5093,41.8684],[-111.502,41.8611],[-111.5078,41.8525],[-111.468,41.8247],[-111.461,41.8181],[-111.4609,41.8139],[-111.4569,41.8122],[-111.4576,41.8079],[-111.4535,41.8051],[-111.4509,41.7926],[-111.4544,41.7882],[-111.4547,41.7797],[-111.4496,41.7721],[-111.4433,41.7711],[-111.4455,41.7604],[-111.4412,41.7555],[-111.4419,41.7479],[-111.4451,41.7448],[-111.4407,41.7412],[-111.4419,41.7357],[-111.4287,41.7267],[-111.42,41.7246],[-111.4175,41.7203],[-111.4178,41.7094],[-111.4213,41.7053],[-111.4202,41.697],[-111.4288,41.6959],[-111.424,41.6919],[-111.4267,41.6778],[-111.4209,41.6742],[-111.4114,41.6799],[-111.4129,41.687],[-111.4061,41.6934],[-111.4001,41.6951],[-111.394,41.7029],[-111.3826,41.705],[-111.3817,41.7122],[-111.3854,41.7168],[-111.3756,41.7238],[-111.3394,41.7285],[-111.3246,41.7518],[-111.3131,41.7507],[-111.2955,41.7537],[-111.2894,41.7579],[-111.2623,41.7643],[-111.2638,41.7754],[-111.2668,41.7804],[-111.2639,41.7862],[-111.2717,41.7905],[-111.2729,41.7936],[-111.2644,41.7965],[-111.2453,41.8142],[-111.247,41.8168],[-111.2558,41.8198],[-111.2535,41.8254],[-111.2583,41.8302],[-111.2447,41.8329],[-111.2458,41.8378],[-111.2505,41.8404],[-111.2503,41.8439],[-111.2591,41.8532],[-111.2546,41.8584],[-111.2555,41.8627],[-111.2507,41.8631],[-111.2456,41.8733],[-111.2313,41.8714],[-111.2123,41.8739],[-111.2081,41.8793],[-111.1991,41.8839],[-111.1949,41.8897],[-111.1949,41.8954],[-111.1893,41.9013],[-111.1719,41.9069],[-111.1661,41.9186],[-111.1688,41.9238],[-111.1634,41.9277],[-111.1347,41.9295],[-111.1158,41.9252],[-111.1095,41.921],[-111.0993,41.9222],[-111.0985,41.9348],[-111.0907,41.9526],[-111.0998,41.9662],[-111.0984,41.9702],[-111.0938,41.9691],[-111.0856,41.9755],[-111.0852,41.9883],[-111.079,41.9927],[-111.0832,42.0075],[-111.0923,42.0068],[-111.0952,42.0042],[-111.1065,42.006],[-111.1066,42.0116],[-111.1105,42.0147],[-111.1102,42.0169],[-111.1143,42.0207],[-111.1193,42.0211],[-111.1258,42.03],[-111.1318,42.0312],[-111.1357,42.0353],[-111.1354,42.0379],[-111.1292,42.0414],[-111.1317,42.0434],[-111.1467,42.043],[-111.1496,42.0381],[-111.1617,42.0338],[-111.1707,42.0348],[-111.1754,42.0445],[-111.2102,42.0459],[-111.2055,42.0501],[-111.2138,42.052],[-111.2119,42.0627],[-111.2138,42.0652],[-111.2115,42.0698],[-111.2161,42.0733],[-111.2158,42.077],[-111.2185,42.0801],[-111.2234,42.0819],[-111.2108,42.0948],[-111.2174,42.1014],[-111.2166,42.1102],[-111.2188,42.1171],[-111.23,42.1229],[-111.2318,42.1323],[-111.2299,42.1367],[-111.2189,42.1425],[-111.2114,42.142],[-111.208,42.1486],[-111.1975,42.1484],[-111.1966,42.1568],[-111.1909,42.1598],[-111.1868,42.1729],[-111.1791,42.1763],[-111.1753,42.1847],[-111.1761,42.1905],[-111.1714,42.196],[-111.1635,42.1968],[-111.1731,42.207],[-111.1733,42.2127],[-111.1801,42.2147],[-111.184,42.2121],[-111.1945,42.2167],[-111.1957,42.2301],[-111.1917,42.2317],[-111.1893,42.2431],[-111.1814,42.2429],[-111.1793,42.257],[-111.1748,42.2566],[-111.1732,42.2597],[-111.1731,42.2705],[-111.1761,42.272],[-111.1788,42.2804],[-111.1728,42.2811],[-111.1694,42.297],[-111.1721,42.3051],[-111.1558,42.3128],[-111.1417,42.3132],[-111.1435,42.3295],[-111.1373,42.3324],[-111.1369,42.3533],[-111.1419,42.3598],[-111.1475,42.3794],[-111.1395,42.3873],[-111.1327,42.3882],[-111.129,42.3926],[-111.1321,42.3977],[-111.1264,42.4001],[-111.1329,42.4079],[-111.1427,42.4142],[-111.1459,42.4231],[-111.1517,42.4272],[-111.1492,42.4342],[-111.1582,42.4449],[-111.1545,42.4481],[-111.161,42.4519],[-111.1687,42.4521],[-111.1681,42.4562],[-111.1703,42.4578],[-111.1798,42.4609],[-111.1821,42.4593],[-111.1922,42.4652],[-111.216,42.4684],[-111.2258,42.4653],[-111.2327,42.4691],[-111.2372,42.4828],[-111.2488,42.4951],[-111.2487,42.5016],[-111.2368,42.509],[-111.2361,42.5175],[-111.2281,42.5384],[-111.2259,42.5628],[-111.2223,42.5719],[-111.2311,42.5752],[-111.2307,42.5801],[-111.2408,42.585],[-111.2387,42.5895],[-111.2422,42.5922],[-111.2412,42.6025],[-111.2479,42.6018],[-111.253,42.5886],[-111.2638,42.5786],[-111.2613,42.5746],[-111.2775,42.559],[-111.2794,42.5529],[-111.2962,42.5594],[-111.3167,42.5601],[-111.327,42.5634],[-111.331,42.5671],[-111.3358,42.5667],[-111.3419,42.5712],[-111.3385,42.5823],[-111.3403,42.5862],[-111.3635,42.5886],[-111.3678,42.5939],[-111.3679,42.5986],[-111.3759,42.6032],[-111.3798,42.6099],[-111.3927,42.6112],[-111.3929,42.6208],[-111.3992,42.6194],[-111.4043,42.6212],[-111.4124,42.6353],[-111.4181,42.6352],[-111.4229,42.6419],[-111.4279,42.6406],[-111.4342,42.6445],[-111.4465,42.646],[-111.4554,42.6549],[-111.454,42.6565],[-111.4563,42.663],[-111.4613,42.6655],[-111.4655,42.6727],[-111.4577,42.6768],[-111.453,42.6765],[-111.4539,42.6826],[-111.4517,42.6881],[-111.4729,42.6943],[-111.4767,42.7076],[-111.4874,42.7124],[-111.4885,42.715],[-111.498,42.7177],[-111.5052,42.7279],[-111.5078,42.7283],[-111.51,42.7373],[-111.5145,42.7397],[-111.5136,42.7424],[-111.5168,42.7454],[-111.5151,42.7481],[-111.5194,42.7511],[-111.5219,42.7648],[-111.5204,42.7708],[-111.5234,42.7729],[-111.5242,42.7851],[-111.5358,42.7878],[-111.5516,42.7819],[-111.5605,42.7837],[-111.5841,42.7777],[-111.5919,42.7787],[-111.5995,42.7922],[-111.6038,42.7949],[-111.6039,42.8077],[-111.6077,42.8029],[-111.6132,42.8013],[-111.6279,42.8049],[-111.6265,42.8069],[-111.6325,42.8133],[-111.6349,42.8219],[-111.6335,42.8261],[-111.6395,42.8315],[-111.6402,42.8378],[-111.634,42.8432],[-111.632,42.8481],[-111.6462,42.8519]]]}},{"type":"Feature","properties":{"huc8":"16010203","name":"Little Bear-Logan"},"geometry":{"type":"Polygon","coordinates":[[[-111.5795,42.0926],[-111.5808,42.0947],[-111.5866,42.0925],[-111.5939,42.0934],[-111.5893,42.0829],[-111.5919,42.0725],[-111.5867,42.0525],[-111.5887,42.0506],[-111.589,42.0383],[-111.6121,42.0333],[-111.6464,42.0342],[-111.6536,42.0235],[-111.6608,42.0182],[-111.6639,42.0041],[-111.6614,42.0002],[-111.6611,41.9871],[-111.6575,41.9816],[-111.6616,41.9758],[-111.6579,41.9688],[-111.6594,41.9663],[-111.6565,41.963],[-111.6555,41.9537],[-111.6571,41.9474],[-111.6627,41.945],[-111.6728,41.9289],[-111.676,41.9175],[-111.6737,41.914],[-111.6754,41.9108],[-111.6687,41.8957],[-111.6829,41.8784],[-111.6874,41.8614],[-111.6866,41.8555],[-111.6921,41.8524],[-111.6923,41.8476],[-111.6957,41.8435],[-111.6848,41.8382],[-111.685,41.8297],[-111.6812,41.825],[-111.6851,41.8181],[-111.6858,41.8042],[-111.6937,41.7932],[-111.7077,41.7879],[-111.7137,41.7772],[-111.7281,41.764],[-111.7434,41.765],[-111.7603,41.7599],[-111.7662,41.7622],[-111.7726,41.7687],[-111.7999,41.7702],[-111.8481,41.7781],[-111.8523,41.7851],[-111.8723,41.7902],[-111.8853,41.7895],[-111.8919,41.7854],[-111.9231,41.7849],[-111.9291,41.7879],[-111.9306,41.7945],[-111.9334,41.7952],[-111.9439,41.7941],[-111.9454,41.7871],[-111.9682,41.7863],[-111.986,41.7795],[-112.02,41.78],[-112.0265,41.7761],[-112.0266,41.7722],[-112.0327,41.7683],[-112.0336,41.7644],[-112.0314,41.7594],[-112.0335,41.7506],[-112.044,41.7351],[-112.0455,41.7187],[-112.0427,41.7106],[-112.0504,41.706],[-112.0518,41.6998],[-112.045,41.6869],[-112.0309,41.6818],[-112.0275,41.6718],[-112.016,41.6587],[-112.0127,41.648],[-112.0155,41.6415],[-112.0131,41.6357],[-112.0046,41.6296],[-112.0077,41.6234],[-112.0063,41.6147],[-112.0033,41.6122],[-112.0078,41.6001],[-111.999,41.5718],[-111.9941,41.5661],[-111.9967,41.5578],[-111.9928,41.5549],[-111.9919,41.5499],[-111.9819,41.534],[-111.9777,41.5356],[-111.977,41.54],[-111.9731,41.5436],[-111.9625,41.5435],[-111.9553,41.5498],[-111.9466,41.553],[-111.9371,41.551],[-111.9336,41.5416],[-111.9274,41.5371],[-111.9165,41.5384],[-111.9122,41.5187],[-111.9058,41.5148],[-111.9094,41.508],[-111.9055,41.4971],[-111.8844,41.4962],[-111.8804,41.4912],[-111.8759,41.4901],[-111.8733,41.4854],[-111.8777,41.4827],[-111.8763,41.4795],[-111.8792,41.4682],[-111.8748,41.4625],[-111.881,41.4505],[-111.8803,41.4426],[-111.8842,41.4263],[-111.8723,41.4214],[-111.8801,41.4145],[-111.8758,41.4099],[-111.8751,41.4049],[-111.8692,41.3993],[-111.8627,41.3995],[-111.8614,41.3967],[-111.8549,41.3943],[-111.8467,41.3941],[-111.8368,41.3883],[-111.8297,41.3894],[-111.8277,41.3926],[-111.8201,41.3918],[-111.8134,41.388],[-111.7978,41.3923],[-111.7931,41.3914],[-111.7891,41.3846],[-111.7715,41.3758],[-111.7679,41.3711],[-111.7608,41.3688],[-111.7462,41.3699],[-111.7372,41.3744],[-111.7257,41.3763],[-111.7266,41.3853],[-111.7165,41.3945],[-111.7114,41.3956],[-111.7118,41.3995],[-111.7065,41.405],[-111.7062,41.4113],[-111.718,41.4159],[-111.7229,41.423],[-111.7216,41.4271],[-111.7118,41.4232],[-111.7076,41.4253],[-111.6987,41.4184],[-111.6859,41.4217],[-111.6791,41.4276],[-111.6666,41.4287],[-111.6522,41.4105],[-111.6525,41.408],[-111.6475,41.4055],[-111.6441,41.406],[-111.6403,41.4143],[-111.6314,41.418],[-111.6265,41.4176],[-111.6187,41.4223],[-111.6126,41.4218],[-111.6092,41.4189],[-111.5992,41.4215],[-111.5843,41.4183],[-111.5738,41.428],[-111.5645,41.4232],[-111.5543,41.4238],[-111.5515,41.4139],[-111.542,41.4077],[-111.5319,41.4146],[-111.5214,41.416],[-111.5175,41.4218],[-111.5108,41.4232],[-111.5107,41.4279],[-111.5069,41.4294],[-111.5047,41.4358],[-111.5006,41.4378],[-111.506,41.4439],[-111.5029,41.4488],[-111.5051,41.4519],[-111.5031,41.4539],[-111.5036,41.4594],[-111.5007,41.4644],[-111.4898,41.4662],[-111.4904,41.4728],[-111.4815,41.4767],[-111.48,41.4839],[-111.4756,41.4885],[-111.475,41.4948],[-111.4781,41.4974],[-111.4748,41.5002],[-111.4783,41.5037],[-111.4668,41.5095],[-111.4648,41.5148],[-111.4565,41.5208],[-111.456,41.5268],[-111.4591,41.5291],[-111.4587,41.532],[-111.4531,41.5299],[-111.443,41.5313],[-111.4418,41.5353],[-111.445,41.5447],[-111.4421,41.549],[-111.4331,41.5537],[-111.4294,41.567],[-111.4306,41.5758],[-111.4276,41.5787],[-111.4269,41.5856],[-111.4292,41.5901],[-111.4272,41.5927],[-111.4266,41.6106],[-111.4298,41.6184],[-111.4227,41.6241],[-111.4174,41.6225],[-111.4107,41.6273],[-111.4166,41.6392],[-111.4089,41.6447],[-111.4083,41.6493],[-111.4018,41.6539],[-111.4021,41.659],[-111.4067,41.6629],[-111.4068,41.6666],[-111.4141,41.6667],[-111.4153,41.6763],[-111.4212,41.6742],[-111.4267,41.6778],[-111.424,41.6919],[-111.4287,41.696],[-111.4202,41.697],[-111.4213,41.7053],[-111.4178,41.7094],[-111.4175,41.7203],[-111.42,41.7246],[-111.4287,41.7267],[-111.4419,41.7357],[-111.4407,41.7412],[-111.4451,41.7448],[-111.4419,41.7479],[-111.4412,41.7555],[-111.4455,41.7604],[-111.4433,41.7711],[-111.4496,41.7721],[-111.4547,41.7797],[-111.4544,41.7882],[-111.4509,41.7926],[-111.4535,41.8051],[-111.4576,41.8079],[-111.4569,41.8122],[-111.4609,41.8139],[-111.461,41.8181],[-111.468,41.8247],[-111.5078,41.8525],[-111.502,41.8611],[-111.5093,41.8684],[-111.5036,41.868],[-111.4945,41.8737],[-111.4922,41.8838],[-111.4947,41.8867],[-111.503,41.8877],[-111.5002,41.8931],[-111.5005,41.8984],[-111.512,41.9051],[-111.5118,41.908],[-111.5091,41.9118],[-111.5053,41.9114],[-111.5034,41.9138],[-111.4861,41.9106],[-111.478,41.9131],[-111.4778,41.9189],[-111.4716,41.9285],[-111.4768,41.9358],[-111.4733,41.9473],[-111.4775,41.9533],[-111.4763,41.9585],[-111.4842,41.9656],[-111.4846,41.9756],[-111.4942,41.9797],[-111.4954,41.9831],[-111.5086,41.9926],[-111.5078,42.0071],[-111.5111,42.0168],[-111.5084,42.0223],[-111.5116,42.0338],[-111.508,42.0356],[-111.5078,42.0382],[-111.5141,42.0483],[-111.511,42.0574],[-111.517,42.0622],[-111.5152,42.0683],[-111.5219,42.0744],[-111.5359,42.0771],[-111.54,42.0751],[-111.5491,42.0775],[-111.5576,42.0845],[-111.566,42.0831],[-111.5724,42.085],[-111.5795,42.0926]]]}},{"type":"Feature","properties":{"huc8":"16010202","name":"Middle Bear"},"geometry":{"type":"Polygon","coordinates":[[[-111.7007,42.6536],[-111.708,42.6562],[-111.7137,42.6633],[-111.7198,42.6514],[-111.716,42.6502],[-111.7164,42.648],[-111.7225,42.6432],[-111.7267,42.6452],[-111.7406,42.6403],[-111.7461,42.6358],[-111.7457,42.6338],[-111.7514,42.6312],[-111.7641,42.6299],[-111.7725,42.6263],[-111.7823,42.6164],[-111.7923,42.6176],[-111.8176,42.6142],[-111.8231,42.6052],[-111.8328,42.6003],[-111.8461,42.5989],[-111.8621,42.5894],[-111.8637,42.583],[-111.8791,42.5766],[-111.8902,42.5764],[-111.8945,42.5796],[-111.8976,42.5788],[-111.8997,42.5696],[-111.897,42.5645],[-111.898,42.5605],[-111.8948,42.5564],[-111.8961,42.5505],[-111.8999,42.5469],[-111.8992,42.5438],[-111.9076,42.5443],[-111.9165,42.5495],[-111.9259,42.5489],[-111.9244,42.5449],[-111.9379,42.544],[-111.9384,42.5341],[-111.9305,42.5223],[-111.9419,42.5192],[-111.9515,42.521],[-111.956,42.5158],[-111.954,42.5108],[-111.9571,42.5071],[-111.9543,42.4914],[-111.9643,42.4839],[-111.9708,42.4839],[-111.9799,42.4761],[-111.9746,42.4721],[-111.9698,42.4581],[-111.9743,42.455],[-111.9753,42.4511],[-111.9607,42.4444],[-111.9545,42.4355],[-111.9597,42.428],[-111.9582,42.4245],[-111.9618,42.4143],[-111.9718,42.4071],[-111.97,42.4047],[-111.9711,42.3998],[-111.9756,42.3983],[-111.9762,42.3903],[-111.9795,42.3875],[-111.9795,42.3843],[-111.9835,42.3819],[-111.9875,42.3731],[-112.004,42.3812],[-112.0125,42.3736],[-112.0135,42.3694],[-112.0212,42.3664],[-112.0282,42.3695],[-112.0398,42.3617],[-112.0435,42.3556],[-112.0634,42.3553],[-112.073,42.3517],[-112.0744,42.3442],[-112.0803,42.3408],[-112.0764,42.332],[-112.0862,42.3248],[-112.0832,42.3167],[-112.0877,42.3118],[-112.0808,42.3055],[-112.0809,42.302],[-112.097,42.2913],[-112.1022,42.2832],[-112.0955,42.2738],[-112.0979,42.2695],[-112.0967,42.264],[-112.094,42.263],[-112.084,42.2465],[-112.0759,42.242],[-112.0747,42.2361],[-112.0703,42.2324],[-112.0619,42.2137],[-112.0608,42.2088],[-112.0703,42.2025],[-112.073,42.1971],[-112.0688,42.1949],[-112.0692,42.1888],[-112.076,42.1849],[-112.0802,42.1785],[-112.0859,42.1807],[-112.0948,42.1793],[-112.1053,42.181],[-112.1131,42.1741],[-112.1203,42.1625],[-112.1284,42.1642],[-112.1347,42.1613],[-112.1364,42.1641],[-112.1465,42.1678],[-112.1511,42.1666],[-112.1579,42.1694],[-112.1639,42.1668],[-112.161,42.1575],[-112.1617,42.1507],[-112.1683,42.1478],[-112.162,42.1419],[-112.1652,42.1375],[-112.1622,42.1259],[-112.1683,42.121],[-112.1654,42.1072],[-112.162,42.1034],[-112.1657,42.0954],[-112.1588,42.0917],[-112.1599,42.0884],[-112.1532,42.0825],[-112.1566,42.0778],[-112.1623,42.0778],[-112.1605,42.0745],[-112.163,42.0717],[-112.156,42.0602],[-112.1523,42.0589],[-112.1519,42.0298],[-112.1488,42.0217],[-112.1448,42.0199],[-112.1435,42.0161],[-112.1523,42.0034],[-112.1661,41.996],[-112.1579,41.9914],[-112.1544,41.9861],[-112.1509,41.9704],[-112.1453,41.9679],[-112.1427,41.9638],[-112.1376,41.9638],[-112.1343,41.9591],[-112.125,41.9428],[-112.1228,41.9298],[-112.1182,41.9231],[-112.1047,41.9106],[-112.0856,41.9033],[-112.0642,41.876],[-112.0639,41.868],[-112.0586,41.8685],[-112.0524,41.8656],[-112.0459,41.8432],[-112.0495,41.8378],[-112.0479,41.8344],[-112.0408,41.8334],[-112.0348,41.8239],[-112.0286,41.8204],[-112.0311,41.8157],[-112.0297,41.808],[-112.0177,41.8042],[-112.0087,41.795],[-112.014,41.7808],[-111.986,41.7795],[-111.9682,41.7863],[-111.9454,41.7871],[-111.9439,41.7941],[-111.9325,41.7952],[-111.9291,41.7879],[-111.9231,41.7849],[-111.8919,41.7854],[-111.8853,41.7895],[-111.8723,41.7902],[-111.8523,41.7851],[-111.8481,41.7781],[-111.7999,41.7702],[-111.7726,41.7687],[-111.7662,41.7622],[-111.7603,41.7599],[-111.7434,41.765],[-111.7282,41.7639],[-111.7137,41.7772],[-111.7077,41.7879],[-111.6937,41.7932],[-111.6858,41.8042],[-111.6851,41.8181],[-111.6812,41.825],[-111.685,41.8297],[-111.6848,41.8382],[-111.6957,41.8435],[-111.6923,41.8476],[-111.6921,41.8524],[-111.6866,41.8555],[-111.6874,41.8614],[-111.6829,41.8784],[-111.6687,41.8957],[-111.6754,41.9108],[-111.6737,41.914],[-111.676,41.9175],[-111.6728,41.9289],[-111.6627,41.945],[-111.6571,41.9474],[-111.6555,41.9537],[-111.6565,41.963],[-111.6594,41.9663],[-111.6579,41.9688],[-111.6616,41.9758],[-111.6575,41.9816],[-111.6611,41.9871],[-111.6614,42.0002],[-111.6639,42.0041],[-111.6608,42.0182],[-111.6536,42.0235],[-111.6464,42.0342],[-111.6121,42.0333],[-111.5889,42.0384],[-111.5887,42.0506],[-111.5867,42.0525],[-111.5919,42.0725],[-111.5893,42.0829],[-111.5939,42.0934],[-111.5989,42.0985],[-111.6008,42.1062],[-111.5935,42.1138],[-111.5944,42.1167],[-111.5904,42.124],[-111.5921,42.1316],[-111.5871,42.1419],[-111.6107,42.1566],[-111.6158,42.1843],[-111.6257,42.1908],[-111.6262,42.2086],[-111.6137,42.2276],[-111.6142,42.2464],[-111.6097,42.2503],[-111.5971,42.2491],[-111.5964,42.2564],[-111.5913,42.2628],[-111.5623,42.2765],[-111.5784,42.2804],[-111.5802,42.2851],[-111.5865,42.288],[-111.5874,42.2932],[-111.5833,42.2947],[-111.5866,42.3067],[-111.5821,42.3102],[-111.5901,42.3224],[-111.5885,42.3256],[-111.5808,42.327],[-111.5731,42.3327],[-111.5674,42.3323],[-111.5727,42.3373],[-111.5521,42.3518],[-111.558,42.3563],[-111.5593,42.364],[-111.5656,42.3678],[-111.5747,42.3676],[-111.5786,42.3751],[-111.582,42.3758],[-111.5797,42.3825],[-111.583,42.3865],[-111.5844,42.3941],[-111.5995,42.3915],[-111.5988,42.4011],[-111.6039,42.4116],[-111.5994,42.4128],[-111.5955,42.4245],[-111.5864,42.4253],[-111.58,42.4293],[-111.5841,42.4348],[-111.5828,42.4464],[-111.594,42.4635],[-111.5989,42.4775],[-111.5981,42.4819],[-111.6053,42.4867],[-111.6031,42.4907],[-111.6067,42.4936],[-111.6067,42.501],[-111.6102,42.5098],[-111.6246,42.5228],[-111.6261,42.5355],[-111.632,42.5466],[-111.6297,42.5538],[-111.6344,42.5611],[-111.6329,42.5651],[-111.6345,42.5692],[-111.6509,42.584],[-111.6557,42.5984],[-111.6644,42.6076],[-111.6663,42.6183],[-111.6722,42.6231],[-111.687,42.6278],[-111.6885,42.6323],[-111.697,42.6351],[-111.7004,42.6403],[-111.6958,42.6461],[-111.7013,42.6484],[-111.7019,42.6508],[-111.6989,42.6531],[-111.7007,42.6536]]]}},{"type":"Feature","properties":{"huc8":"17040210","name":"Raft"},"geometry":{"type":"Polygon","coordinates":[[[-113.2241,42.6185],[-113.2387,42.618],[-113.2512,42.6133],[-113.2504,42.6098],[-113.2584,42.6071],[-113.2576,42.6022],[-113.2479,42.5903],[-113.2451,42.5898],[-113.2442,42.5846],[-113.2401,42.5824],[-113.2429,42.5767],[-113.2419,42.5736],[-113.2553,42.5703],[-113.2529,42.569],[-113.2525,42.564],[-113.2616,42.5588],[-113.2638,42.5533],[-113.2771,42.5458],[-113.2759,42.5419],[-113.2796,42.5398],[-113.2994,42.5392],[-113.3136,42.5362],[-113.3196,42.5394],[-113.3252,42.5468],[-113.3361,42.5453],[-113.3375,42.5487],[-113.3506,42.5572],[-113.354,42.5568],[-113.3575,42.5521],[-113.3633,42.5527],[-113.3702,42.5431],[-113.397,42.5372],[-113.4009,42.5407],[-113.4064,42.5406],[-113.4103,42.5339],[-113.4213,42.5328],[-113.4263,42.5211],[-113.4356,42.5105],[-113.4379,42.5026],[-113.4568,42.5004],[-113.4656,42.4944],[-113.4603,42.4821],[-113.4688,42.469],[-113.4742,42.4493],[-113.4744,42.4428],[-113.4722,42.4403],[-113.4752,42.4331],[-113.471,42.4285],[-113.4657,42.3987],[-113.468,42.3965],[-113.4693,42.3864],[-113.4671,42.3793],[-113.4704,42.3751],[-113.472,42.3636],[-113.4701,42.3633],[-113.4705,42.3528],[-113.4556,42.3466],[-113.4658,42.3339],[-113.4764,42.3315],[-113.4815,42.3276],[-113.4975,42.3318],[-113.5095,42.3297],[-113.5637,42.3139],[-113.5787,42.3124],[-113.5933,42.3194],[-113.6016,42.3161],[-113.608,42.3064],[-113.614,42.3054],[-113.6235,42.3137],[-113.6234,42.3188],[-113.6349,42.3221],[-113.6585,42.3093],[-113.6646,42.3155],[-113.673,42.314],[-113.6817,42.3059],[-113.6837,42.2998],[-113.6953,42.2861],[-113.706,42.282],[-113.7093,42.2744],[-113.7157,42.2698],[-113.7173,42.2653],[-113.7152,42.2587],[-113.7088,42.2534],[-113.7038,42.2389],[-113.7175,42.2296],[-113.7153,42.2239],[-113.7099,42.2211],[-113.7075,42.2133],[-113.702,42.21],[-113.6924,42.2141],[-113.6909,42.2075],[-113.6769,42.1996],[-113.6736,42.1915],[-113.6664,42.1873],[-113.6778,42.1837],[-113.692,42.1879],[-113.7068,42.1816],[-113.7101,42.1769],[-113.7191,42.1799],[-113.7302,42.1791],[-113.7324,42.1649],[-113.7409,42.1498],[-113.7403,42.1459],[-113.7352,42.1414],[-113.7231,42.1355],[-113.7202,42.1271],[-113.7331,42.119],[-113.731,42.1153],[-113.7318,42.1095],[-113.7284,42.1083],[-113.7239,42.0985],[-113.729,42.0876],[-113.7403,42.0788],[-113.7578,42.083],[-113.7871,42.0773],[-113.8005,42.0798],[-113.8067,42.0784],[-113.8163,42.0857],[-113.8259,42.0759],[-113.8288,42.0776],[-113.8328,42.0756],[-113.8321,42.0695],[-113.8395,42.0631],[-113.8545,42.0552],[-113.8481,42.0496],[-113.8465,42.0445],[-113.8407,42.0418],[-113.8426,42.0338],[-113.8393,42.0303],[-113.8396,42.025],[-113.8437,42.0219],[-113.8415,42.0134],[-113.844,42.0064],[-113.8535,42.0042],[-113.8566,41.9995],[-113.8629,41.9978],[-113.8578,41.9929],[-113.8551,41.9841],[-113.8463,41.9804],[-113.8382,41.9702],[-113.832,41.967],[-113.8303,41.9592],[-113.8247,41.9561],[-113.8192,41.9482],[-113.8247,41.9413],[-113.8341,41.9383],[-113.8447,41.9415],[-113.8523,41.9332],[-113.8599,41.9322],[-113.8634,41.9267],[-113.8691,41.9235],[-113.8727,41.916],[-113.8721,41.9087],[-113.8636,41.9062],[-113.8621,41.9037],[-113.8659,41.8916],[-113.8624,41.888],[-113.8618,41.8828],[-113.8493,41.8782],[-113.8427,41.8684],[-113.8317,41.8692],[-113.8269,41.866],[-113.8214,41.8658],[-113.8044,41.855],[-113.7953,41.854],[-113.7936,41.8516],[-113.7801,41.8562],[-113.7745,41.8381],[-113.768,41.8302],[-113.772,41.8236],[-113.7623,41.8154],[-113.7518,41.7893],[-113.737,41.7796],[-113.7378,41.7747],[-113.732,41.7715],[-113.7323,41.7666],[-113.7277,41.7637],[-113.7268,41.7579],[-113.7193,41.7562],[-113.7095,41.7498],[-113.6993,41.7644],[-113.691,41.7705],[-113.6764,41.7726],[-113.6765,41.78],[-113.673,41.7888],[-113.683,41.7964],[-113.6687,41.805],[-113.6682,41.8109],[-113.6752,41.8199],[-113.6712,41.8286],[-113.6748,41.8358],[-113.6715,41.8382],[-113.6686,41.8475],[-113.6712,41.8513],[-113.6682,41.8556],[-113.6573,41.8579],[-113.6551,41.856],[-113.6502,41.8603],[-113.6399,41.8611],[-113.6401,41.8681],[-113.6356,41.8725],[-113.6275,41.8734],[-113.6203,41.8713],[-113.5937,41.8744],[-113.5806,41.869],[-113.5699,41.868],[-113.5618,41.8614],[-113.5522,41.8621],[-113.5391,41.8641],[-113.5294,41.869],[-113.5247,41.8681],[-113.5142,41.8736],[-113.4865,41.8792],[-113.4828,41.8848],[-113.4799,41.8842],[-113.4792,41.8891],[-113.4733,41.8922],[-113.4467,41.8954],[-113.4388,41.9001],[-113.427,41.8999],[-113.4233,41.9031],[-113.4109,41.906],[-113.4045,41.9071],[-113.3918,41.9035],[-113.3763,41.9131],[-113.3706,41.9093],[-113.3659,41.91],[-113.3647,41.9032],[-113.3611,41.9015],[-113.3541,41.9032],[-113.3449,41.9014],[-113.3388,41.9051],[-113.3018,41.9115],[-113.2613,41.9232],[-113.2594,41.931],[-113.2531,41.9316],[-113.2399,41.9384],[-113.2368,41.9446],[-113.2374,41.9532],[-113.2272,41.9551],[-113.225,41.9605],[-113.2169,41.9599],[-113.211,41.9682],[-113.203,41.9711],[-113.1889,41.9901],[-113.1699,42.0075],[-113.1669,42.014],[-113.1508,42.02],[-113.1491,42.0258],[-113.1389,42.0298],[-113.1401,42.0439],[-113.1377,42.0459],[-113.1434,42.0716],[-113.1407,42.0738],[-113.1319,42.074],[-113.1269,42.0781],[-113.1154,42.0776],[-113.1076,42.0884],[-113.1065,42.1041],[-113.103,42.1086],[-113.105,42.1117],[-113.1193,42.1157],[-113.1255,42.1323],[-113.1257,42.1394],[-113.1218,42.1447],[-113.1247,42.1533],[-113.1113,42.1538],[-113.0981,42.159],[-113.0813,42.1783],[-113.0437,42.1939],[-113.0459,42.1981],[-113.0451,42.2035],[-113.0408,42.205],[-113.0313,42.2146],[-113.0221,42.2163],[-113.0205,42.22],[-113.0162,42.2217],[-113.0035,42.2235],[-112.9895,42.2186],[-112.9867,42.2207],[-112.9794,42.2151],[-112.9698,42.2172],[-112.969,42.2208],[-112.9654,42.2224],[-112.9497,42.2198],[-112.9396,42.2272],[-112.9293,42.2283],[-112.9165,42.2344],[-112.9186,42.2388],[-112.9166,42.2531],[-112.9213,42.258],[-112.9231,42.2661],[-112.9269,42.2683],[-112.9224,42.279],[-112.9156,42.28],[-112.9123,42.2843],[-112.9132,42.2882],[-112.9278,42.2993],[-112.9291,42.3081],[-112.9232,42.309],[-112.9209,42.3133],[-112.9247,42.32],[-112.9322,42.3216],[-112.9338,42.3269],[-112.9251,42.3294],[-112.9338,42.3436],[-112.9287,42.3485],[-112.9272,42.3583],[-112.9306,42.3701],[-112.9368,42.3685],[-112.9443,42.3716],[-112.9431,42.3754],[-112.9449,42.3776],[-112.9394,42.3818],[-112.9439,42.3834],[-112.9463,42.3889],[-112.9467,42.3994],[-112.95,42.4079],[-112.9754,42.4018],[-112.9759,42.4059],[-112.9724,42.4114],[-112.9762,42.415],[-112.9752,42.4211],[-112.9718,42.425],[-112.9789,42.4313],[-112.9816,42.4425],[-112.9917,42.4423],[-113.0044,42.4355],[-113.0107,42.4364],[-113.0107,42.4409],[-113.0142,42.4428],[-113.0152,42.4527],[-113.0205,42.4564],[-113.0188,42.4674],[-113.0219,42.4759],[-113.0268,42.48],[-113.025,42.4837],[-113.0294,42.4898],[-113.0294,42.4937],[-113.033,42.4963],[-113.0333,42.4999],[-113.037,42.5015],[-113.0395,42.52],[-113.0457,42.5264],[-113.045,42.5321],[-113.0486,42.5381],[-113.0616,42.5431],[-113.0625,42.5506],[-113.0899,42.5423],[-113.1003,42.5452],[-113.1035,42.5476],[-113.1031,42.5502],[-113.1109,42.5531],[-113.1363,42.5561],[-113.1398,42.5585],[-113.1424,42.5664],[-113.1528,42.5721],[-113.153,42.5773],[-113.1638,42.5818],[-113.1599,42.5919],[-113.1611,42.5951],[-113.1722,42.5981],[-113.1877,42.5934],[-113.1942,42.5971],[-113.1929,42.6002],[-113.1997,42.6],[-113.2104,42.6057],[-113.2149,42.6148],[-113.2241,42.6185]]]}},{"type":"Feature","properties":{"huc8":"16020304","name":"Rush-Tooele Valleys"},"geometry":{"type":"Polygon","coordinates":[[[-112.5026,40.915],[-112.5016,40.9228],[-112.5068,40.925],[-112.5083,40.931],[-112.511,40.9328],[-112.5188,40.9199],[-112.5281,40.9149],[-112.5341,40.9055],[-112.5469,40.8985],[-112.5415,40.8968],[-112.5468,40.8894],[-112.5508,40.8698],[-112.5536,40.8666],[-112.5507,40.8301],[-112.5601,40.8154],[-112.5642,40.8108],[-112.5651,40.8131],[-112.5668,40.8116],[-112.566,40.8076],[-112.5752,40.8019],[-112.5773,40.7882],[-112.5735,40.7843],[-112.5768,40.7824],[-112.6365,40.7821],[-112.6508,40.7732],[-112.6562,40.7583],[-112.6625,40.7535],[-112.652,40.7393],[-112.6392,40.7373],[-112.6388,40.7319],[-112.6316,40.7275],[-112.6337,40.719],[-112.6303,40.7146],[-112.6298,40.6928],[-112.628,40.6899],[-112.6311,40.6777],[-112.6258,40.6587],[-112.6163,40.6524],[-112.6157,40.6489],[-112.6093,40.644],[-112.6025,40.6441],[-112.5998,40.6412],[-112.6045,40.6339],[-112.6055,40.6191],[-112.6129,40.6102],[-112.6163,40.5981],[-112.6225,40.5891],[-112.6198,40.5828],[-112.6105,40.5817],[-112.6121,40.5739],[-112.6215,40.5656],[-112.619,40.5547],[-112.6232,40.5515],[-112.623,40.5387],[-112.6281,40.5282],[-112.6256,40.5164],[-112.6317,40.4998],[-112.6289,40.4957],[-112.6317,40.4879],[-112.6275,40.4713],[-112.6292,40.4654],[-112.6223,40.4567],[-112.6093,40.459],[-112.6058,40.452],[-112.6069,40.4467],[-112.6022,40.436],[-112.6048,40.4161],[-112.6026,40.4128],[-112.6025,40.4033],[-112.5909,40.3932],[-112.5872,40.3726],[-112.5839,40.3657],[-112.5755,40.3572],[-112.5711,40.347],[-112.5734,40.3437],[-112.5708,40.3387],[-112.5817,40.3318],[-112.5821,40.3249],[-112.5788,40.3189],[-112.5811,40.3144],[-112.5706,40.3046],[-112.5697,40.2947],[-112.552,40.2646],[-112.5506,40.2528],[-112.5439,40.2485],[-112.551,40.2452],[-112.5523,40.2383],[-112.559,40.2356],[-112.5646,40.2292],[-112.5687,40.2286],[-112.5528,40.1987],[-112.5536,40.1944],[-112.5432,40.1807],[-112.5422,40.1748],[-112.5535,40.1654],[-112.5566,40.1566],[-112.5602,40.1538],[-112.561,40.1451],[-112.5633,40.1426],[-112.5636,40.1261],[-112.5607,40.1214],[-112.5709,40.109],[-112.5656,40.0983],[-112.5707,40.0941],[-112.5681,40.0836],[-112.5703,40.0756],[-112.5686,40.0739],[-112.5728,40.0668],[-112.5809,40.066],[-112.5844,40.0556],[-112.5778,40.0526],[-112.5789,40.0478],[-112.5747,40.0407],[-112.5661,40.0344],[-112.5674,40.0295],[-112.5612,40.0214],[-112.5527,40.0157],[-112.5407,39.9848],[-112.5329,39.9824],[-112.5282,39.9741],[-112.5166,39.9721],[-112.4983,39.96],[-112.4889,39.9611],[-112.4798,39.9586],[-112.4811,39.9527],[-112.4586,39.9423],[-112.4567,39.938],[-112.4455,39.9377],[-112.4403,39.9346],[-112.4417,39.9306],[-112.4378,39.9251],[-112.4236,39.9299],[-112.4138,39.9261],[-112.4219,39.9198],[-112.4207,39.916],[-112.408,39.9057],[-112.4123,39.9029],[-112.4118,39.8959],[-112.4084,39.8954],[-112.4098,39.8915],[-112.3958,39.8889],[-112.3934,39.8857],[-112.3939,39.8808],[-112.3832,39.884],[-112.3792,39.8901],[-112.3733,39.8869],[-112.3624,39.8873],[-112.3584,39.8805],[-112.3504,39.8891],[-112.3442,39.8902],[-112.3464,39.8957],[-112.3417,39.9035],[-112.3432,39.9105],[-112.3353,39.9235],[-112.3398,39.9434],[-112.3345,39.9459],[-112.3325,39.9526],[-112.3236,39.9446],[-112.3106,39.9479],[-112.3093,39.9448],[-112.3065,39.9454],[-112.305,39.939],[-112.3019,39.9367],[-112.2857,39.9421],[-112.2699,39.9392],[-112.2609,39.9432],[-112.2542,39.9505],[-112.2489,39.9507],[-112.245,39.957],[-112.2366,39.9604],[-112.2354,39.9704],[-112.225,39.982],[-112.225,39.988],[-112.202,39.9998],[-112.2001,40.004],[-112.1869,40.0059],[-112.1798,40.0115],[-112.1769,40.0194],[-112.1774,40.03],[-112.1741,40.0327],[-112.1749,40.0354],[-112.172,40.0396],[-112.1837,40.0599],[-112.1802,40.0673],[-112.1733,40.0662],[-112.1721,40.0685],[-112.176,40.0776],[-112.1728,40.0843],[-112.1579,40.0891],[-112.1585,40.1005],[-112.1542,40.1081],[-112.1561,40.1132],[-112.1608,40.1143],[-112.1641,40.1186],[-112.1637,40.1233],[-112.1762,40.131],[-112.1678,40.1468],[-112.1763,40.1558],[-112.1588,40.1632],[-112.1555,40.1704],[-112.1448,40.1719],[-112.1468,40.1783],[-112.1527,40.179],[-112.1533,40.1815],[-112.1504,40.1877],[-112.1469,40.1894],[-112.1489,40.191],[-112.1486,40.1956],[-112.1519,40.1941],[-112.1541,40.1972],[-112.1605,40.1989],[-112.1573,40.2031],[-112.1585,40.2067],[-112.1496,40.2121],[-112.1549,40.2152],[-112.1539,40.2182],[-112.1673,40.2184],[-112.1709,40.2258],[-112.1767,40.2277],[-112.1825,40.2382],[-112.1843,40.2581],[-112.1921,40.2645],[-112.1929,40.269],[-112.1891,40.2735],[-112.1885,40.2855],[-112.1866,40.2869],[-112.1897,40.3003],[-112.1922,40.3042],[-112.1987,40.3072],[-112.1979,40.3158],[-112.1935,40.319],[-112.1963,40.3262],[-112.1756,40.3358],[-112.1947,40.3614],[-112.1937,40.368],[-112.1888,40.3725],[-112.1994,40.3828],[-112.2017,40.3878],[-112.1995,40.3907],[-112.198,40.4148],[-112.1948,40.421],[-112.2051,40.4311],[-112.2094,40.4321],[-112.2142,40.452],[-112.2122,40.4592],[-112.1956,40.4623],[-112.1904,40.4684],[-112.1739,40.4669],[-112.1719,40.4691],[-112.1813,40.4926],[-112.1805,40.4976],[-112.1759,40.5],[-112.1805,40.5028],[-112.1876,40.5137],[-112.1788,40.5218],[-112.1792,40.5315],[-112.1829,40.5391],[-112.1793,40.5463],[-112.1782,40.5561],[-112.1829,40.5623],[-112.1835,40.5734],[-112.1805,40.5773],[-112.1814,40.5805],[-112.175,40.5852],[-112.1776,40.5961],[-112.1753,40.6039],[-112.1787,40.6056],[-112.182,40.6122],[-112.1888,40.6144],[-112.1977,40.6252],[-112.1939,40.6355],[-112.1979,40.6484],[-112.2029,40.6541],[-112.2013,40.6639],[-112.2015,40.6724],[-112.2043,40.6779],[-112.2031,40.6818],[-112.2216,40.6961],[-112.2216,40.7045],[-112.2258,40.7113],[-112.2234,40.717],[-112.2278,40.7256],[-112.2274,40.7238],[-112.258,40.7057],[-112.3587,40.6702],[-112.3621,40.666],[-112.3872,40.6724],[-112.3953,40.682],[-112.3964,40.6958],[-112.4033,40.7056],[-112.4082,40.7064],[-112.4095,40.7099],[-112.4039,40.7156],[-112.4005,40.7237],[-112.4067,40.7282],[-112.4068,40.7306],[-112.3822,40.7396],[-112.4117,40.7471],[-112.4155,40.7541],[-112.4354,40.7602],[-112.44,40.7693],[-112.4531,40.7831],[-112.4525,40.7862],[-112.4474,40.7884],[-112.4485,40.7902],[-112.4577,40.7869],[-112.4676,40.7966],[-112.4722,40.8083],[-112.4703,40.814],[-112.4627,40.8219],[-112.4719,40.8285],[-112.4693,40.8362],[-112.4706,40.845],[-112.4793,40.8626],[-112.4793,40.8772],[-112.4882,40.8826],[-112.4899,40.8872],[-112.4948,40.8901],[-112.4954,40.9002],[-112.501,40.907],[-112.5026,40.915]]]}},{"type":"Feature","properties":{"huc8":"16020305","name":"Skull Valley"},"geometry":{"type":"Polygon","coordinates":[[[-112.8203,40.8751],[-112.8205,40.8809],[-112.8242,40.884],[-112.8334,40.8763],[-112.8524,40.8726],[-112.8758,40.8591],[-112.9011,40.8568],[-112.9004,40.852],[-112.8932,40.8452],[-112.8974,40.8336],[-112.9037,40.8302],[-112.9059,40.8258],[-112.8999,40.8088],[-112.8908,40.804],[-112.8894,40.7999],[-112.898,40.7975],[-112.8988,40.7928],[-112.905,40.7917],[-112.9069,40.7846],[-112.9017,40.7763],[-112.9059,40.7704],[-112.9021,40.7657],[-112.9042,40.7579],[-112.8966,40.7539],[-112.8941,40.7469],[-112.8975,40.7454],[-112.8989,40.7411],[-112.897,40.736],[-112.908,40.7275],[-112.9101,40.7169],[-112.9195,40.711],[-112.9282,40.7102],[-112.9386,40.6998],[-112.9431,40.701],[-112.941,40.6974],[-112.9442,40.6958],[-112.9423,40.6923],[-112.946,40.6904],[-112.9481,40.6779],[-112.9426,40.6685],[-112.9439,40.6619],[-112.9417,40.6587],[-112.9463,40.6525],[-112.944,40.6422],[-112.9505,40.6337],[-112.9522,40.6264],[-112.9515,40.6185],[-112.9546,40.6136],[-112.9532,40.6067],[-112.9587,40.6035],[-112.957,40.5998],[-112.9608,40.5962],[-112.962,40.5866],[-112.965,40.5826],[-112.9655,40.5776],[-112.9615,40.5726],[-112.9634,40.5693],[-112.9617,40.5575],[-112.9676,40.5486],[-112.9692,40.5308],[-112.9733,40.5259],[-112.9775,40.5258],[-112.9779,40.5167],[-112.9842,40.5097],[-112.983,40.5027],[-112.9866,40.4951],[-112.978,40.4865],[-112.9795,40.4725],[-112.9819,40.4722],[-112.9804,40.469],[-112.983,40.4647],[-112.9874,40.4634],[-112.9858,40.4547],[-112.9962,40.449],[-113.0019,40.4428],[-112.9993,40.4363],[-113.0028,40.4339],[-113.0034,40.43],[-113.007,40.4294],[-113.0038,40.4272],[-113.0135,40.4186],[-113.014,40.4109],[-113.018,40.4077],[-113.0182,40.4033],[-113.0144,40.4004],[-113.0154,40.3953],[-113.0089,40.3888],[-113.0104,40.3844],[-113.014,40.3833],[-113.0141,40.3772],[-113.007,40.3738],[-113.0039,40.369],[-113.0066,40.3657],[-113.0024,40.3589],[-112.9955,40.3593],[-112.9934,40.3567],[-112.988,40.3561],[-112.9892,40.3527],[-112.986,40.351],[-112.9761,40.3506],[-112.9738,40.345],[-112.9639,40.3435],[-112.9564,40.3367],[-112.9481,40.3348],[-112.9475,40.3309],[-112.9406,40.3234],[-112.9405,40.3184],[-112.9326,40.3177],[-112.9218,40.3097],[-112.9041,40.3096],[-112.8979,40.3075],[-112.8881,40.3002],[-112.8817,40.299],[-112.8805,40.2962],[-112.8727,40.2951],[-112.8744,40.2904],[-112.8719,40.2884],[-112.8714,40.2829],[-112.865,40.2776],[-112.8556,40.2798],[-112.8529,40.2751],[-112.8483,40.2759],[-112.8469,40.2738],[-112.8442,40.276],[-112.8375,40.2757],[-112.8354,40.2729],[-112.8274,40.2715],[-112.8208,40.267],[-112.8129,40.2678],[-112.8121,40.2585],[-112.803,40.2533],[-112.799,40.2565],[-112.796,40.2559],[-112.7771,40.2447],[-112.7735,40.2377],[-112.7757,40.23],[-112.7712,40.2253],[-112.7732,40.2196],[-112.7618,40.2156],[-112.7605,40.1927],[-112.7661,40.1781],[-112.7633,40.1738],[-112.765,40.165],[-112.7513,40.1611],[-112.7487,40.1633],[-112.7408,40.1621],[-112.7398,40.1572],[-112.7358,40.1543],[-112.7291,40.1425],[-112.7299,40.1363],[-112.7257,40.1256],[-112.7124,40.119],[-112.6898,40.1214],[-112.6887,40.1155],[-112.679,40.1089],[-112.6611,40.1116],[-112.6357,40.1029],[-112.6296,40.1067],[-112.6223,40.1043],[-112.6164,40.1063],[-112.6091,40.1033],[-112.6034,40.0957],[-112.6059,40.0931],[-112.6018,40.0898],[-112.6001,40.0795],[-112.5852,40.0674],[-112.5863,40.0569],[-112.5844,40.0556],[-112.5809,40.066],[-112.5728,40.0668],[-112.5686,40.0739],[-112.5703,40.0756],[-112.5681,40.0836],[-112.5707,40.0941],[-112.5656,40.0983],[-112.5709,40.109],[-112.5607,40.1214],[-112.5636,40.1261],[-112.5633,40.1426],[-112.561,40.1451],[-112.5602,40.1538],[-112.5566,40.1566],[-112.5535,40.1654],[-112.5422,40.1748],[-112.5432,40.1807],[-112.5536,40.1944],[-112.5528,40.1987],[-112.5687,40.2286],[-112.5646,40.2292],[-112.559,40.2356],[-112.5523,40.2383],[-112.551,40.2452],[-112.5439,40.2485],[-112.5506,40.2528],[-112.552,40.2646],[-112.5697,40.2947],[-112.5706,40.3046],[-112.5811,40.3144],[-112.5788,40.3189],[-112.5821,40.3249],[-112.5817,40.3318],[-112.5708,40.3387],[-112.5734,40.3437],[-112.5711,40.347],[-112.5755,40.3572],[-112.5839,40.3657],[-112.5872,40.3726],[-112.5909,40.3932],[-112.6025,40.4033],[-112.6026,40.4128],[-112.6048,40.4161],[-112.6022,40.436],[-112.6069,40.4467],[-112.6058,40.452],[-112.6093,40.459],[-112.6223,40.4567],[-112.6292,40.4654],[-112.6275,40.4713],[-112.6317,40.4879],[-112.6289,40.4957],[-112.6317,40.4998],[-112.6256,40.5164],[-112.6281,40.5282],[-112.623,40.5387],[-112.6232,40.5515],[-112.619,40.5547],[-112.6215,40.5656],[-112.6121,40.5739],[-112.6105,40.5817],[-112.6198,40.5828],[-112.6225,40.5891],[-112.6163,40.5981],[-112.6129,40.6102],[-112.6055,40.6191],[-112.6045,40.6339],[-112.5998,40.6412],[-112.6025,40.6441],[-112.6093,40.644],[-112.6157,40.6489],[-112.6163,40.6524],[-112.6258,40.6587],[-112.6311,40.6777],[-112.628,40.6899],[-112.6298,40.6928],[-112.6303,40.7146],[-112.6337,40.719],[-112.6316,40.7275],[-112.6388,40.7319],[-112.6392,40.7373],[-112.652,40.7393],[-112.6625,40.7535],[-112.6562,40.7583],[-112.6521,40.7712],[-112.6441,40.7786],[-112.6346,40.7825],[-112.6075,40.7825],[-112.6339,40.8032],[-112.6415,40.8182],[-112.6375,40.8147],[-112.6376,40.8169],[-112.6349,40.8168],[-112.6279,40.813],[-112.6209,40.8132],[-112.6395,40.8229],[-112.6611,40.8236],[-112.6838,40.8076],[-112.6964,40.8025],[-112.7096,40.8038],[-112.7204,40.8132],[-112.7273,40.8146],[-112.7314,40.8079],[-112.7301,40.8042],[-112.7322,40.8007],[-112.7386,40.7983],[-112.7428,40.8027],[-112.7448,40.8095],[-112.7485,40.8108],[-112.7495,40.8147],[-112.7562,40.8182],[-112.7585,40.8223],[-112.7689,40.8253],[-112.7719,40.8234],[-112.7779,40.8271],[-112.7782,40.836],[-112.7831,40.8373],[-112.7832,40.8409],[-112.7953,40.8429],[-112.8005,40.848],[-112.8084,40.8502],[-112.8132,40.8572],[-112.8121,40.8644],[-112.8212,40.8697],[-112.8203,40.8751]]]}},{"type":"Feature","properties":{"huc8":"16010204","name":"Lower Bear-Malad"},"geometry":{"type":"Polygon","coordinates":[[[-112.4453,42.5499],[-112.4515,42.5564],[-112.457,42.5558],[-112.4648,42.5493],[-112.4595,42.5406],[-112.4685,42.5304],[-112.4836,42.5291],[-112.4824,42.5246],[-112.4848,42.5118],[-112.4815,42.5093],[-112.4792,42.5027],[-112.4828,42.5025],[-112.4879,42.4918],[-112.4818,42.4801],[-112.4932,42.4737],[-112.4927,42.4684],[-112.5033,42.4678],[-112.5048,42.4567],[-112.5002,42.4556],[-112.4999,42.4472],[-112.4949,42.4345],[-112.4987,42.4324],[-112.4974,42.4264],[-112.5021,42.426],[-112.5053,42.421],[-112.508,42.4142],[-112.5053,42.41],[-112.5152,42.4042],[-112.5121,42.3992],[-112.5198,42.3924],[-112.5179,42.3831],[-112.5217,42.3827],[-112.5266,42.3742],[-112.5247,42.3698],[-112.53,42.3668],[-112.53,42.3619],[-112.5193,42.3557],[-112.5113,42.3554],[-112.5091,42.3496],[-112.5266,42.3439],[-112.5253,42.3368],[-112.5304,42.336],[-112.5272,42.3297],[-112.5294,42.3259],[-112.5241,42.3259],[-112.5208,42.3209],[-112.5252,42.3097],[-112.53,42.3059],[-112.5298,42.2966],[-112.5339,42.294],[-112.5312,42.287],[-112.5332,42.2788],[-112.5443,42.2822],[-112.5522,42.2796],[-112.5515,42.2766],[-112.5452,42.2743],[-112.5429,42.2664],[-112.53,42.2638],[-112.529,42.2594],[-112.5322,42.2567],[-112.5294,42.2527],[-112.5227,42.2497],[-112.5274,42.246],[-112.524,42.2349],[-112.5193,42.2312],[-112.5103,42.2329],[-112.5054,42.2295],[-112.4891,42.2254],[-112.4833,42.2143],[-112.4839,42.2088],[-112.473,42.2029],[-112.474,42.1952],[-112.4717,42.1919],[-112.4551,42.1848],[-112.4555,42.1762],[-112.4498,42.1738],[-112.4546,42.1611],[-112.4501,42.1533],[-112.4518,42.1498],[-112.4479,42.1463],[-112.4499,42.1435],[-112.4494,42.1348],[-112.4441,42.1303],[-112.4461,42.1276],[-112.4435,42.1234],[-112.4451,42.12],[-112.4394,42.1158],[-112.4404,42.1087],[-112.4272,42.1054],[-112.421,42.0975],[-112.4132,42.0968],[-112.4126,42.0928],[-112.4167,42.0877],[-112.4155,42.0804],[-112.4205,42.0761],[-112.4203,42.0729],[-112.4098,42.0636],[-112.4008,42.0659],[-112.3976,42.0646],[-112.3885,42.0537],[-112.3909,42.0432],[-112.3828,42.0383],[-112.3796,42.0276],[-112.3809,42.0238],[-112.3644,42.0106],[-112.3659,42.0041],[-112.3632,42.0031],[-112.364,41.9995],[-112.3615,41.9974],[-112.3687,41.9926],[-112.375,41.9925],[-112.3751,41.9879],[-112.3813,41.9804],[-112.3709,41.9637],[-112.3623,41.9575],[-112.3719,41.9516],[-112.3679,41.9405],[-112.3754,41.9367],[-112.3671,41.9321],[-112.368,41.9262],[-112.3797,41.9231],[-112.3833,41.9181],[-112.3876,41.9057],[-112.3844,41.9019],[-112.3863,41.9003],[-112.3859,41.8956],[-112.3945,41.889],[-112.3968,41.8839],[-112.3944,41.8736],[-112.3901,41.8729],[-112.3801,41.8647],[-112.3823,41.8589],[-112.3692,41.8505],[-112.3721,41.8449],[-112.3582,41.8364],[-112.358,41.829],[-112.3621,41.8275],[-112.3632,41.8247],[-112.356,41.8164],[-112.3605,41.8],[-112.3575,41.7962],[-112.3583,41.7926],[-112.3493,41.7871],[-112.3519,41.783],[-112.3594,41.7794],[-112.3563,41.776],[-112.3569,41.7719],[-112.3494,41.7686],[-112.3516,41.7657],[-112.3478,41.7653],[-112.3451,41.7579],[-112.3456,41.7555],[-112.3497,41.7543],[-112.3494,41.7443],[-112.3448,41.7417],[-112.3477,41.7406],[-112.3464,41.7326],[-112.3408,41.7301],[-112.345,41.7048],[-112.3421,41.6994],[-112.3441,41.6923],[-112.341,41.6881],[-112.3515,41.6841],[-112.3576,41.6851],[-112.3644,41.6787],[-112.3717,41.6782],[-112.3724,41.6731],[-112.3761,41.6708],[-112.3755,41.668],[-112.3784,41.6652],[-112.3771,41.659],[-112.3789,41.6522],[-112.3736,41.6413],[-112.3758,41.6362],[-112.3751,41.6294],[-112.3787,41.6231],[-112.3904,41.6179],[-112.3903,41.6087],[-112.397,41.5831],[-112.384,41.5579],[-112.3623,41.5309],[-112.3465,41.5178],[-112.3503,41.5154],[-112.3581,41.516],[-112.358,41.4956],[-112.355,41.4794],[-112.3428,41.4849],[-112.3406,41.4751],[-112.3571,41.4711],[-112.3656,41.4717],[-112.3738,41.4644],[-112.3707,41.4639],[-112.381,41.4599],[-112.3792,41.4604],[-112.3804,41.4578],[-112.3777,41.4586],[-112.3784,41.4565],[-112.3835,41.4536],[-112.385,41.4563],[-112.3878,41.4543],[-112.3871,41.4502],[-112.3836,41.4511],[-112.3874,41.4495],[-112.3839,41.4499],[-112.3883,41.4461],[-112.381,41.448],[-112.3854,41.4452],[-112.3809,41.4436],[-112.3778,41.4481],[-112.3796,41.4424],[-112.3769,41.4431],[-112.3764,41.439],[-112.3705,41.4407],[-112.3786,41.4349],[-112.3711,41.4344],[-112.3693,41.4305],[-112.3599,41.4326],[-112.3556,41.4263],[-112.3556,41.4165],[-112.3503,41.4181],[-112.3473,41.4229],[-112.3455,41.4178],[-112.3471,41.4149],[-112.3417,41.4181],[-112.3346,41.4156],[-112.3359,41.4123],[-112.3322,41.4123],[-112.3326,41.4081],[-112.3361,41.4046],[-112.3331,41.4054],[-112.3341,41.3996],[-112.322,41.4013],[-112.3242,41.395],[-112.3202,41.3973],[-112.3163,41.3927],[-112.3162,41.3836],[-112.3114,41.3701],[-112.3029,41.3614],[-112.2946,41.3589],[-112.2857,41.3624],[-112.2666,41.3844],[-112.2558,41.3913],[-112.2506,41.3902],[-112.2358,41.3935],[-112.2368,41.3915],[-112.2342,41.3929],[-112.2176,41.3895],[-112.2048,41.3915],[-112.1968,41.3956],[-112.1973,41.3983],[-112.1948,41.3987],[-112.1962,41.4],[-112.1923,41.4027],[-112.1746,41.4001],[-112.1719,41.4036],[-112.1779,41.4046],[-112.1774,41.4086],[-112.1596,41.419],[-112.1441,41.4141],[-112.1356,41.4219],[-112.0871,41.4228],[-112.0821,41.4273],[-112.0763,41.4277],[-112.0556,41.4234],[-112.0384,41.4229],[-112.0251,41.4173],[-111.9852,41.4292],[-111.9708,41.4206],[-111.9635,41.4254],[-111.9584,41.4338],[-111.9404,41.4205],[-111.9383,41.4158],[-111.932,41.4163],[-111.9268,41.4125],[-111.9181,41.4126],[-111.9122,41.4166],[-111.9057,41.4152],[-111.9026,41.4193],[-111.8928,41.4188],[-111.891,41.4236],[-111.8867,41.4268],[-111.884,41.4258],[-111.8803,41.4426],[-111.881,41.4505],[-111.8748,41.4625],[-111.8792,41.4682],[-111.8763,41.4795],[-111.8778,41.4824],[-111.8733,41.4856],[-111.8842,41.4961],[-111.9055,41.4971],[-111.9094,41.508],[-111.9058,41.5148],[-111.9122,41.5187],[-111.9165,41.5384],[-111.9274,41.5371],[-111.9336,41.5416],[-111.9373,41.5511],[-111.9441,41.5532],[-111.9528,41.551],[-111.9625,41.5435],[-111.9731,41.5436],[-111.9769,41.5402],[-111.9778,41.5355],[-111.9828,41.5345],[-111.9928,41.5549],[-111.9967,41.5578],[-111.9941,41.5661],[-111.999,41.5718],[-112,41.5789],[-112.0068,41.5919],[-112.0078,41.6006],[-112.0033,41.6122],[-112.0063,41.6147],[-112.0077,41.6234],[-112.0046,41.6294],[-112.0131,41.6357],[-112.0154,41.6412],[-112.0127,41.648],[-112.0161,41.6588],[-112.0275,41.6718],[-112.0309,41.6818],[-112.045,41.6869],[-112.0518,41.6998],[-112.0504,41.706],[-112.0427,41.7106],[-112.0455,41.7187],[-112.044,41.7351],[-112.0335,41.7506],[-112.0314,41.7594],[-112.0336,41.7644],[-112.0327,41.7683],[-112.0266,41.7722],[-112.0263,41.7764],[-112.0144,41.7803],[-112.0087,41.795],[-112.0177,41.8042],[-112.0297,41.808],[-112.0311,41.8157],[-112.0286,41.8204],[-112.0348,41.8239],[-112.0408,41.8334],[-112.0479,41.8344],[-112.0495,41.8378],[-112.0459,41.8432],[-112.0524,41.8656],[-112.0586,41.8685],[-112.0639,41.868],[-112.0642,41.876],[-112.0856,41.9033],[-112.1047,41.9106],[-112.1182,41.9231],[-112.1228,41.9298],[-112.125,41.9428],[-112.1343,41.9591],[-112.1376,41.9638],[-112.1427,41.9638],[-112.1453,41.9679],[-112.1509,41.9704],[-112.1544,41.9861],[-112.1579,41.9914],[-112.1661,41.996],[-112.1523,42.0034],[-112.1435,42.0161],[-112.1448,42.0199],[-112.1488,42.0217],[-112.1519,42.0298],[-112.1523,42.0589],[-112.156,42.0602],[-112.163,42.0717],[-112.1605,42.0745],[-112.1623,42.0778],[-112.1566,42.0778],[-112.1532,42.0825],[-112.1599,42.0884],[-112.1588,42.0917],[-112.1657,42.0954],[-112.162,42.1034],[-112.1654,42.1072],[-112.1683,42.121],[-112.1622,42.1259],[-112.1652,42.1375],[-112.162,42.1419],[-112.1683,42.1478],[-112.1617,42.1507],[-112.161,42.1575],[-112.1639,42.1668],[-112.1579,42.1694],[-112.1511,42.1666],[-112.1465,42.1678],[-112.1364,42.1641],[-112.1347,42.1613],[-112.1284,42.1642],[-112.1203,42.1625],[-112.1131,42.1741],[-112.1053,42.181],[-112.0948,42.1793],[-112.0859,42.1807],[-112.0802,42.1785],[-112.076,42.1849],[-112.069,42.1892],[-112.0688,42.1949],[-112.073,42.1971],[-112.0704,42.2024],[-112.0608,42.2088],[-112.0703,42.2324],[-112.0747,42.2361],[-112.0762,42.2425],[-112.0844,42.2469],[-112.094,42.263],[-112.0967,42.264],[-112.0979,42.2695],[-112.1133,42.2693],[-112.1189,42.2812],[-112.1259,42.2847],[-112.1293,42.2905],[-112.1369,42.2954],[-112.1442,42.2932],[-112.1561,42.2945],[-112.1562,42.297],[-112.1614,42.2999],[-112.1612,42.3087],[-112.1766,42.3242],[-112.1774,42.3287],[-112.1858,42.3372],[-112.1908,42.3478],[-112.1959,42.345],[-112.2058,42.3466],[-112.207,42.3507],[-112.2148,42.3505],[-112.226,42.3451],[-112.2572,42.3425],[-112.2741,42.3243],[-112.2759,42.3185],[-112.2794,42.3167],[-112.2912,42.3166],[-112.3057,42.3265],[-112.3152,42.322],[-112.3269,42.3237],[-112.3307,42.3411],[-112.3289,42.3472],[-112.3134,42.3646],[-112.31,42.3659],[-112.3103,42.3712],[-112.305,42.3794],[-112.294,42.3863],[-112.2942,42.3948],[-112.2909,42.3971],[-112.2939,42.4192],[-112.2908,42.4271],[-112.2953,42.4372],[-112.2945,42.4463],[-112.2974,42.4542],[-112.3108,42.4569],[-112.312,42.453],[-112.3198,42.4493],[-112.3245,42.451],[-112.3427,42.4478],[-112.3499,42.4523],[-112.3677,42.4543],[-112.3725,42.4579],[-112.3725,42.4618],[-112.3672,42.466],[-112.3659,42.4825],[-112.3737,42.4815],[-112.3763,42.4789],[-112.3839,42.4836],[-112.3822,42.487],[-112.3945,42.4935],[-112.399,42.4986],[-112.4012,42.5146],[-112.4043,42.5173],[-112.4114,42.5141],[-112.4195,42.5151],[-112.4208,42.5218],[-112.4288,42.523],[-112.4348,42.5286],[-112.4418,42.5278],[-112.4396,42.5314],[-112.4446,42.5357],[-112.4405,42.5391],[-112.4453,42.5499]]]}},{"type":"Feature","properties":{"huc8":"16020309","name":"Curlew Valley"},"geometry":{"type":"Polygon","coordinates":[[[-112.6622,42.4706],[-112.6673,42.4718],[-112.6776,42.4664],[-112.6969,42.4619],[-112.7001,42.4513],[-112.7097,42.4493],[-112.7165,42.4426],[-112.7139,42.4356],[-112.7164,42.4291],[-112.7144,42.4243],[-112.7153,42.4175],[-112.7182,42.4144],[-112.7125,42.4042],[-112.7183,42.3953],[-112.7232,42.3936],[-112.7214,42.3911],[-112.7246,42.3858],[-112.7219,42.3809],[-112.7261,42.3705],[-112.7235,42.3601],[-112.7378,42.3555],[-112.7431,42.351],[-112.7607,42.3511],[-112.773,42.3462],[-112.7784,42.348],[-112.7893,42.3467],[-112.7993,42.341],[-112.8004,42.3306],[-112.7979,42.3239],[-112.8059,42.3139],[-112.8062,42.3091],[-112.804,42.3069],[-112.8063,42.2985],[-112.8055,42.2897],[-112.8103,42.2887],[-112.8109,42.2814],[-112.8189,42.2805],[-112.8162,42.2773],[-112.8153,42.2698],[-112.8172,42.2681],[-112.8266,42.2621],[-112.8411,42.2575],[-112.8536,42.2581],[-112.8621,42.2558],[-112.867,42.2508],[-112.8724,42.2542],[-112.8858,42.2564],[-112.8924,42.2629],[-112.8988,42.2577],[-112.918,42.2561],[-112.9164,42.2444],[-112.9186,42.2388],[-112.9165,42.2344],[-112.9293,42.2283],[-112.9396,42.2272],[-112.9497,42.2198],[-112.9654,42.2224],[-112.969,42.2208],[-112.9698,42.2172],[-112.9796,42.2151],[-112.9867,42.2207],[-112.9895,42.2186],[-113.0035,42.2235],[-113.0162,42.2217],[-113.0205,42.22],[-113.0221,42.2163],[-113.0313,42.2146],[-113.0408,42.205],[-113.0451,42.2035],[-113.0459,42.1981],[-113.0437,42.1939],[-113.0813,42.1783],[-113.0981,42.159],[-113.1118,42.1537],[-113.1244,42.1535],[-113.1218,42.1447],[-113.1257,42.1394],[-113.1255,42.1323],[-113.1193,42.1157],[-113.105,42.1117],[-113.103,42.1086],[-113.1065,42.1041],[-113.1076,42.0884],[-113.1154,42.0776],[-113.1269,42.0781],[-113.1319,42.074],[-113.1407,42.0738],[-113.1434,42.0716],[-113.1377,42.0459],[-113.1401,42.0439],[-113.1389,42.0298],[-113.1491,42.0258],[-113.1508,42.02],[-113.1669,42.014],[-113.1699,42.0075],[-113.1889,41.9901],[-113.203,41.9711],[-113.211,41.9682],[-113.2169,41.9599],[-113.225,41.9605],[-113.2272,41.9551],[-113.2374,41.9532],[-113.2368,41.9446],[-113.2399,41.9384],[-113.2531,41.9316],[-113.2594,41.931],[-113.2613,41.9232],[-113.3018,41.9115],[-113.3199,41.9094],[-113.321,41.9073],[-113.3128,41.8951],[-113.2989,41.8911],[-113.2886,41.8834],[-113.2946,41.8712],[-113.2925,41.8613],[-113.2967,41.839],[-113.2944,41.831],[-113.285,41.8197],[-113.2746,41.797],[-113.2709,41.7824],[-113.2594,41.7605],[-113.2411,41.7486],[-113.2426,41.7374],[-113.2284,41.7209],[-113.2353,41.7173],[-113.234,41.7098],[-113.2436,41.7074],[-113.2451,41.7008],[-113.2492,41.6976],[-113.2383,41.6956],[-113.2329,41.6971],[-113.233,41.6869],[-113.2355,41.6819],[-113.2254,41.6623],[-113.2291,41.653],[-113.2281,41.6405],[-113.2252,41.6378],[-113.2142,41.6351],[-113.2148,41.6292],[-113.2102,41.6277],[-113.2054,41.6211],[-113.2061,41.6091],[-113.2107,41.6011],[-113.2151,41.5985],[-113.1968,41.5815],[-113.1892,41.581],[-113.1723,41.5674],[-113.1674,41.5701],[-113.165,41.5688],[-113.1639,41.5667],[-113.1659,41.5655],[-113.1632,41.564],[-113.161,41.5568],[-113.1627,41.5552],[-113.1562,41.5465],[-113.1573,41.5423],[-113.1516,41.5342],[-113.1428,41.5296],[-113.143,41.5137],[-113.1357,41.508],[-113.135,41.5008],[-113.1298,41.4965],[-113.129,41.4847],[-113.1201,41.477],[-113.1141,41.4657],[-113.1019,41.4636],[-113.0938,41.4662],[-113.0811,41.4773],[-113.0639,41.4855],[-113.072,41.508],[-113.0721,41.5166],[-113.0693,41.5196],[-113.0644,41.5147],[-113.0644,41.5177],[-113.0444,41.5316],[-113.0313,41.5476],[-113.0215,41.5497],[-113.0234,41.5537],[-113.0256,41.5537],[-113.0243,41.5509],[-113.034,41.5572],[-113.0369,41.5632],[-113.0307,41.5703],[-113.0172,41.5704],[-113.0366,41.577],[-113.0406,41.5838],[-113.0327,41.5917],[-113.0272,41.5898],[-113.0364,41.5988],[-113.0332,41.6021],[-113.0271,41.6015],[-113.0291,41.6212],[-113.0232,41.6326],[-113.0152,41.6399],[-113.006,41.6448],[-112.994,41.6465],[-112.9739,41.6417],[-112.9555,41.6463],[-112.923,41.6477],[-112.907,41.6542],[-112.8939,41.663],[-112.8922,41.667],[-112.8882,41.6671],[-112.8877,41.6692],[-112.8962,41.6709],[-112.8895,41.6778],[-112.8643,41.678],[-112.867,41.6903],[-112.8643,41.6957],[-112.8567,41.6988],[-112.8306,41.7006],[-112.8128,41.6964],[-112.8105,41.6939],[-112.8118,41.6916],[-112.8067,41.6896],[-112.7913,41.6886],[-112.7635,41.6717],[-112.761,41.6664],[-112.7542,41.6635],[-112.7464,41.6557],[-112.7435,41.6563],[-112.7392,41.6459],[-112.7468,41.6388],[-112.7481,41.6327],[-112.7547,41.6265],[-112.7895,41.6174],[-112.7744,41.6184],[-112.7748,41.6133],[-112.7719,41.6156],[-112.7706,41.612],[-112.7697,41.6149],[-112.7665,41.6148],[-112.7602,41.6072],[-112.7699,41.591],[-112.7835,41.5834],[-112.787,41.573],[-112.784,41.5665],[-112.7898,41.5644],[-112.7927,41.5677],[-112.7968,41.5652],[-112.7989,41.5598],[-112.7927,41.5553],[-112.7906,41.5505],[-112.7872,41.5531],[-112.7811,41.5508],[-112.7825,41.5405],[-112.7742,41.5384],[-112.7701,41.5267],[-112.7656,41.5259],[-112.7622,41.5222],[-112.7626,41.5161],[-112.7559,41.516],[-112.7468,41.5112],[-112.7439,41.501],[-112.7276,41.4838],[-112.7246,41.4716],[-112.6794,41.4541],[-112.666,41.4373],[-112.6507,41.4326],[-112.6422,41.4362],[-112.6286,41.436],[-112.6217,41.4288],[-112.611,41.4345],[-112.6047,41.4408],[-112.5989,41.4415],[-112.5977,41.4436],[-112.609,41.447],[-112.5993,41.4488],[-112.5734,41.4435],[-112.5681,41.4358],[-112.5539,41.4351],[-112.5534,41.431],[-112.5481,41.4266],[-112.5525,41.4219],[-112.544,41.4221],[-112.5458,41.4195],[-112.5424,41.4139],[-112.5417,41.4163],[-112.5387,41.4062],[-112.5387,41.3999],[-112.5425,41.3936],[-112.5364,41.3822],[-112.5367,41.3651],[-112.5322,41.3503],[-112.5334,41.3484],[-112.5113,41.3383],[-112.5002,41.3365],[-112.4953,41.3289],[-112.4988,41.3102],[-112.5098,41.2993],[-112.5072,41.291],[-112.509,41.2865],[-112.5061,41.2807],[-112.5092,41.272],[-112.5075,41.2673],[-112.4995,41.2603],[-112.503,41.2539],[-112.4992,41.2553],[-112.5005,41.2589],[-112.4977,41.2575],[-112.4955,41.2524],[-112.4993,41.2535],[-112.5018,41.2516],[-112.4957,41.2509],[-112.4958,41.2456],[-112.4907,41.2358],[-112.4922,41.2346],[-112.4856,41.2247],[-112.486,41.2199],[-112.4833,41.2193],[-112.4823,41.2154],[-112.4668,41.2105],[-112.4298,41.2038],[-112.4235,41.2076],[-112.4254,41.2129],[-112.4225,41.2174],[-112.4061,41.221],[-112.3963,41.2333],[-112.3979,41.2328],[-112.3973,41.2359],[-112.4041,41.2421],[-112.404,41.249],[-112.3969,41.2571],[-112.3944,41.2671],[-112.378,41.2727],[-112.3772,41.2747],[-112.3839,41.284],[-112.384,41.2899],[-112.3816,41.2904],[-112.3889,41.2928],[-112.3935,41.3075],[-112.3972,41.3097],[-112.3956,41.3117],[-112.3998,41.3156],[-112.4008,41.3311],[-112.4045,41.3345],[-112.4006,41.3354],[-112.4015,41.338],[-112.4065,41.3384],[-112.4096,41.3445],[-112.4168,41.3478],[-112.4203,41.3554],[-112.4194,41.3624],[-112.4151,41.3661],[-112.4069,41.3675],[-112.4025,41.3879],[-112.3975,41.3937],[-112.4028,41.4028],[-112.4146,41.4077],[-112.4224,41.4254],[-112.4215,41.4424],[-112.4166,41.451],[-112.4085,41.4479],[-112.4163,41.4515],[-112.3962,41.4626],[-112.3848,41.4722],[-112.3731,41.476],[-112.3754,41.4706],[-112.3697,41.4708],[-112.3551,41.4788],[-112.3583,41.4982],[-112.3581,41.516],[-112.3503,41.5154],[-112.3465,41.5174],[-112.3623,41.5309],[-112.384,41.5579],[-112.397,41.5831],[-112.3903,41.6087],[-112.3904,41.6179],[-112.3787,41.6231],[-112.3751,41.6294],[-112.3758,41.6362],[-112.3736,41.6413],[-112.3789,41.6522],[-112.3771,41.659],[-112.3784,41.6652],[-112.3755,41.668],[-112.3761,41.6708],[-112.3724,41.6731],[-112.3717,41.6782],[-112.3644,41.6787],[-112.3576,41.6851],[-112.3515,41.6841],[-112.341,41.6881],[-112.3441,41.6923],[-112.3421,41.6994],[-112.345,41.7048],[-112.3408,41.7301],[-112.3464,41.7326],[-112.3477,41.7406],[-112.3448,41.7417],[-112.3494,41.7443],[-112.3497,41.7543],[-112.3456,41.7555],[-112.3451,41.7579],[-112.3478,41.7653],[-112.3516,41.7657],[-112.3494,41.7686],[-112.3569,41.7719],[-112.3563,41.776],[-112.3594,41.7794],[-112.3519,41.783],[-112.3493,41.7871],[-112.3583,41.7926],[-112.3575,41.7962],[-112.3605,41.8],[-112.356,41.8164],[-112.3632,41.8247],[-112.3621,41.8275],[-112.358,41.829],[-112.3582,41.8364],[-112.3721,41.8449],[-112.3692,41.8505],[-112.3823,41.8589],[-112.3801,41.8647],[-112.3901,41.8729],[-112.3944,41.8736],[-112.3968,41.8839],[-112.3945,41.889],[-112.3859,41.8956],[-112.3863,41.9003],[-112.3844,41.9019],[-112.3876,41.9057],[-112.3833,41.9181],[-112.3797,41.9231],[-112.368,41.9262],[-112.3671,41.9321],[-112.3754,41.9367],[-112.3679,41.9405],[-112.3719,41.9516],[-112.3623,41.9575],[-112.3709,41.9637],[-112.3813,41.9804],[-112.3751,41.9879],[-112.375,41.9925],[-112.3687,41.9926],[-112.3615,41.9974],[-112.364,41.9995],[-112.3632,42.0031],[-112.3659,42.0041],[-112.3644,42.0106],[-112.3809,42.0238],[-112.3796,42.0276],[-112.3828,42.0383],[-112.3909,42.0432],[-112.3885,42.0537],[-112.3976,42.0646],[-112.4008,42.0659],[-112.4098,42.0636],[-112.4203,42.0729],[-112.4205,42.0761],[-112.4155,42.0804],[-112.4167,42.0877],[-112.4126,42.0928],[-112.4132,42.0968],[-112.421,42.0975],[-112.4272,42.1054],[-112.4404,42.1087],[-112.4394,42.1158],[-112.4451,42.12],[-112.4435,42.1234],[-112.4461,42.1276],[-112.4441,42.1303],[-112.4494,42.1348],[-112.4499,42.1435],[-112.4479,42.1463],[-112.4518,42.1498],[-112.4501,42.1533],[-112.4546,42.1611],[-112.4498,42.1738],[-112.4555,42.1762],[-112.4551,42.1848],[-112.4717,42.1919],[-112.474,42.1952],[-112.473,42.2029],[-112.4839,42.2088],[-112.4833,42.2143],[-112.4891,42.2254],[-112.5054,42.2295],[-112.5103,42.2329],[-112.5193,42.2312],[-112.524,42.2349],[-112.5274,42.246],[-112.5227,42.2497],[-112.5294,42.2527],[-112.5322,42.2567],[-112.529,42.2594],[-112.53,42.2638],[-112.5425,42.2662],[-112.5452,42.2743],[-112.5518,42.277],[-112.5521,42.2798],[-112.5448,42.2822],[-112.5332,42.2788],[-112.5312,42.287],[-112.5339,42.294],[-112.5298,42.2966],[-112.53,42.3059],[-112.5252,42.3097],[-112.5208,42.3209],[-112.5241,42.3259],[-112.5294,42.3259],[-112.5272,42.3297],[-112.5304,42.3358],[-112.5253,42.3368],[-112.5266,42.3439],[-112.5092,42.3495],[-112.5111,42.3552],[-112.5193,42.3557],[-112.53,42.363],[-112.5389,42.3562],[-112.551,42.3525],[-112.5679,42.3527],[-112.5789,42.3597],[-112.5982,42.3623],[-112.6112,42.3655],[-112.6171,42.3696],[-112.6289,42.3712],[-112.6554,42.3846],[-112.6582,42.3891],[-112.6589,42.3999],[-112.655,42.4151],[-112.6489,42.4186],[-112.6498,42.4289],[-112.6463,42.4325],[-112.649,42.4371],[-112.6505,42.4565],[-112.656,42.4711],[-112.6622,42.4706]]]}},{"type":"Feature","properties":{"huc8":"14060004","name":"Strawberry"},"geometry":{"type":"Polygon","coordinates":[[[-111.0825,40.4186],[-111.0877,40.4197],[-111.092,40.4143],[-111.0988,40.4113],[-111.1129,40.4098],[-111.1205,40.4057],[-111.1261,40.3985],[-111.1342,40.3999],[-111.1434,40.3968],[-111.1483,40.3891],[-111.1662,40.3951],[-111.177,40.3901],[-111.1879,40.3973],[-111.1856,40.4058],[-111.1899,40.4081],[-111.2023,40.4076],[-111.2237,40.4187],[-111.2266,40.4143],[-111.2357,40.4112],[-111.2399,40.406],[-111.2357,40.3989],[-111.2426,40.3856],[-111.2445,40.3641],[-111.2414,40.3506],[-111.2476,40.3448],[-111.2443,40.3414],[-111.2456,40.3394],[-111.2437,40.3356],[-111.2538,40.3241],[-111.2533,40.3167],[-111.2498,40.3102],[-111.2456,40.3076],[-111.2469,40.3044],[-111.2504,40.304],[-111.2514,40.2978],[-111.2688,40.2996],[-111.2776,40.2979],[-111.2973,40.3103],[-111.3083,40.2976],[-111.3097,40.2902],[-111.315,40.2876],[-111.3077,40.2834],[-111.3081,40.2749],[-111.2944,40.2708],[-111.2942,40.2655],[-111.2894,40.266],[-111.2796,40.2593],[-111.2767,40.2531],[-111.2704,40.2495],[-111.2649,40.2424],[-111.2671,40.2374],[-111.2737,40.236],[-111.2719,40.2191],[-111.264,40.2113],[-111.264,40.2058],[-111.2566,40.2011],[-111.2582,40.1979],[-111.2482,40.1937],[-111.2253,40.1665],[-111.2269,40.1556],[-111.2313,40.1479],[-111.2249,40.1428],[-111.2215,40.1247],[-111.2258,40.1195],[-111.2298,40.107],[-111.2355,40.1039],[-111.2353,40.0982],[-111.2416,40.0917],[-111.2425,40.0859],[-111.2381,40.0804],[-111.2413,40.0739],[-111.2359,40.0697],[-111.2491,40.0557],[-111.2458,40.0468],[-111.2407,40.0436],[-111.2375,40.0379],[-111.2316,40.0357],[-111.2162,40.0408],[-111.2052,40.048],[-111.2041,40.0508],[-111.2039,40.0462],[-111.1988,40.0417],[-111.2009,40.0369],[-111.198,40.0316],[-111.1914,40.0296],[-111.1874,40.0207],[-111.1769,40.0159],[-111.1717,40.0107],[-111.1677,39.9906],[-111.1598,39.9921],[-111.1517,39.9849],[-111.1304,39.9934],[-111.1257,39.993],[-111.1225,39.998],[-111.1042,40.0023],[-111.1039,40.0068],[-111.0985,40.0073],[-111.098,40.0102],[-111.0849,40.0145],[-111.0752,40.0235],[-111.0692,40.0212],[-111.0585,40.0228],[-111.0551,40.0253],[-111.054,40.0325],[-111.0493,40.0344],[-111.0435,40.0434],[-111.0376,40.047],[-111.027,40.0443],[-111.0231,40.047],[-111.0187,40.0454],[-111.0107,40.0342],[-111.006,40.0329],[-111.0028,40.0347],[-110.9899,40.0214],[-110.99,40.0126],[-110.9942,39.9987],[-110.988,39.9951],[-110.9883,39.9912],[-110.984,39.9867],[-110.985,39.9831],[-110.9815,39.9815],[-110.9805,39.972],[-110.9834,39.965],[-110.9764,39.9575],[-110.976,39.9435],[-110.9685,39.9415],[-110.9663,39.9247],[-110.9639,39.9219],[-110.9653,39.9169],[-110.9631,39.9065],[-110.956,39.8948],[-110.9424,39.896],[-110.9354,39.8902],[-110.9097,39.8879],[-110.9077,39.8797],[-110.9027,39.8774],[-110.893,39.8804],[-110.889,39.8789],[-110.8895,39.8751],[-110.8816,39.8721],[-110.8772,39.8761],[-110.8573,39.8689],[-110.8533,39.8724],[-110.8439,39.8731],[-110.8406,39.8704],[-110.8226,39.8761],[-110.8143,39.8724],[-110.8063,39.875],[-110.8041,39.8779],[-110.7878,39.879],[-110.7817,39.8817],[-110.7761,39.8779],[-110.7712,39.8798],[-110.7666,39.8786],[-110.763,39.8809],[-110.7527,39.8815],[-110.7459,39.8858],[-110.7258,39.8829],[-110.715,39.886],[-110.7127,39.8894],[-110.693,39.8917],[-110.6783,39.9002],[-110.6619,39.899],[-110.6486,39.9124],[-110.6434,39.9108],[-110.6327,39.9255],[-110.6241,39.9293],[-110.6141,39.9382],[-110.6065,39.9599],[-110.601,39.9638],[-110.598,39.9696],[-110.5869,39.9773],[-110.5516,39.9909],[-110.5446,39.9948],[-110.5361,40.0039],[-110.5217,40.0113],[-110.5095,40.0221],[-110.5097,40.0261],[-110.486,40.0455],[-110.4877,40.0511],[-110.4684,40.0645],[-110.4692,40.0678],[-110.4653,40.0758],[-110.434,40.0919],[-110.4319,40.0957],[-110.4057,40.1073],[-110.3985,40.1227],[-110.3911,40.1273],[-110.395,40.1325],[-110.4049,40.1343],[-110.4008,40.145],[-110.3882,40.1492],[-110.3856,40.1539],[-110.3874,40.1565],[-110.3861,40.1606],[-110.4114,40.1679],[-110.416,40.1766],[-110.424,40.1796],[-110.4227,40.1813],[-110.4255,40.1867],[-110.4335,40.1909],[-110.4275,40.1969],[-110.4245,40.2099],[-110.4182,40.2145],[-110.4187,40.2303],[-110.4349,40.2309],[-110.4396,40.2344],[-110.448,40.2326],[-110.4504,40.2359],[-110.4502,40.2414],[-110.4732,40.2552],[-110.4853,40.2497],[-110.4945,40.2485],[-110.5025,40.2508],[-110.5073,40.2561],[-110.5174,40.254],[-110.5382,40.2577],[-110.5496,40.2633],[-110.5596,40.2614],[-110.5718,40.263],[-110.5885,40.2547],[-110.6078,40.2701],[-110.6155,40.2718],[-110.618,40.2766],[-110.6333,40.2768],[-110.6398,40.2831],[-110.6518,40.2895],[-110.6686,40.2905],[-110.6792,40.303],[-110.6789,40.3082],[-110.6813,40.3114],[-110.691,40.3137],[-110.6982,40.3105],[-110.7237,40.3119],[-110.7338,40.3157],[-110.7379,40.3229],[-110.7455,40.3248],[-110.7488,40.3298],[-110.7555,40.3338],[-110.7759,40.338],[-110.7781,40.3412],[-110.7933,40.3481],[-110.7999,40.3562],[-110.812,40.36],[-110.8157,40.3696],[-110.8343,40.3734],[-110.8417,40.3837],[-110.8434,40.3899],[-110.8415,40.3927],[-110.8433,40.3945],[-110.8549,40.3941],[-110.8667,40.3907],[-110.8806,40.3933],[-110.9023,40.3924],[-110.9146,40.3947],[-110.9245,40.4007],[-110.9342,40.4031],[-110.9946,40.4112],[-111.0015,40.4066],[-111.0127,40.408],[-111.0199,40.3992],[-111.0286,40.401],[-111.0397,40.4104],[-111.0496,40.4114],[-111.0537,40.4156],[-111.0825,40.4186]]]}},{"type":"Feature","properties":{"huc8":"16020101","name":"Upper Weber"},"geometry":{"type":"Polygon","coordinates":[[[-111.3828,41.3736],[-111.3967,41.373],[-111.404,41.3688],[-111.4046,41.3622],[-111.4206,41.3613],[-111.4241,41.3562],[-111.4244,41.3451],[-111.429,41.3417],[-111.4347,41.3421],[-111.4381,41.3382],[-111.4365,41.3361],[-111.4379,41.323],[-111.4431,41.3222],[-111.4494,41.3149],[-111.4485,41.3105],[-111.4444,41.307],[-111.4425,41.2978],[-111.4394,41.2952],[-111.443,41.2923],[-111.4401,41.2899],[-111.4463,41.2848],[-111.4454,41.2779],[-111.4479,41.2748],[-111.4577,41.2736],[-111.4574,41.2673],[-111.4623,41.2665],[-111.4668,41.2619],[-111.4643,41.2583],[-111.4711,41.2557],[-111.4716,41.2515],[-111.4783,41.2504],[-111.4772,41.2452],[-111.4943,41.2411],[-111.491,41.2376],[-111.4972,41.2273],[-111.5065,41.2309],[-111.5127,41.2286],[-111.5332,41.2303],[-111.5402,41.2223],[-111.5468,41.2208],[-111.5437,41.2135],[-111.5466,41.2116],[-111.5495,41.2002],[-111.5563,41.1958],[-111.5639,41.186],[-111.5606,41.1805],[-111.5634,41.1758],[-111.5738,41.169],[-111.5664,41.1649],[-111.5599,41.1543],[-111.5598,41.1494],[-111.5536,41.1429],[-111.555,41.1321],[-111.5513,41.1239],[-111.5453,41.1192],[-111.5432,41.1039],[-111.5387,41.0992],[-111.5412,41.093],[-111.5362,41.0879],[-111.541,41.0779],[-111.5335,41.072],[-111.5387,41.0649],[-111.5391,41.0602],[-111.5531,41.0582],[-111.5635,41.0445],[-111.5605,41.0394],[-111.5616,41.0357],[-111.5534,41.0299],[-111.5575,41.0241],[-111.5533,41.0206],[-111.5563,41.0138],[-111.5686,41.0033],[-111.5667,41.0006],[-111.5728,41.0007],[-111.5795,40.996],[-111.5873,40.9965],[-111.5933,40.9926],[-111.5936,40.9862],[-111.5876,40.9787],[-111.588,40.9663],[-111.5776,40.9582],[-111.5737,40.961],[-111.5615,40.9601],[-111.5508,40.9541],[-111.5331,40.9584],[-111.5247,40.9537],[-111.5235,40.9459],[-111.5288,40.919],[-111.5174,40.9179],[-111.5103,40.9123],[-111.5084,40.9092],[-111.5105,40.8985],[-111.5025,40.8936],[-111.495,40.8796],[-111.486,40.8729],[-111.4795,40.8586],[-111.4817,40.8542],[-111.4882,40.8543],[-111.4953,40.844],[-111.5015,40.831],[-111.5002,40.8222],[-111.5057,40.8253],[-111.5102,40.8209],[-111.5171,40.8191],[-111.5165,40.8131],[-111.511,40.8104],[-111.5146,40.8058],[-111.5143,40.8017],[-111.5066,40.7931],[-111.5043,40.7805],[-111.5005,40.7771],[-111.5008,40.7744],[-111.4937,40.7751],[-111.4898,40.7709],[-111.4808,40.7709],[-111.4759,40.7672],[-111.4766,40.7639],[-111.4821,40.7597],[-111.4825,40.7547],[-111.487,40.7485],[-111.4843,40.7364],[-111.4895,40.7328],[-111.4919,40.7221],[-111.4969,40.719],[-111.5022,40.7094],[-111.4973,40.7033],[-111.4994,40.6986],[-111.4982,40.6884],[-111.5063,40.6828],[-111.5029,40.6804],[-111.5019,40.6719],[-111.4994,40.6694],[-111.5017,40.6651],[-111.506,40.6635],[-111.5071,40.6515],[-111.5047,40.6389],[-111.5098,40.6335],[-111.5185,40.6331],[-111.5217,40.6294],[-111.5291,40.6269],[-111.5403,40.6133],[-111.5095,40.606],[-111.502,40.6067],[-111.4964,40.6029],[-111.4867,40.6011],[-111.4822,40.6095],[-111.4866,40.6154],[-111.4869,40.621],[-111.4709,40.6337],[-111.4752,40.6379],[-111.4735,40.6438],[-111.468,40.6461],[-111.4636,40.6448],[-111.4606,40.6532],[-111.4538,40.6544],[-111.4515,40.6525],[-111.4449,40.6595],[-111.4351,40.6609],[-111.4304,40.6651],[-111.4363,40.6742],[-111.4372,40.6855],[-111.4273,40.6854],[-111.4239,40.6813],[-111.4114,40.6813],[-111.3977,40.6909],[-111.3922,40.6891],[-111.394,40.684],[-111.3896,40.6778],[-111.3914,40.6748],[-111.3913,40.6709],[-111.3887,40.6706],[-111.3901,40.6602],[-111.3864,40.6531],[-111.3819,40.6517],[-111.381,40.6455],[-111.3765,40.6426],[-111.3744,40.6373],[-111.3756,40.633],[-111.3693,40.6292],[-111.3639,40.631],[-111.3438,40.6234],[-111.3266,40.623],[-111.325,40.6201],[-111.3174,40.6172],[-111.3034,40.6232],[-111.289,40.6159],[-111.2753,40.6129],[-111.2657,40.6077],[-111.2501,40.594],[-111.2282,40.5843],[-111.2166,40.5864],[-111.2101,40.5913],[-111.1958,40.5876],[-111.1902,40.5898],[-111.1849,40.5882],[-111.1738,40.5981],[-111.1715,40.6095],[-111.1603,40.6051],[-111.1551,40.5994],[-111.1518,40.6042],[-111.1443,40.5993],[-111.136,40.6004],[-111.1309,40.6068],[-111.1198,40.6112],[-111.1183,40.6222],[-111.1139,40.628],[-111.1164,40.6388],[-111.1102,40.6457],[-111.1116,40.6509],[-111.1094,40.6543],[-111.115,40.6749],[-111.1113,40.6778],[-111.102,40.6789],[-111.0958,40.6863],[-111.0827,40.6847],[-111.0746,40.6797],[-111.0629,40.6778],[-111.0542,40.6827],[-111.0354,40.6808],[-111.0302,40.6845],[-111.0256,40.6839],[-111.0175,40.6939],[-111.0126,40.6913],[-110.9949,40.69],[-110.9845,40.6985],[-110.9797,40.6983],[-110.9711,40.7104],[-110.9667,40.712],[-110.9611,40.7074],[-110.9519,40.7094],[-110.9472,40.7061],[-110.9426,40.7064],[-110.9355,40.7001],[-110.9288,40.698],[-110.9202,40.7005],[-110.9033,40.6989],[-110.9032,40.7066],[-110.8984,40.7113],[-110.8852,40.7165],[-110.8944,40.7234],[-110.8921,40.7317],[-110.9059,40.7327],[-110.9047,40.7405],[-110.907,40.7439],[-110.9188,40.7473],[-110.9181,40.7512],[-110.9121,40.7575],[-110.9112,40.7763],[-110.918,40.7797],[-110.9201,40.7868],[-110.9304,40.7896],[-110.9407,40.8014],[-110.9473,40.7989],[-110.9514,40.8009],[-110.9505,40.8035],[-110.9549,40.8055],[-110.9545,40.8109],[-110.9576,40.8183],[-110.9627,40.8232],[-110.961,40.8317],[-110.9656,40.8377],[-110.9734,40.8368],[-110.9864,40.846],[-111.0193,40.8451],[-111.0142,40.8554],[-111.0041,40.86],[-110.9962,40.8916],[-110.9908,40.8904],[-110.974,40.8943],[-110.9703,40.9021],[-110.9627,40.9079],[-110.9587,40.9314],[-110.9707,40.9438],[-110.9748,40.9522],[-110.9763,40.9595],[-110.9726,40.9724],[-110.9756,40.9873],[-110.9869,40.9976],[-110.9933,40.9961],[-110.9962,41.0001],[-111.0077,41.0018],[-111.0132,41.0078],[-111.0069,41.0161],[-111.0087,41.0222],[-111.0049,41.0311],[-111.007,41.0346],[-111.0051,41.0364],[-111.0061,41.0398],[-111.0146,41.041],[-111.0139,41.0456],[-111.0183,41.0476],[-111.0163,41.0493],[-111.0185,41.0531],[-111.0281,41.0516],[-111.0295,41.0534],[-111.0473,41.0474],[-111.0517,41.0489],[-111.0553,41.0441],[-111.0723,41.0325],[-111.1033,41.032],[-111.1076,41.0398],[-111.1074,41.0481],[-111.1046,41.053],[-111.119,41.0635],[-111.1188,41.075],[-111.1232,41.08],[-111.1079,41.0928],[-111.106,41.1068],[-111.094,41.1182],[-111.0928,41.1266],[-111.086,41.1347],[-111.0877,41.1419],[-111.0816,41.1482],[-111.0842,41.1514],[-111.0834,41.1543],[-111.0723,41.161],[-111.0714,41.1639],[-111.0762,41.1691],[-111.0711,41.176],[-111.0691,41.1841],[-111.0749,41.1873],[-111.0945,41.1908],[-111.0906,41.1949],[-111.1053,41.2003],[-111.1075,41.2114],[-111.1142,41.2118],[-111.1276,41.2077],[-111.1307,41.2093],[-111.1338,41.2062],[-111.1334,41.1952],[-111.1416,41.1909],[-111.141,41.1871],[-111.1573,41.1776],[-111.1675,41.1761],[-111.1758,41.1702],[-111.1836,41.1707],[-111.1997,41.1653],[-111.2233,41.1516],[-111.2326,41.143],[-111.241,41.142],[-111.2444,41.1451],[-111.2628,41.1411],[-111.2646,41.1454],[-111.2609,41.1463],[-111.2428,41.1643],[-111.2333,41.1768],[-111.2357,41.1839],[-111.2297,41.1862],[-111.2257,41.1911],[-111.2305,41.1951],[-111.2316,41.2025],[-111.2215,41.2128],[-111.222,41.2152],[-111.2338,41.2183],[-111.2523,41.2147],[-111.2566,41.2176],[-111.253,41.223],[-111.2543,41.2292],[-111.2824,41.2262],[-111.281,41.2306],[-111.2694,41.2373],[-111.2772,41.2448],[-111.2767,41.257],[-111.2809,41.2614],[-111.2739,41.2652],[-111.2774,41.2771],[-111.2632,41.2857],[-111.2597,41.2931],[-111.2623,41.297],[-111.2744,41.2995],[-111.2747,41.3016],[-111.2861,41.3051],[-111.2843,41.3093],[-111.2925,41.3094],[-111.2969,41.3184],[-111.2936,41.3203],[-111.2951,41.3302],[-111.3054,41.3336],[-111.3187,41.3438],[-111.3272,41.3454],[-111.3272,41.3532],[-111.3319,41.3575],[-111.3399,41.3552],[-111.3482,41.3623],[-111.3672,41.3616],[-111.3681,41.3657],[-111.3828,41.3736]]]}},{"type":"Feature","properties":{"huc8":"16020102","name":"Lower Weber"},"geometry":{"type":"Polygon","coordinates":[[[-111.9408,41.4207],[-111.9579,41.4338],[-111.9635,41.4254],[-111.9702,41.4206],[-111.9852,41.4292],[-112.0251,41.4173],[-112.0408,41.4234],[-112.0813,41.4275],[-112.0842,41.426],[-112.0807,41.4262],[-112.0711,41.4206],[-112.0718,41.4175],[-112.1312,41.3798],[-112.1332,41.369],[-112.1629,41.3633],[-112.1654,41.3662],[-112.1646,41.3632],[-112.178,41.3583],[-112.2047,41.3596],[-112.2368,41.3566],[-112.2389,41.3618],[-112.2428,41.3613],[-112.2458,41.3642],[-112.2569,41.3633],[-112.2599,41.36],[-112.2586,41.3575],[-112.263,41.3452],[-112.2724,41.3371],[-112.2761,41.3294],[-112.2845,41.3207],[-112.2884,41.3109],[-112.2922,41.2854],[-112.2878,41.2664],[-112.276,41.2553],[-112.2749,41.2461],[-112.2691,41.2362],[-112.2706,41.2323],[-112.2579,41.2235],[-112.2508,41.2217],[-112.2489,41.2188],[-112.2504,41.2139],[-112.2472,41.2117],[-112.2408,41.2122],[-112.2305,41.1972],[-112.2255,41.1949],[-112.2266,41.1929],[-112.2182,41.1875],[-112.2183,41.1822],[-112.2148,41.1793],[-112.21,41.1803],[-112.2084,41.1766],[-112.204,41.176],[-112.2078,41.1741],[-112.2043,41.1737],[-112.1985,41.1667],[-112.2051,41.1623],[-112.2064,41.1569],[-112.202,41.1546],[-112.1918,41.1559],[-112.1811,41.1332],[-112.1679,41.1226],[-112.1628,41.1219],[-112.1578,41.1175],[-112.1544,41.1182],[-112.1516,41.1143],[-112.1491,41.1161],[-112.1499,41.1142],[-112.1398,41.1094],[-112.1336,41.0949],[-112.1269,41.0896],[-112.1197,41.0642],[-112.1043,41.0494],[-112.0977,41.0356],[-112.0657,41.0218],[-112.0573,41.0109],[-112.0576,41.0064],[-112.0485,40.9916],[-112.0346,40.9877],[-112.0025,40.9841],[-111.9946,40.9867],[-111.989,40.9923],[-111.9808,40.994],[-111.9763,40.9926],[-111.9731,40.986],[-111.9692,40.9868],[-111.9665,40.9917],[-111.9638,40.9887],[-111.956,40.9913],[-111.947,40.987],[-111.932,40.9565],[-111.9095,40.9461],[-111.915,40.9453],[-111.9134,40.9431],[-111.9179,40.9382],[-111.9289,40.9331],[-111.9287,40.9312],[-111.9321,40.9298],[-111.9303,40.9291],[-111.934,40.9273],[-111.931,40.9252],[-111.9322,40.9238],[-111.9408,40.9218],[-111.9411,40.9192],[-111.9479,40.9185],[-111.948,40.9122],[-111.9426,40.9111],[-111.9459,40.9069],[-111.9488,40.9087],[-111.9483,40.9032],[-111.9376,40.8977],[-111.9258,40.8843],[-111.9151,40.8792],[-111.8763,40.8753],[-111.85,40.8692],[-111.8505,40.8658],[-111.8465,40.8635],[-111.8418,40.8493],[-111.8313,40.849],[-111.8172,40.8385],[-111.8125,40.8401],[-111.8039,40.8386],[-111.789,40.8456],[-111.7783,40.8446],[-111.7601,40.8529],[-111.7525,40.853],[-111.7474,40.8599],[-111.7389,40.8611],[-111.7254,40.8548],[-111.7208,40.8558],[-111.7126,40.8519],[-111.7067,40.8527],[-111.7012,40.8615],[-111.6956,40.8618],[-111.6638,40.8499],[-111.6607,40.8452],[-111.6641,40.8413],[-111.6659,40.8307],[-111.6567,40.8304],[-111.6524,40.8272],[-111.652,40.8241],[-111.6458,40.824],[-111.6391,40.8097],[-111.6424,40.806],[-111.6412,40.799],[-111.6463,40.7977],[-111.6488,40.7922],[-111.6431,40.786],[-111.6464,40.7826],[-111.6454,40.7789],[-111.6491,40.7734],[-111.6385,40.7693],[-111.6369,40.7631],[-111.6211,40.7582],[-111.6233,40.7542],[-111.6174,40.7465],[-111.6246,40.7408],[-111.6217,40.7379],[-111.6233,40.7312],[-111.6135,40.7281],[-111.6164,40.7231],[-111.615,40.7195],[-111.6118,40.7188],[-111.593,40.7004],[-111.6019,40.6858],[-111.6018,40.671],[-111.6045,40.6666],[-111.5965,40.6597],[-111.5938,40.6516],[-111.5777,40.6436],[-111.5762,40.6328],[-111.5687,40.6291],[-111.5675,40.6232],[-111.5577,40.6195],[-111.5588,40.6133],[-111.5533,40.6093],[-111.5449,40.6108],[-111.5401,40.6134],[-111.5291,40.6269],[-111.5217,40.6294],[-111.5185,40.6331],[-111.5098,40.6335],[-111.5047,40.6389],[-111.5071,40.6515],[-111.506,40.6635],[-111.5017,40.6651],[-111.4994,40.6694],[-111.5019,40.6719],[-111.5029,40.6804],[-111.5063,40.6828],[-111.4982,40.6884],[-111.4994,40.6986],[-111.4973,40.7033],[-111.5022,40.7094],[-111.4969,40.719],[-111.4919,40.7221],[-111.4895,40.7328],[-111.4843,40.7364],[-111.487,40.7485],[-111.4825,40.7547],[-111.4821,40.7597],[-111.4766,40.7639],[-111.4759,40.7672],[-111.4808,40.7709],[-111.4898,40.7709],[-111.4937,40.7751],[-111.5008,40.7744],[-111.5005,40.7771],[-111.5043,40.7805],[-111.5066,40.7931],[-111.5143,40.8017],[-111.5146,40.8058],[-111.511,40.8104],[-111.5165,40.8131],[-111.5171,40.8191],[-111.5102,40.8209],[-111.5057,40.8253],[-111.5002,40.8222],[-111.5015,40.831],[-111.4953,40.844],[-111.4882,40.8543],[-111.4822,40.8539],[-111.4795,40.8583],[-111.486,40.8729],[-111.495,40.8796],[-111.5025,40.8936],[-111.5105,40.8985],[-111.5084,40.9092],[-111.5103,40.9123],[-111.5174,40.9179],[-111.5288,40.919],[-111.5235,40.9459],[-111.5247,40.9537],[-111.5331,40.9584],[-111.5508,40.9541],[-111.5615,40.9601],[-111.5737,40.961],[-111.5776,40.9582],[-111.588,40.9663],[-111.5876,40.9787],[-111.5936,40.9862],[-111.5933,40.9926],[-111.5873,40.9965],[-111.5795,40.996],[-111.5728,41.0007],[-111.5667,41.0006],[-111.5686,41.0033],[-111.5563,41.0138],[-111.5533,41.0206],[-111.5575,41.0241],[-111.5534,41.0299],[-111.5616,41.0357],[-111.5605,41.0394],[-111.5635,41.0445],[-111.5531,41.0582],[-111.5391,41.0602],[-111.5387,41.0649],[-111.5335,41.072],[-111.541,41.0779],[-111.5362,41.0879],[-111.5412,41.093],[-111.5387,41.0992],[-111.5432,41.1039],[-111.5453,41.1192],[-111.5513,41.1239],[-111.555,41.1321],[-111.5536,41.1429],[-111.5598,41.1494],[-111.5599,41.1543],[-111.5664,41.1649],[-111.5738,41.169],[-111.5634,41.1758],[-111.5606,41.1805],[-111.5639,41.186],[-111.5563,41.1958],[-111.5495,41.2002],[-111.5466,41.2116],[-111.5437,41.2135],[-111.5468,41.2208],[-111.5402,41.2223],[-111.5332,41.2303],[-111.5127,41.2286],[-111.5065,41.2309],[-111.4972,41.2273],[-111.491,41.2376],[-111.4943,41.2411],[-111.4772,41.2452],[-111.4783,41.2504],[-111.4716,41.2515],[-111.4711,41.2557],[-111.4643,41.2583],[-111.4668,41.2619],[-111.4623,41.2665],[-111.4574,41.2673],[-111.4577,41.2736],[-111.4479,41.2748],[-111.4454,41.2779],[-111.4463,41.2848],[-111.4401,41.2899],[-111.443,41.2923],[-111.4394,41.2952],[-111.4449,41.3034],[-111.4444,41.307],[-111.4486,41.3107],[-111.4492,41.316],[-111.4431,41.3222],[-111.4379,41.323],[-111.4365,41.3361],[-111.4381,41.3382],[-111.4347,41.3421],[-111.429,41.3417],[-111.4244,41.3451],[-111.4241,41.3562],[-111.4206,41.3613],[-111.4237,41.3651],[-111.4329,41.362],[-111.4372,41.3667],[-111.4459,41.3669],[-111.4457,41.3713],[-111.4479,41.3729],[-111.4601,41.3739],[-111.4627,41.3795],[-111.4776,41.3843],[-111.4785,41.3906],[-111.4756,41.4],[-111.4816,41.4011],[-111.4845,41.4048],[-111.4934,41.4055],[-111.4994,41.4083],[-111.5033,41.4134],[-111.5079,41.4138],[-111.5065,41.418],[-111.5107,41.4207],[-111.5108,41.4232],[-111.5175,41.4218],[-111.5214,41.416],[-111.5319,41.4146],[-111.5338,41.4116],[-111.5437,41.4073],[-111.5515,41.4139],[-111.5541,41.4237],[-111.5561,41.4247],[-111.5645,41.4232],[-111.5751,41.4279],[-111.5846,41.4183],[-111.5992,41.4215],[-111.6092,41.4189],[-111.6126,41.4218],[-111.6185,41.4224],[-111.6265,41.4176],[-111.6314,41.418],[-111.6403,41.4143],[-111.6441,41.406],[-111.6477,41.4055],[-111.6525,41.408],[-111.6522,41.4105],[-111.6666,41.4287],[-111.6791,41.4276],[-111.6859,41.4217],[-111.6987,41.4184],[-111.7076,41.4253],[-111.7118,41.4232],[-111.7216,41.4271],[-111.7229,41.423],[-111.718,41.4159],[-111.7062,41.4113],[-111.7065,41.405],[-111.7118,41.3995],[-111.7114,41.3956],[-111.7165,41.3945],[-111.7266,41.3853],[-111.7257,41.3763],[-111.7372,41.3744],[-111.7462,41.3699],[-111.7608,41.3688],[-111.7679,41.3711],[-111.7715,41.3758],[-111.7891,41.3846],[-111.7931,41.3914],[-111.7978,41.3923],[-111.8134,41.388],[-111.8201,41.3918],[-111.8277,41.3926],[-111.8297,41.3894],[-111.8368,41.3883],[-111.8467,41.3941],[-111.8549,41.3943],[-111.8614,41.3967],[-111.8627,41.3995],[-111.8692,41.3993],[-111.8751,41.4049],[-111.8758,41.4099],[-111.8801,41.4145],[-111.8723,41.4214],[-111.8859,41.4267],[-111.8914,41.4231],[-111.8928,41.4188],[-111.9029,41.4193],[-111.9056,41.4152],[-111.9126,41.4165],[-111.9184,41.4126],[-111.9383,41.4158],[-111.9408,41.4207]]]}},{"type":"Feature","properties":{"huc8":"16020201","name":"Utah Lake"},"geometry":{"type":"Polygon","coordinates":[[[-111.598,40.578],[-111.6024,40.5751],[-111.602,40.5696],[-111.6057,40.5645],[-111.6378,40.5681],[-111.6501,40.5513],[-111.6614,40.55],[-111.664,40.5413],[-111.6726,40.5378],[-111.6784,40.5317],[-111.6861,40.5316],[-111.6982,40.5357],[-111.7131,40.5327],[-111.7204,40.5252],[-111.7351,40.5327],[-111.7398,40.5241],[-111.7438,40.5226],[-111.7627,40.5292],[-111.7698,40.5225],[-111.7784,40.5201],[-111.788,40.5136],[-111.7916,40.5052],[-111.7894,40.4979],[-111.8022,40.4938],[-111.8092,40.4885],[-111.8161,40.4891],[-111.8237,40.4848],[-111.8312,40.4841],[-111.8341,40.475],[-111.8509,40.4756],[-111.8504,40.4717],[-111.8551,40.4697],[-111.8556,40.4669],[-111.8653,40.4701],[-111.8706,40.4767],[-111.8737,40.4768],[-111.8923,40.4641],[-111.9018,40.4625],[-111.9116,40.4497],[-111.9247,40.4417],[-111.9258,40.4364],[-111.9597,40.4186],[-111.9682,40.4197],[-111.9819,40.4143],[-111.9853,40.4184],[-111.9921,40.42],[-111.9929,40.4243],[-111.9994,40.4241],[-112.0062,40.4277],[-112.009,40.4323],[-112.0067,40.4351],[-112.0107,40.4371],[-112.0163,40.4351],[-112.0215,40.439],[-112.0246,40.4445],[-112.0205,40.4473],[-112.0247,40.4504],[-112.0315,40.451],[-112.0304,40.4545],[-112.0331,40.4625],[-112.0382,40.4646],[-112.046,40.4573],[-112.0592,40.453],[-112.0671,40.4463],[-112.0923,40.448],[-112.1016,40.4454],[-112.1118,40.4389],[-112.1145,40.4414],[-112.1146,40.4504],[-112.1318,40.4644],[-112.1431,40.4703],[-112.1559,40.4672],[-112.1601,40.461],[-112.1692,40.4636],[-112.1729,40.4669],[-112.1904,40.4684],[-112.1956,40.4623],[-112.2122,40.4592],[-112.2142,40.4523],[-112.2094,40.4321],[-112.2051,40.4311],[-112.1948,40.421],[-112.198,40.4148],[-112.1995,40.3907],[-112.2017,40.3878],[-112.1994,40.3828],[-112.1888,40.3725],[-112.1937,40.368],[-112.1947,40.3614],[-112.1756,40.3358],[-112.1963,40.3262],[-112.1935,40.319],[-112.1979,40.3158],[-112.1987,40.3072],[-112.1922,40.3042],[-112.1897,40.3003],[-112.1866,40.2869],[-112.1885,40.2855],[-112.1891,40.2735],[-112.1929,40.269],[-112.1921,40.2645],[-112.1843,40.2581],[-112.1825,40.2382],[-112.1767,40.2277],[-112.1709,40.2258],[-112.1673,40.2184],[-112.1542,40.2183],[-112.1549,40.2152],[-112.1496,40.2123],[-112.1585,40.2067],[-112.1573,40.2031],[-112.1605,40.1988],[-112.1541,40.1972],[-112.1519,40.1941],[-112.1486,40.1956],[-112.1489,40.191],[-112.1469,40.1894],[-112.1524,40.1845],[-112.1529,40.1792],[-112.1469,40.1783],[-112.1443,40.1732],[-112.1459,40.1709],[-112.1555,40.1704],[-112.1588,40.1632],[-112.1763,40.1558],[-112.1678,40.1468],[-112.1762,40.131],[-112.1637,40.1233],[-112.1641,40.1186],[-112.1608,40.1143],[-112.156,40.1131],[-112.1541,40.1077],[-112.1585,40.1005],[-112.158,40.0888],[-112.1728,40.0843],[-112.176,40.0776],[-112.1721,40.0685],[-112.1733,40.0662],[-112.1802,40.0673],[-112.1837,40.0599],[-112.172,40.0396],[-112.1749,40.0354],[-112.1741,40.0327],[-112.1774,40.03],[-112.1769,40.0194],[-112.1798,40.0115],[-112.1602,40.0069],[-112.1506,39.998],[-112.1509,39.9933],[-112.142,39.9897],[-112.142,39.9864],[-112.1327,39.9774],[-112.1244,39.974],[-112.1098,39.9737],[-112.1023,39.9591],[-112.0941,39.954],[-112.1027,39.948],[-112.1057,39.9409],[-112.1027,39.9349],[-112.1035,39.9288],[-112.093,39.9303],[-112.0924,39.9277],[-112.0853,39.9255],[-112.0835,39.9185],[-112.0806,39.9172],[-112.0811,39.913],[-112.0718,39.9111],[-112.0626,39.9047],[-112.061,39.8981],[-112.0536,39.8935],[-112.0595,39.8873],[-112.0594,39.8799],[-112.0663,39.8762],[-112.0706,39.8698],[-112.0813,39.865],[-112.0806,39.8534],[-112.0768,39.8529],[-112.074,39.8472],[-112.0752,39.8397],[-112.0702,39.8379],[-112.0654,39.8299],[-112.0682,39.8275],[-112.0713,39.8143],[-112.0777,39.809],[-112.08,39.8021],[-112.0767,39.8001],[-112.0873,39.7904],[-112.0897,39.782],[-112.0685,39.7773],[-112.0611,39.7821],[-112.0558,39.7774],[-112.0476,39.7769],[-112.0415,39.7833],[-112.0318,39.7812],[-112.0258,39.7827],[-112.0251,39.7862],[-112.0208,39.7865],[-112.0162,39.7917],[-112.0044,39.7957],[-112.0031,39.8],[-111.9909,39.8047],[-111.9896,39.8116],[-111.9711,39.8067],[-111.9639,39.8154],[-111.9595,39.8148],[-111.9546,39.8115],[-111.9513,39.8026],[-111.9523,39.7923],[-111.9494,39.7891],[-111.9516,39.7819],[-111.9497,39.7733],[-111.9384,39.7615],[-111.9422,39.7491],[-111.9466,39.7449],[-111.9468,39.7428],[-111.9412,39.7383],[-111.9448,39.7343],[-111.9405,39.7297],[-111.9452,39.7258],[-111.942,39.718],[-111.945,39.7131],[-111.9416,39.708],[-111.9477,39.703],[-111.9485,39.6983],[-111.9457,39.6932],[-111.9368,39.687],[-111.9373,39.6837],[-111.9396,39.6801],[-111.9454,39.6792],[-111.9479,39.6754],[-111.9465,39.6739],[-111.9623,39.6649],[-111.964,39.6578],[-111.958,39.6566],[-111.9581,39.6529],[-111.953,39.6507],[-111.9533,39.6458],[-111.9511,39.6449],[-111.9514,39.641],[-111.9474,39.6345],[-111.9439,39.6326],[-111.9359,39.6404],[-111.9095,39.632],[-111.9075,39.6291],[-111.8964,39.6252],[-111.8804,39.6244],[-111.8673,39.6204],[-111.8226,39.6182],[-111.8125,39.6134],[-111.8067,39.6045],[-111.7947,39.6056],[-111.7806,39.5885],[-111.7764,39.5868],[-111.7662,39.5905],[-111.7596,39.5871],[-111.7572,39.5831],[-111.7491,39.5833],[-111.7409,39.5872],[-111.7263,39.5848],[-111.7198,39.5906],[-111.7123,39.5924],[-111.7085,39.6017],[-111.7115,39.6099],[-111.7107,39.615],[-111.7201,39.6198],[-111.7434,39.6417],[-111.7383,39.6516],[-111.7404,39.6565],[-111.7345,39.6551],[-111.7232,39.6594],[-111.7145,39.6584],[-111.7046,39.6644],[-111.6801,39.6693],[-111.671,39.6785],[-111.6681,39.6864],[-111.6651,39.6876],[-111.6391,39.6905],[-111.6293,39.6939],[-111.6175,39.6927],[-111.6106,39.6967],[-111.603,39.6963],[-111.5921,39.7005],[-111.5848,39.7104],[-111.5808,39.7092],[-111.575,39.7124],[-111.5736,39.716],[-111.5708,39.7152],[-111.5674,39.7252],[-111.5693,39.7271],[-111.5681,39.7396],[-111.5745,39.7422],[-111.5761,39.7486],[-111.5721,39.7558],[-111.5788,39.7612],[-111.5818,39.7706],[-111.588,39.7707],[-111.5883,39.7746],[-111.5946,39.7773],[-111.6154,39.7725],[-111.6149,39.7778],[-111.621,39.7918],[-111.6233,39.794],[-111.6305,39.7927],[-111.6361,39.7947],[-111.6367,39.8022],[-111.6422,39.8069],[-111.6415,39.8106],[-111.6538,39.8095],[-111.6574,39.8124],[-111.6739,39.807],[-111.6779,39.8033],[-111.6829,39.8062],[-111.6863,39.8038],[-111.6961,39.8055],[-111.6971,39.8131],[-111.6952,39.8144],[-111.6972,39.8182],[-111.7004,39.8185],[-111.7065,39.8265],[-111.7108,39.8272],[-111.7135,39.835],[-111.722,39.8399],[-111.7179,39.8464],[-111.7122,39.8472],[-111.6995,39.8585],[-111.686,39.8638],[-111.6885,39.8716],[-111.6835,39.8771],[-111.6894,39.8803],[-111.6883,39.8846],[-111.6975,39.8961],[-111.6956,39.9014],[-111.7125,39.9209],[-111.7328,39.9322],[-111.7315,39.9467],[-111.7543,39.9439],[-111.7663,39.9475],[-111.7703,39.956],[-111.7911,39.9724],[-111.8021,39.9842],[-111.8043,39.9897],[-111.8099,39.9921],[-111.8107,40.0004],[-111.8075,40.0061],[-111.8036,40.008],[-111.8029,40.0123],[-111.8075,40.0152],[-111.8101,40.0208],[-111.8078,40.0264],[-111.8111,40.0285],[-111.8181,40.0279],[-111.8201,40.0328],[-111.8263,40.036],[-111.8255,40.0386],[-111.8294,40.0413],[-111.828,40.0454],[-111.8307,40.0491],[-111.8255,40.0757],[-111.8292,40.0777],[-111.8231,40.083],[-111.8219,40.0935],[-111.8244,40.0952],[-111.8172,40.1148],[-111.8164,40.1232],[-111.8121,40.1295],[-111.8133,40.1331],[-111.8063,40.1458],[-111.8015,40.1403],[-111.8005,40.1369],[-111.8027,40.1373],[-111.8026,40.1347],[-111.7998,40.1341],[-111.797,40.1286],[-111.7928,40.1286],[-111.7905,40.1345],[-111.7751,40.138],[-111.752,40.1422],[-111.7497,40.1378],[-111.7512,40.1422],[-111.7408,40.1468],[-111.7391,40.1513],[-111.7436,40.1647],[-111.7483,40.1665],[-111.735,40.1704],[-111.7354,40.18],[-111.7223,40.1748],[-111.7205,40.1712],[-111.722,40.1679],[-111.7133,40.1603],[-111.7104,40.1604],[-111.696,40.1734],[-111.6839,40.1714],[-111.6826,40.1686],[-111.6781,40.1738],[-111.6658,40.17],[-111.6638,40.1746],[-111.6583,40.1768],[-111.6579,40.1807],[-111.6527,40.1824],[-111.6522,40.1867],[-111.6406,40.1884],[-111.6397,40.1902],[-111.6429,40.1934],[-111.6317,40.1942],[-111.6146,40.2057],[-111.5886,40.2138],[-111.5833,40.2106],[-111.5758,40.2133],[-111.5628,40.212],[-111.5523,40.2198],[-111.5516,40.2252],[-111.5587,40.232],[-111.5598,40.237],[-111.557,40.2442],[-111.5674,40.2447],[-111.5807,40.2411],[-111.5896,40.2442],[-111.5965,40.2407],[-111.5964,40.2497],[-111.6067,40.2566],[-111.6108,40.2547],[-111.6193,40.259],[-111.6234,40.2654],[-111.6398,40.2645],[-111.6551,40.2591],[-111.6732,40.2433],[-111.6851,40.2386],[-111.7192,40.2313],[-111.7288,40.2371],[-111.7389,40.2369],[-111.7255,40.2374],[-111.7115,40.2427],[-111.7069,40.2459],[-111.7036,40.2543],[-111.6917,40.2581],[-111.6762,40.2763],[-111.6654,40.3121],[-111.6572,40.3269],[-111.66,40.3285],[-111.6623,40.3362],[-111.6589,40.3467],[-111.6613,40.3485],[-111.6539,40.3537],[-111.6478,40.3635],[-111.6333,40.3727],[-111.6322,40.3802],[-111.6366,40.3844],[-111.6438,40.3861],[-111.6466,40.392],[-111.6376,40.3995],[-111.6361,40.4064],[-111.6305,40.4136],[-111.6195,40.419],[-111.6194,40.4237],[-111.6126,40.4322],[-111.618,40.4393],[-111.6159,40.4438],[-111.621,40.4495],[-111.6204,40.455],[-111.6149,40.4576],[-111.6087,40.4667],[-111.595,40.4676],[-111.5748,40.4869],[-111.5744,40.493],[-111.5792,40.5003],[-111.5755,40.503],[-111.5755,40.5167],[-111.5717,40.52],[-111.5697,40.5268],[-111.5727,40.5376],[-111.5677,40.5474],[-111.5755,40.5547],[-111.5817,40.5665],[-111.5911,40.5722],[-111.5937,40.5771],[-111.598,40.578]]]}},{"type":"Feature","properties":{"huc8":"16020203","name":"Provo"},"geometry":{"type":"Polygon","coordinates":[[[-110.9654,40.7112],[-110.9711,40.7104],[-110.9797,40.6983],[-110.9845,40.6985],[-110.9949,40.69],[-111.0126,40.6913],[-111.0175,40.6939],[-111.0256,40.6839],[-111.0302,40.6845],[-111.0354,40.6808],[-111.0542,40.6827],[-111.0629,40.6778],[-111.0746,40.6797],[-111.0827,40.6847],[-111.0958,40.6863],[-111.102,40.6789],[-111.1113,40.6778],[-111.115,40.6749],[-111.1094,40.6553],[-111.1116,40.6509],[-111.11,40.6465],[-111.1164,40.6388],[-111.1139,40.628],[-111.1183,40.6222],[-111.1209,40.6101],[-111.1309,40.6068],[-111.136,40.6004],[-111.1443,40.5993],[-111.1518,40.6042],[-111.1551,40.5994],[-111.1603,40.6051],[-111.1715,40.6095],[-111.1738,40.5981],[-111.1839,40.5884],[-111.1902,40.5898],[-111.1958,40.5876],[-111.2101,40.5913],[-111.2166,40.5864],[-111.2282,40.5843],[-111.2501,40.594],[-111.2657,40.6077],[-111.2753,40.6129],[-111.289,40.6159],[-111.3014,40.6226],[-111.3073,40.6227],[-111.3174,40.6172],[-111.325,40.6201],[-111.3266,40.623],[-111.3438,40.6234],[-111.3552,40.6269],[-111.3579,40.6298],[-111.3644,40.631],[-111.3687,40.629],[-111.3754,40.6327],[-111.3744,40.6373],[-111.3765,40.6426],[-111.381,40.6455],[-111.3819,40.6517],[-111.3864,40.6531],[-111.3901,40.6602],[-111.3887,40.6706],[-111.3913,40.6709],[-111.3914,40.6748],[-111.3896,40.6778],[-111.394,40.6837],[-111.3922,40.6888],[-111.3938,40.6904],[-111.3986,40.6906],[-111.4121,40.6813],[-111.4239,40.6813],[-111.4273,40.6854],[-111.4366,40.6859],[-111.4367,40.6758],[-111.4304,40.6651],[-111.4351,40.6609],[-111.4449,40.6595],[-111.4515,40.6525],[-111.4538,40.6544],[-111.4606,40.6532],[-111.4636,40.6448],[-111.468,40.6461],[-111.4735,40.6438],[-111.4752,40.6379],[-111.4709,40.6337],[-111.4869,40.621],[-111.4866,40.6154],[-111.4822,40.6095],[-111.4867,40.6011],[-111.4964,40.6029],[-111.502,40.6067],[-111.5095,40.606],[-111.5403,40.6133],[-111.5543,40.6083],[-111.5593,40.6016],[-111.5599,40.5908],[-111.5641,40.5849],[-111.572,40.5822],[-111.5777,40.5835],[-111.5878,40.5813],[-111.5937,40.5771],[-111.5911,40.5722],[-111.5816,40.5664],[-111.5755,40.5547],[-111.5677,40.5474],[-111.5727,40.5376],[-111.5697,40.5268],[-111.5717,40.52],[-111.5755,40.5167],[-111.5755,40.503],[-111.5792,40.5003],[-111.5744,40.493],[-111.5748,40.4869],[-111.595,40.4676],[-111.6087,40.4667],[-111.6149,40.4576],[-111.6204,40.455],[-111.621,40.4495],[-111.6159,40.4438],[-111.618,40.4393],[-111.6126,40.4322],[-111.6194,40.4237],[-111.6195,40.419],[-111.6305,40.4136],[-111.6361,40.4064],[-111.6376,40.3995],[-111.6466,40.392],[-111.6438,40.3861],[-111.6366,40.3844],[-111.6322,40.3802],[-111.6333,40.3727],[-111.6478,40.3635],[-111.6539,40.3537],[-111.6613,40.3485],[-111.6589,40.3467],[-111.6623,40.3362],[-111.66,40.3285],[-111.6572,40.3269],[-111.6654,40.3121],[-111.6762,40.2763],[-111.6917,40.2581],[-111.7036,40.2543],[-111.7069,40.2459],[-111.7115,40.2427],[-111.7255,40.2374],[-111.7389,40.2369],[-111.7288,40.2371],[-111.7192,40.2313],[-111.6851,40.2386],[-111.6732,40.2433],[-111.6551,40.2591],[-111.6357,40.265],[-111.6233,40.2654],[-111.6193,40.259],[-111.6108,40.2547],[-111.6067,40.2566],[-111.5955,40.2485],[-111.5965,40.2407],[-111.5896,40.2442],[-111.5807,40.2411],[-111.5674,40.2447],[-111.557,40.2442],[-111.5467,40.2481],[-111.5444,40.2524],[-111.5446,40.2638],[-111.541,40.269],[-111.5265,40.2744],[-111.5217,40.2821],[-111.502,40.2851],[-111.4932,40.2904],[-111.4866,40.2886],[-111.4719,40.2912],[-111.4591,40.3008],[-111.4522,40.297],[-111.4516,40.2932],[-111.4421,40.2898],[-111.4336,40.2919],[-111.4266,40.2869],[-111.4129,40.2894],[-111.4104,40.2951],[-111.4023,40.2959],[-111.3967,40.2923],[-111.3923,40.2962],[-111.3817,40.2944],[-111.3772,40.2974],[-111.3605,40.2886],[-111.3372,40.2883],[-111.3276,40.2821],[-111.3221,40.2872],[-111.3101,40.2898],[-111.3083,40.2976],[-111.2973,40.3103],[-111.2776,40.2979],[-111.2688,40.2996],[-111.2514,40.2978],[-111.2504,40.304],[-111.2469,40.3044],[-111.2456,40.3076],[-111.2498,40.3102],[-111.2533,40.3167],[-111.2538,40.3241],[-111.2438,40.3352],[-111.2443,40.3414],[-111.2476,40.3448],[-111.2414,40.3506],[-111.2444,40.3677],[-111.2423,40.3718],[-111.2426,40.3856],[-111.2357,40.3989],[-111.2399,40.406],[-111.2361,40.4109],[-111.2278,40.4135],[-111.2237,40.4187],[-111.2023,40.4076],[-111.1899,40.4081],[-111.1856,40.4058],[-111.1811,40.4082],[-111.1807,40.4122],[-111.1741,40.4144],[-111.1791,40.4197],[-111.1791,40.4282],[-111.1814,40.4338],[-111.1851,40.4355],[-111.1849,40.4385],[-111.1696,40.4501],[-111.1555,40.4547],[-111.1413,40.4628],[-111.135,40.4601],[-111.1086,40.468],[-111.095,40.4624],[-111.0912,40.4648],[-111.0662,40.4669],[-111.0651,40.4694],[-111.0571,40.4722],[-111.0399,40.4733],[-111.0299,40.4766],[-111.0325,40.48],[-111.0291,40.4904],[-111.0185,40.4916],[-111.0092,40.497],[-110.9964,40.4999],[-110.9937,40.5151],[-110.9871,40.5156],[-110.9844,40.5135],[-110.9759,40.5177],[-110.9701,40.5174],[-110.9558,40.5054],[-110.9505,40.5039],[-110.9435,40.5081],[-110.933,40.5103],[-110.9331,40.519],[-110.92,40.521],[-110.9267,40.525],[-110.9249,40.5269],[-110.927,40.5326],[-110.9258,40.537],[-110.9444,40.5453],[-110.9491,40.5505],[-110.955,40.551],[-110.9545,40.5574],[-110.9676,40.562],[-110.9781,40.5721],[-110.9755,40.5751],[-110.9542,40.568],[-110.9485,40.5759],[-110.9339,40.5854],[-110.9314,40.5938],[-110.9321,40.6051],[-110.938,40.6163],[-110.9361,40.6229],[-110.941,40.6288],[-110.9308,40.6329],[-110.9259,40.6387],[-110.9146,40.6399],[-110.9157,40.6477],[-110.9081,40.6562],[-110.9113,40.6653],[-110.9071,40.6748],[-110.9019,40.6788],[-110.8917,40.6805],[-110.9017,40.6854],[-110.905,40.694],[-110.9036,40.6991],[-110.9202,40.7005],[-110.9288,40.698],[-110.9355,40.7001],[-110.9426,40.7064],[-110.9472,40.7061],[-110.9519,40.7094],[-110.9611,40.7074],[-110.9654,40.7112]]]}},{"type":"Feature","properties":{"huc8":"16020204","name":"Jordan"},"geometry":{"type":"Polygon","coordinates":[[[-111.9717,40.9354],[-111.973,40.9403],[-111.9733,40.9357],[-111.9756,40.9348],[-111.9725,40.9324],[-111.9736,40.9286],[-111.9793,40.9301],[-111.9811,40.9257],[-111.9881,40.9286],[-111.9939,40.9236],[-111.9838,40.9184],[-111.967,40.9283],[-111.9562,40.9286],[-111.966,40.9271],[-111.9717,40.9207],[-111.9768,40.9191],[-111.9763,40.9126],[-111.9819,40.9178],[-111.9832,40.9165],[-111.9809,40.915],[-111.9855,40.9135],[-111.9787,40.9109],[-111.9857,40.9067],[-112.0004,40.9061],[-111.9937,40.9008],[-112.0022,40.9009],[-112.0001,40.8977],[-112.0045,40.899],[-112.0061,40.8987],[-112.0039,40.8969],[-112.0074,40.8967],[-112.0194,40.9015],[-112.0298,40.9023],[-112.0292,40.9],[-112.0375,40.899],[-112.0389,40.8969],[-112.0496,40.8965],[-112.0525,40.8922],[-112.069,40.8884],[-112.0704,40.8837],[-112.0752,40.884],[-112.0769,40.8869],[-112.0823,40.8848],[-112.0837,40.8786],[-112.093,40.8783],[-112.0878,40.8725],[-112.0931,40.8713],[-112.1069,40.871],[-112.1034,40.8734],[-112.1172,40.8743],[-112.1185,40.8769],[-112.1352,40.8832],[-112.1388,40.8914],[-112.1467,40.8971],[-112.149,40.9018],[-112.1545,40.9025],[-112.1547,40.8845],[-112.1579,40.8727],[-112.1535,40.8614],[-112.1648,40.8536],[-112.1622,40.8494],[-112.1586,40.8497],[-112.1548,40.8445],[-112.1503,40.8433],[-112.1488,40.8385],[-112.1409,40.8362],[-112.137,40.8303],[-112.1365,40.8257],[-112.1407,40.824],[-112.1393,40.821],[-112.1426,40.8117],[-112.1391,40.8001],[-112.1653,40.7749],[-112.173,40.7757],[-112.1737,40.7737],[-112.1701,40.772],[-112.1712,40.769],[-112.1743,40.7697],[-112.1747,40.7659],[-112.18,40.7654],[-112.1802,40.7619],[-112.1946,40.7413],[-112.2068,40.7325],[-112.2099,40.7328],[-112.2199,40.7267],[-112.2228,40.7282],[-112.2222,40.7255],[-112.2278,40.7256],[-112.2234,40.717],[-112.2258,40.7113],[-112.2216,40.7045],[-112.2216,40.6961],[-112.2031,40.6818],[-112.2043,40.6779],[-112.2015,40.6724],[-112.2013,40.6639],[-112.2029,40.6541],[-112.1979,40.6484],[-112.1939,40.6355],[-112.1977,40.6252],[-112.1888,40.6144],[-112.182,40.6122],[-112.1787,40.6056],[-112.1753,40.6039],[-112.1776,40.5961],[-112.175,40.5852],[-112.1814,40.5805],[-112.1805,40.5773],[-112.1835,40.5734],[-112.1829,40.5623],[-112.1782,40.5561],[-112.1793,40.5463],[-112.1829,40.5391],[-112.1792,40.5315],[-112.1788,40.5218],[-112.1876,40.5137],[-112.1805,40.5028],[-112.1759,40.5],[-112.1804,40.4977],[-112.1814,40.4935],[-112.1769,40.4852],[-112.1783,40.4821],[-112.1763,40.4767],[-112.1719,40.4721],[-112.1718,40.4653],[-112.1601,40.461],[-112.1532,40.4684],[-112.1455,40.4704],[-112.1388,40.4684],[-112.1143,40.4501],[-112.1145,40.4414],[-112.1121,40.4389],[-112.1016,40.4454],[-112.0923,40.448],[-112.0671,40.4463],[-112.0592,40.453],[-112.0467,40.457],[-112.0383,40.4645],[-112.0362,40.4642],[-112.0324,40.4608],[-112.0315,40.451],[-112.0247,40.4504],[-112.0205,40.4473],[-112.0246,40.4435],[-112.0168,40.4353],[-112.0107,40.4371],[-112.0069,40.4353],[-112.009,40.4323],[-112.0062,40.4277],[-111.9994,40.4241],[-111.9929,40.4243],[-111.9921,40.42],[-111.9853,40.4184],[-111.9819,40.4143],[-111.9682,40.4197],[-111.9597,40.4186],[-111.9258,40.4364],[-111.9247,40.4417],[-111.9116,40.4497],[-111.9018,40.4625],[-111.8923,40.4641],[-111.8737,40.4768],[-111.8706,40.4767],[-111.8653,40.4701],[-111.8556,40.4669],[-111.8551,40.4697],[-111.8504,40.4717],[-111.8509,40.4756],[-111.8341,40.475],[-111.8312,40.4841],[-111.8237,40.4848],[-111.8161,40.4891],[-111.8092,40.4885],[-111.8022,40.4938],[-111.7894,40.4979],[-111.7916,40.5052],[-111.788,40.5136],[-111.7784,40.5201],[-111.7698,40.5225],[-111.7627,40.5292],[-111.7438,40.5226],[-111.7398,40.5241],[-111.7351,40.5327],[-111.7204,40.5252],[-111.7131,40.5327],[-111.6982,40.5357],[-111.6861,40.5316],[-111.6784,40.5317],[-111.6726,40.5378],[-111.664,40.5413],[-111.6614,40.55],[-111.6501,40.5513],[-111.6378,40.5681],[-111.6057,40.5645],[-111.602,40.5696],[-111.6024,40.5751],[-111.5995,40.5775],[-111.5935,40.5771],[-111.5878,40.5813],[-111.5777,40.5835],[-111.572,40.5822],[-111.564,40.585],[-111.5599,40.5908],[-111.5593,40.6016],[-111.5534,40.6106],[-111.5588,40.6133],[-111.5577,40.6195],[-111.5675,40.6232],[-111.5687,40.6291],[-111.5762,40.6328],[-111.5777,40.6436],[-111.5938,40.6516],[-111.5965,40.6597],[-111.6045,40.6666],[-111.6018,40.671],[-111.6019,40.6858],[-111.593,40.7004],[-111.6118,40.7188],[-111.615,40.7195],[-111.6164,40.7231],[-111.6135,40.7281],[-111.6233,40.7312],[-111.6217,40.7379],[-111.6246,40.7408],[-111.6174,40.7465],[-111.6233,40.7542],[-111.6211,40.7582],[-111.6369,40.7631],[-111.6385,40.7693],[-111.6491,40.7734],[-111.6454,40.7789],[-111.6464,40.7826],[-111.6431,40.786],[-111.6488,40.7922],[-111.6463,40.7977],[-111.6412,40.799],[-111.6424,40.806],[-111.6391,40.8097],[-111.6458,40.824],[-111.652,40.8241],[-111.6524,40.8272],[-111.6567,40.8304],[-111.6659,40.8307],[-111.6641,40.8413],[-111.6607,40.8452],[-111.6638,40.8499],[-111.6956,40.8618],[-111.7012,40.8615],[-111.7067,40.8527],[-111.7126,40.8519],[-111.7208,40.8558],[-111.7254,40.8548],[-111.7389,40.8611],[-111.7474,40.8599],[-111.7525,40.853],[-111.7601,40.8529],[-111.7783,40.8446],[-111.789,40.8456],[-111.8039,40.8386],[-111.8125,40.8401],[-111.8172,40.8385],[-111.8313,40.849],[-111.8418,40.8493],[-111.8465,40.8635],[-111.8505,40.8658],[-111.85,40.8692],[-111.8763,40.8753],[-111.9151,40.8792],[-111.9258,40.8843],[-111.9376,40.8977],[-111.9483,40.9032],[-111.9488,40.9087],[-111.9459,40.9069],[-111.9426,40.9111],[-111.948,40.9122],[-111.9485,40.9314],[-111.9533,40.9344],[-111.9608,40.9315],[-111.9616,40.9339],[-111.9578,40.9396],[-111.9639,40.935],[-111.9666,40.9312],[-111.9654,40.9294],[-111.9717,40.9354]]]}},{"type":"Feature","properties":{"huc8":"16020202","name":"Spanish Fork"},"geometry":{"type":"Polygon","coordinates":[[[-111.4583,40.3005],[-111.4719,40.2912],[-111.4866,40.2886],[-111.4932,40.2904],[-111.502,40.2851],[-111.5217,40.2821],[-111.5265,40.2744],[-111.5406,40.2693],[-111.5446,40.2638],[-111.5444,40.2524],[-111.5467,40.2481],[-111.5569,40.2444],[-111.5589,40.2405],[-111.5588,40.2322],[-111.5516,40.2251],[-111.5538,40.2174],[-111.5624,40.2122],[-111.5758,40.2133],[-111.5833,40.2106],[-111.5886,40.2138],[-111.6137,40.2061],[-111.6317,40.1942],[-111.6429,40.1934],[-111.6397,40.1902],[-111.6406,40.1884],[-111.6522,40.1867],[-111.6527,40.1824],[-111.6579,40.1807],[-111.6583,40.1768],[-111.6638,40.1746],[-111.6658,40.17],[-111.6781,40.1738],[-111.6826,40.1686],[-111.6839,40.1714],[-111.6963,40.1733],[-111.7106,40.1603],[-111.7177,40.1622],[-111.722,40.168],[-111.7205,40.1712],[-111.7223,40.1748],[-111.7354,40.18],[-111.735,40.1704],[-111.7483,40.1665],[-111.7436,40.1647],[-111.7391,40.1513],[-111.7408,40.1468],[-111.7512,40.1422],[-111.7497,40.1378],[-111.752,40.1422],[-111.7751,40.138],[-111.7905,40.1345],[-111.7928,40.1286],[-111.797,40.1286],[-111.7998,40.1341],[-111.8026,40.1347],[-111.8027,40.1373],[-111.8005,40.1369],[-111.8015,40.1403],[-111.8063,40.1458],[-111.8133,40.1331],[-111.8121,40.1295],[-111.8164,40.1232],[-111.8172,40.1148],[-111.8244,40.0952],[-111.8219,40.0935],[-111.8231,40.083],[-111.8292,40.0777],[-111.8255,40.0757],[-111.8306,40.0528],[-111.8305,40.0481],[-111.828,40.0454],[-111.8294,40.0413],[-111.8255,40.0386],[-111.8261,40.0357],[-111.8181,40.0306],[-111.8181,40.0279],[-111.8111,40.0285],[-111.8078,40.0265],[-111.8101,40.0208],[-111.8075,40.0152],[-111.803,40.0129],[-111.8036,40.008],[-111.8075,40.0061],[-111.8107,40.0004],[-111.8103,39.9926],[-111.8043,39.9897],[-111.8021,39.9842],[-111.7911,39.9724],[-111.7703,39.956],[-111.7663,39.9475],[-111.7543,39.9439],[-111.7315,39.9467],[-111.7328,39.9322],[-111.7156,39.9232],[-111.6998,39.9077],[-111.6951,39.9004],[-111.6975,39.8961],[-111.6883,39.8846],[-111.6894,39.8803],[-111.6835,39.8773],[-111.6885,39.8716],[-111.6855,39.8656],[-111.6869,39.8623],[-111.6995,39.8585],[-111.7122,39.8472],[-111.7182,39.8462],[-111.7219,39.8406],[-111.7189,39.8368],[-111.7135,39.835],[-111.7108,39.8272],[-111.7065,39.8265],[-111.7004,39.8185],[-111.6972,39.8182],[-111.6952,39.8144],[-111.6971,39.8131],[-111.6961,39.8055],[-111.6863,39.8038],[-111.6829,39.8062],[-111.6779,39.8033],[-111.6739,39.807],[-111.6574,39.8124],[-111.6538,39.8095],[-111.6415,39.8106],[-111.6422,39.8069],[-111.6367,39.8022],[-111.6361,39.7947],[-111.6305,39.7927],[-111.6233,39.794],[-111.621,39.7918],[-111.6149,39.7778],[-111.6154,39.7725],[-111.5946,39.7773],[-111.5883,39.7746],[-111.588,39.7707],[-111.5818,39.7706],[-111.5788,39.7612],[-111.5721,39.7558],[-111.5761,39.7494],[-111.5745,39.7422],[-111.5681,39.7395],[-111.5693,39.7271],[-111.5674,39.7252],[-111.5707,39.715],[-111.5529,39.7102],[-111.5488,39.7114],[-111.5485,39.7067],[-111.5385,39.7047],[-111.5364,39.699],[-111.5315,39.7034],[-111.5144,39.7002],[-111.5052,39.7076],[-111.4837,39.7175],[-111.4693,39.7144],[-111.4556,39.719],[-111.4571,39.7257],[-111.45,39.7305],[-111.445,39.7548],[-111.4343,39.7621],[-111.4268,39.7615],[-111.4256,39.7632],[-111.4275,39.7758],[-111.4188,39.7755],[-111.3934,39.7844],[-111.3746,39.7822],[-111.36,39.7867],[-111.3583,39.7923],[-111.3604,39.7979],[-111.3579,39.8006],[-111.3588,39.8092],[-111.3568,39.8135],[-111.3572,39.8316],[-111.3443,39.8325],[-111.3331,39.8374],[-111.334,39.8453],[-111.3264,39.8487],[-111.3225,39.8577],[-111.3163,39.8585],[-111.3111,39.855],[-111.3023,39.8546],[-111.2961,39.8489],[-111.2917,39.838],[-111.2752,39.8299],[-111.2551,39.8254],[-111.2479,39.8251],[-111.2428,39.8283],[-111.2382,39.827],[-111.2352,39.8249],[-111.2352,39.8218],[-111.2266,39.8208],[-111.2241,39.813],[-111.2157,39.8066],[-111.2086,39.8068],[-111.1987,39.7997],[-111.1811,39.794],[-111.1766,39.8037],[-111.1774,39.8127],[-111.1741,39.8172],[-111.1735,39.83],[-111.1656,39.8334],[-111.1569,39.8416],[-111.1547,39.8463],[-111.155,39.8565],[-111.1481,39.8664],[-111.1513,39.876],[-111.15,39.8927],[-111.1313,39.8909],[-111.1183,39.8958],[-111.1192,39.9001],[-111.0991,39.9105],[-111.09,39.9237],[-111.0832,39.9265],[-111.082,39.9336],[-111.0827,39.9394],[-111.1052,39.9442],[-111.1179,39.9432],[-111.1293,39.9472],[-111.1296,39.9511],[-111.1202,39.9571],[-111.1208,39.9598],[-111.118,39.9616],[-111.1189,39.9677],[-111.1295,39.9705],[-111.1346,39.9751],[-111.134,39.9791],[-111.1431,39.987],[-111.1517,39.9849],[-111.1598,39.9921],[-111.1677,39.9906],[-111.1717,40.0107],[-111.1769,40.0159],[-111.1874,40.0207],[-111.1914,40.0296],[-111.198,40.0316],[-111.2009,40.0369],[-111.1988,40.0417],[-111.2039,40.0462],[-111.2041,40.0508],[-111.2052,40.048],[-111.2162,40.0408],[-111.2316,40.0357],[-111.2375,40.0379],[-111.2407,40.0436],[-111.2458,40.0468],[-111.2491,40.0557],[-111.2359,40.0697],[-111.2413,40.0739],[-111.2381,40.0804],[-111.2425,40.0859],[-111.2416,40.0917],[-111.2353,40.0982],[-111.2355,40.1039],[-111.2298,40.107],[-111.2258,40.1195],[-111.2215,40.1247],[-111.2249,40.1428],[-111.2313,40.1479],[-111.2269,40.1556],[-111.2273,40.1622],[-111.2252,40.1661],[-111.2482,40.1937],[-111.2582,40.1979],[-111.2566,40.2011],[-111.264,40.2058],[-111.264,40.2113],[-111.2718,40.2188],[-111.2737,40.236],[-111.2677,40.237],[-111.2647,40.2419],[-111.2704,40.2495],[-111.2767,40.2531],[-111.2794,40.2591],[-111.2894,40.266],[-111.2942,40.2655],[-111.2943,40.2706],[-111.2978,40.2729],[-111.3081,40.2749],[-111.3077,40.2834],[-111.315,40.2876],[-111.3221,40.2872],[-111.3276,40.2821],[-111.3372,40.2883],[-111.3605,40.2886],[-111.3772,40.2974],[-111.3817,40.2944],[-111.3923,40.2962],[-111.3967,40.2923],[-111.4023,40.2959],[-111.4104,40.2951],[-111.4129,40.2894],[-111.4266,40.2869],[-111.4336,40.2919],[-111.4421,40.2898],[-111.4516,40.2932],[-111.4522,40.297],[-111.4583,40.3005]]]}}]}